host_epoch,side,timestamp_us,sample_age_us,zone_01_g,zone_02_g,zone_03_g,zone_04_g,zone_05_g,zone_06_g,zone_07_g,zone_08_g,zone_09_g,zone_10_g,zone_11_g,zone_12_g,zone_13_g,zone_14_g,zone_15_g,zone_16_g,zone_17_g,zone_18_g,pressure_valid,cop_valid,tau_proxy_valid,intent_unload_request,raw_fault_flags,hl_fault_flags,p_total,p_fore,p_arch,p_heel,p_medial,p_lateral,fz_n,cop_x_mm,cop_y_mm,cop_ap_norm,cop_ml_norm,cop_ap_dot_norm_s,cop_ml_dot_norm_s,stance_phase,tau_proxy_nm,gait_state,motion_state,motion_intent,intent_confidence,insole_heel_strike,insole_toe_off,insole_heel_strike_timestamp_us,insole_toe_off_timestamp_us
1779282323.173394,left,21870933,39185,0,0,353,0,0,0,0,0,692,0,0,0,0,0,0,0,0,0,1,0,0,1,3,55,0.0,0.0,0.0,0.0,0.0,0.0,0.0,0.0,0.0,0.0,0.0,0.0,0.0,0.0,0.0,1,0,3,1.0,0,0,0,0
1779282323.225894,left,21870933,91183,0,0,353,0,0,0,0,0,692,0,0,0,0,0,0,0,0,0,1,0,0,1,3,55,0.0,0.0,0.0,0.0,0.0,0.0,0.0,0.0,0.0,0.0,0.0,0.0,0.0,0.0,0.0,1,0,3,1.0,0,0,0,0
1779282323.259393,left,21870933,143185,0,0,353,0,0,0,0,0,692,0,0,0,0,0,0,0,0,0,1,0,0,1,3,55,0.0,0.0,0.0,0.0,0.0,0.0,0.0,0.0,0.0,0.0,0.0,0.0,0.0,0.0,0.0,1,0,3,1.0,0,0,0,0
1779282323.332893,left,21870933,196196,0,0,353,0,0,0,0,0,692,0,0,0,0,0,0,0,0,0,0,0,0,1,3,3,0.0,0.0,0.0,0.0,0.0,0.0,0.0,0.0,0.0,0.0,0.0,0.0,0.0,0.0,0.0,0,255,3,1.0,0,0,0,0
1779282323.424895,left,21870933,298193,0,0,353,0,0,0,0,0,692,0,0,0,0,0,0,0,0,0,0,0,0,1,3,3,0.0,0.0,0.0,0.0,0.0,0.0,0.0,0.0,0.0,0.0,0.0,0.0,0.0,0.0,0.0,0,255,3,1.0,0,0,0,0
1779282323.491896,left,21870933,353215,0,0,353,0,0,0,0,0,692,0,0,0,0,0,0,0,0,0,0,0,0,1,3,3,0.0,0.0,0.0,0.0,0.0,0.0,0.0,0.0,0.0,0.0,0.0,0.0,0.0,0.0,0.0,0,255,3,1.0,0,0,0,0
1779282323.503895,left,22235965,188,0,0,352,0,0,0,0,0,652,0,0,0,0,0,0,0,0,0,1,0,0,1,3,55,0.0,0.0,0.0,0.0,0.0,0.0,0.0,0.0,0.0,0.0,0.0,0.0,0.0,0.0,0.0,1,0,3,1.0,0,0,0,0
1779282323.537394,left,22288945,185,0,0,353,0,0,0,0,0,0,0,0,40192,2,0,0,0,0,2304,1,0,0,0,0,52,0.0,0.0,0.0,0.0,0.0,0.0,0.0,0.0,0.0,0.0,0.0,0.0,0.0,0.0,0.0,0,3,0,822486237184.0,0,0,0,0
1779282323.589896,left,22340953,185,0,0,333,0,0,0,0,0,661,0,0,0,0,0,0,0,0,0,1,0,0,1,0,52,0.0,0.0,0.0,0.0,0.0,0.0,0.0,0.0,0.0,0.0,0.0,0.0,0.0,0.0,0.0,1,0,3,1.0,0,0,0,0
1779282323.641394,left,22396956,185,0,0,353,0,0,0,0,0,650,0,0,0,0,0,0,0,0,0,1,0,0,1,0,52,0.0,0.0,0.0,0.0,0.0,0.0,0.0,0.0,0.0,0.0,0.0,0.0,0.0,0.0,0.0,1,0,3,1.0,0,0,0,0
1779282323.687394,left,22440961,187,0,0,343,0,0,0,0,0,660,0,0,0,0,0,0,0,0,0,1,0,0,1,0,52,0.0,0.0,0.0,0.0,0.0,0.0,0.0,0.0,0.0,0.0,0.0,0.0,0.0,0.0,0.0,1,0,3,1.0,0,0,0,0
1779282323.747394,left,22494977,188,0,0,322,0,0,0,0,0,661,0,0,0,0,0,0,0,0,0,1,0,0,1,0,52,0.0,0.0,0.0,0.0,0.0,0.0,0.0,0.0,0.0,0.0,0.0,0.0,0.0,0.0,0.0,1,0,3,1.0,0,0,0,0
1779282323.807441,left,22552963,184,0,0,343,0,0,0,0,0,618,0,0,0,0,0,0,0,0,0,1,0,0,1,0,52,0.0,0.0,0.0,0.0,0.0,0.0,0.0,0.0,0.0,0.0,0.0,0.0,0.0,0.0,0.0,1,0,3,1.0,0,0,0,0
1779282323.843895,left,22596762,184,0,0,352,0,0,0,0,0,649,0,0,0,0,0,0,0,0,0,1,0,0,1,0,52,0.0,0.0,0.0,0.0,0.0,0.0,0.0,0.0,0.0,0.0,0.0,0.0,0.0,0.0,0.0,1,0,3,1.0,0,0,0,0
1779282323.896394,left,22648977,184,0,0,288,0,0,0,0,0,543,0,0,0,0,0,0,0,0,0,1,0,0,1,0,52,0.0,0.0,0.0,0.0,0.0,0.0,0.0,0.0,0.0,0.0,0.0,0.0,0.0,0.0,0.0,1,0,3,1.0,0,0,0,0
1779282323.950394,left,22699971,185,0,0,132,0,0,0,0,0,354,0,0,0,0,0,0,0,0,0,1,0,0,1,0,52,0.0,0.0,0.0,0.0,0.0,0.0,0.0,0.0,0.0,0.0,0.0,0.0,0.0,0.0,0.0,1,0,3,1.0,0,0,0,0
1779282324.001895,left,22753988,188,0,0,135,0,0,0,0,0,328,0,0,0,0,0,0,0,0,0,1,0,0,1,0,52,0.0,0.0,0.0,0.0,0.0,0.0,0.0,0.0,0.0,0.0,0.0,0.0,0.0,0.0,0.0,1,0,3,1.0,0,0,0,0
1779282324.054394,left,22805782,185,0,0,192,0,0,0,0,0,242,0,0,0,0,0,0,0,0,0,1,0,0,1,0,52,0.0,0.0,0.0,0.0,0.0,0.0,0.0,0.0,0.0,0.0,0.0,0.0,0.0,0.0,0.0,1,0,3,1.0,0,0,0,0
1779282324.106894,left,22858977,184,0,0,234,0,0,0,0,0,254,0,0,0,0,0,0,0,0,0,1,0,0,1,0,52,0.0,0.0,0.0,0.0,0.0,0.0,0.0,0.0,0.0,0.0,0.0,0.0,0.0,0.0,0.0,1,0,3,1.0,0,0,0,0
1779282324.159394,left,22911983,185,0,0,289,0,0,0,0,0,233,0,0,0,0,0,0,0,0,0,1,0,0,1,0,52,0.0,0.0,0.0,0.0,0.0,0.0,0.0,0.0,0.0,0.0,0.0,0.0,0.0,0.0,0.0,1,0,3,1.0,0,0,0,0
1779282324.212895,left,22964993,184,0,0,376,0,0,0,0,0,303,0,0,0,0,0,0,0,0,0,1,0,0,1,0,52,0.0,0.0,0.0,0.0,0.0,0.0,0.0,0.0,0.0,0.0,0.0,0.0,0.0,0.0,0.0,1,0,3,1.0,0,0,0,0
1779282324.264395,left,23017004,184,0,0,451,0,0,0,0,0,337,0,0,0,0,0,0,0,0,0,1,0,0,1,0,52,0.0,0.0,0.0,0.0,0.0,0.0,0.0,0.0,0.0,0.0,0.0,0.0,0.0,0.0,0.0,1,0,3,1.0,0,0,0,0
1779282324.316895,left,23071991,185,0,0,442,0,0,0,0,0,349,0,0,0,0,0,0,0,0,0,1,0,0,1,0,52,0.0,0.0,0.0,0.0,0.0,0.0,0.0,0.0,0.0,0.0,0.0,0.0,0.0,0.0,0.0,1,0,3,1.0,0,0,0,0
1779282324.368895,left,23117588,184,0,0,452,0,0,0,0,0,397,0,0,0,0,0,0,0,0,0,1,0,0,1,0,52,0.0,0.0,0.0,0.0,0.0,0.0,0.0,0.0,0.0,0.0,0.0,0.0,0.0,0.0,0.0,1,0,3,1.0,0,0,0,0
1779282324.482222,left,23225988,185,0,0,442,0,0,0,0,0,506,0,0,0,0,0,0,0,0,0,1,0,0,1,0,52,0.0,0.0,0.0,0.0,0.0,0.0,0.0,0.0,0.0,0.0,0.0,0.0,0.0,0.0,0.0,1,0,3,1.0,0,0,0,0
1779282324.526227,left,23277991,185,0,0,442,0,0,0,0,0,459,0,0,0,0,0,0,0,0,0,1,0,0,1,0,52,0.0,0.0,0.0,0.0,0.0,0.0,0.0,0.0,0.0,0.0,0.0,0.0,0.0,0.0,0.0,1,0,3,1.0,0,0,0,0
1779282324.577228,left,23323590,185,0,0,277,0,0,0,0,0,295,0,0,0,0,0,0,0,0,0,1,0,0,1,0,52,0.0,0.0,0.0,0.0,0.0,0.0,0.0,0.0,0.0,0.0,0.0,0.0,0.0,0.0,0.0,1,0,3,1.0,0,0,0,0
1779282324.636727,left,23381998,185,0,0,268,0,0,0,0,0,284,0,0,0,0,0,0,0,0,0,1,0,0,1,0,52,0.0,0.0,0.0,0.0,0.0,0.0,0.0,0.0,0.0,0.0,0.0,0.0,0.0,0.0,0.0,1,0,3,1.0,0,0,0,0
1779282324.683728,left,23435992,184,0,0,291,0,0,0,0,0,240,0,0,0,0,0,0,0,0,0,1,0,0,1,0,52,0.0,0.0,0.0,0.0,0.0,0.0,0.0,0.0,0.0,0.0,0.0,0.0,0.0,0.0,0.0,1,0,3,1.0,0,0,0,0
1779282324.721727,left,23479817,184,0,0,326,0,0,0,0,0,240,0,0,0,0,0,0,0,0,0,1,0,0,1,0,52,0.0,0.0,0.0,0.0,0.0,0.0,0.0,0.0,0.0,0.0,0.0,0.0,0.0,0.0,0.0,1,0,3,1.0,0,0,0,0
1779282324.789228,left,23479817,51351,0,0,326,0,0,0,0,0,240,0,0,0,0,0,0,0,0,0,1,0,0,1,0,52,0.0,0.0,0.0,0.0,0.0,0.0,0.0,0.0,0.0,0.0,0.0,0.0,0.0,0.0,0.0,1,0,3,822486237184.0,0,0,0,0
1779282324.802727,left,23543015,185,0,0,346,0,0,0,0,0,223,0,0,0,0,0,0,0,0,0,1,0,0,1,0,52,0.0,0.0,0.0,0.0,0.0,0.0,0.0,0.0,0.0,0.0,0.0,0.0,0.0,0.0,0.0,1,0,3,1.0,0,0,0,0
1779282324.853727,left,23584802,184,0,0,422,0,0,0,0,0,305,0,0,0,0,0,0,0,0,0,1,0,0,1,0,52,0.0,0.0,0.0,0.0,0.0,0.0,0.0,0.0,0.0,0.0,0.0,0.0,0.0,0.0,0.0,1,0,3,822486237184.0,0,0,0,0
1779282324.902227,left,23584802,50374,0,0,422,0,0,0,0,0,305,0,0,0,0,0,0,0,0,0,1,0,0,1,0,52,0.0,0.0,0.0,0.0,0.0,0.0,0.0,0.0,0.0,0.0,0.0,0.0,0.0,0.0,0.0,1,0,3,1.0,0,0,0,0
1779282324.917228,left,23646999,184,0,0,506,0,0,0,0,0,370,0,0,0,0,0,0,0,0,0,1,0,0,1,0,52,0.0,0.0,0.0,0.0,0.0,0.0,0.0,0.0,0.0,0.0,0.0,0.0,0.0,0.0,0.0,1,0,3,1.0,0,0,0,0
1779282324.939229,left,23689995,185,0,0,772,0,0,0,0,0,538,0,0,0,0,0,0,0,0,0,1,0,0,1,0,52,0.0,0.0,0.0,0.0,0.0,0.0,0.0,0.0,0.0,0.0,0.0,0.0,0.0,0.0,0.0,1,0,3,1.0,0,0,0,0
1779282324.999230,left,23744009,184,0,0,940,0,0,0,0,0,674,0,0,0,0,0,0,0,0,0,1,0,0,1,0,52,0.0,0.0,0.0,0.0,0.0,0.0,0.0,0.0,0.0,0.0,0.0,0.0,0.0,0.0,0.0,1,0,3,1.0,0,0,0,0
1779282325.037228,left,23792018,185,0,0,1309,0,0,0,0,0,1005,0,0,0,0,0,0,0,0,0,1,0,0,1,0,52,0.0,0.0,0.0,0.0,0.0,0.0,0.0,0.0,0.0,0.0,0.0,0.0,0.0,0.0,0.0,1,0,3,1.0,0,0,0,0
1779282325.089229,left,23844020,186,0,0,2058,0,0,0,0,0,1809,0,0,0,0,0,0,0,0,0,1,0,0,1,0,52,0.0,0.0,0.0,0.0,0.0,0.0,0.0,0.0,0.0,0.0,0.0,0.0,0.0,0.0,0.0,1,0,3,1.0,0,0,0,0
1779282325.149228,left,23900022,186,0,0,3212,0,0,0,0,0,3174,0,0,0,0,0,0,0,0,0,1,0,0,1,0,52,0.0,0.0,0.0,0.0,0.0,0.0,0.0,0.0,0.0,0.0,0.0,0.0,0.0,0.0,0.0,1,0,3,1.0,0,0,0,0
1779282325.194727,left,23950009,185,0,0,4612,523,0,0,0,0,4700,498,0,0,0,0,0,0,0,0,1,0,0,1,0,52,0.0,0.0,0.0,0.0,0.0,0.0,0.0,0.0,0.0,0.0,0.0,0.0,0.0,0.0,0.0,1,0,3,1.0,0,0,0,0
1779282325.247227,left,24002014,185,0,0,5331,823,0,0,0,0,5609,1113,0,0,0,0,26,112,0,0,1,1,1,0,0,32,6072.427734375,3079.3896484375,2993.0380859375,0.0,6072.427734375,0.0,59.5501708984375,52.30726623535156,51.872615814208984,0.07049284130334854,-0.3140878975391388,0.0,0.0,0.0,-0.34381237626075745,2,1,1,1.0,1,0,24002014,0
1779282325.299228,left,24055024,185,0,0,5506,830,0,0,0,0,5937,1459,0,0,0,0,317,327,0,0,1,1,1,0,0,32,8501.9775390625,4155.50341796875,4298.1748046875,48.29999923706055,8501.9775390625,0.0,83.37591552734375,52.77653121948242,54.10535430908203,0.08085258305072784,-0.3258768320083618,0.1954299658536911,-0.2223907709121704,0.08155384659767151,-0.43583083152770996,2,1,1,1.0,0,0,24002014,0
1779282325.364228,left,24106026,185,0,0,5429,812,0,0,0,0,6050,1662,0,0,0,0,502,502,0,0,1,1,1,0,0,32,10528.4853515625,4889.27685546875,5382.4130859375,256.79498291015625,10528.4853515625,0.0,103.2491683959961,53.45051193237305,56.57356262207031,0.09230495989322662,-0.34280890226364136,0.2245476096868515,-0.3319883644580841,0.1600184589624405,-0.4773726463317871,3,1,1,1.0,0,0,24002014,0
1779282325.411227,left,24160008,185,0,0,5182,699,0,0,0,0,5826,1674,0,0,0,0,652,652,0,0,1,1,1,0,0,32,12038.9140625,5362.3798828125,6158.21875,518.3167114257812,12038.9140625,0.0,118.06141662597656,53.99710464477539,58.693511962890625,0.1021413579583168,-0.3565405607223511,0.18221625685691833,-0.25437477231025696,0.2430676966905594,-0.4846304953098297,3,1,1,1.0,0,0,24002014,0
1779282325.464727,left,24217016,185,0,0,4806,633,0,0,0,0,5274,1375,0,0,0,0,508,663,0,0,1,1,1,0,0,32,12910.4453125,5543.89697265625,6623.64208984375,742.9058837890625,12910.4453125,0.0,126.60821533203125,54.45868682861328,60.21928787231445,0.10922089964151382,-0.36813685297966003,0.12418506294488907,-0.203415185213089,0.3307723104953766,-0.472457617521286,3,1,1,1.0,0,0,24002014,0
1779282325.509728,left,24262032,145,0,0,4580,615,0,0,0,0,4871,1175,0,0,0,0,472,639,0,0,1,1,1,0,0,32,13028.5888671875,5507.18310546875,6632.517578125,888.8887939453125,13028.5888671875,0.0,127.76680755615234,54.678401947021484,61.16281509399414,0.11359880119562149,-0.37365657091140747,0.09725212305784225,-0.12261680513620377,0.40002769231796265,-0.44729071855545044,3,1,1,1.0,0,0,24002014,0
1779282325.570227,left,24319010,185,0,0,4520,666,0,0,0,0,4644,961,0,0,0,0,312,465,0,0,1,1,1,0,0,32,12798.08203125,5404.21875,6427.236328125,966.6277465820312,12798.08203125,0.0,125.50630950927734,54.731781005859375,61.7579460144043,-1.449206791753599e+28,-0.37499749660491943,0.048463426530361176,-0.023534096777439117,0.4876861572265625,-0.42110520601272583,3,1,1,1.0,0,0,24002014,0
1779282325.607227,left,24363849,186,0,0,4601,793,0,0,0,0,4628,918,0,0,0,0,126,213,0,0,1,1,1,0,0,32,12388.5537109375,5348.84228515625,6139.45361328125,900.258056640625,12388.5537109375,0.0,121.49020385742188,54.49470520019531,61.31470489501953,0.11476119607686996,-0.3690415918827057,-0.035659901797771454,0.13282866775989532,-2.6174461651553247e-38,-0.4178714454174042,3,1,1,1.0,0,0,24002014,0
1779282325.672727,left,24417041,187,0,0,5076,948,0,0,0,0,4870,1007,0,0,0,0,83,148,0,0,1,1,1,0,0,32,12020.8603515625,5364.6474609375,5952.39453125,703.8177490234375,12020.8603515625,0.0,117.88436889648438,54.07437515258789,60.26514434814453,0.10943368822336197,-0.3584819734096527,-0.10015618801116943,0.19851891696453094,0.6385030746459961,-0.4385807514190674,3,1,1,1.0,0,0,24002014,0
1779282325.720227,left,24474048,184,0,0,5866,1296,0,0,0,0,5383,1137,0,0,0,0,42,237,0,0,1,1,1,0,0,32,12082.5078125,5595.4208984375,5926.0068359375,561.08154296875,12082.5078125,0.0,118.48892211914062,53.61280059814453,59.35676956176758,0.10521883517503738,-0.3468858003616333,-0.07393570989370346,0.203416645526886,0.7262061834335327,-0.46716028451919556,3,1,1,1.0,0,0,24002014,0
1779282325.772227,left,947271920,186,0,0,6385,1710,1536,0,0,0,5693,1366,0,0,0,0,165,351,0,0,1,1,1,0,0,32,12754.330078125,6143.7236328125,6133.904296875,476.7030029296875,12754.330078125,0.0,125.0772476196289,53.125858306884766,58.853736877441406,0.10288480669260025,-0.33465293049812317,-0.04577244445681572,0.23989781737327576,0.8046553730964661,-0.5085272192955017,3,1,1,1.0,0,0,24002014,0
1779282325.824227,left,24581042,185,0,0,6679,2215,0,0,0,0,5693,1478,0,0,0,0,431,721,0,0,1,1,1,0,0,32,13774.814453125,6826.6708984375,6457.6875,490.45697021484375,13774.814453125,0.0,135.08477783203125,52.78956604003906,59.19886016845703,0.10448615998029709,-0.32620441913604736,0.028594573959708214,0.15086089074611664,0.8908096551895142,-0.5378100275993347,3,1,1,1.0,0,0,24002014,0
1779282325.870227,left,24625050,188,7,626,6177,2105,0,0,0,0,5206,1302,0,263,0,0,735,1148,15,0,1,1,1,0,0,32,14798.9794921875,7408.8359375,6668.14697265625,721.9970703125,14798.9794921875,0.0,145.12840270996094,52.74606704711914,60.83322525024414,0.1120695248246193,-0.3251115381717682,0.17231786251068115,0.024833686649799347,0.9585168957710266,-0.5197721719741821,3,1,1,1.0,0,0,24002014,0
1779282325.922227,left,24678030,186,1020,1686,5341,1533,0,291,239,826,661,0,755,0,4521,661,0,1358,316,0,1,1,1,0,0,32,15575.287109375,7935.9931640625,6612.095703125,1027.197998046875,15353.7373046875,221.54998779296875,152.7413787841797,52.16724395751953,65.2076416015625,0.13236656785011292,-0.31057009100914,0.38310766220092773,0.2744705080986023,1.0,-0.3835875689983368,3,1,1,1.0,0,0,24002014,0
1779282326.026228,left,24782038,185,3718,4193,4368,208,0,1156,2000,403,1784,0,326,0,3476,0,0,765,23,0,1,1,1,0,0,32,17794.451171875,9625.359375,5171.84326171875,2997.251220703125,14231.5078125,3562.94482421875,174.5039520263672,44.46624755859375,105.167724609375,0.31777897477149963,-0.11710195988416672,2.1529417037963867,2.3630385398864746,1.0,1.2676057815551758,3,1,0,0.21932029724121094,0,0,24002014,0
1779282326.094728,left,24837039,185,4707,5339,4057,0,0,854,2265,0,3063,0,0,0,1664,0,0,173,0,0,1,1,1,0,0,32,18871.24609375,10931.083984375,5133.748046875,2806.413330078125,12782.3310546875,6088.9140625,185.06370544433594,39.81267547607422,119.83587646484375,0.3858383595943451,-0.00019296987738925964,1.237420916557312,2.125579357147217,1.0,2.008369207382202,3,1,0,0.9987135529518127,0,0,24002014,0
1779282326.147227,left,24891050,185,5032,5749,3869,0,0,779,2533,0,2770,0,0,0,1531,251,0,0,0,0,1,1,1,0,0,32,19906.0,12340.1533203125,5099.18603515625,2467.101318359375,11340.9140625,8565.5439453125,195.21566772460938,35.451839447021484,132.51844787597656,0.4446846842765808,0.1093621626496315,1.0895248651504517,2.028385639190674,1.0,2.724202871322632,4,1,0,0.27091896533966064,0,0,24002014,0
1779282326.192228,left,24945037,185,5162,5636,3774,0,0,814,2427,0,2637,0,0,0,1426,0,0,0,0,0,1,1,1,0,0,32,20666.849609375,13393.9501953125,5133.4208984375,2139.47705078125,10231.0947265625,10435.75390625,202.6725616455078,32.432621002197266,141.0444793701172,0.48424503207206726,0.18521232903003693,0.7327754497528076,1.4049708843231201,1.0,3.250981330871582,4,1,2,0.6173744201660156,0,0,24002014,0
1779282326.236727,left,24988040,188,4766,5146,3892,0,0,1101,2179,0,2744,0,0,0,1058,0,0,175,0,0,1,1,1,0,0,32,21115.25,14078.9169921875,5146.57421875,1889.7601318359375,9463.8623046875,11651.3896484375,452.13970947265625,30.538240432739258,146.2265167236328,0.5082892775535583,0.23280401527881622,0.5591294765472412,1.106706142425537,1.0,3.584012985229492,4,1,4,0.7760133743286133,0,0,24002014,0
1779282326.288729,left,25045051,187,3180,3953,4855,795,0,1065,897,0,3341,0,0,269,269,0,0,699,0,0,1,1,1,0,0,32,21083.66015625,14355.447265625,5068.32275390625,1659.8941650390625,8905.6591796875,12178.0048828125,206.76007080078125,29.57443618774414,148.2685089111328,0.5177640318870544,0.25701725482940674,0.1661916822195053,0.4247117042541504,1.0,3.681934356689453,4,1,2,0.8567241430282593,0,0,24002014,0
1779282326.350228,left,25097049,186,2516,3499,5305,1229,0,776,516,0,3529,0,0,250,214,0,0,987,0,0,1,1,1,0,0,32,20460.78125,14177.8408203125,4865.21044921875,1417.731201171875,9361.830078125,11098.9521484375,200.65171813964844,30.709192276000977,142.10557556152344,0.4891684055328369,0.2285093367099762,-0.5499370098114014,-0.5482502579689026,1.0,3.2706491947174072,4,1,2,0.7616977691650391,0,0,24002014,0
1779282326.401727,left,25154062,186,1482,2461,5444,1354,0,226,0,0,3708,319,0,195,35,0,117,1221,60,0,1,1,1,0,0,32,19886.859375,13879.3466796875,4665.63623046875,1341.875244140625,10115.08984375,9771.7705078125,195.02346801757812,32.394309997558594,134.8101806640625,0.4553181827068329,0.18617479503154755,-0.5937281250953674,-0.7425419092178345,1.0,2.8308560848236084,4,1,2,0.620582640171051,0,0,24002014,0
1779282326.447227,left,25199044,187,398,983,5361,1239,0,0,0,0,3827,510,0,0,0,45824,6656,4,0,1792,0,0,1,0,0,32,-2.3442706035381805e+23,-5.99266554235471e+25,9.329061792333966e+23,-3378100043776.0,2.339438421281997e+23,3243269.5,-209607589888.0,198703.5,1.3720328861646848e+16,-819569229824.0,12748792832.0,1.2672285815277342e-21,1.7606621561501486e-38,803209216.0,-2.482237021331809e-24,1,0,222,817162878976.0,0,0,93757,33554432
1779282326.501727,left,25255049,186,0,0,4774,819,0,0,0,0,3340,348,0,0,0,0,83,581,0,0,1,1,1,0,0,32,16707.505859375,11107.3203125,4351.33642578125,1248.8472900390625,11147.1357421875,5560.3701171875,163.84466552734375,38.36076736450195,112.72471618652344,0.3528430163860321,0.03628261014819145,-1.0280388593673706,-1.5212229490280151,1.0,1.4930698871612549,3,1,0,0.7581159472465515,0,0,24002014,0
1779282326.543727,left,25300465,185,0,0,3201,0,0,0,0,0,2225,0,0,0,0,0,0,0,0,0,1,1,1,0,0,32,14340.6279296875,9177.30859375,4119.1689453125,1044.1507568359375,10726.388671875,3614.24072265625,140.63351440429688,41.537132263183594,100.06143188476562,0.2940860688686371,-0.04351536184549332,-1.2937499284744263,-1.7570452690124512,1.0,1.4105439186096191,3,1,0,0.7098976373672485,0,0,24002014,0
1779282326.610227,left,25353073,187,0,0,1793,0,0,0,0,0,1296,0,0,0,0,0,0,0,0,0,1,1,1,0,0,32,11220.5087890625,7085.60107421875,3456.209716796875,678.697998046875,8871.2529296875,2349.25634765625,110.03559875488281,43.029300689697266,91.55793762207031,0.25463035702705383,-0.08100242167711258,-0.7499945759773254,-0.7125734090805054,1.0,0.4329569637775421,3,1,0,2023030521856.0,0,0,24002014,0
1779282326.663227,left,25404067,185,0,0,1350,0,0,0,0,0,1126,0,0,0,0,0,0,0,0,0,1,1,1,0,0,32,8374.48046875,5233.19091796875,2700.135986328125,441.1537170410156,6847.4638671875,1527.0166015625,82.12559509277344,44.003746032714844,86.16954803466797,0.2296285778284073,-0.10548290610313416,-0.490288645029068,-0.4800659716129303,1.0,0.2148851603269577,3,1,0,0.29678064584732056,0,0,24002014,0
1779282326.701727,left,25404067,51174,0,0,1350,0,0,0,0,0,1126,0,0,0,0,0,0,0,0,0,1,1,1,0,0,2097184,8374.48046875,5233.19091796875,2700.135986328125,441.1537170410156,6847.4638671875,1527.0166015625,82.12559509277344,44.003746032714844,86.16954803466797,0.2296285778284073,-0.10548290610313416,-0.490288645029068,-0.4800659716129303,1.0,0.2148851603269577,3,1,0,0.29678064584732056,0,0,24002014,0
1779282326.724727,left,25467056,186,0,0,1362,0,0,0,0,0,1186,0,0,0,0,0,0,0,0,0,1,1,1,0,0,32,6335.212890625,3878.274169921875,2170.1884765625,286.7499084472656,5342.65234375,992.560791015625,62.12721252441406,45.081546783447266,81.05265808105469,0.20588652789592743,-0.1325598806142807,-0.3769237697124481,1.7457247349099853e-38,6.336203492156192e-22,-1.052926243237792e-14,3,1,0,0.8278520703315735,0,0,24002014,0
1779282326.770228,left,25467056,54194,0,0,1362,0,0,0,0,0,1186,0,0,0,0,0,0,0,0,1792,1,1,0,0,0,32,3.6482740158154544e+21,2.3209764310212552e-36,-1.6368597955025223e+37,4.6625147660961375e-05,-1.4584156418001487e+22,785.8771362304688,-3.571863262454943e-38,-9.847332537037452e+32,-2.3529711199080886e+26,-48722.82421875,5.274398353103749e-15,-3.553067244865815e-07,1.7527697629393783e-38,6.336203492156192e-22,-1.052926243237792e-14,1,0,222,815743696896.0,0,0,93757,3019898880
1779282326.806727,left,25563073,185,0,0,1312,0,0,0,0,0,1254,0,0,0,0,0,0,0,0,0,1,1,1,0,1,33,5005.48828125,2993.378173828125,1825.72265625,186.387451171875,4360.32421875,645.1646118164062,49.08707046508789,46.2573356628418,75.51431274414062,0.18018896877765656,-0.16209858655929565,-0.2676354944705963,-0.3076403737068176,1.0,0.0004890699055977166,3,1,1,0.5403286218643188,0,0,24002014,0
1779282326.921183,left,25669060,185,0,0,1322,0,0,0,0,0,1276,0,0,0,0,0,0,0,0,0,1,1,1,0,0,32,3605.539306640625,2030.88720703125,1495.9029541015625,78.74869537353516,3332.956787109375,272.58203125,35.35826110839844,48.69179153442383,64.89092254638672,-549021.9375,nan,-2.940729045276973e-31,1.7544225944780495e-38,-9.004286727298722e-36,7.881170760082436e+36,3,1,1,821387526144.0,0,0,24002014,0
1779282326.964926,left,25721069,185,0,0,3668,179,0,0,0,0,4226,1187,0,0,0,0,381,622,0,0,1,1,1,0,0,32,3257.100341796875,1786.976806640625,1418.9368896484375,51.18665313720703,3079.921630859375,177.17832946777344,31.941242218017578,49.67932891845703,60.66407012939453,0.11128468811511993,1.19440234677696e-35,-0.37709516286849976,-0.4770233631134033,1.0,-0.11571808904409409,3,1,1,0.8268921971321106,0,0,24002014,0
1779282327.024279,left,25775081,186,0,0,6417,2003,0,0,0,0,6607,2703,0,313,0,0,1380,1993,117,0,1,1,1,0,0,32,5709.1650390625,2507.98486328125,2816.85888671875,384.3213195800781,5593.9990234375,115.1659164428711,55.9877815246582,53.652626037597656,62.33711624145508,0.11904751509428024,-0.3478865325450897,0.14372411370277405,-1.848086953163147,1.0,-0.1799204796552658,3,1,1,1.0,0,0,24002014,0
1779282327.068918,left,25819887,185,0,0,8567,3825,0,0,0,0,8450,4260,711,1337,1147,0,2440,3219,1184,0,1,1,1,0,0,32,11247.5087890625,4577.18994140625,5199.00830078125,1471.3089599609375,-5.508541456558969e-28,74.85784149169922,110.30037689208984,55.04887390136719,69.98229217529297,0.1545206755399704,-0.38296371698379517,0.7917056083679199,-0.7828680276870728,1.0,-0.14817017316818237,3,1,1,1.0,0,0,24002014,0
1779282327.122417,left,25819887,52369,0,0,8567,3825,0,0,0,0,8450,4260,711,1337,1147,0,2440,3219,1184,0,1,1,1,0,0,32,11247.5087890625,4577.18994140625,5199.00830078125,1471.3089599609375,11172.6494140625,74.85784149169922,1.4991496756531175e-31,-6.015154919906963e+28,-6.91168801879305e-13,-204137725952.0,9.096427675103769e-05,9.21036043788947e-33,1.7566557037107975e-38,-9.26037177824806e+26,1.7457254355592175e-38,3,1,1,822486237184.0,0,0,24002014,0
1779282327.136917,left,25884064,185,608,673,8380,3981,0,170,940,0,7693,4209,1064,1994,2349,0,2810,3827,1871,0,1,1,1,0,0,32,19261.630859375,7246.92333984375,8261.85546875,3752.850830078125,19212.97265625,48.65760040283203,188.89207458496094,55.36323165893555,80.98064422607422,0.20555239915847778,-0.3908611238002777,0.7951715588569641,-0.12305665761232376,1.0,0.25447291135787964,3,1,1,1.0,0,0,24002014,0
1779282327.174916,left,25925080,185,1467,1123,5526,1716,0,373,1495,0,4985,1565,375,1811,2687,0,1974,3063,1498,0,1,1,1,0,0,32,26004.158203125,9490.1005859375,10747.60546875,8.903866464767836e+17,-2.4499933497691352e-30,-6.276782961908509e-39,-9.870032742014928e-27,-5.711340085998207e-37,2.516524071716335e-24,6.182011103254892e+34,1677618655002624.0,0.04676159843802452,5.8052712520355657e-39,7.133930921554565e-07,5.8255088044573447e-39,3,1,1,822486237184.0,0,0,24002014,0
1779282327.226416,left,25980074,185,1856,1106,3260,0,0,0,1707,0,3308,0,0,0,2188,0,357,932,403,0,1,1,1,0,0,32,27087.705078125,9663.314453125,10566.794921875,6857.59423828125,25039.89453125,2047.810302734375,265.6396484375,52.82558059692383,100.22415924072266,0.2948411703109741,-0.32710927724838257,0.8248102068901062,0.6268724799156189,1.0,1.6083720922470093,3,1,1,1.0,0,0,24002014,0
1779282327.281417,left,26033089,185,1099,586,2244,0,0,0,681,0,2422,0,0,0,539,0,0,109,0,0,1,1,1,0,0,32,22687.607421875,8322.705078125,8549.4658203125,5815.4365234375,19932.728515625,2754.876708984375,222.4894256591797,50.93532943725586,105.69102478027344,0.3202070891857147,-0.2796213626861572,0.47846680879592896,0.8957448601722717,1.0,1.644657015800476,3,1,1,0.9320711493492126,0,0,24002014,0
1779282327.338417,left,26082067,186,529,249,1902,0,0,0,20,0,2039,0,0,0,0,0,0,0,0,0,1,1,1,0,0,32,17434.9453125,6784.908203125,6643.203125,4006.833740234375,14816.1748046875,2618.77001953125,170.97840881347656,49.50428771972656,105.83360290527344,0.3208686411380768,-0.24367013573646545,0.013507124036550522,0.7340280413627625,1.0000070333480835,1.2698476314544678,3,1,1,0.8122337460517883,0,0,24002014,0
1779282327.384916,left,26134074,186,123,0,1803,0,0,0,0,0,1908,0,0,0,0,0,0,0,0,0,1,1,1,0,0,32,12991.365234375,5348.19091796875,5038.73193359375,2604.44189453125,11009.86328125,1981.5003662109375,127.40177154541016,49.03394317626953,101.91991424560547,6.626200044725279e-16,399355232.0,-1.2323590977819436e-24,5.731342948953181e-39,-1.3475614510022656e+16,3134656.0,3,1,1,821510602752.0,0,0,24002014,0
1779282327.428416,left,26134074,50198,123,0,1803,0,0,0,0,0,1908,0,0,0,0,0,0,0,0,0,1,1,1,0,0,32,12991.365234375,5348.19091796875,5038.73193359375,2604.44189453125,11009.86328125,1981.5003662109375,127.40177154541016,49.03394317626953,101.91991424560547,0.3027094006538391,-0.23185405135154724,-0.34916916489601135,0.22720180451869965,1.0,0.824231743812561,3,1,1,0.7728468179702759,0,0,24002014,0
1779282327.444916,left,26196090,186,0,0,2538,0,0,0,0,0,2720,0,0,0,0,0,0,264,0,0,0,0,0,0,0,32,9866.787109375,4185.07373046875,3988.82568359375,1692.8873291015625,8535.7626953125,1331.0252685546875,96.76012420654297,49.41108322143555,95.0126953125,0.27066025137901306,-0.24132859706878662,-0.5167884230613708,2.6120259426953163e-39,3.884081439099295e+33,2.2981759445140374e-33,3,1,1,0.8251942992210388,0,0,24002014,0
1779282327.489917,left,26239089,185,0,0,1892,0,0,0,0,0,1883,0,0,0,0,0,0,0,0,0,1,1,1,0,0,32,7743.41162109375,3382.498046875,3260.53662109375,1100.3768310546875,6878.24462890625,865.1664428710938,75.93692779541016,49.945865631103516,87.25045776367188,0.2346438765525818,-0.25476375222206116,-0.837609589099884,-0.3124527335166931,1.0,0.21877141296863556,3,1,1,0.8492124676704407,0,0,24002014,0
1779282327.540916,left,26290081,186,0,0,1455,0,0,0,0,0,1413,0,0,0,0,0,0,0,0,0,1,1,1,0,0,32,6354.4677734375,2860.823486328125,2778.39892578125,715.2449340820312,5792.1103515625,562.358154296875,62.3160400390625,50.46588897705078,79.46773529052734,0.1985325813293457,-0.26782795786857605,-0.7081756591796875,-0.2562010884284973,1.0,0.060888029634952545,3,1,1,0.8927597999572754,0,0,24002014,0
1779282327.599918,left,26347091,185,0,0,1407,0,0,0,0,0,1278,0,0,0,0,0,0,0,0,0,1,1,1,0,0,32,5134.20361328125,2368.785400390625,2300.50927734375,464.9092102050781,4768.6708984375,365.5328063964844,50.34933853149414,50.824928283691406,73.67124938964844,0.171637162566185,-0.276847779750824,-0.47176671028137207,-0.15821473300457,1.0,-0.022199489176273346,3,1,1,0.9228258728981018,0,0,24002014,0
1779282327.631416,left,26391682,185,0,0,1313,0,0,0,0,0,1176,0,0,0,0,0,0,0,0,0,1,1,1,0,0,32,4276.982421875,2032.16064453125,1942.631103515625,302.1910095214844,4039.386474609375,237.59634399414062,41.942867279052734,51.0629768371582,68.43058776855469,0.14732082188129425,-0.28282803297042847,-0.5453194975852966,-0.13411346077919006,1.0,-0.07226452231407166,3,1,1,0.9427600502967834,0,0,24002014,0
1779282327.692416,left,26445085,188,0,36608,4,0,0,0,0,54016,4,0,0,0,0,0,0,0,0,1792,1,1,0,0,0,32,-9.504292800312583e-33,-0.0007509969873353839,-3.974901852168737e-26,2.360636479940478e+26,2.375619349056133e-33,-1.0576569540119427e-17,-8.739803524424008e+17,2.240147629258729e+20,2.2424161416491565e+20,835652526538752.0,7.916320175925564e+36,-6712666127073280.0,1.7445127518681908e-38,-49024.0,-1.197900017942181e-27,1,1,222,822332162048.0,0,0,93757,1795162112
1779282327.758417,left,26501107,187,110,226,5403,1515,0,0,0,0,5694,2130,107,1219,683,0,1464,2451,500,0,1,1,1,0,0,32,3278.494873046875,1616.84521484375,1533.9742431640625,127.67568969726562,3178.110595703125,100.38445281982422,32.15105056762695,51.53467559814453,60.07769775390625,0.10856390744447708,-8.697364794517435e+19,-0.3174489736557007,-0.09706155955791473,1.0,-0.12109014391899109,3,1,1,0.9822605848312378,0,0,24002014,0
1779282327.804917,left,26552083,186,1520,1644,5914,2560,0,342,1477,0,5467,2557,796,1928,2432,0,2161,3342,1445,0,1,1,1,0,0,32,9577.271484375,3589.849365234375,4120.13330078125,1867.2891845703125,9394.421875,182.8498992919922,93.92094421386719,54.59843444824219,82.64546203613281,0.21327702701091766,-0.3716474771499634,2.0541651248931885,-1.509912371635437,1.0,0.1647794544696808,3,1,1,1.0,0,0,24002014,0
1779282327.849917,left,26604092,185,1941,1998,5508,2343,0,514,1823,0,4890,2077,782,2202,2801,0,2234,3409,1477,0,1,1,1,0,0,32,17607.576171875,6308.35205078125,6802.486328125,4496.73828125,15744.6728515625,1862.902587890625,172.67132568359375,51.7089958190918,104.86122131347656,0.3163568377494812,-0.29905784130096436,1.9819610118865967,1.395712971687317,1.0,1.241346836090088,3,1,1,0.9968594312667847,0,0,24002014,0
1779282327.910416,left,26660091,185,1880,1676,3241,38,0,246,2026,0,3083,0,0,1495,2941,0,1313,2597,1251,0,1,1,1,0,0,32,22994.224609375,8209.5791015625,8446.615234375,6335.02978515625,19780.98828125,3213.236572265625,225.49630737304688,50.4470100402832,112.79778289794922,0.35318201780319214,-0.26735344529151917,0.6576042771339417,0.5661600232124329,1.0,2.0589139461517334,3,1,1,0.8911781311035156,0,0,24002014,0
1779282327.954917,left,26704898,185,1534,1200,2193,0,0,0,1843,0,2294,0,0,0,2803,0,397,1347,936,0,1,1,1,0,0,32,22459.34765625,7816.52587890625,2892.8251953125,6905.1689453125,18394.9921875,4064.353759765625,220.25096130371094,49.17518615722656,121.58686065673828,0.3939628005027771,-0.23540236055850983,0.9101431369781494,0.713082492351532,1.0,2.484574794769287,3,1,1,0.7846745252609253,0,0,24002014,0
1779282327.999918,left,26704898,50377,1534,1200,2193,0,0,0,1843,0,2294,0,0,0,2803,0,397,1347,936,0,1,1,1,0,0,32,22459.34765625,7816.52587890625,7737.650390625,6905.1689453125,18394.9921875,4064.353759765625,220.25096130371094,49.17518615722656,121.58686065673828,0.3939628005027771,-0.23540236055850983,0.9101431369781494,0.713082492351532,1.0,2.484574794769287,3,1,1,0.7846745252609253,0,0,24002014,0
1779282328.014416,left,26767117,185,228,648,1601,0,0,0,1408,0,1940,0,0,0,2529,0,35,970,889,0,1,1,1,0,0,32,19690.025390625,6805.1923828125,6477.4228515625,6407.4091796875,15446.244140625,4243.7802734375,193.0931854248047,47.96969985961914,127.28865051269531,0.42041879892349243,-0.2051176130771637,0.4252077043056488,0.27775996923446655,1.0,2.4475488662719727,4,1,1,0.6837253570556641,0,0,24002014,0
1779282328.072917,left,26809111,185,880,587,1557,0,0,0,1252,0,1937,0,0,0,2054,0,152,1055,684,0,1,1,1,0,0,32,16724.81640625,5559.12451171875,5382.125,5783.56640625,12898.16015625,3826.656982421875,164.01441955566406,47.64519500732422,130.87501525878906,1.6672486253810348e-06,0.0003629452839959413,-4.2364447724613924e-14,5.719196493864414e-39,191.5,-2.7292757897451336e-12,4,1,1,821011087360.0,0,0,24002014,0
1779282328.103916,left,26809111,50783,880,587,1557,0,0,0,1252,0,1937,0,0,0,2054,0,152,1055,684,0,1,1,1,0,0,32,16724.81640625,5559.12451171875,5382.125,5783.56640625,12898.16015625,3826.656982421875,164.01441955566406,47.64519500732422,130.87501525878906,0.437059223651886,-0.1969650536775589,0.3962571918964386,0.19413627684116364,1.0,2.22285532951355,4,1,1,0.6565501689910889,0,0,24002014,0
1779282328.119417,left,26868104,185,138,0,1867,0,0,0,0,0,2203,0,0,162,432,0,554,1660,250,0,1,1,1,0,0,32,14442.8798828125,4687.23095703125,4615.5810546875,5140.068359375,11003.9033203125,3438.97705078125,141.63626098632812,47.450462341308594,132.58909606933594,0.44501256942749023,-0.19207289814949036,0.13481846451759338,0.08292772620916367,1.0,1.9789594411849976,4,1,1,0.6402429938316345,0,0,24002014,0
1779282328.156916,left,26913124,187,0,0,4200,461,0,0,0,0,3792,775,0,0,0,0,505,787,0,0,1,1,1,0,0,32,11645.37109375,3748.4501953125,3771.177734375,4125.744140625,9361.736328125,2283.635009765625,114.20207214355469,49.29924392700195,124.29439544677734,0.406525582075119,-0.23851892352104187,-0.8548864722251892,-1.0316753387451172,1.0,1.3639147281646729,4,1,1,0.7950630187988281,0,0,24002014,0
1779282328.210416,left,26913124,52184,0,0,4200,461,0,0,0,0,3792,775,0,0,0,0,505,787,0,0,1,1,1,0,0,32,11645.37109375,3748.4501953125,3771.177734375,4125.744140625,9361.736328125,2283.635009765625,114.20207214355469,49.29924392700195,124.29439544677734,0.406525582075119,-0.23851892352104187,-0.8548864722251892,-1.0316753387451172,1.0,1.3639147281646729,4,1,1,0.7950630187988281,0,0,24002014,0
1779282328.261417,left,27018104,186,0,0,1663,0,0,0,0,0,1665,0,0,0,0,0,0,0,0,0,1,1,1,0,1,33,9446.19140625,3089.942626953125,3222.3154296875,3133.93359375,7961.828125,1484.36279296875,92.63549041748047,50.9176139831543,113.82047271728516,0.35792720317840576,-0.27917635440826416,-0.4629298746585846,-0.3872874081134796,1.0,0.8681527376174927,3,1,1,0.9305878281593323,0,0,24002014,0
1779282328.322417,left,27072120,185,0,0,1145,0,0,0,0,0,1217,0,0,0,0,0,0,0,0,0,1,1,1,0,0,32,7304.82421875,2590.5126953125,2677.2548828125,2037.056884765625,6339.98828125,964.8358154296875,4584.6943359375,51.16707992553711,103.61519622802734,0.31057533621788025,-0.285443514585495,-0.8766266703605652,-0.11602414399385452,1.0,0.493159681558609,3,1,1,0.9514783620834351,0,0,24002014,0
1779282328.375916,left,27126109,186,0,0,1060,0,0,0,0,0,1151,0,0,0,0,0,0,0,0,0,1,1,0,0,0,32,13584501309440.0,-2.734048076707984e-15,-201757.53125,-3.7872741149100674e-32,2.8081211401326245e-12,-9.669089908394969e-30,3184299.5,-3.83195781021166e-29,1.7297022646654836e-13,-5.492146782452738e+19,7.51718563834464e-29,1.9304811479574162e-26,1.7441442103720734e-38,2.2510716818246806e-36,4.034827731142267e-20,1,1,222,822366765056.0,0,0,93757,2969567232
1779282328.425417,left,27176132,186,0,0,1119,0,0,0,0,0,1106,0,0,0,0,0,0,0,0,0,1,1,1,0,0,32,4418.1435546875,1746.629150390625,1810.857666015625,860.6565551757812,4010.500244140625,407.64312744140625,43.327186584472656,51.634979248046875,87.3985595703125,0.23533111810684204,-0.29719841480255127,-0.7642425298690796,-0.11080651730298996,1.0,0.1263938546180725,3,1,1,0.9906613230705261,0,0,24002014,0
1779282328.499917,left,27231128,186,0,0,1037,0,0,0,0,0,982,0,0,0,0,0,0,0,0,0,1,1,1,0,0,32,3629.893798828125,1506.3089599609375,1564.157470703125,559.4267578125,3364.925537109375,264.96807861328125,35.59709548950195,51.86272430419922,79.55030059814453,0.19891569018363953,-0.30292004346847534,-0.6621468663215637,-0.10403718054294586,1.0,0.03550037369132042,3,1,1,1.0,0,0,24002014,0
1779282328.538918,left,27231128,56175,0,0,1037,0,0,0,0,0,982,0,0,0,0,0,0,0,0,0,1,1,1,0,0,32,3629.893798828125,1506.3089599609375,1564.157470703125,559.4267578125,3364.925537109375,264.96807861328125,35.59709548950195,51.86272430419922,79.55030059814453,0.19891569018363953,-0.30292004346847534,-0.6621468663215637,-0.10403718054294586,1.0,0.03550037369132042,3,1,1,1.0,0,0,24002014,0
1779282328.582916,left,27329734,185,483,0,2350,0,0,46336,2,51456,10,0,35328,36356,6,13056,46595,50952,2,1792,1,1,0,0,3,35,5.936262083686899e-34,-4.471742420797398e-11,3299834112.0,0.00018664379604160786,-7.174971172752009e-10,49964.2265625,-5.700022526977057e-37,1.4337728453591028e+22,-1.3691213278347264e+16,3266901966848.0,-1637349851136.0,-4.483201575101962e-36,1.7361467197764788e-38,-0.748046875,1.73381033484691e-38,1,1,222,822486237184.0,0,0,93757,3825205248
1779282328.637416,left,27382127,186,2138,1359,4221,935,0,46850,8,62976,17678,3,6144,49672,12,53760,60933,29707,6,1792,1,1,0,0,0,32,4.715909744845703e-05,1.7080018364222e-16,-3.7073625326855675e-35,-0.7696186304092407,1.0719272257855238e-17,-9.478523711533512e+26,-3112.029296875,1.6075504714257302e-22,-1.7303495333624574e-13,-6.307538937433102e-22,-1.0993347383453234e+20,-787357.75,1.7574915782447672e-38,-1.7834827303886414e-07,5.778918433115473e-39,1,1,222,822486237184.0,0,0,93757,587202560
1779282328.688918,left,27437123,185,3808,2352,3564,24,0,1165,3564,0,3047,11,0,2071,4359,0,1246,2800,1715,0,1,1,1,0,0,32,12670.2734375,3922.849609375,4219.24609375,4528.17724609375,10105.716796875,2564.556884765625,124.25293731689453,49.08785629272461,128.68096923828125,0.42687898874282837,-0.2332082837820053,2.000880479812622,2.161708116531372,1.0,1.6172858476638794,4,1,1,0.7773609161376953,0,0,24002014,0
1779282328.742419,left,27489126,185,4595,3325,2841,0,0,329,3947,0,2411,0,0,228,4466,0,362,1195,1148,0,1,1,1,0,0,32,18429.427734375,6181.10205078125,5785.060546875,6463.2646484375,13139.6162109375,5289.8115234375,180.73094177246094,45.57858657836914,140.6487579345703,0.4824088215827942,-0.14504671096801758,1.0678198337554932,1.695317029953003,1.0,2.881528854370117,4,1,0,0.03302198648452759,0,0,24002014,0
1779282328.793916,left,27542140,186,4405,3441,2217,0,0,0,3627,0,1649,0,0,0,3837,0,0,387,420,0,1,1,1,0,0,32,20459.626953125,7832.716796875,5953.38916015625,6673.5224609375,12931.150390625,7528.4775390625,200.64039611816406,41.79427719116211,148.68157958984375,0.5196806788444519,-0.049975547939538956,0.7030568718910217,1.793321967124939,1.0,3.593231439590454,4,1,0,0.6668297052383423,0,0,24002014,0
1779282328.851916,left,27599146,185,4041,3088,1871,0,0,0,2997,0,1406,0,0,0,3072,0,0,246,70,0,1,1,1,0,0,32,20252.208984375,8572.7158203125,5716.302734375,5963.18994140625,11383.7470703125,8868.4599609375,198.6063232421875,38.36578369140625,155.01828002929688,0.5490826368331909,0.036156583577394485,0.5157695412635803,1.5109308958053589,1.0,3.8646721839904785,4,1,0,0.7589561343193054,0,0,24002014,0
1779282328.891916,left,27641139,186,4341,3561,1851,0,0,0,3164,0,1448,0,0,0,3377,0,0,312,156,0,1,1,1,0,0,32,19502.435546875,8950.8154296875,5329.796875,5221.8232421875,9906.8359375,9595.599609375,191.25355529785156,35.66439437866211,159.78126525878906,0.5711824893951416,0.10402227193117142,0.5262746810913086,1.6161190271377563,1.0000245571136475,3.9444358348846436,4,1,0,0.30651819705963135,0,0,24002014,0
1779282328.944417,left,27697140,187,5193,4291,1923,0,0,43008,16,17664,6,0,0,43008,16,0,60928,52481,1,1792,0,0,1,0,0,32,53306335232.0,-3.8145714447248625e-32,1.0261013629179906e+36,5.694815362754177e+19,-2.510532147979801e+32,-5.57649963778048e+16,-2.5838476812224835e-21,1.5741348433943467e+34,-8.788215021394985e+17,1.3769278672638837e+19,2.288365525801464e-33,-6.932893703570642e-10,5.8192057639648116e-39,9.220389608753892e-33,-3229638400.0,1,2,222,820374405120.0,0,0,93757,721420288
1779282328.996916,left,27749148,185,5913,4888,1915,0,0,0,5076,16,1617,0,0,0,5120,225,0,603,924,0,1,1,1,0,0,32,20257.552734375,9994.7265625,5355.21875,4907.60791015625,8874.09765625,11383.455078125,198.65872192382812,32.45249938964844,167.11302185058594,0.6052014827728271,0.1847132444381714,0.347266286611557,0.6195067167282104,1.0,4.4534687995910645,4,1,2,0.6157107949256897,0,0,24002014,0
1779282329.048918,left,27806174,185,6031,4760,1808,0,0,0,5063,0,1512,0,0,0,5235,193,0,653,1115,0,1,1,1,0,0,32,22305.2109375,10902.3720703125,5814.69189453125,5588.1455078125,9330.8134765625,12974.396484375,218.73939514160156,31.887733459472656,170.82655334472656,0.6224320530891418,0.19890141487121582,0.3021529018878937,0.24880178272724152,1.0,5.102342128753662,4,1,2,0.6630046963691711,0,0,24002014,0
1779282329.101416,left,27848728,186,5659,4655,1695,0,0,0,4577,0,1419,0,0,0,4727,116,0,651,1043,0,1,1,1,0,0,32,23624.634765625,11454.890625,6080.7998046875,6088.94384765625,9616.12890625,14008.505859375,231.6785125732422,31.607357025146484,173.2731475830078,0.6337839961051941,0.20594508945941925,0.2667655944824219,0.1655232161283493,1.0,5.542821884155273,4,1,2,0.68648362159729,0,0,24002014,0
1779282329.147416,left,27848728,50596,5659,4655,1695,0,0,0,4577,0,1419,0,0,0,4608,116,0,651,1043,0,1,1,1,0,0,32,23624.634765625,11454.890625,6080.7998046875,6088.94384765625,9616.12890625,14008.505859375,231.6785125732422,31.607357025146484,173.2731475830078,0.6337839961051941,0.20594508945941925,0.2667655944824219,0.1655232161283493,1.0,5.542821884155273,4,1,2,0.68648362159729,0,0,24002014,0
1779282329.161917,left,27911158,184,4245,3188,1487,0,0,0,2599,0,1134,0,0,0,2509,0,0,142,76,0,1,1,1,0,0,32,23945.7109375,11648.8291015625,6051.11962890625,6245.763671875,9587.7333984375,14357.9794921875,234.8271942138672,31.37824249267578,174.73033142089844,0.6405453085899353,0.21170111000537872,0.10830230265855789,0.09219959378242493,1.001861572265625,5.701862335205078,4,1,2,0.7056703567504883,0,0,24002014,0
1779282329.199450,left,27955144,187,2522,1483,1492,0,0,0,1130,0,912,0,0,0,912,0,0,0,0,0,1,1,1,0,0,32,20949.46484375,10695.490234375,5239.7783203125,5014.1962890625,8105.5771484375,12843.88671875,205.44406127929688,30.453794479370117,174.12298583984375,0.6377273797988892,0.23492544889450073,-0.06406421959400177,0.5279938578605652,1.0,4.957885265350342,4,1,2,0.7830848097801208,0,0,24002014,0
1779282329.261918,left,28009133,186,475,0,1536,0,0,0,0,0,755,0,0,0,0,0,0,0,0,0,1,1,1,0,0,32,16575.001953125,8876.017578125,4120.55615234375,3578.427490234375,6429.224609375,10145.7763671875,162.5452423095703,30.09330940246582,170.8353729248047,3287420764160.0,8.956134793789758e-36,-1.7500639957346135e-38,5.7095009097897504e-39,-5.831554006032442e-39,-1.5918922766546897e-22,4,1,2,821684207616.0,0,0,24002014,0
1779282329.311916,left,28009133,58190,475,0,1536,0,0,0,0,0,755,0,0,0,0,0,0,0,0,0,1,1,1,0,0,32,16575.001953125,8876.017578125,4120.55615234375,3578.427490234375,6429.224609375,10145.7763671875,162.5452423095703,30.09330940246582,170.8353729248047,0.6224729418754578,0.24398165941238403,-0.28254714608192444,0.1677417755126953,1.0,3.791900634765625,4,1,2,0.8132721781730652,0,0,24002014,0
1779282329.356916,left,28109141,185,0,0,696,0,0,0,0,0,262,0,0,0,0,0,0,0,0,0,1,1,1,0,3,35,11726.4521484375,6457.86181640625,2942.611328125,2325.97802734375,4965.44580078125,6761.00439453125,114.99720764160156,31.079524993896484,162.96466064453125,0.5859532952308655,0.21920540928840637,-0.3651672303676605,-0.2477426677942276,1.0,2.461270332336426,4,1,2,0.7306846976280212,0,0,24002014,0
1779282329.409917,left,28163163,186,0,0,655,0,0,0,0,0,363,0,0,0,0,0,0,0,0,0,1,1,1,0,0,32,7992.84326171875,4441.2099609375,2039.74755859375,1511.8857421875,3598.190185546875,4394.6533203125,78.38301086425781,31.89970588684082,157.7178497314453,0.5616083741188049,0.19860059022903442,-0.4506482779979706,-0.38141533732414246,1.0,1.5770149230957031,4,1,2,0.6620019674301147,0,0,24002014,0
1779282329.460917,left,28216139,185,0,0,594,0,0,0,0,0,427,0,0,0,0,0,0,0,0,0,1,1,1,0,0,32,5551.64794921875,3116.03662109375,1452.885986328125,982.7257080078125,2695.123779296875,2856.524658203125,54.44306564331055,33.00307846069336,150.79302978515625,0.5294777750968933,0.17088116705417633,-0.6065123677253723,-0.5232449173927307,1.0,1.0031321048736572,4,1,2,0.5696038603782654,0,0,24002014,0
1779282329.513417,left,28269150,185,0,0,590,0,0,0,0,0,438,0,0,0,0,0,0,0,0,0,1,1,1,0,0,32,3965.921142578125,2233.32373046875,1093.8258056640625,638.771728515625,2109.180419921875,1856.7410888671875,38.892398834228516,34.58375930786133,141.69483947753906,0.48726263642311096,0.13117048144340515,-0.7963467836380005,-0.749102771282196,1.0,0.6300434470176697,4,1,0,0.1255301833152771,0,0,24002014,0
1779282329.566917,left,28322163,185,0,0,624,0,0,0,0,0,479,0,0,0,0,0,0,0,0,0,1,1,1,0,0,32,2939.049072265625,1659.560546875,864.2868041992188,415.2016296386719,1732.167236328125,1206.8817138671875,28.82222557067871,36.56341552734375,130.40371704101562,0.4348723888397217,0.08143658936023712,-0.9882528185844421,-0.9381452202796936,1.0,0.38729891180992126,4,1,0,0.4570894241333008,0,0,24002014,0
1779282329.620417,left,28375173,186,0,0,2375,0,0,0,0,0,2873,168,0,0,0,0,0,123,0,0,1,1,1,0,0,32,2296.43212890625,1297.1143798828125,729.4364624023438,269.8810729980469,1511.9586181640625,784.4730834960938,22.520305633544922,38.97761917114258,116.85688781738281,0.37201598286628723,0.02078564465045929,-1.185746192932129,-1.1441415548324585,1.0,0.22798573970794678,3,1,0,0.8614290356636047,0,0,24002014,0
1779282329.671918,left,28424158,186,0,0,6175,1265,0,0,0,0,6563,1777,0,0,0,0,203,818,0,0,1,1,1,0,0,32,3431.330322265625,1674.3743896484375,1538.483642578125,218.47268676757812,2921.423095703125,509.90753173828125,33.64985656738281,47.641395568847656,80.88130950927734,0.20509150624275208,-0.19686943292617798,-3.4076650142669678,-4.443300724029541,1.0,0.0445149689912796,3,1,1,0.6562314033508301,0,0,24002014,0
1779282329.724416,left,28475150,186,0,0,8812,2914,0,0,0,0,8920,3224,0,0,0,0,623,1137,0,0,1,1,1,0,0,32,8110.71484375,3.0078104362206486e+23,3919.01416015625,499.35723876953125,7779.27490234375,331.4399108886719,79.5389404296875,52.405879974365234,67.20942687988281,0.14165475964546204,-0.3165633976459503,-1.2440528869628906,-2.34730863571167,1.0,-0.16080041229724884,3,1,1,1.0,0,0,24002014,0
1779282329.776917,left,28530174,185,0,0,8849,2792,0,0,0,0,8707,3085,0,0,0,0,719,1050,0,0,1,1,1,0,0,32,14046.1142578125,6461.4228515625,6674.55908203125,910.1322021484375,13830.6787109375,215.43594360351562,137.7453155517578,53.238868713378906,65.2450942993164,0.13254031538963318,-0.3374920189380646,-0.16564489901065826,-0.3803544342517853,1.0,-0.3446653187274933,3,1,1,1.0,0,0,24002014,0
1779282329.828917,left,28586198,185,0,0,7587,2079,0,0,0,0,7469,2316,0,0,0,0,628,808,0,0,1,1,1,0,0,32,17905.873046875,8261.3251953125,8465.6640625,1178.8858642578125,17765.83984375,140.03335571289062,175.59661865234375,53.485591888427734,64.67200469970703,0.12988123297691345,-0.34369027614593506,-0.047463271766901016,-0.11063574999570847,1.005767822265625,-0.4639940559864044,3,1,1,1.0,0,0,24002014,0
1779282329.875417,left,28627966,185,0,8448,22556,7,0,0,0,25344,44828,8,0,0,0,12288,27138,3,0,1792,1,1,0,0,536870912,0,-873359587934208.0,-0.00018886015459429473,0.0007554812473244965,-1.1445421499445274e-08,1.6425838473354677e-22,2.767011229518057e-12,2.3048309603054313e+23,194.3375701904297,-9.185089278294305e+23,-9.865955865590154e+35,-24994560.0,2.0521446061850484e-17,1.740962281949131e-38,13159779794944.0,1.7541637746516887e-38,1,1,222,822486237184.0,0,0,93757,3154116608
1779282329.933916,left,28684176,186,0,0,7494,2235,0,0,0,0,7433,2459,0,0,0,0,824,1052,0,0,1,1,1,0,0,32,19620.44140625,9039.974609375,9214.9794921875,1365.4842529296875,19561.27734375,59.16409683227539,192.41079711914062,53.69023513793945,64.00875091552734,0.12680380046367645,-0.348831444978714,-0.018666082993149757,-0.03814760968089104,1.0,-0.5396422743797302,3,1,1,1.0,0,0,24002014,0
1779282329.979418,left,28735168,186,0,104,7163,2450,0,0,0,0,6831,2538,0,513,0,0,1099,1472,0,0,1,1,1,0,0,32,20116.5859375,9178.583984375,9393.8369140625,1544.164794921875,20078.12890625,38.456661224365234,197.27630615234375,53.87279510498047,64.55642700195312,0.12934495508670807,-0.35341790318489075,0.04983437806367874,-0.08994466066360474,1.0,-0.5268579721450806,3,1,1,1.0,0,0,24002014,0
1779282330.032417,left,28785158,185,512,816,5710,1873,0,240,642,0,5467,1528,0,1209,1275,0,1260,1952,534,0,1,1,1,0,0,32,20732.380859375,9291.7802734375,9537.044921875,1903.55712890625,20670.982421875,61.396827697753906,203.31520080566406,53.97894287109375,66.95259094238281,0.14046305418014526,-0.3560844361782074,0.22240647673606873,-0.0533413290977478,1.0,-0.4238077402114868,3,1,1,1.0,0,0,24002014,0
1779282330.090418,left,28839175,185,2354,1976,4172,260,0,968,2083,0,4115,20,0,1598,2797,0,948,1968,746,0,1,1,1,0,0,32,21544.25,9310.7578125,9295.1787109375,2938.31201171875,20662.591796875,881.6578979492188,211.27691650390625,52.78067398071289,78.88484191894531,0.19582799077033997,-0.32598087191581726,1.0249539613723755,0.557297945022583,1.0,0.17630881071090698,3,1,1,1.0,0,0,24002014,0
1779282330.138417,left,28891185,185,3569,3056,3461,0,0,707,2923,0,3611,0,0,332,3305,0,421,1033,501,0,1,1,1,0,0,32,22098.2109375,9366.1416015625,8641.31640625,4090.7529296875,19033.134765625,3065.07763671875,216.70941162109375,49.39706039428711,98.3681411743164,0.28622928261756897,-0.24097612500190735,1.7381521463394165,1.6343923807144165,1.0,1.2137186527252197,3,1,1,0.803253710269928,0,0,24002014,0
1779282330.189916,left,28940167,185,3998,3561,2939,0,0,0,3137,0,2997,0,0,0,3205,0,0,433,87,0,1,1,1,0,0,32,22350.486328125,9865.5419921875,8019.95556640625,4464.9892578125,16768.9375,5581.55078125,219.1833953857422,45.14749526977539,115.43540954589844,0.365420401096344,-0.13421662151813507,1.616739273071289,2.1795661449432373,1.0,2.1426990032196045,3,1,0,0.10522258281707764,0,0,24002014,0
1779282330.241916,left,28998181,185,3787,3137,2587,0,0,0,2647,0,2507,0,0,0,2638,0,0,103,0,0,1,1,1,0,0,32,21355.6171875,9864.6533203125,7284.970703125,4205.9931640625,14281.1572265625,7074.4580078125,209.42706298828125,41.634422302246094,127.00206756591797,0.41908907890319824,-0.04595955088734627,0.925098717212677,1.5213063955307007,1.0,2.639906406402588,4,1,0,0.6936030387878418,0,0,24002014,0
1779282330.293917,left,29050186,184,2472,1648,2404,0,0,0,1231,0,2154,0,0,0,981,0,0,0,0,0,1,1,1,0,0,32,19973.25,9740.8740234375,6539.13134765625,3693.24560546875,12025.00390625,7948.2470703125,195.87066650390625,38.64759063720703,135.4041290283203,0.458074152469635,0.029076995328068733,0.7496408820152283,1.4428718090057373,1.0,2.8716135025024414,4,1,0,0.8061533570289612,0,0,24002014,0
1779282330.362417,left,29095994,185,874,153,2383,0,0,0,0,0,2015,0,0,0,0,0,0,0,0,0,1,1,1,0,0,32,16794.11328125,8614.96875,5435.18505859375,2743.95947265625,9754.90234375,7039.2109375,164.69398498535156,37.46863555908203,135.58535766601562,0.4589150846004486,0.05869532376527786,0.018357757478952408,0.6465754508972168,1.0,-1.6271785192139143e-19,4,1,0,820805566464.0,0,0,24002014,0
1779282330.398918,left,29095994,51353,874,153,2383,0,0,0,0,0,2015,0,0,0,0,0,0,0,0,0,1,1,1,0,0,32,16794.11328125,8614.96875,5435.18505859375,2743.95947265625,9754.90234375,7039.2109375,164.69398498535156,37.46863555908203,135.58535766601562,0.4589150846004486,0.05869532376527786,0.018357757478952408,0.6465754508972168,1.0,2.421841621398926,4,1,0,0.6086978912353516,0,0,24002014,0
1779282330.412916,left,29159199,185,136,0,2141,0,0,0,0,0,1705,0,0,0,0,0,0,0,0,0,1,1,1,0,0,32,12814.9228515625,6793.2294921875,4238.12060546875,1783.5736083984375,7879.98681640625,4934.9375,125.67146301269531,38.41883850097656,126.9220199584961,0.4187176525592804,0.03482389822602272,-0.6359850168228149,-0.37768256664276123,1.0,1.5816748142242432,4,1,0,0.7678406834602356,0,0,24002014,0
1779282330.459917,left,29204180,185,0,0,1557,0,0,0,0,0,1262,0,0,0,0,0,0,0,0,1792,1,1,0,0,0,32,1.4616717443307376e+22,6.263344088795202e+31,54238424072192.0,-0.0007498400518670678,-9.794064170575134e+29,0.04816766083240509,-3.76691515996257e+27,6.152091481319346e+31,-2.247165328193707e+20,47.68528747558594,6.765851948345197e+18,1.7589717698126335e-38,1.7578362976669911e-38,-49024.0,9.439613098572076e-30,1,0,222,822309486592.0,0,0,93757,2583691264
1779282330.504917,left,3103899348,0,0,52224,4,0,0,0,0,7936,4,0,0,0,0,0,0,0,0,1792,1,1,0,0,536870912,0,-2.948819656012347e-06,2.552113531455381e-24,-54189346521088.0,50236.38671875,1.1779883607232478e-05,-201744.984375,1.1059444159078335e-11,4.41444623910936e-11,6.601440506534969e-19,3.517010975176207e+21,1.1168757740532841e+23,7.945209933104766e+36,1.7559198818871805e-38,-6.187698722808781e-25,2.715154923810248e-12,1,0,222,821222572032.0,0,0,93757,3808428032
1779282330.556417,left,29312188,185,0,0,1104,0,0,0,0,0,1003,0,0,0,0,0,0,0,0,0,1,1,1,0,0,32,5548.50830078125,2986.3193359375,2072.375732421875,489.8139343261719,4173.14111328125,1375.3680419921875,54.41227722167969,43.004634857177734,99.22549438476562,0.2902073562145233,-0.08038246631622314,-0.7143118381500244,-0.6713932752609253,1.0,0.3161574900150299,3,1,0,0.4641169309616089,0,0,24002014,0
1779282330.654917,left,29409201,185,0,0,1010,0,0,0,0,0,970,0,0,0,0,0,0,0,0,0,1,1,1,0,0,32,3537.58740234375,1887.3800048828125,1443.26123046875,206.94638061523438,2956.494384765625,581.093017578125,34.69187927246094,46.005985260009766,82.55941772460938,0.21287782490253448,-0.15578390657901764,-0.7331028580665588,-0.7142028212547302,1.0,0.06013495475053787,3,1,1,0.5192796587944031,0,0,24002014,0
1779282330.714416,left,29467186,185,0,0,977,0,0,0,0,0,972,0,0,0,0,0,0,0,0,0,1,1,1,0,0,32,2992.43212890625,1580.297119140625,1277.6197509765625,134.51515197753906,2614.721435546875,377.71051025390625,29.345733642578125,47.44891357421875,74.97748565673828,0.1776980459690094,-0.19203411042690277,-0.606704831123352,-0.6251651644706726,1.0,-0.0035615263041108847,3,1,1,0.6401136517524719,0,0,24002014,0
1779282330.758417,left,29511989,185,0,0,1252,0,0,0,0,0,1178,0,0,0,0,0,0,0,0,0,1,1,1,0,0,32,2638.78076171875,1380.693115234375,1170.6529541015625,87.43484497070312,2393.26904296875,245.5117950439453,25.87759780883789,48.710758209228516,68.36392974853516,0.14701150357723236,-0.22373467683792114,-0.6849215626716614,-0.7075545191764832,1.0,-0.045007240027189255,3,1,1,0.7457822561264038,0,0,24002014,0
1779282330.812917,left,29511989,52394,0,0,1252,0,0,0,0,0,1178,0,0,0,0,0,0,0,0,1792,1,1,0,0,0,32,4.482540727490658e-11,-5.804796745388964e+22,-4.262466990441672e-17,816560000.0,9.266858760110694e-36,209872535552.0,-52025118720.0,13349520670720.0,1.769277224727972e-10,-1.7703328580864763e-07,1.7904652981116913e-35,25058990.0,1.7559640227888068e-38,-5.6276792045617014e-37,-3.0570157201063914e-25,1,1,222,821394341888.0,0,0,93757,2113929216
1779282330.833916,left,29576211,186,0,0,1523,0,0,0,0,0,1569,0,0,0,0,0,0,0,0,0,1,1,1,0,0,32,2565.707763671875,1335.650634765625,1173.2242431640625,56.83264923095703,2406.125,159.58267211914062,25.16099739074707,49.8394889831543,62.21683120727539,0.11848943680524826,-0.2520911693572998,-0.4441167712211609,-0.44153860211372375,1.0,-0.08159686625003815,3,1,1,0.8403038382530212,0,0,24002014,0
1779282330.893917,left,29619201,186,0,0,2529,0,0,0,0,0,2712,86,0,0,0,0,175,649,0,0,1,1,1,0,0,32,2749.909423828125,1401.2227783203125,1311.745849609375,36.94122314453125,2646.180908203125,103.7287368774414,26.967397689819336,50.945735931396484,57.33818817138672,0.095852792263031,-0.2798825800418854,-0.5265560746192932,-0.6464622020721436,1.0,-0.11963952332735062,3,1,1,0.9329419136047363,0,0,24002014,0
1779282330.923917,left,29674194,185,0,0,3676,378,0,0,0,0,3941,897,0,363,0,0,1153,1884,186,0,1,1,1,0,0,32,3940.29150390625,1795.94482421875,1831.9346923828125,312.4117736816406,3872.867919921875,67.4236831665039,38.64105987548828,53.39196014404297,60.55488586425781,0.11077806353569031,-0.4350880980491638,0.27140310406684875,-1.1175153255462646,1.0,-0.14102259278297424,3,1,1,1.0,0,0,24002014,0
1779282330.969917,left,29725193,185,0,0,4567,1039,0,0,0,0,4715,1619,77,861,638,0,1646,2463,890,0,1,1,1,0,0,32,6928.4892578125,2586.26416015625,3011.10791015625,1331.11767578125,6884.6640625,43.82539367675781,67.94526672363281,56.06345748901367,73.14749908447266,0.16920703649520874,-0.4084525406360626,1.145688533782959,-1.315995216369629,1.0,-0.03866300359368324,3,1,1,1.0,0,0,24002014,0
1779282331.041416,left,29777200,185,61,0,4800,1346,0,0,103,0,4761,1731,170,1110,977,0,1890,2702,1029,0,1,1,1,0,0,2097184,10983.7685546875,3643.171875,4502.42041015625,2838.176513671875,10955.28125,28.486507415771484,107.71397399902344,56.815853118896484,83.86776733398438,0.21894840896129608,-0.4273548424243927,0.9564360976219177,-0.3634568750858307,1.0,0.221186101436615,3,1,1,1.0,0,0,24002014,0
1779282331.074916,left,29831214,185,114,0,4955,1473,0,0,145,0,4852,1860,304,1141,981,0,2028,2732,990,0,1,1,1,0,0,32,14363.798828125,4540.51171875,5682.8232421875,4140.46484375,14287.8828125,75.91622924804688,140.86074829101562,56.79688262939453,89.6563949584961,0.24580729007720947,-0.42687803506851196,0.4975476861000061,0.008827476762235165,1.0,0.4887199103832245,3,1,1,1.0,0,0,24002014,0
1779282331.119417,left,29877022,185,184,47,4986,1476,0,0,210,0,4766,1776,381,1257,992,0,2052,2618,833,0,1,1,1,0,0,32,16817.71875,5241.0322265625,6540.03515625,5036.65185546875,16677.72265625,139.99554443359375,164.9220428466797,56.63990020751953,92.3744125366211,0.2584187984466553,-0.42293432354927063,0.2753123641014099,0.08609220385551453,1.0,0.6818771362304688,3,1,1,1.0,0,0,24002014,0
1779282331.171417,left,29877022,50347,184,47,4986,1476,0,0,210,0,4766,1776,381,1257,992,0,2052,2618,833,0,1,1,1,0,0,32,16817.71875,5241.0322265625,6540.03515625,5036.65185546875,16677.72265625,139.99554443359375,164.92547607421875,56.63990020751953,92.3744125366211,0.2584187984466553,-0.42293432354927063,0.2753123641014099,0.08609220385551453,1.0,0.6818736791610718,3,1,1,1.0,0,0,24002014,0
1779282331.194917,left,29939216,185,331,278,5106,1563,0,0,322,0,4608,1733,419,1335,3,28416,53255,29192,2,1792,1,1,0,0,0,32,-3177.02294921875,-202446.640625,-6.393793071640362e-25,-217346652241920.0,-8.942187193774899e+17,0.7635092735290527,6.613900431499432e-19,-854893174718464.0,-6.14469874686692e-28,-1.1356510185578372e-05,1.3884742244840709e-09,-2.396714082235968e-27,-1.5783859889103746e+37,822486237184.0,5.814577275137147e-39,1,1,222,822486237184.0,0,0,93757,2298478592
1779282331.254416,left,29939216,53157,331,278,5106,1563,0,0,1,46080,50450,41734,14081,33029,3,28416,53255,29192,2,1792,1,1,0,0,0,32,-3177.02294921875,-202446.640625,-6.393793071640362e-25,-217346652241920.0,-8.942187193774899e+17,0.7635092735290527,6.613900431499432e-19,-854893174718464.0,-6.14469874686692e-28,-1.1356510185578372e-05,1.3884742244840709e-09,-2.396714082235968e-27,5.69300202167079e-39,822486237184.0,5.814577275137147e-39,1,1,222,822486237184.0,0,0,93757,2298478592
1779282331.283916,left,30037212,185,135,198,5685,1904,0,0,34816,0,5402,2212,604,1314,322,0,2078,2272,361,0,1,1,1,0,1,33,19503.2734375,6204.84326171875,7654.3447265625,5644.08544921875,19136.59765625,366.67559814453125,191.2617645263672,55.83307647705078,94.17341613769531,0.2667660415172577,-0.4026646614074707,0.014791375026106834,0.12819871306419373,1.0,0.8749313354492188,3,1,1,1.0,0,0,24002014,0
1779282331.336916,left,30089215,186,0,0,5796,1965,0,0,0,0,5632,2526,663,1298,1337,0,2499,2586,386,0,1,1,1,0,0,32,20603.927734375,6805.84814453125,8359.125,5438.95556640625,20201.4375,402.4891357421875,202.0554962158203,55.517982482910156,91.92388916015625,0.25632837414741516,-0.3947487771511078,-0.20071280002593994,0.152219757437706,1.0,0.8131163716316223,3,1,1,1.0,0,0,24002014,0
1779282331.404418,left,30141226,185,0,0,5701,1896,0,0,0,0,5930,2842,647,1148,0,0,2839,2788,272,0,1,1,1,0,0,32,21520.6015625,7085.5517578125,8973.6796875,5461.37060546875,21258.982421875,261.6179504394531,211.0449981689453,55.89781188964844,89.57486724853516,0.24542902410030365,-0.4042911231517792,-0.20955856144428253,-0.18346785008907318,1.0,0.7280170321464539,3,1,1,1.0,0,0,24002014,0
1779282331.449918,left,30198262,185,0,0,5723,1919,0,0,0,0,6187,3003,687,945,0,0,3093,3004,228,0,1,1,1,0,0,32,22431.7890625,7280.30859375,9536.94140625,5614.54150390625,22261.73828125,170.05166625976562,219.98069763183594,56.31047821044922,87.94779968261719,0.23787952959537506,-0.4146583676338196,-0.1323636770248413,-0.18176667392253876,1.0,0.668933093547821,3,1,1,1.0,0,0,24002014,0
1779282331.493918,left,30247213,185,0,0,5861,1951,0,0,0,0,6415,3198,650,991,0,0,3139,3050,276,0,1,1,1,0,0,32,23275.365234375,7406.900390625,9989.8623046875,5878.6015625,23164.833984375,110.53358459472656,228.25335693359375,56.7210807800293,86.98596954345703,0.23341672122478485,-0.4249735176563263,-0.09116888791322708,-0.21072399616241455,1.0,0.6428215503692627,3,1,1,1.0,0,0,24002014,0
1779282331.539918,left,30291870,185,0,0,6047,2107,0,0,0,0,6648,3269,646,1154,0,0,3079,3028,334,78,1,1,1,0,0,32,24041.037109375,7548.68505859375,10432.310546875,6060.041015625,23969.189453125,71.84683227539062,235.76202392578125,56.98268508911133,86.2261962890625,0.22989141941070557,-0.43154600262641907,-0.07894175499677658,-0.14717704057693481,1.0,0.6201485991477966,3,1,1,1.0,0,0,24002014,0
1779282331.599097,left,30349238,186,0,0,6305,2149,0,0,0,0,6800,3342,682,1192,0,0,3010,2960,376,0,1,1,1,0,0,32,24837.26953125,7760.544921875,10883.3515625,6193.376953125,24790.5703125,46.700439453125,243.57040405273438,57.08301544189453,85.77420043945312,0.22779804468154907,-0.4340662956237793,-0.03649028763175011,-0.04393203556537628,0.5,0.61380535364151,3,1,1,1.0,0,0,24002014,0
1779282331.652403,left,30403220,186,0,0,6555,2218,0,0,0,0,6841,3165,663,1341,0,0,2718,2718,385,0,1,1,1,0,0,32,9.27598264865992e-08,8003.25439453125,11247.580078125,6246.794921875,25467.271484375,30.35528564453125,250.04629516601562,57.069496154785156,85.30098724365234,0.22559854388237,-0.43372687697410583,-0.040745075792074203,0.006287626456469297,1.0,0.6011286973953247,3,1,1,1.0,0,0,24002014,0
1779282331.712325,left,30403220,57186,0,0,6555,2218,0,0,0,0,6841,3165,663,1341,0,0,2718,2718,385,0,1,1,1,0,0,32,25497.626953125,8003.25439453125,11247.580078125,6246.794921875,25467.271484375,30.35528564453125,250.04629516601562,57.069496154785156,85.30098724365234,0.22559854388237,-0.43372687697410583,-0.040745075792074203,0.006287626456469297,1.0,0.6011286973953247,3,1,1,1.0,0,0,24002014,0
1779282331.749057,left,30506230,185,0,0,7017,2286,0,0,0,0,7023,3135,746,1427,0,0,2405,2466,276,0,1,1,1,0,3,35,25888.357421875,8272.666015625,11521.076171875,6094.61669921875,25868.626953125,19.730937957763672,253.8780517578125,56.875919342041016,84.6553726196289,0.22260285913944244,-0.42886367440223694,-0.029081495478749275,0.04721097648143768,1.0,0.5702430009841919,3,1,1,1.0,0,0,24002014,0
1779282331.833264,left,30552826,185,0,0,7104,2238,0,0,0,0,7051,3121,760,1357,0,0,2408,2371,130,0,1,1,1,0,0,32,-1.5348843326748167e+28,1.1526624099644778e-08,1.45628317398738e-37,5.975225068170221e+25,-6.897189707353571e-16,9.307131540952976e-33,9.453851560269807e+26,9.583847948129836e-30,53505578500096.0,-4.227030509472429e-14,1.9732513040656834e-23,-3.009703034886353e+31,5.713162502677031e-39,1.553632575639718e+34,5.7858436501261664e-39,3,1,1,822486237184.0,0,0,24002014,0
1779282331.854982,left,30608217,186,0,0,7324,2268,0,0,0,0,7263,3157,674,1256,0,0,2356,2295,38,0,1,1,1,0,0,32,26302.796875,8880.9130859375,11958.1826171875,5463.7001953125,26294.4609375,8.336320877075195,257.94232177734375,56.270835876464844,82.37824249267578,0.2120371013879776,-0.4136626422405243,-0.09201402217149734,0.12493722140789032,1.0,0.43568429350852966,3,1,1,1.0,0,0,24002014,0
1779282331.914131,left,30662234,185,0,0,7405,2204,0,0,0,0,7411,3149,649,1232,0,0,2258,2258,19,0,1,1,1,0,0,32,26404.3671875,9119.2939453125,12092.5185546875,5192.55517578125,26398.94921875,5.418608665466309,258.9383850097656,56.05546188354492,81.12897491455078,0.20624059438705444,-0.40825164318084717,-0.10730893909931183,0.10017214715480804,1.0,0.3582335114479065,3,1,1,1.0,0,0,24002014,0
1779282331.980132,left,30713232,186,0,0,7528,2219,0,0,0,0,7536,3205,615,1241,0,0,2279,2328,96,0,1,1,1,0,0,32,26505.7421875,9295.94140625,12220.4375,4989.36083984375,26502.21875,3.5220956802368164,259.9325256347656,55.911865234375,80.16241455078125,0.2017558515071869,-0.4046443700790405,-0.08793958276510239,0.07073362171649933,1.0,0.29814866185188293,3,1,1,1.0,0,0,24002014,0
1779282332.019632,left,30762246,186,0,0,7638,2371,0,0,0,0,7698,3233,685,1302,0,0,2295,2344,122,0,1,1,1,0,0,32,26707.078125,9453.810546875,12364.134765625,4889.134765625,26704.7890625,2.2893624305725098,261.9069519042969,55.83039093017578,79.5593490600586,0.1989576518535614,-0.4025973677635193,-0.057089805603027344,0.04176362603902817,0.5,0.2617747187614441,3,1,1,1.0,0,0,24002014,0
1779282332.062634,left,30812231,187,0,0,7726,2439,0,0,0,0,7726,3191,699,1302,0,0,2261,2371,209,0,1,1,1,0,0,32,27035.0,9648.126953125,12548.1875,4838.68701171875,27033.513671875,1.4880855083465576,265.1227722167969,55.744388580322266,79.20918273925781,0.19733288884162903,-0.4004365801811218,-0.032505013048648834,0.043228719383478165,1.0,0.2422780990600586,3,1,1,1.0,0,0,24002014,0
1779282332.123923,left,30812231,53196,0,0,7726,2439,0,0,0,0,7726,3191,699,1302,0,0,2261,2371,209,0,1,1,1,0,0,32,27035.0,9648.126953125,12548.1875,4838.68701171875,27033.513671875,1.4880855083465576,265.1227722167969,55.744388580322266,79.20918273925781,0.19733288884162903,-0.4004365801811218,-0.032505013048648834,0.043228719383478165,1.0,0.2422780990600586,3,1,1,1.0,0,0,24002014,0
1779282332.169482,left,3654801890,185,0,0,7878,2560,0,0,0,0,7740,3029,667,1268,0,0,1974,2215,202,0,1,1,1,0,1,33,27329.3515625,9829.0322265625,12672.7216796875,4827.5966796875,27328.3828125,0.9672555923461914,268.0093688964844,55.671627044677734,79.04927825927734,0.19659096002578735,-0.39860886335372925,-0.006683862768113613,0.01646547205746174,1.0,0.2344324141740799,3,1,1,1.0,0,0,24002014,0
1779282332.221895,left,30977244,186,0,0,7845,2430,0,0,0,0,7538,2844,600,1098,0,0,1830,2154,188,0,1,1,1,0,0,32,27341.830078125,9988.271484375,12678.7685546875,4674.78759765625,27341.201171875,0.6287161111831665,268.1317443847656,55.51716613769531,78.5782699584961,0.19440554082393646,-0.39472857117652893,-0.04046323150396347,0.0718439593911171,1.0,0.20364512503147125,3,1,1,1.0,0,0,24002014,0
1779282332.297918,left,31022235,189,0,0,7652,2362,0,0,0,0,7469,2663,446,1039,0,0,1750,2085,183,0,1,1,1,0,0,32,27056.638671875,10088.626953125,12469.19921875,4498.81201171875,27056.23046875,0.4086654782295227,265.3349914550781,55.35617446899414,77.96900939941406,0.19157856702804565,-0.3906838297843933,-0.06283420324325562,0.08990111947059631,1.0,0.16197411715984344,3,1,1,1.0,0,0,24002014,0
1779282332.342549,left,31080244,185,0,0,7206,2086,0,0,0,0,7080,2509,360,945,0,0,1744,2042,144,0,1,1,1,0,0,32,26563.96484375,10062.5068359375,12170.9296875,4330.52783203125,26563.69921875,0.2656325697898865,260.5035095214844,55.2550048828125,77.37479400634766,0.1888214647769928,-0.3881422281265259,-0.04752887040376663,0.04381392151117325,1.0,0.12115759402513504,3,1,1,1.0,0,0,24002014,0
1779282332.385949,left,31124838,185,0,0,6895,1876,0,0,0,0,6745,2199,331,828,0,0,1579,1851,53,0,1,1,1,0,0,32,25707.177734375,9792.830078125,11724.0048828125,4190.34326171875,25707.005859375,0.1726611852645874,252.10128784179688,55.25830841064453,76.98542785644531,0.18701477348804474,-0.3882252871990204,-0.04051422327756882,-0.0018625615630298853,1.0,0.09323633462190628,3,1,1,1.0,0,0,24002014,0
1779282332.431977,left,31176052,185,0,0,6311,1348,0,0,0,0,6042,1572,0,389,0,0,1107,1211,0,0,1,1,1,0,0,32,24534.615234375,9435.189453125,11156.6533203125,3942.773193359375,24534.501953125,0.11222976446151733,240.6023712158203,55.20759582519531,76.30709838867188,0.18386739492416382,-0.3869512975215912,-0.061455436050891876,0.024875810369849205,1.0,0.049058616161346436,3,1,1,1.0,0,0,1030634974,0
1779282332.491477,left,31231250,185,0,0,4475,281,0,0,0,0,4405,458,0,0,0,0,475,453,0,0,1,1,1,0,0,32,22240.5,8813.5234375,10052.875,3374.102783203125,22240.42578125,0.0729493498802185,218.10479736328125,55.032737731933594,74.23504638671875,0.1742531806230545,-0.3825584053993225,-0.17417685687541962,0.0795842632651329,1.0,-0.06608276069164276,3,1,1,1.0,0,0,24002014,0
1779282332.531027,left,31285242,185,0,0,3710,0,0,0,0,0,3802,64,0,0,0,0,135,0,0,0,1,1,1,0,0,32,18147.775390625,7393.39013671875,8236.4189453125,2517.966796875,18147.7265625,0.04741707444190979,177.9688720703125,54.843849182128906,71.30726623535156,0.16066846251487732,-0.3778129518032074,-0.25160613656044006,0.08789179474115372,1.0,-0.1813870519399643,3,1,1,1.0,0,0,24002014,0
1779282332.590195,left,31338281,185,0,0,3140,0,0,0,0,0,3166,0,0,0,0,0,0,0,0,0,1,1,1,0,0,32,14494.904296875,6104.20361328125,6706.77197265625,1683.9283447265625,14494.873046875,0.030821099877357483,142.14645385742188,54.4978141784668,67.58634948730469,0.14340364933013916,-0.36911994218826294,-0.3255116641521454,0.16389845311641693,1.0,-1.7905252203137569e-31,3,1,1,1.0,0,0,24002014,0
1779282332.645793,left,31338281,56146,0,0,3140,0,0,0,0,0,3166,0,0,0,0,0,0,0,0,0,1,1,1,0,0,32,14494.904296875,6104.20361328125,6706.77197265625,1683.9283447265625,14494.873046875,0.030821099877357483,142.14645385742188,54.4978141784668,67.58634948730469,0.14340364933013916,-0.36911994218826294,-0.3255116641521454,0.16389845311641693,1.0,-0.2742645740509033,3,1,1,1.0,0,0,24002014,0
1779282332.699017,left,31436244,184,0,0,2591,0,0,0,0,0,2707,0,0,0,0,0,0,0,0,0,1,1,1,0,3,35,11628.7880859375,5066.732421875,5467.501953125,1094.553466796875,11628.7685546875,0.020033715292811394,114.0394515991211,54.12312316894531,64.21436309814453,0.12775781750679016,-0.35970667004585266,-0.15971164405345917,0.09609007835388184,1.3877787807814457e-17,1.7506435727794583e-38,3,1,1,822486237184.0,0,0,24002014,0
1779282332.739006,left,31490263,186,0,0,2449,0,0,0,0,0,2576,0,0,0,0,0,0,0,0,0,1,1,1,0,0,32,9413.0126953125,16.407133102416992,4501.326171875,711.4597778320312,9412.9990234375,0.013021916151046753,92.31011962890625,53.815147399902344,61.37877655029297,0.11460083723068237,-0.3528282642364502,-0.24356208741664886,0.12733307480812073,1.0,-0.3182859420776367,3,1,1,1.0,0,0,24002014,0
1779282332.799006,left,31546263,186,0,0,2304,0,0,0,0,0,2442,0,0,0,0,0,0,0,0,0,1,1,1,0,0,32,7877.2080078125,3587.296875,3827.462158203125,462.4488830566406,7877.19921875,0.00846424512565136,77.2490234375,53.609046936035156,58.798030853271484,0.10262637585401535,-0.3467915952205658,-0.21382968127727509,0.10779766738414764,1.0,-0.3151242733001709,3,1,1,1.0,0,0,24002014,0
1779282332.857005,left,31546263,56178,0,0,2304,0,0,0,0,0,2442,0,0,0,0,0,0,0,0,0,1,1,1,0,0,32,7877.2080078125,3587.296875,3827.462158203125,462.4488830566406,7877.19921875,0.00846424512565136,77.2490234375,53.608985900878906,58.798030853271484,0.10262637585401535,-0.3467915952205658,-0.21382968127727509,0.10779766738414764,1.0,-0.3151242733001709,3,1,1,1.0,0,0,24002014,0
1779282332.894505,left,31644263,185,0,0,3232,0,0,0,0,0,3683,516,0,0,0,0,365,707,0,0,1,1,1,0,3,35,6878.9345703125,3188.892822265625,3389.450439453125,300.5917663574219,6878.9296875,0.005501759238541126,67.45930480957031,53.395320892333984,56.50261306762695,0.09197572618722916,-0.34142231941223145,-0.10868009924888611,0.05478852987289429,1.0,-0.3130691349506378,3,1,1,1.0,0,0,24002014,0
1779282332.964504,left,31696262,185,0,0,4984,1117,0,0,0,0,5067,1397,0,637,135,0,1074,1660,148,0,1,1,1,0,0,32,7447.35791015625,3203.98046875,3672.79296875,570.5846557617188,7447.3544921875,0.0035761436447501183,73.03363037109375,54.45670700073242,59.31401824951172,0.10502053052186966,-0.36808711290359497,0.25086644291877747,-0.5127943754196167,1.0,-0.2887095510959625,3,1,1,1.0,0,0,24002014,0
1779282332.994005,left,31696262,51180,0,0,4984,1117,0,0,0,0,5067,1397,0,637,135,0,1074,1660,148,0,1,1,1,0,0,32,7447.35791015625,3203.98046875,3672.79296875,570.5846557617188,7447.3544921875,0.0035761436447501183,73.03363037109375,54.45670700073242,59.31401824951172,0.10502053052186966,-0.36808711290359497,0.25086644291877747,-0.5127943754196167,1.0,-0.2887095510959625,3,1,1,1.0,0,0,24002014,0
1779282333.023005,left,31759252,186,642,383,5624,1753,0,95,626,0,5394,1862,360,1523,1523,0,1590,2316,743,0,1,1,1,0,0,32,10517.431640625,4217.9375,4872.66552734375,1426.830078125,10517.4296875,0.002324493369087577,103.1407699584961,55.11459732055664,68.81790924072266,0.14911799132823944,-0.3846147954463959,0.7000707983970642,-0.2623858153820038,1.0,-0.16793136298656464,3,1,1,1.0,0,0,24002014,0
1779282333.055005,left,31801276,187,1450,854,5059,1361,0,381,1244,0,4714,1372,218,1668,2124,0,1577,2354,958,0,1,1,1,0,0,32,14721.83203125,5380.6591796875,6258.08251953125,3083.089599609375,14110.73046875,611.1015014648438,144.37185668945312,53.96095275878906,86.82908630371094,0.2326887845993042,-0.3556326627731323,1.9886443614959717,0.689656674861908,1.0,0.40104836225509644,3,1,1,1.0,0,0,24002014,0
1779282333.106505,left,31853075,186,1911,1215,4197,446,0,522,1642,0,3975,361,0,1653,2384,0,1326,2251,941,0,1,1,1,0,0,32,18411.58984375,6684.17822265625,7288.103515625,4439.30810546875,16639.224609375,1772.365966796875,180.55601501464844,51.9465446472168,99.83845520019531,0.29305148124694824,-0.3050256669521332,1.1653255224227905,0.976987898349762,1.0,1.0761783123016357,3,1,1,1.0,0,0,24002014,0
1779282333.151505,left,31853075,51170,1911,1215,4197,446,0,522,1642,0,3975,361,0,1653,2384,0,1326,2251,941,0,1,1,1,0,0,32,18411.58984375,6684.17822265625,7288.103515625,4439.30810546875,16639.224609375,1772.365966796875,180.55601501464844,51.9465446472168,99.83845520019531,0.29305148124694824,-0.3050256669521332,1.1653255224227905,0.976987898349762,1.0,1.0761783123016357,3,1,1,1.0,0,0,24002014,0
1779282333.165505,left,31914262,185,2168,1309,3565,0,0,531,1888,0,3496,0,0,1461,2634,0,1263,2200,927,0,1,1,1,0,0,32,19955.93359375,7246.56640625,7408.1171875,5301.25048828125,16952.396484375,3003.537841796875,195.7008514404297,50.027034759521484,110.44660949707031,0.34227269887924194,-0.2568027973175049,0.804439127445221,0.788122832775116,1.0,1.6743035316467285,3,1,1,0.856009304523468,0,0,24002014,0
1779282333.212005,left,31956070,186,2219,1393,3321,0,0,495,1951,0,3396,0,0,1416,2869,0,1230,2140,978,0,1,1,1,0,0,32,20477.806640625,7357.66796875,7208.6513671875,5909.11328125,16465.05859375,4012.74951171875,200.8186798095703,48.52211380004883,119.1520767211914,0.3826655447483063,-0.21899522840976715,0.9661510586738586,0.9043141603469849,1.0,2.145754337310791,3,1,1,0.7299840450286865,0,0,24002014,110
1779282333.262505,left,31956070,52393,2219,1393,3321,0,0,495,1951,0,3396,0,0,1416,2869,0,1230,2140,978,0,1,1,1,0,0,32,1407224157044736.0,2.9489121970982524e-06,-3.7378522224407204e+24,1.0467279180565259e-20,-6.59637607284154e+37,-3.988069974458897e-26,-1.693822504885163e-16,-8.748609238172959e+17,-0.04759054258465767,781374.75,-2.1643242753555114e-11,2.5948500719423624e-18,5.822766463362661e-39,9.220389608753892e-33,0.011720973998308182,3,1,1,821326512128.0,0,0,24002014,0
1779282333.310007,left,31956070,105374,2219,1393,3321,0,0,495,1951,0,3396,0,0,1416,2869,0,1230,2140,978,0,1,1,1,0,0,32,20477.806640625,7357.66796875,7211.0263671875,5909.11328125,16465.05859375,4012.74951171875,200.8186798095703,48.52211380004883,119.1520767211914,0.3826655447483063,-0.21899522840976715,0.9661510586738586,0.9043141603469849,1.0,2.145754337310791,3,1,1,0.7299840450286865,0,0,24002014,0
1779282333.362005,left,31956070,156186,2219,1393,3321,0,0,495,1951,0,3396,0,0,1416,2869,0,1230,2140,978,0,0,0,0,1,0,2,0.0,0.0,0.0,0.0,0.0,0.0,0.0,0.0,0.0,0.0,0.0,0.0,0.0,0.0,0.0,0,255,3,1.0,0,0,24002014,0
1779282333.377005,left,32122271,186,2084,1361,3409,129,0,413,1749,0,3544,359,0,1683,2745,0,1395,2478,1200,0,1,1,1,0,1,33,20834.876953125,7395.93408203125,7082.91650390625,6356.0234375,16157.38671875,4677.4873046875,204.32034301757812,47.591922760009766,124.96454620361328,0.40963512659072876,-0.195626899600029,0.16227087378501892,0.14060282707214355,1.0,2.47369384765625,4,1,1,0.6520896553993225,0,0,24002014,0
1779282333.429505,left,32166283,185,1752,1316,3732,563,0,290,1433,0,3711,678,0,1424,2352,0,1294,2320,1003,0,1,1,1,0,0,32,21196.46875,7407.85693359375,7080.49658203125,-3.5512463774398885e-19,16193.6513671875,5002.81640625,207.86634826660156,47.292701721191406,128.0215301513672,0.42381927371025085,-0.18810956180095673,0.32227909564971924,0.1708020120859146,1.0,2.672072410583496,4,1,1,0.6270318627357483,0,0,24002014,0
1779282333.474734,left,32218286,185,1466,1078,3847,590,0,132,1085,0,3710,730,0,1169,1775,0,1091,2019,709,0,1,1,1,0,0,32,21431.154296875,7493.6572265625,7138.07275390625,6799.4248046875,16502.47265625,4928.6806640625,210.16783142089844,47.49888610839844,127.69293212890625,0.42229464650154114,-0.19328680634498596,-0.029318062588572502,-0.09955665469169617,1.0,2.6847636699676514,4,1,1,0.6442893147468567,0,0,24002014,0
1779282333.524178,left,32273276,186,43011,58114,54799,2,0,54016,1,54016,54030,2,63744,1026,0,881,1656,458,0,1031,1,0,0,0,0,2734686240,6.884749753121088e-37,4.9065144475868896e-17,47519592.0,2.838730166934105e-23,1.8771511316299438,2.458724369935883e-11,0.00031139919883571565,6.46903768161635e-24,-3.6404973501865687e+28,-40199623016448.0,1.2815611003359219e+33,-2.107455411794739e+16,6.818017678172397e-41,-4.1967268771259114e-08,-2.7873388627432796e-34,1,222,61,0.8251826167106628,0,0,366,3707764736
1779282333.594479,left,32328272,185,604,389,4346,799,0,0,0,0,3975,739,0,377,377,0,620,1312,66,0,1,1,1,0,0,32,19156.626953125,7025.677734375,6550.90576171875,5580.0419921875,15491.3310546875,3665.294921875,187.86233520507812,48.54920959472656,119.01817321777344,0.38204431533813477,-0.21967627108097076,-0.5087935328483582,-0.33937641978263855,1.0,2.001162528991699,3,1,1,0.7322542071342468,0,0,24002014,0
1779282333.617629,left,32372102,185,252,0,3570,127,0,0,0,0,3035,30,0,0,0,0,127,527,0,0,1,1,1,0,0,32,17021.40625,6591.79052734375,5971.3388671875,4458.27734375,14291.4130859375,2729.99169921875,166.9229736328125,49.35016632080078,110.36604309082031,0.3418988585472107,-0.23979823291301727,-0.9159355759620667,-0.45909106731414795,1.0,1.4248065948486328,3,1,1,0.7993274331092834,0,0,24002014,0
1779282333.676692,left,32372102,53374,252,0,3570,127,0,0,0,0,3035,30,0,0,0,0,127,527,0,0,1,1,1,0,0,32,17021.40625,6591.79052734375,5971.3388671875,4458.27734375,14291.4130859375,2729.99169921875,166.9229736328125,49.35016632080078,110.36604309082031,0.3418988585472107,-0.23979823291301727,-0.9159355759620667,-0.45909106731414795,1.0,1.4248065948486328,3,1,1,0.7993274331092834,0,0,24002014,0
1779282333.735692,left,32482304,185,0,0,2001,0,0,0,0,0,1705,0,0,0,0,0,0,0,0,0,1,1,1,0,1,33,13747.712890625,5666.81396484375,4954.1201171875,3126.7802734375,11885.017578125,1862.694580078125,134.81900024414062,49.81455993652344,101.18917846679688,0.29931876063346863,-0.2514648139476776,-0.38638225197792053,-0.10586541891098022,1.0,0.8481171727180481,3,1,1,0.8382160067558289,0,0,24002014,0
1779282333.773910,left,32530303,185,0,0,1585,0,0,0,0,0,1468,0,0,0,0,0,0,0,0,0,1,1,1,0,0,32,10233.115234375,4383.779296875,3816.927978515625,2032.4072265625,9022.36328125,1210.7515869140625,100.35257720947266,50.0323600769043,94.67786407470703,0.2691066265106201,-0.2569367289543152,-0.6294326186180115,-0.11400061100721359,1.0,0.4714488387107849,3,1,1,0.8564557433128357,0,0,24002014,0
1779282333.850052,left,32584291,186,0,0,1369,0,0,0,0,0,1401,0,0,0,0,0,0,0,0,0,1,1,1,0,0,32,7720.07373046875,3404.206298828125,2994.80322265625,1321.064697265625,6933.08544921875,786.988525390625,75.70806121826172,50.307899475097656,88.46900939941406,0.24029794335365295,-0.2638586163520813,-0.5336127281188965,-0.1282115876674652,1.0,0.24068036675453186,3,1,1,0.8795287013053894,0,0,24002014,0
1779282333.886524,left,32638279,185,0,0,1369,0,0,0,0,0,1435,0,0,0,0,0,0,0,0,0,1,1,1,0,0,32,5999.44873046875,2692.32177734375,2448.871826171875,858.6920166015625,5487.90625,511.54254150390625,58.83449172973633,50.70780563354492,82.14672088623047,0.2109629213809967,-0.2739053964614868,-0.5433619022369385,-0.18609283864498138,1.0,0.09604395925998688,3,1,1,0.9130179286003113,0,0,24002014,0
1779282333.940184,left,32692297,185,0,0,1389,0,0,0,0,0,1406,0,0,0,0,0,0,0,0,0,1,1,1,0,0,32,4870.89111328125,2228.874755859375,2083.86669921875,558.1498413085938,4538.38037109375,332.5026550292969,47.76712417602539,51.09154510498047,75.70082092285156,0.18105430901050568,-0.2835457921028137,-0.5536786317825317,-0.17846636474132538,1.0,0.0026551936753094196,3,1,3,0.9451525807380676,0,0,24002014,0
1779282333.985130,left,32737899,185,0,0,1455,0,0,0,0,0,1451,0,0,0,0,0,0,0,0,0,1,1,1,0,0,32,4154.4794921875,1934.91845703125,1856.763427734375,362.7973937988281,3938.352783203125,216.12672424316406,40.74152374267578,51.466392517089844,69.54347229003906,0.15248453617095947,-0.2929629683494568,-0.6265026330947876,-0.20650796592235565,1.0,-0.05910306051373482,3,1,1,0.9765431880950928,0,0,24002014,0
1779282334.043654,left,32794290,186,0,0,1432,0,0,0,0,0,1431,0,0,0,0,0,0,0,0,0,1,1,1,0,0,32,3702.461669921875,1758.8970947265625,1707.7462158203125,235.81832885742188,3561.979248046875,140.4823760986328,36.308746337890625,51.738250732421875,64.20542907714844,0.12771634757518768,-0.29979273676872253,-0.4392223656177521,-0.12111450731754303,1.0,-0.10008594393730164,3,1,1,0.9993090629577637,0,0,24002014,0
1779282334.096457,left,32845286,185,0,0,1919,0,0,0,0,0,1977,0,0,0,0,0,0,0,0,0,1,1,1,0,0,32,3423.699951171875,1652.533203125,1617.885009765625,153.2819061279297,3332.386474609375,91.31354522705078,33.57502746582031,51.95229721069336,59.93185806274414,0.10788723826408386,-0.3051701486110687,-0.3888365626335144,-0.10544772446155548,1.0,-0.12765106558799744,3,1,1,1.0,0,0,24002014,0
1779282334.140944,left,32897290,185,0,0,2936,0,0,0,0,0,2959,81,0,0,0,0,0,421,0,0,1,1,1,0,0,32,3589.005126953125,1745.796630859375,1743.5753173828125,99.63323974609375,3529.651123046875,59.35380554199219,35.19611740112305,52.21760559082031,56.0899772644043,0.09006113559007645,-0.31183531880378723,-0.3427833020687103,-0.12816649675369263,1.0,-0.16689300537109375,3,1,1,1.0,0,0,24002014,0
1779282334.207214,left,32951308,186,0,0,3570,139,0,0,0,0,3660,429,0,55,0,0,467,1022,0,0,1,1,1,0,0,32,4571.802734375,2162.367919921875,2197.323974609375,212.1116180419922,4533.22265625,38.57997131347656,44.834068298339844,53.045597076416016,56.5792350769043,0.09233126044273376,-0.33263635635375977,0.04202534258365631,-0.38507604598999023,1.0,-0.20722821354866028,3,1,1,1.0,0,0,24002014,0
1779282334.262438,left,32997120,186,93,0,4745,991,0,0,0,0,4797,1173,0,432,253,0,869,1403,103,0,1,1,1,0,0,32,6241.3720703125,2703.68896484375,2878.660400390625,659.0225219726562,6216.294921875,25.076980590820312,61.20695114135742,54.47401809692383,62.230010986328125,0.11855053901672363,-0.36852213740348816,0.5723233819007874,-0.6270771026611328,1.0,-0.19829636812210083,3,1,1,1.0,0,0,24002014,0
1779282334.291440,left,33048300,187,165,101,5345,1399,0,0,0,0,5578,1743,0,640,548,0,1177,1805,361,0,1,1,1,0,0,32,9257.5419921875,3797.547607421875,4111.82958984375,1348.1646728515625,9208.6923828125,48.85003662109375,90.78546905517578,54.80113983154297,69.93461608886719,0.15429943799972534,-0.37674006819725037,0.6984935402870178,-0.1605691760778427,1.0,-0.12301407754421234,3,1,1,1.0,0,0,24002014,0
1779282334.351938,left,33101307,185,185,79,5686,1555,0,0,0,0,5975,2002,0,686,580,0,1291,1801,425,0,1,1,1,0,0,32,12610.0029296875,4914.2060546875,5459.0380859375,2236.757080078125,12492.8505859375,117.15252685546875,123.66188049316406,54.996063232421875,76.26639556884766,0.18367856740951538,-0.3816371560096741,0.5542500019073486,-0.0923856794834137,1.0,0.023983240127563477,3,1,1,1.0,0,0,24002014,0
1779282334.402690,left,33153315,188,117,1,5980,1637,0,0,0,0,6261,2125,0,684,391,0,1253,1737,285,0,1,1,1,0,0,32,15234.6513671875,5813.9833984375,6579.72509765625,2840.942138671875,15073.1025390625,161.5491485595703,149.40089416503906,55.065677642822266,78.5523452758789,0.19428522884845734,-0.38338586688041687,0.20394288003444672,-0.03362388163805008,1.0,0.11252178251743317,3,1,1,1.0,0,0,24002014,0
1779282334.462987,left,33209311,185,160,44,6203,1772,0,0,0,0,6449,2179,0,694,386,52992,33540,55814,0,1792,1,1,0,0,0,32,-2.333612421320744e-36,7.027106218963908e-13,2.336504956628713e+23,-2.374480037890797e-33,4.5137404230954914e-11,3.58505732827564e-38,-0.1905810385942459,-7.070796725905382e-10,2.4563743844952293e-27,3268950622208.0,6.873119203239395e+18,2.376187606638322e+32,1.7237582604429224e-38,-2.5953089503871762e-18,5.6949456226408085e-39,1,1,222,822486237184.0,0,0,93757,1493172224
1779282334.614007,left,33309110,52372,265,126,6861,2104,0,0,0,0,6850,2192,0,657,321,0,1120,1494,58,0,1,1,1,0,0,32,19516.677734375,7634.068359375,8589.001953125,3293.6083984375,19302.986328125,213.69192504882812,191.39321899414062,54.77721405029297,77.64848327636719,0.1900913119316101,-0.3761390447616577,-0.051803551614284515,0.11367393285036087,1.0,0.10182877629995346,3,1,1,1.0,0,0,24002014,0
1779282334.660828,left,33309110,105353,265,126,6861,2104,0,0,0,0,6850,2192,0,657,321,0,1120,1494,58,0,1,1,1,0,0,32,19516.677734375,7634.068359375,8589.001953125,3293.6083984375,19302.986328125,213.69192504882812,191.39321899414062,54.77721405029297,77.64848327636719,0.1900913119316101,-0.3761390447616577,-0.051803551614284515,0.11367393285036087,1.0,0.10182877629995346,3,1,1,1.0,0,0,24002014,0
1779282334.748635,left,33468329,165,324,249,7549,2470,0,0,0,0,7378,2366,132,609,227,0,1095,1468,92,0,1,1,1,0,1,33,20416.291015625,8236.744140625,8979.2509765625,3200.29541015625,20140.541015625,275.7497253417969,200.2154083251953,54.39032745361328,76.83113861083984,0.1862989366054535,-0.3664194345474243,-0.0238186102360487,0.06104554235935211,1.0,0.06649075448513031,3,1,1,1.000016212463379,0,0,24002014,0
1779282334.786839,left,33517339,164,257,181,7646,2373,0,0,0,0,7461,2346,88,537,169,0,1104,1465,90,0,1,1,1,0,0,32,21557.88671875,8982.6845703125,9483.8623046875,3091.342041015625,21222.548828125,335.33734130859375,211.41064453125,54.01093673706055,75.78865051269531,0.18146184086799622,-0.35688814520835876,-0.09869609773159027,0.1944764107465744,1.0,0.016293907538056374,3,7,1,1.0,0,0,24002014,0
1779282334.817683,left,33569315,163,86,107,7803,2285,0,0,0,0,7614,2402,62,456,21,0,1100,1461,64,0,1,1,1,0,0,32,22319.177734375,9498.6943359375,9822.7099609375,2997.7724609375,21947.91015625,371.2692565917969,218.87635803222656,53.794918060302734,74.8878173828125,0.17728205025196075,-0.3514612019062042,-0.0804177075624466,0.1044124886393547,1.0,-0.031364258378744125,3,1,1,1.0,0,0,24002014,0
1779282334.875626,left,33624333,164,0,0,7902,2263,0,0,0,0,7805,2390,0,368,0,0,1081,1418,0,0,1,1,1,0,0,32,22714.615234375,9772.5009765625,10067.4609375,2874.652099609375,22405.740234375,308.875,222.7542724609375,53.848876953125,73.30586242675781,0.16994184255599976,-0.3528169095516205,-0.13341465592384338,-0.024641165509819984,1.0,-0.11812453716993332,3,1,1,1.0,0,0,24002014,0
1779282334.922328,left,33677314,164,0,0,8214,2155,0,0,0,0,8147,2400,0,21,0,0,912,1107,0,0,1,1,1,0,0,32,22897.447265625,9909.875,10244.400390625,2743.173828125,22696.6796875,200.76876831054688,224.5472412109375,54.01213073730469,71.42755889892578,0.16122663021087646,-0.3569181263446808,-0.16449694335460663,-0.07740920037031174,1.0,-0.2222520411014557,3,1,1,1.0,0,0,24002014,0
1779282334.982801,left,33732338,164,0,0,8133,2093,0,0,0,0,8025,2218,0,0,0,0,756,836,0,0,1,1,1,0,0,32,22843.392578125,10042.21875,10311.4609375,2489.713134765625,22712.89453125,130.49969482421875,224.01715087890625,54.035133361816406,69.08866882324219,0.15037424862384796,-0.357496052980423,-0.19722996652126312,-0.010503173805773258,1.0,-0.34990206360816956,3,1,1,1.0,0,0,24002014,0
1779282335.026138,left,33780347,168,0,0,7728,2015,0,0,0,0,7563,1892,0,0,0,0,710,755,0,0,1,1,1,0,0,32,22569.556640625,10106.54296875,10287.5,2175.513427734375,22484.73046875,84.82479858398438,221.3317413330078,53.93108367919922,66.98605346679688,0.14061826467514038,-0.35488206148147583,-0.20321156084537506,0.05444794520735741,1.0,-0.45955178141593933,3,1,1,1.0,0,0,24002014,0
1779282335.079859,left,33835339,164,0,0,6392,1302,0,0,0,0,6080,1210,0,0,0,0,475,475,0,0,1,1,1,0,0,32,21902.259765625,9979.3037109375,9996.125,1926.833740234375,21847.123046875,55.1361198425293,214.7877960205078,53.79975509643555,65.53369903564453,0.13387945294380188,-0.3515828251838684,-0.12254167348146439,0.05999483913183212,1.0,-0.5222758650779724,3,1,1,1.0,0,0,24002014,0
1779282335.124629,left,33881149,165,0,0,5180,634,0,0,0,0,4979,637,0,0,0,0,266,277,0,0,1,1,1,0,0,32,19813.369140625,9179.447265625,9048.98046875,1584.9420166015625,19777.53125,35.838478088378906,194.30276489257812,53.631263732910156,64.11061096191406,0.1272764503955841,-0.34734973311424255,-0.1441388875246048,0.09240541607141495,1.0,-0.5401066541671753,3,1,1,822486237184.0,0,0,24002014,0
1779282335.175628,left,33932329,164,0,0,4122,179,0,0,0,0,4107,113,0,0,0,0,44,66,0,0,1,1,1,0,0,32,17069.240234375,8001.54052734375,7847.4375,1220.26220703125,17045.9453125,23.295011520385742,167.39205932617188,53.4913330078125,62.47856521606445,0.11970381438732147,-0.3438344895839691,-0.1479608416557312,0.0686839297413826,1.0,-0.5321335196495056,3,1,1,1.0,0,0,24002014,0
1779282335.228630,left,33984332,163,0,0,3529,0,0,0,0,0,3543,0,0,0,0,0,0,0,0,0,1,1,1,0,0,32,14115.857421875,6706.3515625,6577.833984375,831.6704711914062,14100.7158203125,15.14175796508789,138.4292755126953,53.297943115234375,60.26750564575195,0.10944464057683945,-0.33897632360458374,-0.1972804218530655,0.09342087805271149,1.0,-0.5149367451667786,3,1,1,1.0,0,0,24002014,0
1779282335.341628,left,34091342,164,0,0,2999,0,0,0,0,0,2988,0,0,0,0,0,0,0,0,0,1,1,1,0,0,32,9811.080078125,4751.03125,4708.6669921875,351.3807678222656,9804.681640625,6.397392749786377,96.21382904052734,52.989601135253906,56.170814514160156,0.09043624252080917,-0.3312298059463501,-0.16129310429096222,0.06442397087812424,1.0,-0.4534568786621094,3,1,1,1.0,0,0,24002014,0
1779282335.401707,left,34146355,164,0,0,2841,0,0,0,0,0,2811,0,0,0,0,0,0,0,0,0,1,1,1,0,0,32,8472.6513671875,4137.81982421875,4106.43359375,228.39749145507812,8468.4931640625,4.1583051681518555,83.08832550048828,52.856971740722656,54.60014343261719,0.08314839750528336,-0.3278977870941162,-0.13247495889663696,0.06056784465909004,1.0,-0.4242704510688782,3,1,1,1.0,0,0,24002014,0
1779282335.447128,left,34199334,164,0,0,2707,0,0,0,0,0,2630,0,0,0,0,0,0,0,0,0,1,1,1,0,0,32,7485.42333984375,-2.3204186021285768e-36,868138518315008.0,-195.0799102783203,12970453.0,845197755809792.0,0.011875823140144348,-3.941359996262e+33,-4.0187199841050917e-23,833950041767936.0,3.154037807642071e-22,1.0946130835719324e+20,5.63790997254586e-39,-2.853572368621826e-06,1.7521756123905046e-38,3,1,1,822486237184.0,0,0,24002014,0
1779282335.503128,left,34243960,164,0,0,2598,0,0,0,0,0,2541,0,0,0,0,0,0,0,0,0,1,1,1,0,0,32,4.0908619449762774e-23,-2.3751039682516942e-33,-1.5632067294337206e+31,-3.043029308319092,-3.9949780540578205e-26,-12876743680.0,-3.0393104553222656,-5.873026877821657e+25,0.0007412648410536349,3106112.75,-8.669477635780964e-11,-1.8278183369534106e-32,5.65183607668432e-39,51405389824.0,1.7517316810370065e-38,1,1,222,822486237184.0,0,0,93757,3456106496
1779282335.551628,left,34243960,51361,0,0,2598,0,0,0,0,0,2541,0,0,0,0,0,0,0,0,0,1,1,1,0,0,32,6733.4755859375,3342.00634765625,3294.970947265625,-5.494299117695795e+17,-238103330816.0,-1.3003979437092792e+20,-1.7022740568553414e-36,268168101888.0,64938582016.0,-2.65011966281968e-26,-9.119874702911493e-17,-6431800320.0,-2.5719243342495625e-32,-8.547920632381384e-44,-0.6535834670066833,3,1,1,-2.6624670822171524e-43,0,0,24002014,0
1779282335.596645,left,34349153,163,0,0,2967,0,0,0,0,0,2747,0,0,0,0,0,0,0,0,0,1,1,1,0,0,32,5871.5703125,2944.10498046875,2886.6953125,40.7703857421875,5870.828125,0.7422835230827332,57.5804328918457,52.46931838989258,51.0512809753418,0.06668191403150558,-0.31815895438194275,-0.059270359575748444,0.03664455562829971,1.0,-0.34400925040245056,3,1,1,1.0,0,0,24002014,0
1779282335.644366,left,34349153,51152,0,0,2967,0,0,0,0,0,2747,0,0,0,0,0,0,0,0,0,1,1,1,0,0,32,5871.5703125,2944.10498046875,2886.6953125,40.7703857421875,5870.828125,0.7422835230827332,57.5804328918457,52.46931838989258,51.0512809753418,0.06668191403150558,-0.31815895438194275,-0.059270359575748444,0.03664455562829971,1.0,-0.34400925040245056,3,1,1,1.0,0,0,24002014,0
1779282335.672374,left,34410340,163,0,0,3265,0,0,0,0,0,2994,0,0,0,0,0,0,0,0,0,1,1,1,0,0,32,5816.4208984375,2952.106689453125,2837.802001953125,26.500749588012695,5815.93798828125,0.4824843406677246,57.03960418701172,-6.457303646671221e+37,-1.053253871611323e-17,-6.297806834030025e+37,-1.4202934153217939e-06,-1.8638185532174706e-29,5.648477164265333e-39,-47.875,1.751241927223725e-38,3,1,1,822486237184.0,0,0,24002014,0
1779282335.717373,left,34410340,57168,0,0,3265,0,0,0,0,0,2994,0,0,0,0,0,0,0,0,0,1,1,1,0,0,32,5816.4208984375,2952.118408203125,2837.802001953125,26.500749588012695,5815.93798828125,0.4824843406677246,57.03960418701172,52.31511688232422,50.62792205810547,0.06471755355596542,-0.3142852187156677,-0.032104212790727615,0.06330978125333786,1.0,-0.3466854691505432,3,1,1,1.0,0,0,24002014,0
1779282335.768373,left,34509341,164,0,0,3769,0,0,0,0,0,3554,0,0,0,0,0,0,0,0,0,1,1,1,0,1,33,5971.32373046875,3061.626953125,2892.47119140625,17.225486755371094,5971.01025390625,0.3136148154735565,58.55868148803711,52.18642044067383,50.3315315246582,0.06334228068590164,-0.3110518455505371,-0.01389150507748127,0.03266000747680664,1.0,-0.3601643443107605,3,1,1,1.0,0,0,24002014,0
1779282335.814373,left,34509341,58170,0,0,3769,0,0,0,0,0,3554,0,0,0,0,0,0,0,0,0,1,1,1,0,1,33,5971.32373046875,3061.626953125,2892.47119140625,17.225486755371094,5971.01025390625,0.3136148154735565,58.55868148803711,52.18642044067383,50.3315315246582,0.06334228068590164,-0.3110518455505371,-0.01389150507748127,0.03266000747680664,1.0,-0.3601643443107605,3,1,1,1.0,0,0,24002014,0
1779282335.859604,left,34611370,164,0,0,4018,42,0,0,0,0,3981,200,0,0,0,0,0,142,0,0,1,1,1,0,3,35,6444.40966796875,3309.207763671875,3124.00634765625,11.19656753540039,6444.2060546875,0.20384962856769562,63.19806671142578,52.16347122192383,50.128089904785156,-5.1614688316496683e-26,-0.3104752004146576,-0.009251793846487999,0.0056517766788601875,1.0,-0.3918440341949463,3,1,1,1.0,0,0,24002014,0
1779282335.911873,left,34663369,164,0,0,4180,104,0,0,0,0,4275,284,0,0,0,0,0,203,0,0,1,1,1,0,0,32,7122.9169921875,6247.97021484375,3493.953857421875,56.97776794433594,7122.78466796875,0.1325022429227829,69.8519515991211,52.493534088134766,51.139793395996094,0.06709256023168564,-0.3187676966190338,0.09027540683746338,-0.15947414934635162,1.0,-0.41581204533576965,3,1,1,1.0,0,0,24002014,0
1779282335.971375,left,34716349,163,0,0,4385,99,0,0,0,0,4509,379,0,0,0,0,10,184,184,0,1,1,1,0,0,32,7787.595703125,3819.440185546875,3866.72021484375,101.435546875,7787.509765625,0.08612646162509918,76.37022399902344,52.79046630859375,52.062923431396484,0.07137586921453476,-0.3262268900871277,0.08084765821695328,-0.1407926380634308,1.0,-0.43736732006073,3,1,1,1.0,0,0,24002014,0
1779282336.021873,left,34768354,165,0,0,4774,178,0,0,0,0,4907,556,0,0,0,0,73,259,0,0,1,1,1,0,0,32,8418.435546875,4747.572265625,4224.16796875,140.4831085205078,8418.3798828125,0.05598220229148865,82.55664825439453,53.026031494140625,52.77345657348633,0.074672631919384,-0.33214467763900757,0.06339319050312042,-0.11379266530275345,1.0,-0.45844709873199463,3,1,1,1.0,0,0,24002014,0
1779282336.068874,left,34819351,164,0,0,5040,315,0,0,0,0,5271,734,0,0,0,0,130,295,0,0,1,1,1,0,0,32,9233.435546875,4368.1611328125,4657.75927734375,207.51402282714844,9233.3984375,0.03638843446969986,90.549072265625,53.2581787109375,53.751033782958984,0.079208604991436,-0.3379771411418915,6.739908652887705e-13,1.7440933432378184e-38,-4.055170234979963e-20,1.7537121361566368e-38,3,1,1,822486237184.0,0,0,24002014,0
1779282336.136374,left,34872360,164,0,0,5611,490,0,0,0,0,5742,984,0,0,0,0,171,347,0,0,1,1,1,0,0,32,10126.482421875,4713.55419921875,5129.2939453125,283.6341247558594,10126.458984375,0.02365248091518879,99.30686950683594,4.3376985697545975e+33,2.6972311543808653e-15,-3.567333777045341e-35,-6101.96484375,2.7608342278995224e-09,1.7429360108361325e-38,0.0467529296875,1.7540820789512185e-38,3,1,1,822486237184.0,0,0,24002014,0
1779282336.166373,left,34923362,164,0,0,5935,631,0,0,0,0,6209,1257,0,0,0,0,320,375,0,0,1,1,1,0,0,32,11252.9638671875,5199.16015625,5688.14111328125,365.66217041015625,11252.94921875,0.015374112874269485,110.35387420654297,53.570281982421875,55.810813903808594,0.08876588195562363,-0.345817893743515,0.09344648569822311,-0.05123753473162651,1.0,-0.5308120846748352,3,1,1,1.0,0,0,24002014,0
1779282336.241374,left,34975359,164,0,0,6282,785,0,0,0,0,6566,1504,0,0,0,0,389,400,0,0,1,1,1,0,0,32,12468.8759765625,5677.5537109375,6310.3916015625,480.930419921875,12468.8662109375,0.00999317318201065,122.27790069580078,53.75351333618164,56.8974494934082,0.09380776435136795,-0.35042107105255127,0.09696487337350845,-0.08852775394916534,1.0,-0.5556637644767761,3,1,1,1.0,0,0,24002014,0
1779282336.279090,left,35030384,165,0,0,6400,762,0,0,0,0,6900,1612,0,0,0,0,477,400,0,0,1,1,1,0,0,32,13670.8173828125,6155.81005859375,6926.25439453125,588.7547607421875,13670.8115234375,0.006495563313364983,134.06491088867188,53.89060592651367,57.79216766357422,0.09795917570590973,-0.35386520624160767,0.07544591277837753,-0.06259218603372574,1.0,-0.5798839330673218,3,1,1,1.0,0,0,24002014,0
1779282336.336568,left,35076174,164,0,0,6549,841,0,0,0,0,6970,1690,0,0,0,0,486,388,0,0,1,1,1,0,0,32,14686.931640625,6516.0263671875,2556.632568359375,689.6405639648438,14686.927734375,0.0042221155017614365,144.02960205078125,54.060787200927734,58.41267776489258,0.1008383184671402,-0.3581404685974121,0.0628771111369133,-0.09336672723293304,1.0,-0.6011220812797546,3,1,1,1.0,0,0,24002014,0
1779282336.391611,left,35133384,165,0,0,6669,800,0,0,0,0,7118,1692,0,0,0,0,500,423,0,0,1,1,1,0,0,32,15459.755859375,6807.5673828125,7893.822265625,758.3663940429688,15459.751953125,0.0027443754952400923,151.60841369628906,54.145957946777344,58.794456481933594,0.10260975360870361,-0.36028045415878296,0.030963733792304993,-0.037405796349048615,1.0,-0.6185936331748962,3,1,1,1.0,0,0,24002014,0
1779282336.428646,left,35185388,165,0,0,6631,824,0,0,0,0,7150,1756,0,0,0,0,517,428,0,0,1,1,1,0,0,32,16064.642578125,7034.16845703125,8214.484375,815.9881591796875,16064.640625,0.0017838440835475922,157.5403289794922,54.211402893066406,59.05691909790039,0.1038275957107544,-0.3619247078895569,0.023418240249156952,-0.03161783143877983,1.0,-0.6326817870140076,3,1,1,1.0,0,0,24002014,0
1779282336.493646,left,35240383,165,0,0,6614,847,0,0,0,0,7091,1789,0,0,0,0,500,500,0,0,1,1,1,0,0,32,16481.966796875,7181.458984375,8445.314453125,855.1922607421875,16481.96484375,0.0011594987008720636,161.63287353515625,1.7123582765467882e-28,59.26183319091797,0.10477837920188904,-0.36331626772880554,0.01728854328393936,-0.025303388014435768,1.0,-0.6410151720046997,3,1,1,1.0,0,0,24002014,0
1779282336.539648,left,35284802,164,0,0,6513,895,0,0,0,0,6935,1737,0,0,0,0,510,645,0,0,1,1,1,0,0,32,16774.576171875,7279.298828125,8585.904296875,909.375,16774.576171875,0.000753674132283777,164.5023956298828,54.32246780395508,1.0540261274312025e-17,-2.1888152136778672e+20,1.7936108073480652e-35,-1.4623609435916324e+28,1.7357247888088706e-38,1.37990292582632e+19,1.7553456297765002e-38,3,1,1,822486237184.0,0,0,24002014,0
1779282336.595146,left,36194344,165,0,0,6368,879,0,0,0,0,6776,1658,0,0,0,0,589,655,0,0,1,1,1,0,0,32,16930.126953125,7318.744140625,8616.037109375,995.34375,16930.125,0.0004898881888948381,166.02783203125,54.39216613769531,60.0961799621582,0.10864969342947006,-0.3664657473564148,0.04285500943660736,-0.030414683744311333,1.0,-0.6245578527450562,3,1,1,1.0,0,0,24002014,0
1779282336.639648,left,35394380,164,0,0,6325,935,0,0,0,0,6705,1686,0,0,0,0,588,655,0,0,1,1,1,0,0,32,16943.3828125,7299.23388671875,8562.125,1082.0234375,16943.380859375,0.00031842730822972953,166.15782165527344,54.45614242553711,60.599571228027344,0.11098538339138031,-0.36807286739349365,0.04491366073489189,-0.030903778970241547,1.0,-0.604585587978363,3,1,1,1.0,0,0,24002014,0
1779282336.684646,left,35440194,164,0,0,6328,952,0,0,0,0,6737,1707,0,0,0,0,589,757,0,0,1,1,1,0,0,32,16938.697265625,7286.5517578125,8513.431640625,1138.7152099609375,16938.697265625,0.000206977769266814,166.11187744140625,54.490081787109375,60.96533203125,0.1126825213432312,-0.36892539262771606,0.037044089287519455,-0.018608400598168373,1.0,-0.5895552039146423,3,1,1,1.0,0,0,24002014,0
1779282336.746648,left,35501417,164,0,0,6368,983,0,0,0,0,6754,1727,0,0,0,0,642,709,0,0,1,1,1,0,0,32,16967.853515625,7284.2587890625,8489.1298828125,1194.46484375,16967.853515625,0.0001345355558441952,166.39779663085938,54.53025817871094,61.32447814941406,0.11434891074895859,-0.36993497610092163,0.027218356728553772,-0.016490263864398003,1.0,-0.5751879215240479,3,1,1,1.0,0,0,24002014,0
1779282336.809147,left,35545384,166,0,0,6426,1003,0,0,0,0,6822,1760,0,0,0,0,666,699,0,0,1,1,1,0,0,32,17043.154296875,7307.6181640625,8486.2841796875,1249.252197265625,17043.154296875,8.744811202632263e-05,167.13624572753906,54.55809020996094,61.63043975830078,0.11576853692531586,-0.3706341087818146,0.03228844702243805,-0.01590130478143692,1.0,-0.5659973621368408,3,1,1,1.0,0,0,24002014,0
1779282336.841648,left,35597388,164,0,0,6527,954,0,0,0,0,6889,1774,0,0,0,0,632,699,0,0,1,1,1,0,0,32,17144.251953125,7343.10205078125,8519.78515625,1281.3638916015625,17144.251953125,5.684127245331183e-05,168.12767028808594,54.57615661621094,61.79364776611328,0.11652585119009018,-0.3710879683494568,0.014562616124749184,-0.00872739776968956,1.0,-0.5626418590545654,3,1,1,1.0,0,0,24002014,0
1779282336.902647,left,35649396,165,0,0,6627,984,0,0,0,0,6969,1780,0,0,0,0,665,642,0,0,1,1,1,0,0,32,17282.0625,7401.8662109375,8569.91015625,1310.2864990234375,17282.0625,3.6946828913642094e-05,169.47914123535156,54.58119201660156,61.89120864868164,0.11697851866483688,-0.37121444940567017,0.008703804574906826,-0.00243195379152894,1.0,-0.5631197690963745,3,1,1,1.0,0,0,24002014,0
1779282336.947146,left,35700390,164,0,0,6722,974,0,0,0,39168,55323,6,0,0,0,41216,38402,2,0,1792,1,1,0,0,0,32,-6.477300364362604e-39,-4.0141332299264205e+33,2.229582978655191e+17,9.068541096415545e+20,-49.63288879394531,1.3886547529677905e+25,-2.2501250375738196e+20,208684433408.0,1.0294955002309302e-20,-1.4014642468123283e+22,1.3235348257431144e-15,1.1341458550863032e+26,5.518669282321068e-39,1.0381235801548705e-17,1.7546990706650607e-38,1,1,222,822486237184.0,0,0,93757,1644167168
1779282336.999649,left,35753400,10813605,0,0,6844,1029,0,0,0,0,7149,1724,0,0,0,0,597,586,0,0,1,1,1,0,0,32,17562.32421875,7553.6162109375,8695.76953125,1312.9385986328125,17562.32421875,1.5610035916324705e-05,172.22756958007812,54.52893829345703,61.71493148803711,0.11616059392690659,-0.3699016273021698,-0.010704746469855309,0.01585240662097931,1.0,-0.5796788334846497,3,1,1,1.0,0,0,24002014,0
1779282337.052148,left,35806410,164,0,0,6878,1028,0,0,0,0,7126,1663,0,0,0,0,533,533,0,0,1,1,1,0,0,32,17682.26171875,7665.05029296875,8749.75,1267.4600830078125,17682.26171875,1.0146522981813177e-05,173.40374755859375,54.43160629272461,61.42171859741211,0.1148001104593277,-0.3674565851688385,-0.02566465735435486,0.046124167740345,1.0,-0.5960754752159119,3,1,1,1.0,0,0,24002014,0
1779282337.118649,left,35862415,164,0,0,6924,996,0,0,0,0,7155,1647,0,0,0,0,504,504,0,0,1,1,1,0,0,32,17717.8671875,7749.3828125,8771.537109375,1196.948974609375,17717.8671875,6.595239938178565e-06,173.75291442871094,54.31743240356445,61.02225875854492,0.11294662952423096,-0.36458805203437805,-0.03309491649270058,0.05121923238039017,1.0,-0.6142549514770508,3,1,1,1.0,0,0,24002014,0
1779282337.163646,left,35916400,164,0,0,6935,1038,0,0,0,0,7098,1581,0,0,0,0,434,467,211,0,1,1,1,0,0,32,17723.1640625,7820.298828125,8772.048828125,1130.81689453125,17723.1640625,4.2869060052908026e-06,173.8048553466797,54.205745697021484,60.66435241699219,0.11128596216440201,-0.3617821931838989,-0.03076164424419403,0.051974788308143616,1.0,-0.6296559572219849,3,1,1,1.0,0,0,24002014,0
1779282337.222210,left,35960992,164,0,0,6929,986,0,0,0,0,7115,1525,0,0,0,0,413,469,0,0,1,1,1,0,0,32,17653.45703125,7856.94189453125,8745.431640625,1051.0809326171875,17570.45703125,2.7864889489137568e-06,173.12127685546875,-4.01896453098571e-23,4.527187869030058e-08,-2.6350383955034288e-15,-4.483756892867792e-36,-1664280097193984.0,5.648330027926579e-39,3.776671583745594e-29,1.7553910318467443e-38,3,1,1,822486237184.0,0,0,24002014,0
1779282337.254252,left,35960992,51361,0,0,6929,986,0,0,0,0,7115,1525,0,0,0,0,413,469,0,0,1,1,1,0,0,32,17653.45703125,7856.9443359375,8745.431640625,1051.0809326171875,17653.45703125,2.7864889489137568e-06,173.12127685546875,54.09372329711914,60.239845275878906,0.10931625217199326,-0.35896798968315125,-0.04417182505130768,0.06311005353927612,1.0,-0.6451578140258789,3,1,1,1.0,0,0,24002014,0
1779282337.269253,left,36022391,164,0,0,6913,976,0,0,0,38144,6912,1524,0,0,0,0,448,481,0,0,1,1,1,0,0,32,6.569020705311666e-22,850238504960.0,1.758870013610775e-13,1.143639849487954e-08,-2.577150704318931e+35,3.277712332121178e+18,3.6003137760087025e+21,2.3494732482968318e+26,-13361570906112.0,8.927321406870188e-36,-0.3470969498157501,7.301600274284491e+27,5.6074681647068675e-39,-1.4816594845196895e+28,1.7554847787140077e-38,3,1,222,822486237184.0,0,0,93757,838860800
1779282337.345416,left,36066014,164,0,0,6894,974,0,0,0,0,7061,1486,0,0,0,0,404,503,0,0,1,1,1,0,0,32,17505.212890625,7881.37158203125,8661.427734375,962.4141845703125,17505.212890625,1.1772917787311599e-06,171.66749572753906,53.81575393676758,59.73479080200195,0.10697285085916519,-0.3553459048271179,-0.021085640415549278,0.0337756909430027,1.0,-0.6609496474266052,3,1,1,1.0,0,0,24002014,0
1779282337.431862,left,36169404,166,0,0,6908,992,0,0,0,0,7048,1486,0,0,0,0,435,468,0,0,1,1,1,0,0,32,17407.96484375,7879.7041015625,8597.84765625,930.4124755859375,17407.96484375,4.974057787876518e-07,170.7138214111328,53.885189056396484,59.531097412109375,0.10602842271327972,-0.35372909903526306,-0.006943127606064081,0.013731343671679497,1.0,-1.6831310987472534,3,1,1,1.0,0,0,24002014,0
1779282337.471309,left,36224424,164,0,0,6955,1041,0,0,0,0,7153,7106,0,0,0,0,423,434,0,0,1,1,1,0,0,32,17388.025390625,7886.8076171875,8583.55078125,917.6680908203125,17388.025390625,3.2331374200111895e-07,170.51828002929688,53.8594970703125,59.45090866088867,0.10565566271543503,-0.35308364033699036,-0.006762532517313957,0.011731346137821674,1.0,-0.6683666110038757,3,1,1,1.0,0,0,24002014,0
1779282337.531498,left,36280425,165,0,0,6995,1055,0,0,0,0,7202,1511,0,0,0,0,444,444,0,0,1,1,1,0,0,32,17432.119140625,7925.02490234375,8602.9580078125,904.13427734375,17432.119140625,2.101539280374709e-07,170.95068359375,53.828678131103516,59.36418151855469,0.10525325685739517,-0.35230958461761475,-0.007185690570622683,0.013822176493704319,1.0,-0.6736883521080017,3,1,1,1.0,0,0,24002014,0
1779282337.589037,left,36280425,55150,0,0,6995,1055,0,0,0,0,7202,1511,0,0,0,0,444,444,0,0,1,1,1,0,0,32,17432.119140625,7925.02490234375,8602.9580078125,904.13427734375,-3.8707080075861544e-12,5.199141007399269e+19,-1.5396022401646316e-28,-9.397757225150945e+26,9.141939526461786e-36,-9.180197063415377e+26,-1.888646930660321e+30,2.839763033255833e+25,5.545450898571244e-39,-210556476719104.0,1.7556529345297266e-38,3,1,1,822486237184.0,0,0,24002014,0
1779282337.633638,left,36379451,164,0,0,7071,1162,0,0,0,0,0,0,361,0,7322,1606,0,318,0,0,1,1,1,0,3,35,17467.775390625,7968.7666015625,8611.373046875,887.6372680664062,17467.775390625,1.3660006459303986e-07,171.30035400390625,53.785099029541016,7.480698052953874e-28,0.10480788350105286,-0.3512146472930908,-0.004497539717704058,0.011057068593800068,1.0,-0.6790886521339417,3,1,1,1.0,0,0,24002014,0
1779282337.686491,left,36430423,164,0,0,7043,1198,0,0,0,0,7305,1632,0,0,0,0,344,333,0,0,1,1,1,0,0,32,17512.3046875,8051.4482421875,8646.9423828125,813.9141845703125,17512.3046875,8.879003843276223e-08,171.73704528808594,53.67644119262695,58.97609329223633,0.10345256328582764,-0.3484848439693451,-0.02658950537443161,0.0535549595952034,1.0,-0.6930915117263794,3,1,1,1.0,0,0,24002014,0
1779282337.749493,left,36487439,165,0,0,7101,1213,0,0,0,0,7168,1647,0,0,0,0,361,263,0,0,1,1,1,0,0,32,17621.048828125,8127.59130859375,8732.712890625,760.7442626953125,17621.048828125,5.771352462602408e-08,172.80345153808594,53.6223030090332,58.824275970458984,0.10274814069271088,-0.3471249043941498,-0.01235482282936573,0.023851893842220306,1.0,-0.7038130164146423,3,1,1,1.0,0,0,24002014,0
1779282337.786733,left,36487439,53132,0,0,7101,1251,0,0,0,0,7260,1647,0,0,0,0,361,263,0,0,1,1,1,0,0,32,17621.048828125,8127.59130859375,8732.712890625,760.7442626953125,17621.048828125,5.771352462602408e-08,172.80345153808594,53.6223030090332,58.824275970458984,0.10274814069271088,-0.3471249043941498,-0.01235482282936573,0.023851893842220306,1.0,-0.7038130164146423,3,1,1,1.0,0,0,24002014,0
1779282337.853810,left,36487439,109184,0,0,7101,1251,0,0,0,0,7260,1647,0,0,0,0,361,263,0,0,1,1,1,0,0,32,17621.048828125,8127.59130859375,8732.712890625,760.7442626953125,17621.048828125,5.771352462602408e-08,172.80345153808594,53.6223030090332,58.824275970458984,0.10274814069271088,-0.3471249043941498,-0.01235482282936573,0.02385200932621956,1.0,-0.7038130164146423,3,1,1,1.0,0,0,24002014,0
1779282337.883197,left,36640422,164,0,0,6764,1467,0,0,0,0,6963,1701,0,0,0,0,380,492,0,0,1,1,1,0,3,35,17716.93359375,8185.83447265625,8793.712890625,737.3837890625,17716.93359375,3.75137894081945e-08,173.74375915527344,53.594364166259766,58.81480026245117,0.10270418226718903,-0.3464229702949524,-0.00028734191437251866,0.0045883143320679665,1.0,-0.708045482635498,3,1,1,1.0,0,0,24002014,0
1779282337.950309,left,36694410,165,0,0,6700,1570,0,0,0,0,6790,1704,0,0,0,0,467,535,0,0,1,1,1,0,0,32,17734.45703125,8201.642578125,8748.3134765625,784.4993896484375,17734.45703125,2.4383965069318947e-08,173.9156036376953,53.602272033691406,59.368797302246094,0.10527467727661133,-0.3466215431690216,4.202468248067949e-14,1.7213791359101917e-38,-2.853572368621826e-06,1.7557584523040903e-38,3,1,1,822486237184.0,0,0,24002014,0
1779282337.995897,left,36747423,164,0,0,6551,1590,0,0,0,0,6691,1743,0,0,0,0,527,561,0,0,1,1,1,0,0,32,17745.49609375,8225.568359375,8659.3037109375,860.6246337890625,17745.49609375,1.5849577650328683e-08,174.02386474609375,53.601444244384766,60.00835418701172,0.10824219882488251,-0.3466007113456726,0.055977240204811096,0.00039295689202845097,1.0,-0.6583757996559143,3,1,1,1.0,0,0,24002014,0
1779282338.054420,left,36792230,164,0,0,6433,1686,0,0,0,0,6521,1811,0,0,0,0,561,584,0,354,1,1,1,0,0,32,17716.623046875,8195.96875,8580.447265625,940.2059936523438,17716.623046875,1.030222573916717e-08,173.74072265625,53.647361755371094,60.62132263183594,-2.137944353836892e+17,5.5499693729643695e-09,6.149879626771216e+34,-0.028787096962332726,-2.9921875,1.755263233426798e-38,3,1,1,822486237184.0,0,0,24002014,0
1779282338.095010,left,36846425,165,0,0,6314,1678,0,0,0,0,6372,1769,0,0,0,0,695,579,0,637,1,1,1,0,0,32,-218299866546176.0,1.758565217275035e-13,1.5995726412190634e-25,2.6013669061540235e-21,-6.264898923591044e-28,8.011848486632817e+17,6.771703364404622e-16,-199003.375,-9.588321221352229e-30,-4.319030549870817e-11,-1.9339145716467684e+33,3114485.75,1.7351876711074949e-38,2.9921875,1.7546053237977974e-38,3,1,1,822486237184.0,0,0,93918,486539264
1779282338.159151,left,36903430,163,0,0,6421,1742,0,0,0,37,6455,1829,0,0,0,0,742,568,0,801,1,1,1,0,0,32,17955.783203125,8145.49951171875,8404.3134765625,1405.9720458984375,17955.783203125,4.352690208264676e-09,176.08607482910156,53.81706619262695,64.55158996582031,0.12932249903678894,-0.35201770067214966,0.17892961204051971,-0.04670712351799011,1.0,-0.4704745411872864,3,1,1,822486237184.0,0,0,24002014,0
1779282338.222527,left,36949242,163,0,0,6618,1816,0,0,0,0,6862,2051,0,0,0,0,825,476,0,604,1,1,1,0,0,32,18109.158203125,8151.62451171875,8362.2041015625,1595.3316650390625,18109.158203125,2.8292490572567885e-09,177.59017944335938,53.88327407836914,66.01390075683594,0.13610751926898956,-0.3539937436580658,0.14810574054718018,1.742195144338044e-38,9.004286727298722e-36,1.752422661309765e-38,3,1,1,822486237184.0,0,0,24002014,0
1779282338.271319,left,37005423,165,0,0,6997,1844,0,0,0,59392,12316,9,0,0,0,56320,24322,0,0,1792,1,1,0,0,0,32,-852825735168.0,-1.5319783064004208e+28,207641264.0,1.8330077011796675e-07,2.5775076271910577e+35,194599599472640.0,-3.600950472406022e+21,-2.895935040214681e-06,-1.0544968759178064e-17,8.93636146352324e-36,0.005820024758577347,-203238899712.0,1.734901946350619e-38,6.187698722808781e-25,1.752096018637731e-38,1,1,222,822486237184.0,0,0,93757,872415232
1779282338.316526,left,37060450,165,0,0,7607,1529,0,0,0,0,8175,2429,0,0,0,0,361,0,0,0,1,1,1,0,0,32,18799.26953125,8447.345703125,8973.9384765625,1377.982666015625,18799.26953125,1.1953577017109751e-09,184.35784912109375,53.86679458618164,64.37979125976562,0.12852537631988525,-0.35326701402664185,-0.18762432038784027,0.03668707236647606,1.0,-0.5003233551979065,3,1,1,1.0,0,0,24002014,0
1779282338.371098,left,37060450,52160,0,0,7607,1529,0,0,0,0,8175,2429,0,0,0,0,361,0,0,0,1,1,1,0,0,32,18799.26953125,8447.345703125,8973.9384765625,1377.982666015625,18799.26953125,1.1953577017109751e-09,184.35784912109375,53.86679458618164,64.37979125976562,0.12852537631988525,-0.35326701402664185,-0.18762432038784027,0.03668707236647606,1.0,-0.5003233551979065,3,1,1,1.0,0,0,24002014,0
1779282338.414098,left,37157047,163,0,0,8707,816,0,0,0,0,9324,1390,0,0,0,0,36,0,0,0,1,1,1,0,3,35,19227.923828125,8688.375,9517.509765625,1022.038818359375,19227.923828125,7.769825338677094e-10,188.56150817871094,53.760162353515625,61.99248504638672,0.11744841188192368,-0.35058820247650146,-0.11467193067073822,0.02773183025419712,1.0,-0.6218523979187012,3,1,1,1.0,0,0,24002014,0
1779282338.475099,left,37215452,164,0,0,9050,682,0,0,0,0,9585,1120,0,0,0,0,0,0,0,0,1,1,1,0,0,32,19593.69921875,8980.4931640625,9936.28125,676.9251708984375,19593.69921875,5.050386220339931e-10,192.14854431152344,53.555686950683594,59.00345230102539,0.10357949882745743,-0.34545108675956726,-0.23746106028556824,0.08795677870512009,1.0,-0.7741817235946655,3,1,1,1.0,0,0,24002014,0
1779282338.507599,left,37260256,164,0,0,9039,587,0,0,0,0,9541,940,0,0,0,0,0,0,0,1792,1,1,0,0,0,32,-1.8063144036073453e-10,-0.012088863179087639,1.1261928022088252e-11,2.918532118201256e-06,-1.0514133630828846e-20,-2.5568436257117355e-09,-4.546277665440357e-08,9.356831442105742e-33,1.6079374550313954e-22,2.4053333574382472e+32,1.2322484600399863e-24,7.366020436660557e+27,5.681344619746072e-39,8.831378725288448e+20,1.7576346508179748e-38,1,1,222,822486237184.0,0,0,93757,905969664
1779282338.559599,left,37260256,51154,0,0,9039,587,0,0,0,0,9541,940,0,0,0,0,0,0,0,0,1,1,1,0,0,32,6.31497631465472e+18,2.2443971829488873e-05,2.8720550896308223e-39,0.002781144343316555,2.568171727143588e+34,-2.493676050920243e+16,2.840531274963088e+31,8.641194343566895,166708428800.0,1.8095606292062822e+22,0.00926177017390728,60862.40625,2.2192363779512128e-41,-2.1070991351734847e-07,6.865661825959441e-41,1,1,222,0.8251876831054688,0,0,93757,993394688
1779282338.575947,left,37321447,164,0,0,9023,510,0,0,0,0,9477,869,0,0,0,0,0,0,0,0,1,1,1,0,0,32,19952.693359375,9374.8857421875,10291.806640625,286.00091552734375,19952.693359375,2.133788284952587e-10,195.66908264160156,53.2266845703125,55.2811393737793,0.08630821108818054,-0.3371860384941101,-0.11619538068771362,0.05595819279551506,1.0,-0.9665396213531494,3,1,1,1.0,0,0,24002014,0
1779282338.616468,left,37364269,164,0,0,8775,458,0,0,0,0,9240,764,0,0,0,0,0,0,0,1792,1,1,0,0,0,32,2034323473563648.0,1.2761223634562642e-22,-3.3357366203519145e+23,-2.333565458922937e-11,nan,8.23181527070711e+25,-3.2389137419837963e-34,-6.9249969106169364e+19,-4.214569231802967e-13,1.0309008673517886e+28,-6.738822688886689e-14,-1.3484117773958307e+32,2.201860276993585e-41,2.123121096568184e-30,6.870005851198848e-41,1,1,222,0.8251876831054688,0,0,93757,2915893248
1779282338.679968,left,37418467,164,0,35328,32545,1,0,0,0,20224,50723,2,0,0,0,0,0,0,0,1792,1,1,0,0,536870912,0,-813468.625,-2.621452491247752e-21,-4.723614620161243e-05,-1.4047196729233637e+19,5.724276556918109e+19,12010405232640.0,6.161132707082376e-28,-4.524579466647083e-08,1.1311814596126624e-08,-0.18517902493476868,5.958326816558838,1.066854758041518e+17,5.5962900068569484e-39,5.652082384184607e+22,1.7588288373692724e-38,1,1,222,822486237184.0,0,0,93757,3741319168
1779282338.721968,left,37470088,165,0,0,8485,249,0,0,0,0,9039,748,0,0,0,0,0,0,0,1792,1,1,0,0,0,32,-2.959233825094998e-06,-6.87168978047648e-16,2.3288172452381506e-36,776.0638427734375,5.8613664603083645e+22,-3.874752894841155e-14,204724880.0,-13354172153856.0,2.3492727321887506e+26,9.16867817854599e+26,3.1542894858252727e-22,-7.149866922170958e+24,5.541800516071678e-39,2.7213786779611837e-12,1.758862048142877e-38,1,1,222,822486237184.0,0,0,93757,1140850688
1779282338.777968,left,37526487,165,0,0,8461,252,0,0,0,0,9046,725,0,0,0,0,0,0,0,0,1,1,1,0,0,32,19059.43359375,9053.5029296875,9954.8798828125,51.05295181274414,19059.43359375,3.808945867045388e-11,186.90919494628906,53.07200241088867,52.5104866027832,0.07345248013734818,-0.33329981565475464,-0.03592115640640259,-0.01323690451681614,1.0,-1.0499532222747803,3,1,1,1.0,0,0,24002014,0
1779282338.836968,left,37581464,165,0,0,8482,264,0,0,0,0,8998,747,0,0,0,0,0,0,0,0,1,1,1,0,0,32,-7.397528065666847e-07,6.399203178335981e-25,-871270556106752.0,194.01849365234375,1.4652313894762112e+22,-173.85067749023438,5.900249199219832e+25,1.767417739939603e-10,12.144758224487305,-208442446839808.0,3.5514653973223176e-07,-0.023040831089019775,1.7286499131221874e-38,3064.0,1.7588890932032384e-38,3,1,1,822486237184.0,0,0,93918,1124073472
1779282338.879469,left,37625262,164,0,0,8517,279,0,0,0,0,9017,762,0,0,0,0,0,0,0,0,1,1,1,0,0,32,18744.4140625,8873.1904296875,9849.65234375,21.569873809814453,18744.4140625,1.6092795498967583e-11,-52403441664.0,-3.83247901500286e-29,-1.532862327953627e-28,1.6057270117440294e-19,-2.1676478320631354e-11,1582046208.0,1.7235250843784587e-38,6.488272375967941e-19,1.7588930168389385e-38,3,1,1,822486237184.0,0,0,24002014,0
1779282338.926986,left,37677477,164,0,0,8596,270,0,0,0,0,9118,769,0,0,0,0,0,0,0,0,1,1,1,0,0,32,18681.96875,8843.0244140625,9824.923828125,14.020417213439941,18681.96875,1.046031664064806e-11,183.20751953125,53.10590744018555,51.95341110229492,0.07086773216724396,-0.33415156602859497,-2.91055502385298e+28,5.2552602034896106e-39,-2.4750794891235125e-24,1.7588982016432565e-38,3,1,1,822486237184.0,0,0,24002014,0
1779282338.992917,left,37728469,166,0,0,8688,290,0,0,0,0,9159,783,0,0,0,0,0,0,0,0,1,1,1,0,0,32,18709.98046875,8854.2158203125,9846.6513671875,9.113271713256836,18709.98046875,6.799206163365934e-12,183.4822235107422,53.10776138305664,51.88844680786133,0.07056628912687302,-0.33419835567474365,-0.00591157516464591,-0.0009175879531539977,1.0,-1.0586223602294922,3,1,1,1.0,0,0,24002014,0
1779282339.046576,left,37728469,53191,0,0,8688,290,0,0,0,0,9159,783,0,0,0,0,0,0,0,0,1,1,1,0,0,32,18709.98046875,8854.2158203125,9846.6513671875,9.113271713256836,18709.98046875,6.799206163365934e-12,183.4822235107422,53.10776138305664,51.88844680786133,0.07056628912687302,-0.33419835567474365,-0.00591157516464591,-0.0009175879531539977,1.0,-1.0586223602294922,3,1,1,1.0,0,0,24002014,0
1779282339.174835,left,37884454,167,0,0,9038,593,0,0,0,0,9499,1590,0,0,0,0,0,0,0,0,1,1,1,0,0,32,19207.16796875,9082.8515625,10120.46484375,3.8503575325012207,19207.16796875,2.8726645628224245e-12,188.35797119140625,53.11511993408203,52.11756134033203,0.07162938266992569,-0.33438313007354736,0.023204302415251732,-0.008937669917941093,1.0,-1.076196312904358,3,1,1,1.0,0,0,24002014,0
1779282339.191338,left,37938469,168,0,0,8960,938,0,0,0,0,9424,2292,0,0,0,0,21,0,0,0,1,1,1,0,0,32,19694.306640625,9251.25390625,10440.5517578125,2.502732276916504,19694.306640625,1.867231846572337e-12,193.13516235351562,53.18913650512695,52.62966537475586,0.07400549203157425,-0.33624252676963806,0.04398980736732483,-0.03442370891571045,1.0,-1.0792962312698364,3,1,1,1.0,0,0,24002014,0
1779282339.235244,left,37991515,164,0,0,8514,1700,0,0,0,0,8982,2963,0,0,0,0,492,0,0,0,1,1,1,0,0,32,20373.55078125,9477.6142578125,10886.9580078125,8.976776123046875,20373.55078125,1.2137007978502146e-12,199.79627990722656,53.29768753051758,53.54583740234375,0.0782565101981163,-0.3389696478843689,0.08013834059238434,-0.0514104962348938,1.0,-1.0717413425445557,3,1,1,1.0,0,0,24002014,0
1779282339.307574,left,38041468,164,0,0,7852,1962,0,0,0,0,8511,3203,0,0,0,0,969,712,0,0,1,1,1,0,0,32,21170.65625,9735.349609375,11257.2734375,178.034912109375,21170.65625,7.889055077606177e-13,207.6132049560547,53.45343780517578,55.40336227416992,0.0868752971291542,-0.3428823947906494,0.1725379228591919,-0.07832857221364975,1.0,-1.0193324089050293,3,1,1,1.0,0,0,24002014,0
1779282339.337942,left,38095455,164,0,0,7035,1832,0,0,0,0,7615,2927,0,0,0,0,1208,1196,0,0,1,1,1,0,0,32,21754.578125,9717.376953125,11333.126953125,704.07275390625,21754.578125,5.127885963074341e-13,213.3395233154297,53.8917121887207,58.31160354614258,0.100369393825531,-0.3538932502269745,0.2499508559703827,-0.2039538323879242,1.0,-0.8956684470176697,3,1,1,1.0,0,0,24002014,0
1779282339.396628,left,38144468,165,0,0,6351,1686,0,0,0,0,0,0,1356,0,6801,2683,0,1542,0,0,1,1,1,0,0,32,-1.0315118541360897e+36,-1.5325304691014303e+28,-7.382586773019284e-07,-0.7679431438446045,3.7526182646109726e+24,0.16673140227794647,-1.4758787988145206e+25,-1.8100142540333763e-07,-2.3508165402002793e+26,3340882455560192.0,1.2325605531356144e-24,-2.473242771111067e+35,1.7484241962716606e-38,5.901049349602491e-31,1.756325697922449e-38,3,1,1,822486237184.0,0,0,93918,3204448256
1779282339.520202,left,38250490,164,0,0,4125,438,0,0,0,32000,19985,2,57856,29699,2,27904,12293,15369,2,1792,1,1,0,0,0,32,50836.3671875,2.881219041128702e-09,-7.203458385340866e-10,9.090377221421316e+20,-2.400679565171042e+26,1.3162346324472796e+28,-1.503977901149685e-31,-4.315481077956512e-14,12450.4267578125,194659.484375,3.388218525191e-13,-204980142080.0,1.7356230545403606e-38,-784384.0,1.7504129190522304e-38,1,1,222,822486237184.0,0,0,93757,1644167168
1779282339.556456,left,38301486,164,434,135,3434,0,0,0,815,0,3851,0,0,1041,1860,0,1207,2330,2366,0,1,1,1,0,0,32,-3410938036224.0,2.7456128292950837e-15,1.1520358889072213e-08,-4.2787131485444584e-17,-2.343978770282327e+23,-8.572968998648678e-27,-13412753997824.0,6.743402934845672e-16,1.5350546380834473e-28,2.4585867741780568e-24,-4.816033574601187e-27,-3.769207401504878e-29,1.7526173016664598e-38,-1.5909197574550712e+37,5.517430534478605e-39,3,1,1,822486237184.0,0,0,14577374,2751463424
1779282339.607914,left,38301486,50763,434,135,3434,0,0,0,815,0,3851,0,0,1041,1860,0,1207,2330,1086,0,1,1,1,0,0,32,17784.3203125,6899.853515625,7522.39404296875,3362.07470703125,17784.3203125,9.153597747401515e-14,174.40460205078125,55.38362503051758,75.68583679199219,0.1809847503900528,-0.3913733959197998,0.621529757976532,-0.4215664863586426,1.0,0.009054896421730518,3,1,1,1.0,0,0,24002014,0
1779282339.630414,left,38360479,164,1110,447,2989,0,0,0,1723,0,3417,0,0,96,2587,0,674,1489,1053,0,1,1,1,0,0,32,17199.357421875,5885.955078125,6870.5556640625,4442.8486328125,6.080867365199083e-08,1.4741345451615697e-34,12.197428703308105,52173529088.0,5.479993870123008e+16,3271989395456.0,-2.2741609427612275e-05,-4.2516781517979926e-14,5.678523805937386e-39,3.977299393637678e+36,5.787666739428253e-39,3,1,1,822486237184.0,0,0,24002014,0
1779282339.652914,left,38409497,164,1989,1106,2624,0,0,0,2129,0,3095,0,0,0,2912,0,232,949,903,0,1,1,1,0,0,32,16634.33203125,5416.970703125,6298.4609375,4918.9013671875,15171.47265625,1462.85986328125,163.1270751953125,53.23746109008789,100.51838684082031,0.2962063252925873,-0.3374564051628113,1.1728887557983398,0.974529504776001,1.0,0.9994287490844727,3,1,1,1.0,0,0,24002014,0
1779282339.713414,left,38463478,165,2761,1761,2464,0,0,0,2287,0,2802,0,0,0,2875,0,0,560,572,0,1,1,1,0,0,32,16378.017578125,5522.68115234375,5922.39990234375,4932.9365234375,13598.7578125,2779.259033203125,160.6134796142578,49.93185806274414,113.27664947509766,0.3554039001464844,-0.2544116973876953,1.09663724899292,1.538406252861023,1.0,1.485310435295105,3,1,1,0.8480389714241028,0,0,24002014,0
1779282339.771006,left,38508902,164,3295,2427,2399,0,0,0,2233,0,2652,0,0,0,2402,0,0,456,164,0,1,1,1,0,0,32,16255.5107421875,6034.8427734375,5611.8095703125,4608.8583984375,12084.7421875,4170.7685546875,159.41209411621094,45.9921760559082,124.50440216064453,0.4074999988079071,-0.15543721616268158,1.1468849182128906,2.1789028644561768,1.000001311302185,1.9120473861694336,4,1,1,0.5181240439414978,0,0,24002014,0
1779282339.803852,left,38560499,166,3866,3479,2406,0,0,0,2121,0,2392,0,0,0,1817,0,0,296,0,0,1,1,1,0,0,32,16178.3330078125,6767.44775390625,5357.42626953125,4053.457763671875,10683.0830078125,5495.24951171875,158.65524291992188,42.09394836425781,133.16946411132812,0.44770535826683044,-0.05750405043363571,0.7792189717292786,1.8980399370193481,1.0,2.2392754554748535,4,1,0,0.6166396737098694,0,0,24002014,0
1779282339.863956,left,38615492,166,4181,4291,2372,0,0,0,1991,0,2186,0,0,0,1465,0,0,297,0,0,1,1,1,0,0,32,16245.765625,7809.24072265625,2.8773441962393065e-10,3374.6474609375,9360.75390625,6885.01220703125,159.3165283203125,38.00170135498047,141.0092315673828,0.4840814471244812,0.04530344158411026,0.6614676117897034,1.8694651126861572,1.0,2.554152011871338,4,1,0,0.6979770660400391,0,0,24002014,0
1779282339.922949,left,38668502,165,4256,4728,2263,0,0,0,1907,0,2042,0,0,0,1348,63,0,205,0,0,1,1,1,0,0,32,16433.44921875,8871.4072265625,4752.169921875,2809.87109375,8296.1396484375,8137.3076171875,161.15707397460938,34.48418426513672,147.80636596679688,0.5156197547912598,0.13367201387882233,0.5949501991271973,1.6670171022415161,1.0,2.851628065109253,4,1,0,0.108853280544281,0,0,24002014,0
1779282339.969431,left,38723499,165,4395,5060,2220,0,0,0,2005,25,1922,0,0,0,1423,264,0,197,0,0,1,1,1,0,0,32,16621.591796875,9702.8642578125,4500.46044921875,2418.266357421875,7469.04150390625,9152.5498046875,163.00213623046875,31.777040481567383,153.50596618652344,0.5420655608177185,0.2016821950674057,0.48085907101631165,1.2366161346435547,1.0,3.1115477085113525,4,1,2,0.6722739338874817,0,0,24002014,0
1779282340.013520,left,38768138,164,4611,5306,2164,0,0,0,2188,80,1796,0,0,0,1471,369,0,208,0,0,1,1,1,0,0,32,16935.685546875,10393.111328125,4308.4990234375,2234.072998046875,6874.3759765625,10061.3076171875,166.08233642578125,29.777917861938477,158.42440795898438,0.5648869872093201,0.25190502405166626,0.5112441182136536,1.1250885725021362,1.0,3.3701765537261963,4,1,2,0.8396833539009094,0,0,24002014,0
1779282340.073024,left,38825490,165,4807,5534,2096,0,0,0,2470,203,1763,0,0,0,1519,393,0,274,0,0,1,1,1,0,0,32,17375.744140625,10983.873046875,4222.92431640625,2168.947509765625,6441.9951171875,10933.75,170.39784240722656,28.281885147094727,162.72097778320312,0.5848227143287659,0.289489209651947,0.3476029932498932,0.6553247570991516,1.0,3.6368463039398193,4,1,2,0.964963972568512,0,0,24002014,0
1779282340.126625,left,38878500,165,4760,5408,2019,0,0,0,2584,146,1720,0,0,0,1570,330,0,244,0,0,1,1,1,0,0,32,17865.48046875,11431.9169921875,4277.55078125,2156.015869140625,6154.99658203125,11710.4873046875,175.2005157470703,3243108352.0,49958.0390625,-3.6804563555036707e-32,-3.866413558858614e+33,-12197.1875,5.780309922490548e-39,210556476719104.0,5.920670983169643e-39,4,1,2,822486237184.0,0,0,24002014,0
1779282340.177933,left,38878500,57171,4760,5408,2019,0,0,0,2584,146,1720,0,0,0,1570,330,0,244,0,0,1,1,1,0,0,32,17865.48046875,11431.9169921875,4277.55078125,2156.015869140625,6154.99658203125,11710.4873046875,175.2005157470703,27.288040161132812,166.04026794433594,0.600223958492279,0.3144572675228119,0.29053470492362976,0.4710065722465515,1.0,3.881612539291382,4,1,2,1.0,0,0,24002014,0
1779282340.224433,left,38976500,164,4298,4859,1891,0,0,0,2473,0,1684,0,0,0,1846,0,0,176,0,0,1,1,1,0,3,35,18147.0625,11696.1953125,4299.05810546875,2151.810546875,1.5600458661536806e-28,0.1935984343290329,6.15927322172107e-28,-1.0020893768135271e-23,-1.6530492391063638e-19,-6.201904304510192e+34,-3.501904557662298e-38,4.317254193031417e-11,5.709580783802217e-39,-5.831554006032442e-39,5.923886963145268e-39,4,1,2,822486237184.0,0,0,24002014,0
1779282340.276433,left,39030521,163,3854,3978,7,0,0,8192,9,27136,6,0,0,23808,7,0,11264,25600,0,1792,0,0,1,0,0,32,13324060672.0,-1.8458815986832633e-07,1.4859655973372335e-34,-1.5609077152025595e+31,4.603312575568452e-08,-13303161856.0,51166004.0,2.2883137384560723e+23,48.790008544921875,13133241384960.0,2.4750271874012945e+35,832781072465920.0,5.651806649416569e-39,0.00292205810546875,5.923346061938039e-39,1,2,222,822486237184.0,0,0,93757,369098752
1779282340.328934,left,39081310,164,3009,3211,1799,0,0,0,1962,0,1920,0,0,0,1630,0,0,61,318,0,1,1,1,0,0,32,17158.978515625,10918.3134765625,4169.06982421875,2071.5947265625,5709.08349609375,11449.89453125,168.2720947265625,26.711606979370117,168.7028045654297,0.6125780344009399,0.328938364982605,-0.02443850412964821,-0.11111926287412643,1.0,3.8377134799957275,4,1,2,1.0,0,0,24002014,0
1779282340.381934,left,39135501,164,2125,2286,2038,0,0,0,1430,0,45,7,0,0,1625,0,66,614,569,0,1,1,1,0,0,32,15995.583984375,9906.353515625,4039.54541015625,2049.686767578125,5689.4541015625,10306.130859375,156.8630828857422,27.77161979675293,166.27728271484375,0.6013238430023193,0.3023083209991455,-0.20767639577388763,-0.4914108216762543,1.0,3.484438180923462,4,1,2,1.0,0,0,24002014,0
1779282340.433628,left,39189521,164,1028,1226,2316,0,0,0,292,0,2150,0,0,284,591,0,345,1292,217,0,1,1,1,0,0,32,14744.830078125,8696.2802734375,3798.204345703125,2250.34619140625,6001.4951171875,8743.3359375,144.59738159179688,30.09873390197754,161.25213623046875,0.5780072808265686,0.24384547770023346,-0.43162834644317627,-1.0822443962097168,1.0,3.0342226028442383,4,1,2,0.8128182291984558,0,0,24002014,0
1779282340.493295,left,39243502,165,83,607,3787,259,0,0,0,0,3434,251,0,0,0,0,337,1204,0,0,1,1,1,0,0,32,12860.490234375,7252.08203125,3323.53271484375,2284.875,6286.2216796875,6574.26806640625,126.11832427978516,33.738441467285156,150.837646484375,0.5296847820281982,0.15240688621997833,-0.8951760530471802,-1.6939033269882202,1.0,2.3251495361328125,4,1,2,0.5080229043960571,0,0,24002014,0
1779282340.551459,left,39289317,164,0,105,4665,558,0,0,0,0,4235,814,0,0,0,0,277,850,0,0,1,1,1,0,0,32,11846.01953125,6371.45361328125,3450.046142578125,2024.5189208984375,7331.24462890625,4514.77490234375,116.16976165771484,39.03671646118164,129.53652954101562,0.4308488070964813,0.0193011537194252,-2.1572842597961426,1.7718590913994896e-38,5.652082384184607e+22,1.1162377688833658e-08,4,1,0,821933572096.0,0,0,24002014,0
1779282340.582959,left,39340521,165,0,0,5619,1032,0,0,0,0,5451,1261,0,0,0,0,344,917,0,0,1,1,1,0,0,32,11770.763671875,6006.24462890625,4009.679931640625,1754.8372802734375,8799.4091796875,2971.353271484375,115.43175506591797,44.150901794433594,107.46800231933594,0.3284521996974945,-0.10917991399765015,-1.9997775554656982,-2.509199619293213,1.0,0.9034579992294312,3,1,0,0.2721339464187622,0,0,24002014,0
1779282340.651458,left,39340521,51946,0,0,5619,1032,0,0,0,0,5451,1261,0,0,0,0,344,917,0,0,1,1,1,0,0,32,11770.763671875,6006.24462890625,4009.679931640625,1754.8372802734375,8799.4091796875,2971.353271484375,115.43175506591797,44.150901794433594,107.46800231933594,0.3284521996974945,-0.10917991399765015,-1.9997775554656982,-2.509199619293213,1.0,0.9034579992294312,3,1,0,0.2721339464187622,0,0,24002014,0
1779282340.664958,left,39402504,164,0,0,5988,1222,0,0,0,0,6204,1632,0,0,0,0,449,841,0,0,1,1,1,0,0,32,12745.9443359375,6231.9091796875,4955.49169921875,1558.544189453125,10814.564453125,1931.379638671875,124.99501037597656,48.08504104614258,89.63031005859375,0.245994433760643,3.9123269412426937e-38,-1.3303287029266357,-1.5945512056350708,1.005828857421875,0.43490660190582275,3,1,1,0.6933832168579102,0,0,24002014,0
1779282340.688958,left,39445327,164,0,0,6483,1426,0,0,0,0,6686,1921,0,0,0,0,538,571,0,0,1,1,1,0,0,32,14002.466796875,6574.2412109375,5963.66943359375,1464.5537109375,12747.0693359375,1255.3968505859375,137.31729125976562,50.6329345703125,78.86090087890625,0.19571688771247864,-0.2720246911048889,-1.1740779876708984,-1.494750738143921,1.0,0.11378578096628189,3,1,1,0.9067489504814148,0,0,24002014,0
1779282340.761958,left,39496503,164,0,0,7297,1591,0,0,0,0,0,0,469,0,7960,2435,0,0,0,0,1,1,1,0,0,32,14969.3515625,7041.40625,6618.9853515625,1308.9598388671875,14153.34375,816.0079956054688,146.7991943359375,51.74971008300781,72.0839614868164,0.1642722487449646,-0.30008068680763245,-0.6144410967826843,-0.5482256412506104,1.0,-0.12172676622867584,3,1,1,1.0,0,0,24002014,0
1779282340.801423,left,39552506,165,0,0,8576,1539,0,0,0,0,9145,2536,0,0,0,0,196,0,0,0,1,1,1,0,0,32,15903.7294921875,7669.51416015625,7314.791015625,919.4239501953125,15373.32421875,530.4051513671875,155.96099853515625,52.038780212402344,66.39630126953125,0.13788188993930817,-0.30734288692474365,-0.4712311625480652,-0.12967519462108612,1.0,-0.34632545709609985,3,1,1,1.0,0,0,24002014,0
1779282340.854244,left,39607527,165,0,0,9316,1142,0,0,0,0,29,2086,0,0,0,0,0,0,0,0,1,1,1,0,0,32,17811.32421875,8525.4345703125,8688.263671875,597.6256103515625,17466.560546875,344.7633972167969,174.66941833496094,52.48234176635742,61.930721282958984,0.11716184765100479,-0.31848618388175964,-0.3765842616558075,-0.20252807438373566,1.0,-0.5786769986152649,3,1,1,1.0,0,0,24002014,0
1779282340.906275,left,39607527,56157,0,0,9316,1142,0,0,0,0,9757,2094,0,0,0,0,0,0,0,0,1,1,1,0,0,32,17811.32421875,8525.4345703125,8688.263671875,597.6256103515625,17466.560546875,344.7633972167969,174.66941833496094,52.48234176635742,61.930721282958984,0.11716184765100479,-0.31848618388175964,-0.3765842616558075,-0.20252807438373566,1.0,-0.5786769986152649,3,1,1,1.0,0,0,24002014,0
1779282340.952129,left,39704516,164,0,0,9126,507,0,0,0,0,9428,1011,0,0,0,0,0,0,0,1792,1,1,0,0,3,35,3411682263040.0,3244975.25,3.923592926075671e+30,-1.4727247555011744e-34,-1.682031321324749e-19,3356523233280.0,-1.0137214079279992e+36,-6.131790201414664e-28,-13047617536.0,-4.316350749045128e-11,1.1474351169971672e-33,-5.663237061526161e-06,1.740765259385047e-38,9.26037177824806e+26,1.7563604501243642e-38,1,1,222,822486237184.0,0,0,93757,3070230528
1779282341.004755,left,39756520,165,0,0,9075,444,0,0,0,0,9109,859,0,0,0,0,0,0,0,0,1,1,1,0,0,32,19507.708984375,9309.515625,9945.6962890625,252.49681091308594,19362.046875,145.66253662109375,191.30526733398438,52.820892333984375,56.758113861083984,0.09316124767065048,-0.32699134945869446,-0.21593518555164337,-0.0347302183508873,1.0,-0.8758635520935059,3,1,1,1.0,0,0,24002014,0
1779282341.068483,left,39810540,163,0,0,9130,410,0,0,0,52992,15138,2,0,0,0,0,0,0,0,1792,1,1,0,0,0,32,-1.754984094891965e+21,-2.469033474434206e-35,5.2574032614350563e-20,-0.7588369846343994,2.8628903375405056e+17,7.414519477092708e+24,4.8589246789951825e-18,-2.9070956767790423e-28,3.8192732059438504e+29,-1.4086861530803838e+30,8.245056849354416e-21,-2.5519349947200036e+36,2.1720126197034665e-41,-2.6263005565851927e-06,6.867903903502361e-41,1,1,222,0.8251876831054688,0,0,366,2090795008
1779282341.117416,left,39860529,164,0,0,9416,347,0,0,0,0,8635,189,0,0,0,0,0,0,0,0,1,1,1,0,0,32,19344.599609375,9449.4453125,9788.4765625,106.6799087524414,19283.05859375,61.56879425048828,189.70571899414062,52.66520690917969,124.35931396484375,0.08003737777471542,-0.3230800926685333,-0.11255699396133423,0.059644587337970734,1.0,-2.027839476100473e+31,3,1,1,1.0,0,0,24002014,0
1779282341.167863,left,39860529,54146,0,0,9416,347,0,0,0,0,8635,189,0,0,0,0,0,0,0,0,1,1,1,0,0,32,19344.599609375,9449.4453125,9788.4765625,106.6799087524414,19283.05859375,61.54242706298828,189.70571899414062,52.66520690917969,53.929656982421875,0.08003737777471542,-0.3230800926685333,-0.11255699396133423,0.059644587337970734,1.0,-0.9998020529747009,3,1,1,1.0,0,0,24002014,0
1779282341.222666,left,39969539,164,0,0,9638,293,0,0,0,0,8019,0,0,0,0,0,0,0,0,0,1,1,1,0,1,33,19079.443359375,9559.189453125,9450.91015625,69.34193420410156,19039.439453125,40.00257873535156,187.1054229736328,52.39717102050781,52.87135314941406,0.07512693852186203,-0.31634649634361267,-0.045045770704746246,0.061770446598529816,1.0,-1.0345375537872314,3,1,1,1.0,0,0,24002014,0
1779282341.272666,left,40018526,165,0,0,9457,246,0,0,0,0,7878,0,0,0,0,0,0,0,0,0,1,1,1,0,0,32,18620.783203125,9625.9736328125,8949.7412109375,45.07225799560547,18594.783203125,26.00167465209961,182.6074981689453,52.03941345214844,52.04433822631836,0.07128959149122238,-0.30735844373703003,-0.07833398878574371,0.18347832560539246,1.0,-1.0466119050979614,3,1,1,1.0,0,0,24002014,0
1779282341.326666,left,40069525,165,0,0,9334,362,0,0,0,0,8059,0,0,0,0,0,0,0,0,0,1,1,1,0,0,32,18322.66015625,9669.3828125,8623.982421875,29.296968460083008,18305.76171875,16.90108871459961,179.6839141845703,51.797245025634766,51.48456573486328,0.06869227439165115,-0.3012748956680298,-0.05092878267168999,0.11928759515285492,1.0,-1.054460883140564,3,1,1,1.0,0,0,24002014,0
1779282341.370668,left,40124542,164,0,0,9450,498,0,0,0,0,8304,45,0,0,0,0,0,0,0,0,1,1,1,0,0,32,18164.578125,9719.2978515625,8426.2373046875,19.04302978515625,18153.59375,10.985708236694336,178.13365173339844,51.63222885131836,51.1546745300293,0.06716161966323853,-0.2971290647983551,-0.027821486815810204,0.07535545527935028,1.0,-1.0597386360168457,3,1,1,0.9904301762580872,0,0,24002014,0
1779282341.475962,left,40173528,164,0,0,9220,749,0,0,0,0,8461,430,0,0,0,0,0,0,0,0,1,1,1,0,0,32,18170.326171875,9758.744140625,8399.205078125,12.377969741821289,18163.18359375,7.14070987701416,178.1900177001953,51.59043884277344,51.052085876464844,0.06668561697006226,-0.29607921838760376,-0.009717117063701153,0.021431561559438705,1.0,-1.064545750617981,3,1,1,0.9869306683540344,0,0,24002014,0
1779282341.489661,left,40229528,164,0,0,8603,1496,0,0,0,0,7903,1224,0,0,0,0,0,0,0,0,1,1,1,0,0,32,18356.759765625,9832.3330078125,8516.3828125,8.045680046081543,18352.119140625,4.6414618492126465,180.018310546875,51.628135681152344,51.39680862426758,0.06828510761260986,-0.2970263361930847,0.028562333434820175,-0.01691281795501709,1.0,-1.0602877140045166,3,1,1,0.9900877475738525,0,0,24002014,0
1779282341.557742,left,40281530,163,0,0,7415,1754,0,0,0,0,6538,1407,0,0,0,0,0,0,0,0,1,1,1,0,0,32,18660.99609375,9925.666015625,8730.0986328125,5.229691982269287,18657.98046875,3.0169501304626465,183.00184631347656,51.71847915649414,52.607635498046875,0.07390327751636505,-0.2992960512638092,0.108037568628788,-0.043646685779094696,1.0,-1.0236544609069824,3,1,1,0.9976534843444824,0,0,24002014,110
1779282341.582400,left,40331551,164,0,0,6746,1676,0,0,0,0,5825,1269,0,0,0,0,0,150,0,0,1,1,1,0,0,32,18043.9453125,9633.5322265625,8407.013671875,3.3993000984191895,18041.984375,1.961017370223999,176.95065307617188,51.672691345214844,53.686424255371094,0.07890881597995758,-0.29814547300338745,0.10006874054670334,0.023001903668045998,1.0,-0.9431079626083374,3,1,1,0.9938116669654846,0,0,24002014,0
1779282341.648630,left,40390543,164,0,0,6224,1532,0,0,0,0,5484,1217,0,0,0,0,0,334,0,0,1,1,1,0,0,32,17211.6640625,9209.49609375,7947.458984375,54.70954513549805,17210.390625,1.2746613025665283,168.78875732421875,51.66729736328125,54.859989166259766,0.08435407280921936,-0.2980101704597473,0.0923050045967102,0.0022935743909329176,1.0,-0.8511496782302856,3,1,1,0.9933671951293945,0,0,24002014,0
1779282341.677916,left,40432542,164,0,7,5909,1450,0,0,0,0,5344,1337,0,0,0,0,206,607,0,0,1,1,1,0,0,32,16382.630859375,8700.7724609375,7529.3984375,152.46119689941406,16381.8046875,0.8285298943519592,160.65872192382812,51.805294036865234,56.089271545410156,0.0900578424334526,-0.30147695541381836,0.13580727577209473,-0.08254446089267731,1.0,-0.7618396878242493,3,1,1,1.0,0,0,24002014,0
1779282341.789427,left,40488537,166,0,0,5979,1585,0,0,0,0,5723,1642,0,0,0,0,581,932,0,0,1,1,1,0,0,32,15949.4599609375,8284.3525390625,7281.458984375,383.6497802734375,15948.921875,0.5385444164276123,156.4107666015625,52.170738220214844,57.896881103515625,0.09844507277011871,-0.31065791845321655,0.1497853547334671,-0.16396041214466095,1.0,-0.6725317239761353,3,1,1,1.0,0,0,24002014,0
1779282341.802926,left,40541553,164,0,0,5871,1594,0,0,0,0,5883,2071,0,80,0,0,1275,1520,0,0,1,1,1,0,0,32,16097.349609375,8007.72900390625,7310.6982421875,778.9223022460938,16097.0,0.3500538766384125,157.86106872558594,52.82435989379883,60.44694137573242,0.1102772131562233,-0.3270786702632904,0.22318056225776672,-0.30973199009895325,1.0,-0.5802908539772034,3,1,1,1.0,0,0,24002014,0
1779282341.844245,left,40595536,165,0,0,5152,1313,0,0,0,0,5588,2318,173,702,94,0,2457,2704,352,0,1,1,1,0,0,32,16807.02734375,7814.6240234375,7507.85400390625,1484.5494384765625,16806.798828125,0.47264817357063293,164.8206329345703,53.77853012084961,64.3885269165039,0.12856589257717133,-0.3510497510433197,0.33878591656684875,-0.4440487027168274,1.0,-0.4469497501850128,3,1,1,1.0,0,0,24002014,0
1779282341.882517,left,40640343,163,0,0,4415,948,0,0,0,0,5265,2274,379,1260,392,0,3534,4118,941,0,1,1,1,0,0,32,18207.71875,7342.255859375,7938.0546875,2927.406982421875,18207.5703125,0.14789776504039764,178.5567169189453,55.33643341064453,72.44854736328125,0.16596391797065735,-0.3901837170124054,0.834646999835968,-0.87348872423172,1.0,-0.13213498890399933,3,1,1,1.0,0,0,24002014,0
1779282341.932915,left,40640343,51363,0,0,4415,948,0,0,0,0,5265,2274,379,1260,392,0,3534,4118,941,0,1,1,1,0,0,32,18207.71875,7342.255859375,7938.0546875,2927.406982421875,18207.5703125,0.14789776504039764,178.5567169189453,55.33643341064453,72.44854736328125,0.16596391797065735,-0.39018815755844116,0.834646999835968,-0.87348872423172,1.0,-0.13213498890399933,3,1,1,1.00579833984375,0,0,24002014,0
1779282341.993990,left,40744568,166,0,0,2743,0,0,0,0,1495,451,0,4772,0,4430,1574,86,6574,2118,0,1,1,1,0,0,32,21197.28125,5670.03515625,8425.380859375,7101.8671875,21197.21875,0.062486808747053146,207.8743133544922,58.771846771240234,91.87869262695312,0.25611865520477295,-0.47649407386779785,-3.7423553839177615e-12,-1.0360668897628784,1.0,0.8342341780662537,3,1,1,1.0,0,0,24002014,0
1779282342.046166,left,40744568,55145,0,0,2743,0,0,0,0,1495,451,0,4772,0,4430,1574,86,174,2118,0,1,1,1,0,0,32,21197.28125,5670.03515625,8425.380859375,7101.8671875,21197.21875,0.062486808747053146,207.8743133544922,58.771846771240234,91.87869262695312,0.25611865520477295,-0.47649407386779785,1.0286908149719238,-1.0360668897628784,1.0,0.8342341780662537,3,1,1,1.0,0,0,24002014,0
1779282342.099664,left,40855553,166,0,0,1890,0,0,0,0,0,3750,808,0,1036,404,0,4713,7829,3083,0,1,1,1,0,1,33,21604.93359375,4645.5732421875,7557.59716796875,9401.763671875,21604.892578125,0.04061642661690712,211.87200927734375,60.4344482421875,101.19309997558594,0.2993369400501251,-0.5182627439498901,0.3894065320491791,-0.376345157623291,1.0,1.3330440521240234,3,1,1,1.0,0,0,24002014,0
1779282342.160211,left,40855553,57170,0,0,1890,0,0,0,0,0,3750,934,0,1036,404,0,4713,4757,3083,0,1,1,1,0,1,33,21604.93359375,4645.5732421875,7557.59716796875,9401.763671875,21604.892578125,0.04061642661690712,211.87200927734375,60.4344482421875,101.19309997558594,0.2993369400501251,-0.5182627439498901,0.3894065320491791,-0.376345157623291,1.0,1.3330440521240234,3,1,1,1.0,0,0,24002014,0
1779282342.211256,left,40955568,165,0,0,1560,0,0,0,0,1038,524,0,4608,0,3419,661,0,8169,3545,0,1,1,1,0,3,35,22141.505859375,3681.122314453125,7071.9384765625,11388.4462890625,21546.830078125,594.6763916015625,217.1339874267578,59.54427719116211,119.44007110595703,0.38400179147720337,-0.4958993196487427,0.8465215563774109,0.22360070049762726,1.0,2.335381269454956,3,1,1,1.0,0,0,24002014,0
1779282342.257480,left,41011566,164,0,0,1566,0,0,0,0,0,3431,852,0,1335,750,0,4903,8416,3526,0,1,1,1,0,0,32,22791.62890625,2940.82958984375,6443.01025390625,13407.7900390625,22405.08984375,386.5396728515625,223.509521484375,61.70246124267578,122.97911834716797,0.4004227817058563,-0.5501182675361633,0.2932424247264862,-0.9682300686836243,1.0,2.5974578857421875,4,1,1,1.0,0,0,24002014,0
1779282342.316514,left,41011566,53164,0,0,1566,0,0,0,0,0,3431,852,0,1335,750,0,4903,8416,3526,0,1,1,1,0,0,32,22791.62890625,2940.82958984375,6443.01025390625,13407.7900390625,22405.08984375,386.5396728515625,223.509521484375,61.70246124267578,122.97911834716797,0.4004227817058563,-0.5501182675361633,0.2932424247264862,-0.9682300686836243,1.0,2.5974578857421875,4,1,1,1.0,0,0,24002014,0
1779282342.360536,left,41109168,676,0,0,2318,0,0,0,621,0,3788,623,0,2099,3070,0,3647,5769,2957,0,1,1,1,0,3,35,23693.009765625,2459.639404296875,6074.1064453125,15159.2626953125,23441.759765625,251.25076293945312,232.3490447998047,62.447574615478516,127.66217041015625,0.4221518933773041,-0.5688374042510986,0.22262977063655853,-0.19179050624370575,1.0,2.9663660526275635,4,1,1,1.0,0,0,24002014,0
1779282342.419552,left,41164555,164,0,75,3152,133,0,0,989,0,4076,820,72,1954,2728,0,2413,3607,1758,0,1,1,1,0,0,32,24011.15625,2410.0654296875,6462.2197265625,15138.87109375,23630.4921875,380.66302490234375,235.468994140625,61.971153259277344,128.24185180664062,0.42484161257743835,-0.5568685531616211,0.04856228083372116,0.21609219908714294,1.0,3.0395896434783936,4,1,1,1.0,0,0,24002014,0
1779282342.466419,left,41217565,164,177,553,4067,715,0,0,557,0,4329,1027,0,1407,1656,0,1530,2347,861,0,1,1,1,0,0,32,23075.203125,2742.542236328125,6815.29296875,13517.3671875,22584.171875,491.0309753417969,226.29043579101562,60.745853424072266,2.7228651639265284e-17,0.4124443233013153,-0.5260859727859497,-0.23386700451374054,0.5806938409805298,1.0,2.7731995582580566,4,1,1,1.0,0,0,24002014,0
1779282342.518046,left,41272559,164,378,735,4811,1133,0,0,148,0,4578,4467,0,740,869,0,917,1467,215,0,1,1,1,0,0,32,21727.98046875,3711.8525390625,6991.9404296875,11024.1875,20958.359375,769.6201171875,213.0786895751953,58.74491500854492,119.8970947265625,0.3861224055290222,-0.47581738233566284,-0.47863253951072693,0.9140741229057312,1.0,2.3155875205993652,3,1,1,1.0,0,0,24002014,0
1779282342.579291,left,41272559,57169,378,735,4811,1133,0,0,148,0,4578,1139,0,740,869,0,917,1467,215,0,1,1,1,0,0,32,21727.98046875,3711.8525390625,6991.9404296875,11024.1875,20958.359375,769.6201171875,213.0786895751953,58.74491500854492,119.8970947265625,0.3861224055290222,-0.47581738233566284,-0.47863253951072693,0.9140741229057312,1.0,2.3155875205993652,3,1,1,1.0,0,0,24002014,0
1779282342.623943,left,41376571,165,382,619,7286,1996,0,0,0,0,6229,1045,0,0,0,0,0,188,0,0,1,1,1,0,3,35,20045.1875,4842.0537109375,6823.611328125,8379.521484375,19144.185546875,901.0029907226562,196.5761260986328,56.71659469604492,111.43682098388672,0.34686726331710815,-0.42486098408699036,-0.37740975618362427,0.4899088442325592,1.0,1.7294098138809204,3,1,1,1.0,0,0,24002014,0
1779282342.681623,left,41420574,167,307,510,8420,2207,0,0,0,0,6778,874,0,0,0,0,0,0,0,0,1,1,1,0,0,32,19238.724609375,6744.9853515625,6981.248046875,5512.48974609375,18304.12109375,934.6019897460938,188.6674346923828,54.19022750854492,96.78636932373047,0.27889004349708557,-0.36139267683029175,-0.09655196964740753,1.4423632621765137,1.0,0.9836611747741699,3,1,1,1.0,0,0,24002014,0
1779282342.721122,left,41420574,51161,307,510,8420,2207,0,0,0,0,6778,874,0,0,0,0,0,0,0,0,1,1,1,0,0,32,19238.724609375,6744.9853515625,6981.248046875,5512.48974609375,18304.12109375,934.6019897460938,188.6674346923828,54.19022750854492,96.78636932373047,0.27889004349708557,-0.36139267683029175,-1.5448315143585205,1.4423632621765137,1.0,0.9836611747741699,3,1,1,1.0,0,0,24002014,0
1779282342.734622,left,41483566,165,181,234,9017,2011,0,0,0,0,6707,374,0,0,0,0,0,0,0,0,1,1,1,0,0,32,19095.3203125,8321.0400390625,7191.1611328125,3583.1181640625,18201.87890625,893.4412231445312,187.26112365722656,52.328792572021484,84.86109924316406,0.2235574573278427,-0.3146287500858307,-0.8784065842628479,0.742378830909729,1.0,0.43003737926483154,3,1,1,1.0,0,0,24002014,0
1779282342.778623,left,41527576,165,92,50,9288,1649,1536,0,0,0,0,0,0,0,6307,0,0,0,0,0,1,1,1,0,0,32,18895.35546875,9413.7265625,7152.6044921875,2329.02685546875,18169.369140625,725.9868774414062,185.30014038085938,51.18365478515625,75.61255645751953,0.18064472079277039,-0.2858598828315735,-0.9750679135322571,0.6536893248558044,1.0,0.006298666354268789,3,1,1,0.95286625623703,0,0,24002014,0
1779282342.818706,left,41577381,165,120,0,8828,992,0,0,0,0,0,0,0,0,5708,0,0,0,0,0,1,1,1,0,0,32,18072.384765625,9911.521484375,4649.19287109375,3511.6669921875,17540.9921875,531.3914794921875,177.22955322265625,48.74605178833008,84.24651336669922,0.2207057923078537,-0.22462227940559387,0.8043584227561951,1.2295640707015991,1.0,0.3803544044494629,3,1,1,0.7487381100654602,0,0,24002014,0
1779282342.932170,left,41628589,164,153,0,8184,562,0,0,0,0,0,0,0,0,5460,0,0,0,0,0,1,1,1,0,0,32,17223.84765625,9921.4892578125,3021.97509765625,4280.3837890625,16836.4453125,387.40447998046875,168.9082489013672,47.18904495239258,90.38385009765625,0.24918264150619507,-0.18550539016723633,0.5561015605926514,0.7638660669326782,1.0,0.6160898208618164,3,1,1,0.6183512806892395,0,0,24002014,0
1779282342.947170,left,41685599,165,294,0,7830,252,0,63,0,0,5274,0,0,0,0,0,0,0,0,0,1,1,1,0,0,32,16221.15234375,9563.6181640625,1964.283935546875,4693.25,15915.7890625,305.3629150390625,159.07516479492188,46.17243194580078,94.99126434326172,0.2705608010292053,-0.15996573865413666,0.37498965859413147,0.4479854702949524,1.0,0.7595190405845642,3,1,1,0.5332190990447998,0,0,24002014,0
1779282342.983194,left,41738579,164,297,0,7404,78,0,128,0,0,5040,0,0,0,0,0,0,0,0,0,1,1,1,0,0,32,15261.3974609375,9170.0009765625,3040.78466796875,3050.612548828125,14937.9619140625,323.4358825683594,149.66317749023438,46.982147216796875,82.3118896484375,0.2117292284965515,-0.18030773103237152,-1.1104487180709839,-0.38395607471466064,1.0,0.25036323070526123,3,1,1,0.6010257601737976,0,0,24002014,0
1779282343.056129,left,41792595,164,264,0,7216,0,0,132,0,0,4884,0,0,0,0,0,0,0,0,0,1,1,1,0,0,32,14450.3095703125,8726.9013671875,3740.510009765625,1982.8980712890625,14092.3759765625,357.9333190917969,141.70912170410156,47.6259765625,73.49765014648438,0.17083172500133514,-0.19648246467113495,-0.7571368217468262,-0.2994433641433716,1.0,-0.06849849969148636,3,1,1,0.6549414992332458,0,0,24002014,0
1779282343.104531,left,41792595,54147,264,0,7216,0,0,132,0,0,4884,0,0,0,0,0,0,0,0,0,1,1,1,0,0,32,14450.3095703125,8726.9013671875,3740.510009765625,1982.8980712890625,14092.3759765625,357.9333190917969,141.70912170410156,47.6259765625,73.49765014648438,0.17083172500133514,-0.19648246467113495,-0.7571368217468262,-0.2994433641433716,1.0,-0.06849849969148636,3,1,1,0.6552314162254333,0,0,24002014,0
1779282343.147031,left,41889402,164,1,3584,27,0,62976,0,0,4352,18,0,0,0,0,0,0,0,0,1792,1,1,0,0,3,218103808,-0.19369173049926758,-1.3933639486144512e+16,202245.578125,1.1177083564239965e-11,-5.582143224807424e+16,-0.0001866612583398819,6.009745901629807e-31,-194.2514190673828,4.022693318712509e-23,199300416.0,-6696734482759680.0,-2.1160544901054935e-14,1.7445542303027348e-38,-3289944948736.0,-7.695934090192961e-26,1,1,222,821171388416.0,0,0,93757,872415232
1779282343.193531,left,41941593,164,355,0,6803,0,0,368,0,0,4503,0,0,0,0,0,0,0,0,0,1,1,1,0,0,32,13172.3330078125,8024.3330078125,4310.2255859375,837.7745361328125,12749.62890625,422.7043151855469,129.17645263671875,48.29057693481445,63.340240478515625,0.12370195239782333,-0.21317869424819946,-0.34911060333251953,-0.09613049030303955,1.0,-0.38341808319091797,3,1,1,0.7105956077575684,0,0,24002014,0
1779282343.260031,left,41993590,164,528,0,6652,0,0,438,0,0,4411,0,0,0,0,0,0,0,0,0,1,1,1,0,0,32,12772.166015625,7849.91650390625,4377.6962890625,544.5534057617188,12244.357421875,527.8078002929688,125.25215911865234,48.231143951416016,61.275264739990234,0.11412054300308228,-0.2116856426000595,-0.1842685043811798,0.028714189305901527,1.0,-0.43504196405410767,3,1,1,0.7056187987327576,0,0,24002014,0
1779282343.291531,left,42047608,164,594,0,6738,0,0,486,0,0,4457,0,0,0,0,0,0,0,0,0,1,1,1,0,0,32,12558.2607421875,7798.84619140625,4405.453125,353.9597473144531,11877.0849609375,681.175048828125,123.15446472167969,47.959197998046875,60.694541931152344,0.11142607033252716,-0.20485413074493408,-0.049881014972925186,0.12646733224391937,1.0,-0.4452512264251709,3,1,1,0.6828470826148987,0,0,24002014,0
1779282343.359031,left,42101600,164,659,0,6955,10,0,486,0,0,4552,0,0,0,0,0,0,0,0,0,1,1,1,0,0,32,12459.1181640625,7805.5498046875,4423.494140625,230.0738525390625,11638.3544921875,820.7638549804688,122.18220520019531,47.677162170410156,60.669105529785156,0.11130808293819427,-0.19776813685894012,-0.0021852755453437567,0.1312415599822998,1.0,-0.4424962103366852,3,1,1,821022621696.0,0,0,24002014,0
1779282343.409031,left,42156591,165,627,0,7238,137,0,452,0,0,4751,0,0,0,0,0,0,0,0,0,1,1,1,0,0,32,12518.9267578125,7900.9072265625,4468.47119140625,149.54798889160156,11595.8798828125,923.0464477539062,122.76873016357422,47.46006774902344,60.68222427368164,0.11136887967586517,-0.1923142373561859,0.0011055761715397239,0.09917803853750229,1.0,-0.44422683119773865,3,1,1,0.6410474181175232,0,0,24002014,0
1779282343.461531,left,42201216,165,550,0,7595,251,0,353,0,0,5034,0,0,0,0,0,0,0,0,0,1,1,1,0,0,32,12759.052734375,8094.490234375,4567.3564453125,97.20619201660156,11781.421875,977.6303100585938,125.1235580444336,47.361080169677734,60.54396438598633,0.11072737723588943,-0.18982723355293274,-0.014375405386090279,0.05573117733001709,1.0,-0.4569794237613678,3,1,1,0.6327574253082275,0,0,24002014,256
1779282343.501031,left,42201216,51548,550,0,7595,251,0,353,0,0,5034,0,0,0,0,0,0,0,0,0,1,1,1,0,0,32,12759.052734375,8094.490234375,4567.3564453125,97.20619201660156,11781.421875,977.6303100585938,48.8117790222168,47.361080169677734,60.54396438598633,0.11072737723588943,-0.18982723355293274,-0.014375405386090279,0.05573117733001709,1.0,-0.4569794237613678,3,1,1,0.6327574253082275,0,0,24002014,0
1779282343.561659,left,42308603,165,0,0,8160,794,0,0,0,0,5643,0,0,0,0,0,0,0,0,0,1,1,1,0,3,35,13117.43359375,8323.568359375,4730.68115234375,63.18402862548828,12165.9248046875,951.5096435546875,128.63807678222656,47.48155975341797,59.840702056884766,0.1074642688035965,-0.19285422563552856,-0.030386438593268394,-0.028187695890665054,1.0,-0.4919460415840149,3,1,1,0.6428474187850952,0,0,24002014,0
1779282343.615176,left,42358592,165,0,0,8683,1228,0,0,0,0,6753,0,0,0,0,0,0,0,0,0,1,1,1,0,0,32,13635.283203125,8544.2197265625,7769.9931640625,41.06962203979492,13016.80078125,618.4813232421875,133.71644592285156,48.3500862121582,56.79696273803711,0.09334153681993484,-0.21467368304729462,-0.28251680731773376,-0.4364851713180542,1.0,-0.6109303832054138,3,1,1,0.7155789136886597,0,0,24002014,0
1779282343.650517,left,42408617,164,0,0,8780,1566,0,0,0,0,7745,810,0,0,0,0,0,0,0,0,1,1,1,0,0,32,14695.33203125,9022.5927734375,5646.04541015625,26.69525146484375,14293.318359375,402.0128479003906,144.11196899414062,49.10006332397461,55.04804611206055,0.0852266326546669,-0.2335149049758911,-0.16221697628498077,-0.3766361176967621,1.0,-0.7200825810432434,3,1,1,0.7783829569816589,0,0,24002014,0
1779282343.708517,left,42461627,167,0,0,8890,1867,0,0,0,0,8289,1532,0,0,0,0,0,0,0,0,1,1,1,0,0,32,16167.318359375,9485.78515625,6664.17919921875,17.35191535949707,15906.009765625,261.308349609375,158.54722595214844,50.023685455322266,54.70295333862305,0.0836254358291626,-0.2567189037799835,-0.030205562710762024,-0.43772873282432556,1.0,-0.8055954575538635,3,1,1,0.8557296395301819,0,0,24002014,0
1779282343.763584,left,42517625,165,0,0,8754,2126,0,0,0,0,8460,8466,0,0,0,0,0,0,0,0,1,1,1,0,0,32,17672.560546875,9892.2109375,7769.06640625,11.2787446975708,17502.708984375,169.8504180908203,173.30860900878906,50.82440185546875,55.071563720703125,0.08533581346273422,-0.27683478593826294,0.030543547123670578,-0.35922500491142273,1.0,-0.8649715185165405,3,1,1,0.9227825999259949,0,0,24002014,0
1779282343.816197,left,42569601,164,0,0,8370,2323,0,0,0,0,8132,2267,0,0,0,0,0,123,0,0,1,1,1,0,0,32,18919.412109375,10237.9375,8674.142578125,7.331184387207031,18809.009765625,110.40277862548828,185.53604125976562,51.3582649230957,55.713497161865234,0.08831432461738586,-0.2902466356754303,0.057305511087179184,-0.25803929567337036,1.0,-0.8968622088432312,3,1,1,0.9674887657165527,0,0,24002014,0
1779282343.868011,left,42621603,164,0,0,8083,2406,0,0,0,0,7846,2362,0,0,0,0,362,473,0,0,1,1,1,0,0,32,19722.865234375,10397.2080078125,9277.8427734375,47.81526565551758,19651.10546875,71.76181030273438,193.4152374267578,51.75833511352539,56.56226348876953,0.09225253760814667,-0.3002973198890686,0.07573194801807404,-0.19327494502067566,1.0,-0.8947901725769043,3,1,1,1.0,0,0,24002014,256
1779282343.921448,left,42673605,164,0,138,7870,2403,0,0,0,0,7699,2417,0,0,0,0,653,743,0,0,1,1,1,0,0,32,20355.009765625,10428.2861328125,19334.794921875,323.32989501953125,20308.3671875,46.645179748535156,199.6144561767578,52.21733474731445,58.19942092895508,0.09984880685806274,-0.3118281662464142,0.1460764855146408,-0.2217385172843933,1.0,-0.8435249924659729,3,1,1,1.0,0,0,24002014,0
1779282344.004981,left,42725612,164,59,271,7915,2534,0,0,0,0,7793,2481,0,0,0,0,713,862,0,0,1,1,1,0,0,32,20953.5078125,10439.0361328125,9815.7080078125,698.7644653320312,20874.888671875,-13347984506880.0,-1.5844834031527528e+34,2.8277526986641988e-09,6.282803300504161e-25,777746.5,-7.202263169330073e+24,3347372688015360.0,1.7468750608193496e-38,4.4587068259716034e-08,1.756436540630977e-38,3,1,1,822486237184.0,0,0,24002014,0
1779282344.026482,left,42725612,56156,59,271,7915,2534,0,0,0,0,7793,2481,0,0,0,0,713,862,0,0,1,1,1,0,0,32,20953.5078125,10439.0361328125,9815.7080078125,698.7644653320312,20874.888671875,78.61936950683594,205.4837188720703,52.588836669921875,60.374210357666016,0.10993974655866623,-0.32116153836250305,0.19403040409088135,-0.17946375906467438,1.0,-0.7590057253837585,3,1,1,1.0,0,0,24002014,0
1779282344.099440,left,42725612,110172,59,271,7915,2534,0,0,0,0,7793,2481,0,0,0,0,713,862,0,0,1,1,1,0,0,32,20953.5078125,10439.0361328125,9815.7080078125,698.7644653320312,20874.888671875,78.61936950683594,205.4837188720703,52.588836669921875,60.374210357666016,0.10993974655866623,-0.32116153836250305,0.19403040409088135,-0.17946375906467438,1.0,-0.7590057253837585,3,1,1,1.0,0,0,24002014,0
1779282344.130732,left,42876653,164,0,190,8532,2631,0,0,0,0,8566,2558,0,0,0,0,634,713,0,0,1,1,1,0,3,35,21427.9296875,10509.0234375,9937.6103515625,942.7969360351562,21310.328125,117.63775634765625,210.13619995117188,52.7667350769043,61.935298919677734,0.11718302220106125,-0.32563087344169617,0.04795569181442261,-0.029590211808681488,1.0,-0.695943295955658,3,1,1,1.0,0,0,24002014,110
1779282344.175732,left,42876653,55147,0,190,8532,2631,0,0,0,0,8566,2558,0,0,0,0,634,713,0,0,1,1,1,0,3,35,21427.9296875,10509.0234375,9976.1103515625,942.7969360351562,21310.328125,117.60260009765625,210.13619995117188,52.7667350769043,61.935298919677734,0.11718302220106125,-0.32563087344169617,0.04795569181442261,-0.029590211808681488,1.0,-0.695943295955658,3,1,1,1.0,0,0,24002014,0
1779282344.243567,left,42987641,164,0,78,8684,2434,0,0,0,0,8438,2355,0,0,0,0,525,490,0,0,1,1,1,0,1,33,22160.85546875,10770.46484375,10306.1220703125,1084.2679443359375,22017.9140625,142.94171142578125,217.32374572753906,52.86210632324219,62.592647552490234,0.12023316323757172,-0.3280266225337982,0.027481719851493835,-0.021585658192634583,1.0,-0.5168306827545166,3,1,1,1.0,0,0,24002014,0
1779282344.281021,left,43033038,164,0,0,8295,2087,0,0,0,0,7805,1849,0,0,0,0,312,212,0,0,1,1,1,0,0,32,22402.755859375,10866.203125,10476.529296875,1060.024169921875,22282.544921875,120.21209716796875,219.25848388671875,52.90822219848633,62.22151184082031,0.1185111254453659,-0.32918569445610046,-0.037932854145765305,-0.025531906634569168,1.0,-0.7122207283973694,3,1,1,1.0,0,0,24002014,0
1779282344.341522,left,43084635,166,0,0,7836,1721,0,0,0,0,7210,1403,0,0,0,0,93,0,0,0,1,1,1,0,0,32,21757.791015625,10696.7314453125,10188.6435546875,872.4157104492188,21679.65234375,78.13786315917969,213.37103271484375,52.769073486328125,61.03006362915039,8.536741415716848e+21,-0.3256895840167999,-0.058210521936416626,0.06775801628828049,1.0,-0.7539064288139343,3,1,1,1.0,0,0,24002014,0
1779282344.384933,left,43084635,51152,0,0,7836,1721,0,0,0,0,7210,1403,0,0,0,0,93,0,0,0,1,1,1,0,0,32,21757.791015625,10696.7314453125,10188.6435546875,872.4157104492188,21679.65234375,78.13786315917969,213.37103271484375,52.769073486328125,61.03006362915039,0.11298283189535141,-0.3256895840167999,-0.10714370012283325,0.06775801628828049,1.0,-0.7539064288139343,3,1,1,1.0,0,0,24002014,0
1779282344.398933,left,43147619,165,0,0,7460,1396,0,0,0,0,6626,1015,247,0,0,0,0,0,0,0,1,1,1,0,0,32,20534.611328125,10297.82421875,9637.1689453125,599.6201782226562,20483.82421875,50.789615631103516,201.37574768066406,52.51237106323242,59.50770568847656,0.10591918230056763,-0.31924039125442505,-0.1121499091386795,0.10239414870738983,1.0,-0.786518394947052,3,1,1,1.0,0,0,24002014,0
1779282344.439442,left,43193641,164,0,0,6974,1086,0,0,0,0,6144,842,0,0,0,0,0,0,0,0,1,1,1,0,0,32,19121.447265625,9793.1865234375,8938.5087890625,389.753173828125,19088.435546875,33.013248443603516,187.517333984375,52.238773345947266,58.12167739868164,0.09948810935020447,-0.31236696243286133,-0.13973909616470337,0.14935092628002167,1.0,-0.7959712743759155,3,1,1,1.0,0,0,24002014,0
1779282344.490669,left,43248638,164,0,0,6474,896,0,0,0,0,5731,669,0,0,0,0,0,0,0,0,1,1,1,0,0,32,17720.240234375,9211.771484375,8255.130859375,253.3395538330078,17698.78125,21.4586124420166,173.77618408203125,52.04233169555664,57.0206413269043,0.09437936544418335,-0.3074318468570709,-0.09289132058620453,0.0897342637181282,1.0,-0.7844489216804504,3,1,1,1.0,0,0,24002014,0
1779282344.596483,left,43348645,164,0,0,6037,646,0,0,0,0,5308,377,0,0,0,0,0,0,0,0,1,1,1,0,0,32,15070.078125,7971.74853515625,6991.29296875,107.03596496582031,15061.01171875,9.066263198852539,147.78697204589844,51.80901336669922,55.16182327270508,0.08575458824634552,-0.301570326089859,-0.07491428405046463,0.05197576805949211,1.0,-0.7343317866325378,3,1,1,1.0,0,0,24002014,0
1779282344.648709,left,43405654,164,0,0,6032,636,0,0,0,0,5213,397,0,0,0,0,0,0,0,0,1,1,1,0,0,32,14131.3525390625,7520.6865234375,6541.09033203125,69.57337188720703,14125.458984375,5.89307165145874,138.5812225341797,51.727630615234375,54.42387771606445,0.08233055472373962,-0.2995262145996094,-0.06006127968430519,0.03585594519972801,1.0,-0.7136068940162659,3,1,1,0.9984206557273865,0,0,24002014,0
1779282344.715484,left,43449449,164,0,0,6008,648,0,0,0,0,5138,360,0,0,0,0,0,0,0,0,1,1,1,0,0,32,13479.1767578125,7225.74560546875,6208.20849609375,45.222694396972656,13475.3466796875,3.8304967880249023,132.18556213378906,51.63249588012695,53.88384246826172,0.07982479780912399,-0.2971358299255371,-0.05721559375524521,0.05458122119307518,1.0,-0.6981362700462341,3,1,1,0.9904527068138123,0,0,24002014,0
1779282344.745688,left,43502644,164,0,0,5930,671,0,0,0,0,4978,334,0,0,0,0,0,0,0,0,1,1,1,0,0,32,13015.365234375,7026.3349609375,5959.63525390625,29.394752502441406,13012.8759765625,2.4898228645324707,127.63713073730469,51.54055404663086,53.501102447509766,0.07804889976978302,-0.2948262095451355,-0.03338468074798584,0.043417997658252716,1.0,-0.6860644221305847,3,1,1,0.9827539920806885,0,0,24002014,0
1779282344.798466,left,43554646,163,0,0,5774,627,0,0,0,0,4877,308,0,0,0,0,0,0,0,0,1,1,1,0,0,32,12621.4873046875,6869.41796875,5732.962890625,19.10658836364746,12619.8681640625,1.6183849573135376,123.77450561523438,51.434574127197266,53.23720169067383,0.07682447880506516,-0.29216358065605164,-0.023545650765299797,0.051202431321144104,1.0,-0.6732925772666931,3,1,1,0.9738785624504089,0,0,24002014,0
1779282344.852150,left,43605642,165,0,0,5673,5717,0,0,0,0,4791,280,0,0,0,0,0,0,0,0,1,1,1,0,0,32,12259.06640625,6705.4716796875,5541.17578125,12.419282913208008,12258.0146484375,1.051950216293335,120.22036743164062,51.36923599243164,53.037960052490234,0.07589996606111526,-0.2905222475528717,-0.018129123374819756,0.03218552842736244,1.0,-0.6598190665245056,3,1,1,0.9684074521064758,0,0,24002014,0
1779282344.923288,left,43660638,164,0,0,5466,584,0,0,0,0,4665,225,0,0,0,0,0,0,0,0,1,1,1,0,0,32,11937.7431640625,6553.056640625,5376.6142578125,8.07253360748291,11937.05859375,0.6837676763534546,117.06926727294922,51.32227325439453,52.86482238769531,0.07509664446115494,-0.2893424332141876,-0.014606909826397896,0.021452730521559715,1.0,-0.6474828124046326,3,1,1,0.9644747376441956,0,0,24002014,0
1779282344.963788,left,43715661,164,0,0,5354,465,0,0,0,0,4589,184,0,0,0,0,0,0,0,0,1,1,1,0,0,32,11588.533203125,6376.986328125,5206.29931640625,5.247147083282471,11588.087890625,0.44444897770881653,113.64468383789062,51.289913177490234,52.71101760864258,0.07438299804925919,-0.28852951526641846,-0.012969966046512127,0.014774148352444172,1.0,-0.6328181028366089,3,1,1,0.9617649912834167,0,0,24002014,0
1779282345.029787,left,43761886,165,0,0,5229,423,0,0,0,0,4568,208,0,0,0,0,0,0,0,0,1,1,1,0,0,32,-1.4952459186071091e-34,2.2265187771875328e+17,2.32298891982378e-36,1.4882566304962584e+28,-2.6859280340584324e-18,-6.333032815969407e+37,-2.704250092898288e-15,1.6852981770622326e-16,-53414302056448.0,5.982301926543758e-28,8.463358052573922e-14,-2.1970050667619034e-08,1.727147020519199e-38,13159779794944.0,5.058911822268224e-21,3,1,1,822327902208.0,0,0,24002014,0
1779282345.061961,left,43813658,164,0,0,5279,460,0,0,0,0,4612,187,0,0,0,0,0,0,0,0,1,1,1,0,0,32,10991.5458984375,6026.7490234375,4962.5791015625,2.2169196605682373,10991.3583984375,0.18777969479560852,107.79023742675781,51.33592224121094,52.31226348876953,0.0725327879190445,-0.2896851599216461,-0.015612083487212658,-0.014374446123838425,1.0,-0.6107329726219177,3,1,1,0.9656171798706055,0,0,24002014,0
1779282345.126966,left,43864653,164,0,0,5266,463,0,0,0,0,4599,140,0,0,0,0,0,0,0,0,1,1,1,0,0,32,10823.7041015625,5921.48681640625,4900.7763671875,1.440997838973999,10823.5830078125,0.12205681204795837,106.14427185058594,51.36458969116211,52.194847106933594,0.07198794931173325,-0.2904055118560791,-0.010684157721698284,-0.014144052751362324,1.0,-0.6044560670852661,3,1,1,0.9680183529853821,0,0,24002014,0
1779282345.166386,left,43920655,164,0,0,5320,1,0,0,0,23808,47634,0,0,0,0,0,0,0,0,1792,1,1,0,0,0,32,13617077420032.0,2.447595181179624e+29,1.840236052430555e-07,12847095808.0,9.357584349781999e+23,198846384.0,3.5095946614947185e+18,-3.65443056160158e-35,5.600728833351431e+19,4.4138403154647676e-08,4.6982026558297895e-30,-4.33103013389896e+20,1.726813231224997e-38,-2.3706551752315032e+29,nan,1,1,222,822355492864.0,0,0,93757,2701131776
1779282345.219139,left,43975649,164,0,0,5395,507,0,0,0,0,4738,238,0,0,0,0,0,0,0,0,1,1,1,0,0,32,10710.615234375,5837.43310546875,4872.5732421875,0.60882169008255,10710.5634765625,0.051568999886512756,105.0352554321289,51.41325759887695,52.071624755859375,0.0714162066578865,-0.29162827134132385,-0.0038052236195653677,-0.013748498633503914,1.0,-0.6013067364692688,3,1,1,0.9720941781997681,0,0,24002014,0
1779282345.264139,left,44020453,164,0,0,5435,496,0,0,0,0,4788,227,0,0,0,0,0,0,0,0,1,1,1,0,0,32,10761.5,5856.181640625,4904.9228515625,0.3957340717315674,10761.466796875,0.03351984918117523,105.53426361083984,51.43290328979492,52.0968132019043,0.07153310626745224,-0.2921217978000641,0.002609133254736662,-0.011015232652425766,1.0,-0.6035130023956299,3,1,1,0.9737392663955688,0,0,24002014,0
1779282345.323138,left,44074651,164,0,0,5486,485,0,0,0,0,4845,262,0,0,0,0,0,0,0,0,1,1,1,0,0,32,10829.923828125,5882.36767578125,4947.29931640625,0.2572271525859833,10829.90234375,0.02178790234029293,106.20526885986328,51.456947326660156,52.11798095703125,0.07163131982088089,-0.2927289605140686,0.0018121249740943313,-0.011141090653836727,1.0,-0.6068003177642822,3,1,1,0.975752055644989,0,0,24002014,0
1779282345.375689,left,44132668,164,0,0,5565,507,0,0,0,0,4873,299,0,0,0,0,0,0,0,0,1,1,1,0,0,32,10920.6015625,5917.2392578125,5003.19482421875,0.16719764471054077,10920.5869140625,0.014162136241793633,107.09451293945312,51.48798370361328,52.148643493652344,0.07177358865737915,-0.29350546002388,0.0024521921295672655,-0.013441531918942928,1.0,-0.6110777258872986,3,1,1,0.9783514738082886,0,0,24002014,0
1779282345.441376,left,44132668,56162,0,0,5565,507,0,0,0,0,4873,299,0,0,0,0,0,0,0,0,1,1,1,0,0,32,10920.6015625,5917.2392578125,5003.19482421875,0.16719764471054077,10920.5869140625,0.014162136241793633,107.09451293945312,51.48798370361328,52.148643493652344,0.07177358865737915,-0.29350546002388,0.0024521921295672655,-0.013441531918942928,1.0,-0.6110777258872986,3,1,1,0.9783514738082886,0,0,24002014,0
1779282345.472973,left,44230662,164,0,0,5698,475,0,0,0,0,5058,330,0,0,0,0,0,0,0,0,1,1,1,0,3,35,11026.091796875,5963.7060546875,5062.2763671875,0.10867846757173538,11026.08203125,0.009205388836562634,108.12902069091797,51.510841369628906,52.18716812133789,0.07195236533880234,-0.29407981038093567,0.001824363600462675,-0.00586107699200511,1.0,-0.6159613728523254,3,1,1,0.9802659749984741,0,0,24002014,0
1779282345.538827,left,44287677,165,0,0,5736,488,0,0,0,0,5108,330,74,0,0,0,0,0,0,0,1,1,1,0,0,32,11217.859375,6041.5087890625,5176.279296875,0.07064100354909897,11217.853515625,0.005983503069728613,110.0096206665039,51.56534194946289,52.222557067871094,0.07211656123399734,-0.295448899269104,0.0028798719868063927,-0.024012785404920578,1.0,-0.6257219910621643,3,1,1,0.9848296046257019,0,0,24002014,0
1779282345.586373,left,44339680,165,0,0,5744,486,0,0,0,0,5155,358,0,0,0,0,0,0,0,0,1,1,1,0,0,32,11372.607421875,6104.6806640625,5267.88134765625,0.04591665416955948,11372.603515625,0.0038892768789082766,111.52717590332031,51.60718536376953,52.236366271972656,0.07218056172132492,-0.2964998781681061,0.0012307076249271631,-0.020209966227412224,1.0,-0.6339773535728455,3,1,1,0.9883328676223755,0,0,24002014,0
1779282345.630413,left,44384271,164,0,0,5782,503,0,0,0,0,5214,322,0,0,0,0,0,0,0,0,1,1,1,0,0,32,11493.1455078125,6149.2421875,5343.873046875,0.0298458244651556,11493.1416015625,0.002528029726818204,112.7092514038086,51.64851379394531,52.2430305480957,0.07221156358718872,-0.2975383400917053,0.0006952494150027633,-0.023288600146770477,1.0,-0.6405126452445984,3,1,1,0.9917944073677063,0,0,1030634974,0
1779282345.684048,left,44440660,164,0,0,5818,520,0,0,0,0,5244,388,0,0,0,0,0,0,0,0,1,1,1,0,0,32,11620.4951171875,6196.75732421875,5423.7177734375,0.01939978450536728,11620.4931640625,0.0016432193806394935,113.95812225341797,51.69036865234375,52.2822380065918,0.07239348441362381,-0.29858991503715515,0.003226175671443343,-0.018648583441972733,1.0,-0.6465167999267578,3,1,1,0.9952996969223022,0,0,24002014,0
1779282345.751638,left,44493673,165,0,0,5813,510,0,0,0,0,5278,391,0,0,0,0,0,0,0,0,1,1,1,0,0,32,11737.5712890625,6240.94189453125,5496.61669921875,0.012609860859811306,11737.5703125,0.0010680926498025656,115.10624694824219,51.72704315185547,52.33848571777344,0.07265444099903107,-0.29951125383377075,0.004922501742839813,-0.017379486933350563,1.0,-0.6514467597007751,3,1,1,0.9983708262443542,0,0,24002014,0
1779282345.788055,left,44545675,164,0,0,5828,524,0,0,0,0,5274,354,0,0,0,0,0,0,0,0,1,1,1,0,0,32,11829.421875,6274.91259765625,5554.5009765625,0.008196410723030567,11829.4208984375,0.000694260117597878,116.00699615478516,51.75668716430664,52.3813591003418,0.07285338640213013,-0.30025604367256165,0.0038257259875535965,-0.014322330243885517,1.0,-0.6553277969360352,3,1,1,1.0,0,0,24002014,0
1779282345.850007,left,44599697,164,0,0,5842,549,0,0,0,0,5272,365,0,0,0,0,0,0,0,0,1,1,1,0,0,32,11885.974609375,6301.8935546875,5584.0751953125,0.0053276666440069675,11885.9736328125,0.0004512691230047494,116.56159210205078,51.76267623901367,52.390045166015625,0.07289370149374008,-0.30040645599365234,0.0007462717476300895,-0.002784278942272067,1.0,-0.6582129597663879,3,1,1,1.0,0,0,24002014,0
1779282345.885643,left,44644497,164,0,0,5762,522,0,0,0,0,5267,352,0,0,0,0,0,0,0,0,1,1,1,0,0,32,11918.1826171875,6319.4306640625,5598.74853515625,0.003462983062490821,11918.1826171875,0.0002933249343186617,116.87744140625,51.76177215576172,52.385372161865234,0.07287198305130005,-0.3003835678100586,-0.0004847866657655686,0.0005108969635330141,1.0,-0.6601303815841675,3,1,1,1.0,0,0,24002014,0
1779282345.961019,left,44697688,166,0,0,5787,481,0,0,0,0,5225,338,0,0,0,0,0,0,0,0,1,1,1,0,0,32,11921.6181640625,6315.77978515625,5605.8369140625,0.002250939141958952,11921.6181640625,0.00019066121603827924,116.9111328125,51.7725944519043,52.38200759887695,0.07285638153553009,-0.30065563321113586,-0.0002933111973106861,-0.005114876665174961,1.0,-0.660416841506958,3,1,1,1.0,0,0,24002014,0
1779282346.013598,left,44751680,164,0,0,5780,466,0,0,0,0,5291,352,0,0,0,0,0,0,0,0,1,1,1,0,0,32,11907.0537109375,6296.60693359375,5610.4443359375,0.0014631105586886406,11907.0537109375,0.00012392977077979594,116.76830291748047,51.795291900634766,52.34138488769531,0.0726679265499115,-0.30122578144073486,-0.0034904242493212223,-0.010559865273535252,1.0,-0.6607701778411865,3,1,1,1.0,0,0,24002014,256
1779282346.051597,left,44804690,164,0,0,5816,466,0,0,0,0,5342,381,0,0,0,0,0,0,0,0,1,1,1,0,0,32,-12.389156341552734,-7.367385705947527e-07,-2.6277009625914306e+38,-0.011381459422409534,3247743.0,-9.143915198465945e+29,2.90441425931931e-06,-5.987630150913436e-31,815025216.0,-8.913996650349515e-36,8.667655482241798e-11,2.7545305976612586e-37,1.7292118338063817e-38,-4.152494320619482e-17,1.7555436332495093e-38,3,1,1,822486237184.0,0,0,24002014,3154116608
1779282346.111599,left,44860687,165,0,0,5892,491,0,0,0,0,5509,416,0,0,0,0,0,0,0,0,1,1,1,0,0,32,11938.818359375,6281.57421875,5657.2451171875,0.0006181641947478056,11938.818359375,5.23603375768289e-05,117.0798110961914,51.858192443847656,52.2922477722168,0.07243987917900085,-0.30280596017837524,-0.0005090616177767515,-0.016467196866869926,1.0,-0.6639406681060791,3,1,1,1.0,0,0,24002014,0
1779282346.164097,left,44905707,167,0,0,5957,522,0,0,0,0,5633,515,0,0,0,0,0,0,0,0,1,1,1,0,0,32,12068.0322265625,6317.07275390625,5750.95947265625,0.00040180672658607364,12068.0322265625,3.4034215786959976e-05,118.34696197509766,51.921695709228516,52.3272705078125,0.07260239869356155,-0.30440130829811096,0.0036099404096603394,-0.03543643280863762,1.0,-0.6701123714447021,3,1,1,1.0,0,0,24002014,0
1779282346.200598,left,44958686,164,0,0,6068,555,0,0,0,0,5764,599,0,0,0,0,0,0,0,0,1,1,1,0,0,32,12263.671875,6373.74755859375,5889.923828125,0.0002611743984743953,12263.671875,2.212224353570491e-05,120.26553344726562,52.00966262817383,52.45601272583008,0.0731997862458229,-0.3066112995147705,0.011275931261479855,-0.04171447455883026,1.0,-0.6771880388259888,3,1,1,1.0,0,0,24002014,0
1779282346.273597,left,45011693,164,0,0,6198,610,0,0,0,0,5920,729,0,0,0,0,0,0,0,0,1,1,1,0,0,32,12516.486328125,6460.986328125,6055.5,0.00016976335609797388,12516.486328125,1.4379457752511371e-05,122.74479675292969,52.09288787841797,52.624359130859375,0.0739808902144432,-0.3087020516395569,0.014735864475369453,-0.03944294527173042,1.005767822265625,-0.6860933303833008,3,1,1,1.0,0,0,24002014,0
1779282346.319098,left,45063701,164,0,0,6221,638,0,0,0,0,5981,758,0,0,0,0,0,0,0,0,1,1,1,0,0,32,12845.666015625,6582.44091796875,6263.22509765625,0.00011034618364647031,12845.666015625,9.346646947960835e-06,125.97294616699219,52.1818962097168,52.86865234375,0.07511439174413681,-0.3109380900859833,0.021794753149151802,-0.04299412667751312,1.0,-0.6966091394424438,3,1,1,1.0,0,0,24002014,0
1779282346.366097,left,45119698,164,0,0,6292,658,0,0,0,0,6116,780,0,0,0,0,0,0,0,0,1,1,1,0,0,32,13108.982421875,6679.23681640625,6429.74609375,7.172502228058875e-05,13108.982421875,6.0753209254471585e-06,128.55520629882812,52.250518798828125,53.06187438964844,0.07601092010736465,-0.31266212463378906,0.01601029373705387,-0.030787980183959007,1.0,-0.7048121094703674,3,1,1,1.0,0,0,24002014,0
1779282346.419098,left,45165509,165,0,0,6388,722,0,0,0,0,6208,803,0,0,0,0,0,16,0,0,1,1,1,0,0,32,13366.939453125,6774.00390625,6592.93505859375,4.6621258661616594e-05,13366.939453125,3.948959147237474e-06,131.08489990234375,52.31521987915039,53.19987106323242,0.07665123790502548,-0.3142877221107483,0.013977380469441414,-0.03548487275838852,1.0,-0.7142560482025146,3,1,1,1.0,0,0,24002014,0
1779282346.463097,left,45165509,51335,0,0,6388,722,0,0,0,0,6208,803,0,0,0,0,0,16,0,0,1,1,1,0,0,32,13366.939453125,6774.00390625,6592.93505859375,4.6621258661616594e-05,13366.939453125,3.948959147237474e-06,131.08489990234375,52.31521987915039,53.19987106323242,0.07665123790502548,-0.3142877221107483,0.013977380469441414,-0.03548487275838852,1.0,-0.7142560482025146,3,1,1,1.0,0,0,24002014,0
1779282346.528098,left,45269699,165,0,0,6447,0,6328,889,0,746,0,0,0,0,0,0,0,55,0,0,1,1,1,0,1,33,13573.8095703125,6869.2021484375,6699.0078125,5.600030422210693,13573.8095703125,2.5668232410680503e-06,133.1136016845703,52.33489227294922,53.31954574584961,0.07720649242401123,-0.3147817850112915,0.005329249892383814,-0.004741941578686237,1.0,-0.7214131355285645,3,1,1,1.0,0,0,24002014,0
1779282346.570097,left,45321497,164,0,0,6494,812,0,0,0,0,6341,906,0,0,0,0,0,55,0,0,1,1,1,0,0,32,13805.2255859375,6974.13134765625,6808.205078125,22.890018463134766,13805.2255859375,1.6684350612194976e-06,135.3830108642578,52.36452102661133,53.54978942871094,0.07827482372522354,-0.31552600860595703,0.020624952390789986,-0.014367805793881416,1.0,-0.7260868549346924,3,1,1,1.0,0,0,31342046,0
1779282346.628098,left,45321497,51178,0,0,6494,812,0,0,0,0,6341,906,0,0,0,0,0,55,0,0,1,1,1,0,0,32,13805.2255859375,6974.13134765625,6808.205078125,22.890018463134766,13805.2255859375,1.6684350612194976e-06,135.3830108642578,52.36452102661133,53.54978942871094,0.07827482372522354,-8.465732455331665e-14,-3.736796055289372e+30,1.7303600577680494e-38,-3289944948736.0,1.7561341404223758e-38,3,1,1,200802304.0,0,0,24002014,0
1779282346.673099,left,45430713,164,0,0,6549,793,0,0,0,0,6394,953,0,0,0,0,0,77,0,0,1,1,1,0,0,32,14297.529296875,7168.935546875,7083.6591796875,44.93353271484375,14297.529296875,7.049138162074087e-07,140.2108612060547,52.463932037353516,54.03151321411133,0.0805099830031395,-0.3180237412452698,0.019795581698417664,-0.026600835844874382,1.0,-0.7354567050933838,3,1,1,1.0,0,0,24002014,0
1779282346.725597,left,45477110,165,0,0,6594,833,0,0,0,0,6423,967,0,0,0,0,0,76,0,0,1,1,1,0,0,32,14474.443359375,7242.80810546875,7175.82861328125,55.80679702758789,14474.443359375,4.5819399474567035e-07,141.94580078125,52.49314880371094,54.21932601928711,0.0813814327120781,3.0399110073631164e-07,0.01878245733678341,-0.015820661559700966,1.0,-0.7380353808403015,3,1,1,1.0,0,0,24002014,0
1779282346.778098,left,45532706,167,0,0,6615,0,6495,6603,0,840,0,0,0,0,0,0,0,74,0,0,1,1,1,0,0,32,14591.8876953125,7293.275390625,7235.73828125,62.87441635131836,14591.8876953125,2.978261477437627e-07,143.0975341796875,52.5097770690918,54.30641174316406,0.08178550750017166,-0.3191753923892975,0.007268054876476526,-0.007511690258979797,1.0,-0.7409752011299133,3,1,1,1.0,0,0,24002014,0
1779282346.831098,left,45587700,165,0,0,6740,886,0,0,0,0,6554,991,0,0,0,0,0,87,0,0,1,1,1,0,0,32,14704.626953125,7347.4287109375,7289.73046875,67.46836853027344,14704.626953125,1.9358698466476199e-07,144.203125,52.51527404785156,54.39585876464844,0.0822005420923233,-0.31931349635124207,0.00754690682515502,-0.0025112552102655172,1.0,-0.7435446977615356,3,1,1,1.0,0,0,24002014,0
1779282346.875597,left,45633512,164,0,0,6741,965,0,0,0,0,6529,1003,0,0,0,0,0,76,0,0,1,1,1,0,0,32,14885.7080078125,7444.9287109375,7370.32470703125,70.45443725585938,14885.7080078125,1.2583153363721067e-07,145.9789276123047,52.50517272949219,54.48286437988281,0.08260421454906464,-0.31905969977378845,0.00881150085479021,0.005539958365261555,1.0,-0.7495943307876587,3,1,1,1.0,0,0,24002014,0
1779282346.928598,left,45686702,164,0,0,6772,1021,0,0,0,0,6494,1004,0,0,0,0,0,88,0,0,1,1,1,0,0,32,15039.4599609375,7536.3037109375,7426.91064453125,76.2453842163086,15039.4599609375,8.17904961536442e-08,147.48670959472656,52.48484420776367,54.62739944458008,0.08327487856149673,-0.3185490071773529,0.012608836404979229,0.0096012894064188,1.0,-0.7521216869354248,3,1,1,0.5,0,0,24002014,0
1779282346.988597,left,45740724,165,0,0,6657,0,6343,970,0,1015,0,0,0,0,0,0,0,77,0,0,1,1,1,0,0,32,15123.6484375,7595.697265625,7451.4423828125,76.5094985961914,15123.6484375,5.316382356568283e-08,148.31231689453125,52.45793151855469,54.70087432861328,0.08361577242612839,-0.31787291169166565,0.006310278549790382,0.012515188194811344,1.0,-0.753666341304779,3,1,1,1.0,0,0,24002014,0
1779282347.086097,left,45842721,167,0,0,6077,840,0,0,0,0,5838,790,0,0,0,0,0,0,0,0,1,1,1,0,0,32,14579.234375,7485.46484375,7043.9267578125,49.84276580810547,14579.234375,2.2461717819055593e-08,142.97344970703125,52.182273864746094,54.459983825683594,0.08249806612730026,-0.3109477758407593,-0.027382731437683105,0.06438486278057098,1.0,-0.7349615097045898,3,1,1,1.0,0,0,24002014,0
1779282347.151597,left,45895724,164,0,0,5818,722,0,0,0,0,5635,690,0,0,0,0,0,0,0,0,1,1,1,0,0,32,14217.251953125,7286.501953125,6898.3525390625,32.397796630859375,14217.251953125,1.4600115783025558e-08,139.42361450195312,52.19596862792969,54.31241989135742,0.08181337267160416,-0.31129172444343567,-0.012918014079332352,-0.006489229388535023,1.0,-0.7217463850975037,3,1,1,1.0,0,0,24002014,0
1779282347.199098,left,45950718,164,0,0,5616,601,0,0,0,0,5607,680,0,0,0,0,0,0,0,0,1,1,1,0,0,32,13743.9638671875,7025.2265625,6697.67919921875,21.034154891967773,13743.9638671875,9.490077168550215e-09,134.78224182128906,52.222808837890625,54.09483337402344,0.080803781747818,-0.3119659721851349,-0.018358202651143074,-0.012260387651622295,1.0,-0.7048938870429993,3,1,1,1.0,0,0,24002014,0
1779282347.252131,left,46004744,163,0,0,5610,535,0,0,0,0,5617,687,0,0,0,0,0,0,0,0,1,1,1,0,0,32,13315.9267578125,6742.34716796875,6559.8916015625,13.688070297241211,13315.9267578125,6.168549226970299e-09,130.58462524414062,52.332767486572266,53.86878967285156,0.07975497096776962,-0.31472864747047424,-0.019413074478507042,-0.05113603174686432,1.0,-0.6901617050170898,3,1,1,1.0,0,0,24002014,0
1779282347.288268,left,46049329,164,0,0,5697,536,0,0,0,0,5738,760,0,0,0,0,0,0,0,0,1,1,1,0,0,32,13014.9521484375,6535.7255859375,6470.32958984375,8.897245407104492,13014.9521484375,4.009557130757457e-09,127.6330795288086,52.42863082885742,53.65974426269531,0.0787850096821785,-0.3171367347240448,-0.02175532653927803,-0.05401115119457245,1.0,-0.6810892820358276,3,1,1,1.0,0,0,24002014,0
1779282347.356245,left,46107737,163,0,0,5940,605,0,0,0,0,5981,908,0,0,0,0,0,0,0,0,1,1,1,0,0,32,12915.568359375,6429.771484375,6480.01416015625,5.783209800720215,12915.568359375,2.6062121349923473e-09,126.65845489501953,52.529327392578125,53.56003952026367,0.0783223882317543,-0.3196665942668915,-0.007920514792203903,-0.04331358149647713,1.0,-0.6789776682853699,3,1,1,1.0,0,0,24002014,0
1779282347.415244,left,46162738,165,0,0,6136,670,0,0,0,0,6267,1069,0,0,0,0,0,0,0,0,1,1,1,0,0,32,13097.01953125,6470.1015625,6623.15869140625,3.7590863704681396,13097.01953125,1.6940379099494862e-09,128.43788146972656,52.618255615234375,53.62764358520508,0.0786360576748848,-0.3219006061553955,0.005702977068722248,-0.04061765968799591,1.0,-0.686392605304718,3,1,1,1.0,0,0,24002014,0
1779282347.454243,left,46204730,166,0,0,6169,840,0,0,0,0,6409,1275,0,0,0,0,111,220,0,0,1,1,1,0,0,32,13462.763671875,6587.666015625,6872.6533203125,2.443406105041504,13462.763671875,1.101124635916051e-09,132.0246124267578,52.72810363769531,53.80464553833008,0.0794573649764061,-0.3246602714061737,0.019558660686016083,-0.06571882963180542,1.0,-0.6998437643051147,3,1,1,1.0,0,0,24002014,0
1779282347.498244,left,46204730,51153,0,0,6169,840,0,0,0,0,6409,1275,0,0,0,0,111,220,0,0,1,1,1,0,0,32,13462.763671875,6587.666015625,6872.6533203125,2.443406105041504,13462.763671875,1.101124635916051e-09,132.0246124267578,52.72810363769531,53.80464553833008,0.0794573649764061,-0.3246602714061737,0.019558660686016083,-0.06571882963180542,1.0,-0.6998437643051147,3,1,1,1.0,0,0,24002014,0
1779282347.512744,left,46267751,164,0,0,5711,1148,0,0,0,0,5957,1437,0,0,0,0,528,775,768,0,1,1,1,0,0,32,13947.9453125,6723.5830078125,7106.9248046875,117.4382095336914,13947.9453125,7.157310855099297e-10,136.78260803222656,52.948707580566406,54.93687438964844,0.08471079915761948,-0.3302023410797119,0.08336006104946136,-0.08794005215167999,1.0,-0.6871800422668457,3,1,1,1.0,0,0,24002014,0
1779282347.559245,left,46309745,164,14,25,4960,900,0,0,0,0,5038,1075,0,600,664,0,1143,1627,505,0,1,1,1,0,0,32,14367.2646484375,6684.1787109375,7150.701171875,532.3848266601562,14367.2646484375,4.652251917036665e-10,140.8947296142578,53.508216857910156,57.747230529785156,0.0977506935596466,-0.3442586064338684,0.3105180263519287,-0.33472079038619995,1.0,-0.6109743118286133,3,1,1,1.0,0,0,24002014,0
1779282347.602744,left,46309745,51148,14,25,4960,900,0,0,0,0,5038,1075,0,600,664,0,1143,1627,505,0,1,1,1,0,0,32,14367.2646484375,6684.1787109375,7150.701171875,532.3848266601562,14367.2646484375,4.652251917036665e-10,140.8947296142578,53.508216857910156,57.747230529785156,0.0977506935596466,-0.3442586064338684,0.3105180263519287,-0.33472079038619995,1.0,-0.6109743118286133,3,1,1,1.0,0,0,24002014,0
1779282347.668244,left,46414740,165,1064,464,3713,0,0,378,1592,0,4167,266,0,1983,3222,0,1952,3551,1977,0,1,1,1,0,1,33,15131.572265625,6409.3662109375,6997.505859375,1724.7001953125,15117.921875,13.649999618530273,148.39002990722656,54.36090087890625,67.3699722290039,0.1423996388912201,-0.36568012833595276,0.42524832487106323,-0.20402421057224274,1.0,-0.29416611790657043,3,1,1,1.0,0,0,24002014,0
1779282347.769244,left,46466342,164,1245,577,3409,0,0,308,1968,0,3952,35,0,2026,3912,0,1870,3673,2318,0,1,1,1,0,0,32,18297.47265625,6108.2373046875,7351.1787109375,4838.0546875,17088.798828125,1208.6724853515625,179.43690490722656,53.73697280883789,95.86346435546875,0.27460777759552,-0.35000571608543396,2.5620739459991455,0.30375590920448303,1.0,0.8950238823890686,3,1,1,1.0,0,0,24002014,0
1779282347.784243,left,46519743,164,1571,862,3275,0,0,290,2167,0,3729,0,0,1586,3848,0,1645,3306,2178,0,1,1,1,0,0,32,20616.755859375,5909.00439453125,7556.56640625,7151.185546875,18396.818359375,2219.93701171875,202.18130493164062,53.07321548461914,112.32676696777344,0.3509964942932129,-0.333330363035202,1.4304734468460083,0.23035208880901337,1.0,1.8227378129959106,3,1,1,1.0,0,0,24002014,0
1779282347.821244,left,46568750,166,1870,1264,3243,3072,0,335,2063,0,3548,0,0,1480,3561,0,1272,2772,1831,0,1,1,1,0,0,32,21930.7421875,5946.453125,7494.068359375,8490.220703125,18806.380859375,3124.359130859375,215.06710815429688,52.13934326171875,122.21290588378906,0.39686763286590576,-0.30986908078193665,0.9360119700431824,0.4787333011627197,1.0,2.4590351581573486,3,1,1,1.0,0,0,24002014,0
1779282347.874743,left,46627748,165,2137,1604,3369,0,0,580,1766,0,3449,0,10240,6,12,40704,56580,34569,5,1792,0,0,1,0,0,32,-12.417787551879883,-3.089999198913574,-6.422276448191587e+34,-51914576.0,-5.975304108168546e-34,1.79596559846118e-10,5.8788818881549435e-34,8.750165047126262e+17,51118492.0,-5.7719693940308864e-39,-390244.4375,1.6961876781601548e-13,5.7947348888823074e-39,1.5469246807021953e-25,-13208717885440.0,1,1,222,822121463808.0,0,0,93757,3707764736
1779282347.923244,left,46673167,164,2110,1848,4025,327,0,512,1327,0,3709,286,0,1448,2651,0,1064,2194,1040,0,1,1,1,0,0,32,22504.6796875,6723.4365234375,7179.18603515625,8602.0576171875,17810.359375,4694.32177734375,220.6955108642578,49.231544494628906,131.8092041015625,0.44139373302459717,-0.23681795597076416,0.34789302945137024,0.8301973342895508,1.0,3.041477680206299,4,1,1,0.7893931269645691,0,0,24002014,0
1779282347.971743,left,46724559,163,1950,1871,4373,696,0,456,1138,0,3892,573,0,1278,2271,0,963,1989,928,0,1,1,1,0,0,32,-3.579239927021306e+18,-791.6505737304688,-2.3359052573023324e+23,791.9176635742188,6.4427361308088645e+34,-9.515172735213412e-33,4.3379362602014027e-14,-6.0117142036875444e+28,9.845714409793139e-27,-5.882000698746286e-31,1.0713886114185216e+17,-385211.875,5.797978894827219e-39,1.5469246807021953e-25,3149988.5,4,1,222,821114896384.0,0,0,93757,3808428032
1779282348.023745,left,46724559,51358,1950,1871,4373,696,0,456,1138,0,3892,573,0,1278,2271,0,963,1989,928,0,1,1,1,0,0,32,22535.943359375,7476.4833984375,7035.970703125,8023.4873046875,17437.1328125,5098.80908203125,221.00210571289062,47.93375015258789,131.70677185058594,0.44091856479644775,-0.20421428978443146,-0.009245957247912884,0.6344113349914551,1.0,3.0401663780212402,4,1,1,0.6807142496109009,0,0,24002014,0
1779282348.037745,left,46787751,164,1865,1729,4619,906,0,423,1020,0,3987,764,0,1117,2069,0,910,1870,803,0,1,1,1,0,0,32,22472.61328125,8122.7646484375,6981.7314453125,7368.1171875,17271.1875,5201.42578125,220.38104248046875,47.15425109863281,129.59849548339844,0.4311363697052002,-0.1846313774585724,-0.1548011600971222,0.30989542603492737,1.0,2.9179632663726807,4,1,1,0.615437924861908,0,0,24002014,0
1779282348.076743,left,46829570,164,1745,1644,4706,1006,0,384,842,0,4063,829,0,1010,1777,0,869,1741,633,0,1,1,1,0,0,32,-1.650582366780113e+37,9.351517100364006e+23,-829835712.0,3.8099920126076466e-32,2.3336461421669894e-36,848805429248.0,2.19950875865514e+17,-2.826418654677809e-09,798679.3125,3.946388696616653e-23,7.016956685464401e+21,1.3545542725673654e-12,5.7415990524135746e-39,-6.488272375967941e-19,-2.3233936104603027e+26,4,1,222,820678688768.0,0,0,93757,3422552064
1779282348.143243,left,46889745,164,1481,1448,4803,1068,0,306,662,0,4113,880,0,906,1553,0,901,1713,595,0,1,1,1,0,0,32,21966.685546875,8922.4228515625,-3.2476664310014346e+25,6167.03369140625,17007.912109375,4958.77001953125,215.41958618164062,46.50339126586914,123.51547241210938,0.4029114842414856,-0.1682802438735962,-0.24785180389881134,0.09087095409631729,1.0,2.531708002090454,4,1,1,0.5609341263771057,0,0,24002014,0
1779282348.194243,left,46933751,168,1314,1269,4815,0,4162,950,0,1075,0,187,504,859,1468,0,941,1767,576,0,1,1,1,0,0,32,21408.54296875,8992.2744140625,-1.5672252402509912e-06,2.8768258886202602e-09,-1.642057014468525e-22,1.149969630631631e-08,-6.617702360389879e-19,2.1868209098666803e+17,3193867.25,4.136752080945863e-17,1.788506906156122e-35,3.308510691975297e-16,1.7413493205849775e-38,-6.068877248592648e+31,-196682.578125,3,1,1,820648935424.0,0,0,24002014,0
1779282348.233744,left,46984771,164,973,918,4939,0,4408,1144,0,1200,0,14,190,742,1106,0,978,1756,518,0,1,1,1,0,0,32,20762.25390625,10223.478515625,5184.1171875,5354.6572265625,14693.361328125,6068.892578125,203.608154296875,44.22365188598633,124.34152221679688,0.4067442715167999,-0.11100742965936661,0.38677772879600525,1.446799397468567,1.0,2.4340386390686035,4,1,0,0.25995051860809326,0,0,24002014,0
1779282348.292243,left,46984771,50949,973,918,4939,0,4408,1144,0,1200,0,14,190,742,1106,0,978,1756,518,0,1,1,1,0,0,32,20762.25390625,10223.478515625,5184.1171875,5354.6572265625,14693.361328125,6068.892578125,203.608154296875,44.22365188598633,124.34152221679688,0.4067442715167999,-0.11100742965936661,0.38677772879600525,1.188986897468567,1.0,2.4340386390686035,4,1,0,0.25995051860809326,0,0,24002014,0
1779282348.305743,left,47045756,165,349,264,4893,989,0,0,0,0,4310,1076,0,353,429,0,792,1442,210,0,1,1,1,0,0,32,19939.314453125,10808.861328125,4137.576171875,4992.87744140625,13167.2353515625,6772.080078125,195.53787231445312,42.88541793823242,125.65979766845703,0.41286104917526245,-0.07738769054412842,0.10029970854520798,0.551278829574585,1.0,2.4006216526031494,4,1,0,0.48408210277557373,0,0,24002014,0
1779282348.335744,left,47089768,166,0,0,3366,0,0,0,0,0,2969,0,0,0,0,0,474,872,0,0,1,1,1,0,0,32,17060.8046875,8952.859375,3857.0244140625,4250.919921875,12444.40234375,4616.40234375,167.30934143066406,45.02249526977539,116.15542602539062,0.36876124143600464,-0.13109935820102692,-1.0019950866699219,-1.2198668718338013,1.0,1.6650567054748535,3,1,0,1.1749279327233353e-10,0,0,24002014,0
1779282348.405757,left,47142781,167,0,0,2349,0,2191,0,0,0,0,0,0,0,0,0,70,38,0,0,1,1,1,0,0,32,13777.87109375,6997.45849609375,3546.216064453125,3234.1982421875,10777.2109375,3000.661376953125,135.11476135253906,46.9625129699707,106.34468841552734,0.32277464866638184,-0.17981429398059845,-0.8586799502372742,-0.9193560481071472,1.0,1.0203830003738403,3,1,1,0.5993809700012207,0,0,24002014,0
1779282348.443750,left,47194765,164,0,0,1873,0,0,0,0,0,1784,0,0,0,0,0,0,0,0,0,1,1,1,0,0,32,10439.966796875,5370.498046875,2929.4404296875,2140.02880859375,8489.537109375,1950.429931640625,102.38109588623047,47.58332443237305,98.60287475585938,0.2873184382915497,-0.19541066884994507,-0.6910126805305481,-0.28244447708129883,1.0,0.5792821049690247,3,1,1,0.6513688564300537,0,0,24002014,0
1779282348.488284,left,47246754,165,0,0,1729,0,0,0,0,0,1760,0,0,0,0,0,0,0,0,0,1,1,1,0,0,32,8057.529296875,4146.3740234375,2520.136474609375,1391.018798828125,6789.7490234375,1267.7794189453125,79.01736450195312,48.29737091064453,90.90449523925781,0.25159841775894165,-0.21334949135780334,-0.6870688199996948,-0.3450503349304199,1.0,0.2982785403728485,3,1,1,0.7111649513244629,0,0,24002014,0
1779282348.555918,left,47302751,165,0,0,1769,0,0,0,0,0,1830,0,0,0,0,0,0,0,0,1792,1,1,0,0,0,32,-2.878239646619818e-09,-52964769792.0,9.08743580791469e+20,1.0152761334773826e-23,-1.6745039777505166e-19,-4.570575740103777e-08,6.589681100151762e-19,-5.733759216666635e+22,2.3531570630883516e+26,3045.76123046875,-4.5845535991656654e-33,-6414036992.0,1.7515583404169695e-38,-3.793048280370405e+30,-2.341176239041199e-30,1,1,222,821537406976.0,0,0,93757,2365587456
1779282348.609953,left,47354756,165,0,0,1854,0,0,0,0,0,1863,0,0,0,0,0,0,0,0,0,1,1,1,0,0,32,5472.2626953125,2773.440185546875,2111.11767578125,587.7054443359375,4936.6259765625,535.6368408203125,53.6645622253418,49.929473876953125,75.3787612915039,0.17955990135669708,-0.2543516159057617,-0.6818751692771912,-0.39657890796661377,1.0,-0.0012451623333618045,3,1,1,0.8478386998176575,0,0,31342046,0
1779282348.653453,left,47407766,164,0,0,1850,0,0,0,0,0,1878,0,0,0,0,0,0,0,0,0,1,1,1,0,0,32,4856.5205078125,2450.236083984375,2024.2764892578125,382.008544921875,4508.35693359375,348.1639404296875,47.62619400024414,50.621681213378906,68.53951263427734,0.14782628417015076,-0.2717415392398834,-0.5986345410346985,-0.3280498683452606,1.0,-0.0807872787117958,3,1,1,0.9058051109313965,0,0,24002014,0
1779282348.690953,left,47452389,164,0,0,1828,0,0,0,0,0,1861,0,0,0,0,0,0,0,0,0,1,1,1,0,0,32,4456.2890625,2240.15380859375,1967.8297119140625,248.30557250976562,4229.982421875,226.30657958984375,43.70126724243164,51.17417907714844,63.08049774169922,0.12249674648046494,-0.2856220006942749,-0.5676341652870178,-0.31106069684028625,1.0,-0.13248978555202484,3,1,1,0.9520732760429382,0,0,24002014,110
1779282348.772440,left,47510766,164,0,0,1912,0,0,0,0,0,1905,0,0,0,0,0,0,0,0,0,1,1,1,0,0,32,4201.3876953125,2103.599853515625,1936.3892822265625,161.39862060546875,4054.28857421875,147.09925842285156,41.0657958984375,51.60568618774414,58.96227264404297,0.10338839888572693,-0.2964622676372528,-0.32732662558555603,-0.1856941431760788,1.0,-0.1664193868637085,3,1,1,0.9882075190544128,0,0,24002014,0
1779282348.810534,left,47563777,164,0,0,3471,0,0,0,0,0,3499,0,0,0,0,0,0,0,0,0,1,1,1,0,0,32,4066.85205078125,2036.5400390625,1925.403076171875,104.9100341796875,3971.2373046875,95.6145248413086,39.88219451904297,51.884151458740234,55.95906066894531,0.08945367485284805,-0.30345794558525085,-0.26286476850509644,-0.13196653127670288,1.0,-0.19039075076580048,3,1,1,1.0,0,0,24002014,0
1779282348.871365,left,47617768,165,0,0,4929,314,0,0,0,0,5069,453,0,0,0,0,0,0,0,0,1,1,1,0,0,32,5082.9541015625,2538.60107421875,2476.162109375,68.19091796875,5020.8046875,62.14944076538086,49.84675216674805,52.19045639038086,53.01268768310547,0.07578271627426147,-0.31115326285362244,-0.25320810079574585,-0.14252962172031403,1.0,-0.2738877236843109,3,1,1,1.0,0,0,24002014,0
1779282348.908857,left,47660771,168,0,0,6993,1321,0,0,0,0,6840,1380,0,0,0,0,0,245,0,0,1,1,1,0,0,32,7071.66943359375,3485.140625,3542.20556640625,44.3240966796875,7031.2724609375,40.39714050292969,69.34790802001953,52.50494384765625,52.6357307434082,0.07403244078159332,-0.31905364990234375,-0.04067317396402359,-0.18371711671352386,1.0,-0.38744187355041504,3,1,1,1.0,0,0,24002014,0
1779282348.960864,left,47718781,165,0,0,7584,1879,0,0,0,0,7457,1935,0,0,0,0,256,613,0,0,1,1,1,0,0,32,10469.2373046875,5175.24169921875,5179.43359375,114.56066131591797,10442.9775390625,26.258140563964844,102.66814422607422,52.605587005615234,55.055538177490234,0.08526147902011871,-0.3215824067592621,0.19354993104934692,-0.04359174147248268,1.0,-0.512812077999115,3,1,1,1.0,0,0,24002014,0
1779282349.019364,left,47764201,164,0,91,7737,2161,0,0,0,0,7647,2351,0,0,0,0,688,963,0,0,1,1,1,0,0,32,13708.4033203125,6675.95751953125,6653.83203125,378.61444091796875,13691.3349609375,17.067790985107422,134.4335174560547,52.91516876220703,57.89225769042969,0.09842360764741898,-0.3293599486351013,0.28978708386421204,-0.1712360680103302,1.0,-0.578186571598053,3,1,1,1.0,0,0,24002014,0
1779282349.065375,left,47764201,53747,0,91,7737,2161,0,0,0,0,7647,2351,0,0,0,0,688,963,0,0,1,1,1,0,0,32,13708.4033203125,6675.95751953125,6653.83203125,378.61444091796875,13691.3349609375,17.067790985107422,134.4335174560547,52.91516876220703,57.89225769042969,0.05116492882370949,-0.3293599486351013,0.28978708386421204,-0.1712360680103302,1.0,-0.578186571598053,3,1,1,1.0,0,0,24002014,0
1779282349.116893,left,47869809,164,0,314,7149,2189,0,0,0,0,7019,2256,0,150,365,0,1008,1301,298,0,1,1,1,0,3,35,16330.4619140625,7781.97216796875,7724.54052734375,823.9494018554688,16287.5185546875,42.944068908691406,160.14712524414062,53.23648452758789,61.03628921508789,0.11301174759864807,-0.33640962839126587,0.13813479244709015,-0.07643377780914307,1.0,-0.565605640411377,3,1,1,1.0,0,0,24002014,0
1779282349.179892,left,47921794,164,303,485,6752,0,6531,2067,0,2095,0,0,0,316,650,0,1102,1466,398,0,1,1,1,0,0,32,18322.150390625,8426.681640625,8319.701171875,1575.76708984375,18184.337890625,137.8136444091797,179.6789093017578,53.4666748046875,66.28892517089844,0.13738363981246948,-0.34321510791778564,0.46882548928260803,-0.11124633252620697,1.0,-0.40370985865592957,3,1,1,820338753536.0,0,0,24002014,0
1779282349.224234,left,47975784,165,587,674,6335,1894,0,0,0,0,5994,1832,44,591,1125,0,1156,1653,599,0,1,1,1,0,0,32,19326.59765625,8779.2431640625,8257.505859375,2289.8486328125,18961.029296875,365.3788757324219,189.5291748046875,53.16533660888672,71.99810028076172,0.2750133275985718,-0.3356446921825409,0.49065035581588745,0.1402188539505005,1.0,-0.16113968193531036,3,1,1,1.0,0,0,24002014,0
1779282349.267789,left,48025797,164,877,964,6193,1673,0,0,244,0,5613,1648,78,663,1249,0,1184,1729,698,0,1,1,1,0,0,32,20156.58984375,8950.658203125,8130.978515625,3074.95166015625,19477.7421875,678.84619140625,197.66860961914062,52.739837646484375,78.77018737792969,0.19529597461223602,-0.3249551057815552,0.6282791495323181,0.2137361615896225,1.0,0.1594083458185196,3,1,1,1.0,0,0,24002014,0
1779282349.320306,left,48078778,165,1066,1143,5860,0,5109,1345,7,1502,0,0,377,584,1410,0,1113,1621,710,0,1,1,1,0,0,32,20941.78125,9215.3779296875,8063.0859375,3663.318603515625,19853.734375,1088.0499267578125,205.36871337890625,52.11103820800781,84.59556579589844,0.22232533991336823,-0.3091580271720886,0.5101709365844727,0.298164963722229,1.0,0.45827987790107727,3,1,1,1.0,0,0,24002014,0
1779282349.374029,left,48130782,165,1174,1141,5582,1237,0,85,277,0,4757,925,0,526,1132,0,897,1448,640,0,1,1,1,0,0,32,20842.4609375,9276.1455078125,7546.8056640625,4019.5068359375,19247.626953125,1594.83251953125,204.39471435546875,51.13071823120117,90.14353942871094,0.2480677217245102,-0.28453028202056885,0.4950077533721924,0.47357407212257385,1.0,0.7335115075111389,3,1,1,0.9484342336654663,0,0,24002014,0
1779282349.425426,left,48183795,165,1036,839,5084,736,0,0,0,0,4151,362,0,126,437,0,525,958,147,0,1,1,1,0,0,32,19768.146484375,9042.994140625,6671.52392578125,4053.629638671875,17926.85546875,1841.2911376953125,193.85928344726562,50.274288177490234,93.5723876953125,0.2639773190021515,-0.26301443576812744,0.300107479095459,0.4058597981929779,1.0,0.858310878276825,3,1,1,0.8767147660255432,0,0,24002014,0
1779282349.479264,left,48233605,163,28417,40704,15,0,0,0,0,14592,13,0,0,0,0,10752,22016,0,0,1792,1,1,0,0,0,32,-813244.1875,1.6773211739711132e-19,-3.91639770182878e+30,0.00018817890668287873,-5.586681287252378e+16,6.327907935080935e-39,4.0363374569292115e-23,6.130215753685128e-28,-3.0425057411193848,0.0029070323798805475,1.2309465437235322e-24,6.979817204057198e-38,5.760453523251065e-39,6.488272375967941e-19,-2.782590380334682e-09,1,1,222,821697904640.0,0,0,93757,1258291200
1779282349.531257,left,48233605,50357,474,111,3999,0,0,0,0,0,3385,0,0,0,0,0,42,86,0,0,1,1,1,0,0,32,-279.5257263183594,8571.1962890625,5960.140625,3358.30908203125,16036.5556640625,1853.0892333984375,175.4375,49.554786682128906,92.20716857910156,0.2576427459716797,-0.24493877589702606,-0.1271747201681137,0.36289218068122864,1.0,0.7181568741798401,3,1,1,0.8164625763893127,0,0,24002014,0
1779282349.545757,left,48295795,164,0,0,3032,0,0,0,0,0,2690,0,0,0,0,0,0,0,0,0,1,1,1,0,0,32,14462.2197265625,7175.67822265625,5058.8408203125,2227.701171875,13052.9619140625,1409.2579345703125,141.825927734375,49.420982360839844,86.2515640258789,0.23000912368297577,-0.24157732725143433,-0.44434189796447754,0.054051272571086884,1.0,0.3739391267299652,3,1,1,0.8052577376365662,0,0,24002014,0
1779282349.583757,left,48338796,163,0,0,2595,0,0,0,0,0,2465,0,0,0,0,0,0,0,0,0,1,1,1,0,0,0,11403.1435546875,5725.390625,4229.7470703125,1448.005615234375,10487.1259765625,916.0177001953125,111.8266372680664,49.833534240722656,79.85317993164062,0.2003210186958313,-0.2519416809082031,-0.690405011177063,-0.2410258799791336,1.0,0.11980830132961273,3,1,1,0.839805543422699,0,0,24002014,0
1779282349.635257,left,48391807,164,0,0,2483,0,2383,0,0,0,0,0,0,0,0,0,0,0,0,0,1,1,1,0,0,32,9183.04296875,4629.75390625,3612.08544921875,941.2037353515625,8587.6318359375,595.4115600585938,90.05488586425781,50.28451919555664,74.0611343383789,0.17344622313976288,-0.26327136158943176,-0.5069664120674133,-0.21372319757938385,1.0,-0.03111676312983036,3,1,1,0.877571165561676,0,0,24002014,0
1779282349.697258,left,48440791,164,0,0,2366,0,2349,0,0,0,0,0,0,0,0,0,0,0,0,0,1,1,1,0,0,32,7660.17822265625,4700.54052734375,2347.855712890625,611.7824096679688,6451.01025390625,1209.1676025390625,-3.8542326205640114e+30,5.5985676332958745e+19,-1.6878417905330577e-16,9.199080626388752e+26,-0.00036288262344896793,3.594497962557905e+24,5.855489585101574e-39,-3289944948736.0,-1.7125288687136475e-10,3,1,1,820893515776.0,0,0,24002014,0
1779282349.750257,left,48495814,164,0,0,2203,0,8,0,0,0,0,0,0,0,0,0,0,0,0,1792,1,1,0,0,0,32,-3318688256.0,9.330187331952839e+23,51575564.0,9.652535186353468e-30,4.104260305678236e+36,9.935113766695661e-27,4.022329180518659e-23,0.0029632302466779947,0.011878104880452156,-1.6899410473433796e-13,4.932201496802437e+35,-9.875178023706814e+35,5.8407675434353776e-39,-766.0,-49595464.0,1,0,222,817024401408.0,0,0,93757,3992977408
1779282349.792758,left,48550809,163,0,0,2231,0,0,0,0,0,2226,0,0,0,0,0,0,0,0,0,1,1,1,0,0,32,5890.03759765625,4639.5908203125,991.9690551757812,258.47808837890625,4044.6669921875,1845.3707275390625,57.76153564453125,42.54222106933594,79.99295043945312,0.20096950232982635,-0.06876572221517563,0.151957705616951,0.9804878830909729,1.0,0.06385913491249084,3,1,0,0.5415618419647217,0,0,24002014,0
1779282349.844758,left,48596230,165,0,0,2127,0,0,0,0,0,2191,0,0,0,0,0,0,0,0,0,1,1,1,0,0,32,5366.4248046875,3786.783935546875,1411.6297607421875,168.01075744628906,4166.93310546875,1199.490966796875,52.62664794921875,45.37950134277344,71.34603118896484,0.16084834933280945,-0.14004534482955933,-0.883317232131958,-1.5693098306655884,1.0,-0.053138308227062225,3,1,0,0.06636440753936768,0,0,24002014,0
1779282349.897760,left,48652805,164,0,0,2095,0,2170,0,0,0,0,0,0,0,0,0,0,0,0,0,1,1,1,0,0,32,4999.4765625,3205.85986328125,1684.4093017578125,109.20698547363281,4219.80712890625,779.6691284179688,49.028114318847656,47.57725143432617,64.83888244628906,0.13065558671951294,-0.19525834918022156,-0.5336767435073853,-0.975925862789154,1.0,-0.12754960358142853,3,1,1,0.6508611440658569,0,0,24002014,0
1779282349.950757,left,48703798,164,0,0,2139,0,0,0,0,0,2164,0,0,0,0,0,0,0,0,0,1,1,1,0,0,32,4751.509765625,2828.259033203125,1852.26611328125,70.63298034667969,4244.724609375,506.7849426269531,46.59639358520508,49.15747833251953,60.09173583984375,0.10862910002470016,-0.23495733737945557,-0.4319511950016022,-0.7785183787345886,1.0,-0.17533531785011292,3,1,1,0.7831910848617554,0,0,24002014,0
1779282349.996257,left,48754842,165,0,0,2106,0,0,0,0,0,2186,0,0,0,0,0,0,0,0,0,1,1,1,0,0,32,4582.98193359375,2575.46826171875,1961.373046875,46.13995361328125,4253.57177734375,329.41021728515625,44.94369888305664,50.29155349731445,56.74214172363281,0.09308719635009766,-0.26344820857048035,-0.30448052287101746,1.7545878075669934e-38,-3.617332725878148e+24,2.0634943513698885e-17,3,1,1,821962932224.0,0,0,24002014,0
1779282350.056101,left,48808812,165,0,0,2151,0,2192,0,0,0,0,0,0,0,0,0,0,0,0,0,1,1,1,0,0,32,4484.9873046875,2422.704345703125,2032.2926025390625,29.990968704223633,4270.87060546875,214.1153106689453,43.98270034790039,51.04776382446289,54.41771697998047,0.08230190724134445,-0.28244608640670776,-0.19983859360218048,-0.3520081043243408,1.0,-0.2265499234199524,3,1,1,0.9414868950843811,0,0,24002014,0
1779282350.100003,left,48858806,164,0,0,2203,0,0,0,0,0,2268,0,0,0,0,0,0,0,0,0,1,1,1,0,0,32,4433.19189453125,2327.607666015625,2086.090087890625,19.494131088256836,4294.01611328125,139.17581176757812,43.474761962890625,51.56904983520508,52.843421936035156,0.07499734312295914,-0.2955419719219208,-0.14610882103443146,-0.2619491517543793,1.0,-0.2406763732433319,3,1,1,0.9851398468017578,0,0,24002014,0
1779282350.182515,left,48911812,164,0,0,2493,0,0,0,0,0,2612,0,0,0,0,0,0,0,0,0,1,1,1,0,0,32,4446.4248046875,2283.994873046875,2149.758544921875,12.671183586120605,4355.9609375,90.46428680419922,43.604530334472656,51.94823455810547,51.77937698364258,0.07006021589040756,-0.3050679862499237,-0.0931428000330925,-0.17971576750278473,1.1754943508222875e-38,-0.2527449429035187,3,1,1,1.0,0,0,24002014,0
1779282350.206014,left,48963816,164,0,0,3949,0,0,0,0,0,4425,0,0,0,0,0,0,0,0,0,1,1,1,0,0,32,4676.92578125,2357.146728515625,2311.54296875,8.2362699508667,4618.1240234375,58.801780700683594,45.86497497558594,52.254520416259766,51.030826568603516,0.06658697873353958,-0.31276261806488037,-0.06678788363933563,-0.1479623168706894,1.0,-0.27424582839012146,3,1,1,1.0,0,0,24002014,0
1779282350.258015,left,49015823,164,0,0,4998,218,0,0,0,0,5592,1230,0,0,0,0,206,250,0,0,1,1,1,0,0,32,5970.90234375,2914.29541015625,3051.2529296875,5.353575706481934,5932.681640625,38.22115707397461,58.55454635620117,52.69184875488281,50.43647384643555,0.0638292208313942,-0.3237493932247162,-0.05302666500210762,-0.21125569939613342,1.0,-0.35863569378852844,3,1,1,1.0,0,0,24002014,0
1779282350.311514,left,49068833,164,0,0,6043,1282,0,0,0,0,6260,1548,0,0,0,0,350,686,0,0,1,1,1,0,0,32,8253.986328125,3719.891845703125,4371.01416015625,163.07981872558594,8229.142578125,24.843753814697266,80.94395446777344,53.71580123901367,53.956790924072266,0.08016327768564224,-0.3494738042354584,0.3081316351890564,-0.48527470231056213,1.0,-0.42605993151664734,3,1,1,1.0,0,0,24002014,0
1779282350.364015,left,49117814,164,214,310,6012,1679,0,0,0,0,5902,1650,0,223,525,0,774,1260,216,0,1,1,1,0,0,32,10888.0908203125,4970.82958984375,5448.65966796875,468.6018981933594,10871.9423828125,16.1484375,106.77569580078125,53.73623275756836,58.0989990234375,0.0993829071521759,-0.34998682141304016,0.3923894762992859,-0.010473799891769886,1.0,-0.45383238792419434,3,1,1,1.0,0,0,24002014,0
1779282350.416014,left,49169818,164,1060,961,5296,1117,0,34,836,0,4998,954,0,862,1860,0,1010,1735,845,0,1,1,1,0,0,32,13470.25,5967.33935546875,6227.17822265625,1275.8411865234375,13276.4638671875,193.89649963378906,132.09910583496094,53.55841827392578,66.9894027709961,0.14063383638858795,-0.34551987051963806,0.7932261228561401,0.08589629828929901,1.0,-0.27416932582855225,3,1,1,1.0,0,0,24002014,0
1779282350.470015,left,49220634,163,1993,1519,4413,377,0,427,1713,0,4242,157,0,1133,2629,0,969,1913,933,0,1,1,1,0,0,32,16290.18359375,6842.5703125,6725.166015625,2722.44677734375,15152.30078125,1137.8826904296875,159.7521209716797,51.81729507446289,85.24983978271484,0.2253611981868744,-0.30177855491638184,1.667336344718933,0.8607783913612366,1.0,0.3820561468601227,3,1,1,1.0,0,0,24002014,0
1779282350.520771,left,49274830,165,2553,1889,3752,0,0,459,2306,0,3861,0,0,1072,3238,0,981,1904,1041,1024,1,1,1,0,0,32,18414.5,7502.8212890625,6885.7578125,4026.040283203125,15696.7958984375,2717.82373046875,180.58572387695312,49.268714904785156,102.78633117675781,0.30672940611839294,-0.23775193095207214,1.5013692378997803,1.1813901662826538,1.0,1.206581950187683,3,1,1,0.7925063967704773,0,0,24002014,0
1779282350.572591,left,49331839,164,2830,2055,3292,0,0,172,2577,0,3602,0,0,586,3344,0,811,1666,977,0,1,1,1,0,0,32,20001.302734375,7894.18359375,7009.392578125,5097.72607421875,15723.4658203125,4277.83544921875,196.14576721191406,47.12156295776367,116.70631408691406,0.37131738662719727,-0.18381015956401825,1.1329436302185059,0.9461974501609802,0.5,1.9784696102142334,3,1,1,0.6127005219459534,0,0,24002014,0
1779282350.625592,left,49377650,164,2913,2226,3049,0,0,0,2645,0,3359,0,0,358,3436,0,679,1531,928,0,1,1,1,0,0,32,20670.048828125,8053.369140625,6923.8544921875,5692.82177734375,15217.5556640625,5452.4931640625,202.7039337158203,45.44575881958008,127.06639099121094,0.41474753618240356,-0.1417098045349121,0.9480295777320862,0.9190009832382202,1.0,2.508760690689087,4,1,0,0.05526798963546753,0,0,24002014,0
1779282350.679091,left,49431848,165,2920,2106,2956,0,0,7,2638,0,3266,0,0,548,3458,0,733,1639,1007,0,1,1,1,0,0,32,-3.735977612330621e-35,3.813033016493224e-32,-2.8113193197010222e-12,9.520910617013364e-33,7.048486685805322e-13,-1.6429263909800345e+37,7.275553457475326e-07,2.1864061878245786e+17,-1.4389824968180544e+22,5.373114467955507e+16,24890504.0,-5.639419613112329e+22,5.7893216729146206e-39,-2.4275508994370593e+32,-0.18771356344223022,4,1,0,818194939904.0,0,0,24002014,2415919104
1779282350.731591,left,49486843,164,2939,2114,3051,0,0,200,2585,0,3298,0,0,1036,3363,0,844,1973,1144,0,1,1,1,0,0,32,21088.8828125,8071.111328125,6683.716796875,6334.05517578125,14353.994140625,6734.888671875,206.81129455566406,43.52130889892578,137.11534118652344,0.46601396799087524,-0.09336278587579727,0.36950328946113586,0.3468002378940582,1.0,3.118584156036377,4,1,0,0.37758147716522217,0,0,24002014,0
1779282350.783091,left,49541838,164,2656,1951,3466,0,0,374,2137,0,3515,0,0,1317,2852,0,902,1946,890,0,1,1,1,0,0,32,21532.375,8143.17236328125,6766.06591796875,6623.1357421875,14420.8466796875,7111.52734375,211.16046142578125,43.20760726928711,139.9945831298828,0.47937363386154175,-0.08548182249069214,0.24292509257793427,0.1433032751083374,1.0,3.3328986167907715,4,1,0,0.43012118339538574,0,0,24002014,0
1779282350.841091,left,49586255,164,1766,1297,4566,957,0,0,1046,0,4528,872,0,768,1681,0,795,1607,441,0,1,1,1,0,0,32,21518.591796875,8188.61181640625,6738.74365234375,6591.23828125,14465.7001953125,7052.89306640625,211.02529907226562,43.27652359008789,139.6318817138672,0.4776906669139862,-0.0872131958603859,-0.037890151143074036,-0.038979969918727875,1.0,3.3120412826538086,4,1,0,0.41857874393463135,0,0,24002014,0
1779282350.889591,left,49643830,165,924,739,5567,1584,0,0,183,0,5376,1374,35840,53248,1,19968,21250,4,0,1792,0,0,1,0,0,32,-13018328.0,-1.7586667257034339e-13,-4.290033942407859e-17,-53074055168.0,0.19376979768276215,-53079130112.0,-6.776117464851001e-16,6.302008097494934e+34,-9.389388962203673e-33,3279141470208.0,-5.398636832715242e-12,7.055192246300776e+21,1.754449639538411e-38,9.04333181469537e+23,3.0030791759490967,1,0,222,817509040128.0,0,0,93757,4160749568
1779282350.949140,left,49643830,57171,924,739,5567,1584,0,0,183,0,5424,1374,0,140,464,0,590,1107,0,0,1,1,1,0,0,32,21100.484375,8327.6982421875,6905.0830078125,5867.705078125,15057.4541015625,6022.5302734375,206.92506408691406,44.520164489746094,130.55653381347656,5.243121651724182e-36,-0.11845651268959045,-0.7313792705535889,-0.5426542162895203,1.0,2.7882936000823975,4,1,0,0.21028995513916016,0,0,24002014,0
1779282351.002209,left,49743841,164,0,186,7240,2051,0,0,0,0,7476,1903,0,0,0,0,199,592,0,0,1,1,1,0,3,35,20048.9140625,8497.9033203125,6980.654296875,4570.3583984375,15488.1708984375,4560.7451171875,196.6126708984375,46.146297454833984,115.91047668457031,0.3676247000694275,-0.15930905938148499,-0.6794933080673218,-0.40848055481910706,1.0,1.9449011087417603,3,1,1,0.5310301780700684,0,0,24002014,0
1779282351.038725,left,49795849,164,0,57,8011,2311,0,0,0,0,8061,2133,0,0,0,0,198,398,0,0,1,1,1,0,0,32,19908.244140625,8840.5869140625,7820.07421875,3247.582763671875,16878.66015625,3029.584228515625,195.23318481445312,48.4521484375,97.41021728515625,0.28178465366363525,-0.21723778545856476,-1.6505162715911865,-1.1138426065444946,1.0,1.0476880073547363,3,1,1,0.7241259217262268,0,0,24002014,0
1779282351.098155,left,49849880,164,0,0,7853,1895,0,0,0,0,7693,1656,0,0,0,0,0,0,0,0,1,1,1,0,0,32,19993.908203125,9232.7314453125,8441.6494140625,2319.52880859375,18004.728515625,1989.1798095703125,196.07325744628906,49.94752502441406,84.17570495605469,0.22037717700004578,-0.2548053562641144,-1.1365230083465576,-5.914929196158771e+37,1.0,0.41739803552627563,3,1,1,0.849351167678833,0,0,24002014,0
1779282351.143663,left,49900858,164,0,0,6053,746,0,0,0,0,5791,710,0,0,0,0,0,0,0,0,1,1,1,0,0,32,19679.990234375,9413.076171875,8759.2216796875,1507.6937255859375,18387.025390625,1292.966796875,192.99476623535156,50.72224044799805,74.71018981933594,0.17645780742168427,-0.2742680013179779,-0.8615357279777527,-0.38178518414497375,1.0,-0.03604231774806976,3,1,1,0.9142266511917114,0,0,24002014,0
1779282351.313663,left,50006856,164,0,0,2963,0,0,0,0,0,3142,0,0,0,0,0,0,0,0,0,1,1,1,0,0,32,14245.5458984375,6987.4970703125,6621.04833984375,637.0006103515625,13699.267578125,546.2785034179688,139.70108032226562,51.37727737426758,65.15886688232422,0.13214023411273956,-0.29072409868240356,-0.3376477062702179,-0.11999305337667465,1.0,-0.35250577330589294,3,1,1,0.9690802693367004,0,0,24002014,0
1779282351.327163,left,50063857,164,0,12032,11,0,0,0,0,0,11,0,0,0,0,0,0,0,0,1792,1,1,0,0,0,0,9.140157478427479e+20,6.091516580057187e-31,1.5660206251714556e+31,4.049228706297971e-23,5.711973901412598e+19,4.345268855019194e-14,6.323994407768658e+34,-4.5240621915354495e-08,52203491328.0,3.572569261284123e-35,399706784.0,-1.3531321245777161e-12,1.7444547381117677e-38,-3.776671583745594e-29,4.591447138849269e-33,1,1,222,822450782208.0,0,0,93757,1828716544
1779282351.359163,left,50106472,165,0,0,2835,0,0,0,0,0,2992,0,0,0,0,0,0,0,0,0,1,1,1,0,0,32,9408.0810546875,4628.35009765625,4574.09765625,269.13275146484375,9240.7783203125,230.80267333984375,92.88447570800781,54.90269088745117,59.56711959838867,0.1061948910355568,-0.3039238154888153,-0.29569652676582336,-0.15018510818481445,1.0,-0.3614310920238495,3,1,1,1.0,0,0,24002014,0
1779282351.406163,left,50158864,164,0,0,2740,0,2969,0,0,0,0,0,0,0,0,0,0,0,0,0,1,1,1,0,0,32,8195.978515625,4000.625,4020.36376953125,174.93629455566406,8045.9560546875,150.02174377441406,80.02352905273438,52.124176025390625,57.141685485839844,0.09485330432653427,-0.3094882071018219,-0.2148009091615677,-0.10620689392089844,1.0,-0.36044374108314514,3,1,1,1.0,0,0,24002014,0
1779282351.457163,left,50208851,164,0,0,2720,0,0,0,0,0,2909,0,0,0,0,0,0,0,0,0,1,1,1,0,0,32,7304.53515625,3559.4404296875,3631.386474609375,113.7085952758789,7207.021484375,97.51412963867188,71.63301849365234,52.31465148925781,55.1599006652832,0.08574564754962921,-0.31427332758903503,-0.18395572900772095,-0.09572730213403702,1.0,-0.3559677004814148,3,1,1,1.0,0,0,24002014,0
1779282351.511163,left,50260861,166,0,0,2623,0,0,0,0,0,2775,0,0,0,0,0,0,0,0,0,1,1,1,0,0,32,6671.19775390625,3265.635986328125,3331.651123046875,73.91058349609375,6607.8134765625,63.384185791015625,65.4220962524414,52.39491271972656,53.62044906616211,0.07860268652439117,-0.31628963351249695,-0.13733822107315063,-0.03876765817403793,1.0,-0.34974125027656555,3,1,1,1.0,0,0,24002014,0
1779282351.563163,left,50320857,164,0,0,2561,0,0,0,0,0,2738,0,0,0,0,0,0,0,0,0,1,1,1,0,0,32,6225.57958984375,3040.713623046875,3136.8232421875,48.0418815612793,6184.37939453125,41.19972229003906,61.05207824707031,52.52000427246094,52.46710968017578,0.07325126230716705,-0.3194323778152466,-0.0891963467001915,-0.052382562309503555,1.0,-0.3436047434806824,3,1,1,1.0,0,0,24002014,0
1779282351.609163,left,50364868,168,0,0,3201,0,0,0,0,0,3292,0,0,0,0,0,0,0,0,0,1,1,1,0,0,32,5935.9267578125,2894.513916015625,3010.184814453125,31.22722625732422,5909.14697265625,26.77981948852539,58.21155548095703,52.61138916015625,51.62458801269531,0.06934197247028351,-0.3217282295227051,-0.0888252854347229,-0.05216540768742561,1.0,-0.33961597084999084,3,1,1,1.0,0,0,24002014,0
1779282351.670663,left,50418879,164,0,0,4346,0,4746,0,0,0,0,0,0,0,0,0,0,0,0,0,1,1,1,0,0,32,5937.0029296875,3001.7841796875,2914.92041015625,20.297697067260742,5919.595703125,17.406883239746094,58.22210693359375,52.2416877746582,50.99276351928711,0.0664103776216507,-0.3124404847621918,-0.05427773669362068,0.17196024954319,1.0,-0.3486763834953308,3,1,1,1.0,0,0,24002014,0
1779282351.712663,left,50470860,164,0,0,5099,154,0,0,0,0,5574,1055,0,0,0,0,0,0,0,0,1,1,1,0,0,32,6532.35107421875,3472.259521484375,3046.898193359375,13.193502426147461,6521.03662109375,11.314474105834961,64.06047821044922,51.671077728271484,50.51282501220703,0.06418348103761673,-0.2981051802635193,-0.042840588837862015,0.27577969431877136,1.0,-0.3911619782447815,3,1,1,0.9936838746070862,0,0,24002014,0
1779282351.780663,left,50523864,164,0,0,5869,0,6271,1616,0,1084,0,0,0,0,0,0,286,408,0,0,1,1,1,0,0,32,7691.7783203125,5702.71875,1980.48388671875,8.575777053833008,6023.32421875,1668.454345703125,75.43057250976562,45.045570373535156,65.17265319824219,0.13220421969890594,-0.13165593147277832,1.283313274383545,3.140314817428589,1.0,-0.19007845222949982,3,1,0,0.12229382991790771,0,0,24002014,0
1779282351.818164,left,50576875,163,0,0,6099,0,6314,1819,0,1558,0,0,0,0,0,0,677,905,0,0,1,1,1,0,0,32,10436.5546875,8521.3671875,1666.7144775390625,248.4742431640625,6212.2109375,4224.34521484375,102.3476333618164,40.1773567199707,86.00839233398438,0.2288808822631836,-0.009354332461953163,1.823709487915039,2.307098627090454,1.0,0.2637624144554138,3,1,0,0.9376378059387207,0,0,24002014,0
1779282351.887170,left,50631870,164,153,163,5740,1512,0,0,0,0,5624,1674,0,354,510,0,927,1453,213,0,1,1,1,0,0,32,-2.5133055205240624e+32,4.018592599432936e+33,3379524796416.0,12858061.0,-4.464538849708601e+27,-277037.71875,-1.9024270208799825e+21,0.09924717992544174,1.798607232310911e-35,-5.157744481093783e-33,-2.0810141592052663e-21,3.649846463667187e-36,2.2618358512666872e-41,1.3512204119199323e-30,201.2465057373047,3,1,0,0.8251855373382568,0,0,24002014,0
1779282351.936417,left,50677472,164,480,406,5366,1219,0,0,248,0,5181,1250,0,34750,4,10752,37124,44038,1,1792,1,1,0,0,0,32,-1.8107950168548924e+29,-1691257189433344.0,-2.1551592012345508e+18,-3.6637320840015605e-19,3.721001754034101e-36,-1853614.75,1.5561217838919916e-28,2.0770333390281917e+38,1.9073629881571238e-36,-1.3242235735667606e-37,1.5391934049926572e-33,-1.1548148415274456e+33,6.900694287567562e-41,7.5828484142392e-29,-6.4170622173535745e-31,1,0,222,0.8251599073410034,0,0,93757,570359808
1779282351.983660,left,50734869,164,1230,802,4556,520,0,121,1005,0,4580,503,0,1101,1828,0,1186,2086,730,0,1,1,1,0,0,32,15914.2255859375,8644.26171875,4744.95556640625,2525.0078125,12958.73828125,2955.487548828125,156.0652313232422,48.40793228149414,89.61819458007812,0.24563008546829224,-0.21612699329853058,0.1107463389635086,-1.3748376369476318,1.0,0.5400142073631287,3,1,1,0.7204232811927795,0,0,24002014,0
1779282352.036124,left,50790874,164,2015,1408,3965,0,0,506,1672,0,4171,0,0,1338,2442,0,1048,2276,685,0,1,1,1,0,0,32,17373.294921875,8148.919921875,5600.37109375,3624.00537109375,14346.9267578125,3026.366943359375,170.3738250732422,48.977664947509766,98.73873138427734,0.2879488468170166,-0.23043999075889587,0.7556247115135193,-0.25556641817092896,1.0,0.9696542024612427,3,1,1,0.768133282661438,0,0,24002014,0
1779282352.088031,left,50835886,165,2776,2025,3686,0,0,256,2196,0,3968,0,0,693,2697,0,714,1771,476,0,1,1,1,0,0,32,18617.4453125,7999.84814453125,6070.64111328125,4546.95361328125,14749.802734375,3867.638671875,182.57476806640625,47.850948333740234,110.14881134033203,0.3408910036087036,-0.20213422179222107,1.1761786937713623,0.6288493871688843,1.0,1.5487043857574463,3,1,1,0.6737807393074036,0,0,24002014,0
1779282352.133030,left,50886889,164,3398,2712,3323,0,3565,0,0,0,0,0,2692,0,2993,156,340,1308,517,0,1,1,1,0,0,32,19400.23828125,8287.6005859375,6162.46630859375,4950.16943359375,-2.9992478489857406e-21,4896.76513671875,190.2513427734375,45.909759521484375,119.19415283203125,0.3828607499599457,-0.15336662530899048,0.8228877782821655,0.9561710953712463,1.0,2.0348000526428223,3,1,1,0.5112220644950867,0,0,24002014,0
1779282352.185533,left,50938890,164,3895,3472,3016,0,3225,0,0,0,0,0,2991,0,3466,755,79,990,718,292,1,1,1,0,0,32,19842.5546875,9817.2412109375,4947.80322265625,2394.755126953125,13337.80859375,6504.74658203125,194.5889892578125,42.32368087768555,129.80154418945312,0.43207848072052,-0.06327536702156067,0.9464766383171082,1.73249089717865,1.0,2.586127996444702,4,1,0,0.5781642198562622,0,0,24002014,0
1779282352.245030,left,50993885,10,4001,3842,2703,0,0,0,3231,39,2954,0,0,0,3764,1220,0,804,852,756,1,1,1,0,0,32,20807.66015625,11144.0068359375,4158.2724609375,5505.3818359375,12608.125,8199.5361328125,204.05343627929688,39.383033752441406,140.43861389160156,0.4814339280128479,0.010600888170301914,0.8974533677101135,1.3433266878128052,1.0,3.2428884506225586,4,1,0,0.9293274283409119,0,0,24002014,0
1779282352.291030,left,51043905,165,4000,3987,2562,0,0,0,3286,213,2824,0,0,0,3784,1508,0,796,962,915,1,1,1,0,0,32,21937.228515625,10934.4169921875,4835.77685546875,6167.09765625,12291.3310546875,9645.8994140625,215.13072204589844,38.04338836669922,149.78976440429688,0.5244715809822083,0.04425601661205292,0.8674195408821106,0.6728335022926331,1.0,3.9110560417175293,4,1,0,0.7049598693847656,0,0,24002014,0
1779282352.343030,left,51097887,165,4249,4102,2489,0,0,0,3624,208,2770,0,0,0,4078,1474,0,940,1205,809,1,1,1,0,0,32,22904.548828125,10799.830078125,5354.5546875,6750.16357421875,12100.1142578125,10804.43359375,224.61688232421875,37.20808792114258,156.387451171875,0.5554354786872864,0.06524097174406052,0.5670953989028931,0.38873985409736633,1.0,4.446043014526367,4,1,0,0.5650601983070374,0,0,24002014,0
1779282352.395533,left,51153895,165,4505,4035,2498,0,0,0,4209,213,2721,0,0,0,4921,1375,65,1104,1600,451,1,1,1,0,0,32,23951.205078125,10793.58984375,5792.91064453125,7364.70654296875,12170.0751953125,11781.1328125,234.88107299804688,36.77528762817383,161.06982421875,0.5771613717079163,0.07611382752656937,0.3879069685935974,0.19413040578365326,1.0,4.918254375457764,4,1,0,0.4925745129585266,0,0,24002014,0
1779282352.447032,left,51197896,167,4399,3870,2530,0,0,0,4323,48,2804,0,0,0,5135,1167,312,1376,1939,226,1,1,1,0,0,32,25240.533203125,10842.033203125,6280.841796875,8117.6591796875,12603.69921875,12636.8359375,247.5250701904297,36.74104309082031,164.09970092773438,0.5912197828292847,0.07697427272796631,0.3195020854473114,0.01955512911081314,1.0,5.366475582122803,4,1,0,0.4868382215499878,0,0,24002014,0
1779282352.508032,left,51250907,165,3602,2908,2676,0,0,0,3606,0,3011,0,0,0,4388,413,492,1691,1642,0,1,1,1,0,0,32,26032.74609375,10826.97265625,6553.89697265625,8651.87890625,13026.25390625,13006.494140625,255.2940216064453,37.00413131713867,164.98460388183594,0.595325767993927,0.07036466151475906,0.07745534181594849,-0.12468376755714417,1.0,5.590176582336426,4,1,0,0.5309022665023804,0,0,24002014,0
1779282352.553030,left,51307885,164,1550,1082,3373,0,0,0,907,0,4076,233,0,717,1112,0,1005,1892,382,0,1,1,1,0,0,32,25471.435546875,10252.6328125,6575.9833984375,8642.8212890625,13332.0654296875,12139.37109375,249.78944396972656,38.033451080322266,162.48855590820312,0.5837442278862,0.04450562596321106,-0.20326337218284607,-0.4538424611091614,1.0,5.317119121551514,4,1,0,0.7032958269119263,0,0,24002014,0
1779282352.603533,left,51353305,164,0,0,7433,1724,0,0,0,0,20255,8,0,0,0,40960,17409,3,0,1792,0,0,1,0,0,32,-218433799061504.0,-5.9852411890336435e+25,3163.913818359375,-1.6050920099567562e+34,-1.0053562515607053e+33,1.6068308205359365e+34,-6.463058889038462e-22,2.450249927272078e-27,6.011655374653282e-31,2.1508052039080346e+17,-1.0595024612255334e+17,-7.557010258475923e-29,1.7596715782657174e-38,-4.152494320619482e-17,6.521630502120673e-19,1,0,222,822170615808.0,0,0,93757,1979711488
1779282352.651030,left,51409909,165,0,0,9950,2488,0,0,0,0,10879,3105,0,0,0,0,289,267,0,0,1,1,1,0,0,32,21316.177734375,8902.8251953125,7487.04296875,4926.3095703125,15382.1689453125,5934.00732421875,209.040283203125,44.895606994628906,121.01222229003906,0.3912966251373291,8.480245179036741e-14,-2.703736888413389e+16,1.7633897836109568e-38,-2.156098321603625e+17,6.355465834631006e-22,3,1,0,816428744704.0,0,0,24002014,0
1779282352.710530,left,51409909,58140,0,0,9950,2488,0,0,0,0,10879,3105,0,0,0,0,289,267,0,0,1,1,1,0,0,32,21316.177734375,8902.8251953125,7487.04296875,4926.3095703125,15382.1689453125,5934.00732421875,209.040283203125,44.895606994628906,121.01222229003906,0.3912966251373291,-0.12788881361484528,-2.448251962661743,-2.064627170562744,1.0,2.3287267684936523,3,1,0,0.14740794897079468,0,0,24002014,0
1779282352.756031,left,51512909,165,0,0,11593,0,12367,2876,0,2399,0,0,0,0,0,0,0,0,0,0,1,1,1,0,3,35,21658.06640625,9872.734375,8388.6279296875,3396.701171875,17800.9609375,3857.104736328125,212.39306640625,47.47299575805664,98.30652618408203,0.2859434485435486,-0.19263909757137299,-1.0228463411331177,-0.6286435127258301,1.0,1.1863435506820679,3,1,1,0.6421303153038025,0,0,24002014,0
1779282352.811031,left,51565888,164,0,0,11600,1919,0,0,0,0,12337,2383,0,0,0,0,0,0,0,0,1,1,1,0,0,32,23448.642578125,11146.478515625,10094.30859375,2207.855712890625,20941.5234375,2507.1181640625,229.95262145996094,49.42796325683594,81.16934967041016,0.20642796158790588,-0.24175255000591278,-1.5008869171142578,-0.9270362257957458,1.0,0.32040414214134216,3,1,1,0.8058418035507202,0,0,24002014,0
1779282352.861030,left,51618903,164,0,0,11689,1541,0,0,0,0,12382,1815,0,0,0,0,0,0,0,0,1,1,1,0,0,32,24794.166015625,11844.5615234375,11514.4990234375,1435.106201171875,23164.537109375,1629.626708984375,243.147705078125,50.77024459838867,70.74365997314453,0.15805338323116302,-0.27547386288642883,-0.9124696254730225,-0.6360711455345154,1.0,-0.2813413739204407,3,1,1,0.9182461500167847,0,0,24002014,0
1779282352.920533,left,51664719,163,0,0,11719,1312,0,0,0,0,12335,1463,0,0,0,0,0,0,0,0,1,1,1,0,0,32,25699.904296875,12329.4638671875,12437.625,932.8190307617188,24640.646484375,1059.2574462890625,252.0299530029297,51.5540771484375,64.53524017333984,0.12924666702747345,-0.29516544938087463,-0.6287479400634766,-0.42979714274406433,-3.32306998946229e+35,-1.1020452544101168e+20,3,1,1,822416965632.0,0,0,24002014,0
1779282352.958672,left,51716895,164,0,0,11540,1077,0,0,0,0,12143,1290,0,0,0,0,0,0,0,0,1,1,1,0,0,32,26084.587890625,12564.5009765625,12913.7568359375,606.3323974609375,25396.072265625,688.5172119140625,255.8024139404297,52.01136016845703,60.54259490966797,0.11072101444005966,-0.30665379762649536,-0.3550608158111572,-0.2201845347881317,1.0,-0.934333860874176,3,1,1,1.0,0,0,24002014,0
1779282353.012160,left,51768903,167,0,0,11233,908,0,0,0,0,11801,1184,0,0,0,0,0,0,0,0,1,1,1,0,0,32,26072.486328125,12582.8759765625,13095.4921875,394.11602783203125,25624.951171875,447.5362548828125,255.68374633789062,52.302677154541016,57.90122985839844,0.0984652191400528,-0.3139728903770447,-0.2356521189212799,-0.1407301276922226,1.0,-1.0991120338439941,3,1,1,1.0,0,0,24002014,0
1779282353.063136,left,51821910,167,0,0,11004,0,11689,1277,0,908,0,0,0,0,0,0,0,0,0,0,1,1,1,0,0,32,25741.212890625,12428.21875,13056.8203125,256.1754455566406,25450.31640625,290.8985290527344,252.43505859375,52.49691390991211,56.13255310058594,0.09025867283344269,-0.3188522458076477,-0.154820054769516,-0.09205115586519241,1.0,-1.19436776638031,3,1,1,1.0,0,0,24002014,0
1779282353.116649,left,51874924,164,0,0,10833,1133,0,0,0,0,11415,1573,0,0,0,0,0,0,0,0,1,1,1,0,0,32,25310.640625,12247.5419921875,12896.5830078125,166.51402282714844,25121.5546875,189.0840606689453,248.21258544921875,52.60154342651367,55.00197219848633,0.08501292020082474,-0.3214806616306305,-0.0989503264427185,-0.04957965761423111,-5.390245804009062e+16,1.7597656053926736e-38,3,1,1,822486237184.0,0,0,24002014,0
1779282353.175562,left,51929921,163,0,0,10318,1409,0,0,0,0,10771,2112,0,0,0,0,0,0,0,0,1,1,1,0,0,32,24960.4140625,12149.0029296875,12703.1787109375,108.23411560058594,24837.509765625,122.90463256835938,244.77804565429688,52.62092590332031,54.55904006958008,0.0829576849937439,-0.32196760177612305,-0.037369951605796814,-0.008853940293192863,1.0,-1.2523610591888428,3,1,1,1.0,0,0,24002014,0
1779282353.229112,left,51982925,164,0,0,8439,2115,0,0,0,0,8221,2365,0,0,0,0,92,114,0,0,1,1,1,0,0,32,24837.765625,12001.3017578125,12766.1162109375,70.3521728515625,24757.880859375,79.88801574707031,243.5752716064453,52.76246643066406,54.64620590209961,0.08336207270622253,-0.325523316860199,0.007629381027072668,-0.06708390265703201,1.0,-1.2410141229629517,3,1,1,1.0,0,0,24002014,0
1779282353.279438,left,52031910,164,180,619,6469,1816,0,0,0,0,5916,1382,0,0,0,0,324,604,0,0,1,1,1,0,0,32,23422.451171875,11390.095703125,11914.5263671875,117.82891845703125,23370.5234375,51.927215576171875,229.69577026367188,52.74037170410156,55.465911865234375,0.08716550469398499,-0.32496827840805054,0.07764482498168945,0.011330783367156982,1.0,-1.124238133430481,3,1,1,1.0,0,0,24002014,0
1779282353.332608,left,52086933,164,1726,1771,4744,292,0,254,1080,0,4454,0,0,346,1435,0,249,864,0,0,1,1,1,0,0,32,21248.34375,10582.962890625,-4.863443492196561e+25,375.1387939453125,20943.44140625,313.4027099609375,208.4584197998047,52.140419006347656,59.237117767333984,0.10466370731592178,-0.3098961412906647,0.3180161416530609,0.273924320936203,1.0,-0.827979564666748,3,1,1,1.0,0,0,24002014,0
1779282353.385416,left,52137933,164,2806,2573,3954,0,0,64,1842,0,3871,0,0,0,2041,0,0,293,0,0,1,1,1,0,0,32,19563.59765625,9887.8759765625,8631.0830078125,1044.64013671875,17735.53515625,1828.061767578125,191.8533477783203,49.17857360839844,74.32605743408203,0.17467543482780457,-0.23548582196235657,1.3727790117263794,1.458996057510376,1.0,-0.05385783314704895,3,1,1,0.784957766532898,0,0,24002014,0
1779282353.439581,left,52193938,165,3459,3196,3525,0,0,0,2190,0,3391,0,0,0,2109,0,0,0,0,0,1,1,1,0,0,32,50835.04296875,5.9611449113709065e-34,3320696320.0,-2.614995858391607e+38,-872663132143616.0,9.282295015578187e-36,2.8408395635892703e-09,6.737865456952997e-16,6.597532078140656e-19,4.1312553003393254e-17,8.849377763908706e-08,-1.3818059605516747e+19,5.8682399998284656e-39,1.0137925587449907e-20,-12836655104.0,3,1,0,815245295616.0,0,0,93918,2046820352
1779282353.483611,left,52237725,164,3470,3124,3377,0,0,0,2189,0,3242,0,0,0,2174,0,0,147,0,0,1,1,1,0,0,32,18514.529296875,-4.723107485915534e-05,12.365137100219727,-3.791391871620998e-32,6.879717005838491e-16,-3162.741943359375,5.494651305014067e+16,-6.989294718737467e-34,3.868838408969413e+29,-6.88659199853416e-28,-0.0007924603414721787,-1.9767274750392971e-07,2.29756896210697e-41,3.3298569148628406e-20,959869356081152.0,3,1,0,0.8251837491989136,0,0,24002014,0
1779282353.556514,left,52292933,165,3056,2704,3371,0,3220,0,0,0,0,87,1869,0,1857,0,0,425,0,0,1,1,1,0,0,32,18210.89453125,9890.6083984375,6385.4208984375,1934.864501953125,11565.763671875,6645.13037109375,178.58786010742188,38.698211669921875,120.68687438964844,0.38978686928749084,0.027805129066109657,0.959828794002533,1.2004560232162476,1.0,1.9752689599990845,3,1,0,0.8146324753761292,0,0,24002014,0
1779282353.607945,left,52346920,165,1805,1511,3831,0,0,0,319,0,3519,0,0,0,152,0,0,508,0,0,1,1,1,0,0,32,17080.08203125,9626.8466796875,5396.8740234375,2056.36181640625,10633.0966796875,6446.984375,167.49838256835938,37.766422271728516,124.51145935058594,0.4075327515602112,0.05121424049139023,0.3287065923213959,0.43360644578933716,1.0,2.009326696395874,4,1,0,0.658571720123291,0,0,24002014,0
1779282353.649944,left,52346920,58171,1805,1511,3831,0,0,0,319,0,3519,0,0,0,152,0,0,508,0,0,1,1,1,0,0,32,17080.08203125,9626.8466796875,5396.8740234375,2056.36181640625,10633.0966796875,6446.984375,167.49838256835938,37.766422271728516,124.51145935058594,0.4075327515602112,0.05121424049139023,0.3287065923213959,0.43360644578933716,1.0,2.009326696395874,4,1,0,0.658571720123291,0,0,24002014,0
1779282353.692444,left,52445928,165,0,0,7087,1310,0,0,0,0,7447,1739,0,0,0,0,76,0,0,0,1,1,1,0,3,35,15067.5546875,8758.900390625,4770.068359375,1538.5853271484375,9716.4130859375,5351.14013671875,147.76223754882812,38.45989990234375,118.47281646728516,0.37951385974884033,0.033792268484830856,-0.2829962372779846,-0.1759652942419052,1.0,1.5542917251586914,3,1,0,0.7747182250022888,0,0,24002014,0
1779282353.744944,left,52500951,165,0,0,7765,0,8391,2376,0,1301,0,0,0,0,0,0,313,0,0,0,1,1,1,0,0,32,13532.609375,8173.73486328125,4332.19384765625,1026.680419921875,10054.3671875,3478.24072265625,132.70956420898438,41.273963928222656,99.64212799072266,0.2921406328678131,-0.03690394014120102,-1.5879400968551636,-1.2848482131958008,1.0,0.784623384475708,3,1,0,0.7539737224578857,0,0,24002014,0
1779282353.798056,left,52554940,164,0,0,8284,677,0,0,0,0,9394,3041,0,0,0,0,609,0,0,0,1,1,1,0,0,32,15075.544921875,8267.6279296875,6031.0263671875,776.8922729492188,12814.689453125,2260.856689453125,147.84059143066406,46.256038665771484,81.35014343261719,0.20726676285266876,-0.16206584870815277,-1.5720585584640503,-2.3182854652404785,1.0,0.21253153681755066,3,1,1,0.5402194857597351,0,0,24002014,0
1779282353.850099,left,52608922,164,0,0,8609,485,0,0,0,0,10312,3474,0,0,0,0,807,0,0,0,1,1,1,0,0,32,17433.654296875,8443.1083984375,8272.4169921875,718.1299438476562,15964.0986328125,1469.556884765625,170.9657440185547,50.037357330322266,70.85907745361328,0.15858888626098633,-0.2570621073246002,-0.9017427563667297,-1.7597765922546387,1.0,-0.1929941624403,3,1,1,0.856873631477356,0,0,24002014,0
1779282353.895205,left,52652930,168,0,0,8955,383,0,0,0,0,10962,3530,0,0,0,0,835,0,0,0,1,1,1,0,0,32,19622.32421875,8670.919921875,10202.1708984375,749.2344970703125,18667.115234375,955.2119750976562,192.42926025390625,52.27785873413086,65.43096160888672,0.13340270519256592,-0.3133490979671478,-0.572309136390686,-1.2790172100067139,1.0,-0.4727458357810974,3,1,1,1.0,0,0,24002014,0
1779282353.963204,left,52706952,165,0,0,9211,306,0,0,0,0,11296,3426,0,0,0,0,756,0,0,0,1,1,1,0,0,32,21357.861328125,8904.3984375,11684.01171875,769.452392578125,20736.974609375,620.8878173828125,209.44906616210938,53.547969818115234,62.26393127441406,0.11870790272951126,-0.34525740146636963,-0.27201515436172485,-0.5906538963317871,1.0,-0.6768288016319275,3,1,1,1.0,0,0,24002014,0
1779282354.068704,left,52761945,58161,0,0,9454,371,0,0,0,0,11619,3360,0,0,0,0,728,0,0,0,1,1,1,0,0,32,22653.609375,9141.5595703125,12747.3076171875,764.7440795898438,22250.03515625,403.5770568847656,222.156005859375,54.25056076049805,60.30177688598633,0.10960365831851959,-0.36290812492370605,-0.1655529886484146,-0.3209630846977234,1.0,-0.8245254755020142,3,1,1,1.0,0,0,24002014,0
1779282354.105704,left,52862542,165,0,0,9912,475,0,0,0,0,0,0,642,0,12050,3479,0,0,0,0,1,1,1,0,3,35,23547.99609375,9380.7626953125,13415.349609375,751.883544921875,23285.671875,262.3251037597656,230.9269561767578,54.600196838378906,59.0587158203125,0.10383592545986176,-0.37169191241264343,-0.05733503773808479,-0.08731659501791,1.0,-0.9273009896278381,3,1,1,1.0,0,0,24002014,0
1779282354.165204,left,52918960,164,0,0,9932,490,0,0,0,0,12056,3542,0,0,0,0,701,0,0,0,1,1,1,0,0,32,24429.64453125,9732.935546875,13962.626953125,734.0743408203125,24259.134765625,170.51132202148438,239.57296752929688,54.73843002319336,58.221073150634766,0.09994925558567047,-0.37516456842422485,-0.06889060139656067,-0.0615522675216198,1.0,-1.0111117362976074,3,1,1,1.0,0,0,24002014,0
1779282354.217098,left,52964562,164,0,0,9731,586,0,0,0,0,11809,3782,0,0,0,0,854,0,0,0,1,1,1,0,0,32,25138.169921875,9967.115234375,14448.556640625,722.4983520507812,25027.3359375,110.83235931396484,246.52122497558594,54.8690185546875,57.76142501831055,0.097816601395607,-0.3784453868865967,-0.04676667973399162,-0.07194461673498154,1.0,-1.0681551694869995,3,1,1,1.0,0,0,24002014,0
1779282354.263128,left,53018943,932,0,0,9193,730,0,0,0,0,11169,4213,0,0,0,0,1174,0,0,0,1,1,1,0,0,32,25706.509765625,10089.57421875,14848.412109375,768.5238647460938,25634.470703125,72.0410385131836,252.09474182128906,55.0241813659668,57.7481689453125,0.09775509685277939,-0.38234347105026245,-0.0011309932451695204,-0.07168100029230118,1.0,-1.0931222438812256,3,1,1,1.0,0,0,24002014,0
1779282354.315470,left,53069939,164,0,0,8417,946,0,0,0,0,10374,4595,0,0,0,0,1792,443,0,0,1,1,1,0,0,32,25976.87890625,10031.2724609375,15035.1669921875,910.4404907226562,25930.052734375,46.82667541503906,254.74615478515625,55.22783279418945,58.33917236328125,0.1004972755908966,-0.3874599039554596,0.05377243086695671,-0.10033008456230164,1.0,-1.0677894353866577,3,1,1,1.0,0,0,24002014,0
1779282354.378460,left,53122952,164,0,0,7332,984,0,0,0,0,9402,4778,0,0,0,0,2665,1568,0,0,1,1,1,0,0,32,26191.12109375,9797.3779296875,15012.0087890625,1381.736328125,26160.68359375,30.43734359741211,256.8471374511719,55.6213493347168,60.189422607421875,0.10908229649066925,-0.39734578132629395,0.161941796541214,-0.18648023903369904,1.0,-0.960340678691864,3,1,1,1.0,0,0,24002014,0
1779282354.420529,left,53175957,164,0,0,5993,899,0,0,0,0,7881,4061,0,0,0,0,3305,3082,0,0,1,1,1,0,0,32,26302.029296875,9265.595703125,14656.755859375,2379.678955078125,26282.248046875,19.784271240234375,257.9347839355469,56.35332107543945,63.72639846801758,0.12549370527267456,-0.41573473811149597,0.3096200227737427,-0.3469287157058716,1.0,-0.7412291169166565,3,1,1,1.0,0,0,24002014,0
1779282354.481529,left,53230956,164,0,0,5607,1537,0,0,0,0,7254,2980,0,284,0,0,2406,2751,309,0,1,1,1,0,0,32,25613.568359375,8464.5869140625,13706.591796875,3442.39111328125,25600.708984375,12.859777450561523,251.18328857421875,57.13842010498047,67.93079376220703,0.14500179886817932,-0.43545839190483093,0.354699045419693,-0.3586184084415436,1.0,-0.46348142623901367,3,1,1,1.0,0,0,24002014,0
1779282354.532529,left,53281947,164,0,116,5902,1621,0,0,0,0,6446,1900,0,406,208,0,1254,1703,214,0,1,1,1,0,0,32,24813.619140625,8105.6318359375,12590.5849609375,4117.40380859375,24805.259765625,8.358854293823242,243.33847045898438,57.361572265625,71.4048843383789,0.1611213982105255,-0.44106465578079224,0.31612637639045715,-0.10994614660739899,1.0,-0.24220126867294312,3,1,1,1.0,0,0,24002014,0
1779282354.577530,left,53335966,164,138,481,5911,1540,0,0,40,0,5878,1385,0,421,473,0,1005,1545,208,0,1,1,1,0,0,32,23020.001953125,7913.96044921875,11247.080078125,3858.96240234375,22973.96875,46.03325653076172,225.7490997314453,56.78634262084961,72.61664581298828,0.1667439192533493,-0.4266132414340973,0.10408413410186768,0.2675246596336365,1.0,-0.15777452290058136,3,1,1,1.0,0,0,24002014,0
1779282354.646029,left,53335966,57163,138,481,5911,1540,0,0,40,0,5878,1385,0,421,473,0,1005,1545,208,0,1,1,1,0,0,32,23020.001953125,7913.96044921875,11247.080078125,3858.96240234375,22973.96875,46.03325653076172,225.7490997314453,56.78634262084961,72.61664581298828,0.1667439192533493,-0.4266132414340973,0.10408413410186768,0.2675246596336365,1.0,-0.15777452290058136,3,1,1,1.0,0,0,24002014,0
1779282354.695529,left,53434968,164,1182,799,5400,0,5218,875,0,1148,0,0,829,706,1135,0,902,1509,329,0,1,1,1,0,3,35,21606.701171875,7965.4248046875,10000.0029296875,3641.27587890625,21360.130859375,246.5716094970703,211.88934326171875,55.71705627441406,74.92488861083984,0.17745399475097656,-0.3997500538825989,0.10818039625883102,0.27133986353874207,1.0,-0.02844219282269478,3,1,1,1.0,0,0,24002014,0
1779282354.727529,left,53484960,164,1552,920,5217,1083,0,113,1018,0,5016,729,0,742,1300,0,843,1556,329,0,1,1,1,0,0,32,20687.005859375,8179.47607421875,8771.8515625,3735.67919921875,19779.833984375,907.1715698242188,202.87022399902344,53.75959777832031,81.82775115966797,0.20948289334774017,-0.35057392716407776,0.6406804919242859,0.9836799502372742,1.0,0.3153439462184906,3,1,1,1.0,0,0,24002014,0
1779282354.789029,left,53536966,165,1721,976,5010,836,0,151,1115,0,4739,596,0,724,1406,0,794,1482,361,0,1,1,1,0,0,32,20353.455078125,8353.259765625,8178.6533203125,3821.541259765625,18489.443359375,1864.0113525390625,199.59921264648438,51.62325668334961,89.88121032714844,0.24685049057006836,-0.2969038486480713,0.7185247540473938,1.031997799873352,1.0,0.7034924626350403,3,1,1,0.9896794557571411,0,0,24002014,0
1779282354.840029,left,53589978,165,1644,912,4937,864,0,55,940,643,1206,0,666,0,4634,566,0,1350,237,0,1,1,1,0,0,32,20103.39453125,8422.46875,7793.0751953125,3887.851806640625,17598.5390625,2504.857421875,197.14694213867188,50.15807342529297,95.65150451660156,0.2736242413520813,-0.26009488105773926,0.505050778388977,0.6943516135215759,1.0,0.9731378555297852,3,1,1,0.8669828772544861,0,0,24002014,0
1779282354.885048,left,53641976,164,1382,777,5142,954,0,0,675,471,906,0,591,0,4774,650,0,1190,142,0,1,1,1,0,0,32,19535.205078125,8444.353515625,6188.29833984375,4902.55419921875,16301.25,3233.95751953125,191.57492065429688,47.52321243286133,109.08749389648438,0.3359664976596832,-0.19390040636062622,1.198935627937317,1.2730196714401245,1.0,1.5753098726272583,3,1,1,0.6463346481323242,0,0,24002014,0
1779282354.937885,left,53694958,165,1334,729,5348,1175,0,0,552,0,4982,723,0,328,660,0,541,1009,0,0,1,1,1,0,0,32,18903.384765625,8378.0810546875,5052.4443359375,5472.85986328125,15446.4619140625,3456.922119140625,185.37887573242188,45.94729232788086,116.80638122558594,0.3717816472053528,-0.15430966019630432,0.6759871244430542,0.7472490072250366,1.0,1.8744044303894043,3,1,1,0.5143654942512512,0,0,24002014,0
1779282355.004704,left,53750992,164,1041,584,5624,1325,0,0,317,0,5192,836,0,135,402,0,458,891,0,0,1,1,1,0,0,32,18273.94921875,8450.8515625,5521.2890625,4301.80908203125,15111.701171875,3162.249267578125,179.2062225341797,46.46186828613281,108.23580932617188,0.33201470971107483,-0.16723695397377014,-0.7096930146217346,-0.23070447146892548,1.0,1.436265468597412,3,1,1,0.5574564933776855,0,0,24002014,0
1779282355.066288,left,53803970,165,868,446,5867,1407,0,0,78,0,5447,823,0,0,84,0,295,758,0,0,1,1,1,0,0,32,17755.26953125,26971.91015625,5852.28759765625,3409.02587890625,15020.1044921875,2735.162353515625,174.1197052001953,47.18709945678711,99.94468688964844,0.2935444414615631,-0.18545755743980408,-0.7261555194854736,-0.3439145088195801,1.0,1.0423409938812256,3,1,1,0.6181895136833191,0,0,24002014,0
1779282355.117422,left,53803970,58168,868,446,5867,1407,0,0,78,0,5447,823,0,0,84,0,295,758,0,0,1,1,1,0,0,32,17755.26953125,8493.955078125,5852.28759765625,3409.02587890625,15020.1044921875,2735.162353515625,174.1197052001953,47.18709945678711,99.94468688964844,0.2935444414615631,-0.18545685708522797,-0.7261555194854736,-0.3439145088195801,1.0,1.0423409938812256,3,1,1,0.6181895136833191,0,0,24002014,0
1779282355.162981,left,53907975,164,1694,830,6172,1462,0,87,320,0,5292,462,0,0,0,0,0,96,0,0,1,1,1,0,3,35,17304.72265625,8635.720703125,6055.1865234375,2613.81689453125,14847.16796875,2457.5556640625,169.70135498046875,47.52117156982422,92.95948028564453,0.26113343238830566,-0.1938491314649582,-0.3116293251514435,-0.08069106191396713,1.0,0.7259073257446289,3,1,1,0.6461637616157532,0,0,24002014,0
1779282355.228018,left,53907975,58177,1694,830,6172,1462,0,87,320,0,5292,462,0,0,0,0,0,96,0,0,1,1,1,0,3,35,17304.72265625,8635.720703125,6055.1865234375,2613.81689453125,14847.16796875,2457.5556640625,169.70135498046875,47.52117156982422,92.95948028564453,0.26113343238830566,-0.1938491314649582,-0.3116293251514435,-0.08069106191396713,1.0,0.7259073257446289,3,1,1,0.6461637616157532,0,0,24002014,0
1779282355.252516,left,54011982,165,3570,1941,6509,1465,0,1331,821,0,4514,0,0,0,0,0,0,0,0,0,1,1,1,0,3,35,16993.322265625,9198.96875,6061.771484375,1732.5809326171875,14370.05859375,2623.26123046875,166.64755249023438,46.39097213745117,88.92278289794922,0.24240343272686005,-0.1654561161994934,-0.18008403480052948,0.2729913890361786,1.0,0.5482813119888306,3,1,1,0.5515203475952148,0,0,24002014,0
1779282355.311016,left,54057793,164,4057,2191,6859,1524,0,1552,208,0,4520,0,0,0,0,0,0,0,0,0,1,1,1,0,0,32,17925.259765625,11164.9287109375,5634.1513671875,1126.1776123046875,13713.4375,4211.8193359375,175.7867431640625,42.47229766845703,94.84906768798828,0.2699010372161865,-0.06700915843248367,0.6002431511878967,2.1489806175231934,1.0,0.8329970240592957,3,1,0,0.5532723069190979,0,0,24002014,0
1779282355.358095,left,54113977,164,3624,1938,7819,1782,0,1484,0,0,5123,0,0,0,0,0,0,0,0,0,1,1,1,0,0,32,18707.416015625,12658.4033203125,5316.998046875,732.0154418945312,13429.7841796875,5277.6328125,183.4570770263672,40.0815544128418,98.10897827148438,0.2850267291069031,-0.006947625428438187,0.2692170739173889,1.0690149068832397,1.0,1.0158517360687256,3,1,0,0.9536824822425842,0,0,24002014,0
1779282355.410747,left,63735244,164,3752,2077,8713,2216,0,1498,0,0,5633,0,0,0,0,0,0,0,0,0,1,1,1,0,0,32,19877.671875,14152.7626953125,5249.09912109375,475.81005859375,13882.7607421875,5994.91064453125,194.93336486816406,38.83722686767578,98.82659149169922,0.2883565425872803,0.024312689900398254,0.06281363219022751,0.5896948575973511,1.0,1.1136207580566406,3,1,0,0.8379154205322266,0,0,24002014,0
1779282355.484547,left,54222988,164,2985,1919,9776,2541,0,1377,0,0,6552,81,0,0,0,0,0,0,0,0,1,1,1,0,0,32,21183.287109375,15490.5458984375,5383.46435546875,309.27655029296875,14820.494140625,6362.79248046875,207.73707580566406,38.511417388916016,97.50333404541016,0.2822166979312897,0.03249795734882355,-0.10964008420705795,0.14616549015045166,1.0,1.1195200681686401,3,1,0,0.783346951007843,0,0,24002014,0
1779282355.507548,left,54265618,164,1778,1397,10907,2552,0,940,0,0,8151,478,0,0,0,0,0,0,0,0,1,1,1,0,0,32,22599.982421875,16578.154296875,5820.80126953125,201.02976989746094,16265.8212890625,6334.1650390625,221.63011169433594,39.0681037902832,94.17464447021484,0.26677167415618896,0.01851283386349678,-0.36230412125587463,-0.32805827260017395,1.0,1.0139178037643433,3,1,0,0.8765811324119568,0,0,24002014,0
1779282355.567548,left,54319002,164,98,471,11491,2614,0,0,0,0,9938,1466,0,0,0,0,0,0,0,0,1,1,1,0,0,32,23861.041015625,16926.69921875,6803.6708984375,130.66934204101562,18303.583984375,5557.45703125,233.9968719482422,40.98457336425781,87.35578155517578,0.23513263463974,-0.02963382750749588,-0.5926689505577087,-0.901893138885498,1.0,0.6801658868789673,3,1,0,0.8024411797523499,0,0,24002014,0
1779282355.620546,left,54371002,164,0,0,11150,2283,0,0,0,0,10459,2255,0,0,0,0,0,0,0,0,1,1,1,0,0,32,24495.923828125,15997.205078125,8413.7861328125,84.93507385253906,20684.427734375,3811.4970703125,240.2229461669922,44.44926071166992,76.9777603149414,0.1869792342185974,-0.11667511612176895,-0.9260269403457642,-1.6738709211349487,1.0,0.08839317411184311,3,1,0,0.22216594219207764,0,0,24002014,0
1779282355.672588,left,54431002,164,0,0,9846,1822,0,0,0,0,10043,3441,0,0,0,0,430,0,0,0,1,1,1,0,0,32,24928.19921875,15099.732421875,9773.2607421875,55.207801818847656,22450.7265625,2477.47314453125,244.4621124267578,47.1607666015625,69.3888168334961,0.15176697075366974,-0.18479499220848083,-0.5868710875511169,-1.1353312730789185,1.0,-0.3638856112957001,3,1,1,0.6159833073616028,0,0,24002014,0
1779282355.741048,left,54473790,164,0,0,8453,1324,0,0,0,0,157,4076,0,0,0,0,167,725,0,0,1,1,1,0,0,32,25157.033203125,16789.255859375,11072.0185546875,186.38507080078125,23546.671875,1610.3575439453125,246.70620727539062,49.44303894042969,65.39270782470703,0.13322529196739197,-0.2421315461397171,-0.43333831429481506,-1.3400148153305054,1.0,-0.6083970069885254,3,1,1,0.8071051239967346,0,0,1860058590,0
1779282355.770046,left,54526007,164,0,0,7054,854,0,0,0,0,8428,4075,0,0,0,0,2432,1629,0,0,1,1,1,0,0,32,25330.62109375,12456.0576171875,11903.6123046875,970.9502563476562,24283.890625,1046.732421875,248.4085235595703,51.67030715942383,65.14530181884766,0.13207730650901794,-0.2980859577655792,-0.021984899416565895,-1.0715746879577637,1.0,-0.6276298761367798,3,1,1,0.9936197996139526,0,0,24002014,0
1779282355.824046,left,54578010,164,0,0,5862,867,0,0,0,0,7465,3635,0,0,0,0,2814,2390,0,0,1,1,1,0,0,32,25034.650390625,10868.787109375,12113.3984375,2052.467529296875,24354.27734375,680.3760375976562,245.50604248046875,53.65884780883789,67.0287094116211,0.14081624150276184,-0.34804296493530273,0.1680467426776886,-0.9606562256813049,1.0,-0.5071824193000793,3,1,1,1.0,0,0,24002014,0
1779282355.929047,left,54634996,164,0,0,5085,1029,0,0,0,0,6592,2820,40,305,0,0,2795,2833,157,0,1,1,1,0,0,32,24327.42578125,9419.861328125,11758.7080078125,3148.853759765625,23885.18359375,442.2444152832031,238.57054138183594,55.28156280517578,69.94462585449219,0.15434589982032776,-0.3888097107410431,0.23742209374904633,-0.7153817415237427,1.0,-0.3226780891418457,3,1,1,1.0,0,0,24002014,0
1779282355.950547,left,54686015,164,0,0,4860,851,0,0,0,0,5769,1694,190,981,19,0,1938,2193,471,0,1,1,1,0,0,32,23180.67578125,8206.1103515625,11058.1103515625,3916.455322265625,22893.216796875,287.4588928222656,227.32476806640625,56.361656188964844,73.00630187988281,0.16855192184448242,-0.41594401001930237,0.2784457206726074,-0.5318469405174255,1.0,-0.13720661401748657,3,1,1,1.0,0,0,24002014,0
1779282355.996047,left,54738995,165,38,626,4734,518,0,0,77,0,5063,855,0,1141,699,0,1454,1873,449,0,1,1,1,0,0,32,21645.337890625,7332.82177734375,10157.171875,4155.34619140625,21458.490234375,186.8482666015625,212.26824951171875,56.725807189941406,75.98357391357422,0.182366281747818,-0.4250923991203308,0.26074671745300293,-0.17267628014087677,1.0,0.026481885462999344,3,1,1,1.0,0,0,24002014,0
1779282356.040046,left,54793014,165,719,1625,4679,340,0,79,688,0,4624,482,0,1271,1116,0,1319,1808,473,0,1,1,1,0,0,32,20211.62109375,6836.93408203125,9099.76171875,4274.9248046875,19830.818359375,380.8013610839844,198.20828247070312,56.05001449584961,81.02584838867188,0.2057620733976364,-0.4081149101257324,0.4331029951572418,0.31428736448287964,0.5,0.2692146897315979,3,1,1,1.0,0,0,24002014,0
1779282356.091046,left,54837817,164,1212,2030,4781,534,0,294,963,0,4528,585,88,1407,1316,0,1399,1806,455,0,1,1,1,0,0,32,20004.904296875,7130.25732421875,8423.6455078125,4451.0009765625,18668.53125,1336.370849609375,196.18109130859375,53.679100036621094,90.67330932617188,0.2505105137825012,-0.3485516309738159,0.9991227984428406,1.3294484615325928,1.0,0.7294592261314392,3,1,1,1.0,0,0,24002014,0
1779282356.137547,left,54890004,165,1271,2094,5090,1055,0,322,913,0,4760,1095,402,1654,1335,0,1646,2020,474,0,1,1,1,0,0,32,20515.5859375,7732.51708984375,8141.31982421875,4641.7509765625,18089.796875,2425.791015625,201.1891632080078,51.24746322631836,99.73796081542969,0.29258519411087036,-0.2874627113342285,0.8059367537498474,1.1705774068832397,1.1754943508222875e-38,1.1942132711410522,3,1,1,0.9582089781761169,0,0,24002014,0
1779282356.195549,left,54943019,165,984,1889,5329,1315,0,204,733,0,5007,1418,636,1768,1269,0,1839,2304,592,0,1,1,1,0,0,32,21721.48046875,8414.486328125,8380.2578125,4926.73828125,18587.568359375,3133.9140625,213.01495361328125,49.90974807739258,105.13140106201172,0.3176107704639435,-0.2538560628890991,0.4720470905303955,0.6339082717895508,1.0,1.545462727546692,3,1,1,0.8461868166923523,0,0,24002014,0
1779282356.251047,left,54994010,165,677,1480,5376,1480,0,48,590,1908,1226,0,2071,0,5141,1703,790,2515,673,0,1,1,1,0,0,32,22685.5625,8871.7666015625,8554.4677734375,5259.32958984375,19315.01953125,3370.5439453125,222.4693603515625,49.50215148925781,107.5982666015625,0.3290565013885498,-0.24361644685268402,0.22446571290493011,0.2008122205734253,1.0,1.7483046054840088,3,1,1,0.8120548129081726,0,0,24002014,0
1779282356.295547,left,55050014,165,433,987,5302,1482,0,0,547,0,5135,1789,738,1994,1188,0,2361,2862,733,0,1,1,1,0,0,32,23436.46484375,8921.5478515625,8892.75390625,5622.1640625,20267.36328125,3169.103515625,229.8332061767578,50.04105758666992,107.61559295654297,0.3291369676589966,-0.2571549117565155,0.0014367951080203056,-0.24174104630947113,1.0,1.8071496486663818,0,1,1,0.8571829795837402,0,0,24002014,0
1779282356.340046,left,55099027,164,226,527,5044,1253,0,0,533,0,5046,1871,881,2311,1335,0,2757,3394,847,0,1,1,1,0,0,32,24246.205078125,8669.7060546875,9370.240234375,6206.2568359375,21497.833984375,2748.3671875,237.7740478515625,51.183921813964844,106.91190338134766,0.32587188482284546,-0.2858666479587555,-0.06661666929721832,-0.5857983827590942,1.0,1.8286560773849487,3,1,1,0.9528887867927551,0,0,24002014,0
1779282356.401047,left,55154017,164,258,354,4453,743,0,0,843,0,4694,1611,803,2460,1720,0,2930,3649,1156,0,1,1,1,0,0,32,24828.8828125,8114.009765625,9764.255859375,6950.61669921875,22576.423828125,2252.638671875,243.4881591796875,52.602783203125,106.52018737792969,0.3240543305873871,-0.3215119540691376,-0.03305244818329811,-0.6482143402099609,1.0,1.8492693901062012,3,1,1,1.0,0,0,24002014,0
1779282356.453046,left,55211027,164,448,416,3908,123,0,0,1198,0,4075,838,515,2592,2214,0,2854,3835,1446,0,1,1,1,0,0,32,25119.771484375,7328.60595703125,9990.6162109375,7800.55078125,23124.607421875,1995.165283203125,246.34080505371094,53.70454788208008,108.4491958618164,0.33300477266311646,-0.34919100999832153,0.15699775516986847,-0.48551231622695923,1.0,1.987180471420288,3,1,1,1.0,0,0,24002014,0
1779282356.518547,left,55253642,164,58626,18689,13,0,25856,25600,59398,24585,10,35584,9,38144,43278,16384,59648,11790,6,1792,1,1,0,0,0,3724541984,-12.422564506530762,1.8420686842546274e-07,-13613094928384.0,-6.398699293432771e-25,-54618084081664.0,-2.3711280422810302e-33,-1.5122620721569538e+28,-12438.2744140625,5.617049544149487e+19,-1.6153389797088663e-19,-1599934464.0,12219.4150390625,1.7510545736190448e-38,-3.884081439099295e+33,5.882701399980298e-39,1,1,222,822486237184.0,0,0,93757,3019898880
1779282356.559404,left,55314026,165,51715,44290,12,0,13568,13056,7,18176,14,0,12544,12552,11,48128,1799,59149,5,1792,1,1,0,0,536870912,3472883712,-1.6510522848576175e+37,-4.495485581013092e-11,871062183084032.0,-811266.0,-13019846.0,1.792330311944923e-10,-2.2003081379682714e+17,-1.6461616680371528e-19,-3.8608675076935113e+30,-6.045335594322129e+31,1.9719526812435086e-23,1.4358297301253312e-34,5.671832605770235e-39,-47.875,5.888574241844283e-39,1,1,222,822486237184.0,0,0,93757,2197815296
1779282356.608921,left,55357648,164,1524,1513,3135,0,0,0,1718,0,3550,0,0,959,2536,0,1029,2119,955,0,1,1,1,0,0,32,22724.0,5545.0244140625,8107.2353515625,9072.1552734375,19999.005859375,-3.9659941108993735e-08,-2.5360540660707506e+35,-1.6074876149888022e-22,-2.905068186009885e-06,-1.374822632350181e+19,-6551706271744.0,1.4022670418233584e-37,5.769197625668452e-39,-3.6881558435015567e-32,5.890220767539865e-39,3,1,1,822486237184.0,0,0,24002014,0
1779282356.667987,left,55414039,163,2060,2461,3027,0,0,0,1607,0,3334,0,0,145,1914,0,498,1384,462,0,1,1,1,0,0,32,21434.169921875,5764.4658203125,7449.15380859375,8220.55078125,17998.40234375,3435.7666015625,210.19740295410156,51.40865707397461,125.7762222290039,0.41340118646621704,-0.29151248931884766,0.2821715474128723,0.8577330112457275,1.0,2.586582899093628,4,1,1,0.9717082381248474,0,0,24002014,0
1779282356.714375,left,55466039,164,2644,3531,2960,0,0,0,1644,0,3141,0,0,0,1665,337,188,796,200,72,1,1,1,0,0,32,19857.361328125,6388.703125,6634.99951171875,6833.658203125,15466.3642578125,4390.99853515625,194.73419189453125,48.35102462768555,129.04637145996094,0.42857444286346436,-0.21469730138778687,0.2917933762073517,1.4772151708602905,1.0,2.5520823001861572,4,1,1,0.715657651424408,0,0,24002014,0
1779282356.796947,left,55520033,164,3215,4492,2881,0,0,0,1718,349,2915,0,0,0,1610,951,0,356,78,577,1,1,1,0,0,32,18919.583984375,7349.90673828125,5987.5,5582.17822265625,13210.8349609375,5708.74853515625,185.53773498535156,44.324737548828125,134.3458251953125,0.45316362380981445,-0.11354697495698929,52477160325120.0,5.8716563654844895e-39,7.89027624115421e-37,-1.4091387192475648e+16,4,1,0,0.825171947479248,0,0,24002014,0
1779282356.821104,left,55520033,53167,3215,4492,2881,0,0,0,1718,349,2915,0,0,0,1610,951,0,356,78,577,1,1,1,0,0,32,18919.583984375,7349.90673828125,5987.5,5582.17822265625,13210.8349609375,5708.74853515625,185.53773498535156,44.324737548828125,134.3458251953125,0.45316362380981445,-0.11354697495698929,0.4554058015346527,1.8733623027801514,-3.601714690919489e-35,196780.046875,4,1,0,818071339008.0,0,0,24002014,0
1779282356.865357,left,55620040,167,4343,6405,2722,0,0,0,1605,1179,2396,0,0,0,984,1965,0,0,0,1615,1,1,1,0,3,35,18971.53125,8483.2392578125,5609.6748046875,4878.615234375,11532.9931640625,7438.53662109375,186.0471649169922,40.08432388305664,142.9115753173828,0.49290820956230164,-0.007017489522695541,0.3974180519580841,1.0652203559875488,1.0,3.069276809692383,4,7,0,0.9532167315483093,0,0,24002014,0
1779282356.941431,left,55671037,164,4953,7258,2623,0,0,0,1613,1369,2225,0,0,0,602,2095,0,0,0,1731,1,1,1,0,0,32,20459.193359375,10228.60546875,5462.08935546875,4768.5,10197.3955078125,10261.7998046875,200.63613891601562,35.44491195678711,156.35513305664062,0.5552854537963867,0.10953618586063385,1.22315514087677,2.2855007648468018,1.0,3.9697840213775635,4,1,0,0.26975876092910767,0,0,24002014,0
1779282356.991451,left,55729049,165,5412,7801,2616,0,0,0,1364,1547,2098,0,0,0,244,2121,0,0,0,1727,1,1,1,0,0,32,21858.427734375,11840.494140625,5370.0078125,4647.9248046875,9140.2578125,12718.1689453125,214.35794067382812,32.046871185302734,165.98423767089844,0.599963903427124,0.19490337371826172,0.7701587080955505,1.471543550491333,1.0,4.746216297149658,4,1,2,0.6496778726577759,0,0,24002014,0
1779282357.015439,left,55773855,164,5694,7877,2624,0,0,0,1419,1443,2002,0,0,0,107,1805,0,0,0,1363,1,1,1,0,0,32,22909.677734375,13238.9208984375,5226.50537109375,4444.2509765625,8283.3671875,14626.3095703125,224.6671905517578,29.55908203125,172.3529510498047,0.6295145750045776,0.2574027478694916,0.6595248579978943,1.3948885202407837,1.0,5.324507236480713,4,1,2,0.8580090999603271,0,0,24002014,0
1779282357.067958,left,55773855,50353,5694,7877,2624,0,0,0,1419,1443,2002,0,0,0,107,1805,0,0,0,1363,1,1,1,0,0,32,22909.677734375,13238.9208984375,5226.50537109375,4444.2509765625,8283.3671875,14626.3095703125,224.6671905517578,29.55908203125,172.3529510498047,0.6295145750045776,0.2574027478694916,0.6595248579978943,1.3948885202407837,1.0,5.324507236480713,4,1,2,0.8580090999603271,0,0,24002014,0
1779282357.083957,left,55836047,164,6173,7941,2722,0,0,121,2081,1267,2014,0,0,0,572,1467,0,0,0,860,1,1,1,0,0,32,23460.3359375,14273.5478515625,5103.828125,4082.96337890625,7569.93798828125,15890.40234375,230.06729125976562,27.707914352416992,175.9544219970703,0.646225094795227,0.3032221496105194,0.2686924338340759,0.7477818131446838,1.0,5.655180931091309,4,1,2,1.0,0,0,24002014,0
1779282357.120426,left,55879047,164,6207,7689,2756,0,0,26,2645,1106,2072,0,0,0,1249,1190,0,0,0,432,1,1,1,0,0,32,24019.87109375,15157.1064453125,5194.18798828125,3668.576171875,7079.26025390625,16940.611328125,235.55445861816406,26.3276309967041,177.49383544921875,0.6533678770065308,0.33858463168144226,0.16611121594905853,0.806414783000946,1.0,5.878765106201172,6,1,2,1.0,0,0,24002014,0
1779282357.201153,left,55935048,165,6013,7321,2834,0,0,0,3134,919,2167,0,0,0,1858,990,768,0,0,120,1,1,1,0,0,32,95.62974548339844,15677.51953125,5414.2724609375,3389.4248046875,6879.6689453125,17601.548828125,240.07870483398438,25.578014373779297,177.71881103515625,0.6544117331504822,0.3574169874191284,0.018639955669641495,0.3362860679626465,1.0,6.004889488220215,6,1,2,1.0,0,0,24002014,0
1779282357.237915,left,55986047,165,5629,6789,2924,0,0,94,3226,811,2302,0,0,0,2375,807,0,0,4,0,1,1,1,0,0,32,24796.490234375,15858.287109375,5696.27734375,3241.92626953125,5.7194862233289245e-21,-6.888438268821658e-16,-2.4669242435445937e-27,-3409191226048512.0,-9.854633776551585e-27,764.60302734375,-3.868371361030744e+33,-1.7827258616729766e-35,5.6783402358385594e-39,-2.5953089503871762e-18,5.946754752784585e-39,6,1,2,822486237184.0,0,0,24002014,0
1779282357.284983,left,56041039,164,4883,6118,3004,0,0,385,277,599,2461,0,0,0,2645,635,0,0,294,0,1,1,1,0,0,32,24821.869140625,15710.4873046875,5889.02978515625,3222.35205078125,7156.13232421875,17665.736328125,243.41937255859375,25.625749588012695,175.34657287597656,0.6434047818183899,0.3562176525592804,-0.13385356962680817,-0.1182180792093277,1.0,5.947187423706055,4,1,2,1.0,0,0,24002014,0
1779282357.346133,left,56041039,55149,4883,6118,3004,0,0,385,3093,599,2461,0,0,0,2645,635,0,0,294,0,1,1,1,0,0,32,24821.869140625,15710.4873046875,5889.02978515625,3222.35205078125,7156.13232421875,17665.736328125,243.41937255859375,25.625749588012695,175.34657287597656,0.6434047818183899,0.3562176525592804,-0.13385356962680817,-0.1182180792093277,1.0,5.947187423706055,4,1,2,1.0,0,0,24002014,0
1779282357.383121,left,56140042,164,3096,4162,3217,0,0,784,2025,14,2965,0,0,591,1940,0,310,1117,544,0,1,1,1,0,3,35,24480.6640625,15248.3154296875,5981.4189453125,3250.9287109375,7498.38525390625,16982.27734375,240.07330322265625,26.362796783447266,172.89144897460938,0.6320130825042725,0.3377014398574829,-0.11506418138742447,-0.18702678382396698,1.0,5.721249103546143,4,1,2,1.0,0,0,24002014,0
1779282357.436989,left,56193051,164,958,1987,4732,640,0,0,6,0,4613,800,0,303,99,0,553,1179,0,0,1,1,1,0,0,32,22852.232421875,13712.4052734375,5745.37255859375,3394.453369140625,8425.0517578125,14427.1796875,224.1038360595703,28.94611358642578,165.6600799560547,0.5984598994255066,0.2728021442890167,-0.632971465587616,-1.2243070602416992,1.0,4.944235324859619,4,1,2,0.9093404412269592,0,0,24002014,0
1779282357.502055,left,56247076,164,0,930,5497,1027,0,0,0,0,5757,1422,0,0,0,0,493,962,0,0,1,1,1,0,0,32,20365.75,11824.013671875,5737.1923828125,2804.544921875,9955.234375,10410.517578125,199.7197723388672,33.568302154541016,146.88551330566406,0.5113470554351807,0.1566813588142395,-1.6124544143676758,-2.1493899822235107,1.0,3.488983154296875,4,1,2,0.5222711563110352,0,0,24002014,0
1779282357.548897,left,56247076,3741376294,0,930,5497,1027,0,0,0,0,5757,1422,0,0,0,0,493,962,0,0,1,1,1,0,0,32,20365.75,11824.013671875,5737.1923828125,2804.544921875,9955.234375,10410.517578125,199.7197723388672,33.568302154541016,146.88551330566406,0.5113470554351807,0.1566813588142395,-1.6124544143676758,-2.1493899822235107,1.0,3.4889936447143555,4,1,2,0.5222711563110352,0,0,24002014,0
1779282357.593405,left,56349063,50331813,0,9267,1438,0,0,0,0,10585,3403,0,0,0,0,432,0,0,0,1031,1,0,0,0,587202560,0,-9659917245874176.0,3.7784939949554704e-30,-196.2725067138672,1.8942888566693917e-38,-4.805029312593984e-18,3.08805782241472e-33,1.8941372081915375e-10,2.204572647618241e-22,-2.369532385376536e+30,1.6897183793222054e-13,3427.7880859375,-4.118633660255e-05,6.875891304749012e-41,-2.131108425512218e-18,3.635626563729709e+33,0,222,61,0.8251857161521912,0,0,366,1762787328
1779282357.668327,left,56405072,164,0,0,10409,1119,0,0,0,0,11912,3371,0,0,0,0,357,0,0,0,1,1,1,0,0,32,20935.451171875,10326.53125,8941.787109375,1667.1326904296875,16325.431640625,4610.0185546875,205.306640625,45.42412567138672,97.01280975341797,0.279940664768219,-0.14116652309894562,-2.322988748550415,-2.860783815383911,1.0,1.0817856788635254,3,1,0,0.05888986587524414,0,0,24002014,0
1779282357.690335,left,56449072,167,0,0,10977,848,0,0,0,0,12362,2762,0,0,0,0,146,0,0,0,1,1,1,0,0,32,23116.83984375,10747.044921875,11161.2109375,1208.5863037109375,20120.328125,2996.512451171875,226.69874572753906,49.07890319824219,80.34654998779297,0.20261017978191376,-0.23298333585262299,-1.757511019706726,-2.0867457389831543,1.0,0.27023977041244507,3,1,1,0.7766110897064209,0,0,24002014,0
1779282357.750835,left,56503059,168,0,0,11197,628,0,0,0,0,12477,2295,0,0,0,0,0,0,0,0,1,1,1,0,0,32,24509.1953125,11124.3291015625,12548.1875,836.6810913085938,22561.462890625,1947.73291015625,240.35308837890625,50.980979919433594,70.47713470458984,0.15681929886341095,-0.2807682752609253,-0.8481834530830383,-0.8851193785667419,1.005828857421875,-0.29374611377716064,3,1,1,0.9358941912651062,0,0,24002014,0
1779282357.803335,left,56556074,165,0,0,11348,597,0,0,0,0,12680,2208,0,0,0,0,0,0,0,0,1,1,1,0,0,32,25239.92578125,11369.564453125,13326.521484375,543.8427124023438,23973.900390625,1266.0264892578125,247.5191192626953,52.06577682495117,64.27255249023438,0.1280277669429779,-0.3067206144332886,-0.5430827140808105,-0.48952820897102356,0.5,-0.6782285571098328,3,1,1,1.0,0,0,24002014,0
1779282357.855335,left,56610062,165,0,0,11620,665,0,0,0,0,12754,2334,0,0,0,0,0,0,0,0,1,1,1,0,0,32,25838.802734375,11581.8173828125,13903.48828125,353.4977722167969,25015.88671875,822.9171752929688,253.39208984375,52.66145706176758,60.3774528503418,0.10995472967624664,-0.32298582792282104,-0.33476027846336365,-0.3012746274471283,1.0,-0.9357671737670898,3,1,1,1.0,0,0,24002014,0
1779282357.900837,left,56660080,164,0,0,11859,843,0,0,0,0,12942,2493,0,0,0,0,0,0,0,0,1,1,1,0,0,32,26375.7734375,11827.931640625,14318.0673828125,229.77357482910156,25840.87890625,534.8961791992188,258.657958984375,53.032447814941406,57.93071746826172,0.0986020565032959,-0.33230602741241455,-0.22697174549102783,-0.18633690476417542,1.1754943508222875e-38,-1.1100313663482666,3,1,1,1.0,0,0,24002014,0
1779282357.953335,left,56711075,164,0,0,11725,1256,0,0,0,0,12479,3040,0,0,0,0,0,0,0,0,1,1,1,0,0,32,26879.501953125,12086.9541015625,14643.1943359375,149.3528289794922,26531.822265625,347.6825256347656,263.5978698730469,53.24199676513672,56.50829315185547,0.09200210869312286,-0.3375706076622009,-0.12942342460155487,-0.10323718190193176,1.0,-1.2229539155960083,3,1,1,1.0,0,0,24002014,0
1779282358.013335,left,56764061,164,0,0,10827,2189,0,0,0,0,11114,3623,0,0,0,0,252,0,0,0,1,1,1,0,0,32,27446.677734375,12399.87109375,14949.724609375,97.07933807373047,27220.681640625,225.99366760253906,269.1599426269531,53.34498596191406,55.988365173339844,0.0895896777510643,-0.3401578664779663,-0.04552959278225899,-0.0488291010260582,1.0,-1.282993197441101,3,1,1,1.0,0,0,24002014,0
1779282358.078835,left,56816057,164,0,0,10058,2710,0,0,0,0,10212,3119,0,0,0,0,252,132,0,0,1,1,1,0,0,32,27465.689453125,12615.515625,14698.8720703125,151.30157470703125,27318.79296875,146.8958740234375,269.3464050292969,53.27288055419922,56.40858459472656,0.09153944998979568,-0.33834633231163025,0.03749850392341614,0.034839875996112823,1.0,-1.2561941146850586,3,1,1,1.0,0,0,24002014,0
1779282358.127207,left,56866083,164,0,0,9572,2832,0,0,0,0,9607,2912,0,0,0,3840,40961,0,0,1792,1,1,0,0,0,32,-3.8292818749046403e-32,4.0214590495939016e+33,-1.0299851274444398e+36,-9.408608294839618e-33,-3.938130259056537e+30,-6.443602676107581e-22,-1.5062272095899834e-31,1.0787523625028703e-14,1.400752634970348e+19,2.3951211455789655e-27,8.26905591542966e-17,9.167257779252314e+26,5.633057275963903e-39,-3.617332725878148e+24,1.7595224801091132e-38,1,1,222,822486237184.0,0,0,93757,2147483648
1779282358.183459,left,56917871,164,0,0,9223,2739,0,0,0,0,9072,2692,0,0,0,0,305,117,0,0,1,1,1,0,0,32,26460.685546875,12543.625,13624.7255859375,292.3349304199219,26398.62109375,62.06350326538086,259.49066162109375,53.058082580566406,57.76213836669922,0.09781986474990845,-0.3329502046108246,0.05190848559141159,0.053569141775369644,1.0,-1.1243059635162354,3,1,1,1.0,0,0,24002014,0
1779282358.216470,left,56917871,50359,0,0,9223,2739,0,0,0,0,9072,2692,0,0,0,0,305,117,0,0,1,1,1,0,0,32,26460.685546875,12543.625,13624.7255859375,292.3349304199219,26398.62109375,62.06350326538086,259.49066162109375,53.058082580566406,57.76213836669922,0.09781986474990845,-1.265893636496313e+38,50823024640.0,5.6347598535980576e-39,47.875,1.7592205002900512e-38,3,1,1,822486237184.0,0,0,24002014,0
1779282358.229970,left,56980064,165,0,0,9093,2693,0,0,0,0,8779,2588,0,0,0,0,310,199,0,0,1,1,1,0,0,32,25666.296875,12340.056640625,12973.4736328125,352.7677001953125,25625.955078125,40.34128189086914,251.70037841796875,52.939613342285156,58.24004364013672,0.1000373363494873,-0.32997411489486694,0.03565468266606331,0.04785248637199402,1.0,-1.0611262321472168,3,1,1,1.0,0,0,24002014,0
1779282358.268470,left,57022092,164,0,83,8852,2753,0,0,0,0,8464,2472,0,0,0,0,282,237,0,0,1,1,1,0,0,32,24979.142578125,12220.6904296875,12411.20703125,405.6989440917969,24952.921875,26.221830368041992,244.96170043945312,52.827415466308594,58.63255310058594,0.10185850411653519,-0.32715505361557007,0.04333224892616272,0.06707578897476196,1.0,-1.0091967582702637,3,1,1,1.0,0,0,24002014,0
1779282358.320470,left,57075068,164,284,401,8271,2593,0,0,0,0,7550,2175,0,0,0,0,334,345,0,0,1,1,1,0,0,32,24325.296875,11975.2548828125,11894.884765625,455.15435791015625,24279.203125,46.09419250488281,238.54966735839844,52.68601608276367,59.16939163208008,0.10434944927692413,-0.3236030042171478,0.04702025651931763,0.06705015897750854,1.0,-0.9514519572257996,3,1,1,1.0,0,0,24002014,0
1779282358.379970,left,57125091,166,1228,943,6833,1947,0,332,146,0,6161,1406,0,292,0,0,375,408,0,0,1,1,1,0,0,32,23494.98828125,11826.0654296875,11135.42578125,533.5003051757812,23225.27734375,269.7112121582031,230.40711975097656,52.14794158935547,61.11397933959961,0.11337217688560486,-0.3100849688053131,0.18037158250808716,0.27023640275001526,1.0,-0.8093706369400024,3,1,1,1.0,0,0,24002014,0
1779282358.418519,left,57125091,51156,1228,943,6833,1947,0,332,146,0,6161,1406,0,292,0,0,375,408,0,0,1,1,1,0,0,32,23494.98828125,11826.0654296875,11135.42578125,533.5003051757812,23225.27734375,269.7112121582031,230.40711975097656,52.14794158935547,61.11397933959961,0.11337217688560486,-0.3100849688053131,0.18037158250808716,0.27023640275001526,1.0,-0.8093706369400024,3,1,1,1.0,0,0,24002014,0
1779282358.440389,left,57188084,165,1849,1523,5862,1251,0,625,808,0,5344,734,0,502,360,104,361,463,0,0,1,1,1,0,0,32,22291.6953125,11635.9931640625,10039.7763671875,615.92529296875,21189.232421875,1102.4622802734375,218.60684204101562,50.557891845703125,67.0821533203125,0.14106424152851105,-0.344357967376709,0.4396054446697235,0.6341300010681152,1.1754943508222875e-38,-0.4487539529800415,3,1,1,0.9004639983177185,0,0,24002014,0
1779282358.470980,left,57229096,164,2761,2091,4891,290,0,994,1494,0,4632,50,0,548,1122,0,406,463,0,383,1,1,1,0,0,32,21383.203125,11451.896484375,9111.654296875,819.6513061523438,18984.8515625,2398.350830078125,209.6975860595703,48.21523666381836,77.03553771972656,0.1872473657131195,-0.21128608286380768,1.12608802318573,1.435022234916687,1.0,0.08012537658214569,3,1,1,0.7042869329452515,0,0,24002014,0
1779282358.538997,left,57286075,165,3112,2664,4310,0,0,664,2070,22,4300,0,0,187,1763,277,396,408,0,861,1,1,1,0,0,32,20807.728515625,11187.681640625,8259.875,1360.1732177734375,16795.302734375,4012.427734375,204.05410766601562,45.38591766357422,91.39269256591797,0.2538636028766632,-0.14020641148090363,1.169136643409729,1.2474713325500488,1.0,0.7946426272392273,3,1,0,0.06529062986373901,0,0,24002014,0
1779282358.605390,left,57341100,164,2707,2567,3688,0,0,122,2291,0,3949,0,0,251,2442,676,630,822,0,1337,1,1,1,0,0,32,20767.57421875,10877.6923828125,7686.26904296875,2203.61279296875,15240.84765625,5526.7275390625,203.6603240966797,43.110389709472656,106.22221374511719,0.3226717412471771,-0.08303949981927872,1.2504886388778687,1.038926124572754,1.0,1.531935214996338,3,1,0,0.4464033842086792,0,0,24002014,0
1779282358.634923,left,57384895,164,951,1494,3016,0,0,0,1945,0,3655,0,0,716,3157,663,1295,2455,1410,1511,1,1,1,0,0,32,20935.72265625,10249.8994140625,7190.57470703125,3495.247802734375,14498.201171875,6437.52294921875,205.30929565429688,42.198509216308594,119.22476959228516,0.3830029368400574,-0.060130856931209564,1.3775818347930908,0.5230880975723267,1.0,2.1973888874053955,3,1,0,0.5991276502609253,0,0,24002014,0
1779282358.686426,left,57439094,165,0,378,2211,0,0,0,526,0,3387,0,0,784,2736,146,2294,4384,2950,1571,1,1,1,0,0,32,21254.66796875,8573.78515625,6884.47412109375,5796.4111328125,15301.73046875,5952.93994140625,208.4370880126953,44.905269622802734,127.89275360107422,0.42322173714637756,-0.12813135981559753,0.7420579791069031,-1.2546449899673462,1.0,2.6728427410125732,4,1,0,0.14579099416732788,0,0,24002014,0
1779282358.740425,left,57495095,164,0,0,1638,0,0,0,0,0,3227,53,0,1132,1801,0,3241,6485,3844,1290,1,1,1,0,0,32,21272.986328125,6479.1103515625,6118.85791015625,8675.017578125,17036.013671875,4236.9111328125,208.61672973632812,50.0283203125,131.9954071044922,0.4422578513622284,-0.256835013628006,0.33992454409599304,-2.298238515853882,1.0,2.8845207691192627,4,1,4,0.8561166524887085,0,0,24002014,0
1779282358.813483,left,57548106,164,0,0,1389,0,0,0,0,0,3143,262,0,1478,1068,44,4184,7921,4140,638,1,1,1,0,0,32,21776.291015625,4784.7216796875,5521.4580078125,11470.111328125,19022.298828125,2753.9921875,213.55245971679688,55.01322555541992,134.52639770507812,0.4540014863014221,-0.3820681869983673,0.22153203189373016,-2.3623998165130615,1.0,3.0849878787994385,4,1,1,1.0,0,0,24002014,0
1779282358.845529,left,57599102,165,0,0,1359,0,0,0,0,0,3113,350,57,1699,718,0,4824,8739,4152,0,1,1,1,0,0,32,22632.638671875,3596.218994140625,5297.99755859375,13738.4228515625,20842.54296875,1790.094970703125,221.9503631591797,58.7248420715332,135.3714599609375,0.4579225778579712,-1.9743782707548822e-23,1.5383405499224335e+34,1.7624538563666343e-38,-1.3475614510022656e+16,5.906219392107061e-39,4,1,1,822486237184.0,0,0,24002014,0
1779282358.906945,left,57656112,164,0,0,1353,0,0,0,0,0,3236,707,242,1984,823,0,5200,8596,3658,0,1,1,1,0,0,32,23458.064453125,2813.1923828125,5280.84814453125,15364.0244140625,22294.501953125,1163.561767578125,230.04502868652344,61.18062210083008,134.8795166015625,0.45563986897468567,-0.5370084047317505,-0.040040500462055206,-1.0821839570999146,1.0,3.343111753463745,4,1,1,1.0,0,0,24002014,0
1779282358.943517,left,57702136,164,0,0,1636,0,0,0,0,0,3510,991,336,2264,1017,0,5231,7828,2749,0,1,1,1,0,0,32,24279.4921875,2304.22509765625,5591.701171875,16383.5673828125,23523.17578125,756.3151245117188,238.10047912597656,62.594627380371094,133.78855895996094,0.4505779445171356,-0.5725317597389221,-0.10998445749282837,-0.7718441486358643,1.0,3.3966333866119385,4,1,1,1.0,0,0,24002014,0
1779282359.011019,left,57757098,164,0,0,2344,0,0,0,0,0,4134,1299,462,2757,1326,0,4544,5998,1775,0,1,1,1,0,0,32,24717.521484375,2070.34619140625,6119.95556640625,16527.216796875,24225.916015625,491.60479736328125,242.3960723876953,63.11507034301758,131.55661010742188,0.4402218163013458,-0.5856067538261414,-0.18842342495918274,-0.2378915399312973,1.0,3.325563907623291,4,1,1,1.0,0,0,31342046,0
1779282359.039916,left,57801902,164,0,0,3957,845,0,0,316,0,5076,1848,595,2121,1248,0,2599,3105,751,0,1,1,1,0,0,32,24490.0,2166.125244140625,6833.62060546875,15490.44140625,24170.64453125,269.54315185546875,240.16668701171875,62.8348503112793,127.27389526367188,0.4203503131866455,-0.5785667896270752,9.171794236248322e-26,0.15712803602218628,1.0,3.043360948562622,4,1,1,1.0,0,0,24002014,0
1779282359.107007,left,57801902,50354,0,0,3957,845,0,0,316,0,5076,1848,595,2121,1248,0,2599,3105,751,0,1,1,1,0,0,32,24490.1875,2166.125244140625,6833.62060546875,15490.44140625,24170.64453125,319.54315185546875,240.16668701171875,62.8348503112793,127.27389526367188,0.4203503131866455,-0.5785667896270752,-0.44352075457572937,0.15712803602218628,1.0,3.043360948562622,4,1,1,1.0,0,0,24002014,0
1779282359.121006,left,57864101,164,85,138,5441,1597,0,0,282,0,5535,1386,0,925,530,18,978,1223,0,0,1,1,1,0,0,32,23559.822265625,3088.681396484375,7706.30419921875,12764.8369140625,23253.419921875,306.4030456542969,231.0429229736328,61.148250579833984,119.20252227783203,0.38289961218833923,-0.5361951589584351,-0.6021109819412231,0.6812268495559692,1.0,2.471552848815918,3,1,1,1.0,0,0,24002014,0
1779282359.181006,left,57910122,164,420,484,6792,1875,0,0,0,0,6211,1077,0,0,0,0,0,150,0,0,1,1,1,0,0,32,21655.884765625,4548.99267578125,7853.89794921875,9252.9951171875,21279.970703125,375.9119567871094,212.37167358398438,58.869598388671875,107.6638412475586,0.32936087250709534,-0.47894981503486633,-1.163354516029358,1.2438961267471313,1.0,1.672358751296997,3,1,1,1.0,0,0,24002014,0
1779282359.205005,left,57961114,164,1089,804,7675,2028,0,447,0,0,6508,709,0,0,0,0,0,0,0,0,1,1,1,0,0,32,20029.4765625,6306.69580078125,7655.83349609375,6066.9462890625,19468.732421875,560.7427978515625,196.42205810546875,56.05230712890625,95.06059265136719,0.2708824574947357,-0.4081724286079407,-1.1468154191970825,1.3880095481872559,1.0,0.9411662817001343,3,1,1,1.0,0,0,24002014,0
1779282359.257603,left,58014095,164,166,1068,8494,2225,0,896,0,0,6472,453,0,0,0,0,0,0,0,0,1,1,1,0,0,32,19747.55859375,8314.40234375,7489.64111328125,3943.51513671875,18564.076171875,1183.48291015625,193.6573944091797,52.63955307006836,87.36174011230469,0.23516030609607697,-0.3224357068538666,-0.6742445826530457,1.6182540655136108,1.0,0.5631924271583557,3,1,1,1.0,0,0,24002014,0
1779282359.312006,left,58066097,164,1839,1112,8984,2179,0,925,0,0,6596,226,0,0,0,0,0,0,0,0,1,1,1,0,0,32,20290.91015625,10423.01171875,7304.61767578125,2563.284912109375,18238.55078125,2052.36376953125,198.98585510253906,49.334964752197266,84.0895767211914,0.21997763216495514,-0.2394160032272339,-0.29196324944496155,1.5964713096618652,1.0,0.4194066822528839,3,1,1,0.7980533242225647,0,0,24002014,0
1779282359.363005,left,58122105,164,2083,1405,9526,2099,0,946,0,0,6688,0,0,0,0,0,0,0,0,0,1,1,1,0,0,32,20840.439453125,12038.607421875,7135.701171875,1666.1351318359375,18149.806640625,2690.636474609375,204.37489318847656,47.063377380371094,82.11841583251953,0.2108316272497177,-0.18234819173812866,-0.16329818964004517,1.0189224481582642,1.0,0.33221566677093506,3,1,1,0.6078273057937622,0,0,24002014,0
1779282359.468505,left,58222114,164,2123,1133,10477,2250,0,967,0,0,7358,0,0,0,0,0,0,0,0,0,1,1,1,0,0,32,22196.6796875,14545.6865234375,6962.5537109375,703.9421997070312,18477.900390625,3718.778564453125,217.67506408691406,44.151180267333984,81.23128509521484,0.20671528577804565,-0.10918683558702469,-0.03874043747782707,0.48513805866241455,1.0,0.3065946698188782,3,1,0,0.27208781242370605,0,0,24002014,0
1779282359.521506,left,58276128,165,2246,337,10666,2526,0,1120,0,0,7674,84,0,0,0,0,0,0,0,0,1,1,1,0,0,32,22977.294921875,15418.7724609375,7100.9599609375,457.5623474121094,19040.388671875,3936.90625,225.3302764892578,43.687198638916016,80.02003479003906,0.20109516382217407,-0.09753052145242691,-0.10404935479164124,0.21580171585083008,1.0,0.2506101131439209,3,1,0,0.3497965335845947,0,0,24002014,0
1779282359.565005,left,58321521,165,1716,0,10692,3006,0,763,0,0,8207,657,0,0,0,0,0,0,0,0,1,1,1,0,0,32,23467.1953125,15838.8515625,7330.923828125,297.4155578613281,19708.755859375,3758.43896484375,230.1345672607422,43.985679626464844,77.16686248779297,0.18785671889781952,-0.10502921044826508,-0.29164066910743713,-0.1651948243379593,1.0,0.09532777965068817,3,1,0,0.29980528354644775,0,0,24002014,0
1779282359.625505,left,58377114,167,1144,0,10077,3163,0,336,0,0,8146,1238,0,0,0,0,0,0,0,0,1,1,1,0,0,32,23987.57421875,15948.103515625,7846.150390625,193.32009887695312,20676.939453125,3310.63525390625,235.23773193359375,44.89347839355469,73.69223022460938,0.17173458635807037,-0.12783508002758026,-0.2900029420852661,-0.4102291762828827,1.0,-5.1978853647568635e+29,3,1,0,0.14776617288589478,0,0,24002014,0
1779282359.678505,left,58433119,164,1030,156,8496,2761,0,23,0,0,7057,1620,0,0,0,0,0,261,0,0,1,1,1,0,0,32,23973.375,15463.318359375,8384.3974609375,125.65806579589844,21303.4609375,2669.912841796875,235.09849548339844,46.085350036621094,70.326416015625,0.15611736476421356,-0.15777802467346191,-0.27885404229164124,-0.5346477031707764,1.0,-0.29602470993995667,3,1,1,0.5259267091751099,0,0,24002014,0
1779282359.730005,left,58433119,56150,1030,156,8496,2761,0,23,0,0,7057,1620,0,0,0,0,0,261,0,0,1,1,1,0,0,32,23973.375,15463.318359375,8384.3974609375,125.65806579589844,21303.4609375,2669.912841796875,235.09849548339844,46.085350036621094,70.326416015625,0.15611736476421356,-0.15777802467346191,-0.27885404229164124,-0.5346477031707764,1.0,-0.29602470993995667,3,1,1,0.5259267091751099,0,0,24002014,0
1779282359.781505,left,58533124,164,1156,1199,5458,1202,0,0,794,0,5157,1156,218,958,1130,0,1406,1524,150,0,1,1,1,0,3,35,22980.29296875,14454.15625,8353.1083984375,173.02772521972656,20781.798828125,2198.493408203125,225.35968017578125,46.862518310546875,69.13052368164062,0.15056847035884857,-0.17730237543582916,-0.05548616871237755,-0.19523374736309052,1.0,-0.34969139099121094,3,1,1,0.5910078883171082,0,0,24002014,0
1779282359.835005,left,58588118,164,1094,1259,4857,715,0,0,941,0,4799,893,249,1222,1248,0,1591,1782,164,0,1,1,1,0,0,32,22443.2890625,12528.751953125,8328.5712890625,1585.968017578125,19933.818359375,2509.470458984375,220.09347534179688,47.58552932739258,79.88175201416016,0.200453519821167,-0.19546610116958618,0.9070999026298523,-0.33028560876846313,1.0,0.23734022676944733,3,1,1,0.6515536308288574,0,0,24002014,0
1779282359.887505,left,58643143,164,896,1259,4402,349,0,0,954,0,4549,703,178,1373,1360,1280,1708,2157,241,0,1,1,1,0,0,32,21862.19140625,10917.4384765625,8239.12109375,2705.629150390625,19078.130859375,2784.05615234375,214.3948516845703,48.12754440307617,88.98844909667969,0.24270819127559662,-0.20908303558826447,0.7679176926612854,-0.24746814370155334,1.0,0.7088178992271423,3,1,1,0.6969434022903442,0,0,24002014,0
1779282359.932505,left,58686150,165,908,1271,4207,333,0,0,1037,0,4398,731,296,1522,1469,0,1824,2239,382,0,1,1,1,0,0,32,21294.423828125,9517.634765625,8105.02880859375,3671.759033203125,18392.435546875,2901.986083984375,208.8269500732422,48.815887451171875,96.37593841552734,0.27698561549186707,-0.22622865438461304,0.7970196008682251,-0.39867040514945984,1.0,1.0677999258041382,3,1,1,0.7540954947471619,0,0,24002014,0
1779282359.986005,left,58741145,165,1129,1450,4203,393,0,20,241,37120,54288,21762,22273,42502,6,5120,39687,60424,1,1792,1,1,0,0,0,32,-1.397820191932416e+16,-0.7735213041305542,-3.9214751902711614e+30,-6.233324746600273e-28,198.55027770996094,2.8701516718854236e-09,-3.851734101474979e-29,2.239788396819702e+20,209164992512.0,-9.665073719903564e+32,1.1737789754260196e-30,3360268864192512.0,1.748903860735999e-38,-9.943248484094195e+35,-3.887730886335108e+33,1,1,222,821614804992.0,0,0,93757,1493172224
1779282360.042505,left,58793141,164,1439,1786,4262,492,0,153,1423,0,4084,659,316,1625,1810,35072,59398,42759,1,1792,1,1,0,0,0,32,-3.648572021950241e-38,13605458149376.0,-1.7584916270525774e-13,1.0461629472358037e-20,1.5662528976231976e-28,1.7945070429625787e-10,6.018526374232709e-31,1.5761066342889205e+34,3427723741495296.0,-9.400342183299805e-30,0.0003632603620644659,-3.592174991770152e-35,5.559372798814311e-39,7.133930921554565e-07,-6.499341086539666e-19,1,1,222,821602353152.0,0,0,93757,1610612736
1779282360.091005,left,58846124,164,1822,2083,2058,564,0,285,1525,0,3973,598,295,1600,1851,0,1471,1833,389,0,1,1,1,0,0,32,21542.47265625,8093.70703125,8100.6396484375,5348.1416015625,17710.537109375,3831.93408203125,211.25949096679688,48.56193923950195,112.93251037597656,0.35380715131759644,-0.21999602019786835,0.4342753291130066,0.34479525685310364,1.0,1.9358863830566406,3,1,1,0.7333200573921204,0,0,24002014,0
1779282360.142505,left,58901148,164,2031,2444,4445,565,0,374,1595,0,3819,484,183,1413,1806,0,1247,1545,298,0,1,1,1,0,0,32,21916.10546875,8451.4990234375,8062.265625,5402.34228515625,17425.099609375,4491.0068359375,214.92356872558594,47.391075134277344,117.06732940673828,0.3729924261569977,-0.1905808448791504,0.3486710488796234,0.534588098526001,1.0,2.186856746673584,3,1,1,0.6352694630622864,0,0,24002014,0
1779282360.187505,left,58946536,164,2194,2762,4750,839,0,402,1444,0,3930,548,106,1172,1510,0,1014,1237,124,0,1,1,1,0,0,32,22069.369140625,8944.1240234375,7900.123046875,5225.1220703125,16919.31640625,5150.0546875,216.42657470703125,46.00674057006836,120.19956970214844,0.38752588629722595,-0.1558031290769577,0.3202049136161804,0.7662315368652344,1.0,2.3679845333099365,3,1,1,0.5193437337875366,0,0,24002014,0
1779282360.249005,left,59001156,164,2435,3066,4968,984,0,454,1360,0,3894,481,0,855,1319,0,735,943,0,0,1,1,1,0,0,32,22021.291015625,9645.130859375,7620.080078125,4756.07958984375,16293.0546875,5728.2353515625,215.95509338378906,44.453758239746094,121.65875244140625,0.3942962884902954,-0.11678837239742279,0.12395463138818741,0.7142943143844604,1.0,2.4399116039276123,3,1,0,0.221410870552063,0,0,24002014,0
1779282360.301005,left,59056155,164,2845,3497,5208,1152,0,642,56,1024,9487,1,38400,36865,3,36864,45569,1,0,1792,1,1,0,0,0,32,4.307890786599409e-17,5.98832363996836e+25,2.9487337087630294e-06,-3.8038159652884263e-32,-3409332666368.0,2.8778890381886413e-09,-1.4075478367323292e+19,-3.7557615206258424e+27,0.000743697804864496,-1.5479136640402313e+34,5.388658269600555e-12,-3.752355837282177e+30,5.810209427823846e-39,-0.011688232421875,1.1182508252716161e-08,1,0,222,820351008768.0,0,0,93757,2080374784
1779282360.346007,left,59100961,164,3434,3808,5353,1122,0,910,1426,0,3672,3638,0,54,812,0,83,183,0,0,1,1,1,0,0,32,21530.927734375,11443.8115234375,6784.75830078125,3302.361083984375,14526.1875,7004.7421875,211.14627075195312,40.57784652709961,122.99836730957031,0.40051212906837463,-0.019415823742747307,0.06618621945381165,1.230989694595337,1.0,2.4547762870788574,4,1,0,0.8705611824989319,0,0,24002014,0
1779282360.398005,left,59156159,166,3761,4042,5278,1088,0,1075,1700,0,3574,0,0,0,868,0,0,0,0,0,1,1,1,0,0,32,21307.3046875,12531.6767578125,6232.193359375,2543.434814453125,13401.9228515625,7905.38232421875,208.95327758789062,38.09421157836914,124.73661041259766,0.40857747197151184,0.04297909885644913,0.14611658453941345,1.130383849143982,1.0,2.5181326866149902,4,1,0,0.7134727239608765,0,0,24002014,0
1779282360.463005,left,59209140,164,4096,4170,5159,862,0,1194,1926,38,3390,0,0,0,1040,0,0,0,0,0,1,1,1,0,0,32,21334.845703125,13480.990234375,5896.826171875,1957.0325927734375,12494.0498046875,8840.798828125,209.22335815429688,35.91372299194336,127.04830932617188,0.41930362582206726,0.09775849431753159,0.20245283842086792,1.0339441299438477,1.0,2.6397054195404053,4,1,0,0.3482767343521118,0,0,24002014,0
1779282360.503183,left,59261145,164,4101,4088,4700,316,0,1049,2096,41,3097,0,0,0,1150,0,0,0,0,0,1,1,1,0,0,32,21453.552734375,14110.6435546875,5706.83740234375,1636.0711669921875,11778.982421875,9674.568359375,210.38748168945312,34.254547119140625,129.9482879638672,0.4327594041824341,0.1394411027431488,0.258740097284317,0.8015115261077881,1.0,2.8036460876464844,4,1,0,0.0703926682472229,0,0,24002014,0
1779282360.563769,left,59317144,164,3778,3645,4254,0,0,679,1913,0,2760,0,0,0,1025,0,0,0,0,0,1,1,1,0,0,32,21067.310546875,14159.068359375,5480.79345703125,1427.4462890625,18135.775390625,10207.419921875,206.5997314453125,32.91407012939453,133.258544921875,0.44811877608299255,0.17311698198318481,0.27427938580513,0.6013657450675964,1.0,2.920471668243408,4,1,2,0.5770565867424011,0,0,24002014,0
1779282360.599619,left,59360943,164,2665,2747,3600,0,0,0,1145,0,2395,0,0,0,691,0,0,0,0,0,1,1,1,0,0,32,20012.650390625,13527.9951171875,5198.06591796875,1286.5902099609375,9872.5771484375,10140.0732421875,12.26606559753418,32.07904052734375,135.71823120117188,0.4595314562320709,0.19409528374671936,0.26056942343711853,0.4789675772190094,1.0,2.892357349395752,4,1,2,0.6469842791557312,0,0,24002014,0
1779282360.652533,left,59360943,50356,2665,2747,3600,0,0,0,1145,0,2395,0,0,0,691,0,0,0,0,0,1,1,1,0,0,32,20012.650390625,13527.9951171875,5198.06591796875,1286.5902099609375,9872.5771484375,10140.0732421875,196.25704956054688,32.07904052734375,135.71823120117188,0.4595314562320709,0.19409528374671936,0.26056942343711853,0.4789675772190094,1.0,2.892357349395752,4,1,2,0.6469842791557312,0,0,24002014,0
1779282360.671532,left,59423167,164,1146,1278,2809,0,0,0,0,0,1955,0,0,0,0,0,0,0,0,0,1,1,1,0,0,32,17643.275390625,11947.3955078125,4617.7431640625,1078.133544921875,8757.2744140625,8885.9970703125,173.02142333984375,110.01535034179688,135.18484497070312,0.4570567309856415,0.19588786363601685,-0.03977123275399208,0.02880849689245224,1.4406858763677956e-34,5.408030404588339e+16,4,1,2,820995686400.0,0,0,24002014,0
1779282360.712532,left,59467144,165,0,0,2357,0,0,0,0,0,1804,0,0,0,0,0,0,0,0,0,1,1,1,0,0,32,13983.92578125,9597.3583984375,3685.78271484375,700.786865234375,7359.62939453125,6624.298828125,137.13546752929688,32.82133483886719,129.47804260253906,0.4305773377418518,0.1754469871520996,-0.6021191477775574,-0.4648083448410034,1.0,1.8117053508758545,4,1,2,0.5848232507705688,0,0,24002014,110
1779282360.765532,left,59521161,165,0,0,2156,0,0,0,0,0,1884,0,0,0,0,0,0,0,0,0,1,1,1,0,0,32,10573.90234375,7063.23291015625,3055.1591796875,455.5114440917969,6268.10888671875,4305.79443359375,103.6945571899414,35.39562225341797,118.29573059082031,0.3786922097206116,0.11077455431222916,-0.9605333209037781,-1.1972607374191284,1.0,1.0862574577331543,3,1,0,0.2615029811859131,0,0,24002014,0
1779282360.840032,left,59576160,164,0,0,2095,0,0,0,0,0,2024,0,0,0,0,0,0,0,0,0,1,1,1,0,0,32,8287.037109375,5345.701171875,2645.253173828125,296.0824279785156,5488.27099609375,2798.76611328125,81.26807403564453,38.174339294433594,106.61184692382812,0.3244796395301819,0.04096624627709389,-0.9857009649276733,-1.2692649364471436,1.0,0.6190455555915833,3,1,0,0.7268916964530945,0,0,24002014,0
1779282360.870033,left,59621967,164,0,0,2135,0,0,0,0,0,2092,0,0,0,0,0,0,0,0,0,1,1,1,0,0,32,6842.224609375,4221.9560546875,2427.814453125,192.45358276367188,5023.0263671875,1819.1981201171875,67.09929656982422,41.149757385253906,94.5296630859375,0.2684189975261688,-0.033783745020627975,-1.2238444089889526,-1.6318464279174805,1.0,0.31279483437538147,3,1,0,0.7747750282287598,0,0,24002014,0
1779282360.922532,left,59682177,164,0,0,2101,0,0,0,0,0,2140,0,0,0,0,0,0,0,0,0,1,1,1,0,0,32,5914.99560546875,3479.621337890625,2310.279541015625,125.09483337402344,4732.51708984375,1182.4788818359375,58.006290435791016,43.95335006713867,83.43690490722656,0.2169492542743683,-0.10421673208475113,-0.8548371195793152,-1.1697889566421509,1.0,0.11299958825111389,3,1,0,0.30522844195365906,0,0,24002014,0
1779282360.968033,left,59726156,165,0,0,2157,0,0,0,0,0,2207,0,0,0,0,0,0,0,0,0,1,1,1,0,0,32,5340.99755859375,3009.004150390625,2250.681640625,81.31163787841797,4572.38623046875,768.6112060546875,52.37729263305664,46.344505310058594,74.0193099975586,0.17325221002101898,-0.1642885059118271,-0.9935888648033142,-1.3659194707870483,1.0,-0.01863374188542366,3,1,1,0.5476283431053162,0,0,24002014,0
1779282361.020033,left,59778159,164,0,0,3068,0,0,0,0,0,3030,0,0,0,0,0,0,254,0,0,1,1,1,0,0,32,4999.048828125,2710.802734375,2235.39306640625,52.85256576538086,4499.451171875,499.5972900390625,49.023921966552734,48.25888442993164,66.62549591064453,0.13894535601139069,-0.21238268911838531,-0.6597091555595398,-0.9248347878456116,1.0,-0.10611242800951004,3,1,1,0.7079422473907471,0,0,24002014,0
1779282361.082032,left,59832176,164,0,0,4526,124,0,0,0,0,4238,441,0,0,0,0,281,868,0,0,1,1,1,0,0,32,5472.58154296875,2835.82177734375,2513.505615234375,123.25416564941406,5147.84375,324.7382507324219,53.66769027709961,50.24943923950195,61.48359298706055,0.11508721113204956,-0.2623903453350067,-0.4416784644126892,-0.9257762432098389,1.0,-0.18367037177085876,3,1,1,0.8746344447135925,0,0,24002014,0
1779282361.133532,left,59889155,164,0,0,5967,1157,0,0,0,0,5669,1536,6,174,0,0,915,1429,154,0,1,1,1,0,0,32,7224.47802734375,3470.7841796875,3271.428466796875,482.26519775390625,7013.39794921875,211.0798797607422,70.8479232788086,52.40040588378906,61.823753356933594,0.11666551232337952,-0.31642773747444153,0.027699699625372887,-0.9483737945556641,1.0,-0.2365719974040985,3,1,1,1.0,0,0,24002014,0
1779282361.191532,left,59889155,56173,0,185,5967,1157,0,0,0,0,5669,1536,6,174,0,0,915,1429,154,0,1,1,1,0,0,32,7224.47802734375,3470.7841796875,3271.428466796875,482.26519775390625,7013.39794921875,211.0798797607422,70.8479232788086,52.40040588378906,61.823753356933594,0.11666551232337952,-0.31642773747444153,0.027699699625372887,-0.9483737945556641,0.5,-0.2365719974040985,3,1,1,1.0,0,0,24002014,0
1779282361.231032,left,59989164,164,284,866,6695,2086,0,0,0,0,6437,2080,447,703,299,0,1396,1609,198,0,1,1,1,0,3,35,10713.111328125,4814.15966796875,4711.1787109375,1187.7723388671875,10511.1591796875,201.951904296875,105.05973052978516,53.602577209472656,67.43891906738281,0.1427195966243744,-0.34662926197052,0.2605173885822296,-0.30198806524276733,1.0,-0.20649653673171997,3,1,1,1.0,0,0,24002014,0
1779282361.291032,left,60045170,164,371,977,6488,1962,0,0,0,0,6311,2003,393,701,124,0,1281,1434,8,0,1,1,1,0,0,32,14663.87109375,6489.20361328125,6355.06591796875,1819.6019287109375,14130.1025390625,533.7686767578125,143.80345153808594,52.850765228271484,75.07193756103516,0.17813631892204285,-0.3277418315410614,0.6323737502098083,0.33723941445350647,1.0,-0.01412976998835802,3,1,1,1.0,0,0,23986654,0
1779282361.335532,left,60090180,167,15,559,6400,1741,0,0,0,0,6615,2324,434,663,0,0,1545,1628,0,0,1,1,1,0,0,32,17367.666015625,7560.857421875,7508.9931640625,2280.691162109375,16618.216796875,749.44970703125,170.31861877441406,52.648136138916016,78.16586303710938,0.19249193370342255,-0.32265129685401917,0.3189427852630615,0.11309786140918732,1.0,0.1121729239821434,3,1,1,1.0,0,0,24002014,0
1779282361.395532,left,60147188,164,0,0,6811,1796,0,0,0,0,7592,2970,318,373,0,0,1941,1785,0,0,1,1,1,0,0,32,18998.083984375,8025.98876953125,8379.095703125,2592.999267578125,18310.0390625,688.0422973632812,186.30755615234375,53.18973159790039,78.03262329101562,0.1918737292289734,-0.33625760674476624,-0.010844171047210693,-0.23867370188236237,1.0,0.11663097143173218,3,1,1,1.0,0,0,24002014,0
1779282361.448032,left,60198185,164,0,0,7811,1925,0,0,0,0,9063,3732,30,0,0,0,1840,1196,0,0,1,1,1,0,0,32,20513.5546875,8229.3427734375,9384.9619140625,2899.24951171875,20066.32421875,447.22747802734375,201.16925048828125,54.277488708496094,75.73387908935547,0.18120771646499634,-0.3635847568511963,-0.2091498076915741,-0.5358579754829407,1.0,0.012809298932552338,3,1,1,1.0,0,0,24002014,0
