epoch,mark,Measured Torque,Desired Torque,DPJMC Alpha,DPJMC Tau Des PF,Pressure Total,COP AP,COP ML,DPJMC State,DPJMC Fault Flags,Exoskeleton time (seconds)
1779334524.243979,0,0.000000,0.000000,0.000000,0.000000,180.740000,0.050000,-0.310000,0.000000,48.000000,20.480000
1779334524.283978,0,0.000000,0.000000,0.000000,0.000000,180.740000,0.050000,-0.310000,0.000000,48.000000,20.520000
1779334524.312477,0,0.000000,0.000000,0.000000,0.000000,180.740000,0.050000,-0.310000,0.000000,48.000000,20.530000
1779334524.312977,0,0.000000,0.000000,0.000000,0.000000,180.740000,0.050000,-0.310000,0.000000,48.000000,20.540000
1779334524.336478,0,0.000000,0.000000,0.000000,0.000000,180.740000,0.050000,-0.310000,0.000000,48.000000,20.540000
1779334524.356977,0,0.000000,0.000000,0.000000,0.000000,180.740000,0.050000,-0.310000,0.000000,48.000000,20.550000
1779334524.357477,0,0.000000,0.000000,0.000000,0.000000,178.890000,0.050000,-0.310000,0.000000,51.000000,20.560000
1779334524.528477,0,0.000000,0.000000,0.000000,0.000000,178.890000,0.050000,-0.310000,0.000000,51.000000,20.570000
1779334524.529477,0,0.000000,0.000000,0.000000,0.000000,178.890000,0.050000,-0.310000,0.000000,51.000000,20.590000
1779334524.529477,0,0.000000,0.000000,0.000000,0.000000,178.890000,0.050000,-0.310000,0.000000,51.000000,20.600000
1779334524.529977,0,0.000000,0.000000,0.000000,0.000000,178.890000,0.050000,-0.310000,0.000000,51.000000,20.620000
1779334524.529977,0,0.000000,0.000000,0.000000,0.000000,178.890000,0.050000,-0.310000,0.000000,51.000000,20.620000
1779334524.530477,0,0.000000,0.000000,0.000000,0.000000,178.890000,0.050000,-0.310000,0.000000,51.000000,20.630000
1779334524.530977,0,0.000000,0.000000,0.000000,0.000000,178.890000,0.050000,-0.310000,0.000000,51.000000,20.640000
1779334524.530977,0,0.000000,0.000000,0.000000,0.000000,178.890000,0.050000,-0.310000,0.000000,51.000000,20.650000
1779334524.531476,0,0.000000,0.000000,0.000000,0.000000,174.550000,0.050000,-0.310000,0.000000,51.000000,20.670000
1779334524.531976,0,0.000000,0.000000,0.000000,0.000000,174.550000,0.050000,-0.310000,0.000000,51.000000,20.680000
1779334524.531976,0,0.000000,0.000000,0.000000,0.000000,174.550000,0.050000,-0.310000,0.000000,51.000000,20.700000
1779334524.532476,0,0.000000,0.000000,0.000000,0.000000,174.550000,0.050000,-0.310000,0.000000,51.000000,20.700000
1779334524.532476,0,0.000000,0.000000,0.000000,0.000000,174.550000,0.050000,-0.310000,0.000000,51.000000,20.710000
1779334524.533977,0,0.000000,0.000000,0.000000,0.000000,172.070000,0.050000,-0.310000,0.000000,48.000000,20.710000
1779334524.534477,0,0.000000,0.000000,0.000000,0.000000,172.070000,0.050000,-0.310000,0.000000,48.000000,20.730000
1779334524.535478,0,0.000000,0.000000,0.000000,0.000000,172.070000,0.050000,-0.310000,0.000000,48.000000,20.750000
1779334524.535478,0,0.000000,0.000000,0.000000,0.000000,172.070000,0.050000,-0.310000,0.000000,48.000000,20.760000
1779334524.568477,0,0.000000,0.000000,0.000000,0.000000,172.070000,0.050000,-0.310000,0.000000,48.000000,20.770000
1779334524.606480,0,0.000000,0.000000,0.000000,0.000000,173.610000,0.050000,-0.310000,0.000000,48.000000,20.780000
1779334524.606977,0,0.000000,0.000000,0.000000,0.000000,173.610000,0.050000,-0.310000,0.000000,48.000000,20.790000
1779334524.607478,0,0.000000,0.000000,0.000000,0.000000,173.610000,0.050000,-0.310000,0.000000,48.000000,20.790000
1779334524.639977,0,0.000000,0.000000,0.000000,0.000000,173.610000,0.050000,-0.310000,0.000000,48.000000,20.800000
1779334524.640478,0,0.000000,0.000000,0.000000,0.000000,173.610000,0.050000,-0.310000,0.000000,48.000000,20.810000
1779334524.665977,0,0.000000,0.000000,0.000000,0.000000,174.610000,0.050000,-0.310000,0.000000,48.000000,20.820000
1779334524.665977,0,0.000000,0.000000,0.000000,0.000000,174.610000,0.050000,-0.310000,0.000000,48.000000,20.840000
1779334524.666479,0,0.000000,0.000000,0.000000,0.000000,174.610000,0.050000,-0.310000,0.000000,48.000000,20.850000
1779334524.666977,0,0.000000,0.000000,0.000000,0.000000,174.610000,0.050000,-0.310000,0.000000,48.000000,20.860000
1779334524.666977,0,0.000000,0.000000,0.000000,0.000000,174.610000,0.050000,-0.310000,0.000000,48.000000,20.870000
1779334524.692976,0,0.000000,0.000000,0.000000,0.000000,174.910000,0.050000,-0.310000,0.000000,48.000000,20.880000
1779334524.693477,0,0.000000,0.000000,0.000000,0.000000,174.910000,0.050000,-0.310000,0.000000,48.000000,20.890000
1779334524.716477,0,0.000000,0.000000,0.000000,0.000000,174.910000,0.050000,-0.310000,0.000000,48.000000,20.900000
1779334524.716976,0,0.000000,0.000000,0.000000,0.000000,174.910000,0.050000,-0.310000,0.000000,48.000000,20.920000
1779334524.736980,0,0.000000,0.000000,0.000000,0.000000,174.910000,0.050000,-0.310000,0.000000,48.000000,20.930000
1779334524.737477,0,0.000000,0.000000,0.000000,0.000000,174.910000,0.050000,-0.310000,0.000000,48.000000,20.940000
1779334524.737977,0,0.000000,0.000000,0.000000,0.000000,174.910000,0.050000,-0.310000,0.000000,48.000000,20.950000
1779334524.760976,0,0.000000,0.000000,0.000000,0.000000,174.910000,0.050000,-0.310000,0.000000,48.000000,20.950000
1779334524.781476,0,0.000000,0.000000,0.000000,0.000000,174.910000,0.050000,-0.310000,0.000000,48.000000,20.960000
1779334524.782476,0,0.000000,0.000000,0.000000,0.000000,174.750000,0.050000,-0.310000,0.000000,51.000000,20.980000
1779334524.782977,0,0.000000,0.000000,0.000000,0.000000,174.750000,0.050000,-0.310000,0.000000,51.000000,21.000000
1779334524.804977,0,0.000000,0.000000,0.000000,0.000000,174.750000,0.050000,-0.310000,0.000000,51.000000,21.010000
1779334524.805476,0,0.000000,0.000000,0.000000,0.000000,174.750000,0.050000,-0.310000,0.000000,51.000000,21.020000
1779334524.829977,0,0.000000,0.000000,0.000000,0.000000,174.750000,0.050000,-0.310000,0.000000,51.000000,21.030000
1779334524.853477,0,0.000000,0.000000,0.000000,0.000000,179.210000,0.050000,-0.310000,0.000000,48.000000,21.040000
1779334524.853976,0,0.000000,0.000000,0.000000,0.000000,179.210000,0.050000,-0.310000,0.000000,48.000000,21.040000
1779334524.854476,0,0.000000,0.000000,0.000000,0.000000,179.210000,0.050000,-0.310000,0.000000,48.000000,21.050000
1779334524.878477,0,0.000000,0.000000,0.000000,0.000000,179.210000,0.050000,-0.310000,0.000000,48.000000,21.060000
1779334524.880477,0,0.000000,0.000000,0.000000,0.000000,179.210000,0.050000,-0.310000,0.000000,48.000000,21.070000
1779334524.902977,0,0.000000,0.000000,0.000000,0.000000,179.300000,0.050000,-0.310000,0.000000,48.000000,21.090000
1779334524.903476,0,0.000000,0.000000,0.000000,0.000000,179.300000,0.050000,-0.310000,0.000000,48.000000,21.100000
1779334524.903977,0,0.000000,0.000000,0.000000,0.000000,179.300000,0.050000,-0.310000,0.000000,48.000000,21.110000
1779334524.926977,0,0.000000,0.000000,0.000000,0.000000,179.300000,0.050000,-0.310000,0.000000,48.000000,21.120000
1779334524.927476,0,0.000000,0.000000,0.000000,0.000000,179.300000,0.050000,-0.310000,0.000000,48.000000,21.120000
1779334524.950977,0,0.000000,0.000000,0.000000,0.000000,179.000000,0.050000,-0.310000,0.000000,48.000000,21.130000
1779334524.950977,0,0.000000,0.000000,0.000000,0.000000,179.000000,0.050000,-0.310000,0.000000,48.000000,21.150000
1779334524.976977,0,0.000000,0.000000,0.000000,0.000000,179.000000,0.050000,-0.310000,0.000000,48.000000,21.170000
1779334524.977477,0,0.000000,0.000000,0.000000,0.000000,179.000000,0.050000,-0.310000,0.000000,48.000000,21.180000
1779334525.001976,0,0.000000,0.000000,0.000000,0.000000,179.000000,0.050000,-0.310000,0.000000,48.000000,21.190000
1779334525.002476,0,0.000000,0.000000,0.000000,0.000000,174.970000,0.050000,-0.310000,0.000000,48.000000,21.200000
1779334525.002976,0,0.000000,0.000000,0.000000,0.000000,174.970000,0.050000,-0.310000,0.000000,48.000000,21.200000
1779334525.026977,0,0.000000,0.000000,0.000000,0.000000,174.970000,0.050000,-0.310000,0.000000,48.000000,21.210000
1779334525.051976,0,0.000000,0.000000,0.000000,0.000000,174.970000,0.050000,-0.310000,0.000000,48.000000,21.220000
1779334525.052977,0,0.000000,0.000000,0.000000,0.000000,174.970000,0.050000,-0.310000,0.000000,48.000000,21.230000
1779334525.052977,0,0.000000,0.000000,0.000000,0.000000,174.970000,0.050000,-0.310000,0.000000,48.000000,21.250000
1779334525.074976,0,0.000000,0.000000,0.000000,0.000000,174.970000,0.050000,-0.310000,0.000000,48.000000,21.270000
1779334525.075476,0,0.000000,0.000000,0.000000,0.000000,174.970000,0.050000,-0.310000,0.000000,48.000000,21.280000
1779334525.075976,0,0.000000,0.000000,0.000000,0.000000,174.970000,0.050000,-0.310000,0.000000,48.000000,21.290000
1779334525.119478,0,0.000000,0.000000,0.000000,0.000000,172.000000,0.050000,-0.310000,0.000000,51.000000,21.290000
1779334525.119977,0,0.000000,0.000000,0.000000,0.000000,172.000000,0.050000,-0.310000,0.000000,51.000000,21.300000
1779334525.120478,0,0.000000,0.000000,0.000000,0.000000,172.000000,0.050000,-0.310000,0.000000,51.000000,21.310000
1779334525.120976,0,0.000000,0.000000,0.000000,0.000000,172.000000,0.050000,-0.310000,0.000000,51.000000,21.320000
1779334525.121477,0,0.000000,0.000000,0.000000,0.000000,172.000000,0.050000,-0.310000,0.000000,51.000000,21.340000
1779334525.121978,0,0.000000,0.000000,0.000000,0.000000,172.000000,0.050000,-0.310000,0.000000,51.000000,21.350000
1779334525.121978,0,0.000000,0.000000,0.000000,0.000000,172.000000,0.050000,-0.310000,0.000000,51.000000,21.360000
1779334525.165477,0,0.000000,0.000000,0.000000,0.000000,172.000000,0.050000,-0.310000,0.000000,51.000000,21.370000
1779334525.166978,0,0.000000,0.000000,0.000000,0.000000,172.000000,0.050000,-0.310000,0.000000,51.000000,21.370000
1779334525.186477,0,0.000000,0.000000,0.000000,0.000000,172.000000,0.050000,-0.310000,0.000000,51.000000,21.380000
1779334525.186978,0,0.000000,0.000000,0.000000,0.000000,172.000000,0.050000,-0.310000,0.000000,51.000000,21.390000
1779334525.206977,0,0.000000,0.000000,0.000000,0.000000,172.000000,0.050000,-0.310000,0.000000,51.000000,21.400000
1779334525.207476,0,0.000000,0.000000,0.000000,0.000000,172.000000,0.050000,-0.310000,0.000000,51.000000,21.420000
1779334525.228477,0,0.000000,0.000000,0.000000,0.000000,172.000000,0.050000,-0.310000,0.000000,51.000000,21.430000
1779334525.249976,0,0.000000,0.000000,0.000000,0.000000,172.000000,0.050000,-0.310000,0.000000,51.000000,21.440000
1779334525.250477,0,0.000000,0.000000,0.000000,0.000000,0.000000,0.000000,0.000000,0.000000,63.000000,21.450000
1779334525.270977,0,0.000000,0.000000,0.000000,0.000000,0.000000,0.000000,0.000000,0.000000,63.000000,21.450000
1779334525.271476,0,0.000000,0.000000,0.000000,0.000000,0.000000,0.000000,0.000000,0.000000,63.000000,21.460000
1779334525.295476,0,0.000000,0.000000,0.000000,0.000000,0.000000,0.000000,0.000000,0.000000,63.000000,21.480000
1779334525.295976,0,0.000000,0.000000,0.000000,0.000000,0.000000,0.000000,0.000000,0.000000,63.000000,21.500000
1779334525.295976,0,0.000000,0.000000,0.000000,0.000000,170.070000,0.050000,-0.310000,0.000000,51.000000,21.510000
1779334525.318476,0,0.000000,0.000000,0.000000,0.000000,170.070000,0.050000,-0.310000,0.000000,51.000000,21.520000
1779334525.318976,0,0.000000,0.000000,0.000000,0.000000,170.070000,0.050000,-0.310000,0.000000,51.000000,21.530000
1779334525.341478,0,0.000000,0.000000,0.000000,0.000000,170.070000,0.050000,-0.310000,0.000000,51.000000,21.540000
1779334525.341478,0,0.000000,0.000000,0.000000,0.000000,170.070000,0.050000,-0.310000,0.000000,51.000000,21.540000
1779334525.368477,0,0.000000,0.000000,0.000000,0.000000,173.000000,0.050000,-0.330000,0.000000,48.000000,21.550000
1779334525.368976,0,0.000000,0.000000,0.000000,0.000000,173.000000,0.050000,-0.330000,0.000000,48.000000,21.560000
1779334525.392476,0,0.000000,0.000000,0.000000,0.000000,173.000000,0.050000,-0.330000,0.000000,48.000000,21.570000
1779334525.392976,0,0.000000,0.000000,0.000000,0.000000,173.000000,0.050000,-0.330000,0.000000,48.000000,21.600000
1779334525.415477,0,0.000000,0.000000,0.000000,0.000000,173.000000,0.050000,-0.330000,0.000000,48.000000,21.610000
1779334525.415977,0,0.000000,0.000000,0.000000,0.000000,173.000000,0.050000,-0.330000,0.000000,48.000000,21.620000
1779334525.438477,0,0.000000,0.000000,0.000000,0.000000,173.000000,0.050000,-0.330000,0.000000,48.000000,21.620000
1779334525.438977,0,0.000000,0.000000,0.000000,0.000000,173.000000,0.050000,-0.330000,0.000000,48.000000,21.630000
1779334525.461476,0,0.000000,0.000000,0.000000,0.000000,173.000000,0.050000,-0.330000,0.000000,48.000000,21.640000
1779334525.461976,0,0.000000,0.000000,0.000000,0.000000,173.000000,0.050000,-0.330000,0.000000,48.000000,21.650000
1779334525.484976,0,0.000000,0.000000,0.000000,0.000000,173.000000,0.050000,-0.330000,0.000000,48.000000,21.670000
1779334525.485477,0,0.000000,0.000000,0.000000,0.000000,173.000000,0.050000,-0.330000,0.000000,48.000000,21.680000
1779334525.485477,0,0.000000,0.000000,0.000000,0.000000,173.000000,0.050000,-0.330000,0.000000,48.000000,21.690000
1779334525.507977,0,0.000000,0.000000,0.000000,0.000000,173.000000,0.050000,-0.330000,0.000000,48.000000,21.700000
1779334525.531476,0,0.000000,0.000000,0.000000,0.000000,178.070000,0.050000,-0.330000,0.000000,51.000000,21.700000
1779334525.531976,0,0.000000,0.000000,0.000000,0.000000,178.070000,0.050000,-0.330000,0.000000,51.000000,21.720000
1779334525.532477,0,0.000000,0.000000,0.000000,0.000000,178.070000,0.050000,-0.330000,0.000000,51.000000,21.730000
1779334525.554476,0,0.000000,0.000000,0.000000,0.000000,178.070000,0.050000,-0.330000,0.000000,51.000000,21.750000
1779334525.554976,0,0.000000,0.000000,0.000000,0.000000,178.070000,0.050000,-0.330000,0.000000,51.000000,21.760000
1779334525.555476,0,0.000000,0.000000,0.000000,0.000000,182.750000,0.050000,-0.330000,0.000000,48.000000,21.770000
1779334525.578977,0,0.000000,0.000000,0.000000,0.000000,182.750000,0.050000,-0.330000,0.000000,48.000000,21.780000
1779334525.601477,0,0.000000,0.000000,0.000000,0.000000,182.750000,0.050000,-0.330000,0.000000,48.000000,21.790000
1779334525.601976,0,0.000000,0.000000,0.000000,0.000000,182.750000,0.050000,-0.330000,0.000000,48.000000,21.790000
1779334525.623976,0,0.000000,0.000000,0.000000,0.000000,182.750000,0.050000,-0.330000,0.000000,48.000000,21.800000
1779334525.623976,0,0.000000,0.000000,0.000000,0.000000,182.660000,0.050000,-0.330000,0.000000,48.000000,21.810000
1779334525.624476,0,0.000000,0.000000,0.000000,0.000000,182.660000,0.050000,-0.330000,0.000000,48.000000,21.820000
1779334525.624976,0,0.000000,0.000000,0.000000,0.000000,182.660000,0.050000,-0.330000,0.000000,48.000000,21.840000
1779334525.646977,0,0.000000,0.000000,0.000000,0.000000,182.660000,0.050000,-0.330000,0.000000,48.000000,21.850000
1779334525.671976,0,0.000000,0.000000,0.000000,0.000000,182.660000,0.050000,-0.330000,0.000000,48.000000,21.860000
1779334525.672477,0,0.000000,0.000000,0.000000,0.000000,185.750000,0.050000,-0.330000,0.000000,48.000000,21.870000
1779334525.672976,0,0.000000,0.000000,0.000000,0.000000,185.750000,0.050000,-0.330000,0.000000,48.000000,21.870000
1779334525.695477,0,0.000000,0.000000,0.000000,0.000000,185.750000,0.050000,-0.330000,0.000000,48.000000,21.880000
1779334525.695976,0,0.000000,0.000000,0.000000,0.000000,185.750000,0.050000,-0.330000,0.000000,48.000000,21.890000
1779334525.697477,0,0.000000,0.000000,0.000000,0.000000,185.750000,0.050000,-0.330000,0.000000,48.000000,21.900000
1779334525.719476,0,0.000000,0.000000,0.000000,0.000000,185.750000,0.050000,-0.330000,0.000000,48.000000,21.920000
1779334525.719976,0,0.000000,0.000000,0.000000,0.000000,191.250000,0.050000,-0.330000,0.000000,48.000000,21.930000
1779334525.719976,0,0.000000,0.000000,0.000000,0.000000,191.250000,0.050000,-0.330000,0.000000,48.000000,21.940000
1779334525.743977,0,0.000000,0.000000,0.000000,0.000000,191.250000,0.050000,-0.330000,0.000000,48.000000,21.950000
1779334525.767977,0,0.000000,0.000000,0.000000,0.000000,191.250000,0.050000,-0.330000,0.000000,48.000000,21.950000
1779334525.768476,0,0.000000,0.000000,0.000000,0.000000,191.250000,0.050000,-0.330000,0.000000,48.000000,21.960000
1779334525.768476,0,0.000000,0.000000,0.000000,0.000000,191.330000,0.050000,-0.330000,0.000000,48.000000,21.970000
1779334525.791476,0,0.000000,0.000000,0.000000,0.000000,191.330000,0.050000,-0.330000,0.000000,48.000000,21.980000
1779334525.791976,0,0.000000,0.000000,0.000000,0.000000,191.330000,0.050000,-0.330000,0.000000,48.000000,22.000000
1779334525.814478,0,0.000000,0.000000,0.000000,0.000000,191.330000,0.050000,-0.330000,0.000000,48.000000,22.010000
1779334525.839476,0,0.000000,0.000000,0.000000,0.000000,191.330000,0.050000,-0.330000,0.000000,48.000000,22.020000
1779334525.861476,0,0.000000,0.000000,0.000000,0.000000,191.330000,0.050000,-0.330000,0.000000,48.000000,22.030000
1779334525.861476,0,0.000000,0.000000,0.000000,0.000000,191.330000,0.050000,-0.330000,0.000000,48.000000,22.040000
1779334525.862476,0,0.000000,0.000000,0.000000,0.000000,191.330000,0.050000,-0.330000,0.000000,48.000000,22.040000
1779334525.862977,0,0.000000,0.000000,0.000000,0.000000,191.330000,0.050000,-0.330000,0.000000,48.000000,22.050000
1779334525.863476,0,0.000000,0.000000,0.000000,0.000000,191.330000,0.050000,-0.330000,0.000000,48.000000,22.060000
1779334525.885476,0,0.000000,0.000000,0.000000,0.000000,191.330000,0.050000,-0.330000,0.000000,48.000000,22.070000
1779334525.885976,0,0.000000,0.000000,0.000000,0.000000,191.330000,0.050000,-0.330000,0.000000,48.000000,22.090000
1779334525.907976,0,0.000000,0.000000,0.000000,0.000000,191.330000,0.050000,-0.330000,0.000000,48.000000,22.110000
1779334525.907976,0,0.000000,0.000000,0.000000,0.000000,191.330000,0.050000,-0.330000,0.000000,48.000000,22.120000
1779334525.929977,0,0.000000,0.000000,0.000000,0.000000,190.670000,0.050000,-0.330000,0.000000,51.000000,22.120000
1779334525.930477,0,0.000000,0.000000,0.000000,0.000000,190.670000,0.050000,-0.330000,0.000000,51.000000,22.130000
1779334525.953476,0,0.000000,0.000000,0.000000,0.000000,190.670000,0.050000,-0.330000,0.000000,51.000000,22.140000
1779334525.953976,0,0.000000,0.000000,0.000000,0.000000,190.670000,0.050000,-0.330000,0.000000,51.000000,22.150000
1779334525.975976,0,0.000000,0.000000,0.000000,0.000000,190.670000,0.050000,-0.330000,0.000000,51.000000,22.170000
1779334525.976478,0,0.000000,0.000000,0.000000,0.000000,190.670000,0.050000,-0.330000,0.000000,51.000000,22.180000
1779334525.999476,0,0.000000,0.000000,0.000000,0.000000,190.670000,0.050000,-0.330000,0.000000,51.000000,22.190000
1779334525.999976,0,0.000000,0.000000,0.000000,0.000000,190.670000,0.050000,-0.330000,0.000000,51.000000,22.200000
1779334525.999976,0,0.000000,0.000000,0.000000,0.000000,190.670000,0.050000,-0.330000,0.000000,51.000000,22.200000
1779334526.024477,0,0.000000,0.000000,0.000000,0.000000,190.670000,0.050000,-0.330000,0.000000,51.000000,22.210000
1779334526.024976,0,0.000000,0.000000,0.000000,0.000000,186.410000,0.050000,-0.330000,0.000000,49.000000,22.220000
1779334526.047477,0,0.000000,0.000000,0.000000,0.000000,186.410000,0.050000,-0.330000,0.000000,49.000000,22.230000
1779334526.047976,0,0.000000,0.000000,0.000000,0.000000,186.410000,0.050000,-0.330000,0.000000,49.000000,22.250000
1779334526.048476,0,0.000000,0.000000,0.000000,0.000000,186.410000,0.050000,-0.330000,0.000000,49.000000,22.260000
1779334526.090976,0,0.000000,0.000000,0.000000,0.000000,186.410000,0.050000,-0.330000,0.000000,49.000000,22.270000
1779334526.090976,0,0.000000,0.000000,0.000000,0.000000,183.630000,0.050000,-0.330000,0.000000,48.000000,22.280000
1779334526.091476,0,0.000000,0.000000,0.000000,0.000000,183.630000,0.050000,-0.330000,0.000000,48.000000,22.290000
1779334526.091976,0,0.000000,0.000000,0.000000,0.000000,183.630000,0.050000,-0.330000,0.000000,48.000000,22.290000
1779334526.133976,0,0.000000,0.000000,0.000000,0.000000,183.630000,0.050000,-0.330000,0.000000,48.000000,22.320000
1779334526.134477,0,0.000000,0.000000,0.000000,0.000000,181.470000,0.050000,-0.330000,0.000000,48.000000,22.340000
1779334526.134977,0,0.000000,0.000000,0.000000,0.000000,181.470000,0.050000,-0.330000,0.000000,48.000000,22.350000
1779334526.135476,0,0.000000,0.000000,0.000000,0.000000,181.470000,0.050000,-0.330000,0.000000,48.000000,22.360000
1779334526.177977,0,0.000000,0.000000,0.000000,0.000000,181.470000,0.050000,-0.330000,0.000000,48.000000,22.370000
1779334526.178477,0,0.000000,0.000000,0.000000,0.000000,181.470000,0.050000,-0.330000,0.000000,48.000000,22.380000
1779334526.178976,0,0.000000,0.000000,0.000000,0.000000,181.470000,0.050000,-0.330000,0.000000,48.000000,22.390000
1779334526.179477,0,0.000000,0.000000,0.000000,0.000000,181.470000,0.050000,-0.330000,0.000000,48.000000,22.400000
1779334526.222976,0,0.000000,0.000000,0.000000,0.000000,181.470000,0.050000,-0.330000,0.000000,48.000000,22.420000
1779334526.223476,0,0.000000,0.000000,0.000000,0.000000,181.470000,0.050000,-0.330000,0.000000,48.000000,22.430000
1779334526.223976,0,0.000000,0.000000,0.000000,0.000000,179.720000,0.050000,-0.330000,0.000000,51.000000,22.440000
1779334526.224478,0,0.000000,0.000000,0.000000,0.000000,179.720000,0.050000,-0.330000,0.000000,51.000000,22.450000
1779334526.269476,0,0.000000,0.000000,0.000000,0.000000,179.720000,0.050000,-0.330000,0.000000,51.000000,22.450000
1779334526.269476,0,0.000000,0.000000,0.000000,0.000000,179.720000,0.050000,-0.330000,0.000000,51.000000,22.460000
1779334526.270477,0,0.000000,0.000000,0.000000,0.000000,179.720000,0.050000,-0.330000,0.000000,51.000000,22.470000
1779334526.270477,0,0.000000,0.000000,0.000000,0.000000,178.580000,0.050000,-0.330000,0.000000,48.000000,22.480000
1779334526.316976,0,0.000000,0.000000,0.000000,0.000000,178.580000,0.050000,-0.330000,0.000000,48.000000,22.510000
1779334526.317477,0,0.000000,0.000000,0.000000,0.000000,178.580000,0.050000,-0.330000,0.000000,48.000000,22.520000
1779334526.317976,0,0.000000,0.000000,0.000000,0.000000,178.580000,0.050000,-0.330000,0.000000,48.000000,22.530000
1779334526.318477,0,0.000000,0.000000,0.000000,0.000000,178.580000,0.050000,-0.330000,0.000000,48.000000,22.540000
1779334526.345976,0,0.000000,0.000000,0.000000,0.000000,178.580000,0.050000,-0.330000,0.000000,48.000000,22.540000
1779334526.370976,0,0.000000,0.000000,0.000000,0.000000,178.580000,0.050000,-0.330000,0.000000,48.000000,22.550000
1779334526.371476,0,0.000000,0.000000,0.000000,0.000000,178.580000,0.050000,-0.330000,0.000000,48.000000,22.560000
1779334526.372476,0,0.000000,0.000000,0.000000,0.000000,178.580000,0.050000,-0.330000,0.000000,48.000000,22.570000
1779334526.398976,0,0.000000,0.000000,0.000000,0.000000,178.580000,0.050000,-0.330000,0.000000,48.000000,22.590000
1779334526.399477,0,0.000000,0.000000,0.000000,0.000000,176.100000,0.050000,-0.330000,0.000000,51.000000,22.600000
1779334526.424976,0,0.000000,0.000000,0.000000,0.000000,176.100000,0.050000,-0.330000,0.000000,51.000000,22.610000
1779334526.425476,0,0.000000,0.000000,0.000000,0.000000,176.100000,0.050000,-0.330000,0.000000,51.000000,22.620000
1779334526.451976,0,0.000000,0.000000,0.000000,0.000000,176.100000,0.050000,-0.330000,0.000000,51.000000,22.620000
1779334526.452476,0,0.000000,0.000000,0.000000,0.000000,176.100000,0.050000,-0.330000,0.000000,51.000000,22.630000
1779334526.452976,0,0.000000,0.000000,0.000000,0.000000,176.100000,0.050000,-0.330000,0.000000,51.000000,22.650000
1779334526.477977,0,0.000000,0.000000,0.000000,0.000000,176.100000,0.050000,-0.330000,0.000000,51.000000,22.670000
1779334526.478476,0,0.000000,0.000000,0.000000,0.000000,176.100000,0.050000,-0.330000,0.000000,51.000000,22.680000
1779334526.478976,0,0.000000,0.000000,0.000000,0.000000,176.100000,0.050000,-0.330000,0.000000,51.000000,22.690000
1779334526.504476,0,0.000000,0.000000,0.000000,0.000000,176.100000,0.050000,-0.330000,0.000000,51.000000,22.700000
1779334526.504976,0,0.000000,0.000000,0.000000,0.000000,174.130000,0.050000,-0.330000,0.000000,51.000000,22.700000
1779334526.505476,0,0.000000,0.000000,0.000000,0.000000,174.130000,0.050000,-0.330000,0.000000,51.000000,22.710000
1779334526.530976,0,0.000000,0.000000,0.000000,0.000000,174.130000,0.050000,-0.330000,0.000000,51.000000,22.720000
1779334526.531976,0,0.000000,0.000000,0.000000,0.000000,174.130000,0.050000,-0.330000,0.000000,51.000000,22.730000
1779334526.553476,0,0.000000,0.000000,0.000000,0.000000,174.130000,0.050000,-0.330000,0.000000,51.000000,22.730000
1779334526.553976,0,0.000000,0.000000,0.000000,0.000000,172.850000,0.050000,-0.330000,0.000000,48.000000,22.750000
1779334526.574976,0,0.000000,0.000000,0.000000,0.000000,172.850000,0.050000,-0.330000,0.000000,48.000000,22.770000
1779334526.575976,0,0.000000,0.000000,0.000000,0.000000,172.850000,0.050000,-0.330000,0.000000,48.000000,22.780000
1779334526.598977,0,0.000000,0.000000,0.000000,0.000000,172.850000,0.050000,-0.330000,0.000000,48.000000,22.790000
1779334526.599476,0,0.000000,0.000000,0.000000,0.000000,172.850000,0.050000,-0.330000,0.000000,48.000000,22.790000
1779334526.599476,0,0.000000,0.000000,0.000000,0.000000,172.020000,0.050000,-0.330000,0.000000,48.000000,22.800000
1779334526.620976,0,0.000000,0.000000,0.000000,0.000000,172.020000,0.050000,-0.330000,0.000000,48.000000,22.810000
1779334526.642977,0,0.000000,0.000000,0.000000,0.000000,172.020000,0.050000,-0.330000,0.000000,48.000000,22.820000
1779334526.643477,0,0.000000,0.000000,0.000000,0.000000,172.020000,0.050000,-0.330000,0.000000,48.000000,22.840000
1779334526.643977,0,0.000000,0.000000,0.000000,0.000000,172.020000,0.050000,-0.330000,0.000000,48.000000,22.850000
1779334526.643977,0,0.000000,0.000000,0.000000,0.000000,172.170000,0.050000,-0.330000,0.000000,48.000000,22.860000
1779334526.668476,0,0.000000,0.000000,0.000000,0.000000,172.170000,0.050000,-0.330000,0.000000,48.000000,22.870000
1779334526.668977,0,0.000000,0.000000,0.000000,0.000000,172.170000,0.050000,-0.330000,0.000000,48.000000,22.870000
1779334526.691477,0,0.000000,0.000000,0.000000,0.000000,172.170000,0.050000,-0.330000,0.000000,48.000000,22.880000
1779334526.711976,0,0.000000,0.000000,0.000000,0.000000,172.170000,0.050000,-0.330000,0.000000,48.000000,22.890000
1779334526.712476,0,0.000000,0.000000,0.000000,0.000000,172.170000,0.050000,-0.330000,0.000000,48.000000,22.900000
1779334526.712976,0,0.000000,0.000000,0.000000,0.000000,172.170000,0.050000,-0.330000,0.000000,48.000000,22.920000
1779334526.734476,0,0.000000,0.000000,0.000000,0.000000,172.170000,0.050000,-0.330000,0.000000,48.000000,22.930000
1779334526.734976,0,0.000000,0.000000,0.000000,0.000000,172.170000,0.050000,-0.330000,0.000000,48.000000,22.940000
1779334526.756976,0,0.000000,0.000000,0.000000,0.000000,172.170000,0.050000,-0.330000,0.000000,48.000000,22.950000
1779334526.757476,0,0.000000,0.000000,0.000000,0.000000,172.270000,0.050000,-0.330000,0.000000,51.000000,22.950000
1779334526.777976,0,0.000000,0.000000,0.000000,0.000000,172.270000,0.050000,-0.330000,0.000000,51.000000,22.960000
1779334526.778476,0,0.000000,0.000000,0.000000,0.000000,172.270000,0.050000,-0.330000,0.000000,51.000000,22.970000
1779334526.798976,0,0.000000,0.000000,0.000000,0.000000,172.270000,0.050000,-0.330000,0.000000,51.000000,22.980000
1779334526.799476,0,0.000000,0.000000,0.000000,0.000000,172.270000,0.050000,-0.330000,0.000000,51.000000,23.000000
1779334526.799976,0,0.000000,0.000000,0.000000,0.000000,172.350000,0.050000,-0.330000,0.000000,48.000000,23.010000
1779334526.822976,0,0.000000,0.000000,0.000000,0.000000,172.350000,0.050000,-0.330000,0.000000,48.000000,23.020000
1779334526.823476,0,0.000000,0.000000,0.000000,0.000000,172.350000,0.050000,-0.330000,0.000000,48.000000,23.030000
1779334526.844976,0,0.000000,0.000000,0.000000,0.000000,172.350000,0.050000,-0.330000,0.000000,48.000000,23.040000
1779334526.845477,0,0.000000,0.000000,0.000000,0.000000,172.350000,0.050000,-0.330000,0.000000,48.000000,23.040000
1779334526.866976,0,0.000000,0.000000,0.000000,0.000000,172.740000,0.050000,-0.330000,0.000000,48.000000,23.060000
1779334526.887976,0,0.000000,0.000000,0.000000,0.000000,172.740000,0.050000,-0.330000,0.000000,48.000000,23.070000
1779334526.888476,0,0.000000,0.000000,0.000000,0.000000,172.740000,0.050000,-0.330000,0.000000,48.000000,23.090000
1779334526.910477,0,0.000000,0.000000,0.000000,0.000000,172.740000,0.050000,-0.330000,0.000000,48.000000,23.100000
1779334526.910976,0,0.000000,0.000000,0.000000,0.000000,172.740000,0.050000,-0.330000,0.000000,48.000000,23.110000
1779334526.911476,0,0.000000,0.000000,0.000000,0.000000,162.850000,0.050000,-0.330000,0.000000,48.000000,23.120000
1779334526.932477,0,0.000000,0.000000,0.000000,0.000000,162.850000,0.050000,-0.330000,0.000000,48.000000,23.120000
1779334526.932976,0,0.000000,0.000000,0.000000,0.000000,162.850000,0.050000,-0.330000,0.000000,48.000000,23.130000
1779334526.933476,0,0.000000,0.000000,0.000000,0.000000,162.850000,0.050000,-0.330000,0.000000,48.000000,23.140000
1779334526.953477,0,0.000000,0.000000,0.000000,0.000000,162.850000,0.050000,-0.330000,0.000000,48.000000,23.150000
1779334526.954477,0,0.000000,0.000000,0.000000,0.000000,166.220000,0.050000,-0.330000,0.000000,48.000000,23.170000
1779334526.975476,0,0.000000,0.000000,0.000000,0.000000,166.220000,0.050000,-0.330000,0.000000,48.000000,23.180000
1779334526.996976,0,0.000000,0.000000,0.000000,0.000000,166.220000,0.050000,-0.330000,0.000000,48.000000,23.190000
1779334526.996976,0,0.000000,0.000000,0.000000,0.000000,166.220000,0.050000,-0.330000,0.000000,48.000000,23.200000
1779334527.019476,0,0.000000,0.000000,0.000000,0.000000,166.220000,0.050000,-0.330000,0.000000,48.000000,23.200000
1779334527.041976,0,0.000000,0.000000,0.000000,0.000000,168.410000,0.050000,-0.330000,0.000000,48.000000,23.210000
1779334527.042476,0,0.000000,0.000000,0.000000,0.000000,168.410000,0.050000,-0.330000,0.000000,48.000000,23.220000
1779334527.042976,0,0.000000,0.000000,0.000000,0.000000,168.410000,0.050000,-0.330000,0.000000,48.000000,23.230000
1779334527.064476,0,0.000000,0.000000,0.000000,0.000000,168.410000,0.050000,-0.330000,0.000000,48.000000,23.250000
1779334527.064976,0,0.000000,0.000000,0.000000,0.000000,168.410000,0.050000,-0.330000,0.000000,48.000000,23.260000
1779334527.085976,0,0.000000,0.000000,0.000000,0.000000,174.380000,0.050000,-0.330000,0.000000,48.000000,23.270000
1779334527.086476,0,0.000000,0.000000,0.000000,0.000000,174.380000,0.050000,-0.330000,0.000000,48.000000,23.280000
1779334527.086976,0,0.000000,0.000000,0.000000,0.000000,174.380000,0.050000,-0.330000,0.000000,48.000000,23.290000
1779334527.109976,0,0.000000,0.000000,0.000000,0.000000,174.380000,0.050000,-0.330000,0.000000,48.000000,23.290000
1779334527.110476,0,0.000000,0.000000,0.000000,0.000000,174.380000,0.050000,-0.330000,0.000000,48.000000,23.300000
1779334527.110976,0,0.000000,0.000000,0.000000,0.000000,179.300000,0.050000,-0.330000,0.000000,48.000000,23.310000
1779334527.132976,0,0.000000,0.000000,0.000000,0.000000,179.300000,0.050000,-0.330000,0.000000,48.000000,23.320000
1779334527.133476,0,0.000000,0.000000,0.000000,0.000000,179.300000,0.050000,-0.330000,0.000000,48.000000,23.340000
1779334527.155476,0,0.000000,0.000000,0.000000,0.000000,179.300000,0.050000,-0.330000,0.000000,48.000000,23.350000
1779334527.155976,0,0.000000,0.000000,0.000000,0.000000,179.300000,0.050000,-0.330000,0.000000,48.000000,23.360000
1779334527.176976,0,0.000000,0.000000,0.000000,0.000000,179.300000,0.050000,-0.330000,0.000000,48.000000,23.370000
1779334527.177476,0,0.000000,0.000000,0.000000,0.000000,182.160000,0.050000,-0.330000,0.000000,48.000000,23.370000
1779334527.199476,0,0.000000,0.000000,0.000000,0.000000,182.160000,0.050000,-0.330000,0.000000,48.000000,23.380000
1779334527.199976,0,0.000000,0.000000,0.000000,0.000000,182.160000,0.050000,-0.330000,0.000000,48.000000,23.390000
1779334527.200517,0,0.000000,0.000000,0.000000,0.000000,182.160000,0.050000,-0.330000,0.000000,48.000000,23.400000
1779334527.222976,0,0.000000,0.000000,0.000000,0.000000,182.160000,0.050000,-0.330000,0.000000,48.000000,23.420000
1779334527.223476,0,0.000000,0.000000,0.000000,0.000000,182.630000,0.050000,-0.330000,0.000000,48.000000,23.430000
1779334527.244976,0,0.000000,0.000000,0.000000,0.000000,182.630000,0.050000,-0.330000,0.000000,48.000000,23.440000
1779334527.267477,0,0.000000,0.000000,0.000000,0.000000,182.630000,0.050000,-0.330000,0.000000,48.000000,23.450000
1779334527.267976,0,0.000000,0.000000,0.000000,0.000000,182.630000,0.050000,-0.330000,0.000000,48.000000,23.450000
1779334527.268476,0,0.000000,0.000000,0.000000,0.000000,182.630000,0.050000,-0.330000,0.000000,48.000000,23.460000
1779334527.290476,0,0.000000,0.000000,0.000000,0.000000,182.630000,0.050000,-0.330000,0.000000,48.000000,23.470000
1779334527.290976,0,0.000000,0.000000,0.000000,0.000000,182.630000,0.050000,-0.330000,0.000000,48.000000,23.480000
1779334527.313476,0,0.000000,0.000000,0.000000,0.000000,182.630000,0.050000,-0.330000,0.000000,48.000000,23.510000
1779334527.313976,0,0.000000,0.000000,0.000000,0.000000,182.630000,0.050000,-0.330000,0.000000,48.000000,23.520000
1779334527.335976,0,0.000000,0.000000,0.000000,0.000000,182.630000,0.050000,-0.330000,0.000000,48.000000,23.530000
1779334527.336476,0,0.000000,0.000000,0.000000,0.000000,183.270000,0.050000,-0.330000,0.000000,49.000000,23.540000
1779334527.362976,0,0.000000,0.000000,0.000000,0.000000,183.270000,0.050000,-0.330000,0.000000,49.000000,23.540000
1779334527.363476,0,0.000000,0.000000,0.000000,0.000000,183.270000,0.050000,-0.330000,0.000000,49.000000,23.550000
1779334527.363976,0,0.000000,0.000000,0.000000,0.000000,183.270000,0.050000,-0.330000,0.000000,49.000000,23.560000
1779334527.385477,0,0.000000,0.000000,0.000000,0.000000,183.270000,0.050000,-0.330000,0.000000,49.000000,23.570000
1779334527.385976,0,0.000000,0.000000,0.000000,0.000000,183.270000,0.050000,-0.330000,0.000000,49.000000,23.590000
1779334527.407976,0,0.000000,0.000000,0.000000,0.000000,183.270000,0.050000,-0.330000,0.000000,49.000000,23.600000
1779334527.408476,0,0.000000,0.000000,0.000000,0.000000,183.270000,0.050000,-0.330000,0.000000,49.000000,23.610000
1779334527.431476,0,0.000000,0.000000,0.000000,0.000000,183.270000,0.050000,-0.330000,0.000000,49.000000,23.620000
1779334527.431476,0,0.000000,0.000000,0.000000,0.000000,185.780000,0.050000,-0.330000,0.000000,51.000000,23.630000
1779334527.453977,0,0.000000,0.000000,0.000000,0.000000,185.780000,0.050000,-0.330000,0.000000,51.000000,23.640000
1779334527.454476,0,0.000000,0.000000,0.000000,0.000000,185.780000,0.050000,-0.330000,0.000000,51.000000,23.650000
1779334527.476478,0,0.000000,0.000000,0.000000,0.000000,185.780000,0.050000,-0.330000,0.000000,51.000000,23.670000
1779334527.476978,0,0.000000,0.000000,0.000000,0.000000,185.780000,0.050000,-0.330000,0.000000,51.000000,23.680000
1779334527.498976,0,0.000000,0.000000,0.000000,0.000000,187.420000,0.050000,-0.330000,0.000000,48.000000,23.690000
1779334527.499476,0,0.000000,0.000000,0.000000,0.000000,187.420000,0.050000,-0.330000,0.000000,48.000000,23.700000
1779334527.520976,0,0.000000,0.000000,0.000000,0.000000,187.420000,0.050000,-0.330000,0.000000,48.000000,23.700000
1779334527.521476,0,0.000000,0.000000,0.000000,0.000000,187.420000,0.050000,-0.330000,0.000000,48.000000,23.720000
1779334527.521976,0,0.000000,0.000000,0.000000,0.000000,187.420000,0.050000,-0.330000,0.000000,48.000000,23.730000
1779334527.543976,0,0.000000,0.000000,0.000000,0.000000,188.140000,0.050000,-0.330000,0.000000,48.000000,23.730000
1779334527.544476,0,0.000000,0.000000,0.000000,0.000000,188.140000,0.050000,-0.330000,0.000000,48.000000,23.750000
1779334527.564476,0,0.000000,0.000000,0.000000,0.000000,188.140000,0.050000,-0.330000,0.000000,48.000000,23.760000
1779334527.564976,0,0.000000,0.000000,0.000000,0.000000,188.140000,0.050000,-0.330000,0.000000,48.000000,23.770000
1779334527.586977,0,0.000000,0.000000,0.000000,0.000000,188.140000,0.050000,-0.330000,0.000000,48.000000,23.790000
1779334527.587476,0,0.000000,0.000000,0.000000,0.000000,187.910000,0.050000,-0.330000,0.000000,48.000000,23.790000
1779334527.610476,0,0.000000,0.000000,0.000000,0.000000,187.910000,0.050000,-0.330000,0.000000,48.000000,23.800000
1779334527.610976,0,0.000000,0.000000,0.000000,0.000000,187.910000,0.050000,-0.330000,0.000000,48.000000,23.810000
1779334527.633476,0,0.000000,0.000000,0.000000,0.000000,187.910000,0.050000,-0.330000,0.000000,48.000000,23.820000
1779334527.633476,0,0.000000,0.000000,0.000000,0.000000,187.910000,0.050000,-0.330000,0.000000,48.000000,23.840000
1779334527.655976,0,0.000000,0.000000,0.000000,0.000000,187.910000,0.050000,-0.330000,0.000000,48.000000,23.850000
1779334527.656977,0,0.000000,0.000000,0.000000,0.000000,187.910000,0.050000,-0.330000,0.000000,48.000000,23.860000
1779334527.657476,0,0.000000,0.000000,0.000000,0.000000,187.910000,0.050000,-0.330000,0.000000,48.000000,23.870000
1779334527.680476,0,0.000000,0.000000,0.000000,0.000000,187.910000,0.050000,-0.330000,0.000000,48.000000,23.870000
1779334527.680976,0,0.000000,0.000000,0.000000,0.000000,187.910000,0.050000,-0.330000,0.000000,48.000000,23.880000
1779334527.703976,0,0.000000,0.000000,0.000000,0.000000,184.610000,0.050000,-0.330000,0.000000,51.000000,23.890000
1779334527.724976,0,0.000000,0.000000,0.000000,0.000000,184.610000,0.050000,-0.330000,0.000000,51.000000,23.900000
1779334527.725476,0,0.000000,0.000000,0.000000,0.000000,184.610000,0.050000,-0.330000,0.000000,51.000000,23.920000
1779334527.725976,0,0.000000,0.000000,0.000000,0.000000,184.610000,0.050000,-0.330000,0.000000,51.000000,23.930000
1779334527.726476,0,0.000000,0.000000,0.000000,0.000000,184.610000,0.050000,-0.330000,0.000000,51.000000,23.940000
1779334527.748476,0,0.000000,0.000000,0.000000,0.000000,183.500000,0.050000,-0.330000,0.000000,48.000000,23.950000
1779334527.770476,0,0.000000,0.000000,0.000000,0.000000,183.500000,0.050000,-0.330000,0.000000,48.000000,23.950000
1779334527.770976,0,0.000000,0.000000,0.000000,0.000000,183.500000,0.050000,-0.330000,0.000000,48.000000,23.960000
1779334527.792476,0,0.000000,0.000000,0.000000,0.000000,183.500000,0.050000,-0.330000,0.000000,48.000000,23.970000
1779334527.792976,0,0.000000,0.000000,0.000000,0.000000,183.500000,0.050000,-0.330000,0.000000,48.000000,23.980000
1779334527.792976,0,0.000000,0.000000,0.000000,0.000000,182.800000,0.050000,-0.330000,0.000000,48.000000,24.010000
1779334527.813976,0,0.000000,0.000000,0.000000,0.000000,182.800000,0.050000,-0.330000,0.000000,48.000000,24.020000
1779334527.814476,0,0.000000,0.000000,0.000000,0.000000,182.800000,0.050000,-0.330000,0.000000,48.000000,24.030000
1779334527.836478,0,0.000000,0.000000,0.000000,0.000000,182.800000,0.050000,-0.330000,0.000000,48.000000,24.040000
1779334527.836977,0,0.000000,0.000000,0.000000,0.000000,182.800000,0.050000,-0.330000,0.000000,48.000000,24.040000
1779334527.877976,0,0.000000,0.000000,0.000000,0.000000,188.280000,0.050000,-0.330000,0.000000,48.000000,24.050000
1779334527.878476,0,0.000000,0.000000,0.000000,0.000000,188.280000,0.050000,-0.330000,0.000000,48.000000,24.060000
1779334527.878977,0,0.000000,0.000000,0.000000,0.000000,188.280000,0.050000,-0.330000,0.000000,48.000000,24.070000
1779334527.879476,0,0.000000,0.000000,0.000000,0.000000,188.280000,0.050000,-0.330000,0.000000,48.000000,24.090000
1779334527.880476,0,0.000000,0.000000,0.000000,0.000000,191.850000,0.050000,-0.330000,0.000000,48.000000,24.110000
1779334527.902476,0,0.000000,0.000000,0.000000,0.000000,191.850000,0.050000,-0.330000,0.000000,48.000000,24.120000
1779334527.902976,0,0.000000,0.000000,0.000000,0.000000,191.850000,0.050000,-0.330000,0.000000,48.000000,24.120000
1779334527.924976,0,0.000000,0.000000,0.000000,0.000000,191.850000,0.050000,-0.330000,0.000000,48.000000,24.130000
1779334527.947476,0,0.000000,0.000000,0.000000,0.000000,191.850000,0.050000,-0.330000,0.000000,48.000000,24.140000
1779334527.947976,0,0.000000,0.000000,0.000000,0.000000,192.770000,0.050000,-0.330000,0.000000,48.000000,24.150000
1779334527.970477,0,0.000000,0.000000,0.000000,0.000000,192.770000,0.050000,-0.330000,0.000000,48.000000,24.170000
1779334527.970976,0,0.000000,0.000000,0.000000,0.000000,192.770000,0.050000,-0.330000,0.000000,48.000000,24.180000
1779334527.971476,0,0.000000,0.000000,0.000000,0.000000,192.770000,0.050000,-0.330000,0.000000,48.000000,24.190000
1779334527.994476,0,0.000000,0.000000,0.000000,0.000000,192.770000,0.050000,-0.330000,0.000000,48.000000,24.200000
1779334527.994976,0,0.000000,0.000000,0.000000,0.000000,191.270000,0.050000,-0.330000,0.000000,48.000000,24.200000
1779334528.017477,0,0.000000,0.000000,0.000000,0.000000,191.270000,0.050000,-0.330000,0.000000,48.000000,24.210000
1779334528.017976,0,0.000000,0.000000,0.000000,0.000000,191.270000,0.050000,-0.330000,0.000000,48.000000,24.220000
1779334528.041976,0,0.000000,0.000000,0.000000,0.000000,191.270000,0.050000,-0.330000,0.000000,48.000000,24.230000
1779334528.042476,0,0.000000,0.000000,0.000000,0.000000,191.270000,0.050000,-0.330000,0.000000,48.000000,24.250000
1779334528.042976,0,0.000000,0.000000,0.000000,0.000000,191.270000,0.050000,-0.330000,0.000000,48.000000,24.260000
1779334528.064976,0,0.000000,0.000000,0.000000,0.000000,191.690000,0.050000,-0.330000,0.000000,48.000000,24.270000
1779334528.066977,0,0.000000,0.000000,0.000000,0.000000,191.690000,0.050000,-0.330000,0.000000,48.000000,24.280000
1779334528.088976,0,0.000000,0.000000,0.000000,0.000000,191.690000,0.050000,-0.330000,0.000000,48.000000,24.290000
1779334528.089476,0,0.000000,0.000000,0.000000,0.000000,191.690000,0.050000,-0.330000,0.000000,48.000000,24.290000
1779334528.090476,0,0.000000,0.000000,0.000000,0.000000,191.690000,0.050000,-0.330000,0.000000,48.000000,24.300000
1779334528.131976,0,0.000000,0.000000,0.000000,0.000000,191.610000,0.050000,-0.330000,0.000000,48.000000,24.310000
1779334528.132476,0,0.000000,0.000000,0.000000,0.000000,191.610000,0.050000,-0.330000,0.000000,48.000000,24.320000
1779334528.132976,0,0.000000,0.000000,0.000000,0.000000,191.610000,0.050000,-0.330000,0.000000,48.000000,24.340000
1779334528.133476,0,0.000000,0.000000,0.000000,0.000000,191.610000,0.050000,-0.330000,0.000000,48.000000,24.350000
1779334528.133976,0,0.000000,0.000000,0.000000,0.000000,191.610000,0.050000,-0.330000,0.000000,48.000000,24.360000
1779334528.134476,0,0.000000,0.000000,0.000000,0.000000,195.410000,0.050000,-0.330000,0.000000,48.000000,24.370000
1779334528.174476,0,0.000000,0.000000,0.000000,0.000000,195.410000,0.050000,-0.330000,0.000000,48.000000,24.370000
1779334528.174976,0,0.000000,0.000000,0.000000,0.000000,195.410000,0.050000,-0.330000,0.000000,48.000000,24.380000
1779334528.175476,0,0.000000,0.000000,0.000000,0.000000,195.410000,0.050000,-0.330000,0.000000,48.000000,24.390000
1779334528.175976,0,0.000000,0.000000,0.000000,0.000000,195.410000,0.050000,-0.330000,0.000000,48.000000,24.400000
1779334528.214976,0,0.000000,0.000000,0.000000,0.000000,197.880000,0.050000,-0.330000,0.000000,48.000000,24.420000
1779334528.214976,0,0.000000,0.000000,0.000000,0.000000,197.880000,0.050000,-0.330000,0.000000,48.000000,24.430000
1779334528.215976,0,0.000000,0.000000,0.000000,0.000000,197.880000,0.050000,-0.330000,0.000000,48.000000,24.440000
1779334528.215976,0,0.000000,0.000000,0.000000,0.000000,197.880000,0.050000,-0.330000,0.000000,48.000000,24.450000
1779334528.253976,0,0.000000,0.000000,0.000000,0.000000,197.880000,0.050000,-0.330000,0.000000,48.000000,24.450000
1779334528.254978,0,0.000000,0.000000,0.000000,0.000000,196.330000,0.050000,-0.330000,0.000000,48.000000,24.460000
1779334528.255477,0,0.000000,0.000000,0.000000,0.000000,196.330000,0.050000,-0.330000,0.000000,48.000000,24.470000
1779334528.277976,0,0.000000,0.000000,0.000000,0.000000,196.330000,0.050000,-0.330000,0.000000,48.000000,24.480000
1779334528.278476,0,0.000000,0.000000,0.000000,0.000000,196.330000,0.050000,-0.330000,0.000000,48.000000,24.500000
1779334528.300476,0,0.000000,0.000000,0.000000,0.000000,196.330000,0.050000,-0.330000,0.000000,48.000000,24.510000
1779334528.324976,0,0.000000,0.000000,0.000000,0.000000,194.280000,0.050000,-0.330000,0.000000,48.000000,24.520000
1779334528.325476,0,0.000000,0.000000,0.000000,0.000000,194.280000,0.050000,-0.330000,0.000000,48.000000,24.530000
1779334528.325976,0,0.000000,0.000000,0.000000,0.000000,194.280000,0.050000,-0.330000,0.000000,48.000000,24.540000
1779334528.347476,0,0.000000,0.000000,0.000000,0.000000,194.280000,0.050000,-0.330000,0.000000,48.000000,24.540000
1779334528.347508,0,0.000000,0.000000,0.000000,0.000000,194.280000,0.050000,-0.330000,0.000000,48.000000,24.550000
1779334528.374476,0,0.000000,0.000000,0.000000,0.000000,194.280000,0.050000,-0.330000,0.000000,48.000000,24.560000
1779334528.375476,0,0.000000,0.000000,0.000000,0.000000,192.940000,0.050000,-0.330000,0.000000,48.000000,24.570000
1779334528.376476,0,0.000000,0.000000,0.000000,0.000000,192.940000,0.050000,-0.330000,0.000000,48.000000,24.590000
1779334528.399476,0,0.000000,0.000000,0.000000,0.000000,192.940000,0.050000,-0.330000,0.000000,48.000000,24.600000
1779334528.400476,0,0.000000,0.000000,0.000000,0.000000,192.940000,0.050000,-0.330000,0.000000,48.000000,24.610000
1779334528.436976,0,0.000000,0.000000,0.000000,0.000000,192.940000,0.050000,-0.330000,0.000000,48.000000,24.620000
1779334528.438476,0,0.000000,0.000000,0.000000,0.000000,188.580000,0.050000,-0.330000,0.000000,48.000000,24.620000
1779334528.438976,0,0.000000,0.000000,0.000000,0.000000,188.580000,0.050000,-0.330000,0.000000,48.000000,24.630000
1779334528.439976,0,0.000000,0.000000,0.000000,0.000000,188.580000,0.050000,-0.330000,0.000000,48.000000,24.640000
1779334528.440475,0,0.000000,0.000000,0.000000,0.000000,188.580000,0.050000,-0.330000,0.000000,48.000000,24.650000
1779334528.480476,0,0.000000,0.000000,0.000000,0.000000,192.750000,0.050000,-0.330000,0.000000,48.000000,24.680000
1779334528.480976,0,0.000000,0.000000,0.000000,0.000000,192.750000,0.050000,-0.330000,0.000000,48.000000,24.690000
1779334528.481476,0,0.000000,0.000000,0.000000,0.000000,192.750000,0.050000,-0.330000,0.000000,48.000000,24.700000
1779334528.482477,0,0.000000,0.000000,0.000000,0.000000,192.750000,0.050000,-0.330000,0.000000,48.000000,24.700000
1779334528.495476,0,0.000000,0.000000,0.000000,0.000000,192.750000,0.050000,-0.330000,0.000000,48.000000,24.710000
1779334528.498476,0,0.000000,0.000000,0.000000,0.000000,193.000000,0.050000,-0.330000,0.000000,48.000000,24.720000
1779334528.509476,0,0.000000,0.000000,0.000000,0.000000,193.000000,0.050000,-0.330000,0.000000,48.000000,24.730000
1779334528.510476,0,0.000000,0.000000,0.000000,0.000000,193.000000,0.050000,-0.330000,0.000000,48.000000,24.760000
1779334528.524476,0,0.000000,0.000000,0.000000,0.000000,193.000000,0.050000,-0.330000,0.000000,48.000000,24.770000
1779334528.545976,0,0.000000,0.000000,0.000000,0.000000,193.000000,0.050000,-0.330000,0.000000,48.000000,24.780000
1779334528.552976,0,0.000000,0.000000,0.000000,0.000000,196.320000,0.050000,-0.330000,0.000000,48.000000,24.790000
1779334528.554976,0,0.000000,0.000000,0.000000,0.000000,196.320000,0.050000,-0.330000,0.000000,48.000000,24.790000
1779334528.569476,0,0.000000,0.000000,0.000000,0.000000,196.320000,0.050000,-0.330000,0.000000,48.000000,24.800000
1779334528.576977,0,0.000000,0.000000,0.000000,0.000000,196.320000,0.050000,-0.330000,0.000000,48.000000,24.810000
1779334528.591976,0,0.000000,0.000000,0.000000,0.000000,196.320000,0.050000,-0.330000,0.000000,48.000000,24.820000
1779334528.615476,0,0.000000,0.000000,0.000000,0.000000,198.470000,0.050000,-0.330000,0.000000,48.000000,24.840000
1779334528.625976,0,0.000000,0.000000,0.000000,0.000000,198.470000,0.050000,-0.330000,0.000000,48.000000,24.850000
1779334528.626477,0,0.000000,0.000000,0.000000,0.000000,198.470000,0.050000,-0.330000,0.000000,48.000000,24.860000
1779334528.627976,0,0.000000,0.000000,0.000000,0.000000,198.470000,0.050000,-0.330000,0.000000,48.000000,24.870000
1779334528.651545,0,0.000000,0.000000,0.000000,0.000000,198.470000,0.050000,-0.330000,0.000000,48.000000,24.870000
1779334528.652045,0,0.000000,0.000000,0.000000,0.000000,203.020000,0.050000,-0.330000,0.000000,48.000000,24.880000
1779334528.662545,0,0.000000,0.000000,0.000000,0.000000,203.020000,0.050000,-0.330000,0.000000,48.000000,24.890000
1779334528.667047,0,0.000000,0.000000,0.000000,0.000000,203.020000,0.050000,-0.330000,0.000000,48.000000,24.900000
1779334528.697152,0,0.000000,0.000000,0.000000,0.000000,203.020000,0.050000,-0.330000,0.000000,48.000000,24.920000
1779334528.707152,0,0.000000,0.000000,0.000000,0.000000,205.970000,0.050000,-0.330000,0.000000,48.000000,24.940000
1779334528.719519,0,0.000000,0.000000,0.000000,0.000000,205.970000,0.050000,-0.330000,0.000000,48.000000,24.950000
1779334528.721019,0,0.000000,0.000000,0.000000,0.000000,205.970000,0.050000,-0.330000,0.000000,48.000000,24.950000
1779334528.727159,0,0.000000,0.000000,0.000000,0.000000,205.970000,0.050000,-0.330000,0.000000,48.000000,24.960000
1779334528.750590,0,0.000000,0.000000,0.000000,0.000000,205.970000,0.050000,-0.330000,0.000000,48.000000,24.970000
1779334528.761023,0,0.000000,0.000000,0.000000,0.000000,201.600000,0.050000,-0.330000,0.000000,48.000000,24.980000
1779334528.771541,0,0.000000,0.000000,0.000000,0.000000,201.600000,0.050000,-0.330000,0.000000,48.000000,25.000000
1779334528.772541,0,0.000000,0.000000,0.000000,0.000000,201.600000,0.050000,-0.330000,0.000000,48.000000,25.010000
1779334528.786845,0,0.000000,0.000000,0.000000,0.000000,201.600000,0.050000,-0.330000,0.000000,48.000000,25.020000
1779334528.802399,0,0.000000,0.000000,0.000000,0.000000,201.600000,0.050000,-0.330000,0.000000,48.000000,25.030000
1779334528.812399,0,0.000000,0.000000,0.000000,0.000000,202.610000,0.050000,-0.330000,0.000000,48.000000,25.040000
1779334528.816905,0,0.000000,0.000000,0.000000,0.000000,202.610000,0.050000,-0.330000,0.000000,48.000000,25.040000
1779334528.824432,0,0.000000,0.000000,0.000000,0.000000,202.610000,0.050000,-0.330000,0.000000,48.000000,25.050000
1779334528.839933,0,0.000000,0.000000,0.000000,0.000000,202.610000,0.050000,-0.330000,0.000000,48.000000,25.060000
1779334528.862801,0,0.000000,0.000000,0.000000,0.000000,202.610000,0.050000,-0.330000,0.000000,48.000000,25.070000
1779334528.863301,0,0.000000,0.000000,0.000000,0.000000,205.710000,0.050000,-0.330000,0.000000,48.000000,25.100000
1779334528.872301,0,0.000000,0.000000,0.000000,0.000000,205.710000,0.050000,-0.330000,0.000000,48.000000,25.110000
1779334528.884830,0,0.000000,0.000000,0.000000,0.000000,205.710000,0.050000,-0.330000,0.000000,48.000000,25.120000
1779334528.891830,0,0.000000,0.000000,0.000000,0.000000,205.710000,0.050000,-0.330000,0.000000,48.000000,25.120000
1779334528.932880,0,0.000000,0.000000,0.000000,0.000000,205.710000,0.050000,-0.330000,0.000000,48.000000,25.130000
1779334528.933380,0,0.000000,0.000000,0.000000,0.000000,207.720000,0.050000,-0.330000,0.000000,48.000000,25.140000
1779334528.934380,0,0.000000,0.000000,0.000000,0.000000,207.720000,0.050000,-0.330000,0.000000,48.000000,25.150000
1779334528.934880,0,0.000000,0.000000,0.000000,0.000000,207.720000,0.050000,-0.330000,0.000000,48.000000,25.170000
1779334528.952551,0,0.000000,0.000000,0.000000,0.000000,207.720000,0.050000,-0.330000,0.000000,48.000000,25.180000
1779334528.967886,0,0.000000,0.000000,0.000000,0.000000,207.720000,0.050000,-0.330000,0.000000,48.000000,25.190000
1779334528.968385,0,0.000000,0.000000,0.000000,0.000000,210.080000,0.050000,-0.330000,0.000000,48.000000,25.200000
1779334528.974387,0,0.000000,0.000000,0.000000,0.000000,210.080000,0.050000,-0.330000,0.000000,48.000000,25.200000
1779334528.989889,0,0.000000,0.000000,0.000000,0.000000,210.080000,0.050000,-0.330000,0.000000,48.000000,25.210000
1779334528.997143,0,0.000000,0.000000,0.000000,0.000000,210.080000,0.050000,-0.330000,0.000000,48.000000,25.220000
1779334529.014159,0,0.000000,0.000000,0.000000,0.000000,210.080000,0.050000,-0.330000,0.000000,48.000000,25.230000
1779334529.024158,0,0.000000,0.000000,0.000000,0.000000,204.270000,0.050000,-0.330000,0.000000,48.000000,25.260000
1779334529.027158,0,0.000000,0.000000,0.000000,0.000000,204.270000,0.050000,-0.330000,0.000000,48.000000,25.270000
1779334529.049672,0,0.000000,0.000000,0.000000,0.000000,204.270000,0.050000,-0.330000,0.000000,48.000000,25.280000
1779334529.057672,0,0.000000,0.000000,0.000000,0.000000,204.270000,0.050000,-0.330000,0.000000,48.000000,25.290000
1779334529.068172,0,0.000000,0.000000,0.000000,0.000000,203.640000,0.050000,-0.330000,0.000000,48.000000,25.290000
1779334529.071679,0,0.000000,0.000000,0.000000,0.000000,203.640000,0.050000,-0.330000,0.000000,48.000000,25.300000
1779334529.087061,0,0.000000,0.000000,0.000000,0.000000,203.640000,0.050000,-0.330000,0.000000,48.000000,25.310000
1779334529.094561,0,0.000000,0.000000,0.000000,0.000000,203.640000,0.050000,-0.330000,0.000000,48.000000,25.320000
1779334529.138978,0,0.000000,0.000000,0.000000,0.000000,203.640000,0.050000,-0.330000,0.000000,48.000000,25.350000
1779334529.139478,0,0.000000,0.000000,0.000000,0.000000,199.380000,0.050000,-0.330000,0.000000,48.000000,25.350000
1779334529.148479,0,0.000000,0.000000,0.000000,0.000000,199.380000,0.050000,-0.330000,0.000000,48.000000,25.370000
1779334529.154493,0,0.000000,0.000000,0.000000,0.000000,199.380000,0.050000,-0.330000,0.000000,48.000000,25.370000
1779334529.166493,0,0.000000,0.000000,0.000000,0.000000,199.380000,0.050000,-0.330000,0.000000,48.000000,25.380000
1779334529.182492,0,0.000000,0.000000,0.000000,0.000000,199.380000,0.050000,-0.330000,0.000000,48.000000,25.400000
1779334529.191992,0,0.000000,0.000000,0.000000,0.000000,200.110000,0.050000,-0.330000,0.000000,48.000000,25.420000
1779334529.192993,0,0.000000,0.000000,0.000000,0.000000,200.110000,0.050000,-0.330000,0.000000,48.000000,25.430000
1779334529.193492,0,0.000000,0.000000,0.000000,0.000000,200.110000,0.050000,-0.330000,0.000000,48.000000,25.440000
1779334529.199493,0,0.000000,0.000000,0.000000,0.000000,200.110000,0.050000,-0.330000,0.000000,48.000000,25.450000
1779334529.250221,0,0.000000,0.000000,0.000000,0.000000,193.580000,0.050000,-0.330000,0.000000,48.000000,25.450000
1779334529.259721,0,0.000000,0.000000,0.000000,0.000000,193.580000,0.050000,-0.330000,0.000000,48.000000,25.460000
1779334529.260721,0,0.000000,0.000000,0.000000,0.000000,193.580000,0.050000,-0.330000,0.000000,48.000000,25.470000
1779334529.261221,0,0.000000,0.000000,0.000000,0.000000,193.580000,0.050000,-0.330000,0.000000,48.000000,25.480000
1779334529.267374,0,0.000000,0.000000,0.000000,0.000000,193.580000,0.050000,-0.330000,0.000000,48.000000,25.500000
1779334529.282888,0,0.000000,0.000000,0.000000,0.000000,189.350000,0.050000,-0.330000,0.000000,48.000000,25.520000
1779334529.296914,0,0.000000,0.000000,0.000000,0.000000,189.350000,0.050000,-0.330000,0.000000,48.000000,25.530000
1779334529.297914,0,0.000000,0.000000,0.000000,0.000000,189.350000,0.050000,-0.330000,0.000000,48.000000,25.540000
1779334529.319413,0,0.000000,0.000000,0.000000,0.000000,189.350000,0.050000,-0.330000,0.000000,48.000000,25.540000
1779334529.333913,0,0.000000,0.000000,0.000000,0.000000,189.350000,0.050000,-0.330000,0.000000,48.000000,25.550000
1779334529.343415,0,0.000000,0.000000,0.000000,0.000000,182.030000,0.050000,-0.330000,0.000000,48.000000,25.560000
1779334529.344413,0,0.000000,0.000000,0.000000,0.000000,182.030000,0.050000,-0.330000,0.000000,48.000000,25.570000
1779334529.357422,0,0.000000,0.000000,0.000000,0.000000,182.030000,0.050000,-0.330000,0.000000,48.000000,25.590000
1779334529.379421,0,0.000000,0.000000,0.000000,0.000000,182.030000,0.050000,-0.330000,0.000000,48.000000,25.600000
1779334529.386286,0,0.000000,0.000000,0.000000,0.000000,176.940000,0.050000,-0.310000,0.000000,48.000000,25.620000
1779334529.401351,0,0.000000,0.000000,0.000000,0.000000,176.940000,0.050000,-0.310000,0.000000,48.000000,25.620000
1779334529.402351,0,0.000000,0.000000,0.000000,0.000000,176.940000,0.050000,-0.310000,0.000000,48.000000,25.630000
1779334529.403350,0,0.000000,0.000000,0.000000,0.000000,176.940000,0.050000,-0.310000,0.000000,48.000000,25.630000
1779334529.419875,0,0.000000,0.000000,0.000000,0.000000,176.940000,0.050000,-0.310000,0.000000,48.000000,25.640000
1779334529.424376,0,0.000000,0.000000,0.000000,0.000000,176.940000,0.050000,-0.310000,0.000000,48.000000,25.670000
1779334529.439880,0,0.000000,0.000000,0.000000,0.000000,176.940000,0.050000,-0.310000,0.000000,48.000000,25.680000
1779334529.455029,0,0.000000,0.000000,0.000000,0.000000,176.940000,0.050000,-0.310000,0.000000,48.000000,25.690000
1779334529.469027,0,0.000000,0.000000,0.000000,0.000000,176.940000,0.050000,-0.310000,0.000000,48.000000,25.700000
1779334529.487028,0,0.000000,0.000000,0.000000,0.000000,176.940000,0.050000,-0.310000,0.000000,48.000000,25.700000
1779334529.489028,0,0.000000,0.000000,0.000000,0.000000,169.770000,0.050000,-0.310000,0.000000,49.000000,25.710000
1779334529.492043,0,0.000000,0.000000,0.000000,0.000000,169.770000,0.050000,-0.310000,0.000000,49.000000,25.720000
1779334529.499543,0,0.000000,0.000000,0.000000,0.000000,169.770000,0.050000,-0.310000,0.000000,49.000000,25.730000
1779334529.514550,0,0.000000,0.000000,0.000000,0.000000,169.770000,0.050000,-0.310000,0.000000,49.000000,25.750000
1779334529.537534,0,0.000000,0.000000,0.000000,0.000000,169.770000,0.050000,-0.310000,0.000000,49.000000,25.760000
1779334529.544533,0,0.000000,0.000000,0.000000,0.000000,168.610000,0.050000,-0.310000,0.000000,48.000000,25.770000
1779334529.554132,0,0.000000,0.000000,0.000000,0.000000,168.610000,0.050000,-0.310000,0.000000,48.000000,25.780000
1779334529.559820,0,0.000000,0.000000,0.000000,0.000000,168.610000,0.050000,-0.310000,0.000000,48.000000,25.790000
1779334529.581625,0,0.000000,0.000000,0.000000,0.000000,168.610000,0.050000,-0.310000,0.000000,48.000000,25.790000
1779334529.589617,0,0.000000,0.000000,0.000000,0.000000,168.610000,0.050000,-0.310000,0.000000,48.000000,25.800000
1779334529.599617,0,0.000000,0.000000,0.000000,0.000000,167.860000,0.050000,-0.310000,0.000000,48.000000,25.820000
1779334529.600617,0,0.000000,0.000000,0.000000,0.000000,167.860000,0.050000,-0.310000,0.000000,48.000000,25.840000
1779334529.612314,0,0.000000,0.000000,0.000000,0.000000,167.860000,0.050000,-0.310000,0.000000,48.000000,25.850000
1779334529.619814,0,0.000000,0.000000,0.000000,0.000000,167.860000,0.050000,-0.310000,0.000000,48.000000,25.860000
1779334529.634815,0,0.000000,0.000000,0.000000,0.000000,167.860000,0.050000,-0.310000,0.000000,48.000000,25.870000
1779334529.647315,0,0.000000,0.000000,0.000000,0.000000,167.380000,0.050000,-0.310000,0.000000,48.000000,25.870000
1779334529.656814,0,0.000000,0.000000,0.000000,0.000000,167.380000,0.050000,-0.310000,0.000000,48.000000,25.880000
1779334529.664314,0,0.000000,0.000000,0.000000,0.000000,167.380000,0.050000,-0.310000,0.000000,48.000000,25.890000
1779334529.687315,0,0.000000,0.000000,0.000000,0.000000,167.380000,0.050000,-0.310000,0.000000,48.000000,25.900000
1779334529.696815,0,0.000000,0.000000,0.000000,0.000000,171.270000,0.050000,-0.310000,0.000000,48.000000,25.930000
1779334529.697314,0,0.000000,0.000000,0.000000,0.000000,171.270000,0.050000,-0.310000,0.000000,48.000000,25.940000
1779334529.701814,0,0.000000,0.000000,0.000000,0.000000,171.270000,0.050000,-0.310000,0.000000,48.000000,25.950000
1779334529.716814,0,0.000000,0.000000,0.000000,0.000000,171.270000,0.050000,-0.310000,0.000000,48.000000,25.950000
1779334529.748315,0,0.000000,0.000000,0.000000,0.000000,171.270000,0.050000,-0.310000,0.000000,48.000000,25.960000
1779334529.749314,0,0.000000,0.000000,0.000000,0.000000,173.780000,0.050000,-0.310000,0.000000,48.000000,25.970000
1779334529.761596,0,0.000000,0.000000,0.000000,0.000000,173.780000,0.050000,-0.310000,0.000000,48.000000,25.980000
1779334529.762596,0,0.000000,0.000000,0.000000,0.000000,173.780000,0.050000,-0.310000,0.000000,48.000000,26.000000
1779334529.769595,0,0.000000,0.000000,0.000000,0.000000,173.780000,0.050000,-0.310000,0.000000,48.000000,26.010000
1779334529.791561,0,0.000000,0.000000,0.000000,0.000000,173.780000,0.050000,-0.310000,0.000000,48.000000,26.020000
1779334529.794559,0,0.000000,0.000000,0.000000,0.000000,171.580000,0.050000,-0.310000,0.000000,48.000000,26.030000
1779334529.804641,0,0.000000,0.000000,0.000000,0.000000,171.580000,0.050000,-0.310000,0.000000,48.000000,26.040000
1779334529.807344,0,0.000000,0.000000,0.000000,0.000000,171.580000,0.050000,-0.310000,0.000000,48.000000,26.040000
1779334529.829344,0,0.000000,0.000000,0.000000,0.000000,171.580000,0.050000,-0.310000,0.000000,48.000000,26.050000
1779334529.830345,0,0.000000,0.000000,0.000000,0.000000,171.580000,0.050000,-0.310000,0.000000,48.000000,26.060000
1779334529.846125,0,0.000000,0.000000,0.000000,0.000000,171.580000,0.050000,-0.310000,0.000000,48.000000,26.070000
1779334529.852125,0,0.000000,0.000000,0.000000,0.000000,170.130000,0.050000,-0.310000,0.000000,48.000000,26.090000
1779334529.867160,0,0.000000,0.000000,0.000000,0.000000,170.130000,0.050000,-0.310000,0.000000,48.000000,26.100000
1779334529.874159,0,0.000000,0.000000,0.000000,0.000000,170.130000,0.050000,-0.310000,0.000000,48.000000,26.110000
1779334529.905515,0,0.000000,0.000000,0.000000,0.000000,170.130000,0.050000,-0.310000,0.000000,48.000000,26.120000
1779334529.906015,0,0.000000,0.000000,0.000000,0.000000,169.210000,0.050000,-0.310000,0.000000,48.000000,26.130000
1779334529.933846,0,0.000000,0.000000,0.000000,0.000000,169.210000,0.050000,-0.310000,0.000000,48.000000,26.140000
1779334529.934847,0,0.000000,0.000000,0.000000,0.000000,169.210000,0.050000,-0.310000,0.000000,48.000000,26.150000
1779334529.935849,0,0.000000,0.000000,0.000000,0.000000,169.210000,0.050000,-0.310000,0.000000,48.000000,26.170000
1779334529.956553,0,0.000000,0.000000,0.000000,0.000000,169.210000,0.050000,-0.310000,0.000000,48.000000,26.180000
1779334529.957553,0,0.000000,0.000000,0.000000,0.000000,20.200000,0.050000,-0.310000,0.000000,48.000000,26.190000
1779334529.964598,0,0.000000,0.000000,0.000000,0.000000,20.200000,0.050000,-0.310000,0.000000,48.000000,26.200000
1779334529.972598,0,0.000000,0.000000,0.000000,0.000000,20.200000,0.050000,-0.310000,0.000000,48.000000,26.200000
1779334529.979597,0,0.000000,0.000000,0.000000,0.000000,20.200000,0.050000,-0.310000,0.000000,48.000000,26.210000
1779334530.001124,0,0.000000,0.000000,0.000000,0.000000,-269.850000,0.050000,-0.310000,0.000000,48.000000,26.230000
1779334530.017479,0,0.000000,0.000000,0.000000,0.000000,-269.850000,0.050000,-0.310000,0.000000,48.000000,26.250000
1779334530.017979,0,0.000000,0.000000,0.000000,0.000000,-269.850000,0.050000,-0.310000,0.000000,48.000000,26.260000
1779334530.032135,0,0.000000,0.000000,0.000000,0.000000,-269.850000,0.050000,-0.310000,0.000000,48.000000,26.270000
1779334530.052779,0,0.000000,0.000000,0.000000,0.000000,-269.850000,0.050000,-0.310000,0.000000,48.000000,26.280000
1779334530.055779,0,0.000000,0.000000,0.000000,0.000000,152.520000,0.050000,-0.310000,0.000000,48.000000,26.290000
1779334530.069279,0,0.000000,0.000000,0.000000,0.000000,152.520000,0.050000,-0.310000,0.000000,48.000000,26.290000
1779334530.070378,0,0.000000,0.000000,0.000000,0.000000,152.520000,0.050000,-0.310000,0.000000,48.000000,26.300000
1779334530.084286,0,0.000000,0.000000,0.000000,0.000000,152.520000,0.050000,-0.310000,0.000000,48.000000,26.310000
1779334530.114795,0,0.000000,0.000000,0.000000,0.000000,152.520000,0.050000,-0.310000,0.000000,48.000000,26.320000
1779334530.115295,0,0.000000,0.000000,0.000000,0.000000,-44.410000,0.050000,-0.300000,0.000000,48.000000,26.350000
1779334530.129201,0,0.000000,0.000000,0.000000,0.000000,-44.410000,0.050000,-0.300000,0.000000,48.000000,26.360000
1779334530.130424,0,0.000000,0.000000,0.000000,0.000000,-44.410000,0.050000,-0.300000,0.000000,48.000000,26.370000
1779334530.136926,0,0.000000,0.000000,0.000000,0.000000,-44.410000,0.050000,-0.300000,0.000000,48.000000,26.370000
1779334530.161493,0,0.000000,0.000000,0.000000,0.000000,-44.410000,0.050000,-0.300000,0.000000,48.000000,26.380000
1779334530.170992,0,0.000000,0.000000,0.000000,0.000000,-82.830000,0.070000,-0.250000,0.000000,48.000000,26.390000
1779334530.190323,0,0.000000,0.000000,0.000000,0.000000,-82.830000,0.070000,-0.250000,0.000000,48.000000,26.400000
1779334530.191324,0,0.000000,0.000000,0.000000,0.000000,-82.830000,0.070000,-0.250000,0.000000,48.000000,26.420000
1779334530.191824,0,0.000000,0.000000,0.000000,0.000000,-82.830000,0.070000,-0.250000,0.000000,48.000000,26.430000
1779334530.222288,0,0.000000,0.000000,0.000000,0.000000,-82.830000,0.070000,-0.250000,0.000000,48.000000,26.450000
1779334530.226821,0,0.000000,0.000000,0.000000,0.000000,-82.830000,0.070000,-0.250000,0.000000,48.000000,26.460000
1779334530.242304,0,0.000000,0.000000,0.000000,0.000000,-82.830000,0.070000,-0.250000,0.000000,48.000000,26.470000
1779334530.249305,0,0.000000,0.000000,0.000000,0.000000,-82.830000,0.070000,-0.250000,0.000000,48.000000,26.480000
1779334530.277029,0,0.000000,0.000000,0.000000,0.000000,184.100000,0.140000,-0.140000,0.000000,51.000000,26.500000
1779334530.278528,0,0.000000,0.000000,0.000000,0.000000,184.100000,0.140000,-0.140000,0.000000,51.000000,26.510000
1779334530.280027,0,0.000000,0.000000,0.000000,0.000000,184.100000,0.140000,-0.140000,0.000000,51.000000,26.520000
1779334530.296075,0,0.000000,0.000000,0.000000,0.000000,184.100000,0.140000,-0.140000,0.000000,51.000000,26.530000
1779334530.325623,0,0.000000,0.000000,0.000000,0.000000,184.100000,0.140000,-0.140000,0.000000,51.000000,26.540000
1779334530.326124,0,0.000000,0.000000,0.000000,0.000000,178.250000,0.210000,0.000000,0.000000,48.000000,26.540000
1779334530.326124,0,0.000000,0.000000,0.000000,0.000000,178.250000,0.210000,0.000000,0.000000,48.000000,26.550000
1779334530.338123,0,0.000000,0.000000,0.000000,0.000000,178.250000,0.210000,0.000000,0.000000,48.000000,26.560000
1779334530.353996,0,0.000000,0.000000,0.000000,0.000000,178.250000,0.210000,0.000000,0.000000,48.000000,26.570000
1779334530.360995,0,0.000000,0.000000,0.000000,0.000000,178.250000,0.210000,0.000000,0.000000,48.000000,26.590000
1779334530.376388,0,0.000000,0.000000,0.000000,0.000000,2.470000,0.250000,0.030000,0.000000,48.000000,26.610000
1779334530.377887,0,0.000000,0.000000,0.000000,0.000000,2.470000,0.250000,0.030000,0.000000,48.000000,26.620000
1779334530.384388,0,0.000000,0.000000,0.000000,0.000000,2.470000,0.250000,0.030000,0.000000,48.000000,26.620000
1779334530.391887,0,0.000000,0.000000,0.000000,0.000000,2.470000,0.250000,0.030000,0.000000,48.000000,26.630000
1779334530.422409,0,0.000000,0.000000,0.000000,0.000000,2.470000,0.250000,0.030000,0.000000,48.000000,26.630000
1779334530.425410,0,0.000000,0.000000,0.000000,0.000000,-306.510000,0.280000,0.070000,0.000000,48.000000,26.650000
1779334530.425909,0,0.000000,0.000000,0.000000,0.000000,-306.510000,0.280000,0.070000,0.000000,48.000000,26.670000
1779334530.437137,0,0.000000,0.000000,0.000000,0.000000,-306.510000,0.280000,0.070000,0.000000,48.000000,26.680000
1779334530.444677,0,0.000000,0.000000,0.000000,0.000000,-306.510000,0.280000,0.070000,0.000000,48.000000,26.680000
1779334530.458177,0,0.000000,0.000000,0.000000,0.000000,-306.510000,0.280000,0.070000,0.000000,48.000000,26.700000
1779334530.480651,0,0.000000,0.000000,0.000000,0.000000,-306.510000,0.280000,0.070000,0.000000,48.000000,26.700000
1779334530.490651,0,0.000000,0.000000,0.000000,0.000000,-77.870000,0.280000,0.090000,0.000000,48.000000,26.710000
1779334530.491152,0,0.000000,0.000000,0.000000,0.000000,-77.870000,0.280000,0.090000,0.000000,48.000000,26.720000
1779334530.496651,0,0.000000,0.000000,0.000000,0.000000,-77.870000,0.280000,0.090000,0.000000,48.000000,26.730000
1779334530.534667,0,0.000000,0.000000,0.000000,0.000000,-77.870000,0.280000,0.090000,0.000000,48.000000,26.730000
1779334530.535167,0,0.000000,0.000000,0.000000,0.000000,125.000000,0.280000,0.090000,0.000000,48.000000,26.760000
1779334530.535666,0,0.000000,0.000000,0.000000,0.000000,125.000000,0.280000,0.090000,0.000000,48.000000,26.770000
1779334530.546166,0,0.000000,0.000000,0.000000,0.000000,125.000000,0.280000,0.090000,0.000000,48.000000,26.780000
1779334530.549665,0,0.000000,0.000000,0.000000,0.000000,125.000000,0.280000,0.090000,0.000000,48.000000,26.790000
1779334530.580692,0,0.000000,0.000000,0.000000,0.000000,125.000000,0.280000,0.090000,0.000000,48.000000,26.790000
1779334530.581192,0,0.000000,0.000000,0.000000,0.000000,247.050000,0.280000,0.070000,0.000000,48.000000,26.800000
1779334530.594021,0,0.000000,0.000000,0.000000,0.000000,247.050000,0.280000,0.070000,0.000000,48.000000,26.810000
1779334530.595522,0,0.000000,0.000000,0.000000,0.000000,247.050000,0.280000,0.070000,0.000000,48.000000,26.820000
1779334530.601622,0,0.000000,0.000000,0.000000,0.000000,247.050000,0.280000,0.070000,0.000000,48.000000,26.840000
1779334530.633206,0,0.000000,0.000000,0.000000,0.000000,247.050000,0.280000,0.070000,0.000000,48.000000,26.850000
1779334530.633706,0,0.000000,0.000000,0.000000,0.000000,214.050000,0.250000,0.070000,0.000000,48.000000,26.860000
1779334530.646740,0,0.000000,0.000000,0.000000,0.000000,214.050000,0.250000,0.070000,0.000000,48.000000,26.870000
1779334530.653739,0,0.000000,0.000000,0.000000,0.000000,214.050000,0.250000,0.070000,0.000000,48.000000,26.870000
1779334530.654740,0,0.000000,0.000000,0.000000,0.000000,214.050000,0.250000,0.070000,0.000000,48.000000,26.880000
1779334530.690754,0,0.000000,0.000000,0.000000,0.000000,-74.090000,0.230000,0.010000,0.000000,48.000000,26.920000
1779334530.691254,0,0.000000,0.000000,0.000000,0.000000,-74.090000,0.230000,0.010000,0.000000,48.000000,26.930000
1779334530.707284,0,0.000000,0.000000,0.000000,0.000000,-74.090000,0.230000,0.010000,0.000000,48.000000,26.940000
1779334530.738071,0,0.000000,0.000000,0.000000,0.000000,-74.090000,0.230000,0.010000,0.000000,48.000000,26.950000
1779334530.759477,0,0.000000,0.000000,0.000000,0.000000,-74.090000,0.230000,0.010000,0.000000,48.000000,26.950000
1779334530.760060,0,0.000000,0.000000,0.000000,0.000000,300.510000,0.200000,0.000000,0.000000,48.000000,26.960000
1779334530.760478,0,0.000000,0.000000,0.000000,0.000000,300.510000,0.200000,0.000000,0.000000,48.000000,26.970000
1779334530.760977,0,0.000000,0.000000,0.000000,0.000000,300.510000,0.200000,0.000000,0.000000,48.000000,26.980000
1779334530.766791,0,0.000000,0.000000,0.000000,0.000000,300.510000,0.200000,0.000000,0.000000,48.000000,27.000000
1779334530.781791,0,0.000000,0.000000,0.000000,0.000000,300.510000,0.200000,0.000000,0.000000,48.000000,27.010000
1779334530.791292,0,0.000000,0.000000,0.000000,0.000000,82.660000,0.150000,-0.070000,0.000000,48.000000,27.020000
1779334530.792292,0,0.000000,0.000000,0.000000,0.000000,82.660000,0.150000,-0.070000,0.000000,48.000000,27.030000
1779334530.796792,0,0.000000,0.000000,0.000000,0.000000,82.660000,0.150000,-0.070000,0.000000,48.000000,27.040000
1779334530.834479,0,0.000000,0.000000,0.000000,0.000000,82.660000,0.150000,-0.070000,0.000000,48.000000,27.040000
1779334530.835978,0,0.000000,0.000000,0.000000,0.000000,82.660000,0.150000,-0.070000,0.000000,48.000000,27.050000
1779334530.843477,0,0.000000,0.000000,0.000000,0.000000,-132.410000,0.120000,-0.120000,0.000000,48.000000,27.060000
1779334530.853056,0,0.000000,0.000000,0.000000,0.000000,-132.410000,0.120000,-0.120000,0.000000,48.000000,27.070000
1779334530.853976,0,0.000000,0.000000,0.000000,0.000000,-132.410000,0.120000,-0.120000,0.000000,48.000000,27.090000
1779334530.864695,0,0.000000,0.000000,0.000000,0.000000,-132.410000,0.120000,-0.120000,0.000000,48.000000,27.100000
1779334530.886057,0,0.000000,0.000000,0.000000,0.000000,-132.410000,0.120000,-0.120000,0.000000,48.000000,27.110000
1779334530.896057,0,0.000000,0.000000,0.000000,0.000000,-306.880000,0.100000,-0.180000,0.000000,48.000000,27.120000
1779334530.896057,0,0.000000,0.000000,0.000000,0.000000,-306.880000,0.100000,-0.180000,0.000000,48.000000,27.130000
1779334530.902190,0,0.000000,0.000000,0.000000,0.000000,-306.880000,0.100000,-0.180000,0.000000,48.000000,27.140000
1779334530.909190,0,0.000000,0.000000,0.000000,0.000000,-306.880000,0.100000,-0.180000,0.000000,48.000000,27.140000
1779334530.953783,0,0.000000,0.000000,0.000000,0.000000,-306.880000,0.100000,-0.180000,0.000000,48.000000,27.150000
1779334530.963283,0,0.000000,0.000000,0.000000,0.000000,99.980000,0.090000,-0.200000,0.000000,48.000000,27.180000
1779334530.963783,0,0.000000,0.000000,0.000000,0.000000,99.980000,0.090000,-0.200000,0.000000,48.000000,27.190000
1779334530.964783,0,0.000000,0.000000,0.000000,0.000000,99.980000,0.090000,-0.200000,0.000000,48.000000,27.200000
1779334530.977290,0,0.000000,0.000000,0.000000,0.000000,99.980000,0.090000,-0.200000,0.000000,48.000000,27.200000
1779334530.985152,0,0.000000,0.000000,0.000000,0.000000,99.980000,0.090000,-0.200000,0.000000,48.000000,27.210000
1779334530.985651,0,0.000000,0.000000,0.000000,0.000000,-157.100000,0.070000,-0.230000,0.000000,48.000000,27.220000
1779334530.999651,0,0.000000,0.000000,0.000000,0.000000,-157.100000,0.070000,-0.230000,0.000000,48.000000,27.230000
1779334531.013666,0,0.000000,0.000000,0.000000,0.000000,-157.100000,0.070000,-0.230000,0.000000,48.000000,27.250000
1779334531.014665,0,0.000000,0.000000,0.000000,0.000000,-157.100000,0.070000,-0.230000,0.000000,48.000000,27.260000
1779334531.044362,0,0.000000,0.000000,0.000000,0.000000,-157.100000,0.070000,-0.230000,0.000000,48.000000,27.270000
1779334531.062862,0,0.000000,0.000000,0.000000,0.000000,-157.100000,0.070000,-0.230000,0.000000,48.000000,27.280000
1779334531.063362,0,0.000000,0.000000,0.000000,0.000000,287.050000,0.110000,-0.140000,0.000000,48.000000,27.290000
1779334531.063362,0,0.000000,0.000000,0.000000,0.000000,287.050000,0.110000,-0.140000,0.000000,48.000000,27.290000
1779334531.078862,0,0.000000,0.000000,0.000000,0.000000,287.050000,0.110000,-0.140000,0.000000,48.000000,27.300000
1779334531.089871,0,0.000000,0.000000,0.000000,0.000000,287.050000,0.110000,-0.140000,0.000000,48.000000,27.310000
1779334531.103375,0,0.000000,0.000000,0.000000,0.000000,287.050000,0.110000,-0.140000,0.000000,48.000000,27.320000
1779334531.111877,0,0.000000,0.000000,0.000000,0.000000,287.050000,0.110000,-0.140000,0.000000,48.000000,27.350000
1779334531.119388,0,0.000000,0.000000,0.000000,0.000000,287.050000,0.110000,-0.140000,0.000000,48.000000,27.360000
1779334531.127376,0,0.000000,0.000000,0.000000,0.000000,287.050000,0.110000,-0.140000,0.000000,48.000000,27.370000
1779334531.150375,0,0.000000,0.000000,0.000000,0.000000,199.830000,0.100000,-0.200000,0.000000,49.000000,27.370000
1779334531.150875,0,0.000000,0.000000,0.000000,0.000000,199.830000,0.100000,-0.200000,0.000000,49.000000,27.380000
1779334531.156875,0,0.000000,0.000000,0.000000,0.000000,199.830000,0.100000,-0.200000,0.000000,49.000000,27.390000
1779334531.186376,0,0.000000,0.000000,0.000000,0.000000,199.830000,0.100000,-0.200000,0.000000,49.000000,27.400000
1779334531.194375,0,0.000000,0.000000,0.000000,0.000000,199.830000,0.100000,-0.200000,0.000000,49.000000,27.420000
1779334531.206877,0,0.000000,0.000000,0.000000,0.000000,199.830000,0.100000,-0.200000,0.000000,49.000000,27.430000
1779334531.211875,0,0.000000,0.000000,0.000000,0.000000,237.630000,0.100000,-0.250000,0.000000,48.000000,27.450000
1779334531.220875,0,0.000000,0.000000,0.000000,0.000000,237.630000,0.100000,-0.250000,0.000000,48.000000,27.450000
1779334531.224375,0,0.000000,0.000000,0.000000,0.000000,237.630000,0.100000,-0.250000,0.000000,48.000000,27.460000
1779334531.239876,0,0.000000,0.000000,0.000000,0.000000,237.630000,0.100000,-0.250000,0.000000,48.000000,27.470000
1779334531.256876,0,0.000000,0.000000,0.000000,0.000000,282.140000,0.100000,-0.280000,0.000000,48.000000,27.480000
1779334531.258376,0,0.000000,0.000000,0.000000,0.000000,282.140000,0.100000,-0.280000,0.000000,48.000000,27.500000
1779334531.262375,0,0.000000,0.000000,0.000000,0.000000,282.140000,0.100000,-0.280000,0.000000,48.000000,27.510000
1779334531.277376,0,0.000000,0.000000,0.000000,0.000000,282.140000,0.100000,-0.280000,0.000000,48.000000,27.520000
1779334531.284375,0,0.000000,0.000000,0.000000,0.000000,282.140000,0.100000,-0.280000,0.000000,48.000000,27.530000
1779334531.300376,0,0.000000,0.000000,0.000000,0.000000,270.830000,0.090000,-0.300000,0.000000,48.000000,27.540000
1779334531.307375,0,0.000000,0.000000,0.000000,0.000000,270.830000,0.090000,-0.300000,0.000000,48.000000,27.540000
1779334531.321875,0,0.000000,0.000000,0.000000,0.000000,270.830000,0.090000,-0.300000,0.000000,48.000000,27.550000
1779334531.329376,0,0.000000,0.000000,0.000000,0.000000,270.830000,0.090000,-0.300000,0.000000,48.000000,27.560000
1779334531.336875,0,0.000000,0.000000,0.000000,0.000000,270.830000,0.090000,-0.300000,0.000000,48.000000,27.570000
1779334531.365876,0,0.000000,0.000000,0.000000,0.000000,270.830000,0.090000,-0.300000,0.000000,48.000000,27.590000
1779334531.366376,0,0.000000,0.000000,0.000000,0.000000,-287.220000,0.070000,-0.300000,0.000000,48.000000,27.600000
1779334531.380875,0,0.000000,0.000000,0.000000,0.000000,-287.220000,0.070000,-0.300000,0.000000,48.000000,27.610000
1779334531.382875,0,0.000000,0.000000,0.000000,0.000000,-287.220000,0.070000,-0.300000,0.000000,48.000000,27.620000
1779334531.396876,0,0.000000,0.000000,0.000000,0.000000,-287.220000,0.070000,-0.300000,0.000000,48.000000,27.620000
1779334531.417876,0,0.000000,0.000000,0.000000,0.000000,-178.130000,0.070000,-0.300000,0.000000,48.000000,27.630000
1779334531.425875,0,0.000000,0.000000,0.000000,0.000000,-178.130000,0.070000,-0.300000,0.000000,48.000000,27.640000
1779334531.426875,0,0.000000,0.000000,0.000000,0.000000,-178.130000,0.070000,-0.300000,0.000000,48.000000,27.650000
1779334531.427875,0,0.000000,0.000000,0.000000,0.000000,-178.130000,0.070000,-0.300000,0.000000,48.000000,27.670000
1779334531.455875,0,0.000000,0.000000,0.000000,0.000000,-72.220000,0.070000,-0.300000,0.000000,48.000000,27.690000
1779334531.465376,0,0.000000,0.000000,0.000000,0.000000,-72.220000,0.070000,-0.300000,0.000000,48.000000,27.700000
1779334531.472376,0,0.000000,0.000000,0.000000,0.000000,-72.220000,0.070000,-0.300000,0.000000,48.000000,27.700000
1779334531.487376,0,0.000000,0.000000,0.000000,0.000000,-72.220000,0.070000,-0.300000,0.000000,48.000000,27.720000
1779334531.501876,0,0.000000,0.000000,0.000000,0.000000,-72.220000,0.070000,-0.300000,0.000000,48.000000,27.720000
1779334531.520376,0,0.000000,0.000000,0.000000,0.000000,10.270000,0.050000,-0.300000,0.000000,48.000000,27.760000
1779334531.531876,0,0.000000,0.000000,0.000000,0.000000,10.270000,0.050000,-0.300000,0.000000,48.000000,27.770000
1779334531.539376,0,0.000000,0.000000,0.000000,0.000000,10.270000,0.050000,-0.300000,0.000000,48.000000,27.780000
1779334531.562376,0,0.000000,0.000000,0.000000,0.000000,-9.940000,0.100000,-0.170000,0.000000,48.000000,27.790000
1779334531.569376,0,0.000000,0.000000,0.000000,0.000000,-9.940000,0.100000,-0.170000,0.000000,48.000000,27.800000
1779334531.584875,0,0.000000,0.000000,0.000000,0.000000,-9.940000,0.100000,-0.170000,0.000000,48.000000,27.810000
1779334531.599375,0,0.000000,0.000000,0.000000,0.000000,-9.940000,0.100000,-0.170000,0.000000,48.000000,27.820000
1779334531.615875,0,0.000000,0.000000,0.000000,0.000000,-9.940000,0.100000,-0.170000,0.000000,48.000000,27.840000
1779334531.623877,0,0.000000,0.000000,0.000000,0.000000,-9.940000,0.100000,-0.170000,0.000000,48.000000,27.850000
1779334531.624877,0,0.000000,0.000000,0.000000,0.000000,-9.940000,0.100000,-0.170000,0.000000,48.000000,27.860000
1779334531.636876,0,0.000000,0.000000,0.000000,0.000000,-9.940000,0.100000,-0.170000,0.000000,48.000000,27.870000
1779334531.658875,0,0.000000,0.000000,0.000000,0.000000,-9.940000,0.100000,-0.170000,0.000000,48.000000,27.870000
1779334531.666876,0,0.000000,0.000000,0.000000,0.000000,-9.940000,0.100000,-0.170000,0.000000,48.000000,27.880000
1779334531.675376,0,0.000000,0.000000,0.000000,0.000000,-264.600000,0.090000,-0.200000,0.000000,49.000000,27.900000
1779334531.676377,0,0.000000,0.000000,0.000000,0.000000,-264.600000,0.090000,-0.200000,0.000000,49.000000,27.920000
1779334531.696875,0,0.000000,0.000000,0.000000,0.000000,-264.600000,0.090000,-0.200000,0.000000,49.000000,27.930000
1779334531.718875,0,0.000000,0.000000,0.000000,0.000000,-264.600000,0.090000,-0.200000,0.000000,49.000000,27.940000
1779334531.726875,0,0.000000,0.000000,0.000000,0.000000,-264.600000,0.090000,-0.200000,0.000000,49.000000,27.950000
1779334531.733875,0,0.000000,0.000000,0.000000,0.000000,127.580000,0.070000,-0.230000,0.000000,48.000000,27.950000
1779334531.734876,0,0.000000,0.000000,0.000000,0.000000,127.580000,0.070000,-0.230000,0.000000,48.000000,27.960000
1779334531.756375,0,0.000000,0.000000,0.000000,0.000000,127.580000,0.070000,-0.230000,0.000000,48.000000,27.970000
1779334531.763376,0,0.000000,0.000000,0.000000,0.000000,127.580000,0.070000,-0.230000,0.000000,48.000000,27.980000
1779334531.777375,0,0.000000,0.000000,0.000000,0.000000,33.520000,0.070000,-0.250000,0.000000,48.000000,28.010000
1779334531.783875,0,0.000000,0.000000,0.000000,0.000000,33.520000,0.070000,-0.250000,0.000000,48.000000,28.020000
1779334531.786876,0,0.000000,0.000000,0.000000,0.000000,33.520000,0.070000,-0.250000,0.000000,48.000000,28.030000
1779334531.808875,0,0.000000,0.000000,0.000000,0.000000,33.520000,0.070000,-0.250000,0.000000,48.000000,28.040000
1779334531.825876,0,0.000000,0.000000,0.000000,0.000000,33.520000,0.070000,-0.250000,0.000000,48.000000,28.040000
1779334531.826876,0,0.000000,0.000000,0.000000,0.000000,59.180000,0.070000,-0.280000,0.000000,48.000000,28.050000
1779334531.827876,0,0.000000,0.000000,0.000000,0.000000,59.180000,0.070000,-0.280000,0.000000,48.000000,28.060000
1779334531.854387,0,0.000000,0.000000,0.000000,0.000000,59.180000,0.070000,-0.280000,0.000000,48.000000,28.070000
1779334531.869480,0,0.000000,0.000000,0.000000,0.000000,59.180000,0.070000,-0.280000,0.000000,48.000000,28.090000
1779334531.882982,0,0.000000,0.000000,0.000000,0.000000,59.180000,0.070000,-0.280000,0.000000,48.000000,28.100000
1779334531.893482,0,0.000000,0.000000,0.000000,0.000000,117.510000,0.050000,-0.280000,0.000000,48.000000,28.110000
1779334531.893982,0,0.000000,0.000000,0.000000,0.000000,117.510000,0.050000,-0.280000,0.000000,48.000000,28.120000
1779334531.899675,0,0.000000,0.000000,0.000000,0.000000,117.510000,0.050000,-0.280000,0.000000,48.000000,28.120000
1779334531.913675,0,0.000000,0.000000,0.000000,0.000000,117.510000,0.050000,-0.280000,0.000000,48.000000,28.130000
1779334531.921175,0,0.000000,0.000000,0.000000,0.000000,117.510000,0.050000,-0.280000,0.000000,48.000000,28.140000
1779334531.931175,0,0.000000,0.000000,0.000000,0.000000,203.360000,0.050000,-0.300000,0.000000,48.000000,28.170000
1779334531.951615,0,0.000000,0.000000,0.000000,0.000000,203.360000,0.050000,-0.300000,0.000000,48.000000,28.180000
1779334531.958725,0,0.000000,0.000000,0.000000,0.000000,203.360000,0.050000,-0.300000,0.000000,48.000000,28.190000
1779334531.959726,0,0.000000,0.000000,0.000000,0.000000,203.360000,0.050000,-0.300000,0.000000,48.000000,28.200000
1779334531.974175,0,0.000000,0.000000,0.000000,0.000000,203.360000,0.050000,-0.300000,0.000000,48.000000,28.200000
1779334531.983175,0,0.000000,0.000000,0.000000,0.000000,285.790000,0.050000,-0.310000,0.000000,48.000000,28.210000
1779334531.989177,0,0.000000,0.000000,0.000000,0.000000,285.790000,0.050000,-0.310000,0.000000,48.000000,28.220000
1779334531.997191,0,0.000000,0.000000,0.000000,0.000000,285.790000,0.050000,-0.310000,0.000000,48.000000,28.230000
1779334532.012192,0,0.000000,0.000000,0.000000,0.000000,285.790000,0.050000,-0.310000,0.000000,48.000000,28.250000
1779334532.033118,0,0.000000,0.000000,0.000000,0.000000,285.790000,0.050000,-0.310000,0.000000,48.000000,28.260000
1779334532.043083,0,0.000000,0.000000,0.000000,0.000000,313.790000,0.050000,-0.310000,0.000000,48.000000,28.270000
1779334532.056492,0,0.000000,0.000000,0.000000,0.000000,313.790000,0.050000,-0.310000,0.000000,48.000000,28.280000
1779334532.057491,0,0.000000,0.000000,0.000000,0.000000,313.790000,0.050000,-0.310000,0.000000,48.000000,28.290000
1779334532.064491,0,0.000000,0.000000,0.000000,0.000000,313.790000,0.050000,-0.310000,0.000000,48.000000,28.290000
1779334532.108489,0,0.000000,0.000000,0.000000,0.000000,313.790000,0.050000,-0.310000,0.000000,48.000000,28.300000
1779334532.119517,0,0.000000,0.000000,0.000000,0.000000,313.790000,0.050000,-0.310000,0.000000,48.000000,28.320000
1779334532.120017,0,0.000000,0.000000,0.000000,0.000000,313.790000,0.050000,-0.310000,0.000000,48.000000,28.340000
1779334532.121017,0,0.000000,0.000000,0.000000,0.000000,313.790000,0.050000,-0.310000,0.000000,48.000000,28.350000
1779334532.131517,0,0.000000,0.000000,0.000000,0.000000,313.790000,0.050000,-0.310000,0.000000,48.000000,28.360000
1779334532.141018,0,0.000000,0.000000,0.000000,0.000000,305.410000,0.050000,-0.310000,0.000000,51.000000,28.370000
1779334532.142017,0,0.000000,0.000000,0.000000,0.000000,305.410000,0.050000,-0.310000,0.000000,51.000000,28.370000
1779334532.169517,0,0.000000,0.000000,0.000000,0.000000,305.410000,0.050000,-0.310000,0.000000,51.000000,28.380000
1779334532.176518,0,0.000000,0.000000,0.000000,0.000000,305.410000,0.050000,-0.310000,0.000000,51.000000,28.390000
1779334532.177517,0,0.000000,0.000000,0.000000,0.000000,305.410000,0.050000,-0.310000,0.000000,51.000000,28.400000
1779334532.194017,0,0.000000,0.000000,0.000000,0.000000,284.550000,0.050000,-0.330000,0.000000,48.000000,28.430000
1779334532.194518,0,0.000000,0.000000,0.000000,0.000000,284.550000,0.050000,-0.330000,0.000000,48.000000,28.440000
1779334532.199517,0,0.000000,0.000000,0.000000,0.000000,284.550000,0.050000,-0.330000,0.000000,48.000000,28.450000
1779334532.221517,0,0.000000,0.000000,0.000000,0.000000,284.550000,0.050000,-0.330000,0.000000,48.000000,28.450000
1779334532.222517,0,0.000000,0.000000,0.000000,0.000000,284.550000,0.050000,-0.330000,0.000000,48.000000,28.460000
1779334532.244017,0,0.000000,0.000000,0.000000,0.000000,245.800000,0.050000,-0.330000,0.000000,48.000000,28.470000
1779334532.252017,0,0.000000,0.000000,0.000000,0.000000,245.800000,0.050000,-0.330000,0.000000,48.000000,28.480000
1779334532.259517,0,0.000000,0.000000,0.000000,0.000000,245.800000,0.050000,-0.330000,0.000000,48.000000,28.480000
1779334532.267017,0,0.000000,0.000000,0.000000,0.000000,245.800000,0.050000,-0.330000,0.000000,48.000000,28.500000
1779334532.289016,0,0.000000,0.000000,0.000000,0.000000,245.800000,0.050000,-0.330000,0.000000,48.000000,28.510000
1779334532.298017,0,0.000000,0.000000,0.000000,0.000000,215.020000,0.050000,-0.330000,0.000000,48.000000,28.530000
1779334532.304017,0,0.000000,0.000000,0.000000,0.000000,215.020000,0.050000,-0.330000,0.000000,48.000000,28.540000
1779334532.305518,0,0.000000,0.000000,0.000000,0.000000,215.020000,0.050000,-0.330000,0.000000,48.000000,28.540000
1779334532.319517,0,0.000000,0.000000,0.000000,0.000000,215.020000,0.050000,-0.330000,0.000000,48.000000,28.550000
1779334532.342017,0,0.000000,0.000000,0.000000,0.000000,215.020000,0.050000,-0.330000,0.000000,48.000000,28.560000
1779334532.350017,0,0.000000,0.000000,0.000000,0.000000,169.100000,0.050000,-0.330000,0.000000,48.000000,28.570000
1779334532.359517,0,0.000000,0.000000,0.000000,0.000000,169.100000,0.050000,-0.330000,0.000000,48.000000,28.590000
1779334532.360517,0,0.000000,0.000000,0.000000,0.000000,169.100000,0.050000,-0.330000,0.000000,48.000000,28.600000
1779334532.379517,0,0.000000,0.000000,0.000000,0.000000,169.100000,0.050000,-0.330000,0.000000,48.000000,28.610000
1779334532.395517,0,0.000000,0.000000,0.000000,0.000000,169.100000,0.050000,-0.330000,0.000000,48.000000,28.620000
1779334532.396517,0,0.000000,0.000000,0.000000,0.000000,121.760000,0.050000,-0.330000,0.000000,48.000000,28.620000
1779334532.402017,0,0.000000,0.000000,0.000000,0.000000,121.760000,0.050000,-0.330000,0.000000,48.000000,28.630000
1779334532.409517,0,0.000000,0.000000,0.000000,0.000000,121.760000,0.050000,-0.330000,0.000000,48.000000,28.640000
1779334532.425017,0,0.000000,0.000000,0.000000,0.000000,121.760000,0.050000,-0.330000,0.000000,48.000000,28.650000
1779334532.439018,0,0.000000,0.000000,0.000000,0.000000,121.760000,0.050000,-0.330000,0.000000,48.000000,28.670000
1779334532.449017,0,0.000000,0.000000,0.000000,0.000000,66.130000,0.050000,-0.330000,0.000000,48.000000,28.680000
1779334532.454516,0,0.000000,0.000000,0.000000,0.000000,66.130000,0.050000,-0.330000,0.000000,48.000000,28.690000
1779334532.469517,0,0.000000,0.000000,0.000000,0.000000,66.130000,0.050000,-0.330000,0.000000,48.000000,28.700000
1779334532.484017,0,0.000000,0.000000,0.000000,0.000000,66.130000,0.050000,-0.330000,0.000000,48.000000,28.700000
1779334532.500017,0,0.000000,0.000000,0.000000,0.000000,66.130000,0.050000,-0.330000,0.000000,48.000000,28.710000
1779334532.501017,0,0.000000,0.000000,0.000000,0.000000,13.180000,0.050000,-0.330000,0.000000,48.000000,28.730000
1779334532.507018,0,0.000000,0.000000,0.000000,0.000000,13.180000,0.050000,-0.330000,0.000000,48.000000,28.750000
1779334532.536517,0,0.000000,0.000000,0.000000,0.000000,13.180000,0.050000,-0.330000,0.000000,48.000000,28.760000
1779334532.537517,0,0.000000,0.000000,0.000000,0.000000,13.180000,0.050000,-0.330000,0.000000,48.000000,28.770000
1779334532.552517,0,0.000000,0.000000,0.000000,0.000000,13.180000,0.050000,-0.330000,0.000000,48.000000,28.780000
1779334532.553017,0,0.000000,0.000000,0.000000,0.000000,-41.180000,0.050000,-0.330000,0.000000,48.000000,28.790000
1779334532.562017,0,0.000000,0.000000,0.000000,0.000000,-41.180000,0.050000,-0.330000,0.000000,48.000000,28.790000
1779334532.574517,0,0.000000,0.000000,0.000000,0.000000,-41.180000,0.050000,-0.330000,0.000000,48.000000,28.800000
1779334532.582016,0,0.000000,0.000000,0.000000,0.000000,-41.180000,0.050000,-0.330000,0.000000,48.000000,28.810000
1779334532.597518,0,0.000000,0.000000,0.000000,0.000000,-41.180000,0.050000,-0.330000,0.000000,48.000000,28.820000
1779334532.604517,0,0.000000,0.000000,0.000000,0.000000,-91.930000,0.050000,-0.330000,0.000000,48.000000,28.840000
1779334532.613517,0,0.000000,0.000000,0.000000,0.000000,-91.930000,0.050000,-0.330000,0.000000,48.000000,28.850000
1779334532.626517,0,0.000000,0.000000,0.000000,0.000000,-91.930000,0.050000,-0.330000,0.000000,48.000000,28.860000
1779334532.634519,0,0.000000,0.000000,0.000000,0.000000,-91.930000,0.050000,-0.330000,0.000000,48.000000,28.870000
1779334532.656517,0,0.000000,0.000000,0.000000,0.000000,-91.930000,0.050000,-0.330000,0.000000,48.000000,28.870000
1779334532.658016,0,0.000000,0.000000,0.000000,0.000000,-127.360000,0.050000,-0.330000,0.000000,48.000000,28.880000
1779334532.672017,0,0.000000,0.000000,0.000000,0.000000,-127.360000,0.050000,-0.330000,0.000000,48.000000,28.890000
1779334532.679517,0,0.000000,0.000000,0.000000,0.000000,-127.360000,0.050000,-0.330000,0.000000,48.000000,28.900000
1779334532.687017,0,0.000000,0.000000,0.000000,0.000000,-127.360000,0.050000,-0.330000,0.000000,48.000000,28.920000
1779334532.719017,0,0.000000,0.000000,0.000000,0.000000,-145.490000,0.050000,-0.330000,0.000000,48.000000,28.950000
1779334532.719517,0,0.000000,0.000000,0.000000,0.000000,-145.490000,0.050000,-0.330000,0.000000,48.000000,28.950000
1779334532.731953,0,0.000000,0.000000,0.000000,0.000000,-145.490000,0.050000,-0.330000,0.000000,48.000000,28.960000
1779334532.753458,0,0.000000,0.000000,0.000000,0.000000,-165.330000,0.050000,-0.330000,0.000000,48.000000,28.980000
1779334532.769547,0,0.000000,0.000000,0.000000,0.000000,-165.330000,0.050000,-0.330000,0.000000,48.000000,29.010000
1779334532.784056,0,0.000000,0.000000,0.000000,0.000000,-165.330000,0.050000,-0.330000,0.000000,48.000000,29.020000
1779334532.792065,0,0.000000,0.000000,0.000000,0.000000,-165.330000,0.050000,-0.330000,0.000000,48.000000,29.020000
1779334532.813570,0,0.000000,0.000000,0.000000,0.000000,-165.330000,0.050000,-0.330000,0.000000,48.000000,29.030000
1779334532.823074,0,0.000000,0.000000,0.000000,0.000000,-177.520000,0.050000,-0.310000,0.000000,48.000000,29.040000
1779334532.824074,0,0.000000,0.000000,0.000000,0.000000,-177.520000,0.050000,-0.310000,0.000000,48.000000,29.050000
1779334532.837580,0,0.000000,0.000000,0.000000,0.000000,-177.520000,0.050000,-0.310000,0.000000,48.000000,29.060000
1779334532.844588,0,0.000000,0.000000,0.000000,0.000000,-177.520000,0.050000,-0.310000,0.000000,48.000000,29.070000
1779334532.865594,0,0.000000,0.000000,0.000000,0.000000,-177.520000,0.050000,-0.310000,0.000000,48.000000,29.090000
1779334532.875093,0,0.000000,0.000000,0.000000,0.000000,-195.940000,0.050000,-0.310000,0.000000,48.000000,29.110000
1779334532.875594,0,0.000000,0.000000,0.000000,0.000000,-195.940000,0.050000,-0.310000,0.000000,48.000000,29.120000
1779334532.889603,0,0.000000,0.000000,0.000000,0.000000,-195.940000,0.050000,-0.310000,0.000000,48.000000,29.120000
1779334532.912608,0,0.000000,0.000000,0.000000,0.000000,-195.940000,0.050000,-0.310000,0.000000,48.000000,29.130000
1779334532.913108,0,0.000000,0.000000,0.000000,0.000000,-204.070000,0.050000,-0.310000,0.000000,48.000000,29.140000
1779334532.919113,0,0.000000,0.000000,0.000000,0.000000,-204.070000,0.050000,-0.310000,0.000000,48.000000,29.150000
1779334532.934566,0,0.000000,0.000000,0.000000,0.000000,-204.070000,0.050000,-0.310000,0.000000,48.000000,29.170000
1779334532.949337,0,0.000000,0.000000,0.000000,0.000000,-204.070000,0.050000,-0.310000,0.000000,48.000000,29.180000
1779334532.963336,0,0.000000,0.000000,0.000000,0.000000,-204.070000,0.050000,-0.310000,0.000000,48.000000,29.190000
1779334532.972336,0,0.000000,0.000000,0.000000,0.000000,-204.070000,0.050000,-0.310000,0.000000,48.000000,29.200000
1779334532.995174,0,0.000000,0.000000,0.000000,0.000000,-214.250000,0.050000,-0.310000,0.000000,48.000000,29.210000
1779334532.995675,0,0.000000,0.000000,0.000000,0.000000,-214.250000,0.050000,-0.310000,0.000000,48.000000,29.220000
1779334533.024927,0,0.000000,0.000000,0.000000,0.000000,-214.250000,0.050000,-0.310000,0.000000,48.000000,29.230000
1779334533.025426,0,0.000000,0.000000,0.000000,0.000000,-225.070000,0.050000,-0.310000,0.000000,48.000000,29.260000
1779334533.035427,0,0.000000,0.000000,0.000000,0.000000,-225.070000,0.050000,-0.310000,0.000000,48.000000,29.270000
1779334533.039927,0,0.000000,0.000000,0.000000,0.000000,-225.070000,0.050000,-0.310000,0.000000,48.000000,29.280000
1779334533.040926,0,0.000000,0.000000,0.000000,0.000000,-225.070000,0.050000,-0.310000,0.000000,48.000000,29.290000
1779334533.061426,0,0.000000,0.000000,0.000000,0.000000,-225.070000,0.050000,-0.310000,0.000000,48.000000,29.290000
1779334533.069926,0,0.000000,0.000000,0.000000,0.000000,-232.110000,0.050000,-0.310000,0.000000,48.000000,29.300000
1779334533.070927,0,0.000000,0.000000,0.000000,0.000000,-232.110000,0.050000,-0.310000,0.000000,48.000000,29.310000
1779334533.092427,0,0.000000,0.000000,0.000000,0.000000,-232.110000,0.050000,-0.310000,0.000000,48.000000,29.320000
1779334533.121927,0,0.000000,0.000000,0.000000,0.000000,-232.110000,0.050000,-0.310000,0.000000,48.000000,29.340000
1779334533.130926,0,0.000000,0.000000,0.000000,0.000000,-232.110000,0.050000,-0.310000,0.000000,48.000000,29.350000
1779334533.140927,0,0.000000,0.000000,0.000000,0.000000,-236.330000,0.050000,-0.310000,0.000000,48.000000,29.370000
1779334533.141427,0,0.000000,0.000000,0.000000,0.000000,-236.330000,0.050000,-0.310000,0.000000,48.000000,29.370000
1779334533.145426,0,0.000000,0.000000,0.000000,0.000000,-236.330000,0.050000,-0.310000,0.000000,48.000000,29.380000
1779334533.225426,0,0.000000,0.000000,0.000000,0.000000,-236.330000,0.050000,-0.310000,0.000000,48.000000,29.390000
1779334533.227426,0,0.000000,0.000000,0.000000,0.000000,-239.070000,0.050000,-0.310000,0.000000,48.000000,29.400000
1779334533.227926,0,0.000000,0.000000,0.000000,0.000000,-239.070000,0.050000,-0.310000,0.000000,48.000000,29.420000
1779334533.227926,0,0.000000,0.000000,0.000000,0.000000,-239.070000,0.050000,-0.310000,0.000000,48.000000,29.430000
1779334533.228427,0,0.000000,0.000000,0.000000,0.000000,-239.070000,0.050000,-0.310000,0.000000,48.000000,29.440000
1779334533.233926,0,0.000000,0.000000,0.000000,0.000000,-239.070000,0.050000,-0.310000,0.000000,48.000000,29.450000
1779334533.248926,0,0.000000,0.000000,0.000000,0.000000,-249.250000,0.050000,-0.310000,0.000000,48.000000,29.460000
1779334533.249926,0,0.000000,0.000000,0.000000,0.000000,-249.250000,0.050000,-0.310000,0.000000,48.000000,29.470000
1779334533.260927,0,0.000000,0.000000,0.000000,0.000000,-249.250000,0.050000,-0.310000,0.000000,48.000000,29.480000
1779334533.278927,0,0.000000,0.000000,0.000000,0.000000,-249.250000,0.050000,-0.310000,0.000000,48.000000,29.500000
1779334533.279926,0,0.000000,0.000000,0.000000,0.000000,-252.360000,0.050000,-0.330000,0.000000,48.000000,29.520000
1779334533.294425,0,0.000000,0.000000,0.000000,0.000000,-252.360000,0.050000,-0.330000,0.000000,48.000000,29.530000
1779334533.295426,0,0.000000,0.000000,0.000000,0.000000,-252.360000,0.050000,-0.330000,0.000000,48.000000,29.540000
1779334533.309926,0,0.000000,0.000000,0.000000,0.000000,-252.360000,0.050000,-0.330000,0.000000,48.000000,29.540000
1779334533.323926,0,0.000000,0.000000,0.000000,0.000000,-252.360000,0.050000,-0.330000,0.000000,48.000000,29.550000
1779334533.332426,0,0.000000,0.000000,0.000000,0.000000,-256.500000,0.050000,-0.330000,0.000000,48.000000,29.560000
1779334533.344426,0,0.000000,0.000000,0.000000,0.000000,-256.500000,0.050000,-0.330000,0.000000,48.000000,29.570000
1779334533.347426,0,0.000000,0.000000,0.000000,0.000000,-256.500000,0.050000,-0.330000,0.000000,48.000000,29.590000
1779334533.362428,0,0.000000,0.000000,0.000000,0.000000,-256.500000,0.050000,-0.330000,0.000000,48.000000,29.600000
1779334533.391425,0,0.000000,0.000000,0.000000,0.000000,-256.500000,0.050000,-0.330000,0.000000,48.000000,29.610000
1779334533.398926,0,0.000000,0.000000,0.000000,0.000000,-251.830000,0.050000,-0.330000,0.000000,48.000000,29.620000
1779334533.399926,0,0.000000,0.000000,0.000000,0.000000,-251.830000,0.050000,-0.330000,0.000000,48.000000,29.620000
1779334533.406927,0,0.000000,0.000000,0.000000,0.000000,-251.830000,0.050000,-0.330000,0.000000,48.000000,29.630000
1779334533.421926,0,0.000000,0.000000,0.000000,0.000000,-251.830000,0.050000,-0.330000,0.000000,48.000000,29.640000
1779334533.445426,0,0.000000,0.000000,0.000000,0.000000,-251.830000,0.050000,-0.330000,0.000000,48.000000,29.650000
1779334533.454481,0,0.000000,0.000000,0.000000,0.000000,-251.940000,0.050000,-0.330000,0.000000,48.000000,29.680000
1779334533.454926,0,0.000000,0.000000,0.000000,0.000000,-251.940000,0.050000,-0.330000,0.000000,48.000000,29.690000
1779334533.466427,0,0.000000,0.000000,0.000000,0.000000,-251.940000,0.050000,-0.330000,0.000000,48.000000,29.700000
1779334533.467927,0,0.000000,0.000000,0.000000,0.000000,-251.940000,0.050000,-0.330000,0.000000,48.000000,29.700000
1779334533.508428,0,0.000000,0.000000,0.000000,0.000000,-251.940000,0.050000,-0.330000,0.000000,48.000000,29.710000
1779334533.518926,0,0.000000,0.000000,0.000000,0.000000,-255.860000,0.050000,-0.310000,0.000000,48.000000,29.720000
1779334533.519427,0,0.000000,0.000000,0.000000,0.000000,-255.860000,0.050000,-0.310000,0.000000,48.000000,29.730000
1779334533.520427,0,0.000000,0.000000,0.000000,0.000000,-255.860000,0.050000,-0.310000,0.000000,48.000000,29.750000
1779334533.520927,0,0.000000,0.000000,0.000000,0.000000,-255.860000,0.050000,-0.310000,0.000000,48.000000,29.760000
1779334533.549927,0,0.000000,0.000000,0.000000,0.000000,-258.770000,0.050000,-0.310000,0.000000,48.000000,29.780000
1779334533.550926,0,0.000000,0.000000,0.000000,0.000000,-258.770000,0.050000,-0.310000,0.000000,48.000000,29.790000
1779334533.556927,0,0.000000,0.000000,0.000000,0.000000,-258.770000,0.050000,-0.310000,0.000000,48.000000,29.790000
1779334533.564426,0,0.000000,0.000000,0.000000,0.000000,-258.770000,0.050000,-0.310000,0.000000,48.000000,29.790000
1779334533.595426,0,0.000000,0.000000,0.000000,0.000000,-268.350000,0.050000,-0.330000,0.000000,48.000000,29.820000
1779334533.606426,0,0.000000,0.000000,0.000000,0.000000,-268.350000,0.050000,-0.330000,0.000000,48.000000,29.840000
1779334533.609478,0,0.000000,0.000000,0.000000,0.000000,-268.350000,0.050000,-0.330000,0.000000,48.000000,29.850000
1779334533.624425,0,0.000000,0.000000,0.000000,0.000000,-268.350000,0.050000,-0.330000,0.000000,48.000000,29.860000
1779334533.640926,0,0.000000,0.000000,0.000000,0.000000,-268.350000,0.050000,-0.330000,0.000000,48.000000,29.870000
1779334533.650426,0,0.000000,0.000000,0.000000,0.000000,-270.730000,0.050000,-0.310000,0.000000,48.000000,29.870000
1779334533.654426,0,0.000000,0.000000,0.000000,0.000000,-270.730000,0.050000,-0.310000,0.000000,48.000000,29.880000
1779334533.669925,0,0.000000,0.000000,0.000000,0.000000,-270.730000,0.050000,-0.310000,0.000000,48.000000,29.890000
1779334533.676926,0,0.000000,0.000000,0.000000,0.000000,-270.730000,0.050000,-0.310000,0.000000,48.000000,29.900000
1779334533.691426,0,0.000000,0.000000,0.000000,0.000000,-270.730000,0.050000,-0.310000,0.000000,48.000000,29.920000
1779334533.707426,0,0.000000,0.000000,0.000000,0.000000,-273.690000,0.050000,-0.310000,0.000000,48.000000,29.940000
1779334533.713926,0,0.000000,0.000000,0.000000,0.000000,-273.690000,0.050000,-0.310000,0.000000,48.000000,29.950000
1779334533.721925,0,0.000000,0.000000,0.000000,0.000000,-273.690000,0.050000,-0.310000,0.000000,48.000000,29.950000
1779334533.729427,0,0.000000,0.000000,0.000000,0.000000,-273.690000,0.050000,-0.310000,0.000000,48.000000,29.960000
1779334533.751425,0,0.000000,0.000000,0.000000,0.000000,-273.690000,0.050000,-0.310000,0.000000,48.000000,29.960000
1779334533.751925,0,0.000000,0.000000,0.000000,0.000000,-279.450000,0.050000,-0.310000,0.000000,48.000000,29.980000
1779334533.760925,0,0.000000,0.000000,0.000000,0.000000,-279.450000,0.050000,-0.310000,0.000000,48.000000,30.000000
1779334533.773926,0,0.000000,0.000000,0.000000,0.000000,-279.450000,0.050000,-0.310000,0.000000,48.000000,30.010000
1779334533.774926,0,0.000000,0.000000,0.000000,0.000000,-279.450000,0.050000,-0.310000,0.000000,48.000000,30.020000
1779334533.818427,0,0.000000,0.000000,0.000000,0.000000,-286.350000,0.050000,-0.310000,0.000000,48.000000,30.040000
1779334533.818926,0,0.000000,0.000000,0.000000,0.000000,-286.350000,0.050000,-0.310000,0.000000,48.000000,30.040000
1779334533.827926,0,0.000000,0.000000,0.000000,0.000000,-286.350000,0.050000,-0.310000,0.000000,48.000000,30.050000
1779334533.828927,0,0.000000,0.000000,0.000000,0.000000,-286.350000,0.050000,-0.310000,0.000000,48.000000,30.060000
1779334533.848926,0,0.000000,0.000000,0.000000,0.000000,-286.350000,0.050000,-0.310000,0.000000,48.000000,30.070000
1779334533.857926,0,0.000000,0.000000,0.000000,0.000000,-290.830000,0.050000,-0.310000,0.000000,48.000000,30.090000
1779334533.871926,0,0.000000,0.000000,0.000000,0.000000,-290.830000,0.050000,-0.310000,0.000000,48.000000,30.100000
1779334533.886926,0,0.000000,0.000000,0.000000,0.000000,-290.830000,0.050000,-0.310000,0.000000,48.000000,30.110000
1779334533.887927,0,0.000000,0.000000,0.000000,0.000000,-290.830000,0.050000,-0.310000,0.000000,48.000000,30.120000
1779334533.908927,0,0.000000,0.000000,0.000000,0.000000,-290.830000,0.050000,-0.310000,0.000000,48.000000,30.120000
1779334533.916926,0,0.000000,0.000000,0.000000,0.000000,-289.200000,0.050000,-0.310000,0.000000,48.000000,30.140000
1779334533.918427,0,0.000000,0.000000,0.000000,0.000000,-289.200000,0.050000,-0.310000,0.000000,48.000000,30.150000
1779334533.931426,0,0.000000,0.000000,0.000000,0.000000,-289.200000,0.050000,-0.310000,0.000000,48.000000,30.170000
1779334533.945926,0,0.000000,0.000000,0.000000,0.000000,-289.200000,0.050000,-0.310000,0.000000,48.000000,30.180000
1779334533.954927,0,0.000000,0.000000,0.000000,0.000000,-276.230000,0.050000,-0.310000,0.000000,48.000000,30.190000
1779334533.962427,0,0.000000,0.000000,0.000000,0.000000,-276.230000,0.050000,-0.310000,0.000000,48.000000,30.200000
1779334533.969426,0,0.000000,0.000000,0.000000,0.000000,-276.230000,0.050000,-0.310000,0.000000,48.000000,30.200000
1779334533.984426,0,0.000000,0.000000,0.000000,0.000000,-276.230000,0.050000,-0.310000,0.000000,48.000000,30.210000
1779334534.003427,0,0.000000,0.000000,0.000000,0.000000,-276.230000,0.050000,-0.310000,0.000000,48.000000,30.220000
1779334534.012427,0,0.000000,0.000000,0.000000,0.000000,-262.550000,0.050000,-0.310000,0.000000,48.000000,30.230000
1779334534.014426,0,0.000000,0.000000,0.000000,0.000000,-262.550000,0.050000,-0.310000,0.000000,48.000000,30.250000
1779334534.029426,0,0.000000,0.000000,0.000000,0.000000,-262.550000,0.050000,-0.310000,0.000000,48.000000,30.260000
1779334534.058999,0,0.000000,0.000000,0.000000,0.000000,-262.550000,0.050000,-0.310000,0.000000,48.000000,30.270000
1779334534.060426,0,0.000000,0.000000,0.000000,0.000000,-262.550000,0.050000,-0.310000,0.000000,48.000000,30.280000
1779334534.061426,0,0.000000,0.000000,0.000000,0.000000,-254.360000,0.050000,-0.310000,0.000000,48.000000,30.290000
1779334534.067426,0,0.000000,0.000000,0.000000,0.000000,-254.360000,0.050000,-0.310000,0.000000,48.000000,30.300000
1779334534.074427,0,0.000000,0.000000,0.000000,0.000000,-254.360000,0.050000,-0.310000,0.000000,48.000000,30.310000
1779334534.089427,0,0.000000,0.000000,0.000000,0.000000,-254.360000,0.050000,-0.310000,0.000000,48.000000,30.310000
1779334534.119520,0,0.000000,0.000000,0.000000,0.000000,-254.360000,0.050000,-0.310000,0.000000,48.000000,30.320000
1779334534.129021,0,0.000000,0.000000,0.000000,0.000000,-262.000000,0.050000,-0.310000,0.000000,48.000000,30.350000
1779334534.129520,0,0.000000,0.000000,0.000000,0.000000,-262.000000,0.050000,-0.310000,0.000000,48.000000,30.360000
1779334534.130520,0,0.000000,0.000000,0.000000,0.000000,-262.000000,0.050000,-0.310000,0.000000,48.000000,30.370000
1779334534.141971,0,0.000000,0.000000,0.000000,0.000000,-262.000000,0.050000,-0.310000,0.000000,48.000000,30.370000
1779334534.164470,0,0.000000,0.000000,0.000000,0.000000,-262.000000,0.050000,-0.310000,0.000000,48.000000,30.380000
1779334534.165471,0,0.000000,0.000000,0.000000,0.000000,-269.760000,0.050000,-0.310000,0.000000,48.000000,30.390000
1779334534.171971,0,0.000000,0.000000,0.000000,0.000000,-269.760000,0.050000,-0.310000,0.000000,48.000000,30.400000
1779334534.179476,0,0.000000,0.000000,0.000000,0.000000,-269.760000,0.050000,-0.310000,0.000000,48.000000,30.420000
1779334534.194475,0,0.000000,0.000000,0.000000,0.000000,-269.760000,0.050000,-0.310000,0.000000,48.000000,30.430000
1779334534.201403,0,0.000000,0.000000,0.000000,0.000000,-269.760000,0.050000,-0.310000,0.000000,48.000000,30.440000
1779334534.219403,0,0.000000,0.000000,0.000000,0.000000,-274.790000,0.050000,-0.310000,0.000000,48.000000,30.450000
1779334534.224403,0,0.000000,0.000000,0.000000,0.000000,-274.790000,0.050000,-0.310000,0.000000,48.000000,30.460000
1779334534.239905,0,0.000000,0.000000,0.000000,0.000000,-274.790000,0.050000,-0.310000,0.000000,48.000000,30.470000
1779334534.247405,0,0.000000,0.000000,0.000000,0.000000,-274.790000,0.050000,-0.310000,0.000000,48.000000,30.480000
1779334534.277077,0,0.000000,0.000000,0.000000,0.000000,-274.790000,0.050000,-0.310000,0.000000,48.000000,30.500000
1779334534.277577,0,0.000000,0.000000,0.000000,0.000000,-277.730000,0.050000,-0.310000,0.000000,48.000000,30.510000
1779334534.286577,0,0.000000,0.000000,0.000000,0.000000,-277.730000,0.050000,-0.310000,0.000000,48.000000,30.520000
1779334534.298980,0,0.000000,0.000000,0.000000,0.000000,-277.730000,0.050000,-0.310000,0.000000,48.000000,30.530000
1779334534.320504,0,0.000000,0.000000,0.000000,0.000000,-277.730000,0.050000,-0.310000,0.000000,48.000000,30.540000
1779334534.321004,0,0.000000,0.000000,0.000000,0.000000,-283.820000,0.050000,-0.330000,0.000000,48.000000,30.540000
1779334534.331004,0,0.000000,0.000000,0.000000,0.000000,-283.820000,0.050000,-0.330000,0.000000,48.000000,30.550000
1779334534.337505,0,0.000000,0.000000,0.000000,0.000000,-283.820000,0.050000,-0.330000,0.000000,48.000000,30.560000
1779334534.352572,0,0.000000,0.000000,0.000000,0.000000,-283.820000,0.050000,-0.330000,0.000000,48.000000,30.570000
1779334534.375504,0,0.000000,0.000000,0.000000,0.000000,-283.820000,0.050000,-0.330000,0.000000,48.000000,30.590000
1779334534.375504,0,0.000000,0.000000,0.000000,0.000000,-292.000000,0.050000,-0.330000,0.000000,48.000000,30.610000
1779334534.385004,0,0.000000,0.000000,0.000000,0.000000,-292.000000,0.050000,-0.330000,0.000000,48.000000,30.620000
1779334534.389504,0,0.000000,0.000000,0.000000,0.000000,-292.000000,0.050000,-0.330000,0.000000,48.000000,30.620000
1779334534.404504,0,0.000000,0.000000,0.000000,0.000000,-292.000000,0.050000,-0.330000,0.000000,48.000000,30.630000
1779334534.420004,0,0.000000,0.000000,0.000000,0.000000,-292.000000,0.050000,-0.330000,0.000000,48.000000,30.640000
1779334534.429004,0,0.000000,0.000000,0.000000,0.000000,-297.300000,0.050000,-0.330000,0.000000,48.000000,30.650000
1779334534.434504,0,0.000000,0.000000,0.000000,0.000000,-297.300000,0.050000,-0.330000,0.000000,48.000000,30.670000
1779334534.449504,0,0.000000,0.000000,0.000000,0.000000,-297.300000,0.050000,-0.330000,0.000000,48.000000,30.680000
1779334534.464004,0,0.000000,0.000000,0.000000,0.000000,-297.300000,0.050000,-0.330000,0.000000,48.000000,30.690000
1779334534.471504,0,0.000000,0.000000,0.000000,0.000000,-297.300000,0.050000,-0.330000,0.000000,48.000000,30.700000
1779334534.486505,0,0.000000,0.000000,0.000000,0.000000,-300.410000,0.050000,-0.330000,0.000000,48.000000,30.710000
1779334534.487504,0,0.000000,0.000000,0.000000,0.000000,-300.410000,0.050000,-0.330000,0.000000,48.000000,30.720000
1779334534.494004,0,0.000000,0.000000,0.000000,0.000000,-300.410000,0.050000,-0.330000,0.000000,48.000000,30.730000
1779334534.509504,0,0.000000,0.000000,0.000000,0.000000,-300.410000,0.050000,-0.330000,0.000000,48.000000,30.750000
1779334534.537504,0,0.000000,0.000000,0.000000,0.000000,-300.410000,0.050000,-0.330000,0.000000,48.000000,30.760000
1779334534.538004,0,0.000000,0.000000,0.000000,0.000000,-302.420000,0.050000,-0.330000,0.000000,48.000000,30.770000
1779334534.546504,0,0.000000,0.000000,0.000000,0.000000,-302.420000,0.050000,-0.330000,0.000000,48.000000,30.780000
1779334534.554509,0,0.000000,0.000000,0.000000,0.000000,-302.420000,0.050000,-0.330000,0.000000,48.000000,30.790000
1779334534.584515,0,0.000000,0.000000,0.000000,0.000000,-302.420000,0.050000,-0.330000,0.000000,48.000000,30.790000
1779334534.585014,0,0.000000,0.000000,0.000000,0.000000,-307.230000,0.050000,-0.330000,0.000000,48.000000,30.810000
1779334534.595014,0,0.000000,0.000000,0.000000,0.000000,-307.230000,0.050000,-0.330000,0.000000,48.000000,30.820000
1779334534.599515,0,0.000000,0.000000,0.000000,0.000000,-307.230000,0.050000,-0.330000,0.000000,48.000000,30.840000
1779334534.621518,0,0.000000,0.000000,0.000000,0.000000,-307.230000,0.050000,-0.330000,0.000000,48.000000,30.840000
1779334534.629018,0,0.000000,0.000000,0.000000,0.000000,-307.230000,0.050000,-0.330000,0.000000,48.000000,30.850000
1779334534.638517,0,0.000000,0.000000,0.000000,0.000000,-314.910000,0.050000,-0.330000,0.000000,48.000000,30.870000
1779334534.639017,0,0.000000,0.000000,0.000000,0.000000,-314.910000,0.050000,-0.330000,0.000000,48.000000,30.870000
1779334534.652018,0,0.000000,0.000000,0.000000,0.000000,-314.910000,0.050000,-0.330000,0.000000,48.000000,30.880000
1779334534.667018,0,0.000000,0.000000,0.000000,0.000000,-314.910000,0.050000,-0.330000,0.000000,48.000000,30.890000
1779334534.673518,0,0.000000,0.000000,0.000000,0.000000,-314.910000,0.050000,-0.330000,0.000000,48.000000,30.900000
1779334534.683519,0,0.000000,0.000000,0.000000,0.000000,-314.910000,0.050000,-0.330000,0.000000,48.000000,30.920000
1779334534.704518,0,0.000000,0.000000,0.000000,0.000000,-325.140000,0.050000,-0.330000,0.000000,48.000000,30.930000
1779334534.711018,0,0.000000,0.000000,0.000000,0.000000,-325.140000,0.050000,-0.330000,0.000000,48.000000,30.940000
1779334534.790518,0,0.000000,0.000000,0.000000,0.000000,-325.140000,0.050000,-0.330000,0.000000,48.000000,30.950000
1779334534.791519,0,0.000000,0.000000,0.000000,0.000000,-325.140000,0.050000,-0.330000,0.000000,48.000000,30.950000
1779334534.793521,0,0.000000,0.000000,0.000000,0.000000,320.050000,0.050000,-0.330000,0.000000,48.000000,30.960000
1779334534.794020,0,0.000000,0.000000,0.000000,0.000000,320.050000,0.050000,-0.330000,0.000000,48.000000,30.970000
1779334534.794520,0,0.000000,0.000000,0.000000,0.000000,320.050000,0.050000,-0.330000,0.000000,48.000000,30.980000
1779334534.794520,0,0.000000,0.000000,0.000000,0.000000,320.050000,0.050000,-0.330000,0.000000,48.000000,31.000000
1779334534.796521,0,0.000000,0.000000,0.000000,0.000000,320.050000,0.050000,-0.330000,0.000000,48.000000,31.010000
1779334534.797020,0,0.000000,0.000000,0.000000,0.000000,313.100000,0.050000,-0.330000,0.000000,48.000000,31.030000
1779334534.798020,0,0.000000,0.000000,0.000000,0.000000,313.100000,0.050000,-0.330000,0.000000,48.000000,31.040000
1779334534.810019,0,0.000000,0.000000,0.000000,0.000000,313.100000,0.050000,-0.330000,0.000000,48.000000,31.040000
1779334534.817019,0,0.000000,0.000000,0.000000,0.000000,313.100000,0.050000,-0.330000,0.000000,48.000000,31.050000
1779334534.832018,0,0.000000,0.000000,0.000000,0.000000,313.100000,0.050000,-0.330000,0.000000,48.000000,31.060000
1779334534.854018,0,0.000000,0.000000,0.000000,0.000000,308.940000,0.050000,-0.330000,0.000000,48.000000,31.070000
1779334534.855018,0,0.000000,0.000000,0.000000,0.000000,308.940000,0.050000,-0.330000,0.000000,48.000000,31.090000
1779334534.855518,0,0.000000,0.000000,0.000000,0.000000,308.940000,0.050000,-0.330000,0.000000,48.000000,31.100000
1779334534.869518,0,0.000000,0.000000,0.000000,0.000000,308.940000,0.050000,-0.330000,0.000000,48.000000,31.110000
1779334534.893518,0,0.000000,0.000000,0.000000,0.000000,308.940000,0.050000,-0.330000,0.000000,48.000000,31.120000
1779334534.894518,0,0.000000,0.000000,0.000000,0.000000,306.230000,0.050000,-0.330000,0.000000,48.000000,31.120000
1779334534.899518,0,0.000000,0.000000,0.000000,0.000000,306.230000,0.050000,-0.330000,0.000000,48.000000,31.130000
1779334534.914018,0,0.000000,0.000000,0.000000,0.000000,306.230000,0.050000,-0.330000,0.000000,48.000000,31.140000
1779334534.915018,0,0.000000,0.000000,0.000000,0.000000,306.230000,0.050000,-0.330000,0.000000,48.000000,31.150000
1779334534.950518,0,0.000000,0.000000,0.000000,0.000000,309.720000,0.050000,-0.330000,0.000000,48.000000,31.180000
1779334534.962019,0,0.000000,0.000000,0.000000,0.000000,309.720000,0.050000,-0.330000,0.000000,48.000000,31.190000
1779334534.968018,0,0.000000,0.000000,0.000000,0.000000,309.720000,0.050000,-0.330000,0.000000,48.000000,31.200000
1779334534.974211,0,0.000000,0.000000,0.000000,0.000000,309.720000,0.050000,-0.330000,0.000000,48.000000,31.200000
1779334534.989211,0,0.000000,0.000000,0.000000,0.000000,309.720000,0.050000,-0.330000,0.000000,48.000000,31.210000
1779334534.998211,0,0.000000,0.000000,0.000000,0.000000,312.320000,0.050000,-0.330000,0.000000,48.000000,31.220000
1779334535.011712,0,0.000000,0.000000,0.000000,0.000000,312.320000,0.050000,-0.330000,0.000000,48.000000,31.230000
1779334535.012711,0,0.000000,0.000000,0.000000,0.000000,312.320000,0.050000,-0.330000,0.000000,48.000000,31.250000
1779334535.026716,0,0.000000,0.000000,0.000000,0.000000,312.320000,0.050000,-0.330000,0.000000,48.000000,31.260000
1779334535.035215,0,0.000000,0.000000,0.000000,0.000000,312.320000,0.050000,-0.330000,0.000000,48.000000,31.270000
1779334535.056026,0,0.000000,0.000000,0.000000,0.000000,318.230000,0.050000,-0.330000,0.000000,48.000000,31.290000
1779334535.064533,0,0.000000,0.000000,0.000000,0.000000,318.230000,0.050000,-0.330000,0.000000,48.000000,31.290000
1779334535.078501,0,0.000000,0.000000,0.000000,0.000000,318.230000,0.050000,-0.330000,0.000000,48.000000,31.300000
1779334535.080001,0,0.000000,0.000000,0.000000,0.000000,318.230000,0.050000,-0.330000,0.000000,48.000000,31.310000
1779334535.094529,0,0.000000,0.000000,0.000000,0.000000,318.230000,0.050000,-0.330000,0.000000,48.000000,31.320000
1779334535.111028,0,0.000000,0.000000,0.000000,0.000000,322.070000,0.050000,-0.330000,0.000000,48.000000,31.350000
1779334535.111529,0,0.000000,0.000000,0.000000,0.000000,322.070000,0.050000,-0.330000,0.000000,48.000000,31.360000
1779334535.132027,0,0.000000,0.000000,0.000000,0.000000,322.070000,0.050000,-0.330000,0.000000,48.000000,31.370000
1779334535.154048,0,0.000000,0.000000,0.000000,0.000000,-326.600000,0.050000,-0.330000,0.000000,48.000000,31.380000
1779334535.162049,0,0.000000,0.000000,0.000000,0.000000,-326.600000,0.050000,-0.330000,0.000000,48.000000,31.390000
1779334535.169571,0,0.000000,0.000000,0.000000,0.000000,-326.600000,0.050000,-0.330000,0.000000,48.000000,31.400000
1779334535.184080,0,0.000000,0.000000,0.000000,0.000000,-326.600000,0.050000,-0.330000,0.000000,48.000000,31.420000
1779334535.198079,0,0.000000,0.000000,0.000000,0.000000,-326.600000,0.050000,-0.330000,0.000000,48.000000,31.430000
1779334535.206744,0,0.000000,0.000000,0.000000,0.000000,-321.890000,0.050000,-0.330000,0.000000,48.000000,31.450000
1779334535.214268,0,0.000000,0.000000,0.000000,0.000000,-321.890000,0.050000,-0.330000,0.000000,48.000000,31.450000
1779334535.221770,0,0.000000,0.000000,0.000000,0.000000,-321.890000,0.050000,-0.330000,0.000000,48.000000,31.450000
1779334535.236774,0,0.000000,0.000000,0.000000,0.000000,-321.890000,0.050000,-0.330000,0.000000,48.000000,31.460000
1779334535.251281,0,0.000000,0.000000,0.000000,0.000000,-321.890000,0.050000,-0.330000,0.000000,48.000000,31.470000
1779334535.266787,0,0.000000,0.000000,0.000000,0.000000,-315.330000,0.050000,-0.330000,0.000000,48.000000,31.500000
1779334535.268286,0,0.000000,0.000000,0.000000,0.000000,-315.330000,0.050000,-0.330000,0.000000,48.000000,31.510000
1779334535.274253,0,0.000000,0.000000,0.000000,0.000000,-315.330000,0.050000,-0.330000,0.000000,48.000000,31.520000
1779334535.289293,0,0.000000,0.000000,0.000000,0.000000,-315.330000,0.050000,-0.330000,0.000000,48.000000,31.530000
1779334535.312840,0,0.000000,0.000000,0.000000,0.000000,-315.330000,0.050000,-0.330000,0.000000,48.000000,31.540000
1779334535.321839,0,0.000000,0.000000,0.000000,0.000000,-315.270000,0.050000,-0.330000,0.000000,48.000000,31.540000
1779334535.322839,0,0.000000,0.000000,0.000000,0.000000,-315.270000,0.050000,-0.330000,0.000000,48.000000,31.550000
1779334535.334126,0,0.000000,0.000000,0.000000,0.000000,-315.270000,0.050000,-0.330000,0.000000,48.000000,31.560000
1779334535.341626,0,0.000000,0.000000,0.000000,0.000000,-315.270000,0.050000,-0.330000,0.000000,48.000000,31.570000
1779334535.363659,0,0.000000,0.000000,0.000000,0.000000,-315.270000,0.050000,-0.330000,0.000000,48.000000,31.590000
1779334535.373160,0,0.000000,0.000000,0.000000,0.000000,-315.270000,0.050000,-0.330000,0.000000,48.000000,31.610000
1779334535.393663,0,0.000000,0.000000,0.000000,0.000000,-315.270000,0.050000,-0.330000,0.000000,48.000000,31.620000
1779334535.400999,0,0.000000,0.000000,0.000000,0.000000,-315.270000,0.050000,-0.330000,0.000000,48.000000,31.620000
1779334535.402500,0,0.000000,0.000000,0.000000,0.000000,-315.270000,0.050000,-0.330000,0.000000,48.000000,31.620000
1779334535.419004,0,0.000000,0.000000,0.000000,0.000000,-315.230000,0.050000,-0.330000,0.000000,51.000000,31.640000
1779334535.424591,0,0.000000,0.000000,0.000000,0.000000,-315.230000,0.050000,-0.330000,0.000000,51.000000,31.650000
1779334535.431683,0,0.000000,0.000000,0.000000,0.000000,-315.230000,0.050000,-0.330000,0.000000,51.000000,31.670000
1779334535.439682,0,0.000000,0.000000,0.000000,0.000000,-315.230000,0.050000,-0.330000,0.000000,51.000000,31.680000
1779334535.462514,0,0.000000,0.000000,0.000000,0.000000,-315.230000,0.050000,-0.330000,0.000000,51.000000,31.690000
1779334535.472110,0,0.000000,0.000000,0.000000,0.000000,-315.550000,0.050000,-0.330000,0.000000,48.000000,31.700000
1779334535.476748,0,0.000000,0.000000,0.000000,0.000000,-315.550000,0.050000,-0.330000,0.000000,48.000000,31.700000
1779334535.484125,0,0.000000,0.000000,0.000000,0.000000,-315.550000,0.050000,-0.330000,0.000000,48.000000,31.710000
1779334535.506983,0,0.000000,0.000000,0.000000,0.000000,-315.550000,0.050000,-0.330000,0.000000,48.000000,31.720000
1779334535.522983,0,0.000000,0.000000,0.000000,0.000000,-315.550000,0.050000,-0.330000,0.000000,48.000000,31.730000
1779334535.523483,0,0.000000,0.000000,0.000000,0.000000,-322.760000,0.050000,-0.330000,0.000000,48.000000,31.760000
1779334535.529477,0,0.000000,0.000000,0.000000,0.000000,-322.760000,0.050000,-0.330000,0.000000,48.000000,31.770000
1779334535.536986,0,0.000000,0.000000,0.000000,0.000000,-322.760000,0.050000,-0.330000,0.000000,48.000000,31.780000
1779334535.567994,0,0.000000,0.000000,0.000000,0.000000,-322.760000,0.050000,-0.330000,0.000000,48.000000,31.790000
1779334535.567994,0,0.000000,0.000000,0.000000,0.000000,311.100000,0.050000,-0.330000,0.000000,48.000000,31.790000
1779334535.573997,0,0.000000,0.000000,0.000000,0.000000,311.100000,0.050000,-0.330000,0.000000,48.000000,31.800000
1779334535.589525,0,0.000000,0.000000,0.000000,0.000000,311.100000,0.050000,-0.330000,0.000000,48.000000,31.810000
1779334535.597052,0,0.000000,0.000000,0.000000,0.000000,311.100000,0.050000,-0.330000,0.000000,48.000000,31.820000
1779334535.629843,0,0.000000,0.000000,0.000000,0.000000,305.520000,0.050000,-0.330000,0.000000,48.000000,31.860000
1779334535.634354,0,0.000000,0.000000,0.000000,0.000000,305.520000,0.050000,-0.330000,0.000000,48.000000,31.870000
1779334535.641860,0,0.000000,0.000000,0.000000,0.000000,305.520000,0.050000,-0.330000,0.000000,48.000000,31.870000
1779334535.663884,0,0.000000,0.000000,0.000000,0.000000,305.520000,0.050000,-0.330000,0.000000,48.000000,31.880000
1779334535.689891,0,0.000000,0.000000,0.000000,0.000000,-289.040000,0.050000,-0.340000,0.000000,48.000000,31.900000
1779334535.690384,0,0.000000,0.000000,0.000000,0.000000,-289.040000,0.050000,-0.340000,0.000000,48.000000,31.920000
1779334535.695890,0,0.000000,0.000000,0.000000,0.000000,-289.040000,0.050000,-0.340000,0.000000,48.000000,31.930000
1779334535.701896,0,0.000000,0.000000,0.000000,0.000000,-289.040000,0.050000,-0.340000,0.000000,48.000000,31.940000
1779334535.725895,0,0.000000,0.000000,0.000000,0.000000,-289.040000,0.050000,-0.340000,0.000000,48.000000,31.950000
1779334535.735395,0,0.000000,0.000000,0.000000,0.000000,-129.490000,0.050000,-0.340000,0.000000,48.000000,31.960000
1779334535.739896,0,0.000000,0.000000,0.000000,0.000000,-129.490000,0.050000,-0.340000,0.000000,48.000000,31.970000
1779334535.754396,0,0.000000,0.000000,0.000000,0.000000,-129.490000,0.050000,-0.340000,0.000000,48.000000,31.980000
1779334535.761395,0,0.000000,0.000000,0.000000,0.000000,-129.490000,0.050000,-0.340000,0.000000,48.000000,32.000000
1779334535.778396,0,0.000000,0.000000,0.000000,0.000000,161.470000,0.050000,-0.340000,0.000000,48.000000,32.000000
1779334535.784395,0,0.000000,0.000000,0.000000,0.000000,161.470000,0.050000,-0.340000,0.000000,48.000000,32.020000
1779334535.791895,0,0.000000,0.000000,0.000000,0.000000,161.470000,0.050000,-0.340000,0.000000,48.000000,32.020000
1779334535.807479,0,0.000000,0.000000,0.000000,0.000000,161.470000,0.050000,-0.340000,0.000000,48.000000,32.040000
1779334535.830395,0,0.000000,0.000000,0.000000,0.000000,161.470000,0.050000,-0.340000,0.000000,48.000000,32.040000
1779334535.830895,0,0.000000,0.000000,0.000000,0.000000,28.790000,0.070000,-0.340000,0.000000,48.000000,32.060000
1779334535.844321,0,0.000000,0.000000,0.000000,0.000000,28.790000,0.070000,-0.340000,0.000000,48.000000,32.080000
1779334535.851590,0,0.000000,0.000000,0.000000,0.000000,28.790000,0.070000,-0.340000,0.000000,48.000000,32.090000
1779334535.859090,0,0.000000,0.000000,0.000000,0.000000,28.790000,0.070000,-0.340000,0.000000,48.000000,32.090000
1779334535.883314,0,0.000000,0.000000,0.000000,0.000000,28.790000,0.070000,-0.340000,0.000000,48.000000,32.110000
1779334535.892314,0,0.000000,0.000000,0.000000,0.000000,-128.780000,0.090000,-0.360000,0.000000,48.000000,32.110000
1779334535.893314,0,0.000000,0.000000,0.000000,0.000000,-128.780000,0.090000,-0.360000,0.000000,48.000000,32.130000
1779334535.904155,0,0.000000,0.000000,0.000000,0.000000,-128.780000,0.090000,-0.360000,0.000000,48.000000,32.130000
1779334535.927154,0,0.000000,0.000000,0.000000,0.000000,-128.780000,0.090000,-0.360000,0.000000,48.000000,32.150000
1779334535.935154,0,0.000000,0.000000,0.000000,0.000000,270.580000,0.100000,-0.370000,0.000000,48.000000,32.160000
1779334535.936156,0,0.000000,0.000000,0.000000,0.000000,270.580000,0.100000,-0.370000,0.000000,48.000000,32.180000
1779334535.949500,0,0.000000,0.000000,0.000000,0.000000,270.580000,0.100000,-0.370000,0.000000,48.000000,32.180000
1779334535.957001,0,0.000000,0.000000,0.000000,0.000000,270.580000,0.100000,-0.370000,0.000000,48.000000,32.200000
1779334535.980010,0,0.000000,0.000000,0.000000,0.000000,270.580000,0.100000,-0.370000,0.000000,48.000000,32.200000
1779334535.990010,0,0.000000,0.000000,0.000000,0.000000,77.340000,0.100000,-0.370000,0.000000,48.000000,32.220000
1779334536.001950,0,0.000000,0.000000,0.000000,0.000000,77.340000,0.100000,-0.370000,0.000000,48.000000,32.220000
1779334536.002950,0,0.000000,0.000000,0.000000,0.000000,77.340000,0.100000,-0.370000,0.000000,48.000000,32.240000
1779334536.009450,0,0.000000,0.000000,0.000000,0.000000,77.340000,0.100000,-0.370000,0.000000,48.000000,32.250000
1779334536.032001,0,0.000000,0.000000,0.000000,0.000000,77.340000,0.100000,-0.370000,0.000000,48.000000,32.250000
1779334536.040502,0,0.000000,0.000000,0.000000,0.000000,326.850000,0.110000,-0.370000,0.000000,48.000000,32.270000
1779334536.054025,0,0.000000,0.000000,0.000000,0.000000,326.850000,0.110000,-0.370000,0.000000,48.000000,32.270000
1779334536.055027,0,0.000000,0.000000,0.000000,0.000000,326.850000,0.110000,-0.370000,0.000000,48.000000,32.290000
1779334536.107587,0,0.000000,0.000000,0.000000,0.000000,326.850000,0.110000,-0.370000,0.000000,48.000000,32.290000
1779334536.133706,0,0.000000,0.000000,0.000000,0.000000,326.850000,0.110000,-0.370000,0.000000,48.000000,32.310000
1779334536.134206,0,0.000000,0.000000,0.000000,0.000000,-99.250000,0.110000,-0.370000,0.000000,48.000000,32.330000
1779334536.143706,0,0.000000,0.000000,0.000000,0.000000,-99.250000,0.110000,-0.370000,0.000000,48.000000,32.340000
1779334536.146208,0,0.000000,0.000000,0.000000,0.000000,-99.250000,0.110000,-0.370000,0.000000,48.000000,32.360000
1779334536.174220,0,0.000000,0.000000,0.000000,0.000000,-2.170000,0.110000,-0.360000,0.000000,48.000000,32.380000
1779334536.175220,0,0.000000,0.000000,0.000000,0.000000,-2.170000,0.110000,-0.360000,0.000000,48.000000,32.380000
1779334536.180720,0,0.000000,0.000000,0.000000,0.000000,-2.170000,0.110000,-0.360000,0.000000,48.000000,32.400000
1779334536.182220,0,0.000000,0.000000,0.000000,0.000000,-2.170000,0.110000,-0.360000,0.000000,48.000000,32.400000
1779334536.189220,0,0.000000,0.000000,0.000000,0.000000,-2.170000,0.110000,-0.360000,0.000000,48.000000,32.410000
1779334536.212220,0,0.000000,0.000000,0.000000,0.000000,-70.790000,0.100000,-0.340000,0.000000,48.000000,32.430000
1779334536.221220,0,0.000000,0.000000,0.000000,0.000000,-70.790000,0.100000,-0.340000,0.000000,48.000000,32.450000
1779334536.226759,0,0.000000,0.000000,0.000000,0.000000,-70.790000,0.100000,-0.340000,0.000000,48.000000,32.450000
1779334536.258374,0,0.000000,0.000000,0.000000,0.000000,-70.790000,0.100000,-0.340000,0.000000,48.000000,32.470000
1779334536.258874,0,0.000000,0.000000,0.000000,0.000000,197.550000,0.100000,-0.330000,0.000000,48.000000,32.490000
1779334536.266875,0,0.000000,0.000000,0.000000,0.000000,197.550000,0.100000,-0.330000,0.000000,48.000000,32.500000
1779334536.278844,0,0.000000,0.000000,0.000000,0.000000,197.550000,0.100000,-0.330000,0.000000,48.000000,32.500000
1779334536.287345,0,0.000000,0.000000,0.000000,0.000000,197.550000,0.100000,-0.330000,0.000000,48.000000,32.520000
1779334536.301845,0,0.000000,0.000000,0.000000,0.000000,-312.790000,0.090000,-0.310000,0.000000,48.000000,32.520000
1779334536.308226,0,0.000000,0.000000,0.000000,0.000000,-312.790000,0.090000,-0.310000,0.000000,48.000000,32.540000
1779334536.309730,0,0.000000,0.000000,0.000000,0.000000,-312.790000,0.090000,-0.310000,0.000000,48.000000,32.540000
1779334536.324236,0,0.000000,0.000000,0.000000,0.000000,-312.790000,0.090000,-0.310000,0.000000,48.000000,32.560000
1779334536.342822,0,0.000000,0.000000,0.000000,0.000000,-312.790000,0.090000,-0.310000,0.000000,48.000000,32.560000
1779334536.352322,0,0.000000,0.000000,0.000000,0.000000,-207.690000,0.090000,-0.310000,0.000000,48.000000,32.580000
1779334536.354322,0,0.000000,0.000000,0.000000,0.000000,-207.690000,0.090000,-0.310000,0.000000,48.000000,32.590000
1779334536.376981,0,0.000000,0.000000,0.000000,0.000000,-207.690000,0.090000,-0.310000,0.000000,48.000000,32.590000
1779334536.378480,0,0.000000,0.000000,0.000000,0.000000,-207.690000,0.090000,-0.310000,0.000000,48.000000,32.610000
1779334536.402480,0,0.000000,0.000000,0.000000,0.000000,-207.690000,0.090000,-0.310000,0.000000,48.000000,32.610000
1779334536.411041,0,0.000000,0.000000,0.000000,0.000000,-37.860000,0.070000,-0.300000,0.000000,48.000000,32.630000
1779334536.413979,0,0.000000,0.000000,0.000000,0.000000,-37.860000,0.070000,-0.300000,0.000000,48.000000,32.650000
1779334536.436544,0,0.000000,0.000000,0.000000,0.000000,-37.860000,0.070000,-0.300000,0.000000,48.000000,32.650000
1779334536.437544,0,0.000000,0.000000,0.000000,0.000000,-37.860000,0.070000,-0.300000,0.000000,48.000000,32.660000
1779334536.451574,0,0.000000,0.000000,0.000000,0.000000,-37.860000,0.070000,-0.300000,0.000000,48.000000,32.680000
1779334536.473981,0,0.000000,0.000000,0.000000,0.000000,-188.380000,0.070000,-0.300000,0.000000,48.000000,32.700000
1779334536.474481,0,0.000000,0.000000,0.000000,0.000000,-188.380000,0.070000,-0.300000,0.000000,48.000000,32.700000
1779334536.475481,0,0.000000,0.000000,0.000000,0.000000,-188.380000,0.070000,-0.300000,0.000000,48.000000,32.720000
1779334536.506828,0,0.000000,0.000000,0.000000,0.000000,-188.380000,0.070000,-0.300000,0.000000,48.000000,32.720000
1779334536.515328,0,0.000000,0.000000,0.000000,0.000000,219.190000,0.070000,-0.300000,0.000000,48.000000,32.740000
1779334536.516336,0,0.000000,0.000000,0.000000,0.000000,219.190000,0.070000,-0.300000,0.000000,48.000000,32.750000
1779334536.519336,0,0.000000,0.000000,0.000000,0.000000,219.190000,0.070000,-0.300000,0.000000,48.000000,32.750000
1779334536.533849,0,0.000000,0.000000,0.000000,0.000000,219.190000,0.070000,-0.300000,0.000000,48.000000,32.770000
1779334536.549642,0,0.000000,0.000000,0.000000,0.000000,219.190000,0.070000,-0.300000,0.000000,48.000000,32.770000
1779334536.558642,0,0.000000,0.000000,0.000000,0.000000,-91.430000,0.070000,-0.300000,0.000000,48.000000,32.790000
1779334536.564152,0,0.000000,0.000000,0.000000,0.000000,-91.430000,0.070000,-0.300000,0.000000,48.000000,32.790000
1779334536.571652,0,0.000000,0.000000,0.000000,0.000000,-91.430000,0.070000,-0.300000,0.000000,48.000000,32.810000
1779334536.587209,0,0.000000,0.000000,0.000000,0.000000,-91.430000,0.070000,-0.300000,0.000000,48.000000,32.810000
1779334536.594209,0,0.000000,0.000000,0.000000,0.000000,-91.430000,0.070000,-0.300000,0.000000,48.000000,32.830000
1779334536.608719,0,0.000000,0.000000,0.000000,0.000000,313.950000,0.070000,-0.300000,0.000000,48.000000,32.840000
1779334536.617718,0,0.000000,0.000000,0.000000,0.000000,313.950000,0.070000,-0.300000,0.000000,48.000000,32.860000
1779334536.624063,0,0.000000,0.000000,0.000000,0.000000,313.950000,0.070000,-0.300000,0.000000,48.000000,32.860000
1779334536.638996,0,0.000000,0.000000,0.000000,0.000000,313.950000,0.070000,-0.300000,0.000000,48.000000,32.880000
1779334536.654624,0,0.000000,0.000000,0.000000,0.000000,313.950000,0.070000,-0.300000,0.000000,48.000000,32.880000
1779334536.668655,0,0.000000,0.000000,0.000000,0.000000,-67.410000,0.070000,-0.300000,0.000000,48.000000,32.900000
1779334536.669656,0,0.000000,0.000000,0.000000,0.000000,-67.410000,0.070000,-0.300000,0.000000,48.000000,32.900000
1779334536.677155,0,0.000000,0.000000,0.000000,0.000000,-67.410000,0.070000,-0.300000,0.000000,48.000000,32.910000
1779334536.691673,0,0.000000,0.000000,0.000000,0.000000,-67.410000,0.070000,-0.300000,0.000000,48.000000,32.930000
1779334536.723691,0,0.000000,0.000000,0.000000,0.000000,-67.410000,0.070000,-0.300000,0.000000,48.000000,32.930000
1779334536.724192,0,0.000000,0.000000,0.000000,0.000000,-131.860000,0.070000,-0.310000,0.000000,48.000000,32.950000
1779334536.733191,0,0.000000,0.000000,0.000000,0.000000,-131.860000,0.070000,-0.310000,0.000000,48.000000,32.950000
1779334536.737191,0,0.000000,0.000000,0.000000,0.000000,-131.860000,0.070000,-0.310000,0.000000,48.000000,32.970000
1779334536.752720,0,0.000000,0.000000,0.000000,0.000000,-131.860000,0.070000,-0.310000,0.000000,48.000000,32.990000
1779334536.758976,0,0.000000,0.000000,0.000000,0.000000,-315.890000,0.070000,-0.310000,0.000000,48.000000,33.000000
1779334536.776488,0,0.000000,0.000000,0.000000,0.000000,-315.890000,0.070000,-0.310000,0.000000,48.000000,33.000000
1779334536.781647,0,0.000000,0.000000,0.000000,0.000000,-315.890000,0.070000,-0.310000,0.000000,48.000000,33.020000
1779334536.789152,0,0.000000,0.000000,0.000000,0.000000,-315.890000,0.070000,-0.310000,0.000000,48.000000,33.020000
1779334536.823152,0,0.000000,0.000000,0.000000,0.000000,136.970000,0.070000,-0.310000,0.000000,48.000000,33.040000
1779334536.834167,0,0.000000,0.000000,0.000000,0.000000,136.970000,0.070000,-0.310000,0.000000,48.000000,33.060000
1779334536.835167,0,0.000000,0.000000,0.000000,0.000000,136.970000,0.070000,-0.310000,0.000000,48.000000,33.060000
1779334536.849601,0,0.000000,0.000000,0.000000,0.000000,136.970000,0.070000,-0.310000,0.000000,48.000000,33.080000
1779334536.856613,0,0.000000,0.000000,0.000000,0.000000,136.970000,0.070000,-0.310000,0.000000,48.000000,33.090000
1779334536.877112,0,0.000000,0.000000,0.000000,0.000000,235.320000,0.070000,-0.310000,0.000000,48.000000,33.110000
1779334536.879612,0,0.000000,0.000000,0.000000,0.000000,235.320000,0.070000,-0.310000,0.000000,48.000000,33.110000
1779334536.893483,0,0.000000,0.000000,0.000000,0.000000,235.320000,0.070000,-0.310000,0.000000,48.000000,33.130000
1779334536.894484,0,0.000000,0.000000,0.000000,0.000000,235.320000,0.070000,-0.310000,0.000000,48.000000,33.130000
1779334536.931426,0,0.000000,0.000000,0.000000,0.000000,199.710000,0.070000,-0.310000,0.000000,48.000000,33.150000
1779334536.932426,0,0.000000,0.000000,0.000000,0.000000,199.710000,0.070000,-0.310000,0.000000,48.000000,33.160000
1779334536.939450,0,0.000000,0.000000,0.000000,0.000000,199.710000,0.070000,-0.310000,0.000000,48.000000,33.180000
1779334536.946450,0,0.000000,0.000000,0.000000,0.000000,199.710000,0.070000,-0.310000,0.000000,48.000000,33.180000
1779334536.992687,0,0.000000,0.000000,0.000000,0.000000,199.710000,0.070000,-0.310000,0.000000,48.000000,33.200000
1779334536.999686,0,0.000000,0.000000,0.000000,0.000000,-133.780000,0.050000,-0.310000,0.000000,48.000000,33.200000
1779334537.000188,0,0.000000,0.000000,0.000000,0.000000,-133.780000,0.050000,-0.310000,0.000000,48.000000,33.220000
1779334537.009686,0,0.000000,0.000000,0.000000,0.000000,-133.780000,0.050000,-0.310000,0.000000,48.000000,33.220000
1779334537.010686,0,0.000000,0.000000,0.000000,0.000000,-133.780000,0.050000,-0.310000,0.000000,48.000000,33.240000
1779334537.030215,0,0.000000,0.000000,0.000000,0.000000,-133.780000,0.050000,-0.310000,0.000000,48.000000,33.250000
1779334537.039713,0,0.000000,0.000000,0.000000,0.000000,-202.380000,0.050000,-0.310000,0.000000,48.000000,33.250000
1779334537.040713,0,0.000000,0.000000,0.000000,0.000000,-202.380000,0.050000,-0.310000,0.000000,48.000000,33.270000
1779334537.044213,0,0.000000,0.000000,0.000000,0.000000,-202.380000,0.050000,-0.310000,0.000000,48.000000,33.270000
1779334537.051714,0,0.000000,0.000000,0.000000,0.000000,-202.380000,0.050000,-0.310000,0.000000,48.000000,33.290000
1779334537.081213,0,0.000000,0.000000,0.000000,0.000000,-202.380000,0.050000,-0.310000,0.000000,48.000000,33.290000
1779334537.091714,0,0.000000,0.000000,0.000000,0.000000,-132.750000,0.050000,-0.310000,0.000000,48.000000,33.310000
1779334537.092215,0,0.000000,0.000000,0.000000,0.000000,-132.750000,0.050000,-0.310000,0.000000,48.000000,33.310000
1779334537.097213,0,0.000000,0.000000,0.000000,0.000000,-132.750000,0.050000,-0.310000,0.000000,48.000000,33.330000
1779334537.104245,0,0.000000,0.000000,0.000000,0.000000,-132.750000,0.050000,-0.310000,0.000000,48.000000,33.340000
1779334537.137839,0,0.000000,0.000000,0.000000,0.000000,-132.750000,0.050000,-0.310000,0.000000,48.000000,33.340000
1779334537.137839,0,0.000000,0.000000,0.000000,0.000000,111.790000,0.050000,-0.310000,0.000000,48.000000,33.360000
1779334537.138839,0,0.000000,0.000000,0.000000,0.000000,111.790000,0.050000,-0.310000,0.000000,48.000000,33.360000
1779334537.141852,0,0.000000,0.000000,0.000000,0.000000,111.790000,0.050000,-0.310000,0.000000,48.000000,33.380000
1779334537.164074,0,0.000000,0.000000,0.000000,0.000000,111.790000,0.050000,-0.310000,0.000000,48.000000,33.380000
1779334537.182574,0,0.000000,0.000000,0.000000,0.000000,111.790000,0.050000,-0.310000,0.000000,48.000000,33.400000
1779334537.183574,0,0.000000,0.000000,0.000000,0.000000,-162.600000,0.050000,-0.310000,0.000000,48.000000,33.410000
1779334537.186583,0,0.000000,0.000000,0.000000,0.000000,-162.600000,0.050000,-0.310000,0.000000,48.000000,33.430000
1779334537.194433,0,0.000000,0.000000,0.000000,0.000000,-162.600000,0.050000,-0.310000,0.000000,48.000000,33.430000
1779334537.232939,0,0.000000,0.000000,0.000000,0.000000,-162.600000,0.050000,-0.310000,0.000000,48.000000,33.430000
1779334537.242439,0,0.000000,0.000000,0.000000,0.000000,-162.600000,0.050000,-0.310000,0.000000,48.000000,33.450000
1779334537.251938,0,0.000000,0.000000,0.000000,0.000000,-323.440000,0.050000,-0.310000,0.000000,48.000000,33.470000
1779334537.252439,0,0.000000,0.000000,0.000000,0.000000,-323.440000,0.050000,-0.310000,0.000000,48.000000,33.470000
1779334537.252939,0,0.000000,0.000000,0.000000,0.000000,-323.440000,0.050000,-0.310000,0.000000,48.000000,33.490000
1779334537.262450,0,0.000000,0.000000,0.000000,0.000000,-323.440000,0.050000,-0.310000,0.000000,48.000000,33.500000
1779334537.285478,0,0.000000,0.000000,0.000000,0.000000,-323.440000,0.050000,-0.310000,0.000000,48.000000,33.500000
1779334537.294976,0,0.000000,0.000000,0.000000,0.000000,292.450000,0.050000,-0.310000,0.000000,48.000000,33.520000
1779334537.321819,0,0.000000,0.000000,0.000000,0.000000,292.450000,0.050000,-0.310000,0.000000,48.000000,33.520000
1779334537.322820,0,0.000000,0.000000,0.000000,0.000000,292.450000,0.050000,-0.310000,0.000000,48.000000,33.540000
1779334537.323820,0,0.000000,0.000000,0.000000,0.000000,292.450000,0.050000,-0.310000,0.000000,48.000000,33.540000
1779334537.347351,0,0.000000,0.000000,0.000000,0.000000,228.190000,0.050000,-0.330000,0.000000,48.000000,33.580000
1779334537.356351,0,0.000000,0.000000,0.000000,0.000000,228.190000,0.050000,-0.330000,0.000000,48.000000,33.590000
1779334537.357352,0,0.000000,0.000000,0.000000,0.000000,228.190000,0.050000,-0.330000,0.000000,48.000000,33.590000
1779334537.366886,0,0.000000,0.000000,0.000000,0.000000,228.190000,0.050000,-0.330000,0.000000,48.000000,33.590000
1779334537.391420,0,0.000000,0.000000,0.000000,0.000000,228.190000,0.050000,-0.330000,0.000000,48.000000,33.610000
1779334537.400421,0,0.000000,0.000000,0.000000,0.000000,-35.650000,0.070000,-0.340000,0.000000,48.000000,33.630000
1779334537.401421,0,0.000000,0.000000,0.000000,0.000000,-35.650000,0.070000,-0.340000,0.000000,48.000000,33.630000
1779334537.403921,0,0.000000,0.000000,0.000000,0.000000,-35.650000,0.070000,-0.340000,0.000000,48.000000,33.650000
1779334537.426967,0,0.000000,0.000000,0.000000,0.000000,-35.650000,0.070000,-0.340000,0.000000,48.000000,33.650000
1779334537.452400,0,0.000000,0.000000,0.000000,0.000000,84.540000,0.100000,-0.340000,0.000000,48.000000,33.660000
1779334537.453401,0,0.000000,0.000000,0.000000,0.000000,84.540000,0.100000,-0.340000,0.000000,48.000000,33.680000
1779334537.463904,0,0.000000,0.000000,0.000000,0.000000,84.540000,0.100000,-0.340000,0.000000,48.000000,33.700000
1779334537.471905,0,0.000000,0.000000,0.000000,0.000000,84.540000,0.100000,-0.340000,0.000000,48.000000,33.700000
1779334537.504870,0,0.000000,0.000000,0.000000,0.000000,84.540000,0.100000,-0.340000,0.000000,48.000000,33.720000
1779334537.514370,0,0.000000,0.000000,0.000000,0.000000,-117.160000,0.100000,-0.340000,0.000000,48.000000,33.720000
1779334537.514870,0,0.000000,0.000000,0.000000,0.000000,-117.160000,0.100000,-0.340000,0.000000,48.000000,33.740000
1779334537.539212,0,0.000000,0.000000,0.000000,0.000000,-117.160000,0.100000,-0.340000,0.000000,48.000000,33.750000
1779334537.540217,0,0.000000,0.000000,0.000000,0.000000,-117.160000,0.100000,-0.340000,0.000000,48.000000,33.750000
1779334537.541217,0,0.000000,0.000000,0.000000,0.000000,-117.160000,0.100000,-0.340000,0.000000,48.000000,33.770000
1779334537.552726,0,0.000000,0.000000,0.000000,0.000000,278.600000,0.100000,-0.360000,0.000000,48.000000,33.790000
1779334537.562727,0,0.000000,0.000000,0.000000,0.000000,278.600000,0.100000,-0.360000,0.000000,48.000000,33.790000
1779334537.584252,0,0.000000,0.000000,0.000000,0.000000,278.600000,0.100000,-0.360000,0.000000,48.000000,33.810000
1779334537.585253,0,0.000000,0.000000,0.000000,0.000000,278.600000,0.100000,-0.360000,0.000000,48.000000,33.810000
1779334537.600282,0,0.000000,0.000000,0.000000,0.000000,278.600000,0.100000,-0.360000,0.000000,48.000000,33.810000
1779334537.613784,0,0.000000,0.000000,0.000000,0.000000,-197.660000,0.110000,-0.360000,0.000000,48.000000,33.840000
1779334537.614789,0,0.000000,0.000000,0.000000,0.000000,-197.660000,0.110000,-0.360000,0.000000,48.000000,33.840000
1779334537.616290,0,0.000000,0.000000,0.000000,0.000000,-197.660000,0.110000,-0.360000,0.000000,48.000000,33.860000
1779334537.661436,0,0.000000,0.000000,0.000000,0.000000,-197.660000,0.110000,-0.360000,0.000000,48.000000,33.860000
1779334537.670936,0,0.000000,0.000000,0.000000,0.000000,-233.140000,0.110000,-0.360000,0.000000,48.000000,33.880000
1779334537.671436,0,0.000000,0.000000,0.000000,0.000000,-233.140000,0.110000,-0.360000,0.000000,48.000000,33.880000
1779334537.672436,0,0.000000,0.000000,0.000000,0.000000,-233.140000,0.110000,-0.360000,0.000000,48.000000,33.900000
1779334537.697017,0,0.000000,0.000000,0.000000,0.000000,-233.140000,0.110000,-0.360000,0.000000,48.000000,33.900000
1779334537.706516,0,0.000000,0.000000,0.000000,0.000000,-233.140000,0.110000,-0.360000,0.000000,48.000000,33.930000
1779334537.716516,0,0.000000,0.000000,0.000000,0.000000,172.110000,0.110000,-0.360000,0.000000,48.000000,33.930000
1779334537.718015,0,0.000000,0.000000,0.000000,0.000000,172.110000,0.110000,-0.360000,0.000000,48.000000,33.950000
1779334537.719516,0,0.000000,0.000000,0.000000,0.000000,172.110000,0.110000,-0.360000,0.000000,48.000000,33.950000
1779334537.727016,0,0.000000,0.000000,0.000000,0.000000,172.110000,0.110000,-0.360000,0.000000,48.000000,33.970000
1779334537.760016,0,0.000000,0.000000,0.000000,0.000000,-118.970000,0.120000,-0.370000,0.000000,48.000000,33.990000
1779334537.761017,0,0.000000,0.000000,0.000000,0.000000,-118.970000,0.120000,-0.370000,0.000000,48.000000,34.000000
1779334537.779516,0,0.000000,0.000000,0.000000,0.000000,-118.970000,0.120000,-0.370000,0.000000,48.000000,34.000000
1779334537.780516,0,0.000000,0.000000,0.000000,0.000000,-118.970000,0.120000,-0.370000,0.000000,48.000000,34.020000
1779334537.809517,0,0.000000,0.000000,0.000000,0.000000,-118.970000,0.120000,-0.370000,0.000000,48.000000,34.020000
1779334537.819016,0,0.000000,0.000000,0.000000,0.000000,-229.050000,0.120000,-0.370000,0.000000,48.000000,34.040000
1779334537.820018,0,0.000000,0.000000,0.000000,0.000000,-229.050000,0.120000,-0.370000,0.000000,48.000000,34.040000
1779334537.847016,0,0.000000,0.000000,0.000000,0.000000,-229.050000,0.120000,-0.370000,0.000000,48.000000,34.060000
1779334537.848517,0,0.000000,0.000000,0.000000,0.000000,-229.050000,0.120000,-0.370000,0.000000,48.000000,34.060000
1779334537.857517,0,0.000000,0.000000,0.000000,0.000000,-229.050000,0.120000,-0.370000,0.000000,48.000000,34.080000
1779334537.869516,0,0.000000,0.000000,0.000000,0.000000,222.110000,0.140000,-0.370000,0.000000,48.000000,34.090000
1779334537.870517,0,0.000000,0.000000,0.000000,0.000000,222.110000,0.140000,-0.370000,0.000000,48.000000,34.110000
1779334537.877016,0,0.000000,0.000000,0.000000,0.000000,222.110000,0.140000,-0.370000,0.000000,48.000000,34.110000
1779334537.901517,0,0.000000,0.000000,0.000000,0.000000,222.110000,0.140000,-0.370000,0.000000,48.000000,34.130000
1779334537.910516,0,0.000000,0.000000,0.000000,0.000000,65.930000,0.150000,-0.380000,0.000000,48.000000,34.130000
1779334537.914016,0,0.000000,0.000000,0.000000,0.000000,65.930000,0.150000,-0.380000,0.000000,48.000000,34.150000
1779334537.921515,0,0.000000,0.000000,0.000000,0.000000,65.930000,0.150000,-0.380000,0.000000,48.000000,34.150000
1779334537.937516,0,0.000000,0.000000,0.000000,0.000000,65.930000,0.150000,-0.380000,0.000000,48.000000,34.160000
1779334537.961518,0,0.000000,0.000000,0.000000,0.000000,65.930000,0.150000,-0.380000,0.000000,48.000000,34.180000
1779334537.962017,0,0.000000,0.000000,0.000000,0.000000,18.650000,0.180000,-0.400000,0.000000,48.000000,34.200000
1779334537.971517,0,0.000000,0.000000,0.000000,0.000000,18.650000,0.180000,-0.400000,0.000000,48.000000,34.200000
1779334537.982017,0,0.000000,0.000000,0.000000,0.000000,18.650000,0.180000,-0.400000,0.000000,48.000000,34.220000
1779334537.989516,0,0.000000,0.000000,0.000000,0.000000,18.650000,0.180000,-0.400000,0.000000,48.000000,34.220000
1779334538.019017,0,0.000000,0.000000,0.000000,0.000000,18.650000,0.180000,-0.400000,0.000000,48.000000,34.240000
1779334538.028516,0,0.000000,0.000000,0.000000,0.000000,-218.910000,0.200000,-0.400000,0.000000,48.000000,34.250000
1779334538.029517,0,0.000000,0.000000,0.000000,0.000000,-218.910000,0.200000,-0.400000,0.000000,48.000000,34.250000
1779334538.030016,0,0.000000,0.000000,0.000000,0.000000,-218.910000,0.200000,-0.400000,0.000000,48.000000,34.270000
1779334538.042017,0,0.000000,0.000000,0.000000,0.000000,-218.910000,0.200000,-0.400000,0.000000,48.000000,34.270000
1779334538.065516,0,0.000000,0.000000,0.000000,0.000000,-218.910000,0.200000,-0.400000,0.000000,48.000000,34.290000
1779334538.066016,0,0.000000,0.000000,0.000000,0.000000,-46.630000,0.250000,-0.380000,0.000000,48.000000,34.290000
1779334538.075016,0,0.000000,0.000000,0.000000,0.000000,-46.630000,0.250000,-0.380000,0.000000,48.000000,34.310000
1779334538.087018,0,0.000000,0.000000,0.000000,0.000000,-46.630000,0.250000,-0.380000,0.000000,48.000000,34.310000
1779334538.094517,0,0.000000,0.000000,0.000000,0.000000,-46.630000,0.250000,-0.380000,0.000000,48.000000,34.330000
1779334538.139016,0,0.000000,0.000000,0.000000,0.000000,-63.650000,0.300000,-0.340000,0.000000,48.000000,34.360000
1779334538.140016,0,0.000000,0.000000,0.000000,0.000000,-63.650000,0.300000,-0.340000,0.000000,48.000000,34.360000
1779334538.141016,0,0.000000,0.000000,0.000000,0.000000,-63.650000,0.300000,-0.340000,0.000000,48.000000,34.380000
1779334538.142016,0,0.000000,0.000000,0.000000,0.000000,-63.650000,0.300000,-0.340000,0.000000,48.000000,34.380000
1779334538.179015,0,0.000000,0.000000,0.000000,0.000000,245.630000,0.360000,-0.250000,0.000000,48.000000,34.400000
1779334538.184018,0,0.000000,0.000000,0.000000,0.000000,245.630000,0.360000,-0.250000,0.000000,48.000000,34.410000
1779334538.207516,0,0.000000,0.000000,0.000000,0.000000,245.630000,0.360000,-0.250000,0.000000,48.000000,34.430000
1779334538.216517,0,0.000000,0.000000,0.000000,0.000000,245.630000,0.360000,-0.250000,0.000000,48.000000,34.430000
1779334538.224862,0,0.000000,0.000000,0.000000,0.000000,278.450000,0.400000,-0.120000,0.000000,48.000000,34.450000
1779334538.229516,0,0.000000,0.000000,0.000000,0.000000,278.450000,0.400000,-0.120000,0.000000,48.000000,34.470000
1779334538.237017,0,0.000000,0.000000,0.000000,0.000000,278.450000,0.400000,-0.120000,0.000000,48.000000,34.470000
1779334538.244016,0,0.000000,0.000000,0.000000,0.000000,278.450000,0.400000,-0.120000,0.000000,48.000000,34.490000
1779334538.275516,0,0.000000,0.000000,0.000000,0.000000,278.450000,0.400000,-0.120000,0.000000,48.000000,34.500000
1779334538.276017,0,0.000000,0.000000,0.000000,0.000000,-235.030000,0.440000,0.000000,0.000000,48.000000,34.500000
1779334538.283016,0,0.000000,0.000000,0.000000,0.000000,-235.030000,0.440000,0.000000,0.000000,48.000000,34.520000
1779334538.289515,0,0.000000,0.000000,0.000000,0.000000,-235.030000,0.440000,0.000000,0.000000,48.000000,34.520000
1779334538.304516,0,0.000000,0.000000,0.000000,0.000000,-235.030000,0.440000,0.000000,0.000000,48.000000,34.540000
1779334538.328017,0,0.000000,0.000000,0.000000,0.000000,-235.030000,0.440000,0.000000,0.000000,48.000000,34.540000
1779334538.328517,0,0.000000,0.000000,0.000000,0.000000,65.880000,0.490000,0.090000,0.000000,48.000000,34.560000
1779334538.341516,0,0.000000,0.000000,0.000000,0.000000,65.880000,0.490000,0.090000,0.000000,48.000000,34.560000
1779334538.343016,0,0.000000,0.000000,0.000000,0.000000,65.880000,0.490000,0.090000,0.000000,48.000000,34.580000
1779334538.357016,0,0.000000,0.000000,0.000000,0.000000,65.880000,0.490000,0.090000,0.000000,48.000000,34.590000
1779334538.380516,0,0.000000,0.000000,0.000000,0.000000,65.880000,0.490000,0.090000,0.000000,48.000000,34.590000
1779334538.388016,0,0.000000,0.000000,0.000000,0.000000,-121.770000,0.510000,0.180000,0.000000,48.000000,34.610000
1779334538.389015,0,0.000000,0.000000,0.000000,0.000000,-121.770000,0.510000,0.180000,0.000000,48.000000,34.630000
1779334538.394017,0,0.000000,0.000000,0.000000,0.000000,-121.770000,0.510000,0.180000,0.000000,48.000000,34.630000
1779334538.409517,0,0.000000,0.000000,0.000000,0.000000,-121.770000,0.510000,0.180000,0.000000,48.000000,34.650000
1779334538.425516,0,0.000000,0.000000,0.000000,0.000000,-121.770000,0.510000,0.180000,0.000000,48.000000,34.650000
1779334538.432516,0,0.000000,0.000000,0.000000,0.000000,251.830000,0.550000,0.250000,0.000000,48.000000,34.660000
1779334538.454612,0,0.000000,0.000000,0.000000,0.000000,251.830000,0.550000,0.250000,0.000000,48.000000,34.680000
1779334538.455516,0,0.000000,0.000000,0.000000,0.000000,251.830000,0.550000,0.250000,0.000000,48.000000,34.680000
1779334538.456516,0,0.000000,0.000000,0.000000,0.000000,251.830000,0.550000,0.250000,0.000000,48.000000,34.700000
1779334538.469016,0,0.000000,0.000000,0.000000,0.000000,251.830000,0.550000,0.250000,0.000000,48.000000,34.700000
1779334538.499016,0,0.000000,0.000000,0.000000,0.000000,300.950000,0.570000,0.330000,0.000000,48.000000,34.720000
1779334538.499517,0,0.000000,0.000000,0.000000,0.000000,300.950000,0.570000,0.330000,0.000000,48.000000,34.740000
1779334538.521516,0,0.000000,0.000000,0.000000,0.000000,300.950000,0.570000,0.330000,0.000000,48.000000,34.750000
1779334538.538016,0,0.000000,0.000000,0.000000,0.000000,300.950000,0.570000,0.330000,0.000000,48.000000,34.750000
1779334538.538516,0,0.000000,0.000000,0.000000,0.000000,279.920000,0.580000,0.370000,0.000000,48.000000,34.770000
1779334538.539517,0,0.000000,0.000000,0.000000,0.000000,279.920000,0.580000,0.370000,0.000000,48.000000,34.770000
1779334538.574516,0,0.000000,0.000000,0.000000,0.000000,279.920000,0.580000,0.370000,0.000000,48.000000,34.790000
1779334538.581516,0,0.000000,0.000000,0.000000,0.000000,279.920000,0.580000,0.370000,0.000000,48.000000,34.790000
1779334538.605016,0,0.000000,0.000000,0.000000,0.000000,279.920000,0.580000,0.370000,0.000000,48.000000,34.810000
1779334538.605516,0,0.000000,0.000000,0.000000,0.000000,152.720000,0.610000,0.400000,0.000000,48.000000,34.810000
1779334538.613017,0,0.000000,0.000000,0.000000,0.000000,152.720000,0.610000,0.400000,0.000000,48.000000,34.830000
1779334538.613017,0,0.000000,0.000000,0.000000,0.000000,152.720000,0.610000,0.400000,0.000000,48.000000,34.840000
1779334538.626016,0,0.000000,0.000000,0.000000,0.000000,152.720000,0.610000,0.400000,0.000000,48.000000,34.840000
1779334538.627517,0,0.000000,0.000000,0.000000,0.000000,152.720000,0.610000,0.400000,0.000000,48.000000,34.860000
1779334538.648016,0,0.000000,0.000000,0.000000,0.000000,-261.170000,0.620000,0.430000,0.000000,48.000000,34.880000
1779334538.657016,0,0.000000,0.000000,0.000000,0.000000,-261.170000,0.620000,0.430000,0.000000,48.000000,34.880000
1779334538.658016,0,0.000000,0.000000,0.000000,0.000000,-261.170000,0.620000,0.430000,0.000000,48.000000,34.900000
1779334538.687016,0,0.000000,0.000000,0.000000,0.000000,-261.170000,0.620000,0.430000,0.000000,48.000000,34.900000
1779334538.697516,0,0.000000,0.000000,0.000000,0.000000,255.380000,0.620000,0.460000,0.000000,48.000000,34.910000
1779334538.706516,0,0.000000,0.000000,0.000000,0.000000,255.380000,0.620000,0.460000,0.000000,48.000000,34.930000
1779334538.708017,0,0.000000,0.000000,0.000000,0.000000,255.380000,0.620000,0.460000,0.000000,48.000000,34.930000
1779334538.724016,0,0.000000,0.000000,0.000000,0.000000,255.380000,0.620000,0.460000,0.000000,48.000000,34.950000
1779334538.734016,0,0.000000,0.000000,0.000000,0.000000,255.380000,0.620000,0.460000,0.000000,48.000000,34.950000
1779334538.747016,0,0.000000,0.000000,0.000000,0.000000,167.050000,0.620000,0.500000,0.000000,48.000000,34.970000
1779334538.748016,0,0.000000,0.000000,0.000000,0.000000,167.050000,0.620000,0.500000,0.000000,48.000000,34.990000
1779334538.769017,0,0.000000,0.000000,0.000000,0.000000,167.050000,0.620000,0.500000,0.000000,48.000000,35.000000
1779334538.770016,0,0.000000,0.000000,0.000000,0.000000,167.050000,0.620000,0.500000,0.000000,48.000000,35.000000
1779334538.785017,0,0.000000,0.000000,0.000000,0.000000,167.050000,0.620000,0.500000,0.000000,48.000000,35.020000
1779334538.793517,0,0.000000,0.000000,0.000000,0.000000,224.050000,0.630000,0.510000,0.000000,48.000000,35.020000
1779334538.799016,0,0.000000,0.000000,0.000000,0.000000,224.050000,0.630000,0.510000,0.000000,48.000000,35.040000
1779334538.814515,0,0.000000,0.000000,0.000000,0.000000,224.050000,0.630000,0.510000,0.000000,48.000000,35.040000
1779334538.822016,0,0.000000,0.000000,0.000000,0.000000,224.050000,0.630000,0.510000,0.000000,48.000000,35.060000
1779334538.844516,0,0.000000,0.000000,0.000000,0.000000,-114.620000,0.620000,0.500000,0.000000,48.000000,35.080000
1779334538.859016,0,0.000000,0.000000,0.000000,0.000000,-114.620000,0.620000,0.500000,0.000000,48.000000,35.090000
1779334538.890017,0,0.000000,0.000000,0.000000,0.000000,-114.620000,0.620000,0.500000,0.000000,48.000000,35.090000
1779334538.891017,0,0.000000,0.000000,0.000000,0.000000,-114.620000,0.620000,0.500000,0.000000,48.000000,35.110000
1779334538.916017,0,0.000000,0.000000,0.000000,0.000000,-114.620000,0.620000,0.500000,0.000000,48.000000,35.110000
1779334538.916516,0,0.000000,0.000000,0.000000,0.000000,-171.630000,0.580000,0.460000,0.000000,48.000000,35.130000
1779334538.917016,0,0.000000,0.000000,0.000000,0.000000,-171.630000,0.580000,0.460000,0.000000,48.000000,35.150000
1779334538.919516,0,0.000000,0.000000,0.000000,0.000000,-171.630000,0.580000,0.460000,0.000000,48.000000,35.150000
1779334538.927516,0,0.000000,0.000000,0.000000,0.000000,-171.630000,0.580000,0.460000,0.000000,48.000000,35.150000
1779334538.942016,0,0.000000,0.000000,0.000000,0.000000,-171.630000,0.580000,0.460000,0.000000,48.000000,35.160000
1779334538.959516,0,0.000000,0.000000,0.000000,0.000000,237.360000,0.540000,0.400000,0.000000,48.000000,35.180000
1779334538.964516,0,0.000000,0.000000,0.000000,0.000000,237.360000,0.540000,0.400000,0.000000,48.000000,35.200000
1779334538.986516,0,0.000000,0.000000,0.000000,0.000000,237.360000,0.540000,0.400000,0.000000,48.000000,35.200000
1779334538.987516,0,0.000000,0.000000,0.000000,0.000000,237.360000,0.540000,0.400000,0.000000,48.000000,35.220000
1779334539.009516,0,0.000000,0.000000,0.000000,0.000000,237.360000,0.540000,0.400000,0.000000,48.000000,35.220000
1779334539.025516,0,0.000000,0.000000,0.000000,0.000000,237.360000,0.540000,0.400000,0.000000,48.000000,35.250000
1779334539.034016,0,0.000000,0.000000,0.000000,0.000000,237.360000,0.540000,0.400000,0.000000,48.000000,35.250000
1779334539.034516,0,0.000000,0.000000,0.000000,0.000000,237.360000,0.540000,0.400000,0.000000,48.000000,35.270000
1779334539.048516,0,0.000000,0.000000,0.000000,0.000000,237.360000,0.540000,0.400000,0.000000,48.000000,35.270000
1779334539.069016,0,0.000000,0.000000,0.000000,0.000000,169.710000,0.460000,0.310000,0.000000,51.000000,35.290000
1779334539.070017,0,0.000000,0.000000,0.000000,0.000000,169.710000,0.460000,0.310000,0.000000,51.000000,35.290000
1779334539.071016,0,0.000000,0.000000,0.000000,0.000000,169.710000,0.460000,0.310000,0.000000,51.000000,35.310000
1779334539.084516,0,0.000000,0.000000,0.000000,0.000000,169.710000,0.460000,0.310000,0.000000,51.000000,35.310000
1779334539.091516,0,0.000000,0.000000,0.000000,0.000000,169.710000,0.460000,0.310000,0.000000,51.000000,35.330000
1779334539.136516,0,0.000000,0.000000,0.000000,0.000000,-212.170000,0.400000,0.210000,0.000000,48.000000,35.360000
1779334539.138016,0,0.000000,0.000000,0.000000,0.000000,-212.170000,0.400000,0.210000,0.000000,48.000000,35.360000
1779334539.139016,0,0.000000,0.000000,0.000000,0.000000,-212.170000,0.400000,0.210000,0.000000,48.000000,35.360000
1779334539.160515,0,0.000000,0.000000,0.000000,0.000000,-212.170000,0.400000,0.210000,0.000000,48.000000,35.380000
1779334539.170015,0,0.000000,0.000000,0.000000,0.000000,55.040000,0.310000,0.100000,0.000000,48.000000,35.400000
1779334539.182016,0,0.000000,0.000000,0.000000,0.000000,55.040000,0.310000,0.100000,0.000000,48.000000,35.400000
1779334539.183016,0,0.000000,0.000000,0.000000,0.000000,55.040000,0.310000,0.100000,0.000000,48.000000,35.410000
1779334539.208516,0,0.000000,0.000000,0.000000,0.000000,88.120000,0.250000,0.000000,0.000000,48.000000,35.430000
1779334539.227016,0,0.000000,0.000000,0.000000,0.000000,88.120000,0.250000,0.000000,0.000000,48.000000,35.450000
1779334539.228016,0,0.000000,0.000000,0.000000,0.000000,88.120000,0.250000,0.000000,0.000000,48.000000,35.450000
1779334539.234517,0,0.000000,0.000000,0.000000,0.000000,88.120000,0.250000,0.000000,0.000000,48.000000,35.470000
1779334539.254015,0,0.000000,0.000000,0.000000,0.000000,88.120000,0.250000,0.000000,0.000000,48.000000,35.470000
1779334539.287016,0,0.000000,0.000000,0.000000,0.000000,-262.790000,0.180000,-0.070000,0.000000,48.000000,35.490000
1779334539.294516,0,0.000000,0.000000,0.000000,0.000000,-262.790000,0.180000,-0.070000,0.000000,48.000000,35.500000
1779334539.295515,0,0.000000,0.000000,0.000000,0.000000,-262.790000,0.180000,-0.070000,0.000000,48.000000,35.500000
1779334539.332016,0,0.000000,0.000000,0.000000,0.000000,-262.790000,0.180000,-0.070000,0.000000,48.000000,35.520000
1779334539.338516,0,0.000000,0.000000,0.000000,0.000000,201.190000,0.150000,-0.150000,0.000000,48.000000,35.540000
1779334539.339015,0,0.000000,0.000000,0.000000,0.000000,201.190000,0.150000,-0.150000,0.000000,48.000000,35.560000
1779334539.354516,0,0.000000,0.000000,0.000000,0.000000,201.190000,0.150000,-0.150000,0.000000,48.000000,35.580000
1779334539.355516,0,0.000000,0.000000,0.000000,0.000000,201.190000,0.150000,-0.150000,0.000000,48.000000,35.590000
1779334539.371515,0,0.000000,0.000000,0.000000,0.000000,100.980000,0.110000,-0.200000,0.000000,48.000000,35.590000
1779334539.377016,0,0.000000,0.000000,0.000000,0.000000,100.980000,0.110000,-0.200000,0.000000,48.000000,35.610000
1779334539.384516,0,0.000000,0.000000,0.000000,0.000000,100.980000,0.110000,-0.200000,0.000000,48.000000,35.610000
1779334539.399515,0,0.000000,0.000000,0.000000,0.000000,100.980000,0.110000,-0.200000,0.000000,48.000000,35.630000
1779334539.407516,0,0.000000,0.000000,0.000000,0.000000,100.980000,0.110000,-0.200000,0.000000,48.000000,35.630000
1779334539.424015,0,0.000000,0.000000,0.000000,0.000000,-131.270000,0.090000,-0.250000,0.000000,48.000000,35.650000
1779334539.429516,0,0.000000,0.000000,0.000000,0.000000,-131.270000,0.090000,-0.250000,0.000000,48.000000,35.660000
1779334539.444515,0,0.000000,0.000000,0.000000,0.000000,-131.270000,0.090000,-0.250000,0.000000,48.000000,35.680000
1779334539.452016,0,0.000000,0.000000,0.000000,0.000000,-131.270000,0.090000,-0.250000,0.000000,48.000000,35.680000
1779334539.487015,0,0.000000,0.000000,0.000000,0.000000,-131.270000,0.090000,-0.250000,0.000000,48.000000,35.700000
1779334539.488016,0,0.000000,0.000000,0.000000,0.000000,-131.270000,0.090000,-0.250000,0.000000,48.000000,35.700000
1779334539.494516,0,0.000000,0.000000,0.000000,0.000000,-131.270000,0.090000,-0.250000,0.000000,48.000000,35.720000
1779334539.495015,0,0.000000,0.000000,0.000000,0.000000,-131.270000,0.090000,-0.250000,0.000000,48.000000,35.720000
1779334539.496516,0,0.000000,0.000000,0.000000,0.000000,-131.270000,0.090000,-0.250000,0.000000,48.000000,35.740000
1779334539.519015,0,0.000000,0.000000,0.000000,0.000000,-16.720000,0.070000,-0.270000,0.000000,51.000000,35.750000
1779334539.527516,0,0.000000,0.000000,0.000000,0.000000,-16.720000,0.070000,-0.270000,0.000000,51.000000,35.770000
1779334539.542015,0,0.000000,0.000000,0.000000,0.000000,-16.720000,0.070000,-0.270000,0.000000,51.000000,35.770000
1779334539.556516,0,0.000000,0.000000,0.000000,0.000000,-16.720000,0.070000,-0.270000,0.000000,51.000000,35.790000
1779334539.557517,0,0.000000,0.000000,0.000000,0.000000,-16.720000,0.070000,-0.270000,0.000000,51.000000,35.790000
1779334539.602015,0,0.000000,0.000000,0.000000,0.000000,-296.010000,0.070000,-0.300000,0.000000,48.000000,35.810000
1779334539.603517,0,0.000000,0.000000,0.000000,0.000000,-296.010000,0.070000,-0.300000,0.000000,48.000000,35.810000
1779334539.604019,0,0.000000,0.000000,0.000000,0.000000,-296.010000,0.070000,-0.300000,0.000000,48.000000,35.830000
1779334539.605016,0,0.000000,0.000000,0.000000,0.000000,-296.010000,0.070000,-0.300000,0.000000,48.000000,35.840000
1779334539.634017,0,0.000000,0.000000,0.000000,0.000000,-22.020000,0.050000,-0.310000,0.000000,48.000000,35.860000
1779334539.647516,0,0.000000,0.000000,0.000000,0.000000,-22.020000,0.050000,-0.310000,0.000000,48.000000,35.860000
1779334539.648516,0,0.000000,0.000000,0.000000,0.000000,-22.020000,0.050000,-0.310000,0.000000,48.000000,35.880000
1779334539.662016,0,0.000000,0.000000,0.000000,0.000000,-22.020000,0.050000,-0.310000,0.000000,48.000000,35.900000
1779334539.680516,0,0.000000,0.000000,0.000000,0.000000,318.510000,0.070000,-0.310000,0.000000,48.000000,35.910000
1779334539.698515,0,0.000000,0.000000,0.000000,0.000000,318.510000,0.070000,-0.310000,0.000000,48.000000,35.930000
1779334539.714017,0,0.000000,0.000000,0.000000,0.000000,318.510000,0.070000,-0.310000,0.000000,48.000000,35.930000
1779334539.722516,0,0.000000,0.000000,0.000000,0.000000,318.510000,0.070000,-0.310000,0.000000,48.000000,35.950000
1779334539.733016,0,0.000000,0.000000,0.000000,0.000000,-256.270000,0.070000,-0.330000,0.000000,48.000000,35.950000
1779334539.737515,0,0.000000,0.000000,0.000000,0.000000,-256.270000,0.070000,-0.330000,0.000000,48.000000,35.970000
1779334539.744015,0,0.000000,0.000000,0.000000,0.000000,-256.270000,0.070000,-0.330000,0.000000,48.000000,35.970000
1779334539.766515,0,0.000000,0.000000,0.000000,0.000000,-256.270000,0.070000,-0.330000,0.000000,48.000000,35.990000
1779334539.768516,0,0.000000,0.000000,0.000000,0.000000,-256.270000,0.070000,-0.330000,0.000000,48.000000,36.000000
1779334539.783515,0,0.000000,0.000000,0.000000,0.000000,-253.860000,0.100000,-0.340000,0.000000,48.000000,36.020000
1779334539.796516,0,0.000000,0.000000,0.000000,0.000000,-253.860000,0.100000,-0.340000,0.000000,48.000000,36.020000
1779334539.797516,0,0.000000,0.000000,0.000000,0.000000,-253.860000,0.100000,-0.340000,0.000000,48.000000,36.040000
1779334539.819016,0,0.000000,0.000000,0.000000,0.000000,-253.860000,0.100000,-0.340000,0.000000,48.000000,36.040000
1779334539.827516,0,0.000000,0.000000,0.000000,0.000000,-253.860000,0.100000,-0.340000,0.000000,48.000000,36.060000
1779334539.836517,0,0.000000,0.000000,0.000000,0.000000,-248.580000,0.100000,-0.340000,0.000000,48.000000,36.060000
1779334539.842016,0,0.000000,0.000000,0.000000,0.000000,-248.580000,0.100000,-0.340000,0.000000,48.000000,36.080000
1779334539.872016,0,0.000000,0.000000,0.000000,0.000000,-248.580000,0.100000,-0.340000,0.000000,48.000000,36.090000
1779334539.873017,0,0.000000,0.000000,0.000000,0.000000,-248.580000,0.100000,-0.340000,0.000000,48.000000,36.090000
1779334539.880517,0,0.000000,0.000000,0.000000,0.000000,-248.580000,0.100000,-0.340000,0.000000,48.000000,36.110000
1779334539.894016,0,0.000000,0.000000,0.000000,0.000000,106.110000,0.120000,-0.360000,0.000000,48.000000,36.110000
1779334539.895017,0,0.000000,0.000000,0.000000,0.000000,106.110000,0.120000,-0.360000,0.000000,48.000000,36.130000
1779334539.901516,0,0.000000,0.000000,0.000000,0.000000,106.110000,0.120000,-0.360000,0.000000,48.000000,36.150000
1779334539.909516,0,0.000000,0.000000,0.000000,0.000000,106.110000,0.120000,-0.360000,0.000000,48.000000,36.150000
1779334539.947516,0,0.000000,0.000000,0.000000,0.000000,-277.600000,0.180000,-0.340000,0.000000,48.000000,36.180000
1779334539.954016,0,0.000000,0.000000,0.000000,0.000000,-277.600000,0.180000,-0.340000,0.000000,48.000000,36.180000
1779334539.961516,0,0.000000,0.000000,0.000000,0.000000,-277.600000,0.180000,-0.340000,0.000000,48.000000,36.200000
1779334539.991515,0,0.000000,0.000000,0.000000,0.000000,-277.600000,0.180000,-0.340000,0.000000,48.000000,36.200000
1779334540.001016,0,0.000000,0.000000,0.000000,0.000000,-295.510000,0.250000,-0.280000,0.000000,48.000000,36.220000
1779334540.002017,0,0.000000,0.000000,0.000000,0.000000,-295.510000,0.250000,-0.280000,0.000000,48.000000,36.240000
1779334540.014016,0,0.000000,0.000000,0.000000,0.000000,-295.510000,0.250000,-0.280000,0.000000,48.000000,36.250000
1779334540.015016,0,0.000000,0.000000,0.000000,0.000000,-295.510000,0.250000,-0.280000,0.000000,48.000000,36.250000
1779334540.037516,0,0.000000,0.000000,0.000000,0.000000,-295.510000,0.250000,-0.280000,0.000000,48.000000,36.270000
1779334540.038017,0,0.000000,0.000000,0.000000,0.000000,305.800000,0.330000,-0.200000,0.000000,48.000000,36.270000
1779334540.048016,0,0.000000,0.000000,0.000000,0.000000,305.800000,0.330000,-0.200000,0.000000,48.000000,36.290000
1779334540.059515,0,0.000000,0.000000,0.000000,0.000000,305.800000,0.330000,-0.200000,0.000000,48.000000,36.290000
1779334540.067016,0,0.000000,0.000000,0.000000,0.000000,305.800000,0.330000,-0.200000,0.000000,48.000000,36.310000
1779334540.099515,0,0.000000,0.000000,0.000000,0.000000,-29.610000,0.400000,-0.090000,0.000000,48.000000,36.330000
1779334540.104516,0,0.000000,0.000000,0.000000,0.000000,-29.610000,0.400000,-0.090000,0.000000,48.000000,36.340000
1779334540.119516,0,0.000000,0.000000,0.000000,0.000000,-29.610000,0.400000,-0.090000,0.000000,48.000000,36.340000
1779334540.127017,0,0.000000,0.000000,0.000000,0.000000,-29.610000,0.400000,-0.090000,0.000000,48.000000,36.360000
1779334540.160016,0,0.000000,0.000000,0.000000,0.000000,311.820000,0.440000,0.000000,0.000000,48.000000,36.380000
1779334540.160516,0,0.000000,0.000000,0.000000,0.000000,311.820000,0.440000,0.000000,0.000000,48.000000,36.400000
1779334540.171515,0,0.000000,0.000000,0.000000,0.000000,311.820000,0.440000,0.000000,0.000000,48.000000,36.400000
1779334540.179015,0,0.000000,0.000000,0.000000,0.000000,311.820000,0.440000,0.000000,0.000000,48.000000,36.410000
1779334540.214516,0,0.000000,0.000000,0.000000,0.000000,241.490000,0.500000,0.090000,0.000000,48.000000,36.430000
1779334540.215015,0,0.000000,0.000000,0.000000,0.000000,241.490000,0.500000,0.090000,0.000000,48.000000,36.430000
1779334540.221015,0,0.000000,0.000000,0.000000,0.000000,241.490000,0.500000,0.090000,0.000000,48.000000,36.450000
1779334540.224015,0,0.000000,0.000000,0.000000,0.000000,241.490000,0.500000,0.090000,0.000000,48.000000,36.450000
1779334540.254516,0,0.000000,0.000000,0.000000,0.000000,241.490000,0.500000,0.090000,0.000000,48.000000,36.470000
1779334540.255516,0,0.000000,0.000000,0.000000,0.000000,-130.940000,0.540000,0.150000,0.000000,48.000000,36.490000
1779334540.256017,0,0.000000,0.000000,0.000000,0.000000,-130.940000,0.540000,0.150000,0.000000,48.000000,36.500000
1779334540.269515,0,0.000000,0.000000,0.000000,0.000000,-130.940000,0.540000,0.150000,0.000000,48.000000,36.500000
1779334540.292016,0,0.000000,0.000000,0.000000,0.000000,-130.940000,0.540000,0.150000,0.000000,48.000000,36.500000
1779334540.300515,0,0.000000,0.000000,0.000000,0.000000,-130.940000,0.540000,0.150000,0.000000,48.000000,36.520000
1779334540.309015,0,0.000000,0.000000,0.000000,0.000000,-297.910000,0.570000,0.180000,0.000000,48.000000,36.540000
1779334540.314515,0,0.000000,0.000000,0.000000,0.000000,-297.910000,0.570000,0.180000,0.000000,48.000000,36.540000
1779334540.322016,0,0.000000,0.000000,0.000000,0.000000,-297.910000,0.570000,0.180000,0.000000,48.000000,36.560000
1779334540.329016,0,0.000000,0.000000,0.000000,0.000000,-297.910000,0.570000,0.180000,0.000000,48.000000,36.560000
1779334540.351015,0,0.000000,0.000000,0.000000,0.000000,-297.910000,0.570000,0.180000,0.000000,48.000000,36.580000
1779334540.367516,0,0.000000,0.000000,0.000000,0.000000,-206.710000,0.600000,0.200000,0.000000,48.000000,36.590000
1779334540.368517,0,0.000000,0.000000,0.000000,0.000000,-206.710000,0.600000,0.200000,0.000000,48.000000,36.590000
1779334540.374016,0,0.000000,0.000000,0.000000,0.000000,-206.710000,0.600000,0.200000,0.000000,48.000000,36.610000
1779334540.381516,0,0.000000,0.000000,0.000000,0.000000,-206.710000,0.600000,0.200000,0.000000,48.000000,36.610000
1779334540.420017,0,0.000000,0.000000,0.000000,0.000000,-206.710000,0.600000,0.200000,0.000000,48.000000,36.630000
1779334540.429015,0,0.000000,0.000000,0.000000,0.000000,17.630000,0.610000,0.200000,0.000000,48.000000,36.630000
1779334540.429515,0,0.000000,0.000000,0.000000,0.000000,17.630000,0.610000,0.200000,0.000000,48.000000,36.650000
1779334540.429515,0,0.000000,0.000000,0.000000,0.000000,17.630000,0.610000,0.200000,0.000000,48.000000,36.650000
1779334540.441516,0,0.000000,0.000000,0.000000,0.000000,17.630000,0.610000,0.200000,0.000000,48.000000,36.660000
1779334540.472515,0,0.000000,0.000000,0.000000,0.000000,17.630000,0.610000,0.200000,0.000000,48.000000,36.680000
1779334540.473015,0,0.000000,0.000000,0.000000,0.000000,110.150000,0.620000,0.200000,0.000000,48.000000,36.680000
1779334540.481516,0,0.000000,0.000000,0.000000,0.000000,110.150000,0.620000,0.200000,0.000000,48.000000,36.700000
1779334540.482017,0,0.000000,0.000000,0.000000,0.000000,110.150000,0.620000,0.200000,0.000000,48.000000,36.700000
1779334540.487515,0,0.000000,0.000000,0.000000,0.000000,110.150000,0.620000,0.200000,0.000000,48.000000,36.720000
1779334540.494015,0,0.000000,0.000000,0.000000,0.000000,110.150000,0.620000,0.200000,0.000000,48.000000,36.720000
1779334540.523016,0,0.000000,0.000000,0.000000,0.000000,-87.800000,0.620000,0.200000,0.000000,48.000000,36.750000
1779334540.523516,0,0.000000,0.000000,0.000000,0.000000,-87.800000,0.620000,0.200000,0.000000,48.000000,36.750000
1779334540.532016,0,0.000000,0.000000,0.000000,0.000000,-87.800000,0.620000,0.200000,0.000000,48.000000,36.770000
1779334540.539016,0,0.000000,0.000000,0.000000,0.000000,-87.800000,0.620000,0.200000,0.000000,48.000000,36.770000
1779334540.546516,0,0.000000,0.000000,0.000000,0.000000,-87.800000,0.620000,0.200000,0.000000,48.000000,36.790000
1779334540.562016,0,0.000000,0.000000,0.000000,0.000000,-42.130000,0.620000,0.200000,0.000000,48.000000,36.790000
1779334540.569515,0,0.000000,0.000000,0.000000,0.000000,-42.130000,0.620000,0.200000,0.000000,48.000000,36.810000
1779334540.584516,0,0.000000,0.000000,0.000000,0.000000,-42.130000,0.620000,0.200000,0.000000,48.000000,36.810000
1779334540.592016,0,0.000000,0.000000,0.000000,0.000000,-42.130000,0.620000,0.200000,0.000000,48.000000,36.830000
1779334540.622015,0,0.000000,0.000000,0.000000,0.000000,-42.130000,0.620000,0.200000,0.000000,48.000000,36.840000
1779334540.622515,0,0.000000,0.000000,0.000000,0.000000,-326.750000,0.620000,0.180000,0.000000,48.000000,36.860000
1779334540.631516,0,0.000000,0.000000,0.000000,0.000000,-326.750000,0.620000,0.180000,0.000000,48.000000,36.860000
1779334540.637016,0,0.000000,0.000000,0.000000,0.000000,-326.750000,0.620000,0.180000,0.000000,48.000000,36.880000
1779334540.688516,0,0.000000,0.000000,0.000000,0.000000,-176.630000,0.620000,0.150000,0.000000,48.000000,36.900000
1779334540.689017,0,0.000000,0.000000,0.000000,0.000000,-176.630000,0.620000,0.150000,0.000000,48.000000,36.900000
1779334540.697516,0,0.000000,0.000000,0.000000,0.000000,-176.630000,0.620000,0.150000,0.000000,48.000000,36.910000
1779334540.698017,0,0.000000,0.000000,0.000000,0.000000,-176.630000,0.620000,0.150000,0.000000,48.000000,36.930000
1779334540.718515,0,0.000000,0.000000,0.000000,0.000000,-176.940000,0.610000,0.120000,0.000000,48.000000,36.950000
1779334540.728016,0,0.000000,0.000000,0.000000,0.000000,-176.940000,0.610000,0.120000,0.000000,48.000000,36.950000
1779334540.750015,0,0.000000,0.000000,0.000000,0.000000,-176.940000,0.610000,0.120000,0.000000,48.000000,36.970000
1779334540.751016,0,0.000000,0.000000,0.000000,0.000000,-176.940000,0.610000,0.120000,0.000000,48.000000,36.970000
1779334540.786515,0,0.000000,0.000000,0.000000,0.000000,-176.940000,0.610000,0.120000,0.000000,48.000000,36.990000
1779334540.794017,0,0.000000,0.000000,0.000000,0.000000,309.640000,0.580000,0.090000,0.000000,48.000000,37.000000
1779334540.795015,0,0.000000,0.000000,0.000000,0.000000,309.640000,0.580000,0.090000,0.000000,48.000000,37.020000
1779334540.796016,0,0.000000,0.000000,0.000000,0.000000,309.640000,0.580000,0.090000,0.000000,48.000000,37.020000
1779334540.801516,0,0.000000,0.000000,0.000000,0.000000,309.640000,0.580000,0.090000,0.000000,48.000000,37.040000
1779334540.817015,0,0.000000,0.000000,0.000000,0.000000,309.640000,0.580000,0.090000,0.000000,48.000000,37.040000
1779334540.832515,0,0.000000,0.000000,0.000000,0.000000,-250.220000,0.520000,0.020000,0.000000,48.000000,37.060000
1779334540.839015,0,0.000000,0.000000,0.000000,0.000000,-250.220000,0.520000,0.020000,0.000000,48.000000,37.080000
1779334540.854515,0,0.000000,0.000000,0.000000,0.000000,-250.220000,0.520000,0.020000,0.000000,48.000000,37.090000
1779334540.885015,0,0.000000,0.000000,0.000000,0.000000,-250.220000,0.520000,0.020000,0.000000,48.000000,37.090000
1779334540.885516,0,0.000000,0.000000,0.000000,0.000000,38.130000,0.430000,-0.050000,0.000000,48.000000,37.110000
1779334540.893515,0,0.000000,0.000000,0.000000,0.000000,38.130000,0.430000,-0.050000,0.000000,48.000000,37.130000
1779334540.921515,0,0.000000,0.000000,0.000000,0.000000,38.130000,0.430000,-0.050000,0.000000,48.000000,37.130000
1779334540.922515,0,0.000000,0.000000,0.000000,0.000000,38.130000,0.430000,-0.050000,0.000000,48.000000,37.150000
1779334540.936015,0,0.000000,0.000000,0.000000,0.000000,-96.080000,0.340000,-0.120000,0.000000,48.000000,37.150000
1779334540.936515,0,0.000000,0.000000,0.000000,0.000000,-96.080000,0.340000,-0.120000,0.000000,48.000000,37.160000
1779334540.944016,0,0.000000,0.000000,0.000000,0.000000,-96.080000,0.340000,-0.120000,0.000000,48.000000,37.180000
1779334540.959516,0,0.000000,0.000000,0.000000,0.000000,-96.080000,0.340000,-0.120000,0.000000,48.000000,37.180000
1779334540.967016,0,0.000000,0.000000,0.000000,0.000000,-96.080000,0.340000,-0.120000,0.000000,48.000000,37.200000
1779334540.975516,0,0.000000,0.000000,0.000000,0.000000,89.190000,0.270000,-0.180000,0.000000,48.000000,37.200000
1779334540.982015,0,0.000000,0.000000,0.000000,0.000000,89.190000,0.270000,-0.180000,0.000000,48.000000,37.220000
1779334540.989515,0,0.000000,0.000000,0.000000,0.000000,89.190000,0.270000,-0.180000,0.000000,48.000000,37.220000
1779334541.026516,0,0.000000,0.000000,0.000000,0.000000,89.190000,0.270000,-0.180000,0.000000,48.000000,37.240000
1779334541.041516,0,0.000000,0.000000,0.000000,0.000000,89.190000,0.270000,-0.180000,0.000000,48.000000,37.250000
1779334541.042015,0,0.000000,0.000000,0.000000,0.000000,86.510000,0.200000,-0.230000,0.000000,48.000000,37.250000
1779334541.049515,0,0.000000,0.000000,0.000000,0.000000,86.510000,0.200000,-0.230000,0.000000,48.000000,37.270000
1779334541.050016,0,0.000000,0.000000,0.000000,0.000000,86.510000,0.200000,-0.230000,0.000000,48.000000,37.270000
1779334541.057016,0,0.000000,0.000000,0.000000,0.000000,86.510000,0.200000,-0.230000,0.000000,48.000000,37.290000
1779334541.079016,0,0.000000,0.000000,0.000000,0.000000,86.510000,0.200000,-0.230000,0.000000,48.000000,37.290000
1779334541.087016,0,0.000000,0.000000,0.000000,0.000000,-319.510000,0.150000,-0.270000,0.000000,48.000000,37.310000
1779334541.087517,0,0.000000,0.000000,0.000000,0.000000,-319.510000,0.150000,-0.270000,0.000000,48.000000,37.330000
1779334541.109015,0,0.000000,0.000000,0.000000,0.000000,-319.510000,0.150000,-0.270000,0.000000,48.000000,37.340000
1779334541.110015,0,0.000000,0.000000,0.000000,0.000000,-319.510000,0.150000,-0.270000,0.000000,48.000000,37.340000
1779334541.124015,0,0.000000,0.000000,0.000000,0.000000,-319.510000,0.150000,-0.270000,0.000000,48.000000,37.360000
1779334541.133017,0,0.000000,0.000000,0.000000,0.000000,-12.770000,0.110000,-0.280000,0.000000,48.000000,37.360000
1779334541.144017,0,0.000000,0.000000,0.000000,0.000000,-12.770000,0.110000,-0.280000,0.000000,48.000000,37.380000
1779334541.147016,0,0.000000,0.000000,0.000000,0.000000,-12.770000,0.110000,-0.280000,0.000000,48.000000,37.380000
1779334541.162015,0,0.000000,0.000000,0.000000,0.000000,-12.770000,0.110000,-0.280000,0.000000,48.000000,37.400000
1779334541.177016,0,0.000000,0.000000,0.000000,0.000000,-12.770000,0.110000,-0.280000,0.000000,48.000000,37.400000
1779334541.197016,0,0.000000,0.000000,0.000000,0.000000,10.680000,0.100000,-0.310000,0.000000,48.000000,37.410000
1779334541.197516,0,0.000000,0.000000,0.000000,0.000000,10.680000,0.100000,-0.310000,0.000000,48.000000,37.430000
1779334541.214516,0,0.000000,0.000000,0.000000,0.000000,10.680000,0.100000,-0.310000,0.000000,48.000000,37.430000
1779334541.215516,0,0.000000,0.000000,0.000000,0.000000,10.680000,0.100000,-0.310000,0.000000,48.000000,37.450000
1779334541.228516,0,0.000000,0.000000,0.000000,0.000000,10.680000,0.100000,-0.310000,0.000000,48.000000,37.450000
1779334541.237016,0,0.000000,0.000000,0.000000,0.000000,118.450000,0.090000,-0.310000,0.000000,48.000000,37.470000
1779334541.260098,0,0.000000,0.000000,0.000000,0.000000,118.450000,0.090000,-0.310000,0.000000,48.000000,37.470000
1779334541.261016,0,0.000000,0.000000,0.000000,0.000000,118.450000,0.090000,-0.310000,0.000000,48.000000,37.490000
1779334541.266515,0,0.000000,0.000000,0.000000,0.000000,118.450000,0.090000,-0.310000,0.000000,48.000000,37.500000
1779334541.296017,0,0.000000,0.000000,0.000000,0.000000,-289.970000,0.070000,-0.310000,0.000000,48.000000,37.520000
1779334541.297516,0,0.000000,0.000000,0.000000,0.000000,-289.970000,0.070000,-0.310000,0.000000,48.000000,37.540000
1779334541.312016,0,0.000000,0.000000,0.000000,0.000000,-289.970000,0.070000,-0.310000,0.000000,48.000000,37.540000
1779334541.319016,0,0.000000,0.000000,0.000000,0.000000,-289.970000,0.070000,-0.310000,0.000000,48.000000,37.560000
1779334541.345515,0,0.000000,0.000000,0.000000,0.000000,-289.970000,0.070000,-0.310000,0.000000,48.000000,37.560000
1779334541.353015,0,0.000000,0.000000,0.000000,0.000000,84.160000,0.070000,-0.330000,0.000000,48.000000,37.580000
1779334541.357016,0,0.000000,0.000000,0.000000,0.000000,84.160000,0.070000,-0.330000,0.000000,48.000000,37.590000
1779334541.364016,0,0.000000,0.000000,0.000000,0.000000,84.160000,0.070000,-0.330000,0.000000,48.000000,37.590000
1779334541.386015,0,0.000000,0.000000,0.000000,0.000000,84.160000,0.070000,-0.330000,0.000000,48.000000,37.610000
1779334541.394016,0,0.000000,0.000000,0.000000,0.000000,-90.230000,0.070000,-0.330000,0.000000,48.000000,37.630000
1779334541.409015,0,0.000000,0.000000,0.000000,0.000000,-90.230000,0.070000,-0.330000,0.000000,48.000000,37.630000
1779334541.410015,0,0.000000,0.000000,0.000000,0.000000,-90.230000,0.070000,-0.330000,0.000000,48.000000,37.650000
1779334541.432015,0,0.000000,0.000000,0.000000,0.000000,-90.230000,0.070000,-0.330000,0.000000,48.000000,37.650000
1779334541.439015,0,0.000000,0.000000,0.000000,0.000000,-90.230000,0.070000,-0.330000,0.000000,48.000000,37.660000
1779334541.447016,0,0.000000,0.000000,0.000000,0.000000,-159.500000,0.050000,-0.340000,0.000000,48.000000,37.680000
1779334541.461516,0,0.000000,0.000000,0.000000,0.000000,-159.500000,0.050000,-0.340000,0.000000,48.000000,37.680000
1779334541.462516,0,0.000000,0.000000,0.000000,0.000000,-159.500000,0.050000,-0.340000,0.000000,48.000000,37.700000
1779334541.492016,0,0.000000,0.000000,0.000000,0.000000,-159.500000,0.050000,-0.340000,0.000000,48.000000,37.700000
1779334541.493016,0,0.000000,0.000000,0.000000,0.000000,-159.500000,0.050000,-0.340000,0.000000,48.000000,37.720000
1779334541.499515,0,0.000000,0.000000,0.000000,0.000000,55.520000,0.050000,-0.340000,0.000000,48.000000,37.740000
1779334541.507515,0,0.000000,0.000000,0.000000,0.000000,55.520000,0.050000,-0.340000,0.000000,48.000000,37.750000
1779334541.522016,0,0.000000,0.000000,0.000000,0.000000,55.520000,0.050000,-0.340000,0.000000,48.000000,37.750000
1779334541.536515,0,0.000000,0.000000,0.000000,0.000000,55.520000,0.050000,-0.340000,0.000000,48.000000,37.770000
1779334541.544515,0,0.000000,0.000000,0.000000,0.000000,55.520000,0.050000,-0.340000,0.000000,48.000000,37.770000
1779334541.554016,0,0.000000,0.000000,0.000000,0.000000,272.480000,0.070000,-0.340000,0.000000,48.000000,37.790000
1779334541.559016,0,0.000000,0.000000,0.000000,0.000000,272.480000,0.070000,-0.340000,0.000000,48.000000,37.790000
1779334541.560016,0,0.000000,0.000000,0.000000,0.000000,272.480000,0.070000,-0.340000,0.000000,48.000000,37.810000
1779334541.582015,0,0.000000,0.000000,0.000000,0.000000,272.480000,0.070000,-0.340000,0.000000,48.000000,37.810000
1779334541.597016,0,0.000000,0.000000,0.000000,0.000000,272.480000,0.070000,-0.340000,0.000000,48.000000,37.830000
1779334541.612015,0,0.000000,0.000000,0.000000,0.000000,272.480000,0.070000,-0.340000,0.000000,48.000000,37.840000
1779334541.613016,0,0.000000,0.000000,0.000000,0.000000,272.480000,0.070000,-0.340000,0.000000,48.000000,37.840000
1779334541.619016,0,0.000000,0.000000,0.000000,0.000000,272.480000,0.070000,-0.340000,0.000000,48.000000,37.860000
1779334541.634015,0,0.000000,0.000000,0.000000,0.000000,272.480000,0.070000,-0.340000,0.000000,48.000000,37.860000
1779334541.649516,0,0.000000,0.000000,0.000000,0.000000,-69.760000,0.070000,-0.340000,0.000000,51.000000,37.880000
1779334541.659015,0,0.000000,0.000000,0.000000,0.000000,-69.760000,0.070000,-0.340000,0.000000,51.000000,37.900000
1779334541.659515,0,0.000000,0.000000,0.000000,0.000000,-69.760000,0.070000,-0.340000,0.000000,51.000000,37.900000
1779334541.679515,0,0.000000,0.000000,0.000000,0.000000,-69.760000,0.070000,-0.340000,0.000000,51.000000,37.910000
1779334541.702515,0,0.000000,0.000000,0.000000,0.000000,-69.760000,0.070000,-0.340000,0.000000,51.000000,37.930000
1779334541.711017,0,0.000000,0.000000,0.000000,0.000000,88.300000,0.110000,-0.370000,0.000000,48.000000,37.930000
1779334541.723515,0,0.000000,0.000000,0.000000,0.000000,88.300000,0.110000,-0.370000,0.000000,48.000000,37.950000
1779334541.724515,0,0.000000,0.000000,0.000000,0.000000,88.300000,0.110000,-0.370000,0.000000,48.000000,37.950000
1779334541.747016,0,0.000000,0.000000,0.000000,0.000000,88.300000,0.110000,-0.370000,0.000000,48.000000,37.970000
1779334541.755515,0,0.000000,0.000000,0.000000,0.000000,88.300000,0.110000,-0.370000,0.000000,48.000000,37.970000
1779334541.764015,0,0.000000,0.000000,0.000000,0.000000,-304.950000,0.210000,-0.310000,0.000000,48.000000,38.000000
1779334541.769015,0,0.000000,0.000000,0.000000,0.000000,-304.950000,0.210000,-0.310000,0.000000,48.000000,38.000000
1779334541.776515,0,0.000000,0.000000,0.000000,0.000000,-304.950000,0.210000,-0.310000,0.000000,48.000000,38.020000
1779334541.806016,0,0.000000,0.000000,0.000000,0.000000,-304.950000,0.210000,-0.310000,0.000000,48.000000,38.020000
1779334541.813515,0,0.000000,0.000000,0.000000,0.000000,-304.950000,0.210000,-0.310000,0.000000,48.000000,38.040000
1779334541.822516,0,0.000000,0.000000,0.000000,0.000000,-304.950000,0.210000,-0.310000,0.000000,48.000000,38.040000
1779334541.851516,0,0.000000,0.000000,0.000000,0.000000,-304.950000,0.210000,-0.310000,0.000000,48.000000,38.060000
1779334541.852516,0,0.000000,0.000000,0.000000,0.000000,-304.950000,0.210000,-0.310000,0.000000,48.000000,38.060000
1779334541.860515,0,0.000000,0.000000,0.000000,0.000000,-304.950000,0.210000,-0.310000,0.000000,48.000000,38.080000
1779334541.889015,0,0.000000,0.000000,0.000000,0.000000,-170.190000,0.310000,-0.230000,0.000000,51.000000,38.090000
1779334541.890015,0,0.000000,0.000000,0.000000,0.000000,-170.190000,0.310000,-0.230000,0.000000,51.000000,38.110000
1779334541.890515,0,0.000000,0.000000,0.000000,0.000000,-170.190000,0.310000,-0.230000,0.000000,51.000000,38.110000
1779334541.891015,0,0.000000,0.000000,0.000000,0.000000,-170.190000,0.310000,-0.230000,0.000000,51.000000,38.130000
1779334541.911515,0,0.000000,0.000000,0.000000,0.000000,-170.190000,0.310000,-0.230000,0.000000,51.000000,38.130000
1779334541.920518,0,0.000000,0.000000,0.000000,0.000000,284.800000,0.400000,-0.100000,0.000000,48.000000,38.150000
1779334541.941015,0,0.000000,0.000000,0.000000,0.000000,284.800000,0.400000,-0.100000,0.000000,48.000000,38.150000
1779334541.942516,0,0.000000,0.000000,0.000000,0.000000,284.800000,0.400000,-0.100000,0.000000,48.000000,38.160000
1779334541.943516,0,0.000000,0.000000,0.000000,0.000000,284.800000,0.400000,-0.100000,0.000000,48.000000,38.180000
1779334541.965015,0,0.000000,0.000000,0.000000,0.000000,-84.720000,0.460000,0.000000,0.000000,48.000000,38.200000
1779334541.986516,0,0.000000,0.000000,0.000000,0.000000,-84.720000,0.460000,0.000000,0.000000,48.000000,38.200000
1779334541.987016,0,0.000000,0.000000,0.000000,0.000000,-84.720000,0.460000,0.000000,0.000000,48.000000,38.220000
1779334541.994015,0,0.000000,0.000000,0.000000,0.000000,-84.720000,0.460000,0.000000,0.000000,48.000000,38.220000
1779334542.025515,0,0.000000,0.000000,0.000000,0.000000,-33.810000,0.510000,0.070000,0.000000,48.000000,38.250000
1779334542.026016,0,0.000000,0.000000,0.000000,0.000000,-33.810000,0.510000,0.070000,0.000000,48.000000,38.270000
1779334542.046515,0,0.000000,0.000000,0.000000,0.000000,-33.810000,0.510000,0.070000,0.000000,48.000000,38.270000
1779334542.047515,0,0.000000,0.000000,0.000000,0.000000,-33.810000,0.510000,0.070000,0.000000,48.000000,38.270000
1779334542.078017,0,0.000000,0.000000,0.000000,0.000000,-33.810000,0.510000,0.070000,0.000000,48.000000,38.290000
1779334542.079015,0,0.000000,0.000000,0.000000,0.000000,-75.400000,0.550000,0.140000,0.000000,48.000000,38.310000
1779334542.080016,0,0.000000,0.000000,0.000000,0.000000,-75.400000,0.550000,0.140000,0.000000,48.000000,38.310000
1779334542.084015,0,0.000000,0.000000,0.000000,0.000000,-75.400000,0.550000,0.140000,0.000000,48.000000,38.330000
1779334542.091515,0,0.000000,0.000000,0.000000,0.000000,-75.400000,0.550000,0.140000,0.000000,48.000000,38.340000
1779334542.143515,0,0.000000,0.000000,0.000000,0.000000,170.800000,0.570000,0.150000,0.000000,48.000000,38.340000
1779334542.144515,0,0.000000,0.000000,0.000000,0.000000,170.800000,0.570000,0.150000,0.000000,48.000000,38.360000
1779334542.145515,0,0.000000,0.000000,0.000000,0.000000,170.800000,0.570000,0.150000,0.000000,48.000000,38.360000
1779334542.146516,0,0.000000,0.000000,0.000000,0.000000,170.800000,0.570000,0.150000,0.000000,48.000000,38.380000
1779334542.182016,0,0.000000,0.000000,0.000000,0.000000,170.800000,0.570000,0.150000,0.000000,48.000000,38.400000
1779334542.182517,0,0.000000,0.000000,0.000000,0.000000,303.390000,0.600000,0.180000,0.000000,48.000000,38.410000
1779334542.196516,0,0.000000,0.000000,0.000000,0.000000,303.390000,0.600000,0.180000,0.000000,48.000000,38.430000
1779334542.203515,0,0.000000,0.000000,0.000000,0.000000,303.390000,0.600000,0.180000,0.000000,48.000000,38.430000
1779334542.226516,0,0.000000,0.000000,0.000000,0.000000,303.390000,0.600000,0.180000,0.000000,48.000000,38.450000
1779334542.227516,0,0.000000,0.000000,0.000000,0.000000,-237.880000,0.610000,0.150000,0.000000,48.000000,38.470000
1779334542.234015,0,0.000000,0.000000,0.000000,0.000000,-237.880000,0.610000,0.150000,0.000000,48.000000,38.470000
1779334542.257015,0,0.000000,0.000000,0.000000,0.000000,-237.880000,0.610000,0.150000,0.000000,48.000000,38.490000
1779334542.264015,0,0.000000,0.000000,0.000000,0.000000,-237.880000,0.610000,0.150000,0.000000,48.000000,38.500000
1779334542.272516,0,0.000000,0.000000,0.000000,0.000000,322.070000,0.610000,0.150000,0.000000,48.000000,38.500000
1779334542.279516,0,0.000000,0.000000,0.000000,0.000000,322.070000,0.610000,0.150000,0.000000,48.000000,38.520000
1779334542.287016,0,0.000000,0.000000,0.000000,0.000000,322.070000,0.610000,0.150000,0.000000,48.000000,38.520000
1779334542.302516,0,0.000000,0.000000,0.000000,0.000000,322.070000,0.610000,0.150000,0.000000,48.000000,38.540000
1779334542.309015,0,0.000000,0.000000,0.000000,0.000000,322.070000,0.610000,0.150000,0.000000,48.000000,38.540000
1779334542.334015,0,0.000000,0.000000,0.000000,0.000000,322.070000,0.610000,0.150000,0.000000,48.000000,38.560000
1779334542.341015,0,0.000000,0.000000,0.000000,0.000000,-149.190000,0.610000,0.120000,0.000000,48.000000,38.580000
1779334542.369516,0,0.000000,0.000000,0.000000,0.000000,-149.190000,0.610000,0.120000,0.000000,48.000000,38.590000
1779334542.370515,0,0.000000,0.000000,0.000000,0.000000,-149.190000,0.610000,0.120000,0.000000,48.000000,38.590000
1779334542.399015,0,0.000000,0.000000,0.000000,0.000000,-222.740000,0.610000,0.110000,0.000000,48.000000,38.610000
1779334542.400015,0,0.000000,0.000000,0.000000,0.000000,-222.740000,0.610000,0.110000,0.000000,48.000000,38.630000
1779334542.401015,0,0.000000,0.000000,0.000000,0.000000,-222.740000,0.610000,0.110000,0.000000,48.000000,38.630000
1779334542.406515,0,0.000000,0.000000,0.000000,0.000000,-222.740000,0.610000,0.110000,0.000000,48.000000,38.650000
1779334542.437016,0,0.000000,0.000000,0.000000,0.000000,-222.740000,0.610000,0.110000,0.000000,48.000000,38.650000
1779334542.445015,0,0.000000,0.000000,0.000000,0.000000,-118.120000,0.600000,0.100000,0.000000,48.000000,38.660000
1779334542.451515,0,0.000000,0.000000,0.000000,0.000000,-118.120000,0.600000,0.100000,0.000000,48.000000,38.680000
1779334542.467016,0,0.000000,0.000000,0.000000,0.000000,-118.120000,0.600000,0.100000,0.000000,48.000000,38.680000
1779334542.468015,0,0.000000,0.000000,0.000000,0.000000,-118.120000,0.600000,0.100000,0.000000,48.000000,38.700000
1779334542.482015,0,0.000000,0.000000,0.000000,0.000000,-118.120000,0.600000,0.100000,0.000000,48.000000,38.700000
1779334542.490515,0,0.000000,0.000000,0.000000,0.000000,132.130000,0.570000,0.050000,0.000000,48.000000,38.720000
1779334542.491515,0,0.000000,0.000000,0.000000,0.000000,132.130000,0.570000,0.050000,0.000000,48.000000,38.720000
1779334542.505016,0,0.000000,0.000000,0.000000,0.000000,132.130000,0.570000,0.050000,0.000000,48.000000,38.740000
1779334542.511515,0,0.000000,0.000000,0.000000,0.000000,132.130000,0.570000,0.050000,0.000000,48.000000,38.750000
1779334542.542015,0,0.000000,0.000000,0.000000,0.000000,132.130000,0.570000,0.050000,0.000000,48.000000,38.750000
1779334542.542015,0,0.000000,0.000000,0.000000,0.000000,-255.270000,0.500000,-0.010000,0.000000,48.000000,38.770000
1779334542.551017,0,0.000000,0.000000,0.000000,0.000000,-255.270000,0.500000,-0.010000,0.000000,48.000000,38.790000
1779334542.556516,0,0.000000,0.000000,0.000000,0.000000,-255.270000,0.500000,-0.010000,0.000000,48.000000,38.790000
1779334542.572016,0,0.000000,0.000000,0.000000,0.000000,-255.270000,0.500000,-0.010000,0.000000,48.000000,38.790000
1779334542.594515,0,0.000000,0.000000,0.000000,0.000000,-255.270000,0.500000,-0.010000,0.000000,48.000000,38.810000
1779334542.601516,0,0.000000,0.000000,0.000000,0.000000,-97.660000,0.400000,-0.100000,0.000000,48.000000,38.830000
1779334542.602515,0,0.000000,0.000000,0.000000,0.000000,-97.660000,0.400000,-0.100000,0.000000,48.000000,38.840000
1779334542.616516,0,0.000000,0.000000,0.000000,0.000000,-97.660000,0.400000,-0.100000,0.000000,48.000000,38.840000
1779334542.639016,0,0.000000,0.000000,0.000000,0.000000,-97.660000,0.400000,-0.100000,0.000000,48.000000,38.860000
1779334542.640015,0,0.000000,0.000000,0.000000,0.000000,180.550000,0.310000,-0.180000,0.000000,48.000000,38.880000
1779334542.661515,0,0.000000,0.000000,0.000000,0.000000,180.550000,0.310000,-0.180000,0.000000,48.000000,38.880000
1779334542.663017,0,0.000000,0.000000,0.000000,0.000000,180.550000,0.310000,-0.180000,0.000000,48.000000,38.900000
1779334542.669515,0,0.000000,0.000000,0.000000,0.000000,180.550000,0.310000,-0.180000,0.000000,48.000000,38.900000
1779334542.692516,0,0.000000,0.000000,0.000000,0.000000,180.550000,0.310000,-0.180000,0.000000,48.000000,38.900000
1779334542.693016,0,0.000000,0.000000,0.000000,0.000000,-186.830000,0.230000,-0.250000,0.000000,48.000000,38.930000
1779334542.706015,0,0.000000,0.000000,0.000000,0.000000,-186.830000,0.230000,-0.250000,0.000000,48.000000,38.930000
1779334542.707015,0,0.000000,0.000000,0.000000,0.000000,-186.830000,0.230000,-0.250000,0.000000,48.000000,38.950000
1779334542.714015,0,0.000000,0.000000,0.000000,0.000000,-186.830000,0.230000,-0.250000,0.000000,48.000000,38.950000
1779334542.736516,0,0.000000,0.000000,0.000000,0.000000,-186.830000,0.230000,-0.250000,0.000000,48.000000,38.970000
1779334542.744015,0,0.000000,0.000000,0.000000,0.000000,-159.690000,0.170000,-0.280000,0.000000,48.000000,38.970000
1779334542.752015,0,0.000000,0.000000,0.000000,0.000000,-159.690000,0.170000,-0.280000,0.000000,48.000000,38.990000
1779334542.759015,0,0.000000,0.000000,0.000000,0.000000,-159.690000,0.170000,-0.280000,0.000000,48.000000,39.000000
1779334542.767516,0,0.000000,0.000000,0.000000,0.000000,-159.690000,0.170000,-0.280000,0.000000,48.000000,39.000000
1779334542.781514,0,0.000000,0.000000,0.000000,0.000000,-159.690000,0.170000,-0.280000,0.000000,48.000000,39.020000
1779334542.796515,0,0.000000,0.000000,0.000000,0.000000,-159.690000,0.170000,-0.280000,0.000000,48.000000,39.020000
1779334542.811015,0,0.000000,0.000000,0.000000,0.000000,-93.440000,0.140000,-0.310000,0.000000,48.000000,39.040000
1779334542.812015,0,0.000000,0.000000,0.000000,0.000000,-93.440000,0.140000,-0.310000,0.000000,48.000000,39.040000
1779334542.826016,0,0.000000,0.000000,0.000000,0.000000,-93.440000,0.140000,-0.310000,0.000000,48.000000,39.060000
1779334542.827515,0,0.000000,0.000000,0.000000,0.000000,-93.440000,0.140000,-0.310000,0.000000,48.000000,39.060000
1779334542.842016,0,0.000000,0.000000,0.000000,0.000000,306.100000,0.100000,-0.310000,0.000000,48.000000,39.080000
1779334542.879015,0,0.000000,0.000000,0.000000,0.000000,306.100000,0.100000,-0.310000,0.000000,48.000000,39.090000
1779334542.880015,0,0.000000,0.000000,0.000000,0.000000,306.100000,0.100000,-0.310000,0.000000,48.000000,39.110000
1779334542.886016,0,0.000000,0.000000,0.000000,0.000000,306.100000,0.100000,-0.310000,0.000000,48.000000,39.110000
1779334542.902515,0,0.000000,0.000000,0.000000,0.000000,-166.100000,0.100000,-0.310000,0.000000,48.000000,39.130000
1779334542.909515,0,0.000000,0.000000,0.000000,0.000000,-166.100000,0.100000,-0.310000,0.000000,48.000000,39.150000
1779334542.924015,0,0.000000,0.000000,0.000000,0.000000,-166.100000,0.100000,-0.310000,0.000000,48.000000,39.150000
1779334542.925015,0,0.000000,0.000000,0.000000,0.000000,-166.100000,0.100000,-0.310000,0.000000,48.000000,39.150000
1779334542.983014,0,0.000000,0.000000,0.000000,0.000000,84.730000,0.090000,-0.310000,0.000000,48.000000,39.200000
1779334542.983514,0,0.000000,0.000000,0.000000,0.000000,84.730000,0.090000,-0.310000,0.000000,48.000000,39.200000
1779334542.991516,0,0.000000,0.000000,0.000000,0.000000,84.730000,0.090000,-0.310000,0.000000,48.000000,39.220000
1779334543.022515,0,0.000000,0.000000,0.000000,0.000000,-188.320000,0.070000,-0.310000,0.000000,48.000000,39.250000
1779334543.030516,0,0.000000,0.000000,0.000000,0.000000,-188.320000,0.070000,-0.310000,0.000000,48.000000,39.250000
1779334543.044016,0,0.000000,0.000000,0.000000,0.000000,-188.320000,0.070000,-0.310000,0.000000,48.000000,39.270000
1779334543.044517,0,0.000000,0.000000,0.000000,0.000000,-188.320000,0.070000,-0.310000,0.000000,48.000000,39.270000
1779334543.060015,0,0.000000,0.000000,0.000000,0.000000,-206.880000,0.070000,-0.310000,0.000000,48.000000,39.290000
1779334543.081515,0,0.000000,0.000000,0.000000,0.000000,-206.880000,0.070000,-0.310000,0.000000,48.000000,39.310000
1779334543.082515,0,0.000000,0.000000,0.000000,0.000000,-206.880000,0.070000,-0.310000,0.000000,48.000000,39.310000
1779334543.089017,0,0.000000,0.000000,0.000000,0.000000,-206.880000,0.070000,-0.310000,0.000000,48.000000,39.330000
1779334543.103516,0,0.000000,0.000000,0.000000,0.000000,-206.880000,0.070000,-0.310000,0.000000,48.000000,39.340000
1779334543.111515,0,0.000000,0.000000,0.000000,0.000000,171.670000,0.070000,-0.310000,0.000000,48.000000,39.340000
1779334543.119015,0,0.000000,0.000000,0.000000,0.000000,171.670000,0.070000,-0.310000,0.000000,48.000000,39.360000
1779334543.127015,0,0.000000,0.000000,0.000000,0.000000,171.670000,0.070000,-0.310000,0.000000,48.000000,39.360000
1779334543.149014,0,0.000000,0.000000,0.000000,0.000000,171.670000,0.070000,-0.310000,0.000000,48.000000,39.380000
1779334543.156516,0,0.000000,0.000000,0.000000,0.000000,171.670000,0.070000,-0.310000,0.000000,48.000000,39.380000
1779334543.179515,0,0.000000,0.000000,0.000000,0.000000,-291.290000,0.050000,-0.310000,0.000000,48.000000,39.400000
1779334543.180015,0,0.000000,0.000000,0.000000,0.000000,-291.290000,0.050000,-0.310000,0.000000,48.000000,39.400000
1779334543.181015,0,0.000000,0.000000,0.000000,0.000000,-291.290000,0.050000,-0.310000,0.000000,48.000000,39.410000
1779334543.198015,0,0.000000,0.000000,0.000000,0.000000,-291.290000,0.050000,-0.310000,0.000000,48.000000,39.430000
1779334543.212015,0,0.000000,0.000000,0.000000,0.000000,280.260000,0.050000,-0.310000,0.000000,48.000000,39.450000
1779334543.213015,0,0.000000,0.000000,0.000000,0.000000,280.260000,0.050000,-0.310000,0.000000,48.000000,39.450000
1779334543.224515,0,0.000000,0.000000,0.000000,0.000000,280.260000,0.050000,-0.310000,0.000000,48.000000,39.470000
1779334543.239015,0,0.000000,0.000000,0.000000,0.000000,280.260000,0.050000,-0.310000,0.000000,48.000000,39.470000
1779334543.262016,0,0.000000,0.000000,0.000000,0.000000,280.260000,0.050000,-0.310000,0.000000,48.000000,39.470000
1779334543.270516,0,0.000000,0.000000,0.000000,0.000000,280.260000,0.050000,-0.310000,0.000000,48.000000,39.500000
1779334543.298015,0,0.000000,0.000000,0.000000,0.000000,-180.940000,0.050000,-0.310000,0.000000,48.000000,39.520000
1779334543.306015,0,0.000000,0.000000,0.000000,0.000000,-180.940000,0.050000,-0.310000,0.000000,48.000000,39.540000
1779334543.322015,0,0.000000,0.000000,0.000000,0.000000,-326.040000,0.050000,-0.310000,0.000000,48.000000,39.540000
1779334543.322514,0,0.000000,0.000000,0.000000,0.000000,-326.040000,0.050000,-0.310000,0.000000,48.000000,39.560000
1779334543.337016,0,0.000000,0.000000,0.000000,0.000000,-326.040000,0.050000,-0.310000,0.000000,48.000000,39.560000
1779334543.344017,0,0.000000,0.000000,0.000000,0.000000,-326.040000,0.050000,-0.310000,0.000000,48.000000,39.580000
1779334543.358515,0,0.000000,0.000000,0.000000,0.000000,-326.040000,0.050000,-0.310000,0.000000,48.000000,39.590000
1779334543.367515,0,0.000000,0.000000,0.000000,0.000000,-5.940000,0.050000,-0.310000,0.000000,48.000000,39.610000
1779334543.382015,0,0.000000,0.000000,0.000000,0.000000,-5.940000,0.050000,-0.310000,0.000000,48.000000,39.610000
1779334543.403516,0,0.000000,0.000000,0.000000,0.000000,-5.940000,0.050000,-0.310000,0.000000,48.000000,39.630000
1779334543.404515,0,0.000000,0.000000,0.000000,0.000000,-5.940000,0.050000,-0.310000,0.000000,48.000000,39.630000
1779334543.418514,0,0.000000,0.000000,0.000000,0.000000,-5.940000,0.050000,-0.310000,0.000000,48.000000,39.650000
1779334543.428015,0,0.000000,0.000000,0.000000,0.000000,-299.390000,0.050000,-0.310000,0.000000,48.000000,39.650000
1779334543.428514,0,0.000000,0.000000,0.000000,0.000000,-299.390000,0.050000,-0.310000,0.000000,48.000000,39.660000
1779334543.442016,0,0.000000,0.000000,0.000000,0.000000,-299.390000,0.050000,-0.310000,0.000000,48.000000,39.680000
1779334543.449014,0,0.000000,0.000000,0.000000,0.000000,-299.390000,0.050000,-0.310000,0.000000,48.000000,39.680000
1779334543.487015,0,0.000000,0.000000,0.000000,0.000000,-299.390000,0.050000,-0.310000,0.000000,48.000000,39.700000
1779334543.487515,0,0.000000,0.000000,0.000000,0.000000,91.630000,0.070000,-0.310000,0.000000,48.000000,39.700000
1779334543.488515,0,0.000000,0.000000,0.000000,0.000000,91.630000,0.070000,-0.310000,0.000000,48.000000,39.720000
1779334543.494015,0,0.000000,0.000000,0.000000,0.000000,91.630000,0.070000,-0.310000,0.000000,48.000000,39.720000
1779334543.516016,0,0.000000,0.000000,0.000000,0.000000,91.630000,0.070000,-0.310000,0.000000,48.000000,39.740000
1779334543.517015,0,0.000000,0.000000,0.000000,0.000000,91.630000,0.070000,-0.310000,0.000000,48.000000,39.750000
1779334543.540016,0,0.000000,0.000000,0.000000,0.000000,-291.570000,0.070000,-0.310000,0.000000,48.000000,39.770000
1779334543.541015,0,0.000000,0.000000,0.000000,0.000000,-291.570000,0.070000,-0.310000,0.000000,48.000000,39.770000
1779334543.561516,0,0.000000,0.000000,0.000000,0.000000,-291.570000,0.070000,-0.310000,0.000000,48.000000,39.790000
1779334543.569516,0,0.000000,0.000000,0.000000,0.000000,-291.570000,0.070000,-0.310000,0.000000,48.000000,39.790000
1779334543.579016,0,0.000000,0.000000,0.000000,0.000000,-145.240000,0.090000,-0.330000,0.000000,48.000000,39.810000
1779334543.584015,0,0.000000,0.000000,0.000000,0.000000,-145.240000,0.090000,-0.330000,0.000000,48.000000,39.830000
1779334543.591515,0,0.000000,0.000000,0.000000,0.000000,-145.240000,0.090000,-0.330000,0.000000,48.000000,39.840000
1779334543.614014,0,0.000000,0.000000,0.000000,0.000000,-145.240000,0.090000,-0.330000,0.000000,48.000000,39.840000
1779334543.630516,0,0.000000,0.000000,0.000000,0.000000,-145.240000,0.090000,-0.330000,0.000000,48.000000,39.860000
1779334543.631016,0,0.000000,0.000000,0.000000,0.000000,179.520000,0.120000,-0.300000,0.000000,48.000000,39.860000
1779334543.636515,0,0.000000,0.000000,0.000000,0.000000,179.520000,0.120000,-0.300000,0.000000,48.000000,39.880000
1779334543.644015,0,0.000000,0.000000,0.000000,0.000000,179.520000,0.120000,-0.300000,0.000000,48.000000,39.880000
1779334543.666516,0,0.000000,0.000000,0.000000,0.000000,179.520000,0.120000,-0.300000,0.000000,48.000000,39.880000
1779334543.697515,0,0.000000,0.000000,0.000000,0.000000,179.520000,0.120000,-0.300000,0.000000,48.000000,39.900000
1779334543.698014,0,0.000000,0.000000,0.000000,0.000000,-187.750000,0.200000,-0.210000,0.000000,48.000000,39.910000
1779334543.707015,0,0.000000,0.000000,0.000000,0.000000,-187.750000,0.200000,-0.210000,0.000000,48.000000,39.930000
1779334543.707515,0,0.000000,0.000000,0.000000,0.000000,-187.750000,0.200000,-0.210000,0.000000,48.000000,39.930000
1779334543.708603,0,0.000000,0.000000,0.000000,0.000000,-187.750000,0.200000,-0.210000,0.000000,48.000000,39.950000
1779334543.727015,0,0.000000,0.000000,0.000000,0.000000,-187.750000,0.200000,-0.210000,0.000000,48.000000,39.950000
1779334543.748514,0,0.000000,0.000000,0.000000,0.000000,258.700000,0.310000,-0.100000,0.000000,48.000000,39.970000
1779334543.749514,0,0.000000,0.000000,0.000000,0.000000,258.700000,0.310000,-0.100000,0.000000,48.000000,39.970000
1779334543.750515,0,0.000000,0.000000,0.000000,0.000000,258.700000,0.310000,-0.100000,0.000000,48.000000,39.990000
1779334543.764516,0,0.000000,0.000000,0.000000,0.000000,258.700000,0.310000,-0.100000,0.000000,48.000000,40.000000
1779334543.787015,0,0.000000,0.000000,0.000000,0.000000,258.700000,0.310000,-0.100000,0.000000,48.000000,40.000000
1779334543.796016,0,0.000000,0.000000,0.000000,0.000000,184.600000,0.400000,0.010000,0.000000,48.000000,40.020000
1779334543.797015,0,0.000000,0.000000,0.000000,0.000000,184.600000,0.400000,0.010000,0.000000,48.000000,40.040000
1779334543.801593,0,0.000000,0.000000,0.000000,0.000000,184.600000,0.400000,0.010000,0.000000,48.000000,40.040000
1779334543.817015,0,0.000000,0.000000,0.000000,0.000000,184.600000,0.400000,0.010000,0.000000,48.000000,40.060000
1779334543.860015,0,0.000000,0.000000,0.000000,0.000000,25.590000,0.460000,0.110000,0.000000,48.000000,40.080000
1779334543.860515,0,0.000000,0.000000,0.000000,0.000000,25.590000,0.460000,0.110000,0.000000,48.000000,40.090000
1779334543.869014,0,0.000000,0.000000,0.000000,0.000000,25.590000,0.460000,0.110000,0.000000,48.000000,40.090000
1779334543.883517,0,0.000000,0.000000,0.000000,0.000000,25.590000,0.460000,0.110000,0.000000,48.000000,40.110000
1779334543.892514,0,0.000000,0.000000,0.000000,0.000000,-305.170000,0.500000,0.200000,0.000000,48.000000,40.130000
1779334543.893514,0,0.000000,0.000000,0.000000,0.000000,-305.170000,0.500000,0.200000,0.000000,48.000000,40.130000
1779334543.907015,0,0.000000,0.000000,0.000000,0.000000,-305.170000,0.500000,0.200000,0.000000,48.000000,40.150000
1779334543.914015,0,0.000000,0.000000,0.000000,0.000000,-305.170000,0.500000,0.200000,0.000000,48.000000,40.150000
1779334543.945516,0,0.000000,0.000000,0.000000,0.000000,-305.170000,0.500000,0.200000,0.000000,48.000000,40.160000
1779334543.954515,0,0.000000,0.000000,0.000000,0.000000,-184.250000,0.550000,0.250000,0.000000,48.000000,40.180000
1779334543.955515,0,0.000000,0.000000,0.000000,0.000000,-184.250000,0.550000,0.250000,0.000000,48.000000,40.180000
1779334543.974015,0,0.000000,0.000000,0.000000,0.000000,-184.250000,0.550000,0.250000,0.000000,48.000000,40.200000
1779334543.975014,0,0.000000,0.000000,0.000000,0.000000,-184.250000,0.550000,0.250000,0.000000,48.000000,40.200000
1779334544.011016,0,0.000000,0.000000,0.000000,0.000000,-184.250000,0.550000,0.250000,0.000000,48.000000,40.220000
1779334544.011016,0,0.000000,0.000000,0.000000,0.000000,-233.880000,0.560000,0.310000,0.000000,48.000000,40.220000
1779334544.019514,0,0.000000,0.000000,0.000000,0.000000,-233.880000,0.560000,0.310000,0.000000,48.000000,40.240000
1779334544.020514,0,0.000000,0.000000,0.000000,0.000000,-233.880000,0.560000,0.310000,0.000000,48.000000,40.250000
1779334544.034515,0,0.000000,0.000000,0.000000,0.000000,-233.880000,0.560000,0.310000,0.000000,48.000000,40.270000
1779334544.050515,0,0.000000,0.000000,0.000000,0.000000,-13.920000,0.580000,0.340000,0.000000,48.000000,40.270000
1779334544.072015,0,0.000000,0.000000,0.000000,0.000000,-13.920000,0.580000,0.340000,0.000000,48.000000,40.290000
1779334544.073016,0,0.000000,0.000000,0.000000,0.000000,-13.920000,0.580000,0.340000,0.000000,48.000000,40.290000
1779334544.074015,0,0.000000,0.000000,0.000000,0.000000,-13.920000,0.580000,0.340000,0.000000,48.000000,40.310000
1779334544.087015,0,0.000000,0.000000,0.000000,0.000000,-13.920000,0.580000,0.340000,0.000000,48.000000,40.310000
1779334544.102515,0,0.000000,0.000000,0.000000,0.000000,-20.530000,0.600000,0.360000,0.000000,48.000000,40.340000
1779334544.124016,0,0.000000,0.000000,0.000000,0.000000,-20.530000,0.600000,0.360000,0.000000,48.000000,40.340000
1779334544.125015,0,0.000000,0.000000,0.000000,0.000000,-20.530000,0.600000,0.360000,0.000000,48.000000,40.360000
1779334544.126015,0,0.000000,0.000000,0.000000,0.000000,-20.530000,0.600000,0.360000,0.000000,48.000000,40.360000
1779334544.139015,0,0.000000,0.000000,0.000000,0.000000,-20.530000,0.600000,0.360000,0.000000,48.000000,40.380000
1779334544.153016,0,0.000000,0.000000,0.000000,0.000000,-20.530000,0.600000,0.360000,0.000000,48.000000,40.380000
1779334544.161515,0,0.000000,0.000000,0.000000,0.000000,-20.530000,0.600000,0.360000,0.000000,48.000000,40.400000
1779334544.169015,0,0.000000,0.000000,0.000000,0.000000,-20.530000,0.600000,0.360000,0.000000,48.000000,40.400000
1779334544.184015,0,0.000000,0.000000,0.000000,0.000000,-20.530000,0.600000,0.360000,0.000000,48.000000,40.410000
1779334544.199515,0,0.000000,0.000000,0.000000,0.000000,-111.730000,0.610000,0.360000,0.000000,51.000000,40.430000
1779334544.206515,0,0.000000,0.000000,0.000000,0.000000,-111.730000,0.610000,0.360000,0.000000,51.000000,40.450000
1779334544.214016,0,0.000000,0.000000,0.000000,0.000000,-111.730000,0.610000,0.360000,0.000000,51.000000,40.450000
1779334544.243515,0,0.000000,0.000000,0.000000,0.000000,-111.730000,0.610000,0.360000,0.000000,51.000000,40.450000
1779334544.252015,0,0.000000,0.000000,0.000000,0.000000,-111.730000,0.610000,0.360000,0.000000,51.000000,40.470000
1779334544.259515,0,0.000000,0.000000,0.000000,0.000000,-145.440000,0.610000,0.360000,0.000000,48.000000,40.490000
1779334544.260514,0,0.000000,0.000000,0.000000,0.000000,-145.440000,0.610000,0.360000,0.000000,48.000000,40.500000
1779334544.281516,0,0.000000,0.000000,0.000000,0.000000,-145.440000,0.610000,0.360000,0.000000,48.000000,40.500000
1779334544.283014,0,0.000000,0.000000,0.000000,0.000000,-145.440000,0.610000,0.360000,0.000000,48.000000,40.520000
1779334544.305515,0,0.000000,0.000000,0.000000,0.000000,-145.440000,0.610000,0.360000,0.000000,48.000000,40.520000
1779334544.315514,0,0.000000,0.000000,0.000000,0.000000,22.860000,0.600000,0.360000,0.000000,48.000000,40.540000
1779334544.319015,0,0.000000,0.000000,0.000000,0.000000,22.860000,0.600000,0.360000,0.000000,48.000000,40.560000
1779334544.326515,0,0.000000,0.000000,0.000000,0.000000,22.860000,0.600000,0.360000,0.000000,48.000000,40.560000
1779334544.349514,0,0.000000,0.000000,0.000000,0.000000,22.860000,0.600000,0.360000,0.000000,48.000000,40.580000
1779334544.363516,0,0.000000,0.000000,0.000000,0.000000,22.860000,0.600000,0.360000,0.000000,48.000000,40.580000
1779334544.372514,0,0.000000,0.000000,0.000000,0.000000,-27.250000,0.580000,0.340000,0.000000,48.000000,40.590000
1779334544.379014,0,0.000000,0.000000,0.000000,0.000000,-27.250000,0.580000,0.340000,0.000000,48.000000,40.610000
1779334544.380014,0,0.000000,0.000000,0.000000,0.000000,-27.250000,0.580000,0.340000,0.000000,48.000000,40.610000
1779334544.394514,0,0.000000,0.000000,0.000000,0.000000,-27.250000,0.580000,0.340000,0.000000,48.000000,40.630000
1779334544.409514,0,0.000000,0.000000,0.000000,0.000000,-27.250000,0.580000,0.340000,0.000000,48.000000,40.630000
1779334544.424015,0,0.000000,0.000000,0.000000,0.000000,-27.250000,0.580000,0.340000,0.000000,48.000000,40.650000
1779334544.425015,0,0.000000,0.000000,0.000000,0.000000,-27.250000,0.580000,0.340000,0.000000,48.000000,40.650000
1779334544.439514,0,0.000000,0.000000,0.000000,0.000000,-27.250000,0.580000,0.340000,0.000000,48.000000,40.660000
1779334544.467515,0,0.000000,0.000000,0.000000,0.000000,-27.250000,0.580000,0.340000,0.000000,48.000000,40.680000
1779334544.468014,0,0.000000,0.000000,0.000000,0.000000,267.920000,0.510000,0.280000,0.000000,49.000000,40.700000
1779334544.478514,0,0.000000,0.000000,0.000000,0.000000,267.920000,0.510000,0.280000,0.000000,49.000000,40.700000
1779334544.484515,0,0.000000,0.000000,0.000000,0.000000,267.920000,0.510000,0.280000,0.000000,49.000000,40.720000
1779334544.491515,0,0.000000,0.000000,0.000000,0.000000,267.920000,0.510000,0.280000,0.000000,49.000000,40.720000
1779334544.499014,0,0.000000,0.000000,0.000000,0.000000,267.920000,0.510000,0.280000,0.000000,49.000000,40.740000
1779334544.514515,0,0.000000,0.000000,0.000000,0.000000,-57.910000,0.400000,0.120000,0.000000,48.000000,40.750000
1779334544.521515,0,0.000000,0.000000,0.000000,0.000000,-57.910000,0.400000,0.120000,0.000000,48.000000,40.750000
1779334544.537015,0,0.000000,0.000000,0.000000,0.000000,-57.910000,0.400000,0.120000,0.000000,48.000000,40.770000
1779334544.544015,0,0.000000,0.000000,0.000000,0.000000,-57.910000,0.400000,0.120000,0.000000,48.000000,40.770000
1779334544.559014,0,0.000000,0.000000,0.000000,0.000000,-57.910000,0.400000,0.120000,0.000000,48.000000,40.790000
1779334544.579514,0,0.000000,0.000000,0.000000,0.000000,149.440000,0.300000,0.000000,0.000000,48.000000,40.810000
1779334544.588015,0,0.000000,0.000000,0.000000,0.000000,149.440000,0.300000,0.000000,0.000000,48.000000,40.810000
1779334544.589015,0,0.000000,0.000000,0.000000,0.000000,149.440000,0.300000,0.000000,0.000000,48.000000,40.830000
1779334544.627515,0,0.000000,0.000000,0.000000,0.000000,119.470000,0.210000,-0.100000,0.000000,48.000000,40.840000
1779334544.633515,0,0.000000,0.000000,0.000000,0.000000,119.470000,0.210000,-0.100000,0.000000,48.000000,40.860000
1779334544.634516,0,0.000000,0.000000,0.000000,0.000000,119.470000,0.210000,-0.100000,0.000000,48.000000,40.860000
1779334544.642015,0,0.000000,0.000000,0.000000,0.000000,119.470000,0.210000,-0.100000,0.000000,48.000000,40.880000
1779334544.663514,0,0.000000,0.000000,0.000000,0.000000,119.470000,0.210000,-0.100000,0.000000,48.000000,40.880000
1779334544.673515,0,0.000000,0.000000,0.000000,0.000000,131.610000,0.170000,-0.180000,0.000000,48.000000,40.900000
1779334544.702015,0,0.000000,0.000000,0.000000,0.000000,131.610000,0.170000,-0.180000,0.000000,48.000000,40.910000
1779334544.702515,0,0.000000,0.000000,0.000000,0.000000,131.610000,0.170000,-0.180000,0.000000,48.000000,40.930000
1779334544.709015,0,0.000000,0.000000,0.000000,0.000000,131.610000,0.170000,-0.180000,0.000000,48.000000,40.930000
1779334544.725014,0,0.000000,0.000000,0.000000,0.000000,131.610000,0.170000,-0.180000,0.000000,48.000000,40.950000
1779334544.726016,0,0.000000,0.000000,0.000000,0.000000,82.230000,0.120000,-0.230000,0.000000,48.000000,40.950000
1779334544.746516,0,0.000000,0.000000,0.000000,0.000000,82.230000,0.120000,-0.230000,0.000000,48.000000,40.970000
1779334544.753515,0,0.000000,0.000000,0.000000,0.000000,82.230000,0.120000,-0.230000,0.000000,48.000000,40.970000
1779334544.754515,0,0.000000,0.000000,0.000000,0.000000,82.230000,0.120000,-0.230000,0.000000,48.000000,40.990000
1779334544.775015,0,0.000000,0.000000,0.000000,0.000000,82.230000,0.120000,-0.230000,0.000000,48.000000,41.000000
1779334544.785014,0,0.000000,0.000000,0.000000,0.000000,82.230000,0.120000,-0.230000,0.000000,48.000000,41.020000
1779334544.791515,0,0.000000,0.000000,0.000000,0.000000,82.230000,0.120000,-0.230000,0.000000,48.000000,41.020000
1779334544.807015,0,0.000000,0.000000,0.000000,0.000000,82.230000,0.120000,-0.230000,0.000000,48.000000,41.040000
1779334544.814015,0,0.000000,0.000000,0.000000,0.000000,82.230000,0.120000,-0.230000,0.000000,48.000000,41.040000
1779334544.821515,0,0.000000,0.000000,0.000000,0.000000,208.110000,0.100000,-0.250000,0.000000,51.000000,41.060000
1779334544.837015,0,0.000000,0.000000,0.000000,0.000000,208.110000,0.100000,-0.250000,0.000000,51.000000,41.060000
1779334544.844016,0,0.000000,0.000000,0.000000,0.000000,208.110000,0.100000,-0.250000,0.000000,51.000000,41.080000
1779334544.851515,0,0.000000,0.000000,0.000000,0.000000,208.110000,0.100000,-0.250000,0.000000,51.000000,41.090000
1779334544.880016,0,0.000000,0.000000,0.000000,0.000000,208.110000,0.100000,-0.250000,0.000000,51.000000,41.090000
1779334544.889014,0,0.000000,0.000000,0.000000,0.000000,-129.380000,0.090000,-0.280000,0.000000,48.000000,41.110000
1779334544.890016,0,0.000000,0.000000,0.000000,0.000000,-129.380000,0.090000,-0.280000,0.000000,48.000000,41.110000
1779334544.926515,0,0.000000,0.000000,0.000000,0.000000,-129.380000,0.090000,-0.280000,0.000000,48.000000,41.130000
1779334544.927516,0,0.000000,0.000000,0.000000,0.000000,-129.380000,0.090000,-0.280000,0.000000,48.000000,41.130000
1779334544.934014,0,0.000000,0.000000,0.000000,0.000000,-129.380000,0.090000,-0.280000,0.000000,48.000000,41.150000
1779334544.943516,0,0.000000,0.000000,0.000000,0.000000,-200.380000,0.070000,-0.310000,0.000000,48.000000,41.160000
1779334544.944016,0,0.000000,0.000000,0.000000,0.000000,-200.380000,0.070000,-0.310000,0.000000,48.000000,41.180000
1779334544.949014,0,0.000000,0.000000,0.000000,0.000000,-200.380000,0.070000,-0.310000,0.000000,48.000000,41.180000
1779334544.971514,0,0.000000,0.000000,0.000000,0.000000,-200.380000,0.070000,-0.310000,0.000000,48.000000,41.200000
1779334544.988515,0,0.000000,0.000000,0.000000,0.000000,-200.380000,0.070000,-0.310000,0.000000,48.000000,41.200000
1779334544.989014,0,0.000000,0.000000,0.000000,0.000000,-40.720000,0.070000,-0.310000,0.000000,48.000000,41.220000
1779334545.023515,0,0.000000,0.000000,0.000000,0.000000,-40.720000,0.070000,-0.310000,0.000000,48.000000,41.220000
1779334545.024515,0,0.000000,0.000000,0.000000,0.000000,-40.720000,0.070000,-0.310000,0.000000,48.000000,41.250000
1779334545.032016,0,0.000000,0.000000,0.000000,0.000000,-40.720000,0.070000,-0.310000,0.000000,48.000000,41.250000
1779334545.061015,0,0.000000,0.000000,0.000000,0.000000,-98.090000,0.070000,-0.330000,0.000000,48.000000,41.270000
1779334545.062016,0,0.000000,0.000000,0.000000,0.000000,-98.090000,0.070000,-0.330000,0.000000,48.000000,41.290000
1779334545.063015,0,0.000000,0.000000,0.000000,0.000000,-98.090000,0.070000,-0.330000,0.000000,48.000000,41.290000
1779334545.106514,0,0.000000,0.000000,0.000000,0.000000,-98.090000,0.070000,-0.330000,0.000000,48.000000,41.310000
1779334545.107014,0,0.000000,0.000000,0.000000,0.000000,216.580000,0.070000,-0.340000,0.000000,48.000000,41.310000
1779334545.115014,0,0.000000,0.000000,0.000000,0.000000,216.580000,0.070000,-0.340000,0.000000,48.000000,41.330000
1779334545.116016,0,0.000000,0.000000,0.000000,0.000000,216.580000,0.070000,-0.340000,0.000000,48.000000,41.340000
1779334545.137514,0,0.000000,0.000000,0.000000,0.000000,216.580000,0.070000,-0.340000,0.000000,48.000000,41.360000
1779334545.138014,0,0.000000,0.000000,0.000000,0.000000,-312.390000,0.100000,-0.400000,0.000000,48.000000,41.360000
1779334545.151515,0,0.000000,0.000000,0.000000,0.000000,-312.390000,0.100000,-0.400000,0.000000,48.000000,41.380000
1779334545.159014,0,0.000000,0.000000,0.000000,0.000000,-312.390000,0.100000,-0.400000,0.000000,48.000000,41.380000
1779334545.166515,0,0.000000,0.000000,0.000000,0.000000,-312.390000,0.100000,-0.400000,0.000000,48.000000,41.400000
1779334545.189516,0,0.000000,0.000000,0.000000,0.000000,-312.390000,0.100000,-0.400000,0.000000,48.000000,41.410000
1779334545.197015,0,0.000000,0.000000,0.000000,0.000000,47.630000,0.170000,-0.460000,0.000000,48.000000,41.430000
1779334545.198015,0,0.000000,0.000000,0.000000,0.000000,47.630000,0.170000,-0.460000,0.000000,48.000000,41.430000
1779334545.212015,0,0.000000,0.000000,0.000000,0.000000,47.630000,0.170000,-0.460000,0.000000,48.000000,41.450000
1779334545.219515,0,0.000000,0.000000,0.000000,0.000000,47.630000,0.170000,-0.460000,0.000000,48.000000,41.450000
1779334545.226514,0,0.000000,0.000000,0.000000,0.000000,47.630000,0.170000,-0.460000,0.000000,48.000000,41.470000
1779334545.248514,0,0.000000,0.000000,0.000000,0.000000,35.580000,0.250000,-0.510000,0.000000,48.000000,41.470000
1779334545.249515,0,0.000000,0.000000,0.000000,0.000000,35.580000,0.250000,-0.510000,0.000000,48.000000,41.490000
1779334545.271514,0,0.000000,0.000000,0.000000,0.000000,35.580000,0.250000,-0.510000,0.000000,48.000000,41.500000
1779334545.272514,0,0.000000,0.000000,0.000000,0.000000,35.580000,0.250000,-0.510000,0.000000,48.000000,41.500000
1779334545.287015,0,0.000000,0.000000,0.000000,0.000000,35.580000,0.250000,-0.510000,0.000000,48.000000,41.520000
1779334545.304015,0,0.000000,0.000000,0.000000,0.000000,171.380000,0.330000,-0.560000,0.000000,48.000000,41.540000
1779334545.308515,0,0.000000,0.000000,0.000000,0.000000,171.380000,0.330000,-0.560000,0.000000,48.000000,41.540000
1779334545.316514,0,0.000000,0.000000,0.000000,0.000000,171.380000,0.330000,-0.560000,0.000000,48.000000,41.560000
1779334545.331515,0,0.000000,0.000000,0.000000,0.000000,171.380000,0.330000,-0.560000,0.000000,48.000000,41.560000
1779334545.344515,0,0.000000,0.000000,0.000000,0.000000,110.630000,0.380000,-0.560000,0.000000,48.000000,41.580000
1779334545.391515,0,0.000000,0.000000,0.000000,0.000000,110.630000,0.380000,-0.560000,0.000000,48.000000,41.590000
1779334545.392515,0,0.000000,0.000000,0.000000,0.000000,110.630000,0.380000,-0.560000,0.000000,48.000000,41.590000
1779334545.393515,0,0.000000,0.000000,0.000000,0.000000,110.630000,0.380000,-0.560000,0.000000,48.000000,41.610000
1779334545.394015,0,0.000000,0.000000,0.000000,0.000000,110.630000,0.380000,-0.560000,0.000000,48.000000,41.610000
1779334545.406515,0,0.000000,0.000000,0.000000,0.000000,308.010000,0.430000,-0.540000,0.000000,48.000000,41.630000
1779334545.407515,0,0.000000,0.000000,0.000000,0.000000,308.010000,0.430000,-0.540000,0.000000,48.000000,41.650000
1779334545.414015,0,0.000000,0.000000,0.000000,0.000000,308.010000,0.430000,-0.540000,0.000000,48.000000,41.650000
1779334545.430515,0,0.000000,0.000000,0.000000,0.000000,308.010000,0.430000,-0.540000,0.000000,48.000000,41.660000
1779334545.446014,0,0.000000,0.000000,0.000000,0.000000,308.010000,0.430000,-0.540000,0.000000,48.000000,41.680000
1779334545.455516,0,0.000000,0.000000,0.000000,0.000000,18.450000,0.460000,-0.490000,0.000000,48.000000,41.680000
1779334545.466514,0,0.000000,0.000000,0.000000,0.000000,18.450000,0.460000,-0.490000,0.000000,48.000000,41.700000
1779334545.474014,0,0.000000,0.000000,0.000000,0.000000,18.450000,0.460000,-0.490000,0.000000,48.000000,41.700000
1779334545.481514,0,0.000000,0.000000,0.000000,0.000000,18.450000,0.460000,-0.490000,0.000000,48.000000,41.720000
1779334545.518515,0,0.000000,0.000000,0.000000,0.000000,18.450000,0.460000,-0.490000,0.000000,48.000000,41.720000
1779334545.519515,0,0.000000,0.000000,0.000000,0.000000,-264.100000,0.490000,-0.430000,0.000000,48.000000,41.750000
1779334545.520515,0,0.000000,0.000000,0.000000,0.000000,-264.100000,0.490000,-0.430000,0.000000,48.000000,41.750000
1779334545.521016,0,0.000000,0.000000,0.000000,0.000000,-264.100000,0.490000,-0.430000,0.000000,48.000000,41.770000
1779334545.526515,0,0.000000,0.000000,0.000000,0.000000,-264.100000,0.490000,-0.430000,0.000000,48.000000,41.770000
1779334545.562515,0,0.000000,0.000000,0.000000,0.000000,-297.690000,0.500000,-0.310000,0.000000,48.000000,41.790000
1779334545.569514,0,0.000000,0.000000,0.000000,0.000000,-297.690000,0.500000,-0.310000,0.000000,48.000000,41.790000
1779334545.570514,0,0.000000,0.000000,0.000000,0.000000,-297.690000,0.500000,-0.310000,0.000000,48.000000,41.810000
1779334545.579515,0,0.000000,0.000000,0.000000,0.000000,-297.690000,0.500000,-0.310000,0.000000,48.000000,41.810000
1779334545.618015,0,0.000000,0.000000,0.000000,0.000000,169.330000,0.540000,-0.180000,0.000000,48.000000,41.840000
1779334545.628015,0,0.000000,0.000000,0.000000,0.000000,169.330000,0.540000,-0.180000,0.000000,48.000000,41.840000
1779334545.629014,0,0.000000,0.000000,0.000000,0.000000,169.330000,0.540000,-0.180000,0.000000,48.000000,41.860000
1779334545.631516,0,0.000000,0.000000,0.000000,0.000000,169.330000,0.540000,-0.180000,0.000000,48.000000,41.860000
1779334545.646515,0,0.000000,0.000000,0.000000,0.000000,169.330000,0.540000,-0.180000,0.000000,48.000000,41.880000
1779334545.664514,0,0.000000,0.000000,0.000000,0.000000,-163.110000,0.560000,-0.010000,0.000000,48.000000,41.880000
1779334545.677015,0,0.000000,0.000000,0.000000,0.000000,-163.110000,0.560000,-0.010000,0.000000,48.000000,41.900000
1779334545.678515,0,0.000000,0.000000,0.000000,0.000000,-163.110000,0.560000,-0.010000,0.000000,48.000000,41.910000
1779334545.692015,0,0.000000,0.000000,0.000000,0.000000,-163.110000,0.560000,-0.010000,0.000000,48.000000,41.910000
1779334545.706514,0,0.000000,0.000000,0.000000,0.000000,-163.110000,0.560000,-0.010000,0.000000,48.000000,41.930000
1779334545.714514,0,0.000000,0.000000,0.000000,0.000000,-0.150000,0.580000,0.100000,0.000000,48.000000,41.950000
1779334545.726015,0,0.000000,0.000000,0.000000,0.000000,-0.150000,0.580000,0.100000,0.000000,48.000000,41.950000
1779334545.729015,0,0.000000,0.000000,0.000000,0.000000,-0.150000,0.580000,0.100000,0.000000,48.000000,41.970000
1779334545.736514,0,0.000000,0.000000,0.000000,0.000000,-0.150000,0.580000,0.100000,0.000000,48.000000,41.970000
1779334545.782015,0,0.000000,0.000000,0.000000,0.000000,-317.540000,0.610000,0.210000,0.000000,48.000000,42.000000
1779334545.782516,0,0.000000,0.000000,0.000000,0.000000,-317.540000,0.610000,0.210000,0.000000,48.000000,42.000000
1779334545.783015,0,0.000000,0.000000,0.000000,0.000000,-317.540000,0.610000,0.210000,0.000000,48.000000,42.000000
1779334545.789514,0,0.000000,0.000000,0.000000,0.000000,-317.540000,0.610000,0.210000,0.000000,48.000000,42.020000
1779334545.803015,0,0.000000,0.000000,0.000000,0.000000,-317.540000,0.610000,0.210000,0.000000,48.000000,42.020000
1779334545.832014,0,0.000000,0.000000,0.000000,0.000000,-317.540000,0.610000,0.210000,0.000000,48.000000,42.040000
1779334545.832515,0,0.000000,0.000000,0.000000,0.000000,274.880000,0.620000,0.310000,0.000000,48.000000,42.060000
1779334545.841514,0,0.000000,0.000000,0.000000,0.000000,274.880000,0.620000,0.310000,0.000000,48.000000,42.060000
1779334545.842515,0,0.000000,0.000000,0.000000,0.000000,274.880000,0.620000,0.310000,0.000000,48.000000,42.080000
1779334545.843016,0,0.000000,0.000000,0.000000,0.000000,274.880000,0.620000,0.310000,0.000000,48.000000,42.090000
1779334545.864015,0,0.000000,0.000000,0.000000,0.000000,313.300000,0.620000,0.380000,0.000000,48.000000,42.090000
1779334545.865014,0,0.000000,0.000000,0.000000,0.000000,313.300000,0.620000,0.380000,0.000000,48.000000,42.110000
1779334545.880015,0,0.000000,0.000000,0.000000,0.000000,313.300000,0.620000,0.380000,0.000000,48.000000,42.110000
1779334545.886515,0,0.000000,0.000000,0.000000,0.000000,313.300000,0.620000,0.380000,0.000000,48.000000,42.130000
1779334545.909016,0,0.000000,0.000000,0.000000,0.000000,313.300000,0.620000,0.380000,0.000000,48.000000,42.130000
1779334545.918015,0,0.000000,0.000000,0.000000,0.000000,272.000000,0.620000,0.430000,0.000000,48.000000,42.150000
1779334545.918515,0,0.000000,0.000000,0.000000,0.000000,272.000000,0.620000,0.430000,0.000000,48.000000,42.150000
1779334545.931516,0,0.000000,0.000000,0.000000,0.000000,272.000000,0.620000,0.430000,0.000000,48.000000,42.160000
1779334545.946514,0,0.000000,0.000000,0.000000,0.000000,272.000000,0.620000,0.430000,0.000000,48.000000,42.180000
1779334545.953515,0,0.000000,0.000000,0.000000,0.000000,272.000000,0.620000,0.430000,0.000000,48.000000,42.180000
1779334545.970515,0,0.000000,0.000000,0.000000,0.000000,194.970000,0.620000,0.460000,0.000000,48.000000,42.200000
1779334545.971015,0,0.000000,0.000000,0.000000,0.000000,194.970000,0.620000,0.460000,0.000000,48.000000,42.200000
1779334545.984015,0,0.000000,0.000000,0.000000,0.000000,194.970000,0.620000,0.460000,0.000000,48.000000,42.220000
1779334545.999016,0,0.000000,0.000000,0.000000,0.000000,194.970000,0.620000,0.460000,0.000000,48.000000,42.220000
1779334546.036014,0,0.000000,0.000000,0.000000,0.000000,194.970000,0.620000,0.460000,0.000000,48.000000,42.240000
1779334546.037014,0,0.000000,0.000000,0.000000,0.000000,-280.450000,0.620000,0.470000,0.000000,48.000000,42.250000
1779334546.038014,0,0.000000,0.000000,0.000000,0.000000,-280.450000,0.620000,0.470000,0.000000,48.000000,42.270000
1779334546.039014,0,0.000000,0.000000,0.000000,0.000000,-280.450000,0.620000,0.470000,0.000000,48.000000,42.270000
1779334546.044014,0,0.000000,0.000000,0.000000,0.000000,-280.450000,0.620000,0.470000,0.000000,48.000000,42.290000
1779334546.099514,0,0.000000,0.000000,0.000000,0.000000,-280.450000,0.620000,0.470000,0.000000,48.000000,42.310000
1779334546.100515,0,0.000000,0.000000,0.000000,0.000000,-56.250000,0.610000,0.460000,0.000000,48.000000,42.330000
1779334546.112014,0,0.000000,0.000000,0.000000,0.000000,-56.250000,0.610000,0.460000,0.000000,48.000000,42.340000
1779334546.154516,0,0.000000,0.000000,0.000000,0.000000,-56.250000,0.610000,0.460000,0.000000,48.000000,42.340000
1779334546.162014,0,0.000000,0.000000,0.000000,0.000000,272.980000,0.560000,0.430000,0.000000,48.000000,42.360000
1779334546.162515,0,0.000000,0.000000,0.000000,0.000000,272.980000,0.560000,0.430000,0.000000,48.000000,42.360000
1779334546.163015,0,0.000000,0.000000,0.000000,0.000000,272.980000,0.560000,0.430000,0.000000,48.000000,42.380000
1779334546.185014,0,0.000000,0.000000,0.000000,0.000000,-38.880000,0.500000,0.340000,0.000000,48.000000,42.410000
1779334546.185515,0,0.000000,0.000000,0.000000,0.000000,-38.880000,0.500000,0.340000,0.000000,48.000000,42.430000
1779334546.194015,0,0.000000,0.000000,0.000000,0.000000,-38.880000,0.500000,0.340000,0.000000,48.000000,42.430000
1779334546.201515,0,0.000000,0.000000,0.000000,0.000000,-38.880000,0.500000,0.340000,0.000000,48.000000,42.430000
1779334546.232015,0,0.000000,0.000000,0.000000,0.000000,-38.880000,0.500000,0.340000,0.000000,48.000000,42.450000
1779334546.232515,0,0.000000,0.000000,0.000000,0.000000,-252.630000,0.400000,0.210000,0.000000,48.000000,42.470000
1779334546.242016,0,0.000000,0.000000,0.000000,0.000000,-252.630000,0.400000,0.210000,0.000000,48.000000,42.470000
1779334546.254015,0,0.000000,0.000000,0.000000,0.000000,-252.630000,0.400000,0.210000,0.000000,48.000000,42.490000
1779334546.255014,0,0.000000,0.000000,0.000000,0.000000,-252.630000,0.400000,0.210000,0.000000,48.000000,42.500000
1779334546.276016,0,0.000000,0.000000,0.000000,0.000000,-252.630000,0.400000,0.210000,0.000000,48.000000,42.500000
1779334546.284014,0,0.000000,0.000000,0.000000,0.000000,-131.530000,0.310000,0.090000,0.000000,48.000000,42.520000
1779334546.291515,0,0.000000,0.000000,0.000000,0.000000,-131.530000,0.310000,0.090000,0.000000,48.000000,42.520000
1779334546.299014,0,0.000000,0.000000,0.000000,0.000000,-131.530000,0.310000,0.090000,0.000000,48.000000,42.540000
1779334546.306515,0,0.000000,0.000000,0.000000,0.000000,-131.530000,0.310000,0.090000,0.000000,48.000000,42.540000
1779334546.336015,0,0.000000,0.000000,0.000000,0.000000,-131.530000,0.310000,0.090000,0.000000,48.000000,42.560000
1779334546.336514,0,0.000000,0.000000,0.000000,0.000000,-234.250000,0.230000,0.000000,0.000000,48.000000,42.560000
1779334546.344015,0,0.000000,0.000000,0.000000,0.000000,-234.250000,0.230000,0.000000,0.000000,48.000000,42.580000
1779334546.351515,0,0.000000,0.000000,0.000000,0.000000,-234.250000,0.230000,0.000000,0.000000,48.000000,42.590000
1779334546.366515,0,0.000000,0.000000,0.000000,0.000000,-234.250000,0.230000,0.000000,0.000000,48.000000,42.590000
1779334546.416514,0,0.000000,0.000000,0.000000,0.000000,-234.250000,0.230000,0.000000,0.000000,48.000000,42.610000
1779334546.417014,0,0.000000,0.000000,0.000000,0.000000,-61.720000,0.180000,-0.090000,0.000000,48.000000,42.630000
1779334546.417514,0,0.000000,0.000000,0.000000,0.000000,-61.720000,0.180000,-0.090000,0.000000,48.000000,42.630000
1779334546.417514,0,0.000000,0.000000,0.000000,0.000000,-61.720000,0.180000,-0.090000,0.000000,48.000000,42.650000
1779334546.471515,0,0.000000,0.000000,0.000000,0.000000,311.440000,0.150000,-0.170000,0.000000,48.000000,42.660000
1779334546.472515,0,0.000000,0.000000,0.000000,0.000000,311.440000,0.150000,-0.170000,0.000000,48.000000,42.680000
1779334546.473015,0,0.000000,0.000000,0.000000,0.000000,311.440000,0.150000,-0.170000,0.000000,48.000000,42.680000
1779334546.474015,0,0.000000,0.000000,0.000000,0.000000,311.440000,0.150000,-0.170000,0.000000,48.000000,42.700000
1779334546.486515,0,0.000000,0.000000,0.000000,0.000000,-84.120000,0.110000,-0.230000,0.000000,48.000000,42.720000
1779334546.494015,0,0.000000,0.000000,0.000000,0.000000,-84.120000,0.110000,-0.230000,0.000000,48.000000,42.740000
1779334546.509515,0,0.000000,0.000000,0.000000,0.000000,-84.120000,0.110000,-0.230000,0.000000,48.000000,42.750000
1779334546.531015,0,0.000000,0.000000,0.000000,0.000000,-84.120000,0.110000,-0.230000,0.000000,48.000000,42.750000
1779334546.539515,0,0.000000,0.000000,0.000000,0.000000,-18.200000,0.100000,-0.280000,0.000000,48.000000,42.770000
1779334546.554516,0,0.000000,0.000000,0.000000,0.000000,-18.200000,0.100000,-0.280000,0.000000,48.000000,42.790000
1779334546.561515,0,0.000000,0.000000,0.000000,0.000000,-18.200000,0.100000,-0.280000,0.000000,48.000000,42.790000
1779334546.576515,0,0.000000,0.000000,0.000000,0.000000,-18.200000,0.100000,-0.280000,0.000000,48.000000,42.810000
1779334546.597514,0,0.000000,0.000000,0.000000,0.000000,-18.200000,0.100000,-0.280000,0.000000,48.000000,42.810000
1779334546.598016,0,0.000000,0.000000,0.000000,0.000000,-51.110000,0.090000,-0.310000,0.000000,48.000000,42.830000
1779334546.607514,0,0.000000,0.000000,0.000000,0.000000,-51.110000,0.090000,-0.310000,0.000000,48.000000,42.840000
1779334546.614014,0,0.000000,0.000000,0.000000,0.000000,-51.110000,0.090000,-0.310000,0.000000,48.000000,42.840000
1779334546.629015,0,0.000000,0.000000,0.000000,0.000000,-51.110000,0.090000,-0.310000,0.000000,48.000000,42.860000
1779334546.666514,0,0.000000,0.000000,0.000000,0.000000,-51.110000,0.090000,-0.310000,0.000000,48.000000,42.860000
1779334546.667015,0,0.000000,0.000000,0.000000,0.000000,302.220000,0.090000,-0.340000,0.000000,48.000000,42.880000
1779334546.674514,0,0.000000,0.000000,0.000000,0.000000,302.220000,0.090000,-0.340000,0.000000,48.000000,42.900000
1779334546.681014,0,0.000000,0.000000,0.000000,0.000000,302.220000,0.090000,-0.340000,0.000000,48.000000,42.900000
1779334546.689515,0,0.000000,0.000000,0.000000,0.000000,302.220000,0.090000,-0.340000,0.000000,48.000000,42.910000
1779334546.698014,0,0.000000,0.000000,0.000000,0.000000,138.750000,0.090000,-0.370000,0.000000,48.000000,42.930000
1779334546.704014,0,0.000000,0.000000,0.000000,0.000000,138.750000,0.090000,-0.370000,0.000000,48.000000,42.930000
1779334546.711515,0,0.000000,0.000000,0.000000,0.000000,138.750000,0.090000,-0.370000,0.000000,48.000000,42.950000
1779334546.749014,0,0.000000,0.000000,0.000000,0.000000,138.750000,0.090000,-0.370000,0.000000,48.000000,42.950000
1779334546.750015,0,0.000000,0.000000,0.000000,0.000000,138.750000,0.090000,-0.370000,0.000000,48.000000,42.970000
1779334546.778515,0,0.000000,0.000000,0.000000,0.000000,-213.390000,0.100000,-0.410000,0.000000,48.000000,43.000000
1779334546.779014,0,0.000000,0.000000,0.000000,0.000000,-213.390000,0.100000,-0.410000,0.000000,48.000000,43.000000
1779334546.788015,0,0.000000,0.000000,0.000000,0.000000,-213.390000,0.100000,-0.410000,0.000000,48.000000,43.020000
1779334546.815514,0,0.000000,0.000000,0.000000,0.000000,-167.000000,0.140000,-0.440000,0.000000,48.000000,43.040000
1779334546.816015,0,0.000000,0.000000,0.000000,0.000000,-167.000000,0.140000,-0.440000,0.000000,48.000000,43.040000
1779334546.825015,0,0.000000,0.000000,0.000000,0.000000,-167.000000,0.140000,-0.440000,0.000000,48.000000,43.060000
1779334546.831514,0,0.000000,0.000000,0.000000,0.000000,-167.000000,0.140000,-0.440000,0.000000,48.000000,43.060000
1779334546.854015,0,0.000000,0.000000,0.000000,0.000000,-167.000000,0.140000,-0.440000,0.000000,48.000000,43.080000
1779334546.854514,0,0.000000,0.000000,0.000000,0.000000,-167.000000,0.140000,-0.440000,0.000000,48.000000,43.090000
1779334546.863015,0,0.000000,0.000000,0.000000,0.000000,-167.000000,0.140000,-0.440000,0.000000,48.000000,43.090000
1779334546.884015,0,0.000000,0.000000,0.000000,0.000000,-167.000000,0.140000,-0.440000,0.000000,48.000000,43.110000
1779334546.892014,0,0.000000,0.000000,0.000000,0.000000,-167.000000,0.140000,-0.440000,0.000000,48.000000,43.110000
1779334546.901578,0,0.000000,0.000000,0.000000,0.000000,42.020000,0.170000,-0.490000,0.000000,51.000000,43.130000
1779334546.906515,0,0.000000,0.000000,0.000000,0.000000,42.020000,0.170000,-0.490000,0.000000,51.000000,43.150000
1779334546.913514,0,0.000000,0.000000,0.000000,0.000000,42.020000,0.170000,-0.490000,0.000000,51.000000,43.150000
1779334546.929515,0,0.000000,0.000000,0.000000,0.000000,42.020000,0.170000,-0.490000,0.000000,51.000000,43.160000
1779334546.944515,0,0.000000,0.000000,0.000000,0.000000,42.020000,0.170000,-0.490000,0.000000,51.000000,43.180000
1779334546.953516,0,0.000000,0.000000,0.000000,0.000000,42.020000,0.170000,-0.490000,0.000000,51.000000,43.180000
1779334546.971514,0,0.000000,0.000000,0.000000,0.000000,-73.630000,0.210000,-0.500000,0.000000,48.000000,43.200000
1779334546.981514,0,0.000000,0.000000,0.000000,0.000000,-73.630000,0.210000,-0.500000,0.000000,48.000000,43.220000
1779334546.989015,0,0.000000,0.000000,0.000000,0.000000,-73.630000,0.210000,-0.500000,0.000000,48.000000,43.220000
1779334547.019015,0,0.000000,0.000000,0.000000,0.000000,277.540000,0.270000,-0.470000,0.000000,48.000000,43.240000
1779334547.020015,0,0.000000,0.000000,0.000000,0.000000,277.540000,0.270000,-0.470000,0.000000,48.000000,43.250000
1779334547.033515,0,0.000000,0.000000,0.000000,0.000000,277.540000,0.270000,-0.470000,0.000000,48.000000,43.250000
1779334547.034515,0,0.000000,0.000000,0.000000,0.000000,277.540000,0.270000,-0.470000,0.000000,48.000000,43.270000
1779334547.049014,0,0.000000,0.000000,0.000000,0.000000,277.540000,0.270000,-0.470000,0.000000,48.000000,43.270000
1779334547.063514,0,0.000000,0.000000,0.000000,0.000000,-80.770000,0.330000,-0.370000,0.000000,48.000000,43.290000
1779334547.064514,0,0.000000,0.000000,0.000000,0.000000,-80.770000,0.330000,-0.370000,0.000000,48.000000,43.310000
1779334547.079014,0,0.000000,0.000000,0.000000,0.000000,-80.770000,0.330000,-0.370000,0.000000,48.000000,43.310000
1779334547.086514,0,0.000000,0.000000,0.000000,0.000000,-80.770000,0.330000,-0.370000,0.000000,48.000000,43.330000
1779334547.115515,0,0.000000,0.000000,0.000000,0.000000,-80.770000,0.330000,-0.370000,0.000000,48.000000,43.340000
1779334547.116015,0,0.000000,0.000000,0.000000,0.000000,167.720000,0.370000,-0.210000,0.000000,48.000000,43.340000
1779334547.124514,0,0.000000,0.000000,0.000000,0.000000,167.720000,0.370000,-0.210000,0.000000,48.000000,43.360000
1779334547.125515,0,0.000000,0.000000,0.000000,0.000000,167.720000,0.370000,-0.210000,0.000000,48.000000,43.360000
1779334547.131515,0,0.000000,0.000000,0.000000,0.000000,167.720000,0.370000,-0.210000,0.000000,48.000000,43.380000
1779334547.154015,0,0.000000,0.000000,0.000000,0.000000,167.720000,0.370000,-0.210000,0.000000,48.000000,43.380000
1779334547.161015,0,0.000000,0.000000,0.000000,0.000000,207.750000,0.430000,-0.050000,0.000000,48.000000,43.400000
1779334547.176514,0,0.000000,0.000000,0.000000,0.000000,207.750000,0.430000,-0.050000,0.000000,48.000000,43.400000
1779334547.177515,0,0.000000,0.000000,0.000000,0.000000,207.750000,0.430000,-0.050000,0.000000,48.000000,43.410000
1779334547.191514,0,0.000000,0.000000,0.000000,0.000000,207.750000,0.430000,-0.050000,0.000000,48.000000,43.430000
1779334547.198515,0,0.000000,0.000000,0.000000,0.000000,207.750000,0.430000,-0.050000,0.000000,48.000000,43.430000
1779334547.214013,0,0.000000,0.000000,0.000000,0.000000,34.470000,0.470000,0.070000,0.000000,48.000000,43.450000
1779334547.221514,0,0.000000,0.000000,0.000000,0.000000,34.470000,0.470000,0.070000,0.000000,48.000000,43.450000
1779334547.229014,0,0.000000,0.000000,0.000000,0.000000,34.470000,0.470000,0.070000,0.000000,48.000000,43.470000
1779334547.236514,0,0.000000,0.000000,0.000000,0.000000,34.470000,0.470000,0.070000,0.000000,48.000000,43.470000
1779334547.259014,0,0.000000,0.000000,0.000000,0.000000,34.470000,0.470000,0.070000,0.000000,48.000000,43.490000
1779334547.273514,0,0.000000,0.000000,0.000000,0.000000,34.470000,0.470000,0.070000,0.000000,48.000000,43.500000
1779334547.282515,0,0.000000,0.000000,0.000000,0.000000,176.520000,0.500000,0.180000,0.000000,48.000000,43.500000
1779334547.283015,0,0.000000,0.000000,0.000000,0.000000,176.520000,0.500000,0.180000,0.000000,48.000000,43.520000
1779334547.296514,0,0.000000,0.000000,0.000000,0.000000,176.520000,0.500000,0.180000,0.000000,48.000000,43.520000
1779334547.319014,0,0.000000,0.000000,0.000000,0.000000,176.520000,0.500000,0.180000,0.000000,48.000000,43.540000
1779334547.327514,0,0.000000,0.000000,0.000000,0.000000,124.860000,0.540000,0.280000,0.000000,48.000000,43.560000
1779334547.328016,0,0.000000,0.000000,0.000000,0.000000,124.860000,0.540000,0.280000,0.000000,48.000000,43.560000
1779334547.356514,0,0.000000,0.000000,0.000000,0.000000,124.860000,0.540000,0.280000,0.000000,48.000000,43.580000
1779334547.357515,0,0.000000,0.000000,0.000000,0.000000,124.860000,0.540000,0.280000,0.000000,48.000000,43.590000
1779334547.363515,0,0.000000,0.000000,0.000000,0.000000,124.860000,0.540000,0.280000,0.000000,48.000000,43.590000
1779334547.372514,0,0.000000,0.000000,0.000000,0.000000,-125.130000,0.560000,0.340000,0.000000,48.000000,43.610000
1779334547.386514,0,0.000000,0.000000,0.000000,0.000000,-125.130000,0.560000,0.340000,0.000000,48.000000,43.610000
1779334547.387514,0,0.000000,0.000000,0.000000,0.000000,-125.130000,0.560000,0.340000,0.000000,48.000000,43.630000
1779334547.409014,0,0.000000,0.000000,0.000000,0.000000,-125.130000,0.560000,0.340000,0.000000,48.000000,43.630000
1779334547.416014,0,0.000000,0.000000,0.000000,0.000000,-125.130000,0.560000,0.340000,0.000000,48.000000,43.650000
1779334547.424514,0,0.000000,0.000000,0.000000,0.000000,-179.100000,0.560000,0.380000,0.000000,48.000000,43.650000
1779334547.433015,0,0.000000,0.000000,0.000000,0.000000,-179.100000,0.560000,0.380000,0.000000,48.000000,43.660000
1779334547.433516,0,0.000000,0.000000,0.000000,0.000000,-179.100000,0.560000,0.380000,0.000000,48.000000,43.680000
1779334547.461515,0,0.000000,0.000000,0.000000,0.000000,-179.100000,0.560000,0.380000,0.000000,48.000000,43.680000
1779334547.484514,0,0.000000,0.000000,0.000000,0.000000,-179.100000,0.560000,0.380000,0.000000,48.000000,43.700000
1779334547.493016,0,0.000000,0.000000,0.000000,0.000000,91.690000,0.560000,0.400000,0.000000,48.000000,43.720000
1779334547.499015,0,0.000000,0.000000,0.000000,0.000000,91.690000,0.560000,0.400000,0.000000,48.000000,43.720000
1779334547.500014,0,0.000000,0.000000,0.000000,0.000000,91.690000,0.560000,0.400000,0.000000,48.000000,43.740000
1779334547.535014,0,0.000000,0.000000,0.000000,0.000000,94.870000,0.560000,0.410000,0.000000,48.000000,43.750000
1779334547.535014,0,0.000000,0.000000,0.000000,0.000000,94.870000,0.560000,0.410000,0.000000,48.000000,43.770000
1779334547.567014,0,0.000000,0.000000,0.000000,0.000000,94.870000,0.560000,0.410000,0.000000,48.000000,43.770000
1779334547.568014,0,0.000000,0.000000,0.000000,0.000000,94.870000,0.560000,0.410000,0.000000,48.000000,43.790000
1779334547.568515,0,0.000000,0.000000,0.000000,0.000000,94.870000,0.560000,0.410000,0.000000,48.000000,43.790000
1779334547.586514,0,0.000000,0.000000,0.000000,0.000000,94.870000,0.560000,0.410000,0.000000,48.000000,43.810000
1779334547.590513,0,0.000000,0.000000,0.000000,0.000000,24.670000,0.520000,0.400000,0.000000,48.000000,43.810000
1779334547.604514,0,0.000000,0.000000,0.000000,0.000000,24.670000,0.520000,0.400000,0.000000,48.000000,43.830000
1779334547.619013,0,0.000000,0.000000,0.000000,0.000000,24.670000,0.520000,0.400000,0.000000,48.000000,43.840000
1779334547.619514,0,0.000000,0.000000,0.000000,0.000000,24.670000,0.520000,0.400000,0.000000,48.000000,43.840000
1779334547.637015,0,0.000000,0.000000,0.000000,0.000000,196.000000,0.460000,0.340000,0.000000,48.000000,43.860000
1779334547.641515,0,0.000000,0.000000,0.000000,0.000000,196.000000,0.460000,0.340000,0.000000,48.000000,43.880000
1779334547.656516,0,0.000000,0.000000,0.000000,0.000000,196.000000,0.460000,0.340000,0.000000,48.000000,43.880000
1779334547.664015,0,0.000000,0.000000,0.000000,0.000000,196.000000,0.460000,0.340000,0.000000,48.000000,43.900000
1779334547.678515,0,0.000000,0.000000,0.000000,0.000000,196.000000,0.460000,0.340000,0.000000,48.000000,43.900000
1779334547.687014,0,0.000000,0.000000,0.000000,0.000000,-237.250000,0.370000,0.200000,0.000000,48.000000,43.910000
1779334547.701514,0,0.000000,0.000000,0.000000,0.000000,-237.250000,0.370000,0.200000,0.000000,48.000000,43.930000
1779334547.708514,0,0.000000,0.000000,0.000000,0.000000,-237.250000,0.370000,0.200000,0.000000,48.000000,43.930000
1779334547.709013,0,0.000000,0.000000,0.000000,0.000000,-237.250000,0.370000,0.200000,0.000000,48.000000,43.950000
1779334547.731514,0,0.000000,0.000000,0.000000,0.000000,-237.250000,0.370000,0.200000,0.000000,48.000000,43.950000
1779334547.739014,0,0.000000,0.000000,0.000000,0.000000,265.140000,0.300000,0.070000,0.000000,48.000000,43.970000
1779334547.748014,0,0.000000,0.000000,0.000000,0.000000,265.140000,0.300000,0.070000,0.000000,48.000000,43.970000
1779334547.754014,0,0.000000,0.000000,0.000000,0.000000,265.140000,0.300000,0.070000,0.000000,48.000000,43.990000
1779334547.761515,0,0.000000,0.000000,0.000000,0.000000,265.140000,0.300000,0.070000,0.000000,48.000000,44.000000
1779334547.789016,0,0.000000,0.000000,0.000000,0.000000,265.140000,0.300000,0.070000,0.000000,48.000000,44.000000
1779334547.792515,0,0.000000,0.000000,0.000000,0.000000,150.050000,0.210000,-0.010000,0.000000,48.000000,44.020000
1779334547.802014,0,0.000000,0.000000,0.000000,0.000000,150.050000,0.210000,-0.010000,0.000000,48.000000,44.020000
1779334547.806514,0,0.000000,0.000000,0.000000,0.000000,150.050000,0.210000,-0.010000,0.000000,48.000000,44.040000
1779334547.829015,0,0.000000,0.000000,0.000000,0.000000,150.050000,0.210000,-0.010000,0.000000,48.000000,44.040000
1779334547.838015,0,0.000000,0.000000,0.000000,0.000000,256.670000,0.170000,-0.100000,0.000000,48.000000,44.080000
1779334547.847014,0,0.000000,0.000000,0.000000,0.000000,256.670000,0.170000,-0.100000,0.000000,48.000000,44.090000
1779334547.859015,0,0.000000,0.000000,0.000000,0.000000,256.670000,0.170000,-0.100000,0.000000,48.000000,44.090000
1779334547.866514,0,0.000000,0.000000,0.000000,0.000000,256.670000,0.170000,-0.100000,0.000000,48.000000,44.110000
1779334547.903014,0,0.000000,0.000000,0.000000,0.000000,256.670000,0.170000,-0.100000,0.000000,48.000000,44.110000
1779334547.911514,0,0.000000,0.000000,0.000000,0.000000,-46.450000,0.120000,-0.170000,0.000000,48.000000,44.130000
1779334547.912014,0,0.000000,0.000000,0.000000,0.000000,-46.450000,0.120000,-0.170000,0.000000,48.000000,44.130000
1779334547.942014,0,0.000000,0.000000,0.000000,0.000000,-46.450000,0.120000,-0.170000,0.000000,48.000000,44.150000
1779334547.942514,0,0.000000,0.000000,0.000000,0.000000,-46.450000,0.120000,-0.170000,0.000000,48.000000,44.150000
1779334547.949516,0,0.000000,0.000000,0.000000,0.000000,-46.450000,0.120000,-0.170000,0.000000,48.000000,44.160000
1779334547.963014,0,0.000000,0.000000,0.000000,0.000000,-243.490000,0.100000,-0.210000,0.000000,48.000000,44.200000
1779334547.964015,0,0.000000,0.000000,0.000000,0.000000,-243.490000,0.100000,-0.210000,0.000000,48.000000,44.200000
1779334547.986014,0,0.000000,0.000000,0.000000,0.000000,-243.490000,0.100000,-0.210000,0.000000,48.000000,44.220000
1779334548.007015,0,0.000000,0.000000,0.000000,0.000000,276.100000,0.090000,-0.250000,0.000000,48.000000,44.220000
1779334548.014014,0,0.000000,0.000000,0.000000,0.000000,276.100000,0.090000,-0.250000,0.000000,48.000000,44.240000
1779334548.016015,0,0.000000,0.000000,0.000000,0.000000,276.100000,0.090000,-0.250000,0.000000,48.000000,44.250000
1779334548.017015,0,0.000000,0.000000,0.000000,0.000000,276.100000,0.090000,-0.250000,0.000000,48.000000,44.250000
1779334548.055515,0,0.000000,0.000000,0.000000,0.000000,-280.260000,0.070000,-0.280000,0.000000,48.000000,44.270000
1779334548.056015,0,0.000000,0.000000,0.000000,0.000000,-280.260000,0.070000,-0.280000,0.000000,48.000000,44.290000
1779334548.065021,0,0.000000,0.000000,0.000000,0.000000,-280.260000,0.070000,-0.280000,0.000000,48.000000,44.290000
1779334548.076514,0,0.000000,0.000000,0.000000,0.000000,-280.260000,0.070000,-0.280000,0.000000,48.000000,44.310000
1779334548.099016,0,0.000000,0.000000,0.000000,0.000000,-280.260000,0.070000,-0.280000,0.000000,48.000000,44.310000
1779334548.108015,0,0.000000,0.000000,0.000000,0.000000,-206.420000,0.070000,-0.330000,0.000000,48.000000,44.340000
1779334548.109015,0,0.000000,0.000000,0.000000,0.000000,-206.420000,0.070000,-0.330000,0.000000,48.000000,44.340000
1779334548.121515,0,0.000000,0.000000,0.000000,0.000000,-206.420000,0.070000,-0.330000,0.000000,48.000000,44.360000
1779334548.136514,0,0.000000,0.000000,0.000000,0.000000,-206.420000,0.070000,-0.330000,0.000000,48.000000,44.360000
1779334548.144014,0,0.000000,0.000000,0.000000,0.000000,-206.420000,0.070000,-0.330000,0.000000,48.000000,44.380000
1779334548.152514,0,0.000000,0.000000,0.000000,0.000000,-321.760000,0.100000,-0.370000,0.000000,48.000000,44.380000
1779334548.167014,0,0.000000,0.000000,0.000000,0.000000,-321.760000,0.100000,-0.370000,0.000000,48.000000,44.400000
1779334548.181515,0,0.000000,0.000000,0.000000,0.000000,-321.760000,0.100000,-0.370000,0.000000,48.000000,44.400000
1779334548.182514,0,0.000000,0.000000,0.000000,0.000000,-321.760000,0.100000,-0.370000,0.000000,48.000000,44.410000
1779334548.203514,0,0.000000,0.000000,0.000000,0.000000,-321.760000,0.100000,-0.370000,0.000000,48.000000,44.430000
1779334548.212015,0,0.000000,0.000000,0.000000,0.000000,299.970000,0.110000,-0.400000,0.000000,48.000000,44.430000
1779334548.219014,0,0.000000,0.000000,0.000000,0.000000,299.970000,0.110000,-0.400000,0.000000,48.000000,44.450000
1779334548.234015,0,0.000000,0.000000,0.000000,0.000000,299.970000,0.110000,-0.400000,0.000000,48.000000,44.470000
1779334548.241514,0,0.000000,0.000000,0.000000,0.000000,299.970000,0.110000,-0.400000,0.000000,48.000000,44.470000
1779334548.257015,0,0.000000,0.000000,0.000000,0.000000,299.970000,0.110000,-0.400000,0.000000,48.000000,44.470000
1779334548.272014,0,0.000000,0.000000,0.000000,0.000000,-311.020000,0.150000,-0.430000,0.000000,48.000000,44.500000
1779334548.273015,0,0.000000,0.000000,0.000000,0.000000,-311.020000,0.150000,-0.430000,0.000000,48.000000,44.500000
1779334548.279014,0,0.000000,0.000000,0.000000,0.000000,-311.020000,0.150000,-0.430000,0.000000,48.000000,44.520000
1779334548.293514,0,0.000000,0.000000,0.000000,0.000000,-311.020000,0.150000,-0.430000,0.000000,48.000000,44.520000
1779334548.309014,0,0.000000,0.000000,0.000000,0.000000,-311.020000,0.150000,-0.430000,0.000000,48.000000,44.540000
1779334548.317014,0,0.000000,0.000000,0.000000,0.000000,-311.020000,0.150000,-0.430000,0.000000,48.000000,44.540000
1779334548.332015,0,0.000000,0.000000,0.000000,0.000000,-311.020000,0.150000,-0.430000,0.000000,48.000000,44.560000
1779334548.338514,0,0.000000,0.000000,0.000000,0.000000,-311.020000,0.150000,-0.430000,0.000000,48.000000,44.560000
1779334548.360513,0,0.000000,0.000000,0.000000,0.000000,-311.020000,0.150000,-0.430000,0.000000,48.000000,44.580000
1779334548.361513,0,0.000000,0.000000,0.000000,0.000000,108.790000,0.180000,-0.460000,0.000000,49.000000,44.590000
1779334548.369014,0,0.000000,0.000000,0.000000,0.000000,108.790000,0.180000,-0.460000,0.000000,49.000000,44.610000
1779334548.376514,0,0.000000,0.000000,0.000000,0.000000,108.790000,0.180000,-0.460000,0.000000,49.000000,44.610000
1779334548.391514,0,0.000000,0.000000,0.000000,0.000000,108.790000,0.180000,-0.460000,0.000000,49.000000,44.630000
1779334548.407014,0,0.000000,0.000000,0.000000,0.000000,108.790000,0.180000,-0.460000,0.000000,49.000000,44.630000
1779334548.416015,0,0.000000,0.000000,0.000000,0.000000,-294.040000,0.250000,-0.460000,0.000000,48.000000,44.650000
1779334548.421514,0,0.000000,0.000000,0.000000,0.000000,-294.040000,0.250000,-0.460000,0.000000,48.000000,44.650000
1779334548.429015,0,0.000000,0.000000,0.000000,0.000000,-294.040000,0.250000,-0.460000,0.000000,48.000000,44.660000
1779334548.444514,0,0.000000,0.000000,0.000000,0.000000,-294.040000,0.250000,-0.460000,0.000000,48.000000,44.680000
1779334548.466515,0,0.000000,0.000000,0.000000,0.000000,-294.040000,0.250000,-0.460000,0.000000,48.000000,44.680000
1779334548.467016,0,0.000000,0.000000,0.000000,0.000000,101.480000,0.310000,-0.400000,0.000000,48.000000,44.700000
1779334548.482014,0,0.000000,0.000000,0.000000,0.000000,101.480000,0.310000,-0.400000,0.000000,48.000000,44.700000
1779334548.482515,0,0.000000,0.000000,0.000000,0.000000,101.480000,0.310000,-0.400000,0.000000,48.000000,44.720000
1779334548.502015,0,0.000000,0.000000,0.000000,0.000000,101.480000,0.310000,-0.400000,0.000000,48.000000,44.740000
1779334548.506014,0,0.000000,0.000000,0.000000,0.000000,232.380000,0.370000,-0.340000,0.000000,48.000000,44.750000
1779334548.527014,0,0.000000,0.000000,0.000000,0.000000,232.380000,0.370000,-0.340000,0.000000,48.000000,44.750000
1779334548.556014,0,0.000000,0.000000,0.000000,0.000000,232.380000,0.370000,-0.340000,0.000000,48.000000,44.770000
1779334548.557014,0,0.000000,0.000000,0.000000,0.000000,232.380000,0.370000,-0.340000,0.000000,48.000000,44.770000
1779334548.558014,0,0.000000,0.000000,0.000000,0.000000,232.380000,0.370000,-0.340000,0.000000,48.000000,44.790000
1779334548.572514,0,0.000000,0.000000,0.000000,0.000000,-269.160000,0.400000,-0.230000,0.000000,48.000000,44.810000
1779334548.578513,0,0.000000,0.000000,0.000000,0.000000,-269.160000,0.400000,-0.230000,0.000000,48.000000,44.810000
1779334548.601514,0,0.000000,0.000000,0.000000,0.000000,-269.160000,0.400000,-0.230000,0.000000,48.000000,44.830000
1779334548.602515,0,0.000000,0.000000,0.000000,0.000000,-269.160000,0.400000,-0.230000,0.000000,48.000000,44.840000
1779334548.623513,0,0.000000,0.000000,0.000000,0.000000,-269.160000,0.400000,-0.230000,0.000000,48.000000,44.840000
1779334548.632515,0,0.000000,0.000000,0.000000,0.000000,-269.160000,0.400000,-0.230000,0.000000,48.000000,44.860000
1779334548.639014,0,0.000000,0.000000,0.000000,0.000000,-269.160000,0.400000,-0.230000,0.000000,48.000000,44.880000
1779334548.647514,0,0.000000,0.000000,0.000000,0.000000,-269.160000,0.400000,-0.230000,0.000000,48.000000,44.880000
1779334548.669018,0,0.000000,0.000000,0.000000,0.000000,-269.160000,0.400000,-0.230000,0.000000,48.000000,44.900000
1779334548.678518,0,0.000000,0.000000,0.000000,0.000000,57.740000,0.440000,-0.150000,0.000000,51.000000,44.900000
1779334548.679014,0,0.000000,0.000000,0.000000,0.000000,57.740000,0.440000,-0.150000,0.000000,51.000000,44.910000
1779334548.683514,0,0.000000,0.000000,0.000000,0.000000,57.740000,0.440000,-0.150000,0.000000,51.000000,44.930000
1779334548.699514,0,0.000000,0.000000,0.000000,0.000000,57.740000,0.440000,-0.150000,0.000000,51.000000,44.930000
1779334548.706515,0,0.000000,0.000000,0.000000,0.000000,57.740000,0.440000,-0.150000,0.000000,51.000000,44.950000
1779334548.722514,0,0.000000,0.000000,0.000000,0.000000,-234.300000,0.490000,0.000000,0.000000,48.000000,44.950000
1779334548.729015,0,0.000000,0.000000,0.000000,0.000000,-234.300000,0.490000,0.000000,0.000000,48.000000,44.970000
1779334548.737014,0,0.000000,0.000000,0.000000,0.000000,-234.300000,0.490000,0.000000,0.000000,48.000000,44.970000
1779334548.751514,0,0.000000,0.000000,0.000000,0.000000,-234.300000,0.490000,0.000000,0.000000,48.000000,44.990000
1779334548.758514,0,0.000000,0.000000,0.000000,0.000000,-234.300000,0.490000,0.000000,0.000000,48.000000,45.000000
1779334548.775514,0,0.000000,0.000000,0.000000,0.000000,-234.300000,0.490000,0.000000,0.000000,48.000000,45.000000
1779334548.781513,0,0.000000,0.000000,0.000000,0.000000,-234.300000,0.490000,0.000000,0.000000,48.000000,45.020000
1779334548.789014,0,0.000000,0.000000,0.000000,0.000000,-234.300000,0.490000,0.000000,0.000000,48.000000,45.020000
1779334548.812014,0,0.000000,0.000000,0.000000,0.000000,-234.300000,0.490000,0.000000,0.000000,48.000000,45.040000
1779334548.820014,0,0.000000,0.000000,0.000000,0.000000,-234.300000,0.490000,0.000000,0.000000,48.000000,45.040000
1779334548.834014,0,0.000000,0.000000,0.000000,0.000000,-234.300000,0.490000,0.000000,0.000000,48.000000,45.060000
1779334548.835014,0,0.000000,0.000000,0.000000,0.000000,-234.300000,0.490000,0.000000,0.000000,48.000000,45.060000
1779334548.849014,0,0.000000,0.000000,0.000000,0.000000,-234.300000,0.490000,0.000000,0.000000,48.000000,45.080000
1779334548.857014,0,0.000000,0.000000,0.000000,0.000000,-234.300000,0.490000,0.000000,0.000000,48.000000,45.090000
1779334548.895024,0,0.000000,0.000000,0.000000,0.000000,0.000000,0.000000,0.000000,0.000000,63.000000,45.090000
1779334548.895514,0,0.000000,0.000000,0.000000,0.000000,-11.460000,0.500000,0.070000,0.000000,51.000000,45.110000
1779334548.896014,0,0.000000,0.000000,0.000000,0.000000,-11.460000,0.500000,0.070000,0.000000,51.000000,45.130000
1779334548.909014,0,0.000000,0.000000,0.000000,0.000000,-11.460000,0.500000,0.070000,0.000000,51.000000,45.130000
1779334548.910015,0,0.000000,0.000000,0.000000,0.000000,-11.460000,0.500000,0.070000,0.000000,51.000000,45.150000
1779334548.953015,0,0.000000,0.000000,0.000000,0.000000,101.160000,0.500000,0.170000,0.000000,48.000000,45.160000
1779334548.953515,0,0.000000,0.000000,0.000000,0.000000,101.160000,0.500000,0.170000,0.000000,48.000000,45.180000
1779334548.963015,0,0.000000,0.000000,0.000000,0.000000,101.160000,0.500000,0.170000,0.000000,48.000000,45.180000
1779334548.964014,0,0.000000,0.000000,0.000000,0.000000,101.160000,0.500000,0.170000,0.000000,48.000000,45.200000
1779334548.992013,0,0.000000,0.000000,0.000000,0.000000,101.160000,0.500000,0.170000,0.000000,48.000000,45.200000
1779334548.992513,0,0.000000,0.000000,0.000000,0.000000,-5.110000,0.490000,0.180000,0.000000,48.000000,45.220000
1779334549.006015,0,0.000000,0.000000,0.000000,0.000000,-5.110000,0.490000,0.180000,0.000000,48.000000,45.220000
1779334549.013015,0,0.000000,0.000000,0.000000,0.000000,-5.110000,0.490000,0.180000,0.000000,48.000000,45.240000
1779334549.028013,0,0.000000,0.000000,0.000000,0.000000,-5.110000,0.490000,0.180000,0.000000,48.000000,45.250000
1779334549.045514,0,0.000000,0.000000,0.000000,0.000000,-5.110000,0.490000,0.180000,0.000000,48.000000,45.250000
1779334549.046014,0,0.000000,0.000000,0.000000,0.000000,-8.220000,0.430000,0.150000,0.000000,48.000000,45.270000
1779334549.051514,0,0.000000,0.000000,0.000000,0.000000,-8.220000,0.430000,0.150000,0.000000,48.000000,45.290000
1779334549.066015,0,0.000000,0.000000,0.000000,0.000000,-8.220000,0.430000,0.150000,0.000000,48.000000,45.290000
1779334549.067014,0,0.000000,0.000000,0.000000,0.000000,-8.220000,0.430000,0.150000,0.000000,48.000000,45.310000
1779334549.097014,0,0.000000,0.000000,0.000000,0.000000,-151.630000,0.340000,0.050000,0.000000,48.000000,45.330000
1779334549.098014,0,0.000000,0.000000,0.000000,0.000000,-151.630000,0.340000,0.050000,0.000000,48.000000,45.340000
1779334549.111514,0,0.000000,0.000000,0.000000,0.000000,-151.630000,0.340000,0.050000,0.000000,48.000000,45.340000
1779334549.119013,0,0.000000,0.000000,0.000000,0.000000,-151.630000,0.340000,0.050000,0.000000,48.000000,45.360000
1779334549.126515,0,0.000000,0.000000,0.000000,0.000000,-151.630000,0.340000,0.050000,0.000000,48.000000,45.360000
1779334549.157014,0,0.000000,0.000000,0.000000,0.000000,-198.100000,0.250000,-0.030000,0.000000,48.000000,45.380000
1779334549.157515,0,0.000000,0.000000,0.000000,0.000000,-198.100000,0.250000,-0.030000,0.000000,48.000000,45.380000
1779334549.163514,0,0.000000,0.000000,0.000000,0.000000,-198.100000,0.250000,-0.030000,0.000000,48.000000,45.400000
1779334549.171514,0,0.000000,0.000000,0.000000,0.000000,-198.100000,0.250000,-0.030000,0.000000,48.000000,45.400000
1779334549.209015,0,0.000000,0.000000,0.000000,0.000000,-198.100000,0.250000,-0.030000,0.000000,48.000000,45.410000
1779334549.224514,0,0.000000,0.000000,0.000000,0.000000,-198.100000,0.250000,-0.030000,0.000000,48.000000,45.430000
1779334549.225514,0,0.000000,0.000000,0.000000,0.000000,-198.100000,0.250000,-0.030000,0.000000,48.000000,45.450000
1779334549.226514,0,0.000000,0.000000,0.000000,0.000000,-198.100000,0.250000,-0.030000,0.000000,48.000000,45.450000
1779334549.227514,0,0.000000,0.000000,0.000000,0.000000,-198.100000,0.250000,-0.030000,0.000000,48.000000,45.450000
1779334549.246014,0,0.000000,0.000000,0.000000,0.000000,302.200000,0.200000,-0.110000,0.000000,51.000000,45.470000
1779334549.247514,0,0.000000,0.000000,0.000000,0.000000,302.200000,0.200000,-0.110000,0.000000,51.000000,45.490000
1779334549.262014,0,0.000000,0.000000,0.000000,0.000000,302.200000,0.200000,-0.110000,0.000000,51.000000,45.500000
1779334549.269014,0,0.000000,0.000000,0.000000,0.000000,302.200000,0.200000,-0.110000,0.000000,51.000000,45.500000
1779334549.291515,0,0.000000,0.000000,0.000000,0.000000,302.200000,0.200000,-0.110000,0.000000,51.000000,45.520000
1779334549.307014,0,0.000000,0.000000,0.000000,0.000000,302.200000,0.200000,-0.110000,0.000000,51.000000,45.520000
1779334549.308014,0,0.000000,0.000000,0.000000,0.000000,302.200000,0.200000,-0.110000,0.000000,51.000000,45.540000
1779334549.321015,0,0.000000,0.000000,0.000000,0.000000,302.200000,0.200000,-0.110000,0.000000,51.000000,45.540000
1779334549.322015,0,0.000000,0.000000,0.000000,0.000000,302.200000,0.200000,-0.110000,0.000000,51.000000,45.560000
1779334549.366514,0,0.000000,0.000000,0.000000,0.000000,302.200000,0.200000,-0.110000,0.000000,51.000000,45.560000
1779334549.368014,0,0.000000,0.000000,0.000000,0.000000,-289.300000,0.150000,-0.180000,0.000000,49.000000,45.590000
1779334549.368514,0,0.000000,0.000000,0.000000,0.000000,-289.300000,0.150000,-0.180000,0.000000,49.000000,45.590000
1779334549.369514,0,0.000000,0.000000,0.000000,0.000000,-289.300000,0.150000,-0.180000,0.000000,49.000000,45.610000
1779334549.373514,0,0.000000,0.000000,0.000000,0.000000,-289.300000,0.150000,-0.180000,0.000000,49.000000,45.610000
1779334549.397051,0,0.000000,0.000000,0.000000,0.000000,-289.300000,0.150000,-0.180000,0.000000,49.000000,45.630000
1779334549.406514,0,0.000000,0.000000,0.000000,0.000000,273.100000,0.110000,-0.250000,0.000000,48.000000,45.630000
1779334549.411014,0,0.000000,0.000000,0.000000,0.000000,273.100000,0.110000,-0.250000,0.000000,48.000000,45.650000
1779334549.419014,0,0.000000,0.000000,0.000000,0.000000,273.100000,0.110000,-0.250000,0.000000,48.000000,45.650000
1779334549.426514,0,0.000000,0.000000,0.000000,0.000000,273.100000,0.110000,-0.250000,0.000000,48.000000,45.660000
1779334549.473013,0,0.000000,0.000000,0.000000,0.000000,52.930000,0.100000,-0.310000,0.000000,48.000000,45.680000
1779334549.473514,0,0.000000,0.000000,0.000000,0.000000,52.930000,0.100000,-0.310000,0.000000,48.000000,45.700000
1779334549.475014,0,0.000000,0.000000,0.000000,0.000000,52.930000,0.100000,-0.310000,0.000000,48.000000,45.700000
1779334549.486515,0,0.000000,0.000000,0.000000,0.000000,52.930000,0.100000,-0.310000,0.000000,48.000000,45.720000
1779334549.509514,0,0.000000,0.000000,0.000000,0.000000,52.930000,0.100000,-0.310000,0.000000,48.000000,45.720000
1779334549.531514,0,0.000000,0.000000,0.000000,0.000000,273.700000,0.100000,-0.340000,0.000000,48.000000,45.750000
1779334549.538513,0,0.000000,0.000000,0.000000,0.000000,273.700000,0.100000,-0.340000,0.000000,48.000000,45.750000
1779334549.539513,0,0.000000,0.000000,0.000000,0.000000,273.700000,0.100000,-0.340000,0.000000,48.000000,45.770000
1779334549.540515,0,0.000000,0.000000,0.000000,0.000000,273.700000,0.100000,-0.340000,0.000000,48.000000,45.770000
1779334549.564013,0,0.000000,0.000000,0.000000,0.000000,273.700000,0.100000,-0.340000,0.000000,48.000000,45.790000
1779334549.569013,0,0.000000,0.000000,0.000000,0.000000,273.700000,0.100000,-0.340000,0.000000,48.000000,45.810000
1779334549.585014,0,0.000000,0.000000,0.000000,0.000000,273.700000,0.100000,-0.340000,0.000000,48.000000,45.810000
1779334549.599015,0,0.000000,0.000000,0.000000,0.000000,273.700000,0.100000,-0.340000,0.000000,48.000000,45.830000
1779334549.609015,0,0.000000,0.000000,0.000000,0.000000,-197.830000,0.100000,-0.370000,0.000000,51.000000,45.840000
1779334549.614014,0,0.000000,0.000000,0.000000,0.000000,-197.830000,0.100000,-0.370000,0.000000,51.000000,45.840000
1779334549.636514,0,0.000000,0.000000,0.000000,0.000000,-197.830000,0.100000,-0.370000,0.000000,51.000000,45.860000
1779334549.637514,0,0.000000,0.000000,0.000000,0.000000,-197.830000,0.100000,-0.370000,0.000000,51.000000,45.860000
1779334549.651014,0,0.000000,0.000000,0.000000,0.000000,-197.830000,0.100000,-0.370000,0.000000,51.000000,45.880000
1779334549.681514,0,0.000000,0.000000,0.000000,0.000000,-71.230000,0.120000,-0.410000,0.000000,48.000000,45.900000
1779334549.682014,0,0.000000,0.000000,0.000000,0.000000,-71.230000,0.120000,-0.410000,0.000000,48.000000,45.910000
1779334549.696013,0,0.000000,0.000000,0.000000,0.000000,-71.230000,0.120000,-0.410000,0.000000,48.000000,45.930000
1779334549.719015,0,0.000000,0.000000,0.000000,0.000000,-71.230000,0.120000,-0.410000,0.000000,48.000000,45.930000
1779334549.719514,0,0.000000,0.000000,0.000000,0.000000,-174.940000,0.150000,-0.430000,0.000000,48.000000,45.950000
1779334549.728514,0,0.000000,0.000000,0.000000,0.000000,-174.940000,0.150000,-0.430000,0.000000,48.000000,45.950000
1779334549.734015,0,0.000000,0.000000,0.000000,0.000000,-174.940000,0.150000,-0.430000,0.000000,48.000000,45.970000
1779334549.741013,0,0.000000,0.000000,0.000000,0.000000,-174.940000,0.150000,-0.430000,0.000000,48.000000,45.970000
1779334549.764515,0,0.000000,0.000000,0.000000,0.000000,-174.940000,0.150000,-0.430000,0.000000,48.000000,45.990000
1779334549.765014,0,0.000000,0.000000,0.000000,0.000000,-23.090000,0.180000,-0.410000,0.000000,48.000000,46.000000
1779334549.771014,0,0.000000,0.000000,0.000000,0.000000,-23.090000,0.180000,-0.410000,0.000000,48.000000,46.000000
1779334549.779014,0,0.000000,0.000000,0.000000,0.000000,-23.090000,0.180000,-0.410000,0.000000,48.000000,46.020000
1779334549.794014,0,0.000000,0.000000,0.000000,0.000000,-23.090000,0.180000,-0.410000,0.000000,48.000000,46.020000
1779334549.801514,0,0.000000,0.000000,0.000000,0.000000,-23.090000,0.180000,-0.410000,0.000000,48.000000,46.040000
1779334549.823514,0,0.000000,0.000000,0.000000,0.000000,285.510000,0.230000,-0.370000,0.000000,48.000000,46.040000
1779334549.825015,0,0.000000,0.000000,0.000000,0.000000,285.510000,0.230000,-0.370000,0.000000,48.000000,46.060000
1779334549.831514,0,0.000000,0.000000,0.000000,0.000000,285.510000,0.230000,-0.370000,0.000000,48.000000,46.060000
1779334549.847014,0,0.000000,0.000000,0.000000,0.000000,285.510000,0.230000,-0.370000,0.000000,48.000000,46.080000
1779334549.853514,0,0.000000,0.000000,0.000000,0.000000,285.510000,0.230000,-0.370000,0.000000,48.000000,46.090000
1779334549.870515,0,0.000000,0.000000,0.000000,0.000000,-258.260000,0.310000,-0.300000,0.000000,48.000000,46.110000
1779334549.876515,0,0.000000,0.000000,0.000000,0.000000,-258.260000,0.310000,-0.300000,0.000000,48.000000,46.110000
1779334549.913514,0,0.000000,0.000000,0.000000,0.000000,-258.260000,0.310000,-0.300000,0.000000,48.000000,46.130000
1779334549.914514,0,0.000000,0.000000,0.000000,0.000000,-258.260000,0.310000,-0.300000,0.000000,48.000000,46.130000
1779334549.922514,0,0.000000,0.000000,0.000000,0.000000,-258.260000,0.310000,-0.300000,0.000000,48.000000,46.150000
1779334549.944014,0,0.000000,0.000000,0.000000,0.000000,280.140000,0.370000,-0.230000,0.000000,48.000000,46.150000
1779334549.945014,0,0.000000,0.000000,0.000000,0.000000,280.140000,0.370000,-0.230000,0.000000,48.000000,46.160000
1779334549.946014,0,0.000000,0.000000,0.000000,0.000000,280.140000,0.370000,-0.230000,0.000000,48.000000,46.180000
1779334549.947014,0,0.000000,0.000000,0.000000,0.000000,280.140000,0.370000,-0.230000,0.000000,48.000000,46.180000
1779334549.967014,0,0.000000,0.000000,0.000000,0.000000,280.140000,0.370000,-0.230000,0.000000,48.000000,46.200000
1779334549.981014,0,0.000000,0.000000,0.000000,0.000000,305.640000,0.430000,-0.200000,0.000000,48.000000,46.200000
1779334549.982014,0,0.000000,0.000000,0.000000,0.000000,305.640000,0.430000,-0.200000,0.000000,48.000000,46.220000
1779334550.004015,0,0.000000,0.000000,0.000000,0.000000,305.640000,0.430000,-0.200000,0.000000,48.000000,46.220000
1779334550.005516,0,0.000000,0.000000,0.000000,0.000000,305.640000,0.430000,-0.200000,0.000000,48.000000,46.240000
1779334550.034014,0,0.000000,0.000000,0.000000,0.000000,305.640000,0.430000,-0.200000,0.000000,48.000000,46.250000
1779334550.043014,0,0.000000,0.000000,0.000000,0.000000,244.880000,0.460000,-0.180000,0.000000,48.000000,46.270000
1779334550.044013,0,0.000000,0.000000,0.000000,0.000000,244.880000,0.460000,-0.180000,0.000000,48.000000,46.270000
1779334550.056514,0,0.000000,0.000000,0.000000,0.000000,244.880000,0.460000,-0.180000,0.000000,48.000000,46.290000
1779334550.057515,0,0.000000,0.000000,0.000000,0.000000,244.880000,0.460000,-0.180000,0.000000,48.000000,46.290000
1779334550.078514,0,0.000000,0.000000,0.000000,0.000000,229.000000,0.500000,-0.180000,0.000000,48.000000,46.310000
1779334550.085514,0,0.000000,0.000000,0.000000,0.000000,229.000000,0.500000,-0.180000,0.000000,48.000000,46.310000
1779334550.086514,0,0.000000,0.000000,0.000000,0.000000,229.000000,0.500000,-0.180000,0.000000,48.000000,46.330000
1779334550.116014,0,0.000000,0.000000,0.000000,0.000000,229.000000,0.500000,-0.180000,0.000000,48.000000,46.340000
1779334550.117014,0,0.000000,0.000000,0.000000,0.000000,229.000000,0.500000,-0.180000,0.000000,48.000000,46.340000
1779334550.124013,0,0.000000,0.000000,0.000000,0.000000,244.500000,0.510000,-0.200000,0.000000,48.000000,46.360000
1779334550.138514,0,0.000000,0.000000,0.000000,0.000000,244.500000,0.510000,-0.200000,0.000000,48.000000,46.360000
1779334550.139513,0,0.000000,0.000000,0.000000,0.000000,244.500000,0.510000,-0.200000,0.000000,48.000000,46.380000
1779334550.154014,0,0.000000,0.000000,0.000000,0.000000,244.500000,0.510000,-0.200000,0.000000,48.000000,46.380000
1779334550.192014,0,0.000000,0.000000,0.000000,0.000000,244.500000,0.510000,-0.200000,0.000000,48.000000,46.400000
1779334550.192515,0,0.000000,0.000000,0.000000,0.000000,193.750000,0.520000,-0.230000,0.000000,48.000000,46.410000
1779334550.200514,0,0.000000,0.000000,0.000000,0.000000,193.750000,0.520000,-0.230000,0.000000,48.000000,46.430000
1779334550.201515,0,0.000000,0.000000,0.000000,0.000000,193.750000,0.520000,-0.230000,0.000000,48.000000,46.430000
1779334550.206514,0,0.000000,0.000000,0.000000,0.000000,193.750000,0.520000,-0.230000,0.000000,48.000000,46.450000
1779334550.233516,0,0.000000,0.000000,0.000000,0.000000,193.750000,0.520000,-0.230000,0.000000,48.000000,46.450000
1779334550.234015,0,0.000000,0.000000,0.000000,0.000000,-195.530000,0.520000,-0.250000,0.000000,48.000000,46.470000
1779334550.243515,0,0.000000,0.000000,0.000000,0.000000,-195.530000,0.520000,-0.250000,0.000000,48.000000,46.470000
1779334550.251513,0,0.000000,0.000000,0.000000,0.000000,-195.530000,0.520000,-0.250000,0.000000,48.000000,46.490000
1779334550.266514,0,0.000000,0.000000,0.000000,0.000000,-195.530000,0.520000,-0.250000,0.000000,48.000000,46.500000
1779334550.280514,0,0.000000,0.000000,0.000000,0.000000,-195.530000,0.520000,-0.250000,0.000000,48.000000,46.500000
1779334550.289514,0,0.000000,0.000000,0.000000,0.000000,201.770000,0.500000,-0.270000,0.000000,48.000000,46.520000
1779334550.296514,0,0.000000,0.000000,0.000000,0.000000,201.770000,0.500000,-0.270000,0.000000,48.000000,46.540000
1779334550.304015,0,0.000000,0.000000,0.000000,0.000000,201.770000,0.500000,-0.270000,0.000000,48.000000,46.540000
1779334550.331513,0,0.000000,0.000000,0.000000,0.000000,201.770000,0.500000,-0.270000,0.000000,48.000000,46.560000
1779334550.335515,0,0.000000,0.000000,0.000000,0.000000,-73.880000,0.470000,-0.270000,0.000000,48.000000,46.560000
1779334550.346514,0,0.000000,0.000000,0.000000,0.000000,-73.880000,0.470000,-0.270000,0.000000,48.000000,46.580000
1779334550.356514,0,0.000000,0.000000,0.000000,0.000000,-73.880000,0.470000,-0.270000,0.000000,48.000000,46.590000
1779334550.364514,0,0.000000,0.000000,0.000000,0.000000,-73.880000,0.470000,-0.270000,0.000000,48.000000,46.590000
1779334550.385514,0,0.000000,0.000000,0.000000,0.000000,-73.880000,0.470000,-0.270000,0.000000,48.000000,46.610000
1779334550.394515,0,0.000000,0.000000,0.000000,0.000000,188.050000,0.440000,-0.280000,0.000000,48.000000,46.630000
1779334550.401515,0,0.000000,0.000000,0.000000,0.000000,188.050000,0.440000,-0.280000,0.000000,48.000000,46.630000
1779334550.409014,0,0.000000,0.000000,0.000000,0.000000,188.050000,0.440000,-0.280000,0.000000,48.000000,46.650000
1779334550.424016,0,0.000000,0.000000,0.000000,0.000000,188.050000,0.440000,-0.280000,0.000000,48.000000,46.650000
1779334550.438013,0,0.000000,0.000000,0.000000,0.000000,188.050000,0.440000,-0.280000,0.000000,48.000000,46.660000
1779334550.453014,0,0.000000,0.000000,0.000000,0.000000,-66.050000,0.410000,-0.300000,0.000000,48.000000,46.680000
1779334550.454514,0,0.000000,0.000000,0.000000,0.000000,-66.050000,0.410000,-0.300000,0.000000,48.000000,46.680000
1779334550.461014,0,0.000000,0.000000,0.000000,0.000000,-66.050000,0.410000,-0.300000,0.000000,48.000000,46.700000
1779334550.476514,0,0.000000,0.000000,0.000000,0.000000,-66.050000,0.410000,-0.300000,0.000000,48.000000,46.700000
1779334550.497774,0,0.000000,0.000000,0.000000,0.000000,205.110000,0.370000,-0.310000,0.000000,48.000000,46.740000
1779334550.507514,0,0.000000,0.000000,0.000000,0.000000,205.110000,0.370000,-0.310000,0.000000,48.000000,46.750000
1779334550.514013,0,0.000000,0.000000,0.000000,0.000000,205.110000,0.370000,-0.310000,0.000000,48.000000,46.750000
1779334550.551014,0,0.000000,0.000000,0.000000,0.000000,205.110000,0.370000,-0.310000,0.000000,48.000000,46.770000
1779334550.559013,0,0.000000,0.000000,0.000000,0.000000,184.780000,0.330000,-0.330000,0.000000,48.000000,46.770000
1779334550.568014,0,0.000000,0.000000,0.000000,0.000000,184.780000,0.330000,-0.330000,0.000000,48.000000,46.790000
1779334550.573013,0,0.000000,0.000000,0.000000,0.000000,184.780000,0.330000,-0.330000,0.000000,48.000000,46.810000
1779334550.581014,0,0.000000,0.000000,0.000000,0.000000,184.780000,0.330000,-0.330000,0.000000,48.000000,46.810000
1779334550.601014,0,0.000000,0.000000,0.000000,0.000000,-260.360000,0.280000,-0.340000,0.000000,48.000000,46.840000
1779334550.611514,0,0.000000,0.000000,0.000000,0.000000,-260.360000,0.280000,-0.340000,0.000000,48.000000,46.840000
1779334550.633514,0,0.000000,0.000000,0.000000,0.000000,-260.360000,0.280000,-0.340000,0.000000,48.000000,46.860000
1779334550.664014,0,0.000000,0.000000,0.000000,0.000000,115.080000,0.230000,-0.370000,0.000000,48.000000,46.880000
1779334550.665014,0,0.000000,0.000000,0.000000,0.000000,115.080000,0.230000,-0.370000,0.000000,48.000000,46.900000
1779334550.666014,0,0.000000,0.000000,0.000000,0.000000,115.080000,0.230000,-0.370000,0.000000,48.000000,46.900000
1779334550.671014,0,0.000000,0.000000,0.000000,0.000000,115.080000,0.230000,-0.370000,0.000000,48.000000,46.900000
1779334550.694014,0,0.000000,0.000000,0.000000,0.000000,115.080000,0.230000,-0.370000,0.000000,48.000000,46.910000
1779334550.717514,0,0.000000,0.000000,0.000000,0.000000,115.080000,0.230000,-0.370000,0.000000,48.000000,46.950000
1779334550.719014,0,0.000000,0.000000,0.000000,0.000000,115.080000,0.230000,-0.370000,0.000000,48.000000,46.950000
1779334550.738514,0,0.000000,0.000000,0.000000,0.000000,115.080000,0.230000,-0.370000,0.000000,48.000000,46.970000
1779334550.782514,0,0.000000,0.000000,0.000000,0.000000,0.000000,0.000000,0.000000,0.000000,63.000000,46.990000
1779334550.782514,0,0.000000,0.000000,0.000000,0.000000,0.000000,0.000000,0.000000,0.000000,63.000000,47.000000
1779334550.792514,0,0.000000,0.000000,0.000000,0.000000,0.000000,0.000000,0.000000,0.000000,63.000000,47.000000
1779334550.795515,0,0.000000,0.000000,0.000000,0.000000,0.000000,0.000000,0.000000,0.000000,63.000000,47.020000
1779334550.809013,0,0.000000,0.000000,0.000000,0.000000,0.000000,0.000000,0.000000,0.000000,63.000000,47.040000
1779334550.809513,0,0.000000,0.000000,0.000000,0.000000,0.000000,0.000000,0.000000,0.000000,62.000000,47.040000
1779334550.822015,0,0.000000,0.000000,0.000000,0.000000,0.000000,0.000000,0.000000,0.000000,62.000000,47.060000
1779334550.829014,0,0.000000,0.000000,0.000000,0.000000,0.000000,0.000000,0.000000,0.000000,62.000000,47.060000
1779334550.850514,0,0.000000,0.000000,0.000000,0.000000,0.000000,0.000000,0.000000,0.000000,62.000000,47.080000
1779334550.860013,0,0.000000,0.000000,0.000000,0.000000,0.000000,0.000000,0.000000,0.000000,62.000000,47.090000
1779334550.866014,0,0.000000,0.000000,0.000000,0.000000,0.000000,0.000000,0.000000,0.000000,62.000000,47.090000
1779334550.874015,0,0.000000,0.000000,0.000000,0.000000,0.000000,0.000000,0.000000,0.000000,62.000000,47.110000
1779334550.881514,0,0.000000,0.000000,0.000000,0.000000,0.000000,0.000000,0.000000,0.000000,62.000000,47.130000
1779334550.912514,0,0.000000,0.000000,0.000000,0.000000,0.000000,0.000000,0.000000,0.000000,62.000000,47.150000
1779334550.913014,0,0.000000,0.000000,0.000000,0.000000,0.000000,0.000000,0.000000,0.000000,62.000000,47.150000
1779334550.941514,0,0.000000,0.000000,0.000000,0.000000,0.000000,0.000000,0.000000,0.000000,62.000000,47.160000
1779334550.942514,0,0.000000,0.000000,0.000000,0.000000,0.000000,0.000000,0.000000,0.000000,62.000000,47.180000
1779334550.964513,0,0.000000,0.000000,0.000000,0.000000,0.000000,0.000000,0.000000,0.000000,62.000000,47.180000
1779334550.965013,0,0.000000,0.000000,0.000000,0.000000,77.330000,0.620000,0.310000,0.000000,48.000000,47.200000
1779334550.966013,0,0.000000,0.000000,0.000000,0.000000,77.330000,0.620000,0.310000,0.000000,48.000000,47.200000
1779334550.979514,0,0.000000,0.000000,0.000000,0.000000,77.330000,0.620000,0.310000,0.000000,48.000000,47.220000
1779334550.987014,0,0.000000,0.000000,0.000000,0.000000,77.330000,0.620000,0.310000,0.000000,48.000000,47.220000
1779334551.001014,0,0.000000,0.000000,0.000000,0.000000,77.330000,0.620000,0.310000,0.000000,48.000000,47.240000
1779334551.019513,0,0.000000,0.000000,0.000000,0.000000,1.730000,0.640000,0.340000,0.000000,48.000000,47.250000
1779334551.046513,0,0.000000,0.000000,0.000000,0.000000,1.730000,0.640000,0.340000,0.000000,48.000000,47.270000
1779334551.047514,0,0.000000,0.000000,0.000000,0.000000,1.730000,0.640000,0.340000,0.000000,48.000000,47.270000
1779334551.082013,0,0.000000,0.000000,0.000000,0.000000,1.730000,0.640000,0.340000,0.000000,48.000000,47.290000
1779334551.092014,0,0.000000,0.000000,0.000000,0.000000,-32.220000,0.670000,0.340000,0.000000,48.000000,47.310000
1779334551.092515,0,0.000000,0.000000,0.000000,0.000000,-32.220000,0.670000,0.340000,0.000000,48.000000,47.310000
1779334551.093014,0,0.000000,0.000000,0.000000,0.000000,-32.220000,0.670000,0.340000,0.000000,48.000000,47.330000
1779334551.113014,0,0.000000,0.000000,0.000000,0.000000,-32.220000,0.670000,0.340000,0.000000,48.000000,47.340000
1779334551.123515,0,0.000000,0.000000,0.000000,0.000000,-296.970000,0.680000,0.340000,0.000000,48.000000,47.340000
1779334551.129013,0,0.000000,0.000000,0.000000,0.000000,-296.970000,0.680000,0.340000,0.000000,48.000000,47.360000
1779334551.144014,0,0.000000,0.000000,0.000000,0.000000,-296.970000,0.680000,0.340000,0.000000,48.000000,47.360000
1779334551.151514,0,0.000000,0.000000,0.000000,0.000000,-296.970000,0.680000,0.340000,0.000000,48.000000,47.380000
1779334551.189014,0,0.000000,0.000000,0.000000,0.000000,-296.970000,0.680000,0.340000,0.000000,48.000000,47.380000
1779334551.197013,0,0.000000,0.000000,0.000000,0.000000,-131.130000,0.680000,0.340000,0.000000,48.000000,47.400000
1779334551.198013,0,0.000000,0.000000,0.000000,0.000000,-131.130000,0.680000,0.340000,0.000000,48.000000,47.410000
1779334551.198513,0,0.000000,0.000000,0.000000,0.000000,-131.130000,0.680000,0.340000,0.000000,48.000000,47.430000
1779334551.225514,0,0.000000,0.000000,0.000000,0.000000,-131.130000,0.680000,0.340000,0.000000,48.000000,47.430000
1779334551.233013,0,0.000000,0.000000,0.000000,0.000000,-222.750000,0.680000,0.330000,0.000000,48.000000,47.450000
1779334551.234015,0,0.000000,0.000000,0.000000,0.000000,-222.750000,0.680000,0.330000,0.000000,48.000000,47.470000
1779334551.235014,0,0.000000,0.000000,0.000000,0.000000,-222.750000,0.680000,0.330000,0.000000,48.000000,47.470000
1779334551.241013,0,0.000000,0.000000,0.000000,0.000000,-222.750000,0.680000,0.330000,0.000000,48.000000,47.470000
1779334551.279514,0,0.000000,0.000000,0.000000,0.000000,-222.750000,0.680000,0.330000,0.000000,48.000000,47.500000
1779334551.291513,0,0.000000,0.000000,0.000000,0.000000,-210.440000,0.680000,0.310000,0.000000,48.000000,47.520000
1779334551.292513,0,0.000000,0.000000,0.000000,0.000000,-210.440000,0.680000,0.310000,0.000000,48.000000,47.520000
1779334551.308014,0,0.000000,0.000000,0.000000,0.000000,-210.440000,0.680000,0.310000,0.000000,48.000000,47.540000
1779334551.309014,0,0.000000,0.000000,0.000000,0.000000,-210.440000,0.680000,0.310000,0.000000,48.000000,47.540000
1779334551.331014,0,0.000000,0.000000,0.000000,0.000000,-210.440000,0.680000,0.310000,0.000000,48.000000,47.560000
1779334551.347013,0,0.000000,0.000000,0.000000,0.000000,-210.440000,0.680000,0.310000,0.000000,48.000000,47.560000
1779334551.357014,0,0.000000,0.000000,0.000000,0.000000,-210.440000,0.680000,0.310000,0.000000,48.000000,47.580000
1779334551.358015,0,0.000000,0.000000,0.000000,0.000000,-210.440000,0.680000,0.310000,0.000000,48.000000,47.590000
1779334551.364013,0,0.000000,0.000000,0.000000,0.000000,-210.440000,0.680000,0.310000,0.000000,48.000000,47.590000
1779334551.406515,0,0.000000,0.000000,0.000000,0.000000,-262.540000,0.690000,0.310000,0.000000,49.000000,47.610000
1779334551.407514,0,0.000000,0.000000,0.000000,0.000000,-262.540000,0.690000,0.310000,0.000000,49.000000,47.610000
1779334551.408514,0,0.000000,0.000000,0.000000,0.000000,-262.540000,0.690000,0.310000,0.000000,49.000000,47.630000
1779334551.409014,0,0.000000,0.000000,0.000000,0.000000,-262.540000,0.690000,0.310000,0.000000,49.000000,47.630000
1779334551.458014,0,0.000000,0.000000,0.000000,0.000000,-262.540000,0.690000,0.310000,0.000000,49.000000,47.650000
1779334551.459014,0,0.000000,0.000000,0.000000,0.000000,-325.360000,0.700000,0.310000,0.000000,48.000000,47.660000
1779334551.460013,0,0.000000,0.000000,0.000000,0.000000,-325.360000,0.700000,0.310000,0.000000,48.000000,47.680000
1779334551.461014,0,0.000000,0.000000,0.000000,0.000000,-325.360000,0.700000,0.310000,0.000000,48.000000,47.700000
1779334551.473514,0,0.000000,0.000000,0.000000,0.000000,-325.360000,0.700000,0.310000,0.000000,48.000000,47.700000
1779334551.488513,0,0.000000,0.000000,0.000000,0.000000,-197.240000,0.700000,0.310000,0.000000,48.000000,47.720000
1779334551.489013,0,0.000000,0.000000,0.000000,0.000000,-197.240000,0.700000,0.310000,0.000000,48.000000,47.720000
1779334551.504013,0,0.000000,0.000000,0.000000,0.000000,-197.240000,0.700000,0.310000,0.000000,48.000000,47.740000
1779334551.505014,0,0.000000,0.000000,0.000000,0.000000,-197.240000,0.700000,0.310000,0.000000,48.000000,47.750000
1779334551.534014,0,0.000000,0.000000,0.000000,0.000000,312.720000,0.700000,0.310000,0.000000,48.000000,47.770000
1779334551.541014,0,0.000000,0.000000,0.000000,0.000000,312.720000,0.700000,0.310000,0.000000,48.000000,47.770000
1779334551.571012,0,0.000000,0.000000,0.000000,0.000000,312.720000,0.700000,0.310000,0.000000,48.000000,47.790000
1779334551.572013,0,0.000000,0.000000,0.000000,0.000000,312.720000,0.700000,0.310000,0.000000,48.000000,47.790000
1779334551.580013,0,0.000000,0.000000,0.000000,0.000000,312.720000,0.700000,0.310000,0.000000,48.000000,47.810000
1779334551.589013,0,0.000000,0.000000,0.000000,0.000000,77.730000,0.720000,0.310000,0.000000,48.000000,47.810000
1779334551.593513,0,0.000000,0.000000,0.000000,0.000000,77.730000,0.720000,0.310000,0.000000,48.000000,47.830000
1779334551.601013,0,0.000000,0.000000,0.000000,0.000000,77.730000,0.720000,0.310000,0.000000,48.000000,47.840000
1779334551.616514,0,0.000000,0.000000,0.000000,0.000000,77.730000,0.720000,0.310000,0.000000,48.000000,47.840000
1779334551.631514,0,0.000000,0.000000,0.000000,0.000000,77.730000,0.720000,0.310000,0.000000,48.000000,47.860000
1779334551.640015,0,0.000000,0.000000,0.000000,0.000000,-152.130000,0.720000,0.310000,0.000000,48.000000,47.880000
1779334551.654013,0,0.000000,0.000000,0.000000,0.000000,-152.130000,0.720000,0.310000,0.000000,48.000000,47.880000
1779334551.655014,0,0.000000,0.000000,0.000000,0.000000,-152.130000,0.720000,0.310000,0.000000,48.000000,47.900000
1779334551.691513,0,0.000000,0.000000,0.000000,0.000000,-152.130000,0.720000,0.310000,0.000000,48.000000,47.900000
1779334551.698514,0,0.000000,0.000000,0.000000,0.000000,-152.130000,0.720000,0.310000,0.000000,48.000000,47.910000
1779334551.708014,0,0.000000,0.000000,0.000000,0.000000,207.380000,0.720000,0.330000,0.000000,48.000000,47.930000
1779334551.708514,0,0.000000,0.000000,0.000000,0.000000,207.380000,0.720000,0.330000,0.000000,48.000000,47.930000
1779334551.714013,0,0.000000,0.000000,0.000000,0.000000,207.380000,0.720000,0.330000,0.000000,48.000000,47.950000
1779334551.736513,0,0.000000,0.000000,0.000000,0.000000,207.380000,0.720000,0.330000,0.000000,48.000000,47.950000
1779334551.747014,0,0.000000,0.000000,0.000000,0.000000,74.270000,0.720000,0.340000,0.000000,48.000000,47.970000
1779334551.780513,0,0.000000,0.000000,0.000000,0.000000,74.270000,0.720000,0.340000,0.000000,48.000000,47.990000
1779334551.781513,0,0.000000,0.000000,0.000000,0.000000,74.270000,0.720000,0.340000,0.000000,48.000000,48.000000
1779334551.782513,0,0.000000,0.000000,0.000000,0.000000,74.270000,0.720000,0.340000,0.000000,48.000000,48.000000
1779334551.783514,0,0.000000,0.000000,0.000000,0.000000,74.270000,0.720000,0.340000,0.000000,48.000000,48.020000
1779334551.826013,0,0.000000,0.000000,0.000000,0.000000,-216.160000,0.720000,0.360000,0.000000,48.000000,48.040000
1779334551.833513,0,0.000000,0.000000,0.000000,0.000000,-216.160000,0.720000,0.360000,0.000000,48.000000,48.040000
1779334551.834513,0,0.000000,0.000000,0.000000,0.000000,-216.160000,0.720000,0.360000,0.000000,48.000000,48.060000
1779334551.835513,0,0.000000,0.000000,0.000000,0.000000,-216.160000,0.720000,0.360000,0.000000,48.000000,48.060000
1779334551.836513,0,0.000000,0.000000,0.000000,0.000000,2.250000,0.700000,0.370000,0.000000,48.000000,48.080000
1779334551.856513,0,0.000000,0.000000,0.000000,0.000000,2.250000,0.700000,0.370000,0.000000,48.000000,48.090000
1779334551.857514,0,0.000000,0.000000,0.000000,0.000000,2.250000,0.700000,0.370000,0.000000,48.000000,48.090000
1779334551.863513,0,0.000000,0.000000,0.000000,0.000000,2.250000,0.700000,0.370000,0.000000,48.000000,48.110000
1779334551.871513,0,0.000000,0.000000,0.000000,0.000000,2.250000,0.700000,0.370000,0.000000,48.000000,48.110000
1779334551.914013,0,0.000000,0.000000,0.000000,0.000000,2.250000,0.700000,0.370000,0.000000,48.000000,48.130000
1779334551.914513,0,0.000000,0.000000,0.000000,0.000000,168.410000,0.690000,0.400000,0.000000,48.000000,48.130000
1779334551.923013,0,0.000000,0.000000,0.000000,0.000000,168.410000,0.690000,0.400000,0.000000,48.000000,48.150000
1779334551.924514,0,0.000000,0.000000,0.000000,0.000000,168.410000,0.690000,0.400000,0.000000,48.000000,48.160000
1779334551.945013,0,0.000000,0.000000,0.000000,0.000000,168.410000,0.690000,0.400000,0.000000,48.000000,48.180000
1779334551.961014,0,0.000000,0.000000,0.000000,0.000000,-315.140000,0.670000,0.370000,0.000000,48.000000,48.180000
1779334551.962014,0,0.000000,0.000000,0.000000,0.000000,-315.140000,0.670000,0.370000,0.000000,48.000000,48.200000
1779334551.968513,0,0.000000,0.000000,0.000000,0.000000,-315.140000,0.670000,0.370000,0.000000,48.000000,48.200000
1779334551.991013,0,0.000000,0.000000,0.000000,0.000000,-315.140000,0.670000,0.370000,0.000000,48.000000,48.220000
1779334551.992014,0,0.000000,0.000000,0.000000,0.000000,-315.140000,0.670000,0.370000,0.000000,48.000000,48.220000
1779334552.007513,0,0.000000,0.000000,0.000000,0.000000,-85.380000,0.630000,0.340000,0.000000,48.000000,48.240000
1779334552.013513,0,0.000000,0.000000,0.000000,0.000000,-85.380000,0.630000,0.340000,0.000000,48.000000,48.250000
1779334552.029014,0,0.000000,0.000000,0.000000,0.000000,-85.380000,0.630000,0.340000,0.000000,48.000000,48.270000
1779334552.042514,0,0.000000,0.000000,0.000000,0.000000,-85.380000,0.630000,0.340000,0.000000,48.000000,48.270000
1779334552.051513,0,0.000000,0.000000,0.000000,0.000000,-300.010000,0.580000,0.300000,0.000000,48.000000,48.290000
1779334552.059013,0,0.000000,0.000000,0.000000,0.000000,-300.010000,0.580000,0.300000,0.000000,48.000000,48.290000
1779334552.066513,0,0.000000,0.000000,0.000000,0.000000,-300.010000,0.580000,0.300000,0.000000,48.000000,48.310000
1779334552.089014,0,0.000000,0.000000,0.000000,0.000000,-300.010000,0.580000,0.300000,0.000000,48.000000,48.310000
1779334552.109629,0,0.000000,0.000000,0.000000,0.000000,-300.010000,0.580000,0.300000,0.000000,48.000000,48.330000
1779334552.117013,0,0.000000,0.000000,0.000000,0.000000,-133.960000,0.510000,0.230000,0.000000,48.000000,48.340000
1779334552.118013,0,0.000000,0.000000,0.000000,0.000000,-133.960000,0.510000,0.230000,0.000000,48.000000,48.360000
1779334552.119015,0,0.000000,0.000000,0.000000,0.000000,-133.960000,0.510000,0.230000,0.000000,48.000000,48.360000
1779334552.135014,0,0.000000,0.000000,0.000000,0.000000,-133.960000,0.510000,0.230000,0.000000,48.000000,48.360000
1779334552.177514,0,0.000000,0.000000,0.000000,0.000000,154.440000,0.430000,0.140000,0.000000,48.000000,48.400000
1779334552.178015,0,0.000000,0.000000,0.000000,0.000000,154.440000,0.430000,0.140000,0.000000,48.000000,48.400000
1779334552.201513,0,0.000000,0.000000,0.000000,0.000000,154.440000,0.430000,0.140000,0.000000,48.000000,48.430000
1779334552.221514,0,0.000000,0.000000,0.000000,0.000000,154.440000,0.430000,0.140000,0.000000,48.000000,48.430000
1779334552.222014,0,0.000000,0.000000,0.000000,0.000000,254.830000,0.340000,0.030000,0.000000,48.000000,48.450000
1779334552.232014,0,0.000000,0.000000,0.000000,0.000000,254.830000,0.340000,0.030000,0.000000,48.000000,48.450000
1779334552.239013,0,0.000000,0.000000,0.000000,0.000000,254.830000,0.340000,0.030000,0.000000,48.000000,48.470000
1779334552.246513,0,0.000000,0.000000,0.000000,0.000000,254.830000,0.340000,0.030000,0.000000,48.000000,48.470000
1779334552.275513,0,0.000000,0.000000,0.000000,0.000000,254.830000,0.340000,0.030000,0.000000,48.000000,48.490000
1779334552.283013,0,0.000000,0.000000,0.000000,0.000000,254.830000,0.340000,0.030000,0.000000,48.000000,48.500000
1779334552.291514,0,0.000000,0.000000,0.000000,0.000000,254.830000,0.340000,0.030000,0.000000,48.000000,48.520000
1779334552.292015,0,0.000000,0.000000,0.000000,0.000000,254.830000,0.340000,0.030000,0.000000,48.000000,48.520000
1779334552.313514,0,0.000000,0.000000,0.000000,0.000000,254.830000,0.340000,0.030000,0.000000,48.000000,48.540000
1779334552.321013,0,0.000000,0.000000,0.000000,0.000000,-6.130000,0.250000,-0.050000,0.000000,51.000000,48.540000
1779334552.329514,0,0.000000,0.000000,0.000000,0.000000,-6.130000,0.250000,-0.050000,0.000000,51.000000,48.560000
1779334552.336014,0,0.000000,0.000000,0.000000,0.000000,-6.130000,0.250000,-0.050000,0.000000,51.000000,48.560000
1779334552.343513,0,0.000000,0.000000,0.000000,0.000000,-6.130000,0.250000,-0.050000,0.000000,51.000000,48.580000
1779334552.403014,0,0.000000,0.000000,0.000000,0.000000,-6.130000,0.250000,-0.050000,0.000000,51.000000,48.590000
1779334552.403513,0,0.000000,0.000000,0.000000,0.000000,-40.950000,0.120000,-0.210000,0.000000,48.000000,48.610000
1779334552.412513,0,0.000000,0.000000,0.000000,0.000000,-40.950000,0.120000,-0.210000,0.000000,48.000000,48.610000
1779334552.415514,0,0.000000,0.000000,0.000000,0.000000,-173.940000,0.100000,-0.300000,0.000000,48.000000,48.650000
1779334552.427013,0,0.000000,0.000000,0.000000,0.000000,-173.940000,0.100000,-0.300000,0.000000,48.000000,48.650000
1779334552.449013,0,0.000000,0.000000,0.000000,0.000000,-173.940000,0.100000,-0.300000,0.000000,48.000000,48.660000
1779334552.450014,0,0.000000,0.000000,0.000000,0.000000,-173.940000,0.100000,-0.300000,0.000000,48.000000,48.680000
1779334552.469013,0,0.000000,0.000000,0.000000,0.000000,-173.940000,0.100000,-0.300000,0.000000,48.000000,48.680000
1779334552.469513,0,0.000000,0.000000,0.000000,0.000000,-221.330000,0.100000,-0.310000,0.000000,48.000000,48.700000
1779334552.479012,0,0.000000,0.000000,0.000000,0.000000,-221.330000,0.100000,-0.310000,0.000000,48.000000,48.720000
1779334552.486013,0,0.000000,0.000000,0.000000,0.000000,-221.330000,0.100000,-0.310000,0.000000,48.000000,48.720000
1779334552.501513,0,0.000000,0.000000,0.000000,0.000000,-221.330000,0.100000,-0.310000,0.000000,48.000000,48.740000
1779334552.532013,0,0.000000,0.000000,0.000000,0.000000,-221.330000,0.100000,-0.310000,0.000000,48.000000,48.750000
1779334552.538513,0,0.000000,0.000000,0.000000,0.000000,-261.630000,0.100000,-0.310000,0.000000,48.000000,48.750000
1779334552.539513,0,0.000000,0.000000,0.000000,0.000000,-261.630000,0.100000,-0.310000,0.000000,48.000000,48.770000
1779334552.540014,0,0.000000,0.000000,0.000000,0.000000,-261.630000,0.100000,-0.310000,0.000000,48.000000,48.770000
1779334552.561013,0,0.000000,0.000000,0.000000,0.000000,-261.630000,0.100000,-0.310000,0.000000,48.000000,48.790000
1779334552.568014,0,0.000000,0.000000,0.000000,0.000000,-202.780000,0.110000,-0.310000,0.000000,48.000000,48.810000
1779334552.576513,0,0.000000,0.000000,0.000000,0.000000,-202.780000,0.110000,-0.310000,0.000000,48.000000,48.810000
1779334552.607513,0,0.000000,0.000000,0.000000,0.000000,-202.780000,0.110000,-0.310000,0.000000,48.000000,48.830000
1779334552.608513,0,0.000000,0.000000,0.000000,0.000000,-202.780000,0.110000,-0.310000,0.000000,48.000000,48.840000
1779334552.637013,0,0.000000,0.000000,0.000000,0.000000,-202.780000,0.110000,-0.310000,0.000000,48.000000,48.840000
1779334552.651014,0,0.000000,0.000000,0.000000,0.000000,-242.220000,0.110000,-0.310000,0.000000,48.000000,48.860000
1779334552.674513,0,0.000000,0.000000,0.000000,0.000000,-242.220000,0.110000,-0.310000,0.000000,48.000000,48.860000
1779334552.676013,0,0.000000,0.000000,0.000000,0.000000,-242.220000,0.110000,-0.310000,0.000000,48.000000,48.880000
1779334552.677014,0,0.000000,0.000000,0.000000,0.000000,-242.220000,0.110000,-0.310000,0.000000,48.000000,48.880000
1779334552.741013,0,0.000000,0.000000,0.000000,0.000000,-287.450000,0.120000,-0.310000,0.000000,48.000000,48.910000
1779334552.741013,0,0.000000,0.000000,0.000000,0.000000,-287.450000,0.120000,-0.310000,0.000000,48.000000,48.930000
1779334552.751014,0,0.000000,0.000000,0.000000,0.000000,-287.450000,0.120000,-0.310000,0.000000,48.000000,48.930000
1779334552.779014,0,0.000000,0.000000,0.000000,0.000000,-288.500000,0.120000,-0.310000,0.000000,48.000000,48.950000
1779334552.780013,0,0.000000,0.000000,0.000000,0.000000,-288.500000,0.120000,-0.310000,0.000000,48.000000,48.990000
1779334552.798513,0,0.000000,0.000000,0.000000,0.000000,-288.500000,0.120000,-0.310000,0.000000,48.000000,49.000000
1779334552.808013,0,0.000000,0.000000,0.000000,0.000000,42.610000,0.120000,-0.310000,0.000000,48.000000,49.020000
1779334552.831513,0,0.000000,0.000000,0.000000,0.000000,42.610000,0.120000,-0.310000,0.000000,48.000000,49.040000
1779334552.832513,0,0.000000,0.000000,0.000000,0.000000,42.610000,0.120000,-0.310000,0.000000,48.000000,49.040000
1779334552.841012,0,0.000000,0.000000,0.000000,0.000000,42.610000,0.120000,-0.310000,0.000000,48.000000,49.060000
1779334552.842512,0,0.000000,0.000000,0.000000,0.000000,24.230000,0.120000,-0.310000,0.000000,48.000000,49.080000
1779334552.846514,0,0.000000,0.000000,0.000000,0.000000,24.230000,0.120000,-0.310000,0.000000,48.000000,49.090000
1779334552.862013,0,0.000000,0.000000,0.000000,0.000000,24.230000,0.120000,-0.310000,0.000000,48.000000,49.090000
1779334552.929014,0,0.000000,0.000000,0.000000,0.000000,24.230000,0.120000,-0.310000,0.000000,48.000000,49.110000
1779334552.951513,0,0.000000,0.000000,0.000000,0.000000,-145.850000,0.110000,-0.310000,0.000000,48.000000,49.110000
1779334552.952012,0,0.000000,0.000000,0.000000,0.000000,-145.850000,0.110000,-0.310000,0.000000,48.000000,49.130000
1779334552.973013,0,0.000000,0.000000,0.000000,0.000000,-323.300000,0.110000,-0.310000,0.000000,48.000000,49.180000
1779334552.982013,0,0.000000,0.000000,0.000000,0.000000,-323.300000,0.110000,-0.310000,0.000000,48.000000,49.200000
1779334553.012014,0,0.000000,0.000000,0.000000,0.000000,211.750000,0.100000,-0.310000,0.000000,48.000000,49.220000
1779334553.022014,0,0.000000,0.000000,0.000000,0.000000,211.750000,0.100000,-0.310000,0.000000,48.000000,49.240000
1779334553.023013,0,0.000000,0.000000,0.000000,0.000000,211.750000,0.100000,-0.310000,0.000000,48.000000,49.250000
1779334553.041514,0,0.000000,0.000000,0.000000,0.000000,211.750000,0.100000,-0.310000,0.000000,48.000000,49.270000
1779334553.042014,0,0.000000,0.000000,0.000000,0.000000,-21.140000,0.100000,-0.310000,0.000000,48.000000,49.270000
1779334553.063513,0,0.000000,0.000000,0.000000,0.000000,-21.140000,0.100000,-0.310000,0.000000,48.000000,49.290000
1779334553.065014,0,0.000000,0.000000,0.000000,0.000000,-21.140000,0.100000,-0.310000,0.000000,48.000000,49.290000
1779334553.071014,0,0.000000,0.000000,0.000000,0.000000,-21.140000,0.100000,-0.310000,0.000000,48.000000,49.310000
1779334553.102014,0,0.000000,0.000000,0.000000,0.000000,-21.140000,0.100000,-0.310000,0.000000,48.000000,49.310000
1779334553.102515,0,0.000000,0.000000,0.000000,0.000000,-275.300000,0.100000,-0.330000,0.000000,48.000000,49.340000
1779334553.112014,0,0.000000,0.000000,0.000000,0.000000,-275.300000,0.100000,-0.330000,0.000000,48.000000,49.340000
1779334553.116013,0,0.000000,0.000000,0.000000,0.000000,-275.300000,0.100000,-0.330000,0.000000,48.000000,49.360000
1779334553.152514,0,0.000000,0.000000,0.000000,0.000000,30.650000,0.100000,-0.330000,0.000000,48.000000,49.380000
1779334553.159513,0,0.000000,0.000000,0.000000,0.000000,30.650000,0.100000,-0.330000,0.000000,48.000000,49.380000
1779334553.161513,0,0.000000,0.000000,0.000000,0.000000,30.650000,0.100000,-0.330000,0.000000,48.000000,49.400000
1779334553.191013,0,0.000000,0.000000,0.000000,0.000000,30.650000,0.100000,-0.330000,0.000000,48.000000,49.400000
1779334553.198514,0,0.000000,0.000000,0.000000,0.000000,30.650000,0.100000,-0.330000,0.000000,48.000000,49.410000
1779334553.206513,0,0.000000,0.000000,0.000000,0.000000,-293.010000,0.100000,-0.340000,0.000000,48.000000,49.430000
1779334553.213512,0,0.000000,0.000000,0.000000,0.000000,-293.010000,0.100000,-0.340000,0.000000,48.000000,49.430000
1779334553.214512,0,0.000000,0.000000,0.000000,0.000000,-293.010000,0.100000,-0.340000,0.000000,48.000000,49.450000
1779334553.224513,0,0.000000,0.000000,0.000000,0.000000,-293.010000,0.100000,-0.340000,0.000000,48.000000,49.450000
1779334553.244014,0,0.000000,0.000000,0.000000,0.000000,-133.990000,0.090000,-0.340000,0.000000,48.000000,49.470000
1779334553.273514,0,0.000000,0.000000,0.000000,0.000000,-133.990000,0.090000,-0.340000,0.000000,48.000000,49.500000
1779334553.275014,0,0.000000,0.000000,0.000000,0.000000,-133.990000,0.090000,-0.340000,0.000000,48.000000,49.500000
1779334553.276014,0,0.000000,0.000000,0.000000,0.000000,-133.990000,0.090000,-0.340000,0.000000,48.000000,49.520000
1779334553.295014,0,0.000000,0.000000,0.000000,0.000000,-133.990000,0.090000,-0.340000,0.000000,48.000000,49.520000
1779334553.304513,0,0.000000,0.000000,0.000000,0.000000,215.890000,0.090000,-0.340000,0.000000,48.000000,49.540000
1779334553.318014,0,0.000000,0.000000,0.000000,0.000000,215.890000,0.090000,-0.340000,0.000000,48.000000,49.540000
1779334553.319513,0,0.000000,0.000000,0.000000,0.000000,215.890000,0.090000,-0.340000,0.000000,48.000000,49.560000
1779334553.326013,0,0.000000,0.000000,0.000000,0.000000,215.890000,0.090000,-0.340000,0.000000,48.000000,49.560000
1779334553.333513,0,0.000000,0.000000,0.000000,0.000000,215.890000,0.090000,-0.340000,0.000000,48.000000,49.580000
1779334553.361513,0,0.000000,0.000000,0.000000,0.000000,-282.070000,0.090000,-0.340000,0.000000,48.000000,49.590000
1779334553.362514,0,0.000000,0.000000,0.000000,0.000000,-282.070000,0.090000,-0.340000,0.000000,48.000000,49.590000
1779334553.371014,0,0.000000,0.000000,0.000000,0.000000,-282.070000,0.090000,-0.340000,0.000000,48.000000,49.610000
1779334553.393013,0,0.000000,0.000000,0.000000,0.000000,-282.070000,0.090000,-0.340000,0.000000,48.000000,49.610000
1779334553.428513,0,0.000000,0.000000,0.000000,0.000000,229.740000,0.090000,-0.340000,0.000000,48.000000,49.630000
1779334553.438014,0,0.000000,0.000000,0.000000,0.000000,229.740000,0.090000,-0.340000,0.000000,48.000000,49.650000
1779334553.438514,0,0.000000,0.000000,0.000000,0.000000,229.740000,0.090000,-0.340000,0.000000,48.000000,49.650000
1779334553.439014,0,0.000000,0.000000,0.000000,0.000000,229.740000,0.090000,-0.340000,0.000000,48.000000,49.660000
1779334553.490514,0,0.000000,0.000000,0.000000,0.000000,229.740000,0.090000,-0.340000,0.000000,48.000000,49.680000
1779334553.491513,0,0.000000,0.000000,0.000000,0.000000,-175.360000,0.090000,-0.340000,0.000000,48.000000,49.680000
1779334553.492513,0,0.000000,0.000000,0.000000,0.000000,-175.360000,0.090000,-0.340000,0.000000,48.000000,49.700000
1779334553.506014,0,0.000000,0.000000,0.000000,0.000000,-175.360000,0.090000,-0.340000,0.000000,48.000000,49.720000
1779334553.521513,0,0.000000,0.000000,0.000000,0.000000,135.750000,0.100000,-0.340000,0.000000,48.000000,49.750000
1779334553.522515,0,0.000000,0.000000,0.000000,0.000000,135.750000,0.100000,-0.340000,0.000000,48.000000,49.750000
1779334553.523013,0,0.000000,0.000000,0.000000,0.000000,135.750000,0.100000,-0.340000,0.000000,48.000000,49.770000
1779334553.552013,0,0.000000,0.000000,0.000000,0.000000,135.750000,0.100000,-0.340000,0.000000,48.000000,49.770000
1779334553.559014,0,0.000000,0.000000,0.000000,0.000000,135.750000,0.100000,-0.340000,0.000000,48.000000,49.790000
1779334553.567513,0,0.000000,0.000000,0.000000,0.000000,-283.660000,0.100000,-0.340000,0.000000,48.000000,49.790000
1779334553.568012,0,0.000000,0.000000,0.000000,0.000000,-283.660000,0.100000,-0.340000,0.000000,48.000000,49.810000
1779334553.581513,0,0.000000,0.000000,0.000000,0.000000,-283.660000,0.100000,-0.340000,0.000000,48.000000,49.810000
1779334553.588513,0,0.000000,0.000000,0.000000,0.000000,-283.660000,0.100000,-0.340000,0.000000,48.000000,49.830000
1779334553.656014,0,0.000000,0.000000,0.000000,0.000000,-283.660000,0.100000,-0.340000,0.000000,48.000000,49.840000
1779334553.663514,0,0.000000,0.000000,0.000000,0.000000,314.890000,0.150000,-0.300000,0.000000,48.000000,49.840000
1779334553.671013,0,0.000000,0.000000,0.000000,0.000000,314.890000,0.150000,-0.300000,0.000000,48.000000,49.860000
1779334553.672014,0,0.000000,0.000000,0.000000,0.000000,314.890000,0.150000,-0.300000,0.000000,48.000000,49.880000
1779334553.673014,0,0.000000,0.000000,0.000000,0.000000,163.910000,0.250000,-0.180000,0.000000,48.000000,49.900000
1779334553.686512,0,0.000000,0.000000,0.000000,0.000000,163.910000,0.250000,-0.180000,0.000000,48.000000,49.910000
1779334553.700512,0,0.000000,0.000000,0.000000,0.000000,163.910000,0.250000,-0.180000,0.000000,48.000000,49.930000
1779334553.737014,0,0.000000,0.000000,0.000000,0.000000,-20.710000,0.340000,-0.050000,0.000000,48.000000,49.950000
1779334553.737513,0,0.000000,0.000000,0.000000,0.000000,-20.710000,0.340000,-0.050000,0.000000,48.000000,49.970000
1779334553.747012,0,0.000000,0.000000,0.000000,0.000000,-20.710000,0.340000,-0.050000,0.000000,48.000000,49.970000
1779334553.777013,0,0.000000,0.000000,0.000000,0.000000,149.770000,0.400000,0.050000,0.000000,48.000000,50.000000
1779334553.787012,0,0.000000,0.000000,0.000000,0.000000,149.770000,0.400000,0.050000,0.000000,48.000000,50.020000
1779334553.798012,0,0.000000,0.000000,0.000000,0.000000,149.770000,0.400000,0.050000,0.000000,48.000000,50.020000
1779334553.830512,0,0.000000,0.000000,0.000000,0.000000,197.940000,0.460000,0.120000,0.000000,48.000000,50.060000
1779334553.840014,0,0.000000,0.000000,0.000000,0.000000,197.940000,0.460000,0.120000,0.000000,48.000000,50.060000
1779334553.843513,0,0.000000,0.000000,0.000000,0.000000,197.940000,0.460000,0.120000,0.000000,48.000000,50.080000
1779334553.866514,0,0.000000,0.000000,0.000000,0.000000,197.940000,0.460000,0.120000,0.000000,48.000000,50.090000
1779334553.890013,0,0.000000,0.000000,0.000000,0.000000,197.940000,0.460000,0.120000,0.000000,48.000000,50.110000
1779334553.891014,0,0.000000,0.000000,0.000000,0.000000,197.750000,0.500000,0.170000,0.000000,48.000000,50.110000
1779334553.892513,0,0.000000,0.000000,0.000000,0.000000,197.750000,0.500000,0.170000,0.000000,48.000000,50.130000
1779334553.918013,0,0.000000,0.000000,0.000000,0.000000,197.750000,0.500000,0.170000,0.000000,48.000000,50.130000
1779334553.937013,0,0.000000,0.000000,0.000000,0.000000,-77.500000,0.500000,0.180000,0.000000,48.000000,50.150000
1779334553.937512,0,0.000000,0.000000,0.000000,0.000000,-77.500000,0.500000,0.180000,0.000000,48.000000,50.160000
1779334553.942013,0,0.000000,0.000000,0.000000,0.000000,-77.500000,0.500000,0.180000,0.000000,48.000000,50.180000
1779334553.956514,0,0.000000,0.000000,0.000000,0.000000,-77.500000,0.500000,0.180000,0.000000,48.000000,50.180000
1779334553.971515,0,0.000000,0.000000,0.000000,0.000000,-77.500000,0.500000,0.180000,0.000000,48.000000,50.200000
1779334553.980012,0,0.000000,0.000000,0.000000,0.000000,-215.080000,0.430000,0.100000,0.000000,48.000000,50.200000
1779334553.986012,0,0.000000,0.000000,0.000000,0.000000,-215.080000,0.430000,0.100000,0.000000,48.000000,50.220000
1779334553.987012,0,0.000000,0.000000,0.000000,0.000000,-215.080000,0.430000,0.100000,0.000000,48.000000,50.220000
1779334554.001513,0,0.000000,0.000000,0.000000,0.000000,-215.080000,0.430000,0.100000,0.000000,48.000000,50.240000
1779334554.030514,0,0.000000,0.000000,0.000000,0.000000,-215.080000,0.430000,0.100000,0.000000,48.000000,50.250000
1779334554.031513,0,0.000000,0.000000,0.000000,0.000000,198.190000,0.340000,0.000000,0.000000,48.000000,50.270000
1779334554.040014,0,0.000000,0.000000,0.000000,0.000000,198.190000,0.340000,0.000000,0.000000,48.000000,50.270000
1779334554.047013,0,0.000000,0.000000,0.000000,0.000000,198.190000,0.340000,0.000000,0.000000,48.000000,50.290000
1779334554.068013,0,0.000000,0.000000,0.000000,0.000000,198.190000,0.340000,0.000000,0.000000,48.000000,50.290000
1779334554.076514,0,0.000000,0.000000,0.000000,0.000000,198.190000,0.340000,0.000000,0.000000,48.000000,50.290000
1779334554.077014,0,0.000000,0.000000,0.000000,0.000000,88.330000,0.340000,-0.010000,0.000000,48.000000,50.310000
1779334554.091014,0,0.000000,0.000000,0.000000,0.000000,88.330000,0.340000,-0.010000,0.000000,48.000000,50.330000
1779334554.098513,0,0.000000,0.000000,0.000000,0.000000,88.330000,0.340000,-0.010000,0.000000,48.000000,50.340000
1779334554.151012,0,0.000000,0.000000,0.000000,0.000000,88.330000,0.340000,-0.010000,0.000000,48.000000,50.340000
1779334554.152013,0,0.000000,0.000000,0.000000,0.000000,88.330000,0.340000,-0.010000,0.000000,48.000000,50.360000
1779334554.166013,0,0.000000,0.000000,0.000000,0.000000,229.440000,0.250000,-0.110000,0.000000,48.000000,50.360000
1779334554.180513,0,0.000000,0.000000,0.000000,0.000000,229.440000,0.250000,-0.110000,0.000000,48.000000,50.400000
1779334554.198514,0,0.000000,0.000000,0.000000,0.000000,180.800000,0.180000,-0.180000,0.000000,48.000000,50.410000
1779334554.199514,0,0.000000,0.000000,0.000000,0.000000,180.800000,0.180000,-0.180000,0.000000,48.000000,50.430000
1779334554.227013,0,0.000000,0.000000,0.000000,0.000000,180.800000,0.180000,-0.180000,0.000000,48.000000,50.430000
1779334554.228013,0,0.000000,0.000000,0.000000,0.000000,180.800000,0.180000,-0.180000,0.000000,48.000000,50.450000
1779334554.228513,0,0.000000,0.000000,0.000000,0.000000,180.800000,0.180000,-0.180000,0.000000,48.000000,50.450000
1779334554.244013,0,0.000000,0.000000,0.000000,0.000000,227.220000,0.140000,-0.250000,0.000000,48.000000,50.470000
1779334554.249013,0,0.000000,0.000000,0.000000,0.000000,227.220000,0.140000,-0.250000,0.000000,48.000000,50.490000
1779334554.270513,0,0.000000,0.000000,0.000000,0.000000,227.220000,0.140000,-0.250000,0.000000,48.000000,50.500000
1779334554.285013,0,0.000000,0.000000,0.000000,0.000000,227.220000,0.140000,-0.250000,0.000000,48.000000,50.500000
1779334554.293012,0,0.000000,0.000000,0.000000,0.000000,-153.300000,0.100000,-0.280000,0.000000,48.000000,50.520000
1779334554.294014,0,0.000000,0.000000,0.000000,0.000000,-153.300000,0.100000,-0.280000,0.000000,48.000000,50.540000
1779334554.316513,0,0.000000,0.000000,0.000000,0.000000,-153.300000,0.100000,-0.280000,0.000000,48.000000,50.540000
1779334554.317513,0,0.000000,0.000000,0.000000,0.000000,-153.300000,0.100000,-0.280000,0.000000,48.000000,50.560000
1779334554.331012,0,0.000000,0.000000,0.000000,0.000000,-153.300000,0.100000,-0.280000,0.000000,48.000000,50.560000
1779334554.354512,0,0.000000,0.000000,0.000000,0.000000,-160.330000,0.100000,-0.300000,0.000000,48.000000,50.590000
1779334554.361513,0,0.000000,0.000000,0.000000,0.000000,-160.330000,0.100000,-0.300000,0.000000,48.000000,50.590000
1779334554.376513,0,0.000000,0.000000,0.000000,0.000000,-160.330000,0.100000,-0.300000,0.000000,48.000000,50.610000
1779334554.383514,0,0.000000,0.000000,0.000000,0.000000,-160.330000,0.100000,-0.300000,0.000000,48.000000,50.610000
1779334554.400013,0,0.000000,0.000000,0.000000,0.000000,263.010000,0.090000,-0.310000,0.000000,48.000000,50.630000
1779334554.406013,0,0.000000,0.000000,0.000000,0.000000,263.010000,0.090000,-0.310000,0.000000,48.000000,50.650000
1779334554.413512,0,0.000000,0.000000,0.000000,0.000000,263.010000,0.090000,-0.310000,0.000000,48.000000,50.650000
1779334554.437013,0,0.000000,0.000000,0.000000,0.000000,263.010000,0.090000,-0.310000,0.000000,48.000000,50.660000
1779334554.445516,0,0.000000,0.000000,0.000000,0.000000,154.470000,0.100000,-0.340000,0.000000,48.000000,50.680000
1779334554.451013,0,0.000000,0.000000,0.000000,0.000000,154.470000,0.100000,-0.340000,0.000000,48.000000,50.680000
1779334554.466512,0,0.000000,0.000000,0.000000,0.000000,154.470000,0.100000,-0.340000,0.000000,48.000000,50.700000
1779334554.467512,0,0.000000,0.000000,0.000000,0.000000,154.470000,0.100000,-0.340000,0.000000,48.000000,50.700000
1779334554.506513,0,0.000000,0.000000,0.000000,0.000000,154.470000,0.100000,-0.340000,0.000000,48.000000,50.720000
1779334554.507013,0,0.000000,0.000000,0.000000,0.000000,44.750000,0.140000,-0.310000,0.000000,48.000000,50.720000
1779334554.508013,0,0.000000,0.000000,0.000000,0.000000,44.750000,0.140000,-0.310000,0.000000,48.000000,50.740000
1779334554.511513,0,0.000000,0.000000,0.000000,0.000000,44.750000,0.140000,-0.310000,0.000000,48.000000,50.750000
1779334554.564013,0,0.000000,0.000000,0.000000,0.000000,44.750000,0.140000,-0.310000,0.000000,48.000000,50.750000
1779334554.639512,0,0.000000,0.000000,0.000000,0.000000,44.750000,0.140000,-0.310000,0.000000,48.000000,50.770000
1779334554.640015,0,0.000000,0.000000,0.000000,0.000000,-15.680000,0.250000,-0.180000,0.000000,48.000000,50.790000
1779334554.640512,0,0.000000,0.000000,0.000000,0.000000,-15.680000,0.250000,-0.180000,0.000000,48.000000,50.810000
1779334554.653512,0,0.000000,0.000000,0.000000,0.000000,-15.680000,0.250000,-0.180000,0.000000,48.000000,50.830000
1779334554.662514,0,0.000000,0.000000,0.000000,0.000000,101.940000,0.360000,-0.050000,0.000000,48.000000,50.880000
1779334554.663014,0,0.000000,0.000000,0.000000,0.000000,289.580000,0.410000,0.000000,0.000000,48.000000,50.880000
1779334554.672013,0,0.000000,0.000000,0.000000,0.000000,289.580000,0.410000,0.000000,0.000000,48.000000,50.900000
1779334554.676512,0,0.000000,0.000000,0.000000,0.000000,289.580000,0.410000,0.000000,0.000000,48.000000,50.900000
1779334554.683512,0,0.000000,0.000000,0.000000,0.000000,289.580000,0.410000,0.000000,0.000000,48.000000,50.910000
1779334554.707512,0,0.000000,0.000000,0.000000,0.000000,289.580000,0.410000,0.000000,0.000000,48.000000,50.930000
1779334554.717013,0,0.000000,0.000000,0.000000,0.000000,295.050000,0.440000,0.030000,0.000000,48.000000,50.950000
1779334554.717513,0,0.000000,0.000000,0.000000,0.000000,295.050000,0.440000,0.030000,0.000000,48.000000,50.950000
1779334554.721012,0,0.000000,0.000000,0.000000,0.000000,295.050000,0.440000,0.030000,0.000000,48.000000,50.970000
1779334554.736513,0,0.000000,0.000000,0.000000,0.000000,295.050000,0.440000,0.030000,0.000000,48.000000,50.970000
1779334554.759599,0,0.000000,0.000000,0.000000,0.000000,295.050000,0.440000,0.030000,0.000000,48.000000,50.990000
1779334554.768013,0,0.000000,0.000000,0.000000,0.000000,37.470000,0.370000,-0.010000,0.000000,48.000000,51.000000
1779334554.781013,0,0.000000,0.000000,0.000000,0.000000,37.470000,0.370000,-0.010000,0.000000,48.000000,51.000000
1779334554.782013,0,0.000000,0.000000,0.000000,0.000000,37.470000,0.370000,-0.010000,0.000000,48.000000,51.020000
1779334554.812014,0,0.000000,0.000000,0.000000,0.000000,37.470000,0.370000,-0.010000,0.000000,48.000000,51.020000
1779334554.812513,0,0.000000,0.000000,0.000000,0.000000,-43.400000,0.280000,-0.100000,0.000000,48.000000,51.040000
1779334554.813514,0,0.000000,0.000000,0.000000,0.000000,-43.400000,0.280000,-0.100000,0.000000,48.000000,51.060000
1779334554.827013,0,0.000000,0.000000,0.000000,0.000000,-43.400000,0.280000,-0.100000,0.000000,48.000000,51.060000
1779334554.833513,0,0.000000,0.000000,0.000000,0.000000,-43.400000,0.280000,-0.100000,0.000000,48.000000,51.080000
1779334554.856513,0,0.000000,0.000000,0.000000,0.000000,-43.400000,0.280000,-0.100000,0.000000,48.000000,51.090000
1779334554.874013,0,0.000000,0.000000,0.000000,0.000000,-196.110000,0.210000,-0.170000,0.000000,48.000000,51.110000
1779334554.874513,0,0.000000,0.000000,0.000000,0.000000,-196.110000,0.210000,-0.170000,0.000000,48.000000,51.110000
1779334554.886012,0,0.000000,0.000000,0.000000,0.000000,-196.110000,0.210000,-0.170000,0.000000,48.000000,51.130000
1779334554.917514,0,0.000000,0.000000,0.000000,0.000000,-196.110000,0.210000,-0.170000,0.000000,48.000000,51.130000
1779334554.917514,0,0.000000,0.000000,0.000000,0.000000,-197.380000,0.170000,-0.230000,0.000000,48.000000,51.150000
1779334554.929013,0,0.000000,0.000000,0.000000,0.000000,-197.380000,0.170000,-0.230000,0.000000,48.000000,51.150000
1779334554.938013,0,0.000000,0.000000,0.000000,0.000000,-197.380000,0.170000,-0.230000,0.000000,48.000000,51.160000
1779334554.939513,0,0.000000,0.000000,0.000000,0.000000,-197.380000,0.170000,-0.230000,0.000000,48.000000,51.180000
1779334554.968513,0,0.000000,0.000000,0.000000,0.000000,-197.380000,0.170000,-0.230000,0.000000,48.000000,51.180000
1779334554.981514,0,0.000000,0.000000,0.000000,0.000000,318.200000,0.120000,-0.250000,0.000000,48.000000,51.200000
1779334554.982014,0,0.000000,0.000000,0.000000,0.000000,318.200000,0.120000,-0.250000,0.000000,48.000000,51.200000
1779334554.990514,0,0.000000,0.000000,0.000000,0.000000,318.200000,0.120000,-0.250000,0.000000,48.000000,51.220000
1779334555.028513,0,0.000000,0.000000,0.000000,0.000000,318.200000,0.120000,-0.250000,0.000000,48.000000,51.220000
1779334555.064013,0,0.000000,0.000000,0.000000,0.000000,318.200000,0.120000,-0.250000,0.000000,48.000000,51.240000
1779334555.064513,0,0.000000,0.000000,0.000000,0.000000,142.300000,0.100000,-0.280000,0.000000,48.000000,51.250000
1779334555.073513,0,0.000000,0.000000,0.000000,0.000000,142.300000,0.100000,-0.280000,0.000000,48.000000,51.290000
1779334555.075013,0,0.000000,0.000000,0.000000,0.000000,142.300000,0.100000,-0.280000,0.000000,48.000000,51.290000
1779334555.075013,0,0.000000,0.000000,0.000000,0.000000,-4.230000,0.090000,-0.310000,0.000000,48.000000,51.310000
1779334555.081013,0,0.000000,0.000000,0.000000,0.000000,-4.230000,0.090000,-0.310000,0.000000,48.000000,51.330000
1779334555.097013,0,0.000000,0.000000,0.000000,0.000000,-4.230000,0.090000,-0.310000,0.000000,48.000000,51.340000
1779334555.118514,0,0.000000,0.000000,0.000000,0.000000,-4.230000,0.090000,-0.310000,0.000000,48.000000,51.340000
1779334555.127513,0,0.000000,0.000000,0.000000,0.000000,-73.930000,0.070000,-0.310000,0.000000,48.000000,51.360000
1779334555.129013,0,0.000000,0.000000,0.000000,0.000000,-73.930000,0.070000,-0.310000,0.000000,48.000000,51.360000
1779334555.133512,0,0.000000,0.000000,0.000000,0.000000,-73.930000,0.070000,-0.310000,0.000000,48.000000,51.380000
1779334555.149013,0,0.000000,0.000000,0.000000,0.000000,-73.930000,0.070000,-0.310000,0.000000,48.000000,51.380000
1779334555.163013,0,0.000000,0.000000,0.000000,0.000000,-73.930000,0.070000,-0.310000,0.000000,48.000000,51.400000
1779334555.171514,0,0.000000,0.000000,0.000000,0.000000,197.520000,0.070000,-0.330000,0.000000,48.000000,51.400000
1779334555.185513,0,0.000000,0.000000,0.000000,0.000000,197.520000,0.070000,-0.330000,0.000000,48.000000,51.410000
1779334555.201012,0,0.000000,0.000000,0.000000,0.000000,197.520000,0.070000,-0.330000,0.000000,48.000000,51.430000
1779334555.208014,0,0.000000,0.000000,0.000000,0.000000,197.520000,0.070000,-0.330000,0.000000,48.000000,51.430000
1779334555.216014,0,0.000000,0.000000,0.000000,0.000000,197.520000,0.070000,-0.330000,0.000000,48.000000,51.450000
1779334555.221513,0,0.000000,0.000000,0.000000,0.000000,-268.450000,0.070000,-0.310000,0.000000,48.000000,51.450000
1779334555.231013,0,0.000000,0.000000,0.000000,0.000000,-268.450000,0.070000,-0.310000,0.000000,48.000000,51.470000
1779334555.238512,0,0.000000,0.000000,0.000000,0.000000,-268.450000,0.070000,-0.310000,0.000000,48.000000,51.470000
1779334555.284013,0,0.000000,0.000000,0.000000,0.000000,-268.450000,0.070000,-0.310000,0.000000,48.000000,51.490000
1779334555.285013,0,0.000000,0.000000,0.000000,0.000000,-268.450000,0.070000,-0.310000,0.000000,48.000000,51.500000
1779334555.312014,0,0.000000,0.000000,0.000000,0.000000,312.950000,0.090000,-0.300000,0.000000,48.000000,51.520000
1779334555.312514,0,0.000000,0.000000,0.000000,0.000000,312.950000,0.090000,-0.300000,0.000000,48.000000,51.540000
1779334555.322512,0,0.000000,0.000000,0.000000,0.000000,312.950000,0.090000,-0.300000,0.000000,48.000000,51.540000
1779334555.323513,0,0.000000,0.000000,0.000000,0.000000,312.950000,0.090000,-0.300000,0.000000,48.000000,51.560000
1779334555.358013,0,0.000000,0.000000,0.000000,0.000000,13.970000,0.150000,-0.200000,0.000000,48.000000,51.560000
1779334555.388513,0,0.000000,0.000000,0.000000,0.000000,13.970000,0.150000,-0.200000,0.000000,48.000000,51.580000
1779334555.389513,0,0.000000,0.000000,0.000000,0.000000,13.970000,0.150000,-0.200000,0.000000,48.000000,51.590000
1779334555.390013,0,0.000000,0.000000,0.000000,0.000000,13.970000,0.150000,-0.200000,0.000000,48.000000,51.590000
1779334555.403513,0,0.000000,0.000000,0.000000,0.000000,13.970000,0.150000,-0.200000,0.000000,48.000000,51.610000
1779334555.404513,0,0.000000,0.000000,0.000000,0.000000,-167.470000,0.200000,-0.070000,0.000000,48.000000,51.630000
1779334555.405513,0,0.000000,0.000000,0.000000,0.000000,-167.470000,0.200000,-0.070000,0.000000,48.000000,51.650000
1779334555.456512,0,0.000000,0.000000,0.000000,0.000000,288.010000,0.250000,0.000000,0.000000,48.000000,51.680000
1779334555.457099,0,0.000000,0.000000,0.000000,0.000000,288.010000,0.250000,0.000000,0.000000,48.000000,51.680000
1779334555.478513,0,0.000000,0.000000,0.000000,0.000000,288.010000,0.250000,0.000000,0.000000,48.000000,51.700000
1779334555.488513,0,0.000000,0.000000,0.000000,0.000000,290.170000,0.270000,0.010000,0.000000,48.000000,51.720000
1779334555.498513,0,0.000000,0.000000,0.000000,0.000000,290.170000,0.270000,0.010000,0.000000,48.000000,51.720000
1779334555.499514,0,0.000000,0.000000,0.000000,0.000000,290.170000,0.270000,0.010000,0.000000,48.000000,51.740000
1779334555.523014,0,0.000000,0.000000,0.000000,0.000000,290.170000,0.270000,0.010000,0.000000,48.000000,51.750000
1779334555.540012,0,0.000000,0.000000,0.000000,0.000000,290.170000,0.270000,0.010000,0.000000,48.000000,51.750000
1779334555.540512,0,0.000000,0.000000,0.000000,0.000000,-92.950000,0.280000,0.030000,0.000000,48.000000,51.770000
1779334555.546513,0,0.000000,0.000000,0.000000,0.000000,-92.950000,0.280000,0.030000,0.000000,48.000000,51.790000
1779334555.553513,0,0.000000,0.000000,0.000000,0.000000,-92.950000,0.280000,0.030000,0.000000,48.000000,51.790000
1779334555.568514,0,0.000000,0.000000,0.000000,0.000000,-92.950000,0.280000,0.030000,0.000000,48.000000,51.790000
1779334555.576513,0,0.000000,0.000000,0.000000,0.000000,-92.950000,0.280000,0.030000,0.000000,48.000000,51.810000
1779334555.592514,0,0.000000,0.000000,0.000000,0.000000,264.950000,0.280000,0.030000,0.000000,48.000000,51.830000
1779334555.598513,0,0.000000,0.000000,0.000000,0.000000,264.950000,0.280000,0.030000,0.000000,48.000000,51.840000
1779334555.614013,0,0.000000,0.000000,0.000000,0.000000,264.950000,0.280000,0.030000,0.000000,48.000000,51.840000
1779334555.621512,0,0.000000,0.000000,0.000000,0.000000,264.950000,0.280000,0.030000,0.000000,48.000000,51.860000
1779334555.642513,0,0.000000,0.000000,0.000000,0.000000,264.950000,0.280000,0.030000,0.000000,48.000000,51.860000
1779334555.652012,0,0.000000,0.000000,0.000000,0.000000,221.970000,0.250000,0.010000,0.000000,48.000000,51.880000
1779334555.652512,0,0.000000,0.000000,0.000000,0.000000,221.970000,0.250000,0.010000,0.000000,48.000000,51.880000
1779334555.666513,0,0.000000,0.000000,0.000000,0.000000,221.970000,0.250000,0.010000,0.000000,48.000000,51.900000
1779334555.688013,0,0.000000,0.000000,0.000000,0.000000,221.970000,0.250000,0.010000,0.000000,48.000000,51.900000
1779334555.697514,0,0.000000,0.000000,0.000000,0.000000,-75.520000,0.230000,0.000000,0.000000,48.000000,51.930000
1779334555.711013,0,0.000000,0.000000,0.000000,0.000000,-75.520000,0.230000,0.000000,0.000000,48.000000,51.930000
1779334555.712013,0,0.000000,0.000000,0.000000,0.000000,-75.520000,0.230000,0.000000,0.000000,48.000000,51.950000
1779334555.718513,0,0.000000,0.000000,0.000000,0.000000,-75.520000,0.230000,0.000000,0.000000,48.000000,51.950000
1779334555.747512,0,0.000000,0.000000,0.000000,0.000000,148.850000,0.200000,-0.030000,0.000000,48.000000,51.970000
1779334555.757513,0,0.000000,0.000000,0.000000,0.000000,148.850000,0.200000,-0.030000,0.000000,48.000000,51.990000
1779334555.771013,0,0.000000,0.000000,0.000000,0.000000,148.850000,0.200000,-0.030000,0.000000,48.000000,52.000000
1779334555.772013,0,0.000000,0.000000,0.000000,0.000000,148.850000,0.200000,-0.030000,0.000000,48.000000,52.000000
1779334555.786013,0,0.000000,0.000000,0.000000,0.000000,148.850000,0.200000,-0.030000,0.000000,48.000000,52.020000
1779334555.803513,0,0.000000,0.000000,0.000000,0.000000,-238.690000,0.180000,-0.070000,0.000000,48.000000,52.040000
1779334555.816013,0,0.000000,0.000000,0.000000,0.000000,-238.690000,0.180000,-0.070000,0.000000,48.000000,52.040000
1779334555.824013,0,0.000000,0.000000,0.000000,0.000000,-238.690000,0.180000,-0.070000,0.000000,48.000000,52.060000
1779334555.841513,0,0.000000,0.000000,0.000000,0.000000,-238.690000,0.180000,-0.070000,0.000000,48.000000,52.060000
1779334555.842513,0,0.000000,0.000000,0.000000,0.000000,-259.570000,0.150000,-0.100000,0.000000,48.000000,52.080000
1779334555.854012,0,0.000000,0.000000,0.000000,0.000000,-259.570000,0.150000,-0.100000,0.000000,48.000000,52.090000
1779334555.861012,0,0.000000,0.000000,0.000000,0.000000,-259.570000,0.150000,-0.100000,0.000000,48.000000,52.090000
1779334555.877012,0,0.000000,0.000000,0.000000,0.000000,-259.570000,0.150000,-0.100000,0.000000,48.000000,52.110000
1779334555.883012,0,0.000000,0.000000,0.000000,0.000000,-259.570000,0.150000,-0.100000,0.000000,48.000000,52.110000
1779334555.911513,0,0.000000,0.000000,0.000000,0.000000,54.830000,0.120000,-0.140000,0.000000,48.000000,52.130000
1779334555.920513,0,0.000000,0.000000,0.000000,0.000000,54.830000,0.120000,-0.140000,0.000000,48.000000,52.150000
1779334555.921013,0,0.000000,0.000000,0.000000,0.000000,54.830000,0.120000,-0.140000,0.000000,48.000000,52.150000
1779334555.921514,0,0.000000,0.000000,0.000000,0.000000,54.830000,0.120000,-0.140000,0.000000,48.000000,52.160000
1779334555.936513,0,0.000000,0.000000,0.000000,0.000000,54.830000,0.120000,-0.140000,0.000000,48.000000,52.180000
1779334555.953012,0,0.000000,0.000000,0.000000,0.000000,127.110000,0.110000,-0.170000,0.000000,48.000000,52.180000
1779334555.954014,0,0.000000,0.000000,0.000000,0.000000,127.110000,0.110000,-0.170000,0.000000,48.000000,52.200000
1779334555.966013,0,0.000000,0.000000,0.000000,0.000000,127.110000,0.110000,-0.170000,0.000000,48.000000,52.200000
1779334555.988012,0,0.000000,0.000000,0.000000,0.000000,127.110000,0.110000,-0.170000,0.000000,48.000000,52.220000
1779334555.996512,0,0.000000,0.000000,0.000000,0.000000,127.110000,0.110000,-0.170000,0.000000,48.000000,52.220000
1779334556.006013,0,0.000000,0.000000,0.000000,0.000000,-82.360000,0.100000,-0.200000,0.000000,48.000000,52.240000
1779334556.018512,0,0.000000,0.000000,0.000000,0.000000,-82.360000,0.100000,-0.200000,0.000000,48.000000,52.250000
1779334556.019512,0,0.000000,0.000000,0.000000,0.000000,-82.360000,0.100000,-0.200000,0.000000,48.000000,52.250000
1779334556.034013,0,0.000000,0.000000,0.000000,0.000000,-82.360000,0.100000,-0.200000,0.000000,48.000000,52.270000
1779334556.062013,0,0.000000,0.000000,0.000000,0.000000,-82.360000,0.100000,-0.200000,0.000000,48.000000,52.270000
1779334556.062013,0,0.000000,0.000000,0.000000,0.000000,-82.360000,0.100000,-0.200000,0.000000,48.000000,52.290000
1779334556.071012,0,0.000000,0.000000,0.000000,0.000000,-82.360000,0.100000,-0.200000,0.000000,48.000000,52.310000
1779334556.101513,0,0.000000,0.000000,0.000000,0.000000,-82.360000,0.100000,-0.200000,0.000000,48.000000,52.310000
1779334556.102513,0,0.000000,0.000000,0.000000,0.000000,-82.360000,0.100000,-0.200000,0.000000,48.000000,52.330000
1779334556.118513,0,0.000000,0.000000,0.000000,0.000000,-82.360000,0.100000,-0.200000,0.000000,48.000000,52.340000
1779334556.123514,0,0.000000,0.000000,0.000000,0.000000,184.100000,0.070000,-0.230000,0.000000,49.000000,52.340000
1779334556.124512,0,0.000000,0.000000,0.000000,0.000000,184.100000,0.070000,-0.230000,0.000000,49.000000,52.360000
1779334556.131013,0,0.000000,0.000000,0.000000,0.000000,184.100000,0.070000,-0.230000,0.000000,49.000000,52.360000
1779334556.153513,0,0.000000,0.000000,0.000000,0.000000,184.100000,0.070000,-0.230000,0.000000,49.000000,52.380000
1779334556.161513,0,0.000000,0.000000,0.000000,0.000000,-177.500000,0.070000,-0.270000,0.000000,48.000000,52.400000
1779334556.168513,0,0.000000,0.000000,0.000000,0.000000,-177.500000,0.070000,-0.270000,0.000000,48.000000,52.400000
1779334556.199512,0,0.000000,0.000000,0.000000,0.000000,-177.500000,0.070000,-0.270000,0.000000,48.000000,52.410000
1779334556.200012,0,0.000000,0.000000,0.000000,0.000000,-177.500000,0.070000,-0.270000,0.000000,48.000000,52.430000
1779334556.213012,0,0.000000,0.000000,0.000000,0.000000,-177.500000,0.070000,-0.270000,0.000000,48.000000,52.430000
1779334556.214513,0,0.000000,0.000000,0.000000,0.000000,149.850000,0.100000,-0.340000,0.000000,48.000000,52.450000
1779334556.237012,0,0.000000,0.000000,0.000000,0.000000,149.850000,0.100000,-0.340000,0.000000,48.000000,52.470000
1779334556.238013,0,0.000000,0.000000,0.000000,0.000000,149.850000,0.100000,-0.340000,0.000000,48.000000,52.470000
1779334556.243012,0,0.000000,0.000000,0.000000,0.000000,149.850000,0.100000,-0.340000,0.000000,48.000000,52.490000
1779334556.294512,0,0.000000,0.000000,0.000000,0.000000,219.830000,0.170000,-0.430000,0.000000,48.000000,52.500000
1779334556.304012,0,0.000000,0.000000,0.000000,0.000000,219.830000,0.170000,-0.430000,0.000000,48.000000,52.520000
1779334556.304512,0,0.000000,0.000000,0.000000,0.000000,219.830000,0.170000,-0.430000,0.000000,48.000000,52.520000
1779334556.305013,0,0.000000,0.000000,0.000000,0.000000,219.830000,0.170000,-0.430000,0.000000,48.000000,52.540000
1779334556.325015,0,0.000000,0.000000,0.000000,0.000000,219.830000,0.170000,-0.430000,0.000000,48.000000,52.540000
1779334556.325513,0,0.000000,0.000000,0.000000,0.000000,152.500000,0.210000,-0.500000,0.000000,48.000000,52.560000
1779334556.338512,0,0.000000,0.000000,0.000000,0.000000,152.500000,0.210000,-0.500000,0.000000,48.000000,52.560000
1779334556.343513,0,0.000000,0.000000,0.000000,0.000000,152.500000,0.210000,-0.500000,0.000000,48.000000,52.580000
1779334556.370512,0,0.000000,0.000000,0.000000,0.000000,152.500000,0.210000,-0.500000,0.000000,48.000000,52.590000
1779334556.371012,0,0.000000,0.000000,0.000000,0.000000,-18.140000,0.250000,-0.540000,0.000000,48.000000,52.590000
1779334556.379512,0,0.000000,0.000000,0.000000,0.000000,-18.140000,0.250000,-0.540000,0.000000,48.000000,52.610000
1779334556.401014,0,0.000000,0.000000,0.000000,0.000000,-18.140000,0.250000,-0.540000,0.000000,48.000000,52.610000
1779334556.401518,0,0.000000,0.000000,0.000000,0.000000,-18.140000,0.250000,-0.540000,0.000000,48.000000,52.630000
1779334556.421013,0,0.000000,0.000000,0.000000,0.000000,-18.140000,0.250000,-0.540000,0.000000,48.000000,52.630000
1779334556.430013,0,0.000000,0.000000,0.000000,0.000000,-18.140000,0.250000,-0.540000,0.000000,48.000000,52.650000
1779334556.436513,0,0.000000,0.000000,0.000000,0.000000,221.690000,0.280000,-0.560000,0.000000,48.000000,52.680000
1779334556.468513,0,0.000000,0.000000,0.000000,0.000000,221.690000,0.280000,-0.560000,0.000000,48.000000,52.680000
1779334556.526013,0,0.000000,0.000000,0.000000,0.000000,221.690000,0.280000,-0.560000,0.000000,48.000000,52.680000
1779334556.536514,0,0.000000,0.000000,0.000000,0.000000,309.330000,0.300000,-0.600000,0.000000,48.000000,52.700000
1779334556.543012,0,0.000000,0.000000,0.000000,0.000000,309.330000,0.300000,-0.600000,0.000000,48.000000,52.720000
1779334556.596513,0,0.000000,0.000000,0.000000,0.000000,-53.840000,0.310000,-0.610000,0.000000,48.000000,52.750000
1779334556.618513,0,0.000000,0.000000,0.000000,0.000000,-53.840000,0.310000,-0.610000,0.000000,48.000000,52.770000
1779334556.678512,0,0.000000,0.000000,0.000000,0.000000,-53.840000,0.310000,-0.610000,0.000000,48.000000,52.790000
1779334556.687012,0,0.000000,0.000000,0.000000,0.000000,-202.890000,0.330000,-0.620000,0.000000,48.000000,52.830000
1779334556.697512,0,0.000000,0.000000,0.000000,0.000000,-202.890000,0.330000,-0.620000,0.000000,48.000000,52.840000
1779334556.698514,0,0.000000,0.000000,0.000000,0.000000,172.050000,0.340000,-0.620000,0.000000,48.000000,52.880000
1779334556.746514,0,0.000000,0.000000,0.000000,0.000000,100.970000,0.360000,-0.620000,0.000000,48.000000,52.950000
1779334556.761512,0,0.000000,0.000000,0.000000,0.000000,-19.920000,0.400000,-0.550000,0.000000,48.000000,52.970000
1779334556.762512,0,0.000000,0.000000,0.000000,0.000000,-19.920000,0.400000,-0.550000,0.000000,48.000000,52.970000
1779334556.773014,0,0.000000,0.000000,0.000000,0.000000,-19.920000,0.400000,-0.550000,0.000000,48.000000,52.990000
1779334556.775512,0,0.000000,0.000000,0.000000,0.000000,-19.920000,0.400000,-0.550000,0.000000,48.000000,53.000000
1779334556.791512,0,0.000000,0.000000,0.000000,0.000000,-19.920000,0.400000,-0.550000,0.000000,48.000000,53.000000
1779334556.792512,0,0.000000,0.000000,0.000000,0.000000,-34.910000,0.400000,-0.550000,0.000000,48.000000,53.020000
1779334556.806513,0,0.000000,0.000000,0.000000,0.000000,-34.910000,0.400000,-0.550000,0.000000,48.000000,53.040000
1779334556.808013,0,0.000000,0.000000,0.000000,0.000000,-34.910000,0.400000,-0.550000,0.000000,48.000000,53.040000
1779334556.828013,0,0.000000,0.000000,0.000000,0.000000,-34.910000,0.400000,-0.550000,0.000000,48.000000,53.060000
1779334556.844013,0,0.000000,0.000000,0.000000,0.000000,-255.140000,0.370000,-0.520000,0.000000,48.000000,53.060000
1779334556.853013,0,0.000000,0.000000,0.000000,0.000000,-255.140000,0.370000,-0.520000,0.000000,48.000000,53.080000
1779334556.873512,0,0.000000,0.000000,0.000000,0.000000,-255.140000,0.370000,-0.520000,0.000000,48.000000,53.090000
1779334556.874512,0,0.000000,0.000000,0.000000,0.000000,-255.140000,0.370000,-0.520000,0.000000,48.000000,53.090000
1779334556.882514,0,0.000000,0.000000,0.000000,0.000000,-255.140000,0.370000,-0.520000,0.000000,48.000000,53.110000
1779334556.892513,0,0.000000,0.000000,0.000000,0.000000,3.890000,0.360000,-0.500000,0.000000,48.000000,53.130000
1779334556.903514,0,0.000000,0.000000,0.000000,0.000000,3.890000,0.360000,-0.500000,0.000000,48.000000,53.130000
1779334556.910513,0,0.000000,0.000000,0.000000,0.000000,3.890000,0.360000,-0.500000,0.000000,48.000000,53.150000
1779334556.918512,0,0.000000,0.000000,0.000000,0.000000,3.890000,0.360000,-0.500000,0.000000,48.000000,53.150000
1779334556.941512,0,0.000000,0.000000,0.000000,0.000000,3.890000,0.360000,-0.500000,0.000000,48.000000,53.160000
1779334556.949513,0,0.000000,0.000000,0.000000,0.000000,-159.880000,0.340000,-0.500000,0.000000,48.000000,53.180000
1779334556.956513,0,0.000000,0.000000,0.000000,0.000000,-159.880000,0.340000,-0.500000,0.000000,48.000000,53.180000
1779334556.963513,0,0.000000,0.000000,0.000000,0.000000,-159.880000,0.340000,-0.500000,0.000000,48.000000,53.200000
1779334556.978013,0,0.000000,0.000000,0.000000,0.000000,-159.880000,0.340000,-0.500000,0.000000,48.000000,53.200000
1779334556.986013,0,0.000000,0.000000,0.000000,0.000000,-159.880000,0.340000,-0.500000,0.000000,48.000000,53.220000
1779334557.015513,0,0.000000,0.000000,0.000000,0.000000,279.980000,0.310000,-0.470000,0.000000,48.000000,53.240000
1779334557.016513,0,0.000000,0.000000,0.000000,0.000000,279.980000,0.310000,-0.470000,0.000000,48.000000,53.250000
1779334557.017012,0,0.000000,0.000000,0.000000,0.000000,279.980000,0.310000,-0.470000,0.000000,48.000000,53.250000
1779334557.017512,0,0.000000,0.000000,0.000000,0.000000,279.980000,0.310000,-0.470000,0.000000,48.000000,53.270000
1779334557.061013,0,0.000000,0.000000,0.000000,0.000000,306.440000,0.270000,-0.460000,0.000000,48.000000,53.270000
1779334557.070512,0,0.000000,0.000000,0.000000,0.000000,306.440000,0.270000,-0.460000,0.000000,48.000000,53.290000
1779334557.071514,0,0.000000,0.000000,0.000000,0.000000,306.440000,0.270000,-0.460000,0.000000,48.000000,53.290000
1779334557.072014,0,0.000000,0.000000,0.000000,0.000000,306.440000,0.270000,-0.460000,0.000000,48.000000,53.310000
1779334557.096013,0,0.000000,0.000000,0.000000,0.000000,306.440000,0.270000,-0.460000,0.000000,48.000000,53.310000
1779334557.106012,0,0.000000,0.000000,0.000000,0.000000,-223.300000,0.210000,-0.430000,0.000000,48.000000,53.340000
1779334557.107012,0,0.000000,0.000000,0.000000,0.000000,-223.300000,0.210000,-0.430000,0.000000,48.000000,53.340000
1779334557.107512,0,0.000000,0.000000,0.000000,0.000000,-223.300000,0.210000,-0.430000,0.000000,48.000000,53.360000
1779334557.121513,0,0.000000,0.000000,0.000000,0.000000,-223.300000,0.210000,-0.430000,0.000000,48.000000,53.360000
1779334557.143513,0,0.000000,0.000000,0.000000,0.000000,-223.300000,0.210000,-0.430000,0.000000,48.000000,53.360000
1779334557.144013,0,0.000000,0.000000,0.000000,0.000000,-54.270000,0.180000,-0.380000,0.000000,48.000000,53.380000
1779334557.153012,0,0.000000,0.000000,0.000000,0.000000,-54.270000,0.180000,-0.380000,0.000000,48.000000,53.400000
1779334557.174012,0,0.000000,0.000000,0.000000,0.000000,-54.270000,0.180000,-0.380000,0.000000,48.000000,53.400000
1779334557.175513,0,0.000000,0.000000,0.000000,0.000000,-54.270000,0.180000,-0.380000,0.000000,48.000000,53.410000
1779334557.191513,0,0.000000,0.000000,0.000000,0.000000,-54.270000,0.180000,-0.380000,0.000000,48.000000,53.430000
1779334557.203514,0,0.000000,0.000000,0.000000,0.000000,203.020000,0.150000,-0.340000,0.000000,48.000000,53.430000
1779334557.211012,0,0.000000,0.000000,0.000000,0.000000,203.020000,0.150000,-0.340000,0.000000,48.000000,53.450000
1779334557.226515,0,0.000000,0.000000,0.000000,0.000000,203.020000,0.150000,-0.340000,0.000000,48.000000,53.450000
1779334557.233513,0,0.000000,0.000000,0.000000,0.000000,203.020000,0.150000,-0.340000,0.000000,48.000000,53.470000
1779334557.257012,0,0.000000,0.000000,0.000000,0.000000,203.020000,0.150000,-0.340000,0.000000,48.000000,53.470000
1779334557.268512,0,0.000000,0.000000,0.000000,0.000000,203.020000,0.150000,-0.340000,0.000000,48.000000,53.500000
1779334557.269014,0,0.000000,0.000000,0.000000,0.000000,203.020000,0.150000,-0.340000,0.000000,48.000000,53.500000
1779334557.285513,0,0.000000,0.000000,0.000000,0.000000,203.020000,0.150000,-0.340000,0.000000,48.000000,53.520000
1779334557.300513,0,0.000000,0.000000,0.000000,0.000000,203.020000,0.150000,-0.340000,0.000000,48.000000,53.520000
1779334557.310012,0,0.000000,0.000000,0.000000,0.000000,223.280000,0.120000,-0.310000,0.000000,51.000000,53.540000
1779334557.316012,0,0.000000,0.000000,0.000000,0.000000,223.280000,0.120000,-0.310000,0.000000,51.000000,53.540000
1779334557.323512,0,0.000000,0.000000,0.000000,0.000000,223.280000,0.120000,-0.310000,0.000000,51.000000,53.560000
1779334557.331012,0,0.000000,0.000000,0.000000,0.000000,223.280000,0.120000,-0.310000,0.000000,51.000000,53.560000
1779334557.370013,0,0.000000,0.000000,0.000000,0.000000,287.040000,0.100000,-0.310000,0.000000,48.000000,53.590000
1779334557.371013,0,0.000000,0.000000,0.000000,0.000000,287.040000,0.100000,-0.310000,0.000000,48.000000,53.610000
1779334557.376012,0,0.000000,0.000000,0.000000,0.000000,287.040000,0.100000,-0.310000,0.000000,48.000000,53.610000
1779334557.383512,0,0.000000,0.000000,0.000000,0.000000,287.040000,0.100000,-0.310000,0.000000,48.000000,53.630000
1779334557.406013,0,0.000000,0.000000,0.000000,0.000000,287.040000,0.100000,-0.310000,0.000000,48.000000,53.630000
1779334557.416512,0,0.000000,0.000000,0.000000,0.000000,261.290000,0.100000,-0.310000,0.000000,48.000000,53.650000
1779334557.417512,0,0.000000,0.000000,0.000000,0.000000,261.290000,0.100000,-0.310000,0.000000,48.000000,53.650000
1779334557.436012,0,0.000000,0.000000,0.000000,0.000000,261.290000,0.100000,-0.310000,0.000000,48.000000,53.660000
1779334557.437012,0,0.000000,0.000000,0.000000,0.000000,261.290000,0.100000,-0.310000,0.000000,48.000000,53.680000
1779334557.460013,0,0.000000,0.000000,0.000000,0.000000,92.160000,0.090000,-0.300000,0.000000,48.000000,53.700000
1779334557.466513,0,0.000000,0.000000,0.000000,0.000000,92.160000,0.090000,-0.300000,0.000000,48.000000,53.700000
1779334557.474011,0,0.000000,0.000000,0.000000,0.000000,92.160000,0.090000,-0.300000,0.000000,48.000000,53.720000
1779334557.489012,0,0.000000,0.000000,0.000000,0.000000,92.160000,0.090000,-0.300000,0.000000,48.000000,53.720000
1779334557.539013,0,0.000000,0.000000,0.000000,0.000000,92.160000,0.090000,-0.300000,0.000000,48.000000,53.740000
1779334557.539514,0,0.000000,0.000000,0.000000,0.000000,-286.480000,0.070000,-0.300000,0.000000,48.000000,53.750000
1779334557.549512,0,0.000000,0.000000,0.000000,0.000000,-286.480000,0.070000,-0.300000,0.000000,48.000000,53.750000
1779334557.551013,0,0.000000,0.000000,0.000000,0.000000,-286.480000,0.070000,-0.300000,0.000000,48.000000,53.770000
1779334557.556512,0,0.000000,0.000000,0.000000,0.000000,-286.480000,0.070000,-0.300000,0.000000,48.000000,53.790000
1779334557.570512,0,0.000000,0.000000,0.000000,0.000000,-301.470000,0.070000,-0.300000,0.000000,48.000000,53.810000
1779334557.593013,0,0.000000,0.000000,0.000000,0.000000,-301.470000,0.070000,-0.300000,0.000000,48.000000,53.830000
1779334557.594013,0,0.000000,0.000000,0.000000,0.000000,-301.470000,0.070000,-0.300000,0.000000,48.000000,53.840000
1779334557.623012,0,0.000000,0.000000,0.000000,0.000000,-127.330000,0.070000,-0.300000,0.000000,48.000000,53.840000
1779334557.624012,0,0.000000,0.000000,0.000000,0.000000,-127.330000,0.070000,-0.300000,0.000000,48.000000,53.860000
1779334557.638513,0,0.000000,0.000000,0.000000,0.000000,-127.330000,0.070000,-0.300000,0.000000,48.000000,53.860000
1779334557.646013,0,0.000000,0.000000,0.000000,0.000000,-127.330000,0.070000,-0.300000,0.000000,48.000000,53.880000
1779334557.661012,0,0.000000,0.000000,0.000000,0.000000,-127.330000,0.070000,-0.300000,0.000000,48.000000,53.880000
1779334557.671012,0,0.000000,0.000000,0.000000,0.000000,256.860000,0.050000,-0.300000,0.000000,48.000000,53.900000
1779334557.676013,0,0.000000,0.000000,0.000000,0.000000,256.860000,0.050000,-0.300000,0.000000,48.000000,53.910000
1779334557.683512,0,0.000000,0.000000,0.000000,0.000000,256.860000,0.050000,-0.300000,0.000000,48.000000,53.930000
1779334557.698512,0,0.000000,0.000000,0.000000,0.000000,256.860000,0.050000,-0.300000,0.000000,48.000000,53.930000
1779334557.719512,0,0.000000,0.000000,0.000000,0.000000,256.860000,0.050000,-0.300000,0.000000,48.000000,53.950000
1779334557.729012,0,0.000000,0.000000,0.000000,0.000000,256.860000,0.050000,-0.300000,0.000000,48.000000,53.950000
1779334557.730012,0,0.000000,0.000000,0.000000,0.000000,256.860000,0.050000,-0.300000,0.000000,48.000000,53.970000
1779334557.743512,0,0.000000,0.000000,0.000000,0.000000,256.860000,0.050000,-0.300000,0.000000,48.000000,53.970000
1779334557.765513,0,0.000000,0.000000,0.000000,0.000000,256.860000,0.050000,-0.300000,0.000000,48.000000,53.990000
1779334557.787013,0,0.000000,0.000000,0.000000,0.000000,256.860000,0.050000,-0.300000,0.000000,48.000000,54.000000
1779334557.796513,0,0.000000,0.000000,0.000000,0.000000,118.430000,0.050000,-0.300000,0.000000,49.000000,54.000000
1779334557.797014,0,0.000000,0.000000,0.000000,0.000000,118.430000,0.050000,-0.300000,0.000000,49.000000,54.020000
1779334557.798013,0,0.000000,0.000000,0.000000,0.000000,118.430000,0.050000,-0.300000,0.000000,49.000000,54.020000
1779334557.798514,0,0.000000,0.000000,0.000000,0.000000,118.430000,0.050000,-0.300000,0.000000,49.000000,54.040000
1779334557.827513,0,0.000000,0.000000,0.000000,0.000000,118.430000,0.050000,-0.300000,0.000000,49.000000,54.040000
1779334557.836513,0,0.000000,0.000000,0.000000,0.000000,-238.070000,0.050000,-0.280000,0.000000,48.000000,54.060000
1779334557.837013,0,0.000000,0.000000,0.000000,0.000000,-238.070000,0.050000,-0.280000,0.000000,48.000000,54.060000
1779334557.870512,0,0.000000,0.000000,0.000000,0.000000,-238.070000,0.050000,-0.280000,0.000000,48.000000,54.080000
1779334557.871512,0,0.000000,0.000000,0.000000,0.000000,-238.070000,0.050000,-0.280000,0.000000,48.000000,54.090000
1779334557.914513,0,0.000000,0.000000,0.000000,0.000000,-238.070000,0.050000,-0.280000,0.000000,48.000000,54.090000
1779334557.915012,0,0.000000,0.000000,0.000000,0.000000,126.980000,0.050000,-0.280000,0.000000,48.000000,54.130000
1779334557.915514,0,0.000000,0.000000,0.000000,0.000000,126.980000,0.050000,-0.280000,0.000000,48.000000,54.130000
1779334557.918512,0,0.000000,0.000000,0.000000,0.000000,126.980000,0.050000,-0.280000,0.000000,48.000000,54.150000
1779334557.931513,0,0.000000,0.000000,0.000000,0.000000,146.070000,0.050000,-0.280000,0.000000,48.000000,54.160000
1779334557.938512,0,0.000000,0.000000,0.000000,0.000000,146.070000,0.050000,-0.280000,0.000000,48.000000,54.180000
1779334557.954013,0,0.000000,0.000000,0.000000,0.000000,146.070000,0.050000,-0.280000,0.000000,48.000000,54.180000
1779334557.976512,0,0.000000,0.000000,0.000000,0.000000,146.070000,0.050000,-0.280000,0.000000,48.000000,54.200000
1779334557.984012,0,0.000000,0.000000,0.000000,0.000000,278.570000,0.050000,-0.280000,0.000000,48.000000,54.220000
1779334557.993514,0,0.000000,0.000000,0.000000,0.000000,278.570000,0.050000,-0.280000,0.000000,48.000000,54.220000
1779334557.998513,0,0.000000,0.000000,0.000000,0.000000,278.570000,0.050000,-0.280000,0.000000,48.000000,54.240000
1779334558.006512,0,0.000000,0.000000,0.000000,0.000000,278.570000,0.050000,-0.280000,0.000000,48.000000,54.250000
1779334558.036513,0,0.000000,0.000000,0.000000,0.000000,-243.800000,0.050000,-0.280000,0.000000,48.000000,54.270000
1779334558.048012,0,0.000000,0.000000,0.000000,0.000000,-243.800000,0.050000,-0.280000,0.000000,48.000000,54.270000
1779334558.051012,0,0.000000,0.000000,0.000000,0.000000,-243.800000,0.050000,-0.280000,0.000000,48.000000,54.290000
1779334558.058513,0,0.000000,0.000000,0.000000,0.000000,-243.800000,0.050000,-0.280000,0.000000,48.000000,54.290000
1779334558.081512,0,0.000000,0.000000,0.000000,0.000000,-243.800000,0.050000,-0.280000,0.000000,48.000000,54.310000
1779334558.082513,0,0.000000,0.000000,0.000000,0.000000,194.160000,0.070000,-0.280000,0.000000,48.000000,54.310000
1779334558.088512,0,0.000000,0.000000,0.000000,0.000000,194.160000,0.070000,-0.280000,0.000000,48.000000,54.330000
1779334558.096012,0,0.000000,0.000000,0.000000,0.000000,194.160000,0.070000,-0.280000,0.000000,48.000000,54.340000
1779334558.111013,0,0.000000,0.000000,0.000000,0.000000,194.160000,0.070000,-0.280000,0.000000,48.000000,54.340000
1779334558.148513,0,0.000000,0.000000,0.000000,0.000000,194.160000,0.070000,-0.280000,0.000000,48.000000,54.360000
1779334558.149013,0,0.000000,0.000000,0.000000,0.000000,-0.920000,0.100000,-0.280000,0.000000,48.000000,54.360000
1779334558.149514,0,0.000000,0.000000,0.000000,0.000000,-0.920000,0.100000,-0.280000,0.000000,48.000000,54.380000
1779334558.150013,0,0.000000,0.000000,0.000000,0.000000,-0.920000,0.100000,-0.280000,0.000000,48.000000,54.380000
1779334558.156013,0,0.000000,0.000000,0.000000,0.000000,-0.920000,0.100000,-0.280000,0.000000,48.000000,54.400000
1779334558.179013,0,0.000000,0.000000,0.000000,0.000000,-0.920000,0.100000,-0.280000,0.000000,48.000000,54.400000
1779334558.185513,0,0.000000,0.000000,0.000000,0.000000,-45.020000,0.200000,-0.200000,0.000000,48.000000,54.410000
1779334558.193512,0,0.000000,0.000000,0.000000,0.000000,-45.020000,0.200000,-0.200000,0.000000,48.000000,54.430000
1779334558.201012,0,0.000000,0.000000,0.000000,0.000000,-45.020000,0.200000,-0.200000,0.000000,48.000000,54.430000
1779334558.216512,0,0.000000,0.000000,0.000000,0.000000,-45.020000,0.200000,-0.200000,0.000000,48.000000,54.450000
1779334558.244013,0,0.000000,0.000000,0.000000,0.000000,-45.020000,0.200000,-0.200000,0.000000,48.000000,54.450000
1779334558.244513,0,0.000000,0.000000,0.000000,0.000000,242.470000,0.280000,-0.100000,0.000000,48.000000,54.470000
1779334558.256513,0,0.000000,0.000000,0.000000,0.000000,242.470000,0.280000,-0.100000,0.000000,48.000000,54.490000
1779334558.269012,0,0.000000,0.000000,0.000000,0.000000,242.470000,0.280000,-0.100000,0.000000,48.000000,54.500000
1779334558.270012,0,0.000000,0.000000,0.000000,0.000000,242.470000,0.280000,-0.100000,0.000000,48.000000,54.500000
1779334558.300513,0,0.000000,0.000000,0.000000,0.000000,242.470000,0.280000,-0.100000,0.000000,48.000000,54.520000
1779334558.301013,0,0.000000,0.000000,0.000000,0.000000,-156.470000,0.370000,0.000000,0.000000,48.000000,54.520000
1779334558.306512,0,0.000000,0.000000,0.000000,0.000000,-156.470000,0.370000,0.000000,0.000000,48.000000,54.540000
1779334558.313512,0,0.000000,0.000000,0.000000,0.000000,-156.470000,0.370000,0.000000,0.000000,48.000000,54.540000
1779334558.328512,0,0.000000,0.000000,0.000000,0.000000,-156.470000,0.370000,0.000000,0.000000,48.000000,54.560000
1779334558.351013,0,0.000000,0.000000,0.000000,0.000000,-156.470000,0.370000,0.000000,0.000000,48.000000,54.560000
1779334558.360012,0,0.000000,0.000000,0.000000,0.000000,-305.980000,0.430000,0.100000,0.000000,48.000000,54.590000
1779334558.361012,0,0.000000,0.000000,0.000000,0.000000,-305.980000,0.430000,0.100000,0.000000,48.000000,54.590000
1779334558.373512,0,0.000000,0.000000,0.000000,0.000000,-305.980000,0.430000,0.100000,0.000000,48.000000,54.610000
1779334558.395012,0,0.000000,0.000000,0.000000,0.000000,-305.980000,0.430000,0.100000,0.000000,48.000000,54.610000
1779334558.395512,0,0.000000,0.000000,0.000000,0.000000,-298.100000,0.470000,0.170000,0.000000,48.000000,54.630000
1779334558.404512,0,0.000000,0.000000,0.000000,0.000000,-298.100000,0.470000,0.170000,0.000000,48.000000,54.630000
1779334558.411012,0,0.000000,0.000000,0.000000,0.000000,-298.100000,0.470000,0.170000,0.000000,48.000000,54.650000
1779334558.433012,0,0.000000,0.000000,0.000000,0.000000,-298.100000,0.470000,0.170000,0.000000,48.000000,54.650000
1779334558.451013,0,0.000000,0.000000,0.000000,0.000000,61.700000,0.510000,0.230000,0.000000,48.000000,54.680000
1779334558.463512,0,0.000000,0.000000,0.000000,0.000000,61.700000,0.510000,0.230000,0.000000,48.000000,54.700000
1779334558.464513,0,0.000000,0.000000,0.000000,0.000000,61.700000,0.510000,0.230000,0.000000,48.000000,54.700000
1779334558.479012,0,0.000000,0.000000,0.000000,0.000000,61.700000,0.510000,0.230000,0.000000,48.000000,54.700000
1779334558.510616,0,0.000000,0.000000,0.000000,0.000000,61.700000,0.510000,0.230000,0.000000,48.000000,54.720000
1779334558.511013,0,0.000000,0.000000,0.000000,0.000000,33.750000,0.540000,0.280000,0.000000,48.000000,54.740000
1779334558.520513,0,0.000000,0.000000,0.000000,0.000000,33.750000,0.540000,0.280000,0.000000,48.000000,54.750000
1779334558.523012,0,0.000000,0.000000,0.000000,0.000000,33.750000,0.540000,0.280000,0.000000,48.000000,54.750000
1779334558.531011,0,0.000000,0.000000,0.000000,0.000000,33.750000,0.540000,0.280000,0.000000,48.000000,54.770000
1779334558.562013,0,0.000000,0.000000,0.000000,0.000000,33.750000,0.540000,0.280000,0.000000,48.000000,54.770000
1779334558.562513,0,0.000000,0.000000,0.000000,0.000000,-274.020000,0.560000,0.310000,0.000000,48.000000,54.790000
1779334558.568512,0,0.000000,0.000000,0.000000,0.000000,-274.020000,0.560000,0.310000,0.000000,48.000000,54.810000
1779334558.576011,0,0.000000,0.000000,0.000000,0.000000,-274.020000,0.560000,0.310000,0.000000,48.000000,54.810000
1779334558.608511,0,0.000000,0.000000,0.000000,0.000000,93.130000,0.570000,0.310000,0.000000,48.000000,54.840000
1779334558.613512,0,0.000000,0.000000,0.000000,0.000000,93.130000,0.570000,0.310000,0.000000,48.000000,54.840000
1779334558.628512,0,0.000000,0.000000,0.000000,0.000000,93.130000,0.570000,0.310000,0.000000,48.000000,54.860000
1779334558.643013,0,0.000000,0.000000,0.000000,0.000000,93.130000,0.570000,0.310000,0.000000,48.000000,54.860000
1779334558.658012,0,0.000000,0.000000,0.000000,0.000000,93.130000,0.570000,0.310000,0.000000,48.000000,54.880000
1779334558.667511,0,0.000000,0.000000,0.000000,0.000000,-91.980000,0.580000,0.330000,0.000000,48.000000,54.880000
1779334558.668011,0,0.000000,0.000000,0.000000,0.000000,-91.980000,0.580000,0.330000,0.000000,48.000000,54.900000
1779334558.669011,0,0.000000,0.000000,0.000000,0.000000,-91.980000,0.580000,0.330000,0.000000,48.000000,54.900000
1779334558.688514,0,0.000000,0.000000,0.000000,0.000000,-91.980000,0.580000,0.330000,0.000000,48.000000,54.910000
1779334558.711012,0,0.000000,0.000000,0.000000,0.000000,-91.980000,0.580000,0.330000,0.000000,48.000000,54.930000
1779334558.711012,0,0.000000,0.000000,0.000000,0.000000,68.630000,0.600000,0.330000,0.000000,48.000000,54.930000
1779334558.720512,0,0.000000,0.000000,0.000000,0.000000,68.630000,0.600000,0.330000,0.000000,48.000000,54.950000
1779334558.721512,0,0.000000,0.000000,0.000000,0.000000,68.630000,0.600000,0.330000,0.000000,48.000000,54.950000
1779334558.733512,0,0.000000,0.000000,0.000000,0.000000,68.630000,0.600000,0.330000,0.000000,48.000000,54.970000
1779334558.748513,0,0.000000,0.000000,0.000000,0.000000,68.630000,0.600000,0.330000,0.000000,48.000000,54.970000
1779334558.777013,0,0.000000,0.000000,0.000000,0.000000,68.630000,0.600000,0.330000,0.000000,48.000000,54.990000
1779334558.786512,0,0.000000,0.000000,0.000000,0.000000,-190.740000,0.600000,0.330000,0.000000,48.000000,55.000000
1779334558.786512,0,0.000000,0.000000,0.000000,0.000000,-190.740000,0.600000,0.330000,0.000000,48.000000,55.020000
1779334558.787513,0,0.000000,0.000000,0.000000,0.000000,-190.740000,0.600000,0.330000,0.000000,48.000000,55.020000
1779334558.809513,0,0.000000,0.000000,0.000000,0.000000,-190.740000,0.600000,0.330000,0.000000,48.000000,55.040000
1779334558.818012,0,0.000000,0.000000,0.000000,0.000000,156.410000,0.600000,0.340000,0.000000,48.000000,55.040000
1779334558.819012,0,0.000000,0.000000,0.000000,0.000000,156.410000,0.600000,0.340000,0.000000,48.000000,55.060000
1779334558.823512,0,0.000000,0.000000,0.000000,0.000000,156.410000,0.600000,0.340000,0.000000,48.000000,55.060000
1779334558.831012,0,0.000000,0.000000,0.000000,0.000000,156.410000,0.600000,0.340000,0.000000,48.000000,55.080000
1779334558.853014,0,0.000000,0.000000,0.000000,0.000000,156.410000,0.600000,0.340000,0.000000,48.000000,55.090000
1779334558.862513,0,0.000000,0.000000,0.000000,0.000000,156.410000,0.600000,0.340000,0.000000,48.000000,55.090000
1779334558.898155,0,0.000000,0.000000,0.000000,0.000000,327.410000,0.570000,0.330000,0.000000,48.000000,55.110000
1779334558.898511,0,0.000000,0.000000,0.000000,0.000000,327.410000,0.570000,0.330000,0.000000,48.000000,55.110000
1779334558.899013,0,0.000000,0.000000,0.000000,0.000000,327.410000,0.570000,0.330000,0.000000,48.000000,55.130000
1779334558.913513,0,0.000000,0.000000,0.000000,0.000000,-282.350000,0.520000,0.300000,0.000000,48.000000,55.150000
1779334558.935512,0,0.000000,0.000000,0.000000,0.000000,-282.350000,0.520000,0.300000,0.000000,48.000000,55.150000
1779334558.936512,0,0.000000,0.000000,0.000000,0.000000,-282.350000,0.520000,0.300000,0.000000,48.000000,55.160000
1779334558.937512,0,0.000000,0.000000,0.000000,0.000000,-282.350000,0.520000,0.300000,0.000000,48.000000,55.180000
1779334558.966012,0,0.000000,0.000000,0.000000,0.000000,-282.350000,0.520000,0.300000,0.000000,48.000000,55.180000
1779334558.966512,0,0.000000,0.000000,0.000000,0.000000,-73.110000,0.430000,0.200000,0.000000,48.000000,55.200000
1779334558.975012,0,0.000000,0.000000,0.000000,0.000000,-73.110000,0.430000,0.200000,0.000000,48.000000,55.200000
1779334558.981511,0,0.000000,0.000000,0.000000,0.000000,-73.110000,0.430000,0.200000,0.000000,48.000000,55.220000
1779334559.003512,0,0.000000,0.000000,0.000000,0.000000,-73.110000,0.430000,0.200000,0.000000,48.000000,55.220000
1779334559.011511,0,0.000000,0.000000,0.000000,0.000000,-73.110000,0.430000,0.200000,0.000000,48.000000,55.240000
1779334559.020512,0,0.000000,0.000000,0.000000,0.000000,266.420000,0.340000,0.070000,0.000000,48.000000,55.250000
1779334559.048512,0,0.000000,0.000000,0.000000,0.000000,266.420000,0.340000,0.070000,0.000000,48.000000,55.270000
1779334559.055512,0,0.000000,0.000000,0.000000,0.000000,266.420000,0.340000,0.070000,0.000000,48.000000,55.270000
1779334559.063013,0,0.000000,0.000000,0.000000,0.000000,266.420000,0.340000,0.070000,0.000000,48.000000,55.290000
1779334559.071013,0,0.000000,0.000000,0.000000,0.000000,266.420000,0.340000,0.070000,0.000000,48.000000,55.290000
1779334559.080012,0,0.000000,0.000000,0.000000,0.000000,184.380000,0.270000,0.000000,0.000000,48.000000,55.310000
1779334559.081013,0,0.000000,0.000000,0.000000,0.000000,184.380000,0.270000,0.000000,0.000000,48.000000,55.310000
1779334559.093512,0,0.000000,0.000000,0.000000,0.000000,184.380000,0.270000,0.000000,0.000000,48.000000,55.330000
1779334559.101012,0,0.000000,0.000000,0.000000,0.000000,184.380000,0.270000,0.000000,0.000000,48.000000,55.340000
1779334559.124012,0,0.000000,0.000000,0.000000,0.000000,184.380000,0.270000,0.000000,0.000000,48.000000,55.340000
1779334559.152013,0,0.000000,0.000000,0.000000,0.000000,-71.560000,0.210000,-0.070000,0.000000,48.000000,55.380000
1779334559.160012,0,0.000000,0.000000,0.000000,0.000000,-71.560000,0.210000,-0.070000,0.000000,48.000000,55.380000
1779334559.161012,0,0.000000,0.000000,0.000000,0.000000,-55.560000,0.180000,-0.110000,0.000000,48.000000,55.400000
1779334559.198512,0,0.000000,0.000000,0.000000,0.000000,-55.560000,0.180000,-0.110000,0.000000,48.000000,55.430000
1779334559.206011,0,0.000000,0.000000,0.000000,0.000000,-55.560000,0.180000,-0.110000,0.000000,48.000000,55.430000
1779334559.244012,0,0.000000,0.000000,0.000000,0.000000,-55.560000,0.180000,-0.110000,0.000000,48.000000,55.450000
1779334559.244512,0,0.000000,0.000000,0.000000,0.000000,-140.130000,0.150000,-0.170000,0.000000,48.000000,55.470000
1779334559.245012,0,0.000000,0.000000,0.000000,0.000000,-140.130000,0.150000,-0.170000,0.000000,48.000000,55.470000
1779334559.273511,0,0.000000,0.000000,0.000000,0.000000,-140.130000,0.150000,-0.170000,0.000000,48.000000,55.490000
1779334559.280512,0,0.000000,0.000000,0.000000,0.000000,-140.130000,0.150000,-0.170000,0.000000,48.000000,55.500000
1779334559.289511,0,0.000000,0.000000,0.000000,0.000000,113.130000,0.110000,-0.200000,0.000000,48.000000,55.520000
1779334559.304013,0,0.000000,0.000000,0.000000,0.000000,113.130000,0.110000,-0.200000,0.000000,48.000000,55.540000
1779334559.311011,0,0.000000,0.000000,0.000000,0.000000,113.130000,0.110000,-0.200000,0.000000,48.000000,55.540000
1779334559.318011,0,0.000000,0.000000,0.000000,0.000000,113.130000,0.110000,-0.200000,0.000000,48.000000,55.560000
1779334559.331513,0,0.000000,0.000000,0.000000,0.000000,-34.340000,0.100000,-0.230000,0.000000,48.000000,55.560000
1779334559.345012,0,0.000000,0.000000,0.000000,0.000000,-34.340000,0.100000,-0.230000,0.000000,48.000000,55.580000
1779334559.356012,0,0.000000,0.000000,0.000000,0.000000,-34.340000,0.100000,-0.230000,0.000000,48.000000,55.590000
1779334559.378512,0,0.000000,0.000000,0.000000,0.000000,-34.340000,0.100000,-0.230000,0.000000,48.000000,55.590000
1779334559.387012,0,0.000000,0.000000,0.000000,0.000000,-34.340000,0.100000,-0.230000,0.000000,48.000000,55.610000
1779334559.387512,0,0.000000,0.000000,0.000000,0.000000,57.880000,0.090000,-0.250000,0.000000,48.000000,55.630000
1779334559.396511,0,0.000000,0.000000,0.000000,0.000000,57.880000,0.090000,-0.250000,0.000000,48.000000,55.630000
1779334559.401012,0,0.000000,0.000000,0.000000,0.000000,57.880000,0.090000,-0.250000,0.000000,48.000000,55.630000
1779334559.416012,0,0.000000,0.000000,0.000000,0.000000,57.880000,0.090000,-0.250000,0.000000,48.000000,55.650000
1779334559.439012,0,0.000000,0.000000,0.000000,0.000000,57.880000,0.090000,-0.250000,0.000000,48.000000,55.650000
1779334559.439512,0,0.000000,0.000000,0.000000,0.000000,295.730000,0.070000,-0.280000,0.000000,48.000000,55.680000
1779334559.460512,0,0.000000,0.000000,0.000000,0.000000,295.730000,0.070000,-0.280000,0.000000,48.000000,55.680000
1779334559.461512,0,0.000000,0.000000,0.000000,0.000000,295.730000,0.070000,-0.280000,0.000000,48.000000,55.700000
1779334559.462512,0,0.000000,0.000000,0.000000,0.000000,295.730000,0.070000,-0.280000,0.000000,48.000000,55.700000
1779334559.491012,0,0.000000,0.000000,0.000000,0.000000,2.310000,0.070000,-0.280000,0.000000,48.000000,55.720000
1779334559.521011,0,0.000000,0.000000,0.000000,0.000000,2.310000,0.070000,-0.280000,0.000000,48.000000,55.720000
1779334559.522011,0,0.000000,0.000000,0.000000,0.000000,2.310000,0.070000,-0.280000,0.000000,48.000000,55.740000
1779334559.523011,0,0.000000,0.000000,0.000000,0.000000,2.310000,0.070000,-0.280000,0.000000,48.000000,55.750000
1779334559.548512,0,0.000000,0.000000,0.000000,0.000000,2.310000,0.070000,-0.280000,0.000000,48.000000,55.770000
1779334559.549055,0,0.000000,0.000000,0.000000,0.000000,-183.500000,0.070000,-0.300000,0.000000,48.000000,55.770000
1779334559.558512,0,0.000000,0.000000,0.000000,0.000000,-183.500000,0.070000,-0.300000,0.000000,48.000000,55.790000
1779334559.559012,0,0.000000,0.000000,0.000000,0.000000,-183.500000,0.070000,-0.300000,0.000000,48.000000,55.790000
1779334559.573512,0,0.000000,0.000000,0.000000,0.000000,-183.500000,0.070000,-0.300000,0.000000,48.000000,55.810000
1779334559.588511,0,0.000000,0.000000,0.000000,0.000000,-197.880000,0.050000,-0.300000,0.000000,48.000000,55.830000
1779334559.604013,0,0.000000,0.000000,0.000000,0.000000,-197.880000,0.050000,-0.300000,0.000000,48.000000,55.840000
1779334559.611177,0,0.000000,0.000000,0.000000,0.000000,-197.880000,0.050000,-0.300000,0.000000,48.000000,55.840000
1779334559.618512,0,0.000000,0.000000,0.000000,0.000000,-197.880000,0.050000,-0.300000,0.000000,48.000000,55.860000
1779334559.633013,0,0.000000,0.000000,0.000000,0.000000,-197.880000,0.050000,-0.300000,0.000000,48.000000,55.860000
1779334559.640514,0,0.000000,0.000000,0.000000,0.000000,-43.090000,0.050000,-0.300000,0.000000,48.000000,55.880000
