epoch,mark,Measured Torque,Desired Torque,DPJMC Alpha,DPJMC Tau Des PF,Pressure Total,COP AP,COP ML,DPJMC State,DPJMC Fault Flags,Exoskeleton time (seconds)
1779334232.420681,0,0.000000,0.000000,0.000000,0.000000,-143.500000,0.050000,-0.300000,0.000000,0.000000,19.010000
1779334232.477682,0,0.000000,0.000000,0.000000,0.000000,-143.500000,0.050000,-0.300000,0.000000,0.000000,19.020000
1779334232.478682,0,0.000000,0.000000,0.000000,0.000000,-143.500000,0.050000,-0.300000,0.000000,0.000000,19.030000
1779334232.479681,0,0.000000,0.000000,0.000000,0.000000,-143.500000,0.050000,-0.300000,0.000000,0.000000,19.040000
1779334232.480182,0,0.000000,0.000000,0.000000,0.000000,-143.500000,0.050000,-0.300000,0.000000,0.000000,19.040000
1779334232.529681,0,0.000000,0.000000,0.000000,0.000000,-145.470000,0.050000,-0.300000,0.000000,51.000000,19.060000
1779334232.530182,0,0.000000,0.000000,0.000000,0.000000,-145.470000,0.050000,-0.300000,0.000000,51.000000,19.070000
1779334232.531182,0,0.000000,0.000000,0.000000,0.000000,-145.470000,0.050000,-0.300000,0.000000,51.000000,19.090000
1779334232.531182,0,0.000000,0.000000,0.000000,0.000000,-145.470000,0.050000,-0.300000,0.000000,51.000000,19.100000
1779334232.560181,0,0.000000,0.000000,0.000000,0.000000,-145.470000,0.050000,-0.300000,0.000000,51.000000,19.110000
1779334232.587181,0,0.000000,0.000000,0.000000,0.000000,-145.470000,0.050000,-0.300000,0.000000,51.000000,19.120000
1779334232.587682,0,0.000000,0.000000,0.000000,0.000000,-145.470000,0.050000,-0.300000,0.000000,51.000000,19.120000
1779334232.588182,0,0.000000,0.000000,0.000000,0.000000,-145.470000,0.050000,-0.300000,0.000000,51.000000,19.130000
1779334232.617180,0,0.000000,0.000000,0.000000,0.000000,-145.470000,0.050000,-0.300000,0.000000,51.000000,19.140000
1779334232.617681,0,0.000000,0.000000,0.000000,0.000000,-150.610000,0.050000,-0.300000,0.000000,51.000000,19.150000
1779334232.648682,0,0.000000,0.000000,0.000000,0.000000,-150.610000,0.050000,-0.300000,0.000000,51.000000,19.170000
1779334232.648682,0,0.000000,0.000000,0.000000,0.000000,-150.610000,0.050000,-0.300000,0.000000,51.000000,19.180000
1779334232.676682,0,0.000000,0.000000,0.000000,0.000000,-150.610000,0.050000,-0.300000,0.000000,51.000000,19.190000
1779334232.677182,0,0.000000,0.000000,0.000000,0.000000,-150.610000,0.050000,-0.300000,0.000000,51.000000,19.200000
1779334232.677682,0,0.000000,0.000000,0.000000,0.000000,-150.610000,0.050000,-0.300000,0.000000,51.000000,19.200000
1779334232.678181,0,0.000000,0.000000,0.000000,0.000000,-150.610000,0.050000,-0.300000,0.000000,51.000000,19.210000
1779334232.704180,0,0.000000,0.000000,0.000000,0.000000,-150.610000,0.050000,-0.300000,0.000000,51.000000,19.220000
1779334232.704180,0,0.000000,0.000000,0.000000,0.000000,-150.610000,0.050000,-0.300000,0.000000,51.000000,19.230000
1779334232.704680,0,0.000000,0.000000,0.000000,0.000000,-150.610000,0.050000,-0.300000,0.000000,51.000000,19.250000
1779334232.729680,0,0.000000,0.000000,0.000000,0.000000,-150.610000,0.050000,-0.300000,0.000000,51.000000,19.270000
1779334232.730180,0,0.000000,0.000000,0.000000,0.000000,-150.610000,0.050000,-0.300000,0.000000,51.000000,19.280000
1779334232.730180,0,0.000000,0.000000,0.000000,0.000000,-150.610000,0.050000,-0.300000,0.000000,51.000000,19.290000
1779334232.756181,0,0.000000,0.000000,0.000000,0.000000,-150.610000,0.050000,-0.300000,0.000000,51.000000,19.290000
1779334232.756682,0,0.000000,0.000000,0.000000,0.000000,-150.610000,0.050000,-0.300000,0.000000,51.000000,19.300000
1779334232.782182,0,0.000000,0.000000,0.000000,0.000000,-159.550000,0.050000,-0.300000,0.000000,51.000000,19.310000
1779334232.782682,0,0.000000,0.000000,0.000000,0.000000,-159.550000,0.050000,-0.300000,0.000000,51.000000,19.320000
1779334232.783181,0,0.000000,0.000000,0.000000,0.000000,-159.550000,0.050000,-0.300000,0.000000,51.000000,19.340000
1779334232.809681,0,0.000000,0.000000,0.000000,0.000000,-159.550000,0.050000,-0.300000,0.000000,51.000000,19.350000
1779334232.810181,0,0.000000,0.000000,0.000000,0.000000,-159.550000,0.050000,-0.300000,0.000000,51.000000,19.360000
1779334232.837182,0,0.000000,0.000000,0.000000,0.000000,-169.910000,0.050000,-0.300000,0.000000,48.000000,19.370000
1779334232.837682,0,0.000000,0.000000,0.000000,0.000000,-169.910000,0.050000,-0.300000,0.000000,48.000000,19.370000
1779334232.837682,0,0.000000,0.000000,0.000000,0.000000,-169.910000,0.050000,-0.300000,0.000000,48.000000,19.380000
1779334232.872181,0,0.000000,0.000000,0.000000,0.000000,-169.910000,0.050000,-0.300000,0.000000,48.000000,19.390000
1779334232.872681,0,0.000000,0.000000,0.000000,0.000000,-169.910000,0.050000,-0.300000,0.000000,48.000000,19.400000
1779334232.905182,0,0.000000,0.000000,0.000000,0.000000,-176.660000,0.050000,-0.300000,0.000000,48.000000,19.430000
1779334232.905682,0,0.000000,0.000000,0.000000,0.000000,-176.660000,0.050000,-0.300000,0.000000,48.000000,19.440000
1779334232.906218,0,0.000000,0.000000,0.000000,0.000000,-176.660000,0.050000,-0.300000,0.000000,48.000000,19.450000
1779334232.936180,0,0.000000,0.000000,0.000000,0.000000,-176.660000,0.050000,-0.300000,0.000000,48.000000,19.450000
1779334232.936681,0,0.000000,0.000000,0.000000,0.000000,-176.660000,0.050000,-0.300000,0.000000,48.000000,19.460000
1779334232.937181,0,0.000000,0.000000,0.000000,0.000000,-188.020000,0.050000,-0.300000,0.000000,48.000000,19.470000
1779334232.963182,0,0.000000,0.000000,0.000000,0.000000,-188.020000,0.050000,-0.300000,0.000000,48.000000,19.480000
1779334232.963681,0,0.000000,0.000000,0.000000,0.000000,-188.020000,0.050000,-0.300000,0.000000,48.000000,19.500000
1779334232.964681,0,0.000000,0.000000,0.000000,0.000000,-188.020000,0.050000,-0.300000,0.000000,48.000000,19.520000
1779334232.991181,0,0.000000,0.000000,0.000000,0.000000,-188.020000,0.050000,-0.300000,0.000000,48.000000,19.530000
1779334232.991682,0,0.000000,0.000000,0.000000,0.000000,-188.020000,0.050000,-0.300000,0.000000,48.000000,19.540000
1779334233.017681,0,0.000000,0.000000,0.000000,0.000000,-188.020000,0.050000,-0.300000,0.000000,48.000000,19.540000
1779334233.018182,0,0.000000,0.000000,0.000000,0.000000,-188.020000,0.050000,-0.300000,0.000000,48.000000,19.550000
1779334233.018682,0,0.000000,0.000000,0.000000,0.000000,-188.020000,0.050000,-0.300000,0.000000,48.000000,19.560000
1779334233.045680,0,0.000000,0.000000,0.000000,0.000000,-199.970000,0.050000,-0.300000,0.000000,51.000000,19.570000
1779334233.046180,0,0.000000,0.000000,0.000000,0.000000,-199.970000,0.050000,-0.300000,0.000000,51.000000,19.590000
1779334233.073182,0,0.000000,0.000000,0.000000,0.000000,-199.970000,0.050000,-0.300000,0.000000,51.000000,19.600000
1779334233.073682,0,0.000000,0.000000,0.000000,0.000000,-199.970000,0.050000,-0.300000,0.000000,51.000000,19.610000
1779334233.074181,0,0.000000,0.000000,0.000000,0.000000,-199.970000,0.050000,-0.300000,0.000000,51.000000,19.620000
1779334233.100181,0,0.000000,0.000000,0.000000,0.000000,-233.990000,0.050000,-0.300000,0.000000,48.000000,19.630000
1779334233.100682,0,0.000000,0.000000,0.000000,0.000000,-233.990000,0.050000,-0.300000,0.000000,48.000000,19.640000
1779334233.101182,0,0.000000,0.000000,0.000000,0.000000,-233.990000,0.050000,-0.300000,0.000000,48.000000,19.640000
1779334233.128681,0,0.000000,0.000000,0.000000,0.000000,-233.990000,0.050000,-0.300000,0.000000,48.000000,19.670000
1779334233.129182,0,0.000000,0.000000,0.000000,0.000000,-233.990000,0.050000,-0.300000,0.000000,48.000000,19.680000
1779334233.129682,0,0.000000,0.000000,0.000000,0.000000,-259.600000,0.050000,-0.300000,0.000000,48.000000,19.690000
1779334233.157181,0,0.000000,0.000000,0.000000,0.000000,-259.600000,0.050000,-0.300000,0.000000,48.000000,19.700000
1779334233.157680,0,0.000000,0.000000,0.000000,0.000000,-259.600000,0.050000,-0.300000,0.000000,48.000000,19.700000
1779334233.184181,0,0.000000,0.000000,0.000000,0.000000,-259.600000,0.050000,-0.300000,0.000000,48.000000,19.710000
1779334233.184682,0,0.000000,0.000000,0.000000,0.000000,-259.600000,0.050000,-0.300000,0.000000,48.000000,19.720000
1779334233.184682,0,0.000000,0.000000,0.000000,0.000000,-276.250000,0.050000,-0.310000,0.000000,48.000000,19.730000
1779334233.213681,0,0.000000,0.000000,0.000000,0.000000,-276.250000,0.050000,-0.310000,0.000000,48.000000,19.750000
1779334233.213681,0,0.000000,0.000000,0.000000,0.000000,-276.250000,0.050000,-0.310000,0.000000,48.000000,19.760000
1779334233.242182,0,0.000000,0.000000,0.000000,0.000000,-276.250000,0.050000,-0.310000,0.000000,48.000000,19.770000
1779334233.242682,0,0.000000,0.000000,0.000000,0.000000,-276.250000,0.050000,-0.310000,0.000000,48.000000,19.780000
1779334233.271681,0,0.000000,0.000000,0.000000,0.000000,-272.010000,0.050000,-0.310000,0.000000,48.000000,19.790000
1779334233.271681,0,0.000000,0.000000,0.000000,0.000000,-272.010000,0.050000,-0.310000,0.000000,48.000000,19.790000
1779334233.272180,0,0.000000,0.000000,0.000000,0.000000,-272.010000,0.050000,-0.310000,0.000000,48.000000,19.800000
1779334233.272681,0,0.000000,0.000000,0.000000,0.000000,-272.010000,0.050000,-0.310000,0.000000,48.000000,19.810000
1779334233.302682,0,0.000000,0.000000,0.000000,0.000000,-272.010000,0.050000,-0.310000,0.000000,48.000000,19.820000
1779334233.303182,0,0.000000,0.000000,0.000000,0.000000,-254.910000,0.050000,-0.310000,0.000000,48.000000,19.840000
1779334233.303758,0,0.000000,0.000000,0.000000,0.000000,-254.910000,0.050000,-0.310000,0.000000,48.000000,19.850000
1779334233.337681,0,0.000000,0.000000,0.000000,0.000000,-254.910000,0.050000,-0.310000,0.000000,48.000000,19.860000
1779334233.360180,0,0.000000,0.000000,0.000000,0.000000,-254.910000,0.050000,-0.310000,0.000000,48.000000,19.870000
1779334233.360680,0,0.000000,0.000000,0.000000,0.000000,-254.910000,0.050000,-0.310000,0.000000,48.000000,19.870000
1779334233.361180,0,0.000000,0.000000,0.000000,0.000000,-233.660000,0.050000,-0.310000,0.000000,48.000000,19.880000
1779334233.361180,0,0.000000,0.000000,0.000000,0.000000,-233.660000,0.050000,-0.310000,0.000000,48.000000,19.890000
1779334233.361681,0,0.000000,0.000000,0.000000,0.000000,-233.660000,0.050000,-0.310000,0.000000,48.000000,19.900000
1779334233.382681,0,0.000000,0.000000,0.000000,0.000000,-233.660000,0.050000,-0.310000,0.000000,48.000000,19.920000
1779334233.382681,0,0.000000,0.000000,0.000000,0.000000,-233.660000,0.050000,-0.310000,0.000000,48.000000,19.930000
1779334233.406680,0,0.000000,0.000000,0.000000,0.000000,-206.880000,0.050000,-0.300000,0.000000,48.000000,19.940000
1779334233.407180,0,0.000000,0.000000,0.000000,0.000000,-206.880000,0.050000,-0.300000,0.000000,48.000000,19.950000
1779334233.429182,0,0.000000,0.000000,0.000000,0.000000,-206.880000,0.050000,-0.300000,0.000000,48.000000,19.950000
1779334233.429682,0,0.000000,0.000000,0.000000,0.000000,-206.880000,0.050000,-0.300000,0.000000,48.000000,19.970000
1779334233.450681,0,0.000000,0.000000,0.000000,0.000000,-206.880000,0.050000,-0.300000,0.000000,48.000000,19.980000
1779334233.471680,0,0.000000,0.000000,0.000000,0.000000,-189.130000,0.050000,-0.300000,0.000000,48.000000,20.000000
1779334233.472180,0,0.000000,0.000000,0.000000,0.000000,-189.130000,0.050000,-0.300000,0.000000,48.000000,20.010000
1779334233.472680,0,0.000000,0.000000,0.000000,0.000000,-189.130000,0.050000,-0.300000,0.000000,48.000000,20.020000
1779334233.493681,0,0.000000,0.000000,0.000000,0.000000,-189.130000,0.050000,-0.300000,0.000000,48.000000,20.030000
1779334233.494182,0,0.000000,0.000000,0.000000,0.000000,-189.130000,0.050000,-0.300000,0.000000,48.000000,20.040000
1779334233.515682,0,0.000000,0.000000,0.000000,0.000000,-171.990000,0.050000,-0.310000,0.000000,48.000000,20.050000
1779334233.516182,0,0.000000,0.000000,0.000000,0.000000,-171.990000,0.050000,-0.310000,0.000000,48.000000,20.060000
1779334233.537681,0,0.000000,0.000000,0.000000,0.000000,-171.990000,0.050000,-0.310000,0.000000,48.000000,20.070000
1779334233.538181,0,0.000000,0.000000,0.000000,0.000000,-171.990000,0.050000,-0.310000,0.000000,48.000000,20.090000
1779334233.538681,0,0.000000,0.000000,0.000000,0.000000,-161.190000,0.050000,-0.310000,0.000000,48.000000,20.100000
1779334233.558680,0,0.000000,0.000000,0.000000,0.000000,-161.190000,0.050000,-0.310000,0.000000,48.000000,20.110000
1779334233.559180,0,0.000000,0.000000,0.000000,0.000000,-161.190000,0.050000,-0.310000,0.000000,48.000000,20.120000
1779334233.581182,0,0.000000,0.000000,0.000000,0.000000,-161.190000,0.050000,-0.310000,0.000000,48.000000,20.120000
1779334233.581682,0,0.000000,0.000000,0.000000,0.000000,-161.190000,0.050000,-0.310000,0.000000,48.000000,20.130000
1779334233.620682,0,0.000000,0.000000,0.000000,0.000000,-154.530000,0.050000,-0.310000,0.000000,48.000000,20.140000
1779334233.621182,0,0.000000,0.000000,0.000000,0.000000,-154.530000,0.050000,-0.310000,0.000000,48.000000,20.150000
1779334233.621182,0,0.000000,0.000000,0.000000,0.000000,-154.530000,0.050000,-0.310000,0.000000,48.000000,20.180000
1779334233.621682,0,0.000000,0.000000,0.000000,0.000000,-154.530000,0.050000,-0.310000,0.000000,48.000000,20.190000
1779334233.622182,0,0.000000,0.000000,0.000000,0.000000,-154.530000,0.050000,-0.310000,0.000000,48.000000,20.200000
1779334233.662682,0,0.000000,0.000000,0.000000,0.000000,-150.550000,0.050000,-0.310000,0.000000,48.000000,20.200000
1779334233.663181,0,0.000000,0.000000,0.000000,0.000000,-150.550000,0.050000,-0.310000,0.000000,48.000000,20.210000
1779334233.663682,0,0.000000,0.000000,0.000000,0.000000,-150.550000,0.050000,-0.310000,0.000000,48.000000,20.220000
1779334233.664182,0,0.000000,0.000000,0.000000,0.000000,-150.550000,0.050000,-0.310000,0.000000,48.000000,20.230000
1779334233.702181,0,0.000000,0.000000,0.000000,0.000000,-150.550000,0.050000,-0.310000,0.000000,48.000000,20.250000
1779334233.702682,0,0.000000,0.000000,0.000000,0.000000,-150.550000,0.050000,-0.310000,0.000000,48.000000,20.260000
1779334233.742181,0,0.000000,0.000000,0.000000,0.000000,-150.550000,0.050000,-0.310000,0.000000,48.000000,20.280000
1779334233.742682,0,0.000000,0.000000,0.000000,0.000000,-150.550000,0.050000,-0.310000,0.000000,48.000000,20.290000
1779334233.743182,0,0.000000,0.000000,0.000000,0.000000,-150.550000,0.050000,-0.310000,0.000000,48.000000,20.290000
1779334233.743681,0,0.000000,0.000000,0.000000,0.000000,-144.470000,0.050000,-0.310000,0.000000,51.000000,20.300000
1779334233.743681,0,0.000000,0.000000,0.000000,0.000000,-144.470000,0.050000,-0.310000,0.000000,51.000000,20.310000
1779334233.786681,0,0.000000,0.000000,0.000000,0.000000,-144.470000,0.050000,-0.310000,0.000000,51.000000,20.320000
1779334233.787180,0,0.000000,0.000000,0.000000,0.000000,-144.470000,0.050000,-0.310000,0.000000,51.000000,20.340000
1779334233.787681,0,0.000000,0.000000,0.000000,0.000000,-144.470000,0.050000,-0.310000,0.000000,51.000000,20.350000
1779334233.788180,0,0.000000,0.000000,0.000000,0.000000,-143.660000,0.050000,-0.310000,0.000000,48.000000,20.360000
1779334233.829680,0,0.000000,0.000000,0.000000,0.000000,-143.660000,0.050000,-0.310000,0.000000,48.000000,20.370000
1779334233.835181,0,0.000000,0.000000,0.000000,0.000000,-143.660000,0.050000,-0.310000,0.000000,48.000000,20.380000
1779334233.835181,0,0.000000,0.000000,0.000000,0.000000,-143.660000,0.050000,-0.310000,0.000000,48.000000,20.390000
1779334233.879680,0,0.000000,0.000000,0.000000,0.000000,-143.660000,0.050000,-0.310000,0.000000,48.000000,20.400000
1779334233.880182,0,0.000000,0.000000,0.000000,0.000000,-143.130000,0.050000,-0.310000,0.000000,48.000000,20.420000
1779334233.880682,0,0.000000,0.000000,0.000000,0.000000,-143.130000,0.050000,-0.310000,0.000000,48.000000,20.430000
1779334233.881181,0,0.000000,0.000000,0.000000,0.000000,-143.130000,0.050000,-0.310000,0.000000,48.000000,20.440000
1779334233.881181,0,0.000000,0.000000,0.000000,0.000000,-143.130000,0.050000,-0.310000,0.000000,48.000000,20.450000
1779334233.881681,0,0.000000,0.000000,0.000000,0.000000,-143.130000,0.050000,-0.310000,0.000000,48.000000,20.450000
1779334233.904681,0,0.000000,0.000000,0.000000,0.000000,-142.800000,0.050000,-0.310000,0.000000,48.000000,20.460000
1779334233.927680,0,0.000000,0.000000,0.000000,0.000000,-142.800000,0.050000,-0.310000,0.000000,48.000000,20.470000
1779334233.951680,0,0.000000,0.000000,0.000000,0.000000,-142.800000,0.050000,-0.310000,0.000000,48.000000,20.480000
1779334233.952180,0,0.000000,0.000000,0.000000,0.000000,-142.800000,0.050000,-0.310000,0.000000,48.000000,20.500000
1779334233.952680,0,0.000000,0.000000,0.000000,0.000000,-142.800000,0.050000,-0.310000,0.000000,48.000000,20.510000
1779334233.975681,0,0.000000,0.000000,0.000000,0.000000,-142.580000,0.050000,-0.310000,0.000000,48.000000,20.520000
1779334233.976182,0,0.000000,0.000000,0.000000,0.000000,-142.580000,0.050000,-0.310000,0.000000,48.000000,20.530000
1779334233.998682,0,0.000000,0.000000,0.000000,0.000000,-142.580000,0.050000,-0.310000,0.000000,48.000000,20.540000
1779334233.999182,0,0.000000,0.000000,0.000000,0.000000,-142.580000,0.050000,-0.310000,0.000000,48.000000,20.540000
1779334234.022681,0,0.000000,0.000000,0.000000,0.000000,-142.580000,0.050000,-0.310000,0.000000,48.000000,20.550000
1779334234.046181,0,0.000000,0.000000,0.000000,0.000000,-138.220000,0.050000,-0.310000,0.000000,48.000000,20.560000
1779334234.046681,0,0.000000,0.000000,0.000000,0.000000,-138.220000,0.050000,-0.310000,0.000000,48.000000,20.590000
1779334234.047181,0,0.000000,0.000000,0.000000,0.000000,-138.220000,0.050000,-0.310000,0.000000,48.000000,20.600000
1779334234.070180,0,0.000000,0.000000,0.000000,0.000000,-138.220000,0.050000,-0.310000,0.000000,48.000000,20.610000
1779334234.071182,0,0.000000,0.000000,0.000000,0.000000,-135.050000,0.050000,-0.300000,0.000000,48.000000,20.620000
1779334234.071182,0,0.000000,0.000000,0.000000,0.000000,-135.050000,0.050000,-0.300000,0.000000,48.000000,20.620000
1779334234.093681,0,0.000000,0.000000,0.000000,0.000000,-135.050000,0.050000,-0.300000,0.000000,48.000000,20.630000
1779334234.116680,0,0.000000,0.000000,0.000000,0.000000,-135.050000,0.050000,-0.300000,0.000000,48.000000,20.640000
1779334234.117180,0,0.000000,0.000000,0.000000,0.000000,-135.050000,0.050000,-0.300000,0.000000,48.000000,20.650000
1779334234.140180,0,0.000000,0.000000,0.000000,0.000000,-129.500000,0.050000,-0.300000,0.000000,48.000000,20.670000
1779334234.140680,0,0.000000,0.000000,0.000000,0.000000,-129.500000,0.050000,-0.300000,0.000000,48.000000,20.690000
1779334234.141181,0,0.000000,0.000000,0.000000,0.000000,-129.500000,0.050000,-0.300000,0.000000,48.000000,20.700000
1779334234.164680,0,0.000000,0.000000,0.000000,0.000000,-129.500000,0.050000,-0.300000,0.000000,48.000000,20.700000
1779334234.187180,0,0.000000,0.000000,0.000000,0.000000,-129.500000,0.050000,-0.300000,0.000000,48.000000,20.710000
1779334234.187680,0,0.000000,0.000000,0.000000,0.000000,-125.520000,0.050000,-0.300000,0.000000,48.000000,20.720000
1779334234.188180,0,0.000000,0.000000,0.000000,0.000000,-125.520000,0.050000,-0.300000,0.000000,48.000000,20.730000
1779334234.211182,0,0.000000,0.000000,0.000000,0.000000,-125.520000,0.050000,-0.300000,0.000000,48.000000,20.750000
1779334234.234180,0,0.000000,0.000000,0.000000,0.000000,-125.520000,0.050000,-0.300000,0.000000,48.000000,20.760000
1779334234.234680,0,0.000000,0.000000,0.000000,0.000000,-125.520000,0.050000,-0.300000,0.000000,48.000000,20.780000
1779334234.234680,0,0.000000,0.000000,0.000000,0.000000,-125.520000,0.050000,-0.300000,0.000000,48.000000,20.790000
1779334234.257681,0,0.000000,0.000000,0.000000,0.000000,-125.520000,0.050000,-0.300000,0.000000,48.000000,20.790000
1779334234.258181,0,0.000000,0.000000,0.000000,0.000000,-125.520000,0.050000,-0.300000,0.000000,48.000000,20.800000
1779334234.258682,0,0.000000,0.000000,0.000000,0.000000,-125.520000,0.050000,-0.300000,0.000000,48.000000,20.810000
1779334234.281681,0,0.000000,0.000000,0.000000,0.000000,-126.090000,0.050000,-0.300000,0.000000,51.000000,20.820000
1779334234.282681,0,0.000000,0.000000,0.000000,0.000000,-126.090000,0.050000,-0.300000,0.000000,51.000000,20.840000
1779334234.305182,0,0.000000,0.000000,0.000000,0.000000,-126.090000,0.050000,-0.300000,0.000000,51.000000,20.850000
1779334234.305682,0,0.000000,0.000000,0.000000,0.000000,-126.090000,0.050000,-0.300000,0.000000,51.000000,20.860000
1779334234.306181,0,0.000000,0.000000,0.000000,0.000000,-126.090000,0.050000,-0.300000,0.000000,51.000000,20.870000
1779334234.329181,0,0.000000,0.000000,0.000000,0.000000,-126.470000,0.050000,-0.300000,0.000000,48.000000,20.870000
1779334234.329682,0,0.000000,0.000000,0.000000,0.000000,-126.470000,0.050000,-0.300000,0.000000,48.000000,20.880000
1779334234.356180,0,0.000000,0.000000,0.000000,0.000000,-126.470000,0.050000,-0.300000,0.000000,48.000000,20.890000
1779334234.432180,0,0.000000,0.000000,0.000000,0.000000,-126.470000,0.050000,-0.300000,0.000000,48.000000,20.900000
1779334234.432680,0,0.000000,0.000000,0.000000,0.000000,-126.470000,0.050000,-0.300000,0.000000,48.000000,20.920000
1779334234.433181,0,0.000000,0.000000,0.000000,0.000000,-126.370000,0.050000,-0.300000,0.000000,48.000000,20.930000
1779334234.433680,0,0.000000,0.000000,0.000000,0.000000,-126.370000,0.050000,-0.300000,0.000000,48.000000,20.940000
1779334234.433680,0,0.000000,0.000000,0.000000,0.000000,-126.370000,0.050000,-0.300000,0.000000,48.000000,20.950000
1779334234.434189,0,0.000000,0.000000,0.000000,0.000000,-126.370000,0.050000,-0.300000,0.000000,48.000000,20.960000
1779334234.435180,0,0.000000,0.000000,0.000000,0.000000,-126.370000,0.050000,-0.300000,0.000000,48.000000,20.970000
1779334234.435681,0,0.000000,0.000000,0.000000,0.000000,-122.440000,0.050000,-0.300000,0.000000,48.000000,20.980000
1779334234.436181,0,0.000000,0.000000,0.000000,0.000000,-122.440000,0.050000,-0.300000,0.000000,48.000000,21.000000
1779334234.436681,0,0.000000,0.000000,0.000000,0.000000,-122.440000,0.050000,-0.300000,0.000000,48.000000,21.010000
1779334234.469180,0,0.000000,0.000000,0.000000,0.000000,-122.440000,0.050000,-0.300000,0.000000,48.000000,21.020000
1779334234.505680,0,0.000000,0.000000,0.000000,0.000000,-122.440000,0.050000,-0.300000,0.000000,48.000000,21.030000
1779334234.506180,0,0.000000,0.000000,0.000000,0.000000,-119.900000,0.050000,-0.300000,0.000000,48.000000,21.040000
1779334234.539680,0,0.000000,0.000000,0.000000,0.000000,-119.900000,0.050000,-0.300000,0.000000,48.000000,21.040000
1779334234.540180,0,0.000000,0.000000,0.000000,0.000000,-119.900000,0.050000,-0.300000,0.000000,48.000000,21.050000
1779334234.540680,0,0.000000,0.000000,0.000000,0.000000,-119.900000,0.050000,-0.300000,0.000000,48.000000,21.060000
1779334234.540680,0,0.000000,0.000000,0.000000,0.000000,-119.900000,0.050000,-0.300000,0.000000,48.000000,21.070000
1779334234.563182,0,0.000000,0.000000,0.000000,0.000000,-122.080000,0.050000,-0.300000,0.000000,48.000000,21.090000
1779334234.563681,0,0.000000,0.000000,0.000000,0.000000,-122.080000,0.050000,-0.300000,0.000000,48.000000,21.100000
1779334234.563681,0,0.000000,0.000000,0.000000,0.000000,-122.080000,0.050000,-0.300000,0.000000,48.000000,21.110000
1779334234.564180,0,0.000000,0.000000,0.000000,0.000000,-122.080000,0.050000,-0.300000,0.000000,48.000000,21.120000
1779334234.587180,0,0.000000,0.000000,0.000000,0.000000,-122.080000,0.050000,-0.300000,0.000000,48.000000,21.120000
1779334234.587680,0,0.000000,0.000000,0.000000,0.000000,-123.510000,0.050000,-0.300000,0.000000,48.000000,21.130000
1779334234.611180,0,0.000000,0.000000,0.000000,0.000000,-123.510000,0.050000,-0.300000,0.000000,48.000000,21.140000
1779334234.611680,0,0.000000,0.000000,0.000000,0.000000,-123.510000,0.050000,-0.300000,0.000000,48.000000,21.150000
1779334234.634180,0,0.000000,0.000000,0.000000,0.000000,-123.510000,0.050000,-0.300000,0.000000,48.000000,21.170000
1779334234.634680,0,0.000000,0.000000,0.000000,0.000000,-123.510000,0.050000,-0.300000,0.000000,48.000000,21.180000
1779334234.635180,0,0.000000,0.000000,0.000000,0.000000,-120.580000,0.050000,-0.300000,0.000000,48.000000,21.200000
1779334234.661180,0,0.000000,0.000000,0.000000,0.000000,-120.580000,0.050000,-0.300000,0.000000,48.000000,21.200000
1779334234.686180,0,0.000000,0.000000,0.000000,0.000000,-120.580000,0.050000,-0.300000,0.000000,48.000000,21.210000
1779334234.686680,0,0.000000,0.000000,0.000000,0.000000,-120.580000,0.050000,-0.300000,0.000000,48.000000,21.220000
1779334234.687180,0,0.000000,0.000000,0.000000,0.000000,-120.580000,0.050000,-0.300000,0.000000,48.000000,21.230000
1779334234.708180,0,0.000000,0.000000,0.000000,0.000000,-118.330000,0.050000,-0.300000,0.000000,48.000000,21.250000
1779334234.708680,0,0.000000,0.000000,0.000000,0.000000,-118.330000,0.050000,-0.300000,0.000000,48.000000,21.260000
1779334234.709180,0,0.000000,0.000000,0.000000,0.000000,-118.330000,0.050000,-0.300000,0.000000,48.000000,21.270000
1779334234.729681,0,0.000000,0.000000,0.000000,0.000000,-118.330000,0.050000,-0.300000,0.000000,48.000000,21.270000
1779334234.730181,0,0.000000,0.000000,0.000000,0.000000,-118.330000,0.050000,-0.300000,0.000000,48.000000,21.290000
1779334234.730681,0,0.000000,0.000000,0.000000,0.000000,-116.520000,0.050000,-0.300000,0.000000,48.000000,21.290000
1779334234.767680,0,0.000000,0.000000,0.000000,0.000000,-116.520000,0.050000,-0.300000,0.000000,48.000000,21.300000
1779334234.768182,0,0.000000,0.000000,0.000000,0.000000,-116.520000,0.050000,-0.300000,0.000000,48.000000,21.310000
1779334234.768681,0,0.000000,0.000000,0.000000,0.000000,-116.520000,0.050000,-0.300000,0.000000,48.000000,21.320000
1779334234.769181,0,0.000000,0.000000,0.000000,0.000000,-116.520000,0.050000,-0.300000,0.000000,48.000000,21.340000
1779334234.769681,0,0.000000,0.000000,0.000000,0.000000,-115.340000,0.050000,-0.300000,0.000000,48.000000,21.350000
1779334234.807750,0,0.000000,0.000000,0.000000,0.000000,-115.340000,0.050000,-0.300000,0.000000,48.000000,21.360000
1779334234.808181,0,0.000000,0.000000,0.000000,0.000000,-115.340000,0.050000,-0.300000,0.000000,48.000000,21.370000
1779334234.808680,0,0.000000,0.000000,0.000000,0.000000,-115.340000,0.050000,-0.300000,0.000000,48.000000,21.370000
1779334234.855681,0,0.000000,0.000000,0.000000,0.000000,-115.340000,0.050000,-0.300000,0.000000,48.000000,21.380000
1779334234.855681,0,0.000000,0.000000,0.000000,0.000000,-118.080000,0.050000,-0.300000,0.000000,48.000000,21.390000
1779334234.856181,0,0.000000,0.000000,0.000000,0.000000,-118.080000,0.050000,-0.300000,0.000000,48.000000,21.400000
1779334234.856681,0,0.000000,0.000000,0.000000,0.000000,-118.080000,0.050000,-0.300000,0.000000,48.000000,21.420000
1779334234.857681,0,0.000000,0.000000,0.000000,0.000000,-118.080000,0.050000,-0.300000,0.000000,48.000000,21.430000
1779334234.879680,0,0.000000,0.000000,0.000000,0.000000,-118.080000,0.050000,-0.300000,0.000000,48.000000,21.440000
1779334234.900180,0,0.000000,0.000000,0.000000,0.000000,-127.550000,0.050000,-0.300000,0.000000,48.000000,21.450000
1779334234.900680,0,0.000000,0.000000,0.000000,0.000000,-127.550000,0.050000,-0.300000,0.000000,48.000000,21.450000
1779334234.920680,0,0.000000,0.000000,0.000000,0.000000,-127.550000,0.050000,-0.300000,0.000000,48.000000,21.460000
1779334234.921681,0,0.000000,0.000000,0.000000,0.000000,-127.550000,0.050000,-0.300000,0.000000,48.000000,21.470000
1779334234.942181,0,0.000000,0.000000,0.000000,0.000000,-127.550000,0.050000,-0.300000,0.000000,48.000000,21.480000
1779334234.963180,0,0.000000,0.000000,0.000000,0.000000,-130.220000,0.050000,-0.300000,0.000000,48.000000,21.500000
1779334234.963681,0,0.000000,0.000000,0.000000,0.000000,-130.220000,0.050000,-0.300000,0.000000,48.000000,21.520000
1779334234.984680,0,0.000000,0.000000,0.000000,0.000000,-130.220000,0.050000,-0.300000,0.000000,48.000000,21.530000
1779334235.005680,0,0.000000,0.000000,0.000000,0.000000,-130.220000,0.050000,-0.300000,0.000000,48.000000,21.540000
1779334235.006180,0,0.000000,0.000000,0.000000,0.000000,-130.220000,0.050000,-0.300000,0.000000,48.000000,21.540000
1779334235.006180,0,0.000000,0.000000,0.000000,0.000000,-123.900000,0.050000,-0.300000,0.000000,48.000000,21.550000
1779334235.028181,0,0.000000,0.000000,0.000000,0.000000,-123.900000,0.050000,-0.300000,0.000000,48.000000,21.560000
1779334235.028680,0,0.000000,0.000000,0.000000,0.000000,-123.900000,0.050000,-0.300000,0.000000,48.000000,21.570000
1779334235.029681,0,0.000000,0.000000,0.000000,0.000000,-123.900000,0.050000,-0.300000,0.000000,48.000000,21.590000
1779334235.050181,0,0.000000,0.000000,0.000000,0.000000,-123.900000,0.050000,-0.300000,0.000000,48.000000,21.600000
1779334235.050682,0,0.000000,0.000000,0.000000,0.000000,-115.940000,0.050000,-0.300000,0.000000,48.000000,21.610000
1779334235.071181,0,0.000000,0.000000,0.000000,0.000000,-115.940000,0.050000,-0.300000,0.000000,48.000000,21.620000
1779334235.071680,0,0.000000,0.000000,0.000000,0.000000,-115.940000,0.050000,-0.300000,0.000000,48.000000,21.620000
1779334235.073181,0,0.000000,0.000000,0.000000,0.000000,-115.940000,0.050000,-0.300000,0.000000,48.000000,21.630000
1779334235.092181,0,0.000000,0.000000,0.000000,0.000000,-115.940000,0.050000,-0.300000,0.000000,48.000000,21.640000
1779334235.113681,0,0.000000,0.000000,0.000000,0.000000,-110.760000,0.050000,-0.300000,0.000000,48.000000,21.650000
1779334235.114180,0,0.000000,0.000000,0.000000,0.000000,-110.760000,0.050000,-0.300000,0.000000,48.000000,21.670000
1779334235.136181,0,0.000000,0.000000,0.000000,0.000000,-110.760000,0.050000,-0.300000,0.000000,48.000000,21.680000
1779334235.136681,0,0.000000,0.000000,0.000000,0.000000,-110.760000,0.050000,-0.300000,0.000000,48.000000,21.690000
1779334235.157181,0,0.000000,0.000000,0.000000,0.000000,-110.760000,0.050000,-0.300000,0.000000,48.000000,21.700000
1779334235.157680,0,0.000000,0.000000,0.000000,0.000000,-107.050000,0.050000,-0.300000,0.000000,48.000000,21.700000
1779334235.158180,0,0.000000,0.000000,0.000000,0.000000,-107.050000,0.050000,-0.300000,0.000000,48.000000,21.710000
1779334235.180181,0,0.000000,0.000000,0.000000,0.000000,-107.050000,0.050000,-0.300000,0.000000,48.000000,21.720000
1779334235.181181,0,0.000000,0.000000,0.000000,0.000000,-107.050000,0.050000,-0.300000,0.000000,48.000000,21.730000
1779334235.201180,0,0.000000,0.000000,0.000000,0.000000,-107.050000,0.050000,-0.300000,0.000000,48.000000,21.750000
1779334235.222180,0,0.000000,0.000000,0.000000,0.000000,-100.090000,0.050000,-0.300000,0.000000,48.000000,21.760000
1779334235.222680,0,0.000000,0.000000,0.000000,0.000000,-100.090000,0.050000,-0.300000,0.000000,48.000000,21.770000
1779334235.223180,0,0.000000,0.000000,0.000000,0.000000,-100.090000,0.050000,-0.300000,0.000000,48.000000,21.780000
1779334235.223180,0,0.000000,0.000000,0.000000,0.000000,-100.090000,0.050000,-0.300000,0.000000,48.000000,21.790000
1779334235.249680,0,0.000000,0.000000,0.000000,0.000000,-100.090000,0.050000,-0.300000,0.000000,48.000000,21.790000
1779334235.250180,0,0.000000,0.000000,0.000000,0.000000,-100.090000,0.050000,-0.300000,0.000000,48.000000,21.800000
1779334235.275180,0,0.000000,0.000000,0.000000,0.000000,-91.720000,0.050000,-0.300000,0.000000,48.000000,21.810000
1779334235.275680,0,0.000000,0.000000,0.000000,0.000000,-91.720000,0.050000,-0.300000,0.000000,48.000000,21.820000
1779334235.276181,0,0.000000,0.000000,0.000000,0.000000,-91.720000,0.050000,-0.300000,0.000000,48.000000,21.840000
1779334235.299181,0,0.000000,0.000000,0.000000,0.000000,-91.720000,0.050000,-0.300000,0.000000,48.000000,21.850000
1779334235.299681,0,0.000000,0.000000,0.000000,0.000000,-91.720000,0.050000,-0.300000,0.000000,48.000000,21.860000
1779334235.320681,0,0.000000,0.000000,0.000000,0.000000,-86.270000,0.050000,-0.300000,0.000000,48.000000,21.870000
1779334235.321682,0,0.000000,0.000000,0.000000,0.000000,-86.270000,0.050000,-0.300000,0.000000,48.000000,21.870000
1779334235.343181,0,0.000000,0.000000,0.000000,0.000000,-86.270000,0.050000,-0.300000,0.000000,48.000000,21.880000
1779334235.364180,0,0.000000,0.000000,0.000000,0.000000,-86.270000,0.050000,-0.300000,0.000000,48.000000,21.890000
1779334235.364680,0,0.000000,0.000000,0.000000,0.000000,-86.270000,0.050000,-0.300000,0.000000,48.000000,21.900000
1779334235.411180,0,0.000000,0.000000,0.000000,0.000000,-82.730000,0.050000,-0.300000,0.000000,48.000000,21.920000
1779334235.411680,0,0.000000,0.000000,0.000000,0.000000,-82.730000,0.050000,-0.300000,0.000000,48.000000,21.930000
1779334235.412180,0,0.000000,0.000000,0.000000,0.000000,-82.730000,0.050000,-0.300000,0.000000,48.000000,21.940000
1779334235.412680,0,0.000000,0.000000,0.000000,0.000000,-82.730000,0.050000,-0.300000,0.000000,48.000000,21.950000
1779334235.413180,0,0.000000,0.000000,0.000000,0.000000,-82.730000,0.050000,-0.300000,0.000000,48.000000,21.960000
1779334235.414180,0,0.000000,0.000000,0.000000,0.000000,-80.440000,0.050000,-0.300000,0.000000,48.000000,21.970000
1779334235.414680,0,0.000000,0.000000,0.000000,0.000000,-80.440000,0.050000,-0.300000,0.000000,48.000000,21.980000
1779334235.437680,0,0.000000,0.000000,0.000000,0.000000,-80.440000,0.050000,-0.300000,0.000000,48.000000,22.000000
1779334235.461180,0,0.000000,0.000000,0.000000,0.000000,-80.440000,0.050000,-0.300000,0.000000,48.000000,22.010000
1779334235.484180,0,0.000000,0.000000,0.000000,0.000000,-80.440000,0.050000,-0.300000,0.000000,48.000000,22.020000
1779334235.484680,0,0.000000,0.000000,0.000000,0.000000,-78.580000,0.050000,-0.300000,0.000000,48.000000,22.030000
1779334235.485182,0,0.000000,0.000000,0.000000,0.000000,-78.580000,0.050000,-0.300000,0.000000,48.000000,22.040000
1779334235.507180,0,0.000000,0.000000,0.000000,0.000000,-78.580000,0.050000,-0.300000,0.000000,48.000000,22.040000
1779334235.507681,0,0.000000,0.000000,0.000000,0.000000,-78.580000,0.050000,-0.300000,0.000000,48.000000,22.050000
1779334235.508681,0,0.000000,0.000000,0.000000,0.000000,-78.580000,0.050000,-0.300000,0.000000,48.000000,22.060000
1779334235.528681,0,0.000000,0.000000,0.000000,0.000000,-81.230000,0.050000,-0.300000,0.000000,48.000000,22.070000
1779334235.567680,0,0.000000,0.000000,0.000000,0.000000,-81.230000,0.050000,-0.300000,0.000000,48.000000,22.090000
1779334235.567680,0,0.000000,0.000000,0.000000,0.000000,-81.230000,0.050000,-0.300000,0.000000,48.000000,22.100000
1779334235.568181,0,0.000000,0.000000,0.000000,0.000000,-81.230000,0.050000,-0.300000,0.000000,48.000000,22.110000
1779334235.568680,0,0.000000,0.000000,0.000000,0.000000,-81.230000,0.050000,-0.300000,0.000000,48.000000,22.120000
1779334235.569180,0,0.000000,0.000000,0.000000,0.000000,-82.970000,0.050000,-0.300000,0.000000,48.000000,22.120000
1779334235.569681,0,0.000000,0.000000,0.000000,0.000000,-82.970000,0.050000,-0.300000,0.000000,48.000000,22.130000
1779334235.590181,0,0.000000,0.000000,0.000000,0.000000,-82.970000,0.050000,-0.300000,0.000000,48.000000,22.140000
1779334235.629181,0,0.000000,0.000000,0.000000,0.000000,-82.970000,0.050000,-0.300000,0.000000,48.000000,22.150000
1779334235.630180,0,0.000000,0.000000,0.000000,0.000000,-82.970000,0.050000,-0.300000,0.000000,48.000000,22.170000
1779334235.630681,0,0.000000,0.000000,0.000000,0.000000,-80.230000,0.050000,-0.300000,0.000000,48.000000,22.190000
1779334235.631181,0,0.000000,0.000000,0.000000,0.000000,-80.230000,0.050000,-0.300000,0.000000,48.000000,22.200000
1779334235.652180,0,0.000000,0.000000,0.000000,0.000000,-80.230000,0.050000,-0.300000,0.000000,48.000000,22.200000
1779334235.675181,0,0.000000,0.000000,0.000000,0.000000,-80.230000,0.050000,-0.300000,0.000000,48.000000,22.210000
1779334235.697681,0,0.000000,0.000000,0.000000,0.000000,-78.450000,0.050000,-0.300000,0.000000,48.000000,22.220000
1779334235.698181,0,0.000000,0.000000,0.000000,0.000000,-78.450000,0.050000,-0.300000,0.000000,48.000000,22.230000
1779334235.738680,0,0.000000,0.000000,0.000000,0.000000,-78.450000,0.050000,-0.300000,0.000000,48.000000,22.250000
1779334235.739181,0,0.000000,0.000000,0.000000,0.000000,-78.450000,0.050000,-0.300000,0.000000,48.000000,22.270000
1779334235.739681,0,0.000000,0.000000,0.000000,0.000000,-78.450000,0.050000,-0.300000,0.000000,48.000000,22.280000
1779334235.740181,0,0.000000,0.000000,0.000000,0.000000,-81.160000,0.050000,-0.300000,0.000000,48.000000,22.290000
1779334235.740681,0,0.000000,0.000000,0.000000,0.000000,-81.160000,0.050000,-0.300000,0.000000,48.000000,22.290000
1779334235.741181,0,0.000000,0.000000,0.000000,0.000000,-81.160000,0.050000,-0.300000,0.000000,48.000000,22.300000
1779334235.741682,0,0.000000,0.000000,0.000000,0.000000,-81.160000,0.050000,-0.300000,0.000000,48.000000,22.310000
1779334235.762681,0,0.000000,0.000000,0.000000,0.000000,-81.160000,0.050000,-0.300000,0.000000,48.000000,22.320000
1779334235.806681,0,0.000000,0.000000,0.000000,0.000000,-83.260000,0.050000,-0.300000,0.000000,48.000000,22.340000
1779334235.807180,0,0.000000,0.000000,0.000000,0.000000,-83.260000,0.050000,-0.300000,0.000000,48.000000,22.350000
1779334235.807681,0,0.000000,0.000000,0.000000,0.000000,-83.260000,0.050000,-0.300000,0.000000,48.000000,22.360000
1779334235.808181,0,0.000000,0.000000,0.000000,0.000000,-83.260000,0.050000,-0.300000,0.000000,48.000000,22.370000
1779334235.809180,0,0.000000,0.000000,0.000000,0.000000,-83.260000,0.050000,-0.300000,0.000000,48.000000,22.370000
1779334235.809180,0,0.000000,0.000000,0.000000,0.000000,-80.770000,0.050000,-0.300000,0.000000,48.000000,22.380000
1779334235.851180,0,0.000000,0.000000,0.000000,0.000000,-80.770000,0.050000,-0.300000,0.000000,48.000000,22.390000
1779334235.851680,0,0.000000,0.000000,0.000000,0.000000,-80.770000,0.050000,-0.300000,0.000000,48.000000,22.400000
1779334235.852180,0,0.000000,0.000000,0.000000,0.000000,-80.770000,0.050000,-0.300000,0.000000,48.000000,22.420000
1779334235.852680,0,0.000000,0.000000,0.000000,0.000000,-80.770000,0.050000,-0.300000,0.000000,48.000000,22.430000
1779334235.893680,0,0.000000,0.000000,0.000000,0.000000,-80.770000,0.050000,-0.300000,0.000000,48.000000,22.440000
1779334235.894180,0,0.000000,0.000000,0.000000,0.000000,-79.160000,0.050000,-0.300000,0.000000,48.000000,22.450000
1779334235.894680,0,0.000000,0.000000,0.000000,0.000000,-79.160000,0.050000,-0.300000,0.000000,48.000000,22.450000
1779334235.895180,0,0.000000,0.000000,0.000000,0.000000,-79.160000,0.050000,-0.300000,0.000000,48.000000,22.460000
1779334235.932180,0,0.000000,0.000000,0.000000,0.000000,-79.160000,0.050000,-0.300000,0.000000,48.000000,22.460000
1779334235.932680,0,0.000000,0.000000,0.000000,0.000000,-79.160000,0.050000,-0.300000,0.000000,48.000000,22.480000
1779334235.933181,0,0.000000,0.000000,0.000000,0.000000,-73.910000,0.050000,-0.300000,0.000000,48.000000,22.500000
1779334235.933680,0,0.000000,0.000000,0.000000,0.000000,-73.910000,0.050000,-0.300000,0.000000,48.000000,22.510000
1779334235.934180,0,0.000000,0.000000,0.000000,0.000000,-73.910000,0.050000,-0.300000,0.000000,48.000000,22.520000
1779334235.971680,0,0.000000,0.000000,0.000000,0.000000,-73.910000,0.050000,-0.300000,0.000000,48.000000,22.530000
1779334235.972180,0,0.000000,0.000000,0.000000,0.000000,-73.910000,0.050000,-0.300000,0.000000,48.000000,22.540000
1779334235.972680,0,0.000000,0.000000,0.000000,0.000000,-70.500000,0.050000,-0.300000,0.000000,48.000000,22.540000
1779334236.009680,0,0.000000,0.000000,0.000000,0.000000,-70.500000,0.050000,-0.300000,0.000000,48.000000,22.550000
1779334236.009680,0,0.000000,0.000000,0.000000,0.000000,-70.500000,0.050000,-0.300000,0.000000,48.000000,22.560000
1779334236.010680,0,0.000000,0.000000,0.000000,0.000000,-70.500000,0.050000,-0.300000,0.000000,48.000000,22.570000
1779334236.049181,0,0.000000,0.000000,0.000000,0.000000,-70.500000,0.050000,-0.300000,0.000000,48.000000,22.590000
1779334236.049681,0,0.000000,0.000000,0.000000,0.000000,-65.120000,0.050000,-0.300000,0.000000,48.000000,22.600000
1779334236.050181,0,0.000000,0.000000,0.000000,0.000000,-65.120000,0.050000,-0.300000,0.000000,48.000000,22.610000
1779334236.050681,0,0.000000,0.000000,0.000000,0.000000,-65.120000,0.050000,-0.300000,0.000000,48.000000,22.620000
1779334236.088681,0,0.000000,0.000000,0.000000,0.000000,-65.120000,0.050000,-0.300000,0.000000,48.000000,22.620000
1779334236.089680,0,0.000000,0.000000,0.000000,0.000000,-65.120000,0.050000,-0.300000,0.000000,48.000000,22.630000
1779334236.090181,0,0.000000,0.000000,0.000000,0.000000,-60.590000,0.050000,-0.300000,0.000000,48.000000,22.640000
1779334236.090680,0,0.000000,0.000000,0.000000,0.000000,-60.590000,0.050000,-0.300000,0.000000,48.000000,22.670000
1779334236.129680,0,0.000000,0.000000,0.000000,0.000000,-60.590000,0.050000,-0.300000,0.000000,48.000000,22.680000
1779334236.129680,0,0.000000,0.000000,0.000000,0.000000,-60.590000,0.050000,-0.300000,0.000000,48.000000,22.690000
1779334236.153180,0,0.000000,0.000000,0.000000,0.000000,-60.590000,0.050000,-0.300000,0.000000,48.000000,22.700000
1779334236.174180,0,0.000000,0.000000,0.000000,0.000000,-60.590000,0.050000,-0.300000,0.000000,48.000000,22.700000
1779334236.174180,0,0.000000,0.000000,0.000000,0.000000,-60.590000,0.050000,-0.300000,0.000000,48.000000,22.710000
1779334236.174680,0,0.000000,0.000000,0.000000,0.000000,-60.590000,0.050000,-0.300000,0.000000,48.000000,22.720000
1779334236.195680,0,0.000000,0.000000,0.000000,0.000000,-60.590000,0.050000,-0.300000,0.000000,48.000000,22.730000
1779334236.196180,0,0.000000,0.000000,0.000000,0.000000,-57.630000,0.050000,-0.300000,0.000000,51.000000,22.750000
1779334236.218180,0,0.000000,0.000000,0.000000,0.000000,-57.630000,0.050000,-0.300000,0.000000,51.000000,22.760000
1779334236.240180,0,0.000000,0.000000,0.000000,0.000000,-57.630000,0.050000,-0.300000,0.000000,51.000000,22.770000
1779334236.240680,0,0.000000,0.000000,0.000000,0.000000,-57.630000,0.050000,-0.300000,0.000000,51.000000,22.780000
1779334236.241180,0,0.000000,0.000000,0.000000,0.000000,-57.630000,0.050000,-0.300000,0.000000,51.000000,22.790000
1779334236.261681,0,0.000000,0.000000,0.000000,0.000000,-55.720000,0.050000,-0.300000,0.000000,48.000000,22.790000
1779334236.262181,0,0.000000,0.000000,0.000000,0.000000,-55.720000,0.050000,-0.300000,0.000000,48.000000,22.800000
1779334236.283680,0,0.000000,0.000000,0.000000,0.000000,-55.720000,0.050000,-0.300000,0.000000,48.000000,22.810000
1779334236.284181,0,0.000000,0.000000,0.000000,0.000000,-55.720000,0.050000,-0.300000,0.000000,48.000000,22.840000
1779334236.306181,0,0.000000,0.000000,0.000000,0.000000,-55.720000,0.050000,-0.300000,0.000000,48.000000,22.850000
1779334236.306681,0,0.000000,0.000000,0.000000,0.000000,-57.970000,0.050000,-0.300000,0.000000,48.000000,22.860000
1779334236.328180,0,0.000000,0.000000,0.000000,0.000000,-57.970000,0.050000,-0.300000,0.000000,48.000000,22.870000
1779334236.328679,0,0.000000,0.000000,0.000000,0.000000,-57.970000,0.050000,-0.300000,0.000000,48.000000,22.870000
1779334236.349180,0,0.000000,0.000000,0.000000,0.000000,-57.970000,0.050000,-0.300000,0.000000,48.000000,22.880000
1779334236.349680,0,0.000000,0.000000,0.000000,0.000000,-57.970000,0.050000,-0.300000,0.000000,48.000000,22.890000
1779334236.369180,0,0.000000,0.000000,0.000000,0.000000,-63.290000,0.050000,-0.300000,0.000000,48.000000,22.900000
1779334236.369681,0,0.000000,0.000000,0.000000,0.000000,-63.290000,0.050000,-0.300000,0.000000,48.000000,22.920000
1779334236.391181,0,0.000000,0.000000,0.000000,0.000000,-63.290000,0.050000,-0.300000,0.000000,48.000000,22.940000
1779334236.391681,0,0.000000,0.000000,0.000000,0.000000,-63.290000,0.050000,-0.300000,0.000000,48.000000,22.950000
1779334236.413180,0,0.000000,0.000000,0.000000,0.000000,-63.290000,0.050000,-0.300000,0.000000,48.000000,22.950000
1779334236.413680,0,0.000000,0.000000,0.000000,0.000000,-63.290000,0.050000,-0.300000,0.000000,48.000000,22.960000
1779334236.436180,0,0.000000,0.000000,0.000000,0.000000,-63.290000,0.050000,-0.300000,0.000000,48.000000,22.970000
1779334236.436180,0,0.000000,0.000000,0.000000,0.000000,-63.290000,0.050000,-0.300000,0.000000,48.000000,22.980000
1779334236.458179,0,0.000000,0.000000,0.000000,0.000000,-63.290000,0.050000,-0.300000,0.000000,48.000000,23.000000
1779334236.458680,0,0.000000,0.000000,0.000000,0.000000,-66.750000,0.050000,-0.300000,0.000000,51.000000,23.010000
1779334236.482681,0,0.000000,0.000000,0.000000,0.000000,-66.750000,0.050000,-0.300000,0.000000,51.000000,23.020000
1779334236.483180,0,0.000000,0.000000,0.000000,0.000000,-66.750000,0.050000,-0.300000,0.000000,51.000000,23.030000
1779334236.504680,0,0.000000,0.000000,0.000000,0.000000,-66.750000,0.050000,-0.300000,0.000000,51.000000,23.040000
1779334236.505181,0,0.000000,0.000000,0.000000,0.000000,-66.750000,0.050000,-0.300000,0.000000,51.000000,23.040000
1779334236.505682,0,0.000000,0.000000,0.000000,0.000000,-66.750000,0.050000,-0.300000,0.000000,51.000000,23.050000
1779334236.527680,0,0.000000,0.000000,0.000000,0.000000,-66.750000,0.050000,-0.300000,0.000000,51.000000,23.060000
1779334236.528680,0,0.000000,0.000000,0.000000,0.000000,-66.750000,0.050000,-0.300000,0.000000,51.000000,23.070000
1779334236.549680,0,0.000000,0.000000,0.000000,0.000000,-66.750000,0.050000,-0.300000,0.000000,51.000000,23.100000
1779334236.550180,0,0.000000,0.000000,0.000000,0.000000,-66.750000,0.050000,-0.300000,0.000000,51.000000,23.110000
1779334236.551180,0,0.000000,0.000000,0.000000,0.000000,-68.630000,0.050000,-0.300000,0.000000,51.000000,23.120000
1779334236.571181,0,0.000000,0.000000,0.000000,0.000000,-68.630000,0.050000,-0.300000,0.000000,51.000000,23.120000
1779334236.572680,0,0.000000,0.000000,0.000000,0.000000,-68.630000,0.050000,-0.300000,0.000000,51.000000,23.130000
1779334236.594180,0,0.000000,0.000000,0.000000,0.000000,-68.630000,0.050000,-0.300000,0.000000,51.000000,23.140000
1779334236.614180,0,0.000000,0.000000,0.000000,0.000000,-68.630000,0.050000,-0.300000,0.000000,51.000000,23.150000
1779334236.614680,0,0.000000,0.000000,0.000000,0.000000,-72.330000,0.050000,-0.300000,0.000000,48.000000,23.170000
1779334236.654680,0,0.000000,0.000000,0.000000,0.000000,-72.330000,0.050000,-0.300000,0.000000,48.000000,23.180000
1779334236.655180,0,0.000000,0.000000,0.000000,0.000000,-72.330000,0.050000,-0.300000,0.000000,48.000000,23.190000
1779334236.655679,0,0.000000,0.000000,0.000000,0.000000,-72.330000,0.050000,-0.300000,0.000000,48.000000,23.200000
1779334236.656179,0,0.000000,0.000000,0.000000,0.000000,-72.330000,0.050000,-0.300000,0.000000,48.000000,23.200000
1779334236.694679,0,0.000000,0.000000,0.000000,0.000000,-74.720000,0.050000,-0.300000,0.000000,48.000000,23.210000
1779334236.695680,0,0.000000,0.000000,0.000000,0.000000,-74.720000,0.050000,-0.300000,0.000000,48.000000,23.220000
1779334236.696181,0,0.000000,0.000000,0.000000,0.000000,-74.720000,0.050000,-0.300000,0.000000,48.000000,23.230000
1779334236.696680,0,0.000000,0.000000,0.000000,0.000000,-74.720000,0.050000,-0.300000,0.000000,48.000000,23.250000
1779334236.697680,0,0.000000,0.000000,0.000000,0.000000,-74.720000,0.050000,-0.300000,0.000000,48.000000,23.260000
1779334236.718680,0,0.000000,0.000000,0.000000,0.000000,-69.270000,0.050000,-0.300000,0.000000,48.000000,23.280000
1779334236.739680,0,0.000000,0.000000,0.000000,0.000000,-69.270000,0.050000,-0.300000,0.000000,48.000000,23.290000
1779334236.740180,0,0.000000,0.000000,0.000000,0.000000,-69.270000,0.050000,-0.300000,0.000000,48.000000,23.290000
1779334236.740180,0,0.000000,0.000000,0.000000,0.000000,-69.270000,0.050000,-0.300000,0.000000,48.000000,23.300000
1779334236.762180,0,0.000000,0.000000,0.000000,0.000000,-69.270000,0.050000,-0.300000,0.000000,48.000000,23.310000
1779334236.783180,0,0.000000,0.000000,0.000000,0.000000,-65.040000,0.050000,-0.300000,0.000000,48.000000,23.320000
1779334236.783679,0,0.000000,0.000000,0.000000,0.000000,-65.040000,0.050000,-0.300000,0.000000,48.000000,23.340000
1779334236.784179,0,0.000000,0.000000,0.000000,0.000000,-65.040000,0.050000,-0.300000,0.000000,48.000000,23.350000
1779334236.807232,0,0.000000,0.000000,0.000000,0.000000,-65.040000,0.050000,-0.300000,0.000000,48.000000,23.360000
1779334236.808180,0,0.000000,0.000000,0.000000,0.000000,-65.040000,0.050000,-0.300000,0.000000,48.000000,23.370000
1779334236.829681,0,0.000000,0.000000,0.000000,0.000000,-61.930000,0.050000,-0.300000,0.000000,48.000000,23.370000
1779334236.830680,0,0.000000,0.000000,0.000000,0.000000,-61.930000,0.050000,-0.300000,0.000000,48.000000,23.380000
1779334236.856680,0,0.000000,0.000000,0.000000,0.000000,-61.930000,0.050000,-0.300000,0.000000,48.000000,23.390000
1779334236.857180,0,0.000000,0.000000,0.000000,0.000000,-61.930000,0.050000,-0.300000,0.000000,48.000000,23.400000
1779334236.880680,0,0.000000,0.000000,0.000000,0.000000,-61.930000,0.050000,-0.300000,0.000000,48.000000,23.420000
1779334236.881180,0,0.000000,0.000000,0.000000,0.000000,-53.610000,0.050000,-0.300000,0.000000,48.000000,23.430000
1779334236.902681,0,0.000000,0.000000,0.000000,0.000000,-53.610000,0.050000,-0.300000,0.000000,48.000000,23.440000
1779334236.903180,0,0.000000,0.000000,0.000000,0.000000,-53.610000,0.050000,-0.300000,0.000000,48.000000,23.450000
1779334236.903680,0,0.000000,0.000000,0.000000,0.000000,-53.610000,0.050000,-0.300000,0.000000,48.000000,23.450000
1779334236.924180,0,0.000000,0.000000,0.000000,0.000000,-53.610000,0.050000,-0.300000,0.000000,48.000000,23.470000
1779334236.945180,0,0.000000,0.000000,0.000000,0.000000,-47.500000,0.050000,-0.300000,0.000000,48.000000,23.480000
1779334236.945680,0,0.000000,0.000000,0.000000,0.000000,-47.500000,0.050000,-0.300000,0.000000,48.000000,23.500000
1779334236.967680,0,0.000000,0.000000,0.000000,0.000000,-47.500000,0.050000,-0.300000,0.000000,48.000000,23.510000
1779334236.968180,0,0.000000,0.000000,0.000000,0.000000,-47.500000,0.050000,-0.300000,0.000000,48.000000,23.520000
1779334236.990180,0,0.000000,0.000000,0.000000,0.000000,-42.490000,0.050000,-0.300000,0.000000,48.000000,23.530000
1779334236.990681,0,0.000000,0.000000,0.000000,0.000000,-42.490000,0.050000,-0.300000,0.000000,48.000000,23.540000
1779334236.991181,0,0.000000,0.000000,0.000000,0.000000,-42.490000,0.050000,-0.300000,0.000000,48.000000,23.540000
1779334237.013180,0,0.000000,0.000000,0.000000,0.000000,-42.490000,0.050000,-0.300000,0.000000,48.000000,23.550000
1779334237.033680,0,0.000000,0.000000,0.000000,0.000000,-42.490000,0.050000,-0.300000,0.000000,48.000000,23.560000
1779334237.034179,0,0.000000,0.000000,0.000000,0.000000,-39.220000,0.050000,-0.300000,0.000000,48.000000,23.570000
1779334237.034179,0,0.000000,0.000000,0.000000,0.000000,-39.220000,0.050000,-0.300000,0.000000,48.000000,23.590000
1779334237.057680,0,0.000000,0.000000,0.000000,0.000000,-39.220000,0.050000,-0.300000,0.000000,48.000000,23.600000
1779334237.057680,0,0.000000,0.000000,0.000000,0.000000,-39.220000,0.050000,-0.300000,0.000000,48.000000,23.610000
1779334237.079680,0,0.000000,0.000000,0.000000,0.000000,-39.220000,0.050000,-0.300000,0.000000,48.000000,23.620000
1779334237.080179,0,0.000000,0.000000,0.000000,0.000000,-39.220000,0.050000,-0.300000,0.000000,48.000000,23.620000
1779334237.101731,0,0.000000,0.000000,0.000000,0.000000,-39.220000,0.050000,-0.300000,0.000000,48.000000,23.640000
1779334237.102180,0,0.000000,0.000000,0.000000,0.000000,-39.220000,0.050000,-0.300000,0.000000,48.000000,23.650000
1779334237.123679,0,0.000000,0.000000,0.000000,0.000000,-39.220000,0.050000,-0.300000,0.000000,48.000000,23.670000
1779334237.124179,0,0.000000,0.000000,0.000000,0.000000,-39.220000,0.050000,-0.300000,0.000000,48.000000,23.680000
1779334237.144681,0,0.000000,0.000000,0.000000,0.000000,-36.750000,0.050000,-0.300000,0.000000,51.000000,23.690000
1779334237.145181,0,0.000000,0.000000,0.000000,0.000000,-36.750000,0.050000,-0.300000,0.000000,51.000000,23.700000
1779334237.166179,0,0.000000,0.000000,0.000000,0.000000,-36.750000,0.050000,-0.300000,0.000000,51.000000,23.700000
1779334237.166679,0,0.000000,0.000000,0.000000,0.000000,-36.750000,0.050000,-0.300000,0.000000,51.000000,23.710000
1779334237.187180,0,0.000000,0.000000,0.000000,0.000000,-36.750000,0.050000,-0.300000,0.000000,51.000000,23.720000
1779334237.187680,0,0.000000,0.000000,0.000000,0.000000,-34.790000,0.050000,-0.300000,0.000000,48.000000,23.730000
1779334237.208180,0,0.000000,0.000000,0.000000,0.000000,-34.790000,0.050000,-0.300000,0.000000,48.000000,23.750000
1779334237.208681,0,0.000000,0.000000,0.000000,0.000000,-34.790000,0.050000,-0.300000,0.000000,48.000000,23.760000
1779334237.229680,0,0.000000,0.000000,0.000000,0.000000,-34.790000,0.050000,-0.300000,0.000000,48.000000,23.770000
1779334237.230179,0,0.000000,0.000000,0.000000,0.000000,-34.790000,0.050000,-0.300000,0.000000,48.000000,23.780000
1779334237.250180,0,0.000000,0.000000,0.000000,0.000000,-33.520000,0.050000,-0.300000,0.000000,48.000000,23.790000
1779334237.250679,0,0.000000,0.000000,0.000000,0.000000,-33.520000,0.050000,-0.300000,0.000000,48.000000,23.800000
1779334237.270681,0,0.000000,0.000000,0.000000,0.000000,-33.520000,0.050000,-0.300000,0.000000,48.000000,23.810000
1779334237.271181,0,0.000000,0.000000,0.000000,0.000000,-33.520000,0.050000,-0.300000,0.000000,48.000000,23.820000
1779334237.291180,0,0.000000,0.000000,0.000000,0.000000,-33.520000,0.050000,-0.300000,0.000000,48.000000,23.840000
1779334237.292180,0,0.000000,0.000000,0.000000,0.000000,-33.040000,0.050000,-0.300000,0.000000,48.000000,23.850000
1779334237.312180,0,0.000000,0.000000,0.000000,0.000000,-33.040000,0.050000,-0.300000,0.000000,48.000000,23.860000
1779334237.312681,0,0.000000,0.000000,0.000000,0.000000,-33.040000,0.050000,-0.300000,0.000000,48.000000,23.870000
1779334237.334181,0,0.000000,0.000000,0.000000,0.000000,-33.040000,0.050000,-0.300000,0.000000,48.000000,23.870000
1779334237.334681,0,0.000000,0.000000,0.000000,0.000000,-33.040000,0.050000,-0.300000,0.000000,48.000000,23.880000
1779334237.355180,0,0.000000,0.000000,0.000000,0.000000,-32.740000,0.050000,-0.300000,0.000000,48.000000,23.890000
1779334237.355681,0,0.000000,0.000000,0.000000,0.000000,-32.740000,0.050000,-0.300000,0.000000,48.000000,23.900000
1779334237.376181,0,0.000000,0.000000,0.000000,0.000000,-32.740000,0.050000,-0.300000,0.000000,48.000000,23.930000
1779334237.376680,0,0.000000,0.000000,0.000000,0.000000,-32.740000,0.050000,-0.300000,0.000000,48.000000,23.940000
1779334237.396680,0,0.000000,0.000000,0.000000,0.000000,-33.240000,0.050000,-0.300000,0.000000,48.000000,23.950000
1779334237.397181,0,0.000000,0.000000,0.000000,0.000000,-33.240000,0.050000,-0.300000,0.000000,48.000000,23.950000
1779334237.438179,0,0.000000,0.000000,0.000000,0.000000,-33.240000,0.050000,-0.300000,0.000000,48.000000,23.960000
1779334237.438679,0,0.000000,0.000000,0.000000,0.000000,-33.240000,0.050000,-0.300000,0.000000,48.000000,23.970000
1779334237.439179,0,0.000000,0.000000,0.000000,0.000000,-33.240000,0.050000,-0.300000,0.000000,48.000000,23.980000
1779334237.439681,0,0.000000,0.000000,0.000000,0.000000,-33.560000,0.050000,-0.300000,0.000000,48.000000,24.000000
1779334237.440180,0,0.000000,0.000000,0.000000,0.000000,-33.560000,0.050000,-0.300000,0.000000,48.000000,24.020000
1779334237.480680,0,0.000000,0.000000,0.000000,0.000000,-33.560000,0.050000,-0.300000,0.000000,48.000000,24.030000
1779334237.480680,0,0.000000,0.000000,0.000000,0.000000,-33.560000,0.050000,-0.300000,0.000000,48.000000,24.040000
1779334237.481679,0,0.000000,0.000000,0.000000,0.000000,-33.560000,0.050000,-0.300000,0.000000,48.000000,24.040000
1779334237.482179,0,0.000000,0.000000,0.000000,0.000000,-36.560000,0.050000,-0.300000,0.000000,48.000000,24.050000
1779334237.519180,0,0.000000,0.000000,0.000000,0.000000,-36.560000,0.050000,-0.300000,0.000000,48.000000,24.060000
1779334237.519680,0,0.000000,0.000000,0.000000,0.000000,-36.560000,0.050000,-0.300000,0.000000,48.000000,24.070000
1779334237.520180,0,0.000000,0.000000,0.000000,0.000000,-36.560000,0.050000,-0.300000,0.000000,48.000000,24.090000
1779334237.520679,0,0.000000,0.000000,0.000000,0.000000,-36.560000,0.050000,-0.300000,0.000000,48.000000,24.100000
1779334237.563179,0,0.000000,0.000000,0.000000,0.000000,-38.520000,0.050000,-0.300000,0.000000,48.000000,24.110000
1779334237.564179,0,0.000000,0.000000,0.000000,0.000000,-38.520000,0.050000,-0.300000,0.000000,48.000000,24.120000
1779334237.564679,0,0.000000,0.000000,0.000000,0.000000,-38.520000,0.050000,-0.300000,0.000000,48.000000,24.120000
1779334237.590179,0,0.000000,0.000000,0.000000,0.000000,-38.520000,0.050000,-0.300000,0.000000,48.000000,24.130000
1779334237.590679,0,0.000000,0.000000,0.000000,0.000000,-38.520000,0.050000,-0.300000,0.000000,48.000000,24.140000
1779334237.614181,0,0.000000,0.000000,0.000000,0.000000,-39.450000,0.050000,-0.300000,0.000000,48.000000,24.150000
1779334237.614681,0,0.000000,0.000000,0.000000,0.000000,-39.450000,0.050000,-0.300000,0.000000,48.000000,24.170000
1779334237.640681,0,0.000000,0.000000,0.000000,0.000000,-39.450000,0.050000,-0.300000,0.000000,48.000000,24.180000
1779334237.641181,0,0.000000,0.000000,0.000000,0.000000,-39.450000,0.050000,-0.300000,0.000000,48.000000,24.190000
1779334237.666681,0,0.000000,0.000000,0.000000,0.000000,-39.450000,0.050000,-0.300000,0.000000,48.000000,24.200000
1779334237.667180,0,0.000000,0.000000,0.000000,0.000000,-32.700000,0.050000,-0.300000,0.000000,48.000000,24.200000
1779334237.667681,0,0.000000,0.000000,0.000000,0.000000,-32.700000,0.050000,-0.300000,0.000000,48.000000,24.210000
1779334237.691179,0,0.000000,0.000000,0.000000,0.000000,-32.700000,0.050000,-0.300000,0.000000,48.000000,24.220000
1779334237.692180,0,0.000000,0.000000,0.000000,0.000000,-32.700000,0.050000,-0.300000,0.000000,48.000000,24.230000
1779334237.717679,0,0.000000,0.000000,0.000000,0.000000,-32.700000,0.050000,-0.300000,0.000000,48.000000,24.250000
1779334237.717679,0,0.000000,0.000000,0.000000,0.000000,-27.950000,0.050000,-0.300000,0.000000,48.000000,24.260000
1779334237.718179,0,0.000000,0.000000,0.000000,0.000000,-27.950000,0.050000,-0.300000,0.000000,48.000000,24.280000
1779334237.742180,0,0.000000,0.000000,0.000000,0.000000,-27.950000,0.050000,-0.300000,0.000000,48.000000,24.290000
1779334237.742681,0,0.000000,0.000000,0.000000,0.000000,-27.950000,0.050000,-0.300000,0.000000,48.000000,24.290000
1779334237.767180,0,0.000000,0.000000,0.000000,0.000000,-27.950000,0.050000,-0.300000,0.000000,48.000000,24.300000
1779334237.791681,0,0.000000,0.000000,0.000000,0.000000,-27.950000,0.050000,-0.300000,0.000000,48.000000,24.310000
1779334237.792180,0,0.000000,0.000000,0.000000,0.000000,-27.950000,0.050000,-0.300000,0.000000,48.000000,24.320000
1779334237.792681,0,0.000000,0.000000,0.000000,0.000000,-27.950000,0.050000,-0.300000,0.000000,48.000000,24.340000
1779334237.793181,0,0.000000,0.000000,0.000000,0.000000,-27.950000,0.050000,-0.300000,0.000000,48.000000,24.350000
1779334237.818181,0,0.000000,0.000000,0.000000,0.000000,-27.950000,0.050000,-0.300000,0.000000,48.000000,24.360000
1779334237.818681,0,0.000000,0.000000,0.000000,0.000000,-27.950000,0.050000,-0.300000,0.000000,48.000000,24.370000
1779334237.846679,0,0.000000,0.000000,0.000000,0.000000,-27.950000,0.050000,-0.300000,0.000000,48.000000,24.370000
1779334237.847179,0,0.000000,0.000000,0.000000,0.000000,-27.950000,0.050000,-0.300000,0.000000,48.000000,24.380000
1779334237.847679,0,0.000000,0.000000,0.000000,0.000000,-27.950000,0.050000,-0.300000,0.000000,48.000000,24.390000
1779334237.872680,0,0.000000,0.000000,0.000000,0.000000,-27.950000,0.050000,-0.300000,0.000000,48.000000,24.400000
1779334237.873180,0,0.000000,0.000000,0.000000,0.000000,0.000000,0.000000,0.000000,0.000000,63.000000,24.420000
1779334237.898180,0,0.000000,0.000000,0.000000,0.000000,0.000000,0.000000,0.000000,0.000000,63.000000,24.430000
1779334237.898681,0,0.000000,0.000000,0.000000,0.000000,0.000000,0.000000,0.000000,0.000000,63.000000,24.450000
1779334237.899181,0,0.000000,0.000000,0.000000,0.000000,0.000000,0.000000,0.000000,0.000000,63.000000,24.450000
1779334237.925180,0,0.000000,0.000000,0.000000,0.000000,0.000000,0.000000,0.000000,0.000000,63.000000,24.460000
1779334237.925680,0,0.000000,0.000000,0.000000,0.000000,0.000000,0.000000,0.000000,0.000000,63.000000,24.470000
1779334237.950680,0,0.000000,0.000000,0.000000,0.000000,0.000000,0.000000,0.000000,0.000000,63.000000,24.480000
1779334237.951181,0,0.000000,0.000000,0.000000,0.000000,0.000000,0.000000,0.000000,0.000000,63.000000,24.500000
1779334237.972679,0,0.000000,0.000000,0.000000,0.000000,0.000000,0.000000,0.000000,0.000000,63.000000,24.510000
1779334237.973179,0,0.000000,0.000000,0.000000,0.000000,-22.070000,0.050000,-0.300000,0.000000,51.000000,24.520000
1779334237.995679,0,0.000000,0.000000,0.000000,0.000000,-22.070000,0.050000,-0.300000,0.000000,51.000000,24.530000
1779334237.996179,0,0.000000,0.000000,0.000000,0.000000,-22.070000,0.050000,-0.300000,0.000000,51.000000,24.540000
1779334238.018180,0,0.000000,0.000000,0.000000,0.000000,-22.070000,0.050000,-0.300000,0.000000,51.000000,24.550000
1779334238.018681,0,0.000000,0.000000,0.000000,0.000000,-22.070000,0.050000,-0.300000,0.000000,51.000000,24.560000
1779334238.042180,0,0.000000,0.000000,0.000000,0.000000,-21.760000,0.050000,-0.300000,0.000000,48.000000,24.570000
1779334238.042680,0,0.000000,0.000000,0.000000,0.000000,-21.760000,0.050000,-0.300000,0.000000,48.000000,24.590000
1779334238.065680,0,0.000000,0.000000,0.000000,0.000000,-21.760000,0.050000,-0.300000,0.000000,48.000000,24.600000
1779334238.066681,0,0.000000,0.000000,0.000000,0.000000,-21.760000,0.050000,-0.300000,0.000000,48.000000,24.610000
1779334238.089179,0,0.000000,0.000000,0.000000,0.000000,-24.350000,0.050000,-0.300000,0.000000,48.000000,24.620000
1779334238.089679,0,0.000000,0.000000,0.000000,0.000000,-24.350000,0.050000,-0.300000,0.000000,48.000000,24.620000
1779334238.089679,0,0.000000,0.000000,0.000000,0.000000,-24.350000,0.050000,-0.300000,0.000000,48.000000,24.640000
1779334238.090179,0,0.000000,0.000000,0.000000,0.000000,-24.350000,0.050000,-0.300000,0.000000,48.000000,24.640000
1779334238.112179,0,0.000000,0.000000,0.000000,0.000000,-24.350000,0.050000,-0.300000,0.000000,48.000000,24.650000
1779334238.134181,0,0.000000,0.000000,0.000000,0.000000,-24.350000,0.050000,-0.300000,0.000000,48.000000,24.670000
1779334238.134681,0,0.000000,0.000000,0.000000,0.000000,-24.350000,0.050000,-0.300000,0.000000,48.000000,24.690000
1779334238.135181,0,0.000000,0.000000,0.000000,0.000000,-24.350000,0.050000,-0.300000,0.000000,48.000000,24.700000
1779334238.157680,0,0.000000,0.000000,0.000000,0.000000,-24.350000,0.050000,-0.300000,0.000000,48.000000,24.700000
1779334238.180679,0,0.000000,0.000000,0.000000,0.000000,-24.350000,0.050000,-0.300000,0.000000,48.000000,24.710000
1779334238.181180,0,0.000000,0.000000,0.000000,0.000000,-25.690000,0.050000,-0.300000,0.000000,51.000000,24.720000
1779334238.181680,0,0.000000,0.000000,0.000000,0.000000,-25.690000,0.050000,-0.300000,0.000000,51.000000,24.730000
1779334238.202223,0,0.000000,0.000000,0.000000,0.000000,-25.690000,0.050000,-0.300000,0.000000,51.000000,24.750000
1779334238.202680,0,0.000000,0.000000,0.000000,0.000000,-25.690000,0.050000,-0.300000,0.000000,51.000000,24.760000
1779334238.226179,0,0.000000,0.000000,0.000000,0.000000,-25.690000,0.050000,-0.300000,0.000000,51.000000,24.770000
1779334238.226679,0,0.000000,0.000000,0.000000,0.000000,-18.500000,0.050000,-0.300000,0.000000,48.000000,24.780000
1779334238.247680,0,0.000000,0.000000,0.000000,0.000000,-18.500000,0.050000,-0.300000,0.000000,48.000000,24.790000
1779334238.248180,0,0.000000,0.000000,0.000000,0.000000,-18.500000,0.050000,-0.300000,0.000000,48.000000,24.790000
1779334238.270680,0,0.000000,0.000000,0.000000,0.000000,-18.500000,0.050000,-0.300000,0.000000,48.000000,24.800000
1779334238.271181,0,0.000000,0.000000,0.000000,0.000000,-18.500000,0.050000,-0.300000,0.000000,48.000000,24.810000
1779334238.271680,0,0.000000,0.000000,0.000000,0.000000,-13.840000,0.050000,-0.300000,0.000000,48.000000,24.820000
1779334238.293680,0,0.000000,0.000000,0.000000,0.000000,-13.840000,0.050000,-0.300000,0.000000,48.000000,24.840000
1779334238.294181,0,0.000000,0.000000,0.000000,0.000000,-13.840000,0.050000,-0.300000,0.000000,48.000000,24.850000
1779334238.315180,0,0.000000,0.000000,0.000000,0.000000,-13.840000,0.050000,-0.300000,0.000000,48.000000,24.860000
1779334238.315679,0,0.000000,0.000000,0.000000,0.000000,-13.840000,0.050000,-0.300000,0.000000,48.000000,24.870000
1779334238.337680,0,0.000000,0.000000,0.000000,0.000000,-11.850000,0.050000,-0.300000,0.000000,48.000000,24.880000
1779334238.338680,0,0.000000,0.000000,0.000000,0.000000,-11.850000,0.050000,-0.300000,0.000000,48.000000,24.890000
1779334238.360681,0,0.000000,0.000000,0.000000,0.000000,-11.850000,0.050000,-0.300000,0.000000,48.000000,24.900000
1779334238.361179,0,0.000000,0.000000,0.000000,0.000000,-11.850000,0.050000,-0.300000,0.000000,48.000000,24.920000
1779334238.382180,0,0.000000,0.000000,0.000000,0.000000,-11.850000,0.050000,-0.300000,0.000000,48.000000,24.930000
1779334238.383179,0,0.000000,0.000000,0.000000,0.000000,-14.060000,0.050000,-0.300000,0.000000,48.000000,24.940000
1779334238.405680,0,0.000000,0.000000,0.000000,0.000000,-14.060000,0.050000,-0.300000,0.000000,48.000000,24.950000
1779334238.406181,0,0.000000,0.000000,0.000000,0.000000,-14.060000,0.050000,-0.300000,0.000000,48.000000,24.950000
1779334238.426681,0,0.000000,0.000000,0.000000,0.000000,-14.060000,0.050000,-0.300000,0.000000,48.000000,24.960000
1779334238.427680,0,0.000000,0.000000,0.000000,0.000000,-14.060000,0.050000,-0.300000,0.000000,48.000000,24.980000
1779334238.450679,0,0.000000,0.000000,0.000000,0.000000,-14.060000,0.050000,-0.300000,0.000000,48.000000,25.000000
1779334238.451179,0,0.000000,0.000000,0.000000,0.000000,-14.060000,0.050000,-0.300000,0.000000,48.000000,25.010000
1779334238.472180,0,0.000000,0.000000,0.000000,0.000000,-14.060000,0.050000,-0.300000,0.000000,48.000000,25.020000
1779334238.472681,0,0.000000,0.000000,0.000000,0.000000,-14.060000,0.050000,-0.300000,0.000000,48.000000,25.030000
1779334238.494679,0,0.000000,0.000000,0.000000,0.000000,-15.500000,0.050000,-0.300000,0.000000,51.000000,25.040000
1779334238.495179,0,0.000000,0.000000,0.000000,0.000000,-15.500000,0.050000,-0.300000,0.000000,51.000000,25.040000
1779334238.517680,0,0.000000,0.000000,0.000000,0.000000,-15.500000,0.050000,-0.300000,0.000000,51.000000,25.050000
1779334238.518180,0,0.000000,0.000000,0.000000,0.000000,-15.500000,0.050000,-0.300000,0.000000,51.000000,25.060000
1779334238.540679,0,0.000000,0.000000,0.000000,0.000000,-15.500000,0.050000,-0.300000,0.000000,51.000000,25.070000
1779334238.541179,0,0.000000,0.000000,0.000000,0.000000,-16.430000,0.050000,-0.300000,0.000000,48.000000,25.090000
1779334238.563180,0,0.000000,0.000000,0.000000,0.000000,-16.430000,0.050000,-0.300000,0.000000,48.000000,25.100000
1779334238.563680,0,0.000000,0.000000,0.000000,0.000000,-16.430000,0.050000,-0.300000,0.000000,48.000000,25.110000
1779334238.585180,0,0.000000,0.000000,0.000000,0.000000,-16.430000,0.050000,-0.300000,0.000000,48.000000,25.120000
1779334238.585679,0,0.000000,0.000000,0.000000,0.000000,-16.430000,0.050000,-0.300000,0.000000,48.000000,25.130000
1779334238.586179,0,0.000000,0.000000,0.000000,0.000000,-16.690000,0.050000,-0.300000,0.000000,48.000000,25.140000
1779334238.608180,0,0.000000,0.000000,0.000000,0.000000,-16.690000,0.050000,-0.300000,0.000000,48.000000,25.150000
1779334238.608680,0,0.000000,0.000000,0.000000,0.000000,-16.690000,0.050000,-0.300000,0.000000,48.000000,25.170000
1779334238.630180,0,0.000000,0.000000,0.000000,0.000000,-16.690000,0.050000,-0.300000,0.000000,48.000000,25.180000
1779334238.630679,0,0.000000,0.000000,0.000000,0.000000,-16.690000,0.050000,-0.300000,0.000000,48.000000,25.190000
1779334238.654181,0,0.000000,0.000000,0.000000,0.000000,-16.500000,0.050000,-0.300000,0.000000,48.000000,25.200000
1779334238.655180,0,0.000000,0.000000,0.000000,0.000000,-16.500000,0.050000,-0.300000,0.000000,48.000000,25.200000
1779334238.676679,0,0.000000,0.000000,0.000000,0.000000,-16.500000,0.050000,-0.300000,0.000000,48.000000,25.210000
1779334238.676679,0,0.000000,0.000000,0.000000,0.000000,-16.500000,0.050000,-0.300000,0.000000,48.000000,25.220000
1779334238.698212,0,0.000000,0.000000,0.000000,0.000000,-16.500000,0.050000,-0.300000,0.000000,48.000000,25.230000
1779334238.698680,0,0.000000,0.000000,0.000000,0.000000,-16.380000,0.050000,-0.300000,0.000000,48.000000,25.250000
1779334238.720180,0,0.000000,0.000000,0.000000,0.000000,-16.380000,0.050000,-0.300000,0.000000,48.000000,25.270000
1779334238.720680,0,0.000000,0.000000,0.000000,0.000000,-16.380000,0.050000,-0.300000,0.000000,48.000000,25.280000
1779334238.742679,0,0.000000,0.000000,0.000000,0.000000,-16.380000,0.050000,-0.300000,0.000000,48.000000,25.290000
1779334238.743179,0,0.000000,0.000000,0.000000,0.000000,-16.380000,0.050000,-0.300000,0.000000,48.000000,25.290000
1779334238.765180,0,0.000000,0.000000,0.000000,0.000000,-16.380000,0.050000,-0.300000,0.000000,48.000000,25.300000
1779334238.787181,0,0.000000,0.000000,0.000000,0.000000,-16.380000,0.050000,-0.300000,0.000000,48.000000,25.310000
1779334238.787681,0,0.000000,0.000000,0.000000,0.000000,-16.380000,0.050000,-0.300000,0.000000,48.000000,25.320000
1779334238.788181,0,0.000000,0.000000,0.000000,0.000000,-16.380000,0.050000,-0.300000,0.000000,48.000000,25.340000
1779334238.810680,0,0.000000,0.000000,0.000000,0.000000,-17.010000,0.050000,-0.300000,0.000000,51.000000,25.350000
1779334238.831681,0,0.000000,0.000000,0.000000,0.000000,-17.010000,0.050000,-0.300000,0.000000,51.000000,25.360000
1779334238.832180,0,0.000000,0.000000,0.000000,0.000000,-17.010000,0.050000,-0.300000,0.000000,51.000000,25.370000
1779334238.832680,0,0.000000,0.000000,0.000000,0.000000,-17.010000,0.050000,-0.300000,0.000000,51.000000,25.380000
1779334238.833680,0,0.000000,0.000000,0.000000,0.000000,-17.010000,0.050000,-0.300000,0.000000,51.000000,25.390000
1779334238.859679,0,0.000000,0.000000,0.000000,0.000000,-17.050000,0.050000,-0.300000,0.000000,48.000000,25.400000
1779334238.860679,0,0.000000,0.000000,0.000000,0.000000,-17.050000,0.050000,-0.300000,0.000000,48.000000,25.420000
1779334238.881179,0,0.000000,0.000000,0.000000,0.000000,-17.050000,0.050000,-0.300000,0.000000,48.000000,25.430000
1779334238.882179,0,0.000000,0.000000,0.000000,0.000000,-17.050000,0.050000,-0.300000,0.000000,48.000000,25.440000
1779334238.904181,0,0.000000,0.000000,0.000000,0.000000,-17.050000,0.050000,-0.300000,0.000000,48.000000,25.450000
1779334238.904680,0,0.000000,0.000000,0.000000,0.000000,-16.390000,0.050000,-0.300000,0.000000,48.000000,25.450000
1779334238.925680,0,0.000000,0.000000,0.000000,0.000000,-16.390000,0.050000,-0.300000,0.000000,48.000000,25.460000
1779334238.926680,0,0.000000,0.000000,0.000000,0.000000,-16.390000,0.050000,-0.300000,0.000000,48.000000,25.470000
1779334238.948680,0,0.000000,0.000000,0.000000,0.000000,-16.390000,0.050000,-0.300000,0.000000,48.000000,25.480000
1779334238.970180,0,0.000000,0.000000,0.000000,0.000000,-16.390000,0.050000,-0.300000,0.000000,48.000000,25.500000
1779334238.970680,0,0.000000,0.000000,0.000000,0.000000,-15.970000,0.050000,-0.300000,0.000000,48.000000,25.510000
1779334238.971180,0,0.000000,0.000000,0.000000,0.000000,-15.970000,0.050000,-0.300000,0.000000,48.000000,25.520000
1779334238.971679,0,0.000000,0.000000,0.000000,0.000000,-15.970000,0.050000,-0.300000,0.000000,48.000000,25.530000
1779334238.993179,0,0.000000,0.000000,0.000000,0.000000,-15.970000,0.050000,-0.300000,0.000000,48.000000,25.540000
1779334238.993823,0,0.000000,0.000000,0.000000,0.000000,-15.970000,0.050000,-0.300000,0.000000,48.000000,25.540000
1779334239.015679,0,0.000000,0.000000,0.000000,0.000000,-15.680000,0.050000,-0.300000,0.000000,48.000000,25.550000
1779334239.016180,0,0.000000,0.000000,0.000000,0.000000,-15.680000,0.050000,-0.300000,0.000000,48.000000,25.560000
1779334239.016180,0,0.000000,0.000000,0.000000,0.000000,-15.680000,0.050000,-0.300000,0.000000,48.000000,25.570000
1779334239.038679,0,0.000000,0.000000,0.000000,0.000000,-15.680000,0.050000,-0.300000,0.000000,48.000000,25.590000
1779334239.062179,0,0.000000,0.000000,0.000000,0.000000,-15.680000,0.050000,-0.300000,0.000000,48.000000,25.600000
1779334239.062680,0,0.000000,0.000000,0.000000,0.000000,-9.190000,0.050000,-0.300000,0.000000,48.000000,25.610000
1779334239.083179,0,0.000000,0.000000,0.000000,0.000000,-9.190000,0.050000,-0.300000,0.000000,48.000000,25.620000
1779334239.083679,0,0.000000,0.000000,0.000000,0.000000,-9.190000,0.050000,-0.300000,0.000000,48.000000,25.620000
1779334239.084179,0,0.000000,0.000000,0.000000,0.000000,-9.190000,0.050000,-0.300000,0.000000,48.000000,25.630000
1779334239.106679,0,0.000000,0.000000,0.000000,0.000000,-9.190000,0.050000,-0.300000,0.000000,48.000000,25.640000
1779334239.128680,0,0.000000,0.000000,0.000000,0.000000,-9.190000,0.050000,-0.300000,0.000000,48.000000,25.650000
1779334239.129181,0,0.000000,0.000000,0.000000,0.000000,-9.190000,0.050000,-0.300000,0.000000,48.000000,25.670000
1779334239.129681,0,0.000000,0.000000,0.000000,0.000000,-9.190000,0.050000,-0.300000,0.000000,48.000000,25.680000
1779334239.150680,0,0.000000,0.000000,0.000000,0.000000,-9.190000,0.050000,-0.300000,0.000000,48.000000,25.700000
1779334239.151180,0,0.000000,0.000000,0.000000,0.000000,-9.190000,0.050000,-0.300000,0.000000,48.000000,25.700000
1779334239.173679,0,0.000000,0.000000,0.000000,0.000000,-4.980000,0.050000,-0.300000,0.000000,51.000000,25.710000
1779334239.174179,0,0.000000,0.000000,0.000000,0.000000,-4.980000,0.050000,-0.300000,0.000000,51.000000,25.720000
1779334239.196181,0,0.000000,0.000000,0.000000,0.000000,-4.980000,0.050000,-0.300000,0.000000,51.000000,25.730000
1779334239.196679,0,0.000000,0.000000,0.000000,0.000000,-4.980000,0.050000,-0.300000,0.000000,51.000000,25.750000
1779334239.218679,0,0.000000,0.000000,0.000000,0.000000,-4.980000,0.050000,-0.300000,0.000000,51.000000,25.760000
1779334239.219179,0,0.000000,0.000000,0.000000,0.000000,-2.250000,0.050000,-0.300000,0.000000,48.000000,25.770000
1779334239.240179,0,0.000000,0.000000,0.000000,0.000000,-2.250000,0.050000,-0.300000,0.000000,48.000000,25.780000
1779334239.240179,0,0.000000,0.000000,0.000000,0.000000,-2.250000,0.050000,-0.300000,0.000000,48.000000,25.790000
1779334239.263679,0,0.000000,0.000000,0.000000,0.000000,-2.250000,0.050000,-0.300000,0.000000,48.000000,25.790000
1779334239.264179,0,0.000000,0.000000,0.000000,0.000000,-2.250000,0.050000,-0.300000,0.000000,48.000000,25.800000
1779334239.285679,0,0.000000,0.000000,0.000000,0.000000,-2.220000,0.050000,-0.300000,0.000000,48.000000,25.810000
1779334239.286179,0,0.000000,0.000000,0.000000,0.000000,-2.220000,0.050000,-0.300000,0.000000,48.000000,25.840000
1779334239.286679,0,0.000000,0.000000,0.000000,0.000000,-2.220000,0.050000,-0.300000,0.000000,48.000000,25.850000
1779334239.307679,0,0.000000,0.000000,0.000000,0.000000,-2.220000,0.050000,-0.300000,0.000000,48.000000,25.860000
1779334239.329179,0,0.000000,0.000000,0.000000,0.000000,-2.220000,0.050000,-0.300000,0.000000,48.000000,25.870000
1779334239.329680,0,0.000000,0.000000,0.000000,0.000000,1.640000,0.050000,-0.300000,0.000000,48.000000,25.870000
1779334239.330180,0,0.000000,0.000000,0.000000,0.000000,1.640000,0.050000,-0.300000,0.000000,48.000000,25.880000
1779334239.352680,0,0.000000,0.000000,0.000000,0.000000,1.640000,0.050000,-0.300000,0.000000,48.000000,25.890000
1779334239.353180,0,0.000000,0.000000,0.000000,0.000000,1.640000,0.050000,-0.300000,0.000000,48.000000,25.900000
1779334239.374180,0,0.000000,0.000000,0.000000,0.000000,1.640000,0.050000,-0.300000,0.000000,48.000000,25.920000
1779334239.374680,0,0.000000,0.000000,0.000000,0.000000,4.150000,0.050000,-0.300000,0.000000,48.000000,25.930000
1779334239.375180,0,0.000000,0.000000,0.000000,0.000000,4.150000,0.050000,-0.300000,0.000000,48.000000,25.940000
1779334239.397179,0,0.000000,0.000000,0.000000,0.000000,4.150000,0.050000,-0.300000,0.000000,48.000000,25.950000
1779334239.397679,0,0.000000,0.000000,0.000000,0.000000,4.150000,0.050000,-0.300000,0.000000,48.000000,25.950000
1779334239.419681,0,0.000000,0.000000,0.000000,0.000000,4.150000,0.050000,-0.300000,0.000000,48.000000,25.960000
1779334239.420181,0,0.000000,0.000000,0.000000,0.000000,5.800000,0.050000,-0.300000,0.000000,48.000000,25.970000
1779334239.441679,0,0.000000,0.000000,0.000000,0.000000,5.800000,0.050000,-0.300000,0.000000,48.000000,25.980000
1779334239.442179,0,0.000000,0.000000,0.000000,0.000000,5.800000,0.050000,-0.300000,0.000000,48.000000,26.000000
1779334239.465680,0,0.000000,0.000000,0.000000,0.000000,5.800000,0.050000,-0.300000,0.000000,48.000000,26.010000
1779334239.466179,0,0.000000,0.000000,0.000000,0.000000,5.800000,0.050000,-0.300000,0.000000,48.000000,26.020000
1779334239.487679,0,0.000000,0.000000,0.000000,0.000000,6.510000,0.050000,-0.300000,0.000000,48.000000,26.030000
1779334239.488179,0,0.000000,0.000000,0.000000,0.000000,6.510000,0.050000,-0.300000,0.000000,48.000000,26.040000
1779334239.488679,0,0.000000,0.000000,0.000000,0.000000,6.510000,0.050000,-0.300000,0.000000,48.000000,26.040000
1779334239.510679,0,0.000000,0.000000,0.000000,0.000000,6.510000,0.050000,-0.300000,0.000000,48.000000,26.050000
1779334239.511179,0,0.000000,0.000000,0.000000,0.000000,6.510000,0.050000,-0.300000,0.000000,48.000000,26.060000
1779334239.531679,0,0.000000,0.000000,0.000000,0.000000,6.510000,0.050000,-0.300000,0.000000,48.000000,26.070000
1779334239.531679,0,0.000000,0.000000,0.000000,0.000000,6.510000,0.050000,-0.300000,0.000000,48.000000,26.090000
1779334239.553180,0,0.000000,0.000000,0.000000,0.000000,6.510000,0.050000,-0.300000,0.000000,48.000000,26.100000
1779334239.553679,0,0.000000,0.000000,0.000000,0.000000,6.510000,0.050000,-0.300000,0.000000,48.000000,26.110000
1779334239.574680,0,0.000000,0.000000,0.000000,0.000000,6.510000,0.050000,-0.300000,0.000000,48.000000,26.120000
1779334239.575680,0,0.000000,0.000000,0.000000,0.000000,6.510000,0.050000,-0.300000,0.000000,48.000000,26.120000
1779334239.597264,0,0.000000,0.000000,0.000000,0.000000,6.510000,0.050000,-0.300000,0.000000,48.000000,26.130000
1779334239.597679,0,0.000000,0.000000,0.000000,0.000000,6.510000,0.050000,-0.300000,0.000000,48.000000,26.140000
1779334239.618679,0,0.000000,0.000000,0.000000,0.000000,6.510000,0.050000,-0.300000,0.000000,48.000000,26.150000
1779334239.619179,0,0.000000,0.000000,0.000000,0.000000,6.510000,0.050000,-0.300000,0.000000,52.000000,26.180000
1779334239.620180,0,0.000000,0.000000,0.000000,0.000000,9.770000,0.050000,-0.300000,0.000000,51.000000,26.180000
1779334239.640681,0,0.000000,0.000000,0.000000,0.000000,9.770000,0.050000,-0.300000,0.000000,51.000000,26.190000
1779334239.641181,0,0.000000,0.000000,0.000000,0.000000,9.770000,0.050000,-0.300000,0.000000,51.000000,26.200000
1779334239.679679,0,0.000000,0.000000,0.000000,0.000000,9.770000,0.050000,-0.300000,0.000000,51.000000,26.200000
1779334239.680179,0,0.000000,0.000000,0.000000,0.000000,9.770000,0.050000,-0.300000,0.000000,51.000000,26.210000
1779334239.680679,0,0.000000,0.000000,0.000000,0.000000,9.770000,0.050000,-0.300000,0.000000,51.000000,26.230000
1779334239.681179,0,0.000000,0.000000,0.000000,0.000000,9.770000,0.050000,-0.300000,0.000000,51.000000,26.250000
1779334239.681679,0,0.000000,0.000000,0.000000,0.000000,9.770000,0.050000,-0.300000,0.000000,51.000000,26.260000
1779334239.721179,0,0.000000,0.000000,0.000000,0.000000,9.770000,0.050000,-0.300000,0.000000,51.000000,26.270000
1779334239.721679,0,0.000000,0.000000,0.000000,0.000000,9.770000,0.050000,-0.300000,0.000000,51.000000,26.280000
1779334239.722179,0,0.000000,0.000000,0.000000,0.000000,11.890000,0.050000,-0.300000,0.000000,51.000000,26.290000
1779334239.759180,0,0.000000,0.000000,0.000000,0.000000,11.890000,0.050000,-0.300000,0.000000,51.000000,26.290000
1779334239.759679,0,0.000000,0.000000,0.000000,0.000000,11.890000,0.050000,-0.300000,0.000000,51.000000,26.300000
1779334239.760180,0,0.000000,0.000000,0.000000,0.000000,11.890000,0.050000,-0.300000,0.000000,51.000000,26.310000
1779334239.760679,0,0.000000,0.000000,0.000000,0.000000,11.890000,0.050000,-0.300000,0.000000,51.000000,26.320000
1779334239.760679,0,0.000000,0.000000,0.000000,0.000000,2.760000,0.050000,-0.300000,0.000000,48.000000,26.340000
1779334239.798179,0,0.000000,0.000000,0.000000,0.000000,2.760000,0.050000,-0.300000,0.000000,48.000000,26.350000
1779334239.798707,0,0.000000,0.000000,0.000000,0.000000,2.760000,0.050000,-0.300000,0.000000,48.000000,26.360000
1779334239.799179,0,0.000000,0.000000,0.000000,0.000000,2.760000,0.050000,-0.300000,0.000000,48.000000,26.370000
1779334239.820679,0,0.000000,0.000000,0.000000,0.000000,2.760000,0.050000,-0.300000,0.000000,48.000000,26.370000
1779334239.846179,0,0.000000,0.000000,0.000000,0.000000,-10.500000,0.050000,-0.310000,0.000000,48.000000,26.380000
1779334239.846679,0,0.000000,0.000000,0.000000,0.000000,-10.500000,0.050000,-0.310000,0.000000,48.000000,26.390000
1779334239.869680,0,0.000000,0.000000,0.000000,0.000000,-10.500000,0.050000,-0.310000,0.000000,48.000000,26.400000
1779334239.870181,0,0.000000,0.000000,0.000000,0.000000,-10.500000,0.050000,-0.310000,0.000000,48.000000,26.420000
1779334239.891179,0,0.000000,0.000000,0.000000,0.000000,-10.500000,0.050000,-0.310000,0.000000,48.000000,26.430000
1779334239.892179,0,0.000000,0.000000,0.000000,0.000000,-19.130000,0.050000,-0.310000,0.000000,48.000000,26.440000
1779334239.892179,0,0.000000,0.000000,0.000000,0.000000,-19.130000,0.050000,-0.310000,0.000000,48.000000,26.450000
1779334239.914680,0,0.000000,0.000000,0.000000,0.000000,-19.130000,0.050000,-0.310000,0.000000,48.000000,26.450000
1779334239.915681,0,0.000000,0.000000,0.000000,0.000000,-19.130000,0.050000,-0.310000,0.000000,48.000000,26.460000
1779334239.936679,0,0.000000,0.000000,0.000000,0.000000,-19.130000,0.050000,-0.310000,0.000000,48.000000,26.470000
1779334239.937179,0,0.000000,0.000000,0.000000,0.000000,-19.500000,0.050000,-0.310000,0.000000,48.000000,26.500000
1779334239.958179,0,0.000000,0.000000,0.000000,0.000000,-19.500000,0.050000,-0.310000,0.000000,48.000000,26.510000
1779334239.958679,0,0.000000,0.000000,0.000000,0.000000,-19.500000,0.050000,-0.310000,0.000000,48.000000,26.520000
1779334239.980180,0,0.000000,0.000000,0.000000,0.000000,-19.500000,0.050000,-0.310000,0.000000,48.000000,26.530000
1779334239.980680,0,0.000000,0.000000,0.000000,0.000000,-19.500000,0.050000,-0.310000,0.000000,48.000000,26.540000
1779334240.002180,0,0.000000,0.000000,0.000000,0.000000,-14.130000,0.050000,-0.310000,0.000000,48.000000,26.540000
1779334240.022679,0,0.000000,0.000000,0.000000,0.000000,-14.130000,0.050000,-0.310000,0.000000,48.000000,26.550000
1779334240.023179,0,0.000000,0.000000,0.000000,0.000000,-14.130000,0.050000,-0.310000,0.000000,48.000000,26.570000
1779334240.023679,0,0.000000,0.000000,0.000000,0.000000,-14.130000,0.050000,-0.310000,0.000000,48.000000,26.590000
1779334240.045180,0,0.000000,0.000000,0.000000,0.000000,-14.130000,0.050000,-0.310000,0.000000,48.000000,26.600000
1779334240.046179,0,0.000000,0.000000,0.000000,0.000000,-14.130000,0.050000,-0.310000,0.000000,48.000000,26.610000
1779334240.068180,0,0.000000,0.000000,0.000000,0.000000,-14.130000,0.050000,-0.310000,0.000000,48.000000,26.620000
1779334240.068680,0,0.000000,0.000000,0.000000,0.000000,-14.130000,0.050000,-0.310000,0.000000,48.000000,26.620000
1779334240.090679,0,0.000000,0.000000,0.000000,0.000000,-14.130000,0.050000,-0.310000,0.000000,48.000000,26.630000
1779334240.090679,0,0.000000,0.000000,0.000000,0.000000,-14.130000,0.050000,-0.310000,0.000000,48.000000,26.640000
1779334240.112180,0,0.000000,0.000000,0.000000,0.000000,-14.130000,0.050000,-0.310000,0.000000,48.000000,26.650000
1779334240.112680,0,0.000000,0.000000,0.000000,0.000000,-14.130000,0.050000,-0.310000,0.000000,48.000000,26.670000
1779334240.133679,0,0.000000,0.000000,0.000000,0.000000,-14.130000,0.050000,-0.310000,0.000000,48.000000,26.680000
1779334240.155679,0,0.000000,0.000000,0.000000,0.000000,-14.130000,0.050000,-0.310000,0.000000,48.000000,26.690000
1779334240.156179,0,0.000000,0.000000,0.000000,0.000000,-14.130000,0.050000,-0.310000,0.000000,48.000000,26.700000
1779334240.156179,0,0.000000,0.000000,0.000000,0.000000,0.000000,0.000000,0.000000,0.000000,63.000000,26.700000
1779334240.177180,0,0.000000,0.000000,0.000000,0.000000,0.000000,0.000000,0.000000,0.000000,63.000000,26.710000
1779334240.177680,0,0.000000,0.000000,0.000000,0.000000,0.000000,0.000000,0.000000,0.000000,63.000000,26.720000
1779334240.198680,0,0.000000,0.000000,0.000000,0.000000,0.000000,0.000000,0.000000,0.000000,63.000000,26.730000
1779334240.199180,0,0.000000,0.000000,0.000000,0.000000,0.000000,0.000000,0.000000,0.000000,63.000000,26.750000
1779334240.220679,0,0.000000,0.000000,0.000000,0.000000,0.000000,0.000000,0.000000,0.000000,63.000000,26.760000
1779334240.243179,0,0.000000,0.000000,0.000000,0.000000,0.000000,0.000000,0.000000,0.000000,63.000000,26.780000
1779334240.243679,0,0.000000,0.000000,0.000000,0.000000,0.000000,0.000000,0.000000,0.000000,63.000000,26.790000
1779334240.243679,0,0.000000,0.000000,0.000000,0.000000,0.000000,0.000000,0.000000,0.000000,63.000000,26.790000
1779334240.265179,0,0.000000,0.000000,0.000000,0.000000,0.000000,0.000000,0.000000,0.000000,63.000000,26.800000
1779334240.265679,0,0.000000,0.000000,0.000000,0.000000,0.000000,0.000000,0.000000,0.000000,63.000000,26.810000
1779334240.266181,0,0.000000,0.000000,0.000000,0.000000,0.000000,0.000000,0.000000,0.000000,63.000000,26.820000
1779334240.287679,0,0.000000,0.000000,0.000000,0.000000,0.000000,0.000000,0.000000,0.000000,63.000000,26.840000
1779334240.288179,0,0.000000,0.000000,0.000000,0.000000,0.000000,0.000000,0.000000,0.000000,63.000000,26.850000
1779334240.327679,0,0.000000,0.000000,0.000000,0.000000,0.000000,0.000000,0.000000,0.000000,63.000000,26.860000
1779334240.328179,0,0.000000,0.000000,0.000000,0.000000,0.000000,0.000000,0.000000,0.000000,63.000000,26.870000
1779334240.328679,0,0.000000,0.000000,0.000000,0.000000,0.000000,0.000000,0.000000,0.000000,63.000000,26.870000
1779334240.329179,0,0.000000,0.000000,0.000000,0.000000,0.000000,0.000000,0.000000,0.000000,63.000000,26.880000
1779334240.329680,0,0.000000,0.000000,0.000000,0.000000,0.000000,0.000000,0.000000,0.000000,63.000000,26.890000
1779334240.330179,0,0.000000,0.000000,0.000000,0.000000,0.000000,0.000000,0.000000,0.000000,63.000000,26.900000
1779334240.367679,0,0.000000,0.000000,0.000000,0.000000,-12.030000,0.050000,-0.310000,0.000000,51.000000,26.920000
1779334240.368680,0,0.000000,0.000000,0.000000,0.000000,-12.030000,0.050000,-0.310000,0.000000,51.000000,26.930000
1779334240.368680,0,0.000000,0.000000,0.000000,0.000000,-12.030000,0.050000,-0.310000,0.000000,51.000000,26.940000
1779334240.389679,0,0.000000,0.000000,0.000000,0.000000,-12.030000,0.050000,-0.310000,0.000000,51.000000,26.950000
1779334240.410180,0,0.000000,0.000000,0.000000,0.000000,-100.270000,0.050000,-0.310000,0.000000,48.000000,26.950000
1779334240.431679,0,0.000000,0.000000,0.000000,0.000000,-100.270000,0.050000,-0.310000,0.000000,48.000000,26.970000
1779334240.452179,0,0.000000,0.000000,0.000000,0.000000,-100.270000,0.050000,-0.310000,0.000000,48.000000,26.980000
1779334240.452679,0,0.000000,0.000000,0.000000,0.000000,-100.270000,0.050000,-0.310000,0.000000,48.000000,27.000000
1779334240.453180,0,0.000000,0.000000,0.000000,0.000000,-100.270000,0.050000,-0.310000,0.000000,48.000000,27.010000
1779334240.475179,0,0.000000,0.000000,0.000000,0.000000,-157.630000,0.050000,-0.310000,0.000000,48.000000,27.020000
1779334240.475680,0,0.000000,0.000000,0.000000,0.000000,-157.630000,0.050000,-0.310000,0.000000,48.000000,27.030000
1779334240.498180,0,0.000000,0.000000,0.000000,0.000000,-157.630000,0.050000,-0.310000,0.000000,48.000000,27.040000
1779334240.519681,0,0.000000,0.000000,0.000000,0.000000,-157.630000,0.050000,-0.310000,0.000000,48.000000,27.040000
1779334240.520180,0,0.000000,0.000000,0.000000,0.000000,-157.630000,0.050000,-0.310000,0.000000,48.000000,27.050000
1779334240.520680,0,0.000000,0.000000,0.000000,0.000000,-115.830000,0.050000,-0.310000,0.000000,48.000000,27.070000
1779334240.542680,0,0.000000,0.000000,0.000000,0.000000,-115.830000,0.050000,-0.310000,0.000000,48.000000,27.090000
1779334240.543180,0,0.000000,0.000000,0.000000,0.000000,-115.830000,0.050000,-0.310000,0.000000,48.000000,27.100000
1779334240.564178,0,0.000000,0.000000,0.000000,0.000000,-115.830000,0.050000,-0.310000,0.000000,48.000000,27.110000
1779334240.564679,0,0.000000,0.000000,0.000000,0.000000,32.810000,0.050000,-0.310000,0.000000,48.000000,27.120000
1779334240.565179,0,0.000000,0.000000,0.000000,0.000000,32.810000,0.050000,-0.310000,0.000000,48.000000,27.120000
1779334240.587680,0,0.000000,0.000000,0.000000,0.000000,32.810000,0.050000,-0.310000,0.000000,48.000000,27.130000
1779334240.588181,0,0.000000,0.000000,0.000000,0.000000,32.810000,0.050000,-0.310000,0.000000,48.000000,27.140000
1779334240.609680,0,0.000000,0.000000,0.000000,0.000000,32.810000,0.050000,-0.310000,0.000000,48.000000,27.150000
1779334240.610180,0,0.000000,0.000000,0.000000,0.000000,32.810000,0.050000,-0.310000,0.000000,48.000000,27.170000
1779334240.630679,0,0.000000,0.000000,0.000000,0.000000,293.570000,0.050000,-0.310000,0.000000,48.000000,27.180000
1779334240.631179,0,0.000000,0.000000,0.000000,0.000000,293.570000,0.050000,-0.310000,0.000000,48.000000,27.190000
1779334240.653679,0,0.000000,0.000000,0.000000,0.000000,293.570000,0.050000,-0.310000,0.000000,48.000000,27.200000
1779334240.654179,0,0.000000,0.000000,0.000000,0.000000,293.570000,0.050000,-0.310000,0.000000,48.000000,27.200000
1779334240.673679,0,0.000000,0.000000,0.000000,0.000000,293.570000,0.050000,-0.310000,0.000000,48.000000,27.210000
1779334240.674179,0,0.000000,0.000000,0.000000,0.000000,322.200000,0.050000,-0.330000,0.000000,48.000000,27.220000
1779334240.675179,0,0.000000,0.000000,0.000000,0.000000,322.200000,0.050000,-0.330000,0.000000,48.000000,27.230000
1779334240.696680,0,0.000000,0.000000,0.000000,0.000000,322.200000,0.050000,-0.330000,0.000000,48.000000,27.250000
1779334240.718679,0,0.000000,0.000000,0.000000,0.000000,322.200000,0.050000,-0.330000,0.000000,48.000000,27.260000
1779334240.719181,0,0.000000,0.000000,0.000000,0.000000,322.200000,0.050000,-0.330000,0.000000,48.000000,27.270000
1779334240.740679,0,0.000000,0.000000,0.000000,0.000000,99.910000,0.070000,-0.340000,0.000000,48.000000,27.280000
1779334240.741179,0,0.000000,0.000000,0.000000,0.000000,99.910000,0.070000,-0.340000,0.000000,48.000000,27.290000
1779334240.761679,0,0.000000,0.000000,0.000000,0.000000,99.910000,0.070000,-0.340000,0.000000,48.000000,27.290000
1779334240.762179,0,0.000000,0.000000,0.000000,0.000000,99.910000,0.070000,-0.340000,0.000000,48.000000,27.300000
1779334240.762679,0,0.000000,0.000000,0.000000,0.000000,99.910000,0.070000,-0.340000,0.000000,48.000000,27.310000
1779334240.784179,0,0.000000,0.000000,0.000000,0.000000,271.290000,0.100000,-0.340000,0.000000,48.000000,27.320000
1779334240.784679,0,0.000000,0.000000,0.000000,0.000000,271.290000,0.100000,-0.340000,0.000000,48.000000,27.340000
1779334240.806679,0,0.000000,0.000000,0.000000,0.000000,271.290000,0.100000,-0.340000,0.000000,48.000000,27.350000
1779334240.807178,0,0.000000,0.000000,0.000000,0.000000,271.290000,0.100000,-0.340000,0.000000,48.000000,27.360000
1779334240.829679,0,0.000000,0.000000,0.000000,0.000000,271.290000,0.100000,-0.340000,0.000000,48.000000,27.370000
1779334240.829679,0,0.000000,0.000000,0.000000,0.000000,-260.570000,0.100000,-0.360000,0.000000,48.000000,27.370000
1779334240.854680,0,0.000000,0.000000,0.000000,0.000000,-260.570000,0.100000,-0.360000,0.000000,48.000000,27.380000
1779334240.855180,0,0.000000,0.000000,0.000000,0.000000,-260.570000,0.100000,-0.360000,0.000000,48.000000,27.390000
1779334240.855680,0,0.000000,0.000000,0.000000,0.000000,-260.570000,0.100000,-0.360000,0.000000,48.000000,27.400000
1779334240.877180,0,0.000000,0.000000,0.000000,0.000000,-260.570000,0.100000,-0.360000,0.000000,48.000000,27.420000
1779334240.877679,0,0.000000,0.000000,0.000000,0.000000,-138.640000,0.110000,-0.370000,0.000000,48.000000,27.430000
1779334240.898680,0,0.000000,0.000000,0.000000,0.000000,-138.640000,0.110000,-0.370000,0.000000,48.000000,27.440000
1779334240.920179,0,0.000000,0.000000,0.000000,0.000000,-138.640000,0.110000,-0.370000,0.000000,48.000000,27.450000
1779334240.920679,0,0.000000,0.000000,0.000000,0.000000,-138.640000,0.110000,-0.370000,0.000000,48.000000,27.450000
1779334240.921179,0,0.000000,0.000000,0.000000,0.000000,-138.640000,0.110000,-0.370000,0.000000,48.000000,27.460000
1779334240.942678,0,0.000000,0.000000,0.000000,0.000000,-98.810000,0.120000,-0.370000,0.000000,48.000000,27.480000
1779334240.943179,0,0.000000,0.000000,0.000000,0.000000,-98.810000,0.120000,-0.370000,0.000000,48.000000,27.500000
1779334240.964679,0,0.000000,0.000000,0.000000,0.000000,-98.810000,0.120000,-0.370000,0.000000,48.000000,27.510000
1779334240.965178,0,0.000000,0.000000,0.000000,0.000000,-98.810000,0.120000,-0.370000,0.000000,48.000000,27.520000
1779334240.987179,0,0.000000,0.000000,0.000000,0.000000,-98.810000,0.120000,-0.370000,0.000000,48.000000,27.530000
1779334240.987679,0,0.000000,0.000000,0.000000,0.000000,91.830000,0.120000,-0.370000,0.000000,48.000000,27.540000
1779334241.010180,0,0.000000,0.000000,0.000000,0.000000,91.830000,0.120000,-0.370000,0.000000,48.000000,27.540000
1779334241.010680,0,0.000000,0.000000,0.000000,0.000000,91.830000,0.120000,-0.370000,0.000000,48.000000,27.550000
1779334241.011180,0,0.000000,0.000000,0.000000,0.000000,91.830000,0.120000,-0.370000,0.000000,48.000000,27.560000
1779334241.033180,0,0.000000,0.000000,0.000000,0.000000,91.830000,0.120000,-0.370000,0.000000,48.000000,27.570000
1779334241.033680,0,0.000000,0.000000,0.000000,0.000000,-132.970000,0.120000,-0.370000,0.000000,48.000000,27.590000
1779334241.054680,0,0.000000,0.000000,0.000000,0.000000,-132.970000,0.120000,-0.370000,0.000000,48.000000,27.600000
1779334241.055180,0,0.000000,0.000000,0.000000,0.000000,-132.970000,0.120000,-0.370000,0.000000,48.000000,27.610000
1779334241.076679,0,0.000000,0.000000,0.000000,0.000000,-132.970000,0.120000,-0.370000,0.000000,48.000000,27.620000
1779334241.077179,0,0.000000,0.000000,0.000000,0.000000,-132.970000,0.120000,-0.370000,0.000000,48.000000,27.620000
1779334241.099179,0,0.000000,0.000000,0.000000,0.000000,105.940000,0.120000,-0.370000,0.000000,48.000000,27.630000
1779334241.099679,0,0.000000,0.000000,0.000000,0.000000,105.940000,0.120000,-0.370000,0.000000,48.000000,27.640000
1779334241.100179,0,0.000000,0.000000,0.000000,0.000000,105.940000,0.120000,-0.370000,0.000000,48.000000,27.650000
1779334241.120679,0,0.000000,0.000000,0.000000,0.000000,105.940000,0.120000,-0.370000,0.000000,48.000000,27.670000
1779334241.121179,0,0.000000,0.000000,0.000000,0.000000,105.940000,0.120000,-0.370000,0.000000,48.000000,27.680000
1779334241.141680,0,0.000000,0.000000,0.000000,0.000000,105.940000,0.120000,-0.370000,0.000000,48.000000,27.690000
1779334241.142180,0,0.000000,0.000000,0.000000,0.000000,105.940000,0.120000,-0.370000,0.000000,48.000000,27.700000
1779334241.163679,0,0.000000,0.000000,0.000000,0.000000,105.940000,0.120000,-0.370000,0.000000,48.000000,27.700000
1779334241.184678,0,0.000000,0.000000,0.000000,0.000000,105.940000,0.120000,-0.370000,0.000000,48.000000,27.710000
1779334241.185178,0,0.000000,0.000000,0.000000,0.000000,105.940000,0.120000,-0.370000,0.000000,48.000000,27.720000
1779334241.185678,0,0.000000,0.000000,0.000000,0.000000,105.940000,0.120000,-0.370000,0.000000,48.000000,27.730000
1779334241.207179,0,0.000000,0.000000,0.000000,0.000000,105.940000,0.120000,-0.370000,0.000000,48.000000,27.750000
1779334241.229180,0,0.000000,0.000000,0.000000,0.000000,105.940000,0.120000,-0.370000,0.000000,48.000000,27.760000
1779334241.229680,0,0.000000,0.000000,0.000000,0.000000,105.940000,0.120000,-0.370000,0.000000,48.000000,27.770000
1779334241.230180,0,0.000000,0.000000,0.000000,0.000000,105.940000,0.120000,-0.370000,0.000000,48.000000,27.780000
1779334241.252179,0,0.000000,0.000000,0.000000,0.000000,0.000000,0.000000,0.000000,0.000000,63.000000,27.790000
1779334241.252681,0,0.000000,0.000000,0.000000,0.000000,0.000000,0.000000,0.000000,0.000000,63.000000,27.800000
1779334241.275180,0,0.000000,0.000000,0.000000,0.000000,0.000000,0.000000,0.000000,0.000000,63.000000,27.810000
1779334241.275680,0,0.000000,0.000000,0.000000,0.000000,0.000000,0.000000,0.000000,0.000000,63.000000,27.820000
1779334241.296680,0,0.000000,0.000000,0.000000,0.000000,0.000000,0.000000,0.000000,0.000000,63.000000,27.840000
1779334241.297180,0,0.000000,0.000000,0.000000,0.000000,84.830000,0.110000,-0.370000,0.000000,51.000000,27.850000
1779334241.297680,0,0.000000,0.000000,0.000000,0.000000,84.830000,0.110000,-0.370000,0.000000,51.000000,27.860000
1779334241.317679,0,0.000000,0.000000,0.000000,0.000000,84.830000,0.110000,-0.370000,0.000000,51.000000,27.870000
1779334241.318180,0,0.000000,0.000000,0.000000,0.000000,84.830000,0.110000,-0.370000,0.000000,51.000000,27.870000
1779334241.339679,0,0.000000,0.000000,0.000000,0.000000,84.830000,0.110000,-0.370000,0.000000,51.000000,27.880000
1779334241.340179,0,0.000000,0.000000,0.000000,0.000000,254.410000,0.100000,-0.360000,0.000000,48.000000,27.890000
1779334241.362179,0,0.000000,0.000000,0.000000,0.000000,254.410000,0.100000,-0.360000,0.000000,48.000000,27.900000
1779334241.362679,0,0.000000,0.000000,0.000000,0.000000,254.410000,0.100000,-0.360000,0.000000,48.000000,27.920000
1779334241.384679,0,0.000000,0.000000,0.000000,0.000000,254.410000,0.100000,-0.360000,0.000000,48.000000,27.930000
1779334241.385179,0,0.000000,0.000000,0.000000,0.000000,254.410000,0.100000,-0.360000,0.000000,48.000000,27.940000
1779334241.406679,0,0.000000,0.000000,0.000000,0.000000,254.410000,0.100000,-0.360000,0.000000,48.000000,27.950000
1779334241.407178,0,0.000000,0.000000,0.000000,0.000000,280.890000,0.100000,-0.360000,0.000000,48.000000,27.950000
1779334241.429179,0,0.000000,0.000000,0.000000,0.000000,280.890000,0.100000,-0.360000,0.000000,48.000000,27.960000
1779334241.429679,0,0.000000,0.000000,0.000000,0.000000,280.890000,0.100000,-0.360000,0.000000,48.000000,27.970000
1779334241.450680,0,0.000000,0.000000,0.000000,0.000000,280.890000,0.100000,-0.360000,0.000000,48.000000,27.980000
1779334241.451179,0,0.000000,0.000000,0.000000,0.000000,-260.510000,0.100000,-0.340000,0.000000,48.000000,28.000000
1779334241.472179,0,0.000000,0.000000,0.000000,0.000000,-260.510000,0.100000,-0.340000,0.000000,48.000000,28.010000
1779334241.472679,0,0.000000,0.000000,0.000000,0.000000,-260.510000,0.100000,-0.340000,0.000000,48.000000,28.030000
1779334241.493679,0,0.000000,0.000000,0.000000,0.000000,-260.510000,0.100000,-0.340000,0.000000,48.000000,28.040000
1779334241.494179,0,0.000000,0.000000,0.000000,0.000000,-260.510000,0.100000,-0.340000,0.000000,48.000000,28.040000
1779334241.494679,0,0.000000,0.000000,0.000000,0.000000,-102.120000,0.090000,-0.340000,0.000000,48.000000,28.050000
1779334241.515180,0,0.000000,0.000000,0.000000,0.000000,-102.120000,0.090000,-0.340000,0.000000,48.000000,28.060000
1779334241.515680,0,0.000000,0.000000,0.000000,0.000000,-102.120000,0.090000,-0.340000,0.000000,48.000000,28.070000
1779334241.537179,0,0.000000,0.000000,0.000000,0.000000,-102.120000,0.090000,-0.340000,0.000000,48.000000,28.090000
1779334241.558180,0,0.000000,0.000000,0.000000,0.000000,-102.120000,0.090000,-0.340000,0.000000,48.000000,28.100000
1779334241.558679,0,0.000000,0.000000,0.000000,0.000000,-119.340000,0.090000,-0.340000,0.000000,48.000000,28.110000
1779334241.580679,0,0.000000,0.000000,0.000000,0.000000,-119.340000,0.090000,-0.340000,0.000000,48.000000,28.120000
1779334241.581180,0,0.000000,0.000000,0.000000,0.000000,-119.340000,0.090000,-0.340000,0.000000,48.000000,28.130000
1779334241.602179,0,0.000000,0.000000,0.000000,0.000000,-119.340000,0.090000,-0.340000,0.000000,48.000000,28.130000
1779334241.602679,0,0.000000,0.000000,0.000000,0.000000,-119.340000,0.090000,-0.340000,0.000000,48.000000,28.150000
1779334241.622679,0,0.000000,0.000000,0.000000,0.000000,-119.340000,0.090000,-0.340000,0.000000,48.000000,28.170000
1779334241.623180,0,0.000000,0.000000,0.000000,0.000000,-119.340000,0.090000,-0.340000,0.000000,48.000000,28.180000
1779334241.624179,0,0.000000,0.000000,0.000000,0.000000,-119.340000,0.090000,-0.340000,0.000000,48.000000,28.190000
1779334241.645180,0,0.000000,0.000000,0.000000,0.000000,-119.340000,0.090000,-0.340000,0.000000,48.000000,28.200000
1779334241.645679,0,0.000000,0.000000,0.000000,0.000000,-119.340000,0.090000,-0.340000,0.000000,48.000000,28.200000
1779334241.667180,0,0.000000,0.000000,0.000000,0.000000,239.300000,0.070000,-0.340000,0.000000,51.000000,28.210000
1779334241.668180,0,0.000000,0.000000,0.000000,0.000000,239.300000,0.070000,-0.340000,0.000000,51.000000,28.220000
1779334241.689179,0,0.000000,0.000000,0.000000,0.000000,239.300000,0.070000,-0.340000,0.000000,51.000000,28.230000
1779334241.690179,0,0.000000,0.000000,0.000000,0.000000,239.300000,0.070000,-0.340000,0.000000,51.000000,28.250000
1779334241.711679,0,0.000000,0.000000,0.000000,0.000000,239.300000,0.070000,-0.340000,0.000000,51.000000,28.260000
1779334241.712179,0,0.000000,0.000000,0.000000,0.000000,148.770000,0.070000,-0.340000,0.000000,48.000000,28.270000
1779334241.732679,0,0.000000,0.000000,0.000000,0.000000,148.770000,0.070000,-0.340000,0.000000,48.000000,28.280000
1779334241.733181,0,0.000000,0.000000,0.000000,0.000000,148.770000,0.070000,-0.340000,0.000000,48.000000,28.290000
1779334241.754179,0,0.000000,0.000000,0.000000,0.000000,148.770000,0.070000,-0.340000,0.000000,48.000000,28.290000
1779334241.776179,0,0.000000,0.000000,0.000000,0.000000,148.770000,0.070000,-0.340000,0.000000,48.000000,28.300000
1779334241.776680,0,0.000000,0.000000,0.000000,0.000000,148.770000,0.070000,-0.340000,0.000000,48.000000,28.310000
1779334241.797679,0,0.000000,0.000000,0.000000,0.000000,148.770000,0.070000,-0.340000,0.000000,48.000000,28.340000
1779334241.798213,0,0.000000,0.000000,0.000000,0.000000,148.770000,0.070000,-0.340000,0.000000,48.000000,28.350000
1779334241.798680,0,0.000000,0.000000,0.000000,0.000000,148.770000,0.070000,-0.340000,0.000000,48.000000,28.360000
1779334241.819679,0,0.000000,0.000000,0.000000,0.000000,319.300000,0.070000,-0.330000,0.000000,51.000000,28.370000
1779334241.820180,0,0.000000,0.000000,0.000000,0.000000,319.300000,0.070000,-0.330000,0.000000,51.000000,28.370000
1779334241.846179,0,0.000000,0.000000,0.000000,0.000000,319.300000,0.070000,-0.330000,0.000000,51.000000,28.380000
1779334241.846679,0,0.000000,0.000000,0.000000,0.000000,319.300000,0.070000,-0.330000,0.000000,51.000000,28.390000
1779334241.867679,0,0.000000,0.000000,0.000000,0.000000,319.300000,0.070000,-0.330000,0.000000,51.000000,28.400000
1779334241.868180,0,0.000000,0.000000,0.000000,0.000000,87.500000,0.070000,-0.280000,0.000000,48.000000,28.420000
1779334241.868679,0,0.000000,0.000000,0.000000,0.000000,87.500000,0.070000,-0.280000,0.000000,48.000000,28.430000
1779334241.890178,0,0.000000,0.000000,0.000000,0.000000,87.500000,0.070000,-0.280000,0.000000,48.000000,28.440000
1779334241.890679,0,0.000000,0.000000,0.000000,0.000000,87.500000,0.070000,-0.280000,0.000000,48.000000,28.450000
1779334241.914180,0,0.000000,0.000000,0.000000,0.000000,87.500000,0.070000,-0.280000,0.000000,48.000000,28.450000
1779334241.914680,0,0.000000,0.000000,0.000000,0.000000,225.660000,0.070000,-0.280000,0.000000,48.000000,28.460000
1779334241.936178,0,0.000000,0.000000,0.000000,0.000000,225.660000,0.070000,-0.280000,0.000000,48.000000,28.470000
1779334241.936678,0,0.000000,0.000000,0.000000,0.000000,225.660000,0.070000,-0.280000,0.000000,48.000000,28.480000
1779334241.957680,0,0.000000,0.000000,0.000000,0.000000,225.660000,0.070000,-0.280000,0.000000,48.000000,28.500000
1779334241.958180,0,0.000000,0.000000,0.000000,0.000000,225.660000,0.070000,-0.280000,0.000000,48.000000,28.510000
1779334241.958680,0,0.000000,0.000000,0.000000,0.000000,225.660000,0.070000,-0.280000,0.000000,48.000000,28.520000
1779334241.979678,0,0.000000,0.000000,0.000000,0.000000,225.660000,0.070000,-0.280000,0.000000,48.000000,28.530000
1779334241.980178,0,0.000000,0.000000,0.000000,0.000000,225.660000,0.070000,-0.280000,0.000000,48.000000,28.540000
1779334242.002180,0,0.000000,0.000000,0.000000,0.000000,225.660000,0.070000,-0.280000,0.000000,48.000000,28.540000
1779334242.025678,0,0.000000,0.000000,0.000000,0.000000,225.660000,0.070000,-0.280000,0.000000,48.000000,28.550000
1779334242.026178,0,0.000000,0.000000,0.000000,0.000000,225.660000,0.070000,-0.280000,0.000000,48.000000,28.570000
1779334242.047678,0,0.000000,0.000000,0.000000,0.000000,225.660000,0.070000,-0.280000,0.000000,48.000000,28.590000
1779334242.048179,0,0.000000,0.000000,0.000000,0.000000,225.660000,0.070000,-0.280000,0.000000,48.000000,28.590000
1779334242.048678,0,0.000000,0.000000,0.000000,0.000000,225.660000,0.070000,-0.280000,0.000000,48.000000,28.610000
1779334242.070180,0,0.000000,0.000000,0.000000,0.000000,225.660000,0.070000,-0.280000,0.000000,48.000000,28.620000
1779334242.070680,0,0.000000,0.000000,0.000000,0.000000,-108.060000,0.070000,-0.280000,0.000000,51.000000,28.620000
1779334242.092680,0,0.000000,0.000000,0.000000,0.000000,-108.060000,0.070000,-0.280000,0.000000,51.000000,28.630000
1779334242.093180,0,0.000000,0.000000,0.000000,0.000000,-108.060000,0.070000,-0.280000,0.000000,51.000000,28.640000
1779334242.114178,0,0.000000,0.000000,0.000000,0.000000,-108.060000,0.070000,-0.280000,0.000000,51.000000,28.650000
1779334242.114678,0,0.000000,0.000000,0.000000,0.000000,-108.060000,0.070000,-0.280000,0.000000,51.000000,28.670000
1779334242.136179,0,0.000000,0.000000,0.000000,0.000000,-34.880000,0.090000,-0.280000,0.000000,48.000000,28.680000
1779334242.136678,0,0.000000,0.000000,0.000000,0.000000,-34.880000,0.090000,-0.280000,0.000000,48.000000,28.690000
1779334242.158179,0,0.000000,0.000000,0.000000,0.000000,-34.880000,0.090000,-0.280000,0.000000,48.000000,28.700000
1779334242.158680,0,0.000000,0.000000,0.000000,0.000000,-34.880000,0.090000,-0.280000,0.000000,48.000000,28.700000
1779334242.180178,0,0.000000,0.000000,0.000000,0.000000,-34.880000,0.090000,-0.280000,0.000000,48.000000,28.710000
1779334242.180678,0,0.000000,0.000000,0.000000,0.000000,29.950000,0.100000,-0.300000,0.000000,48.000000,28.720000
1779334242.202679,0,0.000000,0.000000,0.000000,0.000000,29.950000,0.100000,-0.300000,0.000000,48.000000,28.730000
1779334242.203180,0,0.000000,0.000000,0.000000,0.000000,29.950000,0.100000,-0.300000,0.000000,48.000000,28.750000
1779334242.203180,0,0.000000,0.000000,0.000000,0.000000,29.950000,0.100000,-0.300000,0.000000,48.000000,28.760000
1779334242.225180,0,0.000000,0.000000,0.000000,0.000000,29.950000,0.100000,-0.300000,0.000000,48.000000,28.770000
1779334242.246178,0,0.000000,0.000000,0.000000,0.000000,282.010000,0.100000,-0.310000,0.000000,48.000000,28.780000
1779334242.246679,0,0.000000,0.000000,0.000000,0.000000,282.010000,0.100000,-0.310000,0.000000,48.000000,28.790000
1779334242.247178,0,0.000000,0.000000,0.000000,0.000000,282.010000,0.100000,-0.310000,0.000000,48.000000,28.790000
1779334242.268680,0,0.000000,0.000000,0.000000,0.000000,282.010000,0.100000,-0.310000,0.000000,48.000000,28.810000
1779334242.269180,0,0.000000,0.000000,0.000000,0.000000,282.010000,0.100000,-0.310000,0.000000,48.000000,28.820000
1779334242.290179,0,0.000000,0.000000,0.000000,0.000000,282.010000,0.100000,-0.310000,0.000000,48.000000,28.840000
1779334242.313179,0,0.000000,0.000000,0.000000,0.000000,282.010000,0.100000,-0.310000,0.000000,48.000000,28.850000
1779334242.313680,0,0.000000,0.000000,0.000000,0.000000,282.010000,0.100000,-0.310000,0.000000,48.000000,28.860000
1779334242.314180,0,0.000000,0.000000,0.000000,0.000000,282.010000,0.100000,-0.310000,0.000000,48.000000,28.870000
1779334242.336680,0,0.000000,0.000000,0.000000,0.000000,282.010000,0.100000,-0.310000,0.000000,48.000000,28.870000
1779334242.337180,0,0.000000,0.000000,0.000000,0.000000,196.880000,0.100000,-0.310000,0.000000,49.000000,28.880000
1779334242.359679,0,0.000000,0.000000,0.000000,0.000000,196.880000,0.100000,-0.310000,0.000000,49.000000,28.890000
1779334242.360179,0,0.000000,0.000000,0.000000,0.000000,196.880000,0.100000,-0.310000,0.000000,49.000000,28.900000
1779334242.381680,0,0.000000,0.000000,0.000000,0.000000,196.880000,0.100000,-0.310000,0.000000,49.000000,28.920000
1779334242.403179,0,0.000000,0.000000,0.000000,0.000000,196.880000,0.100000,-0.310000,0.000000,49.000000,28.930000
1779334242.403680,0,0.000000,0.000000,0.000000,0.000000,196.880000,0.100000,-0.310000,0.000000,49.000000,28.940000
1779334242.404180,0,0.000000,0.000000,0.000000,0.000000,196.880000,0.100000,-0.310000,0.000000,49.000000,28.950000
1779334242.404680,0,0.000000,0.000000,0.000000,0.000000,196.880000,0.100000,-0.310000,0.000000,49.000000,28.950000
1779334242.425179,0,0.000000,0.000000,0.000000,0.000000,196.880000,0.100000,-0.310000,0.000000,49.000000,28.960000
1779334242.425680,0,0.000000,0.000000,0.000000,0.000000,196.880000,0.100000,-0.310000,0.000000,49.000000,28.970000
1779334242.446680,0,0.000000,0.000000,0.000000,0.000000,-104.620000,0.100000,-0.310000,0.000000,49.000000,29.000000
1779334242.486179,0,0.000000,0.000000,0.000000,0.000000,-104.620000,0.100000,-0.310000,0.000000,49.000000,29.010000
1779334242.487179,0,0.000000,0.000000,0.000000,0.000000,-104.620000,0.100000,-0.310000,0.000000,49.000000,29.020000
1779334242.487680,0,0.000000,0.000000,0.000000,0.000000,-104.620000,0.100000,-0.310000,0.000000,49.000000,29.030000
1779334242.488179,0,0.000000,0.000000,0.000000,0.000000,-104.620000,0.100000,-0.310000,0.000000,49.000000,29.040000
1779334242.488179,0,0.000000,0.000000,0.000000,0.000000,68.660000,0.100000,-0.310000,0.000000,48.000000,29.050000
1779334242.488680,0,0.000000,0.000000,0.000000,0.000000,68.660000,0.100000,-0.310000,0.000000,48.000000,29.060000
1779334242.527179,0,0.000000,0.000000,0.000000,0.000000,68.660000,0.100000,-0.310000,0.000000,48.000000,29.070000
1779334242.528179,0,0.000000,0.000000,0.000000,0.000000,68.660000,0.100000,-0.310000,0.000000,48.000000,29.090000
1779334242.528679,0,0.000000,0.000000,0.000000,0.000000,72.810000,0.100000,-0.310000,0.000000,48.000000,29.100000
1779334242.568679,0,0.000000,0.000000,0.000000,0.000000,72.810000,0.100000,-0.310000,0.000000,48.000000,29.110000
1779334242.569180,0,0.000000,0.000000,0.000000,0.000000,72.810000,0.100000,-0.310000,0.000000,48.000000,29.120000
1779334242.569680,0,0.000000,0.000000,0.000000,0.000000,72.810000,0.100000,-0.310000,0.000000,48.000000,29.120000
1779334242.570179,0,0.000000,0.000000,0.000000,0.000000,72.810000,0.100000,-0.310000,0.000000,48.000000,29.130000
1779334242.570179,0,0.000000,0.000000,0.000000,0.000000,35.610000,0.100000,-0.310000,0.000000,48.000000,29.140000
1779334242.609179,0,0.000000,0.000000,0.000000,0.000000,35.610000,0.100000,-0.310000,0.000000,48.000000,29.150000
1779334242.609679,0,0.000000,0.000000,0.000000,0.000000,35.610000,0.100000,-0.310000,0.000000,48.000000,29.170000
1779334242.610680,0,0.000000,0.000000,0.000000,0.000000,35.610000,0.100000,-0.310000,0.000000,48.000000,29.180000
1779334242.611180,0,0.000000,0.000000,0.000000,0.000000,35.610000,0.100000,-0.310000,0.000000,48.000000,29.190000
1779334242.649179,0,0.000000,0.000000,0.000000,0.000000,136.720000,0.100000,-0.310000,0.000000,48.000000,29.200000
1779334242.650179,0,0.000000,0.000000,0.000000,0.000000,136.720000,0.100000,-0.310000,0.000000,48.000000,29.200000
1779334242.672179,0,0.000000,0.000000,0.000000,0.000000,136.720000,0.100000,-0.310000,0.000000,48.000000,29.210000
1779334242.693678,0,0.000000,0.000000,0.000000,0.000000,136.720000,0.100000,-0.310000,0.000000,48.000000,29.220000
1779334242.694679,0,0.000000,0.000000,0.000000,0.000000,136.720000,0.100000,-0.310000,0.000000,48.000000,29.230000
1779334242.715678,0,0.000000,0.000000,0.000000,0.000000,239.550000,0.100000,-0.310000,0.000000,48.000000,29.250000
1779334242.716178,0,0.000000,0.000000,0.000000,0.000000,239.550000,0.100000,-0.310000,0.000000,48.000000,29.260000
1779334242.716679,0,0.000000,0.000000,0.000000,0.000000,239.550000,0.100000,-0.310000,0.000000,48.000000,29.270000
1779334242.738679,0,0.000000,0.000000,0.000000,0.000000,239.550000,0.100000,-0.310000,0.000000,48.000000,29.280000
1779334242.739179,0,0.000000,0.000000,0.000000,0.000000,239.550000,0.100000,-0.310000,0.000000,48.000000,29.290000
1779334242.760179,0,0.000000,0.000000,0.000000,0.000000,-257.610000,0.100000,-0.310000,0.000000,48.000000,29.290000
1779334242.760679,0,0.000000,0.000000,0.000000,0.000000,-257.610000,0.100000,-0.310000,0.000000,48.000000,29.300000
1779334242.782678,0,0.000000,0.000000,0.000000,0.000000,-257.610000,0.100000,-0.310000,0.000000,48.000000,29.320000
1779334242.783179,0,0.000000,0.000000,0.000000,0.000000,-257.610000,0.100000,-0.310000,0.000000,48.000000,29.340000
1779334242.805178,0,0.000000,0.000000,0.000000,0.000000,-257.610000,0.100000,-0.310000,0.000000,48.000000,29.350000
1779334242.805741,0,0.000000,0.000000,0.000000,0.000000,-143.940000,0.100000,-0.310000,0.000000,48.000000,29.360000
1779334242.827179,0,0.000000,0.000000,0.000000,0.000000,-143.940000,0.100000,-0.310000,0.000000,48.000000,29.370000
1779334242.827680,0,0.000000,0.000000,0.000000,0.000000,-143.940000,0.100000,-0.310000,0.000000,48.000000,29.370000
1779334242.831679,0,0.000000,0.000000,0.000000,0.000000,-143.940000,0.100000,-0.310000,0.000000,48.000000,29.380000
1779334242.853679,0,0.000000,0.000000,0.000000,0.000000,-143.940000,0.100000,-0.310000,0.000000,48.000000,29.390000
1779334242.854180,0,0.000000,0.000000,0.000000,0.000000,-26.650000,0.100000,-0.310000,0.000000,48.000000,29.400000
1779334242.876679,0,0.000000,0.000000,0.000000,0.000000,-26.650000,0.100000,-0.310000,0.000000,48.000000,29.420000
1779334242.877180,0,0.000000,0.000000,0.000000,0.000000,-26.650000,0.100000,-0.310000,0.000000,48.000000,29.430000
1779334242.898179,0,0.000000,0.000000,0.000000,0.000000,-26.650000,0.100000,-0.310000,0.000000,48.000000,29.440000
1779334242.898706,0,0.000000,0.000000,0.000000,0.000000,-26.650000,0.100000,-0.310000,0.000000,48.000000,29.450000
1779334242.921679,0,0.000000,0.000000,0.000000,0.000000,141.630000,0.100000,-0.310000,0.000000,48.000000,29.450000
1779334242.922179,0,0.000000,0.000000,0.000000,0.000000,141.630000,0.100000,-0.310000,0.000000,48.000000,29.460000
1779334242.922679,0,0.000000,0.000000,0.000000,0.000000,141.630000,0.100000,-0.310000,0.000000,48.000000,29.470000
1779334242.944679,0,0.000000,0.000000,0.000000,0.000000,141.630000,0.100000,-0.310000,0.000000,48.000000,29.480000
1779334242.945180,0,0.000000,0.000000,0.000000,0.000000,141.630000,0.100000,-0.310000,0.000000,48.000000,29.500000
1779334242.967679,0,0.000000,0.000000,0.000000,0.000000,315.050000,0.100000,-0.310000,0.000000,48.000000,29.510000
1779334242.968179,0,0.000000,0.000000,0.000000,0.000000,315.050000,0.100000,-0.310000,0.000000,48.000000,29.530000
1779334242.990679,0,0.000000,0.000000,0.000000,0.000000,315.050000,0.100000,-0.310000,0.000000,48.000000,29.540000
1779334242.991180,0,0.000000,0.000000,0.000000,0.000000,315.050000,0.100000,-0.310000,0.000000,48.000000,29.540000
1779334243.013679,0,0.000000,0.000000,0.000000,0.000000,315.050000,0.100000,-0.310000,0.000000,48.000000,29.550000
1779334243.014180,0,0.000000,0.000000,0.000000,0.000000,-216.720000,0.100000,-0.310000,0.000000,48.000000,29.560000
1779334243.035178,0,0.000000,0.000000,0.000000,0.000000,-216.720000,0.100000,-0.310000,0.000000,48.000000,29.570000
1779334243.035679,0,0.000000,0.000000,0.000000,0.000000,-216.720000,0.100000,-0.310000,0.000000,48.000000,29.590000
1779334243.057679,0,0.000000,0.000000,0.000000,0.000000,-216.720000,0.100000,-0.310000,0.000000,48.000000,29.600000
1779334243.058178,0,0.000000,0.000000,0.000000,0.000000,-216.720000,0.100000,-0.310000,0.000000,48.000000,29.610000
1779334243.079679,0,0.000000,0.000000,0.000000,0.000000,-146.880000,0.100000,-0.310000,0.000000,48.000000,29.620000
1779334243.103680,0,0.000000,0.000000,0.000000,0.000000,-146.880000,0.100000,-0.310000,0.000000,48.000000,29.620000
1779334243.104180,0,0.000000,0.000000,0.000000,0.000000,-146.880000,0.100000,-0.310000,0.000000,48.000000,29.630000
1779334243.104680,0,0.000000,0.000000,0.000000,0.000000,-146.880000,0.100000,-0.310000,0.000000,48.000000,29.640000
1779334243.125680,0,0.000000,0.000000,0.000000,0.000000,-146.880000,0.100000,-0.310000,0.000000,48.000000,29.650000
1779334243.126179,0,0.000000,0.000000,0.000000,0.000000,-176.390000,0.100000,-0.310000,0.000000,48.000000,29.670000
1779334243.126680,0,0.000000,0.000000,0.000000,0.000000,-176.390000,0.100000,-0.310000,0.000000,48.000000,29.680000
1779334243.147678,0,0.000000,0.000000,0.000000,0.000000,-176.390000,0.100000,-0.310000,0.000000,48.000000,29.690000
1779334243.169679,0,0.000000,0.000000,0.000000,0.000000,-176.390000,0.100000,-0.310000,0.000000,48.000000,29.700000
1779334243.170180,0,0.000000,0.000000,0.000000,0.000000,-176.390000,0.100000,-0.310000,0.000000,48.000000,29.700000
1779334243.190679,0,0.000000,0.000000,0.000000,0.000000,-188.580000,0.100000,-0.310000,0.000000,48.000000,29.710000
1779334243.191180,0,0.000000,0.000000,0.000000,0.000000,-188.580000,0.100000,-0.310000,0.000000,48.000000,29.730000
1779334243.191679,0,0.000000,0.000000,0.000000,0.000000,-188.580000,0.100000,-0.310000,0.000000,48.000000,29.750000
1779334243.192180,0,0.000000,0.000000,0.000000,0.000000,-188.580000,0.100000,-0.310000,0.000000,48.000000,29.760000
1779334243.230679,0,0.000000,0.000000,0.000000,0.000000,-188.580000,0.100000,-0.310000,0.000000,48.000000,29.770000
1779334243.231180,0,0.000000,0.000000,0.000000,0.000000,-233.940000,0.100000,-0.310000,0.000000,48.000000,29.780000
1779334243.231680,0,0.000000,0.000000,0.000000,0.000000,-233.940000,0.100000,-0.310000,0.000000,48.000000,29.790000
1779334243.232179,0,0.000000,0.000000,0.000000,0.000000,-233.940000,0.100000,-0.310000,0.000000,48.000000,29.790000
1779334243.232680,0,0.000000,0.000000,0.000000,0.000000,-233.940000,0.100000,-0.310000,0.000000,48.000000,29.800000
1779334243.233179,0,0.000000,0.000000,0.000000,0.000000,-233.940000,0.100000,-0.310000,0.000000,48.000000,29.810000
1779334243.271678,0,0.000000,0.000000,0.000000,0.000000,309.320000,0.100000,-0.310000,0.000000,48.000000,29.820000
1779334243.272178,0,0.000000,0.000000,0.000000,0.000000,309.320000,0.100000,-0.310000,0.000000,48.000000,29.840000
1779334243.272679,0,0.000000,0.000000,0.000000,0.000000,309.320000,0.100000,-0.310000,0.000000,48.000000,29.850000
1779334243.293179,0,0.000000,0.000000,0.000000,0.000000,309.320000,0.100000,-0.310000,0.000000,48.000000,29.860000
1779334243.314180,0,0.000000,0.000000,0.000000,0.000000,309.320000,0.100000,-0.310000,0.000000,48.000000,29.870000
1779334243.336678,0,0.000000,0.000000,0.000000,0.000000,104.510000,0.100000,-0.310000,0.000000,48.000000,29.870000
1779334243.337178,0,0.000000,0.000000,0.000000,0.000000,104.510000,0.100000,-0.310000,0.000000,48.000000,29.880000
1779334243.358678,0,0.000000,0.000000,0.000000,0.000000,104.510000,0.100000,-0.310000,0.000000,48.000000,29.890000
1779334243.359178,0,0.000000,0.000000,0.000000,0.000000,104.510000,0.100000,-0.310000,0.000000,48.000000,29.900000
1779334243.381680,0,0.000000,0.000000,0.000000,0.000000,104.510000,0.100000,-0.310000,0.000000,48.000000,29.920000
1779334243.403679,0,0.000000,0.000000,0.000000,0.000000,-45.400000,0.100000,-0.310000,0.000000,48.000000,29.930000
1779334243.404180,0,0.000000,0.000000,0.000000,0.000000,-45.400000,0.100000,-0.310000,0.000000,48.000000,29.940000
1779334243.404680,0,0.000000,0.000000,0.000000,0.000000,-45.400000,0.100000,-0.310000,0.000000,48.000000,29.950000
1779334243.405179,0,0.000000,0.000000,0.000000,0.000000,-45.400000,0.100000,-0.310000,0.000000,48.000000,29.950000
1779334243.427679,0,0.000000,0.000000,0.000000,0.000000,-45.400000,0.100000,-0.310000,0.000000,48.000000,29.960000
1779334243.428180,0,0.000000,0.000000,0.000000,0.000000,-142.500000,0.100000,-0.310000,0.000000,48.000000,29.970000
1779334243.449678,0,0.000000,0.000000,0.000000,0.000000,-142.500000,0.100000,-0.310000,0.000000,48.000000,29.980000
1779334243.450179,0,0.000000,0.000000,0.000000,0.000000,-142.500000,0.100000,-0.310000,0.000000,48.000000,30.000000
1779334243.470679,0,0.000000,0.000000,0.000000,0.000000,-142.500000,0.100000,-0.310000,0.000000,48.000000,30.010000
1779334243.471179,0,0.000000,0.000000,0.000000,0.000000,-142.500000,0.100000,-0.310000,0.000000,48.000000,30.020000
1779334243.471679,0,0.000000,0.000000,0.000000,0.000000,-258.130000,0.100000,-0.310000,0.000000,48.000000,30.030000
1779334243.510679,0,0.000000,0.000000,0.000000,0.000000,-258.130000,0.100000,-0.310000,0.000000,48.000000,30.040000
1779334243.511179,0,0.000000,0.000000,0.000000,0.000000,-258.130000,0.100000,-0.310000,0.000000,48.000000,30.040000
1779334243.511678,0,0.000000,0.000000,0.000000,0.000000,-258.130000,0.100000,-0.310000,0.000000,48.000000,30.050000
1779334243.512178,0,0.000000,0.000000,0.000000,0.000000,-258.130000,0.100000,-0.310000,0.000000,48.000000,30.060000
1779334243.512679,0,0.000000,0.000000,0.000000,0.000000,318.230000,0.100000,-0.310000,0.000000,48.000000,30.070000
1779334243.534678,0,0.000000,0.000000,0.000000,0.000000,318.230000,0.100000,-0.310000,0.000000,48.000000,30.090000
1779334243.556678,0,0.000000,0.000000,0.000000,0.000000,318.230000,0.100000,-0.310000,0.000000,48.000000,30.100000
1779334243.579680,0,0.000000,0.000000,0.000000,0.000000,318.230000,0.100000,-0.310000,0.000000,48.000000,30.110000
1779334243.580180,0,0.000000,0.000000,0.000000,0.000000,318.230000,0.100000,-0.310000,0.000000,48.000000,30.120000
1779334243.580679,0,0.000000,0.000000,0.000000,0.000000,288.230000,0.100000,-0.310000,0.000000,48.000000,30.130000
1779334243.601678,0,0.000000,0.000000,0.000000,0.000000,288.230000,0.100000,-0.310000,0.000000,48.000000,30.140000
1779334243.602679,0,0.000000,0.000000,0.000000,0.000000,288.230000,0.100000,-0.310000,0.000000,48.000000,30.150000
1779334243.624178,0,0.000000,0.000000,0.000000,0.000000,288.230000,0.100000,-0.310000,0.000000,48.000000,30.170000
1779334243.624678,0,0.000000,0.000000,0.000000,0.000000,288.230000,0.100000,-0.310000,0.000000,48.000000,30.180000
1779334243.644678,0,0.000000,0.000000,0.000000,0.000000,255.080000,0.100000,-0.310000,0.000000,48.000000,30.190000
1779334243.684679,0,0.000000,0.000000,0.000000,0.000000,255.080000,0.100000,-0.310000,0.000000,48.000000,30.200000
1779334243.685178,0,0.000000,0.000000,0.000000,0.000000,255.080000,0.100000,-0.310000,0.000000,48.000000,30.200000
1779334243.685678,0,0.000000,0.000000,0.000000,0.000000,255.080000,0.100000,-0.310000,0.000000,48.000000,30.210000
1779334243.686178,0,0.000000,0.000000,0.000000,0.000000,255.080000,0.100000,-0.310000,0.000000,48.000000,30.220000
1779334243.686678,0,0.000000,0.000000,0.000000,0.000000,228.970000,0.100000,-0.310000,0.000000,48.000000,30.230000
1779334243.686678,0,0.000000,0.000000,0.000000,0.000000,228.970000,0.100000,-0.310000,0.000000,48.000000,30.260000
1779334243.687178,0,0.000000,0.000000,0.000000,0.000000,228.970000,0.100000,-0.310000,0.000000,48.000000,30.270000
1779334243.724678,0,0.000000,0.000000,0.000000,0.000000,228.970000,0.100000,-0.310000,0.000000,48.000000,30.280000
1779334243.725178,0,0.000000,0.000000,0.000000,0.000000,228.970000,0.100000,-0.310000,0.000000,48.000000,30.290000
1779334243.763180,0,0.000000,0.000000,0.000000,0.000000,277.110000,0.100000,-0.310000,0.000000,48.000000,30.290000
1779334243.763680,0,0.000000,0.000000,0.000000,0.000000,277.110000,0.100000,-0.310000,0.000000,48.000000,30.300000
1779334243.764179,0,0.000000,0.000000,0.000000,0.000000,277.110000,0.100000,-0.310000,0.000000,48.000000,30.310000
1779334243.764680,0,0.000000,0.000000,0.000000,0.000000,277.110000,0.100000,-0.310000,0.000000,48.000000,30.320000
1779334243.765180,0,0.000000,0.000000,0.000000,0.000000,297.200000,0.100000,-0.310000,0.000000,48.000000,30.340000
1779334243.804679,0,0.000000,0.000000,0.000000,0.000000,297.200000,0.100000,-0.310000,0.000000,48.000000,30.350000
1779334243.805679,0,0.000000,0.000000,0.000000,0.000000,297.200000,0.100000,-0.310000,0.000000,48.000000,30.360000
1779334243.806179,0,0.000000,0.000000,0.000000,0.000000,297.200000,0.100000,-0.310000,0.000000,48.000000,30.370000
1779334243.827678,0,0.000000,0.000000,0.000000,0.000000,297.200000,0.100000,-0.310000,0.000000,48.000000,30.370000
1779334243.849678,0,0.000000,0.000000,0.000000,0.000000,297.200000,0.100000,-0.310000,0.000000,48.000000,30.380000
1779334243.850178,0,0.000000,0.000000,0.000000,0.000000,297.200000,0.100000,-0.310000,0.000000,48.000000,30.400000
1779334243.881178,0,0.000000,0.000000,0.000000,0.000000,297.200000,0.100000,-0.310000,0.000000,48.000000,30.420000
1779334243.881679,0,0.000000,0.000000,0.000000,0.000000,297.200000,0.100000,-0.310000,0.000000,48.000000,30.430000
1779334243.882178,0,0.000000,0.000000,0.000000,0.000000,297.200000,0.100000,-0.310000,0.000000,48.000000,30.440000
1779334243.904680,0,0.000000,0.000000,0.000000,0.000000,196.160000,0.100000,-0.310000,0.000000,51.000000,30.450000
1779334243.905180,0,0.000000,0.000000,0.000000,0.000000,196.160000,0.100000,-0.310000,0.000000,51.000000,30.450000
1779334243.927679,0,0.000000,0.000000,0.000000,0.000000,196.160000,0.100000,-0.310000,0.000000,51.000000,30.460000
1779334243.928180,0,0.000000,0.000000,0.000000,0.000000,196.160000,0.100000,-0.310000,0.000000,51.000000,30.470000
1779334243.948679,0,0.000000,0.000000,0.000000,0.000000,196.160000,0.100000,-0.310000,0.000000,51.000000,30.480000
1779334243.949179,0,0.000000,0.000000,0.000000,0.000000,126.290000,0.100000,-0.300000,0.000000,48.000000,30.500000
1779334243.970679,0,0.000000,0.000000,0.000000,0.000000,126.290000,0.100000,-0.300000,0.000000,48.000000,30.510000
1779334244.010179,0,0.000000,0.000000,0.000000,0.000000,126.290000,0.100000,-0.300000,0.000000,48.000000,30.530000
1779334244.010679,0,0.000000,0.000000,0.000000,0.000000,126.290000,0.100000,-0.300000,0.000000,48.000000,30.540000
1779334244.011178,0,0.000000,0.000000,0.000000,0.000000,126.290000,0.100000,-0.300000,0.000000,48.000000,30.540000
1779334244.011678,0,0.000000,0.000000,0.000000,0.000000,121.470000,0.100000,-0.310000,0.000000,48.000000,30.550000
1779334244.012178,0,0.000000,0.000000,0.000000,0.000000,121.470000,0.100000,-0.310000,0.000000,48.000000,30.560000
1779334244.012678,0,0.000000,0.000000,0.000000,0.000000,121.470000,0.100000,-0.310000,0.000000,48.000000,30.570000
1779334244.013180,0,0.000000,0.000000,0.000000,0.000000,121.470000,0.100000,-0.310000,0.000000,48.000000,30.590000
1779334244.051178,0,0.000000,0.000000,0.000000,0.000000,121.470000,0.100000,-0.310000,0.000000,48.000000,30.600000
1779334244.051678,0,0.000000,0.000000,0.000000,0.000000,126.370000,0.100000,-0.310000,0.000000,48.000000,30.610000
1779334244.052680,0,0.000000,0.000000,0.000000,0.000000,126.370000,0.100000,-0.310000,0.000000,48.000000,30.620000
1779334244.073680,0,0.000000,0.000000,0.000000,0.000000,126.370000,0.100000,-0.310000,0.000000,48.000000,30.620000
1779334244.095678,0,0.000000,0.000000,0.000000,0.000000,126.370000,0.100000,-0.310000,0.000000,48.000000,30.630000
1779334244.117678,0,0.000000,0.000000,0.000000,0.000000,126.370000,0.100000,-0.310000,0.000000,48.000000,30.640000
1779334244.117678,0,0.000000,0.000000,0.000000,0.000000,126.370000,0.100000,-0.310000,0.000000,48.000000,30.670000
1779334244.118679,0,0.000000,0.000000,0.000000,0.000000,126.370000,0.100000,-0.310000,0.000000,48.000000,30.680000
1779334244.139679,0,0.000000,0.000000,0.000000,0.000000,126.370000,0.100000,-0.310000,0.000000,48.000000,30.690000
1779334244.140180,0,0.000000,0.000000,0.000000,0.000000,126.370000,0.100000,-0.310000,0.000000,48.000000,30.700000
1779334244.161178,0,0.000000,0.000000,0.000000,0.000000,128.170000,0.100000,-0.310000,0.000000,51.000000,30.700000
1779334244.182180,0,0.000000,0.000000,0.000000,0.000000,128.170000,0.100000,-0.310000,0.000000,51.000000,30.710000
1779334244.182680,0,0.000000,0.000000,0.000000,0.000000,128.170000,0.100000,-0.310000,0.000000,51.000000,30.720000
1779334244.205678,0,0.000000,0.000000,0.000000,0.000000,128.170000,0.100000,-0.310000,0.000000,51.000000,30.730000
1779334244.206178,0,0.000000,0.000000,0.000000,0.000000,128.170000,0.100000,-0.310000,0.000000,51.000000,30.760000
1779334244.227178,0,0.000000,0.000000,0.000000,0.000000,186.390000,0.100000,-0.310000,0.000000,48.000000,30.770000
1779334244.227678,0,0.000000,0.000000,0.000000,0.000000,186.390000,0.100000,-0.310000,0.000000,48.000000,30.780000
1779334244.228179,0,0.000000,0.000000,0.000000,0.000000,186.390000,0.100000,-0.310000,0.000000,48.000000,30.790000
1779334244.266179,0,0.000000,0.000000,0.000000,0.000000,186.390000,0.100000,-0.310000,0.000000,48.000000,30.790000
1779334244.266680,0,0.000000,0.000000,0.000000,0.000000,268.330000,0.100000,-0.310000,0.000000,48.000000,30.800000
1779334244.267679,0,0.000000,0.000000,0.000000,0.000000,268.330000,0.100000,-0.310000,0.000000,48.000000,30.810000
1779334244.267679,0,0.000000,0.000000,0.000000,0.000000,268.330000,0.100000,-0.310000,0.000000,48.000000,30.820000
1779334244.268179,0,0.000000,0.000000,0.000000,0.000000,268.330000,0.100000,-0.310000,0.000000,48.000000,30.840000
1779334244.307680,0,0.000000,0.000000,0.000000,0.000000,268.330000,0.100000,-0.310000,0.000000,48.000000,30.850000
1779334244.308180,0,0.000000,0.000000,0.000000,0.000000,-323.600000,0.100000,-0.310000,0.000000,48.000000,30.860000
1779334244.308679,0,0.000000,0.000000,0.000000,0.000000,-323.600000,0.100000,-0.310000,0.000000,48.000000,30.870000
1779334244.309241,0,0.000000,0.000000,0.000000,0.000000,-323.600000,0.100000,-0.310000,0.000000,48.000000,30.870000
1779334244.348679,0,0.000000,0.000000,0.000000,0.000000,-323.600000,0.100000,-0.310000,0.000000,48.000000,30.880000
1779334244.349179,0,0.000000,0.000000,0.000000,0.000000,-323.600000,0.100000,-0.310000,0.000000,48.000000,30.890000
1779334244.349679,0,0.000000,0.000000,0.000000,0.000000,-205.030000,0.100000,-0.310000,0.000000,48.000000,30.920000
1779334244.350178,0,0.000000,0.000000,0.000000,0.000000,-205.030000,0.100000,-0.310000,0.000000,48.000000,30.930000
1779334244.388679,0,0.000000,0.000000,0.000000,0.000000,-205.030000,0.100000,-0.310000,0.000000,48.000000,30.940000
1779334244.389678,0,0.000000,0.000000,0.000000,0.000000,-205.030000,0.100000,-0.310000,0.000000,48.000000,30.950000
1779334244.390178,0,0.000000,0.000000,0.000000,0.000000,-205.030000,0.100000,-0.310000,0.000000,48.000000,30.950000
1779334244.410680,0,0.000000,0.000000,0.000000,0.000000,-75.120000,0.100000,-0.310000,0.000000,48.000000,30.960000
1779334244.432679,0,0.000000,0.000000,0.000000,0.000000,-75.120000,0.100000,-0.310000,0.000000,48.000000,30.970000
1779334244.454678,0,0.000000,0.000000,0.000000,0.000000,-75.120000,0.100000,-0.310000,0.000000,48.000000,30.980000
1779334244.455178,0,0.000000,0.000000,0.000000,0.000000,-75.120000,0.100000,-0.310000,0.000000,48.000000,31.000000
1779334244.455678,0,0.000000,0.000000,0.000000,0.000000,-75.120000,0.100000,-0.310000,0.000000,48.000000,31.010000
1779334244.477179,0,0.000000,0.000000,0.000000,0.000000,55.880000,0.110000,-0.330000,0.000000,48.000000,31.030000
1779334244.499180,0,0.000000,0.000000,0.000000,0.000000,55.880000,0.110000,-0.330000,0.000000,48.000000,31.040000
1779334244.499679,0,0.000000,0.000000,0.000000,0.000000,55.880000,0.110000,-0.330000,0.000000,48.000000,31.040000
1779334244.500179,0,0.000000,0.000000,0.000000,0.000000,55.880000,0.110000,-0.330000,0.000000,48.000000,31.050000
1779334244.521178,0,0.000000,0.000000,0.000000,0.000000,55.880000,0.110000,-0.330000,0.000000,48.000000,31.060000
1779334244.521678,0,0.000000,0.000000,0.000000,0.000000,55.880000,0.110000,-0.330000,0.000000,48.000000,31.070000
1779334244.542180,0,0.000000,0.000000,0.000000,0.000000,55.880000,0.110000,-0.330000,0.000000,48.000000,31.090000
1779334244.542680,0,0.000000,0.000000,0.000000,0.000000,55.880000,0.110000,-0.330000,0.000000,48.000000,31.100000
1779334244.563678,0,0.000000,0.000000,0.000000,0.000000,55.880000,0.110000,-0.330000,0.000000,48.000000,31.110000
1779334244.564178,0,0.000000,0.000000,0.000000,0.000000,55.880000,0.110000,-0.330000,0.000000,48.000000,31.120000
1779334244.587179,0,0.000000,0.000000,0.000000,0.000000,55.880000,0.110000,-0.330000,0.000000,48.000000,31.120000
1779334244.587679,0,0.000000,0.000000,0.000000,0.000000,55.880000,0.110000,-0.330000,0.000000,48.000000,31.130000
1779334244.609179,0,0.000000,0.000000,0.000000,0.000000,55.880000,0.110000,-0.330000,0.000000,48.000000,31.140000
1779334244.631678,0,0.000000,0.000000,0.000000,0.000000,55.880000,0.110000,-0.330000,0.000000,48.000000,31.150000
1779334244.632180,0,0.000000,0.000000,0.000000,0.000000,55.880000,0.110000,-0.330000,0.000000,48.000000,31.180000
1779334244.632679,0,0.000000,0.000000,0.000000,0.000000,0.000000,0.000000,0.000000,0.000000,63.000000,31.190000
1779334244.656178,0,0.000000,0.000000,0.000000,0.000000,0.000000,0.000000,0.000000,0.000000,63.000000,31.190000
1779334244.656678,0,0.000000,0.000000,0.000000,0.000000,0.000000,0.000000,0.000000,0.000000,63.000000,31.200000
1779334244.679179,0,0.000000,0.000000,0.000000,0.000000,0.000000,0.000000,0.000000,0.000000,63.000000,31.210000
1779334244.679679,0,0.000000,0.000000,0.000000,0.000000,0.000000,0.000000,0.000000,0.000000,63.000000,31.220000
1779334244.700679,0,0.000000,0.000000,0.000000,0.000000,0.000000,0.000000,0.000000,0.000000,63.000000,31.230000
1779334244.701180,0,0.000000,0.000000,0.000000,0.000000,0.000000,0.000000,0.000000,0.000000,63.000000,31.250000
1779334244.701180,0,0.000000,0.000000,0.000000,0.000000,0.000000,0.000000,0.000000,0.000000,63.000000,31.260000
1779334244.722679,0,0.000000,0.000000,0.000000,0.000000,0.000000,0.000000,0.000000,0.000000,63.000000,31.270000
1779334244.723178,0,0.000000,0.000000,0.000000,0.000000,0.000000,0.000000,0.000000,0.000000,63.000000,31.280000
1779334244.744678,0,0.000000,0.000000,0.000000,0.000000,0.000000,0.000000,0.000000,0.000000,63.000000,31.290000
1779334244.745179,0,0.000000,0.000000,0.000000,0.000000,0.000000,0.000000,0.000000,0.000000,63.000000,31.290000
1779334244.767678,0,0.000000,0.000000,0.000000,0.000000,0.000000,0.000000,0.000000,0.000000,63.000000,31.300000
1779334244.768178,0,0.000000,0.000000,0.000000,0.000000,0.000000,0.000000,0.000000,0.000000,63.000000,31.310000
1779334244.788679,0,0.000000,0.000000,0.000000,0.000000,0.000000,0.000000,0.000000,0.000000,63.000000,31.320000
1779334244.789179,0,0.000000,0.000000,0.000000,0.000000,0.000000,0.000000,0.000000,0.000000,63.000000,31.340000
1779334244.813178,0,0.000000,0.000000,0.000000,0.000000,0.000000,0.000000,0.000000,0.000000,63.000000,31.350000
1779334244.813679,0,0.000000,0.000000,0.000000,0.000000,0.000000,0.000000,0.000000,0.000000,63.000000,31.360000
1779334244.834679,0,0.000000,0.000000,0.000000,0.000000,0.000000,0.000000,0.000000,0.000000,63.000000,31.370000
1779334244.834679,0,0.000000,0.000000,0.000000,0.000000,191.410000,0.110000,-0.330000,0.000000,51.000000,31.380000
1779334244.860679,0,0.000000,0.000000,0.000000,0.000000,191.410000,0.110000,-0.330000,0.000000,51.000000,31.390000
1779334244.861179,0,0.000000,0.000000,0.000000,0.000000,191.410000,0.110000,-0.330000,0.000000,51.000000,31.400000
1779334244.861679,0,0.000000,0.000000,0.000000,0.000000,191.410000,0.110000,-0.330000,0.000000,51.000000,31.420000
1779334244.884678,0,0.000000,0.000000,0.000000,0.000000,191.410000,0.110000,-0.330000,0.000000,51.000000,31.430000
1779334244.885178,0,0.000000,0.000000,0.000000,0.000000,-124.870000,0.110000,-0.330000,0.000000,48.000000,31.440000
1779334244.907179,0,0.000000,0.000000,0.000000,0.000000,-124.870000,0.110000,-0.330000,0.000000,48.000000,31.450000
1779334244.907680,0,0.000000,0.000000,0.000000,0.000000,-124.870000,0.110000,-0.330000,0.000000,48.000000,31.450000
1779334244.929178,0,0.000000,0.000000,0.000000,0.000000,-124.870000,0.110000,-0.330000,0.000000,48.000000,31.460000
1779334244.929678,0,0.000000,0.000000,0.000000,0.000000,-124.870000,0.110000,-0.330000,0.000000,48.000000,31.470000
1779334244.950679,0,0.000000,0.000000,0.000000,0.000000,93.050000,0.110000,-0.330000,0.000000,48.000000,31.480000
1779334244.951178,0,0.000000,0.000000,0.000000,0.000000,93.050000,0.110000,-0.330000,0.000000,48.000000,31.500000
1779334244.973678,0,0.000000,0.000000,0.000000,0.000000,93.050000,0.110000,-0.330000,0.000000,48.000000,31.520000
1779334244.973678,0,0.000000,0.000000,0.000000,0.000000,93.050000,0.110000,-0.330000,0.000000,48.000000,31.530000
1779334244.995179,0,0.000000,0.000000,0.000000,0.000000,93.050000,0.110000,-0.330000,0.000000,48.000000,31.540000
1779334244.996179,0,0.000000,0.000000,0.000000,0.000000,93.050000,0.110000,-0.330000,0.000000,48.000000,31.540000
1779334245.017679,0,0.000000,0.000000,0.000000,0.000000,93.050000,0.110000,-0.330000,0.000000,48.000000,31.550000
1779334245.018678,0,0.000000,0.000000,0.000000,0.000000,93.050000,0.110000,-0.330000,0.000000,48.000000,31.560000
1779334245.039678,0,0.000000,0.000000,0.000000,0.000000,93.050000,0.110000,-0.330000,0.000000,48.000000,31.590000
1779334245.040178,0,0.000000,0.000000,0.000000,0.000000,202.860000,0.110000,-0.330000,0.000000,51.000000,31.600000
1779334245.061179,0,0.000000,0.000000,0.000000,0.000000,202.860000,0.110000,-0.330000,0.000000,51.000000,31.610000
1779334245.061678,0,0.000000,0.000000,0.000000,0.000000,202.860000,0.110000,-0.330000,0.000000,51.000000,31.620000
1779334245.084178,0,0.000000,0.000000,0.000000,0.000000,202.860000,0.110000,-0.330000,0.000000,51.000000,31.620000
1779334245.107178,0,0.000000,0.000000,0.000000,0.000000,202.860000,0.110000,-0.330000,0.000000,51.000000,31.630000
1779334245.107679,0,0.000000,0.000000,0.000000,0.000000,268.640000,0.110000,-0.330000,0.000000,48.000000,31.640000
1779334245.108179,0,0.000000,0.000000,0.000000,0.000000,268.640000,0.110000,-0.330000,0.000000,48.000000,31.650000
1779334245.130678,0,0.000000,0.000000,0.000000,0.000000,268.640000,0.110000,-0.330000,0.000000,48.000000,31.670000
1779334245.131178,0,0.000000,0.000000,0.000000,0.000000,268.640000,0.110000,-0.330000,0.000000,48.000000,31.680000
1779334245.131680,0,0.000000,0.000000,0.000000,0.000000,268.640000,0.110000,-0.330000,0.000000,48.000000,31.690000
1779334245.152678,0,0.000000,0.000000,0.000000,0.000000,317.330000,0.110000,-0.330000,0.000000,48.000000,31.700000
1779334245.153179,0,0.000000,0.000000,0.000000,0.000000,317.330000,0.110000,-0.330000,0.000000,48.000000,31.700000
1779334245.175178,0,0.000000,0.000000,0.000000,0.000000,317.330000,0.110000,-0.330000,0.000000,48.000000,31.710000
1779334245.175678,0,0.000000,0.000000,0.000000,0.000000,317.330000,0.110000,-0.330000,0.000000,48.000000,31.720000
1779334245.197679,0,0.000000,0.000000,0.000000,0.000000,317.330000,0.110000,-0.330000,0.000000,48.000000,31.730000
1779334245.219679,0,0.000000,0.000000,0.000000,0.000000,-285.010000,0.110000,-0.330000,0.000000,48.000000,31.750000
1779334245.220180,0,0.000000,0.000000,0.000000,0.000000,-285.010000,0.110000,-0.330000,0.000000,48.000000,31.760000
1779334245.220180,0,0.000000,0.000000,0.000000,0.000000,-285.010000,0.110000,-0.330000,0.000000,48.000000,31.770000
1779334245.241679,0,0.000000,0.000000,0.000000,0.000000,-285.010000,0.110000,-0.330000,0.000000,48.000000,31.790000
1779334245.242180,0,0.000000,0.000000,0.000000,0.000000,-285.010000,0.110000,-0.330000,0.000000,48.000000,31.790000
1779334245.242679,0,0.000000,0.000000,0.000000,0.000000,-214.850000,0.110000,-0.330000,0.000000,48.000000,31.800000
1779334245.265179,0,0.000000,0.000000,0.000000,0.000000,-214.850000,0.110000,-0.330000,0.000000,48.000000,31.810000
1779334245.286679,0,0.000000,0.000000,0.000000,0.000000,-214.850000,0.110000,-0.330000,0.000000,48.000000,31.820000
1779334245.287179,0,0.000000,0.000000,0.000000,0.000000,-214.850000,0.110000,-0.330000,0.000000,48.000000,31.840000
1779334245.287179,0,0.000000,0.000000,0.000000,0.000000,-214.850000,0.110000,-0.330000,0.000000,48.000000,31.850000
1779334245.308678,0,0.000000,0.000000,0.000000,0.000000,-125.840000,0.110000,-0.330000,0.000000,48.000000,31.860000
1779334245.309178,0,0.000000,0.000000,0.000000,0.000000,-125.840000,0.110000,-0.330000,0.000000,48.000000,31.870000
1779334245.348678,0,0.000000,0.000000,0.000000,0.000000,-125.840000,0.110000,-0.330000,0.000000,48.000000,31.870000
1779334245.349179,0,0.000000,0.000000,0.000000,0.000000,-125.840000,0.110000,-0.330000,0.000000,48.000000,31.880000
1779334245.349679,0,0.000000,0.000000,0.000000,0.000000,-125.840000,0.110000,-0.330000,0.000000,48.000000,31.890000
1779334245.390178,0,0.000000,0.000000,0.000000,0.000000,-53.650000,0.110000,-0.330000,0.000000,48.000000,31.900000
1779334245.390678,0,0.000000,0.000000,0.000000,0.000000,-53.650000,0.110000,-0.330000,0.000000,48.000000,31.920000
1779334245.390678,0,0.000000,0.000000,0.000000,0.000000,-53.650000,0.110000,-0.330000,0.000000,48.000000,31.930000
1779334245.391178,0,0.000000,0.000000,0.000000,0.000000,-53.650000,0.110000,-0.330000,0.000000,48.000000,31.940000
1779334245.391677,0,0.000000,0.000000,0.000000,0.000000,-53.650000,0.110000,-0.330000,0.000000,48.000000,31.950000
1779334245.392178,0,0.000000,0.000000,0.000000,0.000000,-104.720000,0.110000,-0.340000,0.000000,48.000000,31.950000
1779334245.392678,0,0.000000,0.000000,0.000000,0.000000,-104.720000,0.110000,-0.340000,0.000000,48.000000,31.960000
1779334245.430680,0,0.000000,0.000000,0.000000,0.000000,-104.720000,0.110000,-0.340000,0.000000,48.000000,31.970000
1779334245.431179,0,0.000000,0.000000,0.000000,0.000000,-104.720000,0.110000,-0.340000,0.000000,48.000000,31.980000
1779334245.452679,0,0.000000,0.000000,0.000000,0.000000,-104.720000,0.110000,-0.340000,0.000000,48.000000,32.000000
1779334245.453179,0,0.000000,0.000000,0.000000,0.000000,-171.860000,0.120000,-0.340000,0.000000,48.000000,32.020000
1779334245.476678,0,0.000000,0.000000,0.000000,0.000000,-171.860000,0.120000,-0.340000,0.000000,48.000000,32.020000
1779334245.499178,0,0.000000,0.000000,0.000000,0.000000,-171.860000,0.120000,-0.340000,0.000000,48.000000,32.040000
1779334245.499678,0,0.000000,0.000000,0.000000,0.000000,-171.860000,0.120000,-0.340000,0.000000,48.000000,32.040000
1779334245.520178,0,0.000000,0.000000,0.000000,0.000000,-227.050000,0.120000,-0.340000,0.000000,48.000000,32.060000
1779334245.520678,0,0.000000,0.000000,0.000000,0.000000,-227.050000,0.120000,-0.340000,0.000000,48.000000,32.060000
1779334245.544178,0,0.000000,0.000000,0.000000,0.000000,-227.050000,0.120000,-0.340000,0.000000,48.000000,32.080000
1779334245.544677,0,0.000000,0.000000,0.000000,0.000000,-227.050000,0.120000,-0.340000,0.000000,48.000000,32.090000
1779334245.544677,0,0.000000,0.000000,0.000000,0.000000,-227.050000,0.120000,-0.340000,0.000000,48.000000,32.090000
1779334245.567178,0,0.000000,0.000000,0.000000,0.000000,-255.240000,0.120000,-0.340000,0.000000,48.000000,32.110000
1779334245.568178,0,0.000000,0.000000,0.000000,0.000000,-255.240000,0.120000,-0.340000,0.000000,48.000000,32.110000
1779334245.590678,0,0.000000,0.000000,0.000000,0.000000,-255.240000,0.120000,-0.340000,0.000000,48.000000,32.130000
1779334245.591178,0,0.000000,0.000000,0.000000,0.000000,-255.240000,0.120000,-0.340000,0.000000,48.000000,32.130000
1779334245.591679,0,0.000000,0.000000,0.000000,0.000000,-255.240000,0.120000,-0.340000,0.000000,48.000000,32.150000
1779334245.615178,0,0.000000,0.000000,0.000000,0.000000,-297.700000,0.120000,-0.340000,0.000000,48.000000,32.150000
1779334245.615679,0,0.000000,0.000000,0.000000,0.000000,-297.700000,0.120000,-0.340000,0.000000,48.000000,32.160000
1779334245.636178,0,0.000000,0.000000,0.000000,0.000000,-297.700000,0.120000,-0.340000,0.000000,48.000000,32.180000
1779334245.636680,0,0.000000,0.000000,0.000000,0.000000,-297.700000,0.120000,-0.340000,0.000000,48.000000,32.200000
1779334245.658179,0,0.000000,0.000000,0.000000,0.000000,-297.700000,0.120000,-0.340000,0.000000,48.000000,32.200000
1779334245.658679,0,0.000000,0.000000,0.000000,0.000000,215.250000,0.120000,-0.340000,0.000000,48.000000,32.200000
1779334245.680178,0,0.000000,0.000000,0.000000,0.000000,215.250000,0.120000,-0.340000,0.000000,48.000000,32.220000
1779334245.680680,0,0.000000,0.000000,0.000000,0.000000,215.250000,0.120000,-0.340000,0.000000,48.000000,32.240000
1779334245.701678,0,0.000000,0.000000,0.000000,0.000000,215.250000,0.120000,-0.340000,0.000000,48.000000,32.250000
1779334245.702178,0,0.000000,0.000000,0.000000,0.000000,215.250000,0.120000,-0.340000,0.000000,48.000000,32.250000
1779334245.740179,0,0.000000,0.000000,0.000000,0.000000,118.480000,0.120000,-0.340000,0.000000,48.000000,32.270000
1779334245.740679,0,0.000000,0.000000,0.000000,0.000000,118.480000,0.120000,-0.340000,0.000000,48.000000,32.270000
1779334245.741179,0,0.000000,0.000000,0.000000,0.000000,118.480000,0.120000,-0.340000,0.000000,48.000000,32.290000
1779334245.741678,0,0.000000,0.000000,0.000000,0.000000,118.480000,0.120000,-0.340000,0.000000,48.000000,32.290000
1779334245.742180,0,0.000000,0.000000,0.000000,0.000000,118.480000,0.120000,-0.340000,0.000000,48.000000,32.310000
1779334245.782680,0,0.000000,0.000000,0.000000,0.000000,67.500000,0.120000,-0.340000,0.000000,48.000000,32.310000
1779334245.783180,0,0.000000,0.000000,0.000000,0.000000,67.500000,0.120000,-0.340000,0.000000,48.000000,32.330000
1779334245.783679,0,0.000000,0.000000,0.000000,0.000000,67.500000,0.120000,-0.340000,0.000000,48.000000,32.340000
1779334245.784179,0,0.000000,0.000000,0.000000,0.000000,67.500000,0.120000,-0.340000,0.000000,48.000000,32.340000
1779334245.784679,0,0.000000,0.000000,0.000000,0.000000,67.500000,0.120000,-0.340000,0.000000,48.000000,32.360000
1779334245.807678,0,0.000000,0.000000,0.000000,0.000000,34.700000,0.140000,-0.340000,0.000000,48.000000,32.360000
1779334245.829679,0,0.000000,0.000000,0.000000,0.000000,34.700000,0.140000,-0.340000,0.000000,48.000000,32.380000
1779334245.830178,0,0.000000,0.000000,0.000000,0.000000,34.700000,0.140000,-0.340000,0.000000,48.000000,32.380000
1779334245.855679,0,0.000000,0.000000,0.000000,0.000000,34.700000,0.140000,-0.340000,0.000000,48.000000,32.400000
1779334245.856179,0,0.000000,0.000000,0.000000,0.000000,34.700000,0.140000,-0.340000,0.000000,48.000000,32.400000
1779334245.879179,0,0.000000,0.000000,0.000000,0.000000,34.700000,0.140000,-0.340000,0.000000,48.000000,32.410000
1779334245.900178,0,0.000000,0.000000,0.000000,0.000000,-47.860000,0.140000,-0.340000,0.000000,48.000000,32.430000
1779334245.900678,0,0.000000,0.000000,0.000000,0.000000,-47.860000,0.140000,-0.340000,0.000000,48.000000,32.430000
1779334245.923178,0,0.000000,0.000000,0.000000,0.000000,-47.860000,0.140000,-0.340000,0.000000,48.000000,32.450000
1779334245.923678,0,0.000000,0.000000,0.000000,0.000000,-47.860000,0.140000,-0.340000,0.000000,48.000000,32.450000
1779334245.924178,0,0.000000,0.000000,0.000000,0.000000,-47.860000,0.140000,-0.340000,0.000000,48.000000,32.470000
1779334245.946680,0,0.000000,0.000000,0.000000,0.000000,-182.720000,0.140000,-0.340000,0.000000,48.000000,32.470000
1779334245.947180,0,0.000000,0.000000,0.000000,0.000000,-182.720000,0.140000,-0.340000,0.000000,48.000000,32.490000
1779334245.969678,0,0.000000,0.000000,0.000000,0.000000,-182.720000,0.140000,-0.340000,0.000000,48.000000,32.500000
1779334245.970178,0,0.000000,0.000000,0.000000,0.000000,-182.720000,0.140000,-0.340000,0.000000,48.000000,32.520000
1779334245.991179,0,0.000000,0.000000,0.000000,0.000000,-182.720000,0.140000,-0.340000,0.000000,48.000000,32.520000
1779334245.991678,0,0.000000,0.000000,0.000000,0.000000,-182.720000,0.140000,-0.340000,0.000000,48.000000,32.540000
1779334245.992179,0,0.000000,0.000000,0.000000,0.000000,-182.720000,0.140000,-0.340000,0.000000,48.000000,32.540000
1779334246.031678,0,0.000000,0.000000,0.000000,0.000000,-182.720000,0.140000,-0.340000,0.000000,48.000000,32.560000
1779334246.032179,0,0.000000,0.000000,0.000000,0.000000,-182.720000,0.140000,-0.340000,0.000000,48.000000,32.560000
1779334246.032679,0,0.000000,0.000000,0.000000,0.000000,-265.850000,0.140000,-0.340000,0.000000,51.000000,32.580000
1779334246.033179,0,0.000000,0.000000,0.000000,0.000000,-265.850000,0.140000,-0.340000,0.000000,51.000000,32.590000
1779334246.033179,0,0.000000,0.000000,0.000000,0.000000,-265.850000,0.140000,-0.340000,0.000000,51.000000,32.590000
1779334246.034179,0,0.000000,0.000000,0.000000,0.000000,-265.850000,0.140000,-0.340000,0.000000,51.000000,32.590000
1779334246.074178,0,0.000000,0.000000,0.000000,0.000000,-265.850000,0.140000,-0.340000,0.000000,51.000000,32.610000
1779334246.074677,0,0.000000,0.000000,0.000000,0.000000,-265.850000,0.140000,-0.340000,0.000000,51.000000,32.630000
1779334246.075177,0,0.000000,0.000000,0.000000,0.000000,-253.720000,0.140000,-0.340000,0.000000,48.000000,32.630000
1779334246.075677,0,0.000000,0.000000,0.000000,0.000000,-253.720000,0.140000,-0.340000,0.000000,48.000000,32.650000
1779334246.097679,0,0.000000,0.000000,0.000000,0.000000,-253.720000,0.140000,-0.340000,0.000000,48.000000,32.650000
1779334246.119679,0,0.000000,0.000000,0.000000,0.000000,-253.720000,0.140000,-0.340000,0.000000,48.000000,32.660000
1779334246.141178,0,0.000000,0.000000,0.000000,0.000000,-253.720000,0.140000,-0.340000,0.000000,48.000000,32.680000
1779334246.141678,0,0.000000,0.000000,0.000000,0.000000,-248.990000,0.140000,-0.340000,0.000000,48.000000,32.680000
1779334246.141678,0,0.000000,0.000000,0.000000,0.000000,-248.990000,0.140000,-0.340000,0.000000,48.000000,32.700000
1779334246.162679,0,0.000000,0.000000,0.000000,0.000000,-248.990000,0.140000,-0.340000,0.000000,48.000000,32.700000
1779334246.183677,0,0.000000,0.000000,0.000000,0.000000,-248.990000,0.140000,-0.340000,0.000000,48.000000,32.720000
1779334246.184177,0,0.000000,0.000000,0.000000,0.000000,-248.990000,0.140000,-0.340000,0.000000,48.000000,32.720000
1779334246.184677,0,0.000000,0.000000,0.000000,0.000000,-283.720000,0.140000,-0.340000,0.000000,48.000000,32.740000
1779334246.206679,0,0.000000,0.000000,0.000000,0.000000,-283.720000,0.140000,-0.340000,0.000000,48.000000,32.750000
1779334246.228177,0,0.000000,0.000000,0.000000,0.000000,-283.720000,0.140000,-0.340000,0.000000,48.000000,32.770000
1779334246.228678,0,0.000000,0.000000,0.000000,0.000000,-283.720000,0.140000,-0.340000,0.000000,48.000000,32.770000
1779334246.228678,0,0.000000,0.000000,0.000000,0.000000,293.070000,0.140000,-0.340000,0.000000,48.000000,32.790000
1779334246.250178,0,0.000000,0.000000,0.000000,0.000000,293.070000,0.140000,-0.340000,0.000000,48.000000,32.790000
1779334246.250679,0,0.000000,0.000000,0.000000,0.000000,293.070000,0.140000,-0.340000,0.000000,48.000000,32.810000
1779334246.270678,0,0.000000,0.000000,0.000000,0.000000,293.070000,0.140000,-0.340000,0.000000,48.000000,32.810000
1779334246.271178,0,0.000000,0.000000,0.000000,0.000000,293.070000,0.140000,-0.340000,0.000000,48.000000,32.830000
1779334246.309679,0,0.000000,0.000000,0.000000,0.000000,293.070000,0.140000,-0.340000,0.000000,48.000000,32.840000
1779334246.310679,0,0.000000,0.000000,0.000000,0.000000,209.100000,0.120000,-0.340000,0.000000,48.000000,32.840000
1779334246.311178,0,0.000000,0.000000,0.000000,0.000000,209.100000,0.120000,-0.340000,0.000000,48.000000,32.860000
1779334246.311678,0,0.000000,0.000000,0.000000,0.000000,209.100000,0.120000,-0.340000,0.000000,48.000000,32.860000
1779334246.312178,0,0.000000,0.000000,0.000000,0.000000,209.100000,0.120000,-0.340000,0.000000,48.000000,32.880000
1779334246.333679,0,0.000000,0.000000,0.000000,0.000000,170.270000,0.120000,-0.340000,0.000000,48.000000,32.880000
1779334246.355678,0,0.000000,0.000000,0.000000,0.000000,170.270000,0.120000,-0.340000,0.000000,48.000000,32.900000
1779334246.356678,0,0.000000,0.000000,0.000000,0.000000,170.270000,0.120000,-0.340000,0.000000,48.000000,32.900000
1779334246.377678,0,0.000000,0.000000,0.000000,0.000000,170.270000,0.120000,-0.340000,0.000000,48.000000,32.910000
1779334246.378177,0,0.000000,0.000000,0.000000,0.000000,170.270000,0.120000,-0.340000,0.000000,48.000000,32.930000
1779334246.378678,0,0.000000,0.000000,0.000000,0.000000,170.270000,0.120000,-0.340000,0.000000,48.000000,32.930000
1779334246.400678,0,0.000000,0.000000,0.000000,0.000000,168.470000,0.120000,-0.340000,0.000000,48.000000,32.950000
1779334246.421678,0,0.000000,0.000000,0.000000,0.000000,168.470000,0.120000,-0.340000,0.000000,48.000000,32.950000
1779334246.422678,0,0.000000,0.000000,0.000000,0.000000,168.470000,0.120000,-0.340000,0.000000,48.000000,32.970000
1779334246.443679,0,0.000000,0.000000,0.000000,0.000000,168.470000,0.120000,-0.340000,0.000000,48.000000,32.970000
1779334246.444179,0,0.000000,0.000000,0.000000,0.000000,168.470000,0.120000,-0.340000,0.000000,48.000000,32.990000
1779334246.444678,0,0.000000,0.000000,0.000000,0.000000,179.910000,0.120000,-0.340000,0.000000,48.000000,33.000000
1779334246.465179,0,0.000000,0.000000,0.000000,0.000000,179.910000,0.120000,-0.340000,0.000000,48.000000,33.020000
1779334246.465678,0,0.000000,0.000000,0.000000,0.000000,179.910000,0.120000,-0.340000,0.000000,48.000000,33.020000
1779334246.487679,0,0.000000,0.000000,0.000000,0.000000,179.910000,0.120000,-0.340000,0.000000,48.000000,33.040000
1779334246.509179,0,0.000000,0.000000,0.000000,0.000000,196.100000,0.120000,-0.340000,0.000000,48.000000,33.040000
1779334246.532179,0,0.000000,0.000000,0.000000,0.000000,196.100000,0.120000,-0.340000,0.000000,48.000000,33.060000
1779334246.532679,0,0.000000,0.000000,0.000000,0.000000,196.100000,0.120000,-0.340000,0.000000,48.000000,33.060000
1779334246.553679,0,0.000000,0.000000,0.000000,0.000000,196.100000,0.120000,-0.340000,0.000000,48.000000,33.080000
1779334246.554178,0,0.000000,0.000000,0.000000,0.000000,196.100000,0.120000,-0.340000,0.000000,48.000000,33.090000
1779334246.554679,0,0.000000,0.000000,0.000000,0.000000,191.910000,0.120000,-0.340000,0.000000,48.000000,33.090000
1779334246.555179,0,0.000000,0.000000,0.000000,0.000000,191.910000,0.120000,-0.340000,0.000000,48.000000,33.110000
1779334246.577178,0,0.000000,0.000000,0.000000,0.000000,191.910000,0.120000,-0.340000,0.000000,48.000000,33.110000
1779334246.599679,0,0.000000,0.000000,0.000000,0.000000,191.910000,0.120000,-0.340000,0.000000,48.000000,33.130000
1779334246.600179,0,0.000000,0.000000,0.000000,0.000000,191.910000,0.120000,-0.340000,0.000000,48.000000,33.130000
1779334246.600679,0,0.000000,0.000000,0.000000,0.000000,191.910000,0.120000,-0.340000,0.000000,48.000000,33.150000
1779334246.620678,0,0.000000,0.000000,0.000000,0.000000,191.910000,0.120000,-0.340000,0.000000,48.000000,33.150000
1779334246.621678,0,0.000000,0.000000,0.000000,0.000000,191.910000,0.120000,-0.340000,0.000000,48.000000,33.160000
1779334246.643178,0,0.000000,0.000000,0.000000,0.000000,191.910000,0.120000,-0.340000,0.000000,48.000000,33.180000
1779334246.643677,0,0.000000,0.000000,0.000000,0.000000,191.910000,0.120000,-0.340000,0.000000,48.000000,33.180000
1779334246.644177,0,0.000000,0.000000,0.000000,0.000000,203.190000,0.140000,-0.340000,0.000000,51.000000,33.200000
1779334246.665178,0,0.000000,0.000000,0.000000,0.000000,203.190000,0.140000,-0.340000,0.000000,51.000000,33.200000
1779334246.687679,0,0.000000,0.000000,0.000000,0.000000,203.190000,0.140000,-0.340000,0.000000,51.000000,33.220000
1779334246.688179,0,0.000000,0.000000,0.000000,0.000000,203.190000,0.140000,-0.340000,0.000000,51.000000,33.220000
1779334246.688679,0,0.000000,0.000000,0.000000,0.000000,203.190000,0.140000,-0.340000,0.000000,51.000000,33.240000
1779334246.710177,0,0.000000,0.000000,0.000000,0.000000,288.230000,0.140000,-0.340000,0.000000,48.000000,33.250000
1779334246.710677,0,0.000000,0.000000,0.000000,0.000000,288.230000,0.140000,-0.340000,0.000000,48.000000,33.250000
1779334246.733178,0,0.000000,0.000000,0.000000,0.000000,288.230000,0.140000,-0.340000,0.000000,48.000000,33.270000
1779334246.733679,0,0.000000,0.000000,0.000000,0.000000,288.230000,0.140000,-0.340000,0.000000,48.000000,33.270000
1779334246.733679,0,0.000000,0.000000,0.000000,0.000000,288.230000,0.140000,-0.340000,0.000000,48.000000,33.290000
1779334246.755177,0,0.000000,0.000000,0.000000,0.000000,288.230000,0.140000,-0.340000,0.000000,48.000000,33.290000
1779334246.755677,0,0.000000,0.000000,0.000000,0.000000,288.230000,0.140000,-0.340000,0.000000,48.000000,33.310000
1779334246.777180,0,0.000000,0.000000,0.000000,0.000000,288.230000,0.140000,-0.340000,0.000000,48.000000,33.310000
1779334246.777679,0,0.000000,0.000000,0.000000,0.000000,288.230000,0.140000,-0.340000,0.000000,48.000000,33.330000
1779334246.799179,0,0.000000,0.000000,0.000000,0.000000,288.230000,0.140000,-0.340000,0.000000,48.000000,33.340000
1779334246.821179,0,0.000000,0.000000,0.000000,0.000000,288.230000,0.140000,-0.340000,0.000000,48.000000,33.340000
1779334246.821678,0,0.000000,0.000000,0.000000,0.000000,-291.200000,0.140000,-0.340000,0.000000,49.000000,33.360000
1779334246.822179,0,0.000000,0.000000,0.000000,0.000000,-291.200000,0.140000,-0.340000,0.000000,49.000000,33.380000
1779334246.822679,0,0.000000,0.000000,0.000000,0.000000,-291.200000,0.140000,-0.340000,0.000000,49.000000,33.380000
1779334246.850180,0,0.000000,0.000000,0.000000,0.000000,-291.200000,0.140000,-0.340000,0.000000,49.000000,33.400000
1779334246.850679,0,0.000000,0.000000,0.000000,0.000000,-291.200000,0.140000,-0.340000,0.000000,49.000000,33.400000
1779334246.851678,0,0.000000,0.000000,0.000000,0.000000,-245.000000,0.140000,-0.340000,0.000000,48.000000,33.410000
1779334246.873677,0,0.000000,0.000000,0.000000,0.000000,-245.000000,0.140000,-0.340000,0.000000,48.000000,33.430000
1779334246.874179,0,0.000000,0.000000,0.000000,0.000000,-245.000000,0.140000,-0.340000,0.000000,48.000000,33.430000
1779334246.895678,0,0.000000,0.000000,0.000000,0.000000,-245.000000,0.140000,-0.340000,0.000000,48.000000,33.450000
1779334246.917679,0,0.000000,0.000000,0.000000,0.000000,-245.000000,0.140000,-0.340000,0.000000,48.000000,33.450000
1779334246.918179,0,0.000000,0.000000,0.000000,0.000000,-223.020000,0.140000,-0.340000,0.000000,48.000000,33.470000
1779334246.918679,0,0.000000,0.000000,0.000000,0.000000,-223.020000,0.140000,-0.340000,0.000000,48.000000,33.470000
1779334246.941178,0,0.000000,0.000000,0.000000,0.000000,-223.020000,0.140000,-0.340000,0.000000,48.000000,33.490000
1779334246.964678,0,0.000000,0.000000,0.000000,0.000000,-223.020000,0.140000,-0.340000,0.000000,48.000000,33.500000
1779334246.965178,0,0.000000,0.000000,0.000000,0.000000,-223.020000,0.140000,-0.340000,0.000000,48.000000,33.500000
1779334246.965178,0,0.000000,0.000000,0.000000,0.000000,-253.190000,0.140000,-0.340000,0.000000,48.000000,33.520000
1779334246.986178,0,0.000000,0.000000,0.000000,0.000000,-253.190000,0.140000,-0.340000,0.000000,48.000000,33.520000
1779334246.986679,0,0.000000,0.000000,0.000000,0.000000,-253.190000,0.140000,-0.340000,0.000000,48.000000,33.540000
1779334247.009178,0,0.000000,0.000000,0.000000,0.000000,-253.190000,0.140000,-0.340000,0.000000,48.000000,33.540000
1779334247.009678,0,0.000000,0.000000,0.000000,0.000000,-253.190000,0.140000,-0.340000,0.000000,48.000000,33.560000
1779334247.010179,0,0.000000,0.000000,0.000000,0.000000,-302.190000,0.140000,-0.340000,0.000000,48.000000,33.560000
1779334247.031678,0,0.000000,0.000000,0.000000,0.000000,-302.190000,0.140000,-0.340000,0.000000,48.000000,33.580000
1779334247.052178,0,0.000000,0.000000,0.000000,0.000000,-302.190000,0.140000,-0.340000,0.000000,48.000000,33.590000
1779334247.052748,0,0.000000,0.000000,0.000000,0.000000,-302.190000,0.140000,-0.340000,0.000000,48.000000,33.590000
1779334247.073677,0,0.000000,0.000000,0.000000,0.000000,-302.190000,0.140000,-0.340000,0.000000,48.000000,33.610000
1779334247.074177,0,0.000000,0.000000,0.000000,0.000000,305.200000,0.140000,-0.340000,0.000000,48.000000,33.630000
1779334247.074677,0,0.000000,0.000000,0.000000,0.000000,305.200000,0.140000,-0.340000,0.000000,48.000000,33.630000
1779334247.095178,0,0.000000,0.000000,0.000000,0.000000,305.200000,0.140000,-0.340000,0.000000,48.000000,33.650000
1779334247.096177,0,0.000000,0.000000,0.000000,0.000000,305.200000,0.140000,-0.340000,0.000000,48.000000,33.650000
1779334247.119178,0,0.000000,0.000000,0.000000,0.000000,305.200000,0.140000,-0.340000,0.000000,48.000000,33.660000
1779334247.120178,0,0.000000,0.000000,0.000000,0.000000,270.890000,0.140000,-0.340000,0.000000,48.000000,33.680000
1779334247.141177,0,0.000000,0.000000,0.000000,0.000000,270.890000,0.140000,-0.340000,0.000000,48.000000,33.680000
1779334247.141678,0,0.000000,0.000000,0.000000,0.000000,270.890000,0.140000,-0.340000,0.000000,48.000000,33.700000
1779334247.163177,0,0.000000,0.000000,0.000000,0.000000,270.890000,0.140000,-0.340000,0.000000,48.000000,33.700000
1779334247.163177,0,0.000000,0.000000,0.000000,0.000000,270.890000,0.140000,-0.340000,0.000000,48.000000,33.720000
1779334247.163677,0,0.000000,0.000000,0.000000,0.000000,294.420000,0.140000,-0.340000,0.000000,48.000000,33.720000
1779334247.185178,0,0.000000,0.000000,0.000000,0.000000,294.420000,0.140000,-0.340000,0.000000,48.000000,33.740000
1779334247.185678,0,0.000000,0.000000,0.000000,0.000000,294.420000,0.140000,-0.340000,0.000000,48.000000,33.750000
1779334247.207179,0,0.000000,0.000000,0.000000,0.000000,294.420000,0.140000,-0.340000,0.000000,48.000000,33.750000
1779334247.247679,0,0.000000,0.000000,0.000000,0.000000,294.420000,0.140000,-0.340000,0.000000,48.000000,33.770000
1779334247.248179,0,0.000000,0.000000,0.000000,0.000000,-322.170000,0.140000,-0.340000,0.000000,48.000000,33.770000
1779334247.248678,0,0.000000,0.000000,0.000000,0.000000,-322.170000,0.140000,-0.340000,0.000000,48.000000,33.790000
1779334247.249178,0,0.000000,0.000000,0.000000,0.000000,-322.170000,0.140000,-0.340000,0.000000,48.000000,33.790000
1779334247.249679,0,0.000000,0.000000,0.000000,0.000000,-322.170000,0.140000,-0.340000,0.000000,48.000000,33.810000
1779334247.249679,0,0.000000,0.000000,0.000000,0.000000,-322.170000,0.140000,-0.340000,0.000000,48.000000,33.810000
1779334247.271678,0,0.000000,0.000000,0.000000,0.000000,-219.630000,0.120000,-0.340000,0.000000,48.000000,33.830000
1779334247.291677,0,0.000000,0.000000,0.000000,0.000000,-219.630000,0.120000,-0.340000,0.000000,48.000000,33.840000
1779334247.292178,0,0.000000,0.000000,0.000000,0.000000,-219.630000,0.120000,-0.340000,0.000000,48.000000,33.840000
1779334247.313679,0,0.000000,0.000000,0.000000,0.000000,-219.630000,0.120000,-0.340000,0.000000,48.000000,33.860000
1779334247.314179,0,0.000000,0.000000,0.000000,0.000000,-219.630000,0.120000,-0.340000,0.000000,48.000000,33.860000
1779334247.335177,0,0.000000,0.000000,0.000000,0.000000,-98.020000,0.120000,-0.340000,0.000000,48.000000,33.880000
1779334247.335677,0,0.000000,0.000000,0.000000,0.000000,-98.020000,0.120000,-0.340000,0.000000,48.000000,33.880000
1779334247.336178,0,0.000000,0.000000,0.000000,0.000000,-98.020000,0.120000,-0.340000,0.000000,48.000000,33.900000
1779334247.376678,0,0.000000,0.000000,0.000000,0.000000,-98.020000,0.120000,-0.340000,0.000000,48.000000,33.900000
1779334247.377177,0,0.000000,0.000000,0.000000,0.000000,-98.020000,0.120000,-0.340000,0.000000,48.000000,33.910000
1779334247.377677,0,0.000000,0.000000,0.000000,0.000000,6.210000,0.120000,-0.340000,0.000000,48.000000,33.930000
1779334247.379178,0,0.000000,0.000000,0.000000,0.000000,6.210000,0.120000,-0.340000,0.000000,48.000000,33.930000
1779334247.379678,0,0.000000,0.000000,0.000000,0.000000,6.210000,0.120000,-0.340000,0.000000,48.000000,33.950000
1779334247.417178,0,0.000000,0.000000,0.000000,0.000000,6.210000,0.120000,-0.340000,0.000000,48.000000,33.950000
1779334247.417679,0,0.000000,0.000000,0.000000,0.000000,6.210000,0.120000,-0.340000,0.000000,48.000000,33.970000
1779334247.418179,0,0.000000,0.000000,0.000000,0.000000,86.550000,0.120000,-0.340000,0.000000,48.000000,33.970000
1779334247.440178,0,0.000000,0.000000,0.000000,0.000000,86.550000,0.120000,-0.340000,0.000000,48.000000,33.990000
1779334247.462179,0,0.000000,0.000000,0.000000,0.000000,86.550000,0.120000,-0.340000,0.000000,48.000000,34.000000
1779334247.462678,0,0.000000,0.000000,0.000000,0.000000,86.550000,0.120000,-0.340000,0.000000,48.000000,34.000000
1779334247.484678,0,0.000000,0.000000,0.000000,0.000000,86.550000,0.120000,-0.340000,0.000000,48.000000,34.020000
1779334247.485178,0,0.000000,0.000000,0.000000,0.000000,86.550000,0.120000,-0.340000,0.000000,48.000000,34.020000
1779334247.506177,0,0.000000,0.000000,0.000000,0.000000,174.490000,0.120000,-0.340000,0.000000,48.000000,34.040000
1779334247.506677,0,0.000000,0.000000,0.000000,0.000000,174.490000,0.120000,-0.340000,0.000000,48.000000,34.040000
1779334247.529678,0,0.000000,0.000000,0.000000,0.000000,174.490000,0.120000,-0.340000,0.000000,48.000000,34.060000
1779334247.530179,0,0.000000,0.000000,0.000000,0.000000,174.490000,0.120000,-0.340000,0.000000,48.000000,34.080000
1779334247.550678,0,0.000000,0.000000,0.000000,0.000000,222.550000,0.120000,-0.340000,0.000000,48.000000,34.090000
1779334247.551177,0,0.000000,0.000000,0.000000,0.000000,222.550000,0.120000,-0.340000,0.000000,48.000000,34.090000
1779334247.571678,0,0.000000,0.000000,0.000000,0.000000,222.550000,0.120000,-0.340000,0.000000,48.000000,34.110000
1779334247.592177,0,0.000000,0.000000,0.000000,0.000000,222.550000,0.120000,-0.340000,0.000000,48.000000,34.110000
1779334247.592677,0,0.000000,0.000000,0.000000,0.000000,222.550000,0.120000,-0.340000,0.000000,48.000000,34.130000
1779334247.593177,0,0.000000,0.000000,0.000000,0.000000,217.030000,0.120000,-0.340000,0.000000,48.000000,34.130000
1779334247.593677,0,0.000000,0.000000,0.000000,0.000000,217.030000,0.120000,-0.340000,0.000000,48.000000,34.150000
1779334247.615177,0,0.000000,0.000000,0.000000,0.000000,217.030000,0.120000,-0.340000,0.000000,48.000000,34.150000
1779334247.615677,0,0.000000,0.000000,0.000000,0.000000,217.030000,0.120000,-0.340000,0.000000,48.000000,34.160000
1779334247.638678,0,0.000000,0.000000,0.000000,0.000000,217.030000,0.120000,-0.340000,0.000000,48.000000,34.180000
1779334247.638678,0,0.000000,0.000000,0.000000,0.000000,192.100000,0.120000,-0.340000,0.000000,48.000000,34.180000
1779334247.661178,0,0.000000,0.000000,0.000000,0.000000,192.100000,0.120000,-0.340000,0.000000,48.000000,34.200000
1779334247.661678,0,0.000000,0.000000,0.000000,0.000000,192.100000,0.120000,-0.340000,0.000000,48.000000,34.220000
1779334247.661678,0,0.000000,0.000000,0.000000,0.000000,192.100000,0.120000,-0.340000,0.000000,48.000000,34.220000
1779334247.683177,0,0.000000,0.000000,0.000000,0.000000,192.100000,0.120000,-0.340000,0.000000,48.000000,34.220000
1779334247.683678,0,0.000000,0.000000,0.000000,0.000000,153.830000,0.120000,-0.340000,0.000000,48.000000,34.240000
1779334247.704678,0,0.000000,0.000000,0.000000,0.000000,153.830000,0.120000,-0.340000,0.000000,48.000000,34.250000
1779334247.705678,0,0.000000,0.000000,0.000000,0.000000,153.830000,0.120000,-0.340000,0.000000,48.000000,34.250000
1779334247.726678,0,0.000000,0.000000,0.000000,0.000000,153.830000,0.120000,-0.340000,0.000000,48.000000,34.270000
1779334247.727178,0,0.000000,0.000000,0.000000,0.000000,153.830000,0.120000,-0.340000,0.000000,48.000000,34.290000
1779334247.749178,0,0.000000,0.000000,0.000000,0.000000,153.830000,0.120000,-0.340000,0.000000,48.000000,34.290000
1779334247.749679,0,0.000000,0.000000,0.000000,0.000000,153.830000,0.120000,-0.340000,0.000000,48.000000,34.310000
1779334247.770678,0,0.000000,0.000000,0.000000,0.000000,153.830000,0.120000,-0.340000,0.000000,48.000000,34.310000
1779334247.792677,0,0.000000,0.000000,0.000000,0.000000,153.830000,0.120000,-0.340000,0.000000,48.000000,34.330000
1779334247.793177,0,0.000000,0.000000,0.000000,0.000000,153.830000,0.120000,-0.340000,0.000000,48.000000,34.340000
1779334247.793677,0,0.000000,0.000000,0.000000,0.000000,107.270000,0.120000,-0.340000,0.000000,49.000000,34.340000
1779334247.815677,0,0.000000,0.000000,0.000000,0.000000,107.270000,0.120000,-0.340000,0.000000,49.000000,34.360000
1779334247.816177,0,0.000000,0.000000,0.000000,0.000000,107.270000,0.120000,-0.340000,0.000000,49.000000,34.360000
1779334247.838677,0,0.000000,0.000000,0.000000,0.000000,107.270000,0.120000,-0.340000,0.000000,49.000000,34.380000
1779334247.839177,0,0.000000,0.000000,0.000000,0.000000,107.270000,0.120000,-0.340000,0.000000,49.000000,34.380000
1779334247.865179,0,0.000000,0.000000,0.000000,0.000000,65.800000,0.120000,-0.340000,0.000000,48.000000,34.400000
1779334247.865679,0,0.000000,0.000000,0.000000,0.000000,65.800000,0.120000,-0.340000,0.000000,48.000000,34.400000
1779334247.886678,0,0.000000,0.000000,0.000000,0.000000,65.800000,0.120000,-0.340000,0.000000,48.000000,34.430000
1779334247.887177,0,0.000000,0.000000,0.000000,0.000000,65.800000,0.120000,-0.340000,0.000000,48.000000,34.430000
1779334247.887677,0,0.000000,0.000000,0.000000,0.000000,65.800000,0.120000,-0.340000,0.000000,48.000000,34.450000
1779334247.909679,0,0.000000,0.000000,0.000000,0.000000,-30.100000,0.120000,-0.340000,0.000000,48.000000,34.450000
1779334247.910179,0,0.000000,0.000000,0.000000,0.000000,-30.100000,0.120000,-0.340000,0.000000,48.000000,34.470000
1779334247.931179,0,0.000000,0.000000,0.000000,0.000000,-30.100000,0.120000,-0.340000,0.000000,48.000000,34.470000
1779334247.931678,0,0.000000,0.000000,0.000000,0.000000,-30.100000,0.120000,-0.340000,0.000000,48.000000,34.490000
1779334247.951177,0,0.000000,0.000000,0.000000,0.000000,-30.100000,0.120000,-0.340000,0.000000,48.000000,34.500000
1779334247.951729,0,0.000000,0.000000,0.000000,0.000000,-108.880000,0.140000,-0.340000,0.000000,48.000000,34.500000
1779334247.952677,0,0.000000,0.000000,0.000000,0.000000,-108.880000,0.140000,-0.340000,0.000000,48.000000,34.520000
1779334247.974177,0,0.000000,0.000000,0.000000,0.000000,-108.880000,0.140000,-0.340000,0.000000,48.000000,34.520000
1779334247.974677,0,0.000000,0.000000,0.000000,0.000000,-108.880000,0.140000,-0.340000,0.000000,48.000000,34.540000
1779334247.975177,0,0.000000,0.000000,0.000000,0.000000,-108.880000,0.140000,-0.340000,0.000000,48.000000,34.540000
1779334247.996178,0,0.000000,0.000000,0.000000,0.000000,-166.390000,0.140000,-0.340000,0.000000,48.000000,34.540000
1779334248.018678,0,0.000000,0.000000,0.000000,0.000000,-166.390000,0.140000,-0.340000,0.000000,48.000000,34.560000
1779334248.019179,0,0.000000,0.000000,0.000000,0.000000,-166.390000,0.140000,-0.340000,0.000000,48.000000,34.560000
1779334248.019179,0,0.000000,0.000000,0.000000,0.000000,-166.390000,0.140000,-0.340000,0.000000,48.000000,34.580000
1779334248.041177,0,0.000000,0.000000,0.000000,0.000000,-166.390000,0.140000,-0.340000,0.000000,48.000000,34.590000
1779334248.062177,0,0.000000,0.000000,0.000000,0.000000,-166.390000,0.140000,-0.340000,0.000000,48.000000,34.590000
1779334248.062678,0,0.000000,0.000000,0.000000,0.000000,-231.420000,0.140000,-0.340000,0.000000,48.000000,34.610000
1779334248.063178,0,0.000000,0.000000,0.000000,0.000000,-231.420000,0.140000,-0.340000,0.000000,48.000000,34.610000
1779334248.084178,0,0.000000,0.000000,0.000000,0.000000,-231.420000,0.140000,-0.340000,0.000000,48.000000,34.630000
1779334248.084679,0,0.000000,0.000000,0.000000,0.000000,-231.420000,0.140000,-0.340000,0.000000,48.000000,34.630000
1779334248.106776,0,0.000000,0.000000,0.000000,0.000000,-231.420000,0.140000,-0.340000,0.000000,48.000000,34.650000
1779334248.107179,0,0.000000,0.000000,0.000000,0.000000,-318.850000,0.140000,-0.340000,0.000000,48.000000,34.650000
1779334248.129678,0,0.000000,0.000000,0.000000,0.000000,-318.850000,0.140000,-0.340000,0.000000,48.000000,34.680000
1779334248.130178,0,0.000000,0.000000,0.000000,0.000000,-318.850000,0.140000,-0.340000,0.000000,48.000000,34.680000
1779334248.151177,0,0.000000,0.000000,0.000000,0.000000,-318.850000,0.140000,-0.340000,0.000000,48.000000,34.700000
1779334248.151677,0,0.000000,0.000000,0.000000,0.000000,-318.850000,0.140000,-0.340000,0.000000,48.000000,34.700000
1779334248.172679,0,0.000000,0.000000,0.000000,0.000000,239.080000,0.140000,-0.340000,0.000000,48.000000,34.720000
1779334248.173178,0,0.000000,0.000000,0.000000,0.000000,239.080000,0.140000,-0.340000,0.000000,48.000000,34.720000
1779334248.193177,0,0.000000,0.000000,0.000000,0.000000,239.080000,0.140000,-0.340000,0.000000,48.000000,34.740000
1779334248.193677,0,0.000000,0.000000,0.000000,0.000000,239.080000,0.140000,-0.340000,0.000000,48.000000,34.750000
1779334248.215677,0,0.000000,0.000000,0.000000,0.000000,239.080000,0.140000,-0.340000,0.000000,48.000000,34.750000
1779334248.216177,0,0.000000,0.000000,0.000000,0.000000,239.080000,0.140000,-0.340000,0.000000,48.000000,34.770000
1779334248.238179,0,0.000000,0.000000,0.000000,0.000000,239.080000,0.140000,-0.340000,0.000000,48.000000,34.770000
1779334248.238679,0,0.000000,0.000000,0.000000,0.000000,239.080000,0.140000,-0.340000,0.000000,48.000000,34.790000
1779334248.259679,0,0.000000,0.000000,0.000000,0.000000,239.080000,0.140000,-0.340000,0.000000,48.000000,34.790000
1779334248.260179,0,0.000000,0.000000,0.000000,0.000000,239.080000,0.140000,-0.340000,0.000000,48.000000,34.810000
1779334248.283677,0,0.000000,0.000000,0.000000,0.000000,239.080000,0.140000,-0.340000,0.000000,48.000000,34.810000
1779334248.284177,0,0.000000,0.000000,0.000000,0.000000,239.080000,0.140000,-0.340000,0.000000,48.000000,34.830000
1779334248.305179,0,0.000000,0.000000,0.000000,0.000000,239.080000,0.140000,-0.340000,0.000000,48.000000,34.840000
1779334248.305679,0,0.000000,0.000000,0.000000,0.000000,239.080000,0.140000,-0.340000,0.000000,48.000000,34.860000
1779334248.327178,0,0.000000,0.000000,0.000000,0.000000,192.550000,0.140000,-0.360000,0.000000,51.000000,34.860000
1779334248.327679,0,0.000000,0.000000,0.000000,0.000000,192.550000,0.140000,-0.360000,0.000000,51.000000,34.880000
1779334248.349679,0,0.000000,0.000000,0.000000,0.000000,192.550000,0.140000,-0.360000,0.000000,51.000000,34.880000
1779334248.350179,0,0.000000,0.000000,0.000000,0.000000,192.550000,0.140000,-0.360000,0.000000,51.000000,34.900000
1779334248.371678,0,0.000000,0.000000,0.000000,0.000000,192.550000,0.140000,-0.360000,0.000000,51.000000,34.900000
1779334248.372177,0,0.000000,0.000000,0.000000,0.000000,268.010000,0.150000,-0.360000,0.000000,48.000000,34.910000
1779334248.394178,0,0.000000,0.000000,0.000000,0.000000,268.010000,0.150000,-0.360000,0.000000,48.000000,34.930000
1779334248.394677,0,0.000000,0.000000,0.000000,0.000000,268.010000,0.150000,-0.360000,0.000000,48.000000,34.930000
1779334248.415177,0,0.000000,0.000000,0.000000,0.000000,268.010000,0.150000,-0.360000,0.000000,48.000000,34.950000
1779334248.415677,0,0.000000,0.000000,0.000000,0.000000,268.010000,0.150000,-0.360000,0.000000,48.000000,34.970000
1779334248.416178,0,0.000000,0.000000,0.000000,0.000000,-326.390000,0.150000,-0.360000,0.000000,48.000000,34.970000
1779334248.437677,0,0.000000,0.000000,0.000000,0.000000,-326.390000,0.150000,-0.360000,0.000000,48.000000,34.990000
1779334248.438177,0,0.000000,0.000000,0.000000,0.000000,-326.390000,0.150000,-0.360000,0.000000,48.000000,35.000000
1779334248.460177,0,0.000000,0.000000,0.000000,0.000000,-326.390000,0.150000,-0.360000,0.000000,48.000000,35.000000
1779334248.481178,0,0.000000,0.000000,0.000000,0.000000,-326.390000,0.150000,-0.360000,0.000000,48.000000,35.020000
1779334248.481678,0,0.000000,0.000000,0.000000,0.000000,-285.380000,0.150000,-0.360000,0.000000,48.000000,35.020000
1779334248.482177,0,0.000000,0.000000,0.000000,0.000000,-285.380000,0.150000,-0.360000,0.000000,48.000000,35.040000
1779334248.519679,0,0.000000,0.000000,0.000000,0.000000,-285.380000,0.150000,-0.360000,0.000000,48.000000,35.040000
1779334248.520179,0,0.000000,0.000000,0.000000,0.000000,-285.380000,0.150000,-0.360000,0.000000,48.000000,35.060000
1779334248.520679,0,0.000000,0.000000,0.000000,0.000000,-285.380000,0.150000,-0.360000,0.000000,48.000000,35.060000
1779334248.521178,0,0.000000,0.000000,0.000000,0.000000,-275.170000,0.150000,-0.360000,0.000000,48.000000,35.080000
1779334248.521679,0,0.000000,0.000000,0.000000,0.000000,-275.170000,0.150000,-0.360000,0.000000,48.000000,35.090000
1779334248.559677,0,0.000000,0.000000,0.000000,0.000000,-275.170000,0.150000,-0.360000,0.000000,48.000000,35.090000
1779334248.560177,0,0.000000,0.000000,0.000000,0.000000,-275.170000,0.150000,-0.360000,0.000000,48.000000,35.110000
1779334248.560677,0,0.000000,0.000000,0.000000,0.000000,-275.170000,0.150000,-0.360000,0.000000,48.000000,35.130000
1779334248.561177,0,0.000000,0.000000,0.000000,0.000000,-275.170000,0.150000,-0.360000,0.000000,48.000000,35.130000
1779334248.599679,0,0.000000,0.000000,0.000000,0.000000,-275.170000,0.150000,-0.360000,0.000000,48.000000,35.130000
1779334248.600179,0,0.000000,0.000000,0.000000,0.000000,-275.170000,0.150000,-0.360000,0.000000,48.000000,35.150000
1779334248.600679,0,0.000000,0.000000,0.000000,0.000000,-275.170000,0.150000,-0.360000,0.000000,48.000000,35.150000
1779334248.640177,0,0.000000,0.000000,0.000000,0.000000,-275.170000,0.150000,-0.360000,0.000000,48.000000,35.160000
1779334248.640677,0,0.000000,0.000000,0.000000,0.000000,-196.770000,0.150000,-0.360000,0.000000,51.000000,35.180000
1779334248.641177,0,0.000000,0.000000,0.000000,0.000000,-196.770000,0.150000,-0.360000,0.000000,51.000000,35.180000
1779334248.641177,0,0.000000,0.000000,0.000000,0.000000,-196.770000,0.150000,-0.360000,0.000000,51.000000,35.200000
1779334248.642178,0,0.000000,0.000000,0.000000,0.000000,-196.770000,0.150000,-0.360000,0.000000,51.000000,35.200000
1779334248.642178,0,0.000000,0.000000,0.000000,0.000000,-196.770000,0.150000,-0.360000,0.000000,51.000000,35.220000
1779334248.682679,0,0.000000,0.000000,0.000000,0.000000,-116.430000,0.150000,-0.360000,0.000000,48.000000,35.220000
1779334248.683178,0,0.000000,0.000000,0.000000,0.000000,-116.430000,0.150000,-0.360000,0.000000,48.000000,35.240000
1779334248.683677,0,0.000000,0.000000,0.000000,0.000000,-116.430000,0.150000,-0.360000,0.000000,48.000000,35.250000
1779334248.684177,0,0.000000,0.000000,0.000000,0.000000,-116.430000,0.150000,-0.360000,0.000000,48.000000,35.250000
1779334248.721177,0,0.000000,0.000000,0.000000,0.000000,-116.430000,0.150000,-0.360000,0.000000,48.000000,35.270000
1779334248.721678,0,0.000000,0.000000,0.000000,0.000000,14.550000,0.150000,-0.360000,0.000000,48.000000,35.290000
1779334248.722178,0,0.000000,0.000000,0.000000,0.000000,14.550000,0.150000,-0.360000,0.000000,48.000000,35.290000
1779334248.761177,0,0.000000,0.000000,0.000000,0.000000,14.550000,0.150000,-0.360000,0.000000,48.000000,35.310000
1779334248.761177,0,0.000000,0.000000,0.000000,0.000000,14.550000,0.150000,-0.360000,0.000000,48.000000,35.310000
1779334248.761677,0,0.000000,0.000000,0.000000,0.000000,14.550000,0.150000,-0.360000,0.000000,48.000000,35.330000
1779334248.762179,0,0.000000,0.000000,0.000000,0.000000,151.490000,0.140000,-0.340000,0.000000,48.000000,35.340000
1779334248.784679,0,0.000000,0.000000,0.000000,0.000000,151.490000,0.140000,-0.340000,0.000000,48.000000,35.340000
1779334248.806679,0,0.000000,0.000000,0.000000,0.000000,151.490000,0.140000,-0.340000,0.000000,48.000000,35.360000
1779334248.807179,0,0.000000,0.000000,0.000000,0.000000,151.490000,0.140000,-0.340000,0.000000,48.000000,35.360000
1779334248.828179,0,0.000000,0.000000,0.000000,0.000000,151.490000,0.140000,-0.340000,0.000000,48.000000,35.380000
1779334248.828679,0,0.000000,0.000000,0.000000,0.000000,278.640000,0.140000,-0.340000,0.000000,48.000000,35.380000
1779334248.854677,0,0.000000,0.000000,0.000000,0.000000,278.640000,0.140000,-0.340000,0.000000,48.000000,35.400000
1779334248.854677,0,0.000000,0.000000,0.000000,0.000000,278.640000,0.140000,-0.340000,0.000000,48.000000,35.400000
1779334248.855177,0,0.000000,0.000000,0.000000,0.000000,278.640000,0.140000,-0.340000,0.000000,48.000000,35.410000
1779334248.876179,0,0.000000,0.000000,0.000000,0.000000,278.640000,0.140000,-0.340000,0.000000,48.000000,35.430000
1779334248.876678,0,0.000000,0.000000,0.000000,0.000000,278.640000,0.140000,-0.340000,0.000000,48.000000,35.430000
1779334248.899179,0,0.000000,0.000000,0.000000,0.000000,278.640000,0.140000,-0.340000,0.000000,48.000000,35.450000
1779334248.899679,0,0.000000,0.000000,0.000000,0.000000,278.640000,0.140000,-0.340000,0.000000,48.000000,35.450000
1779334248.920179,0,0.000000,0.000000,0.000000,0.000000,278.640000,0.140000,-0.340000,0.000000,48.000000,35.470000
1779334248.920679,0,0.000000,0.000000,0.000000,0.000000,278.640000,0.140000,-0.340000,0.000000,48.000000,35.470000
1779334248.941677,0,0.000000,0.000000,0.000000,0.000000,-261.160000,0.140000,-0.340000,0.000000,51.000000,35.490000
1779334248.941677,0,0.000000,0.000000,0.000000,0.000000,-261.160000,0.140000,-0.340000,0.000000,51.000000,35.500000
1779334248.964678,0,0.000000,0.000000,0.000000,0.000000,-261.160000,0.140000,-0.340000,0.000000,51.000000,35.520000
1779334248.985177,0,0.000000,0.000000,0.000000,0.000000,-261.160000,0.140000,-0.340000,0.000000,51.000000,35.520000
1779334248.985677,0,0.000000,0.000000,0.000000,0.000000,-261.160000,0.140000,-0.340000,0.000000,51.000000,35.540000
1779334249.009177,0,0.000000,0.000000,0.000000,0.000000,-151.390000,0.140000,-0.340000,0.000000,48.000000,35.540000
1779334249.010177,0,0.000000,0.000000,0.000000,0.000000,-151.390000,0.140000,-0.340000,0.000000,48.000000,35.560000
1779334249.030178,0,0.000000,0.000000,0.000000,0.000000,-151.390000,0.140000,-0.340000,0.000000,48.000000,35.560000
1779334249.030678,0,0.000000,0.000000,0.000000,0.000000,-151.390000,0.140000,-0.340000,0.000000,48.000000,35.580000
1779334249.031178,0,0.000000,0.000000,0.000000,0.000000,-151.390000,0.140000,-0.340000,0.000000,48.000000,35.590000
1779334249.051178,0,0.000000,0.000000,0.000000,0.000000,-74.110000,0.140000,-0.340000,0.000000,48.000000,35.610000
1779334249.051678,0,0.000000,0.000000,0.000000,0.000000,-74.110000,0.140000,-0.340000,0.000000,48.000000,35.610000
1779334249.090679,0,0.000000,0.000000,0.000000,0.000000,-74.110000,0.140000,-0.340000,0.000000,48.000000,35.630000
1779334249.091179,0,0.000000,0.000000,0.000000,0.000000,-74.110000,0.140000,-0.340000,0.000000,48.000000,35.630000
1779334249.091678,0,0.000000,0.000000,0.000000,0.000000,-32.610000,0.150000,-0.360000,0.000000,48.000000,35.650000
1779334249.092677,0,0.000000,0.000000,0.000000,0.000000,-32.610000,0.150000,-0.360000,0.000000,48.000000,35.650000
1779334249.113677,0,0.000000,0.000000,0.000000,0.000000,-32.610000,0.150000,-0.360000,0.000000,48.000000,35.660000
1779334249.136178,0,0.000000,0.000000,0.000000,0.000000,-32.610000,0.150000,-0.360000,0.000000,48.000000,35.680000
1779334249.136679,0,0.000000,0.000000,0.000000,0.000000,-32.610000,0.150000,-0.360000,0.000000,48.000000,35.680000
1779334249.158677,0,0.000000,0.000000,0.000000,0.000000,-41.340000,0.150000,-0.360000,0.000000,48.000000,35.700000
1779334249.181678,0,0.000000,0.000000,0.000000,0.000000,-41.340000,0.150000,-0.360000,0.000000,48.000000,35.700000
1779334249.182678,0,0.000000,0.000000,0.000000,0.000000,-41.340000,0.150000,-0.360000,0.000000,48.000000,35.720000
1779334249.183177,0,0.000000,0.000000,0.000000,0.000000,-41.340000,0.150000,-0.360000,0.000000,48.000000,35.720000
1779334249.183678,0,0.000000,0.000000,0.000000,0.000000,-41.340000,0.150000,-0.360000,0.000000,48.000000,35.750000
1779334249.204677,0,0.000000,0.000000,0.000000,0.000000,-62.080000,0.150000,-0.360000,0.000000,48.000000,35.750000
1779334249.205177,0,0.000000,0.000000,0.000000,0.000000,-62.080000,0.150000,-0.360000,0.000000,48.000000,35.750000
1779334249.226677,0,0.000000,0.000000,0.000000,0.000000,-62.080000,0.150000,-0.360000,0.000000,48.000000,35.770000
1779334249.248677,0,0.000000,0.000000,0.000000,0.000000,-62.080000,0.150000,-0.360000,0.000000,48.000000,35.770000
1779334249.249677,0,0.000000,0.000000,0.000000,0.000000,-62.080000,0.150000,-0.360000,0.000000,48.000000,35.790000
1779334249.250178,0,0.000000,0.000000,0.000000,0.000000,-20.950000,0.150000,-0.360000,0.000000,48.000000,35.810000
1779334249.270677,0,0.000000,0.000000,0.000000,0.000000,-20.950000,0.150000,-0.360000,0.000000,48.000000,35.810000
1779334249.271177,0,0.000000,0.000000,0.000000,0.000000,-20.950000,0.150000,-0.360000,0.000000,48.000000,35.830000
1779334249.271677,0,0.000000,0.000000,0.000000,0.000000,-20.950000,0.150000,-0.360000,0.000000,48.000000,35.840000
1779334249.309177,0,0.000000,0.000000,0.000000,0.000000,-20.950000,0.150000,-0.360000,0.000000,48.000000,35.840000
1779334249.309677,0,0.000000,0.000000,0.000000,0.000000,85.940000,0.150000,-0.360000,0.000000,48.000000,35.860000
1779334249.310177,0,0.000000,0.000000,0.000000,0.000000,85.940000,0.150000,-0.360000,0.000000,48.000000,35.860000
1779334249.310177,0,0.000000,0.000000,0.000000,0.000000,85.940000,0.150000,-0.360000,0.000000,48.000000,35.880000
1779334249.310677,0,0.000000,0.000000,0.000000,0.000000,85.940000,0.150000,-0.360000,0.000000,48.000000,35.880000
1779334249.348178,0,0.000000,0.000000,0.000000,0.000000,85.940000,0.150000,-0.360000,0.000000,48.000000,35.900000
1779334249.348678,0,0.000000,0.000000,0.000000,0.000000,177.460000,0.150000,-0.360000,0.000000,48.000000,35.900000
1779334249.349177,0,0.000000,0.000000,0.000000,0.000000,177.460000,0.150000,-0.360000,0.000000,48.000000,35.910000
1779334249.349677,0,0.000000,0.000000,0.000000,0.000000,177.460000,0.150000,-0.360000,0.000000,48.000000,35.930000
1779334249.388678,0,0.000000,0.000000,0.000000,0.000000,177.460000,0.150000,-0.360000,0.000000,48.000000,35.930000
1779334249.389179,0,0.000000,0.000000,0.000000,0.000000,177.460000,0.150000,-0.360000,0.000000,48.000000,35.950000
1779334249.389678,0,0.000000,0.000000,0.000000,0.000000,241.500000,0.150000,-0.360000,0.000000,48.000000,35.950000
1779334249.427678,0,0.000000,0.000000,0.000000,0.000000,241.500000,0.150000,-0.360000,0.000000,48.000000,35.970000
1779334249.427678,0,0.000000,0.000000,0.000000,0.000000,241.500000,0.150000,-0.360000,0.000000,48.000000,35.970000
1779334249.428178,0,0.000000,0.000000,0.000000,0.000000,241.500000,0.150000,-0.360000,0.000000,48.000000,35.990000
1779334249.428677,0,0.000000,0.000000,0.000000,0.000000,241.500000,0.150000,-0.360000,0.000000,48.000000,36.000000
1779334249.466677,0,0.000000,0.000000,0.000000,0.000000,268.420000,0.150000,-0.360000,0.000000,48.000000,36.020000
1779334249.467678,0,0.000000,0.000000,0.000000,0.000000,268.420000,0.150000,-0.360000,0.000000,48.000000,36.020000
1779334249.468178,0,0.000000,0.000000,0.000000,0.000000,268.420000,0.150000,-0.360000,0.000000,48.000000,36.040000
1779334249.489178,0,0.000000,0.000000,0.000000,0.000000,268.420000,0.150000,-0.360000,0.000000,48.000000,36.040000
1779334249.511678,0,0.000000,0.000000,0.000000,0.000000,268.420000,0.150000,-0.360000,0.000000,48.000000,36.060000
1779334249.512677,0,0.000000,0.000000,0.000000,0.000000,225.020000,0.150000,-0.360000,0.000000,48.000000,36.060000
1779334249.535678,0,0.000000,0.000000,0.000000,0.000000,225.020000,0.150000,-0.360000,0.000000,48.000000,36.080000
1779334249.536179,0,0.000000,0.000000,0.000000,0.000000,225.020000,0.150000,-0.360000,0.000000,48.000000,36.090000
1779334249.556678,0,0.000000,0.000000,0.000000,0.000000,225.020000,0.150000,-0.360000,0.000000,48.000000,36.090000
1779334249.557178,0,0.000000,0.000000,0.000000,0.000000,225.020000,0.150000,-0.360000,0.000000,48.000000,36.110000
1779334249.579678,0,0.000000,0.000000,0.000000,0.000000,139.770000,0.150000,-0.360000,0.000000,48.000000,36.110000
1779334249.580177,0,0.000000,0.000000,0.000000,0.000000,139.770000,0.150000,-0.360000,0.000000,48.000000,36.130000
1779334249.601677,0,0.000000,0.000000,0.000000,0.000000,139.770000,0.150000,-0.360000,0.000000,48.000000,36.130000
1779334249.602177,0,0.000000,0.000000,0.000000,0.000000,139.770000,0.150000,-0.360000,0.000000,48.000000,36.150000
1779334249.602678,0,0.000000,0.000000,0.000000,0.000000,139.770000,0.150000,-0.360000,0.000000,48.000000,36.150000
1779334249.641678,0,0.000000,0.000000,0.000000,0.000000,80.160000,0.150000,-0.360000,0.000000,48.000000,36.160000
1779334249.642179,0,0.000000,0.000000,0.000000,0.000000,80.160000,0.150000,-0.360000,0.000000,48.000000,36.180000
1779334249.643178,0,0.000000,0.000000,0.000000,0.000000,80.160000,0.150000,-0.360000,0.000000,48.000000,36.200000
1779334249.643178,0,0.000000,0.000000,0.000000,0.000000,80.160000,0.150000,-0.360000,0.000000,48.000000,36.200000
1779334249.643677,0,0.000000,0.000000,0.000000,0.000000,47.000000,0.150000,-0.360000,0.000000,48.000000,36.220000
1779334249.682178,0,0.000000,0.000000,0.000000,0.000000,47.000000,0.150000,-0.360000,0.000000,48.000000,36.220000
1779334249.682678,0,0.000000,0.000000,0.000000,0.000000,47.000000,0.150000,-0.360000,0.000000,48.000000,36.240000
1779334249.683178,0,0.000000,0.000000,0.000000,0.000000,47.000000,0.150000,-0.360000,0.000000,48.000000,36.250000
1779334249.683677,0,0.000000,0.000000,0.000000,0.000000,47.000000,0.150000,-0.360000,0.000000,48.000000,36.250000
1779334249.722177,0,0.000000,0.000000,0.000000,0.000000,-1.850000,0.150000,-0.360000,0.000000,48.000000,36.270000
1779334249.722678,0,0.000000,0.000000,0.000000,0.000000,-1.850000,0.150000,-0.360000,0.000000,48.000000,36.290000
1779334249.723677,0,0.000000,0.000000,0.000000,0.000000,-1.850000,0.150000,-0.360000,0.000000,48.000000,36.290000
1779334249.761677,0,0.000000,0.000000,0.000000,0.000000,-1.850000,0.150000,-0.360000,0.000000,48.000000,36.310000
1779334249.762179,0,0.000000,0.000000,0.000000,0.000000,-1.850000,0.150000,-0.360000,0.000000,48.000000,36.310000
1779334249.762677,0,0.000000,0.000000,0.000000,0.000000,-58.450000,0.150000,-0.360000,0.000000,48.000000,36.330000
1779334249.763177,0,0.000000,0.000000,0.000000,0.000000,-58.450000,0.150000,-0.360000,0.000000,48.000000,36.340000
1779334249.763677,0,0.000000,0.000000,0.000000,0.000000,-58.450000,0.150000,-0.360000,0.000000,48.000000,36.340000
1779334249.802178,0,0.000000,0.000000,0.000000,0.000000,-58.450000,0.150000,-0.360000,0.000000,48.000000,36.360000
1779334249.844177,0,0.000000,0.000000,0.000000,0.000000,-58.450000,0.150000,-0.360000,0.000000,48.000000,36.360000
1779334249.844676,0,0.000000,0.000000,0.000000,0.000000,-93.130000,0.150000,-0.360000,0.000000,48.000000,36.380000
1779334249.845176,0,0.000000,0.000000,0.000000,0.000000,-93.130000,0.150000,-0.360000,0.000000,48.000000,36.380000
1779334249.845677,0,0.000000,0.000000,0.000000,0.000000,-93.130000,0.150000,-0.360000,0.000000,48.000000,36.400000
1779334249.885177,0,0.000000,0.000000,0.000000,0.000000,-93.130000,0.150000,-0.360000,0.000000,48.000000,36.410000
1779334249.885677,0,0.000000,0.000000,0.000000,0.000000,-115.690000,0.150000,-0.360000,0.000000,48.000000,36.430000
1779334249.885677,0,0.000000,0.000000,0.000000,0.000000,-115.690000,0.150000,-0.360000,0.000000,48.000000,36.450000
1779334249.886677,0,0.000000,0.000000,0.000000,0.000000,-115.690000,0.150000,-0.360000,0.000000,48.000000,36.450000
1779334249.924677,0,0.000000,0.000000,0.000000,0.000000,-115.690000,0.150000,-0.360000,0.000000,48.000000,36.470000
1779334249.925177,0,0.000000,0.000000,0.000000,0.000000,-147.130000,0.150000,-0.360000,0.000000,48.000000,36.470000
1779334249.926177,0,0.000000,0.000000,0.000000,0.000000,-147.130000,0.150000,-0.360000,0.000000,48.000000,36.490000
1779334249.926177,0,0.000000,0.000000,0.000000,0.000000,-147.130000,0.150000,-0.360000,0.000000,48.000000,36.500000
1779334249.963677,0,0.000000,0.000000,0.000000,0.000000,-147.130000,0.150000,-0.360000,0.000000,48.000000,36.500000
1779334249.964177,0,0.000000,0.000000,0.000000,0.000000,-147.130000,0.150000,-0.360000,0.000000,48.000000,36.520000
1779334249.964677,0,0.000000,0.000000,0.000000,0.000000,-139.940000,0.150000,-0.360000,0.000000,48.000000,36.520000
1779334249.965177,0,0.000000,0.000000,0.000000,0.000000,-139.940000,0.150000,-0.360000,0.000000,48.000000,36.540000
1779334250.003677,0,0.000000,0.000000,0.000000,0.000000,-139.940000,0.150000,-0.360000,0.000000,48.000000,36.560000
1779334250.004177,0,0.000000,0.000000,0.000000,0.000000,-139.940000,0.150000,-0.360000,0.000000,48.000000,36.560000
1779334250.043177,0,0.000000,0.000000,0.000000,0.000000,-139.940000,0.150000,-0.360000,0.000000,48.000000,36.580000
1779334250.043677,0,0.000000,0.000000,0.000000,0.000000,-90.110000,0.150000,-0.360000,0.000000,48.000000,36.590000
1779334250.043677,0,0.000000,0.000000,0.000000,0.000000,-90.110000,0.150000,-0.360000,0.000000,48.000000,36.590000
1779334250.045178,0,0.000000,0.000000,0.000000,0.000000,-90.110000,0.150000,-0.360000,0.000000,48.000000,36.610000
1779334250.045677,0,0.000000,0.000000,0.000000,0.000000,-90.110000,0.150000,-0.360000,0.000000,48.000000,36.610000
1779334250.066679,0,0.000000,0.000000,0.000000,0.000000,-90.110000,0.150000,-0.360000,0.000000,48.000000,36.630000
1779334250.088678,0,0.000000,0.000000,0.000000,0.000000,-0.310000,0.150000,-0.360000,0.000000,48.000000,36.630000
1779334250.089179,0,0.000000,0.000000,0.000000,0.000000,-0.310000,0.150000,-0.360000,0.000000,48.000000,36.650000
1779334250.110178,0,0.000000,0.000000,0.000000,0.000000,-0.310000,0.150000,-0.360000,0.000000,48.000000,36.650000
1779334250.130677,0,0.000000,0.000000,0.000000,0.000000,-0.310000,0.150000,-0.360000,0.000000,48.000000,36.660000
1779334250.131178,0,0.000000,0.000000,0.000000,0.000000,-0.310000,0.150000,-0.360000,0.000000,48.000000,36.680000
1779334250.151177,0,0.000000,0.000000,0.000000,0.000000,279.230000,0.150000,-0.360000,0.000000,48.000000,36.680000
1779334250.151177,0,0.000000,0.000000,0.000000,0.000000,279.230000,0.150000,-0.360000,0.000000,48.000000,36.700000
1779334250.151677,0,0.000000,0.000000,0.000000,0.000000,279.230000,0.150000,-0.360000,0.000000,48.000000,36.700000
1779334250.190177,0,0.000000,0.000000,0.000000,0.000000,279.230000,0.150000,-0.360000,0.000000,48.000000,36.720000
1779334250.229178,0,0.000000,0.000000,0.000000,0.000000,279.230000,0.150000,-0.360000,0.000000,48.000000,36.720000
1779334250.229678,0,0.000000,0.000000,0.000000,0.000000,-45.290000,0.150000,-0.360000,0.000000,48.000000,36.750000
1779334250.230575,0,0.000000,0.000000,0.000000,0.000000,-45.290000,0.150000,-0.360000,0.000000,48.000000,36.750000
1779334250.230677,0,0.000000,0.000000,0.000000,0.000000,-45.290000,0.150000,-0.360000,0.000000,48.000000,36.770000
1779334250.231178,0,0.000000,0.000000,0.000000,0.000000,-45.290000,0.150000,-0.360000,0.000000,48.000000,36.790000
1779334250.231678,0,0.000000,0.000000,0.000000,0.000000,230.630000,0.150000,-0.360000,0.000000,48.000000,36.790000
1779334250.232177,0,0.000000,0.000000,0.000000,0.000000,230.630000,0.150000,-0.360000,0.000000,48.000000,36.810000
1779334250.269177,0,0.000000,0.000000,0.000000,0.000000,230.630000,0.150000,-0.360000,0.000000,48.000000,36.810000
1779334250.269177,0,0.000000,0.000000,0.000000,0.000000,230.630000,0.150000,-0.360000,0.000000,48.000000,36.830000
1779334250.270177,0,0.000000,0.000000,0.000000,0.000000,230.630000,0.150000,-0.360000,0.000000,48.000000,36.840000
1779334250.309177,0,0.000000,0.000000,0.000000,0.000000,-242.570000,0.150000,-0.360000,0.000000,48.000000,36.840000
1779334250.309677,0,0.000000,0.000000,0.000000,0.000000,-242.570000,0.150000,-0.360000,0.000000,48.000000,36.860000
1779334250.310177,0,0.000000,0.000000,0.000000,0.000000,-242.570000,0.150000,-0.360000,0.000000,48.000000,36.860000
1779334250.310677,0,0.000000,0.000000,0.000000,0.000000,-242.570000,0.150000,-0.360000,0.000000,48.000000,36.880000
1779334250.349178,0,0.000000,0.000000,0.000000,0.000000,-242.570000,0.150000,-0.360000,0.000000,48.000000,36.900000
1779334250.349677,0,0.000000,0.000000,0.000000,0.000000,-242.570000,0.150000,-0.360000,0.000000,48.000000,36.900000
1779334250.350178,0,0.000000,0.000000,0.000000,0.000000,-242.570000,0.150000,-0.360000,0.000000,48.000000,36.910000
1779334250.350677,0,0.000000,0.000000,0.000000,0.000000,-242.570000,0.150000,-0.360000,0.000000,48.000000,36.930000
1779334250.387678,0,0.000000,0.000000,0.000000,0.000000,-242.570000,0.150000,-0.360000,0.000000,48.000000,36.930000
1779334250.388178,0,0.000000,0.000000,0.000000,0.000000,-270.110000,0.150000,-0.360000,0.000000,51.000000,36.950000
1779334250.388678,0,0.000000,0.000000,0.000000,0.000000,-270.110000,0.150000,-0.360000,0.000000,51.000000,36.950000
1779334250.428678,0,0.000000,0.000000,0.000000,0.000000,-270.110000,0.150000,-0.360000,0.000000,51.000000,36.970000
1779334250.429678,0,0.000000,0.000000,0.000000,0.000000,-270.110000,0.150000,-0.360000,0.000000,51.000000,36.970000
1779334250.429678,0,0.000000,0.000000,0.000000,0.000000,-270.110000,0.150000,-0.360000,0.000000,51.000000,36.990000
1779334250.430178,0,0.000000,0.000000,0.000000,0.000000,204.920000,0.150000,-0.360000,0.000000,48.000000,37.000000
1779334250.468677,0,0.000000,0.000000,0.000000,0.000000,204.920000,0.150000,-0.360000,0.000000,48.000000,37.000000
1779334250.469177,0,0.000000,0.000000,0.000000,0.000000,204.920000,0.150000,-0.360000,0.000000,48.000000,37.020000
1779334250.469177,0,0.000000,0.000000,0.000000,0.000000,204.920000,0.150000,-0.360000,0.000000,48.000000,37.020000
1779334250.470177,0,0.000000,0.000000,0.000000,0.000000,204.920000,0.150000,-0.360000,0.000000,48.000000,37.040000
1779334250.509253,0,0.000000,0.000000,0.000000,0.000000,204.920000,0.150000,-0.360000,0.000000,48.000000,37.040000
1779334250.509677,0,0.000000,0.000000,0.000000,0.000000,204.920000,0.150000,-0.360000,0.000000,48.000000,37.060000
1779334250.510178,0,0.000000,0.000000,0.000000,0.000000,204.920000,0.150000,-0.360000,0.000000,48.000000,37.060000
1779334250.510678,0,0.000000,0.000000,0.000000,0.000000,204.920000,0.150000,-0.360000,0.000000,48.000000,37.080000
1779334250.531677,0,0.000000,0.000000,0.000000,0.000000,204.920000,0.150000,-0.360000,0.000000,48.000000,37.090000
1779334250.553677,0,0.000000,0.000000,0.000000,0.000000,16.680000,0.150000,-0.360000,0.000000,49.000000,37.090000
1779334250.575677,0,0.000000,0.000000,0.000000,0.000000,16.680000,0.150000,-0.360000,0.000000,49.000000,37.110000
1779334250.575677,0,0.000000,0.000000,0.000000,0.000000,16.680000,0.150000,-0.360000,0.000000,49.000000,37.130000
1779334250.576177,0,0.000000,0.000000,0.000000,0.000000,16.680000,0.150000,-0.360000,0.000000,49.000000,37.130000
1779334250.596677,0,0.000000,0.000000,0.000000,0.000000,16.680000,0.150000,-0.360000,0.000000,49.000000,37.150000
1779334250.597177,0,0.000000,0.000000,0.000000,0.000000,-253.020000,0.170000,-0.370000,0.000000,48.000000,37.150000
1779334250.618678,0,0.000000,0.000000,0.000000,0.000000,-253.020000,0.170000,-0.370000,0.000000,48.000000,37.160000
1779334250.639677,0,0.000000,0.000000,0.000000,0.000000,-253.020000,0.170000,-0.370000,0.000000,48.000000,37.180000
1779334250.640177,0,0.000000,0.000000,0.000000,0.000000,-253.020000,0.170000,-0.370000,0.000000,48.000000,37.180000
1779334250.661177,0,0.000000,0.000000,0.000000,0.000000,-253.020000,0.170000,-0.370000,0.000000,48.000000,37.200000
1779334250.683677,0,0.000000,0.000000,0.000000,0.000000,67.760000,0.170000,-0.370000,0.000000,48.000000,37.200000
1779334250.684177,0,0.000000,0.000000,0.000000,0.000000,67.760000,0.170000,-0.370000,0.000000,48.000000,37.220000
1779334250.684677,0,0.000000,0.000000,0.000000,0.000000,67.760000,0.170000,-0.370000,0.000000,48.000000,37.220000
1779334250.705177,0,0.000000,0.000000,0.000000,0.000000,67.760000,0.170000,-0.370000,0.000000,48.000000,37.250000
1779334250.705677,0,0.000000,0.000000,0.000000,0.000000,67.760000,0.170000,-0.370000,0.000000,48.000000,37.250000
1779334250.730177,0,0.000000,0.000000,0.000000,0.000000,67.760000,0.170000,-0.370000,0.000000,48.000000,37.270000
1779334250.730677,0,0.000000,0.000000,0.000000,0.000000,67.760000,0.170000,-0.370000,0.000000,48.000000,37.270000
1779334250.751677,0,0.000000,0.000000,0.000000,0.000000,67.760000,0.170000,-0.370000,0.000000,48.000000,37.290000
1779334250.752178,0,0.000000,0.000000,0.000000,0.000000,67.760000,0.170000,-0.370000,0.000000,48.000000,37.290000
1779334250.773177,0,0.000000,0.000000,0.000000,0.000000,-154.250000,0.170000,-0.370000,0.000000,51.000000,37.310000
1779334250.773677,0,0.000000,0.000000,0.000000,0.000000,-154.250000,0.170000,-0.370000,0.000000,51.000000,37.310000
1779334250.774177,0,0.000000,0.000000,0.000000,0.000000,-154.250000,0.170000,-0.370000,0.000000,51.000000,37.330000
1779334250.795677,0,0.000000,0.000000,0.000000,0.000000,-154.250000,0.170000,-0.370000,0.000000,51.000000,37.340000
1779334250.796178,0,0.000000,0.000000,0.000000,0.000000,-154.250000,0.170000,-0.370000,0.000000,51.000000,37.340000
1779334250.818177,0,0.000000,0.000000,0.000000,0.000000,-226.110000,0.180000,-0.370000,0.000000,48.000000,37.360000
1779334250.838676,0,0.000000,0.000000,0.000000,0.000000,-226.110000,0.180000,-0.370000,0.000000,48.000000,37.360000
1779334250.839178,0,0.000000,0.000000,0.000000,0.000000,-226.110000,0.180000,-0.370000,0.000000,48.000000,37.380000
1779334250.839678,0,0.000000,0.000000,0.000000,0.000000,-226.110000,0.180000,-0.370000,0.000000,48.000000,37.400000
1779334250.864677,0,0.000000,0.000000,0.000000,0.000000,-226.110000,0.180000,-0.370000,0.000000,48.000000,37.400000
1779334250.905677,0,0.000000,0.000000,0.000000,0.000000,-145.410000,0.180000,-0.370000,0.000000,48.000000,37.410000
1779334250.906177,0,0.000000,0.000000,0.000000,0.000000,-145.410000,0.180000,-0.370000,0.000000,48.000000,37.430000
1779334250.906177,0,0.000000,0.000000,0.000000,0.000000,-145.410000,0.180000,-0.370000,0.000000,48.000000,37.430000
1779334250.906677,0,0.000000,0.000000,0.000000,0.000000,-145.410000,0.180000,-0.370000,0.000000,48.000000,37.450000
1779334250.907177,0,0.000000,0.000000,0.000000,0.000000,-145.410000,0.180000,-0.370000,0.000000,48.000000,37.450000
1779334250.907677,0,0.000000,0.000000,0.000000,0.000000,-62.860000,0.180000,-0.370000,0.000000,48.000000,37.470000
1779334250.908177,0,0.000000,0.000000,0.000000,0.000000,-62.860000,0.180000,-0.370000,0.000000,48.000000,37.470000
1779334250.946676,0,0.000000,0.000000,0.000000,0.000000,-62.860000,0.180000,-0.370000,0.000000,48.000000,37.490000
1779334250.947176,0,0.000000,0.000000,0.000000,0.000000,-62.860000,0.180000,-0.370000,0.000000,48.000000,37.500000
1779334250.948177,0,0.000000,0.000000,0.000000,0.000000,-62.860000,0.180000,-0.370000,0.000000,48.000000,37.500000
1779334250.948677,0,0.000000,0.000000,0.000000,0.000000,7.230000,0.180000,-0.370000,0.000000,48.000000,37.520000
1779334250.987677,0,0.000000,0.000000,0.000000,0.000000,7.230000,0.180000,-0.370000,0.000000,48.000000,37.540000
1779334250.988178,0,0.000000,0.000000,0.000000,0.000000,7.230000,0.180000,-0.370000,0.000000,48.000000,37.540000
1779334250.988677,0,0.000000,0.000000,0.000000,0.000000,7.230000,0.180000,-0.370000,0.000000,48.000000,37.560000
1779334250.989178,0,0.000000,0.000000,0.000000,0.000000,7.230000,0.180000,-0.370000,0.000000,48.000000,37.560000
1779334251.010177,0,0.000000,0.000000,0.000000,0.000000,63.310000,0.180000,-0.370000,0.000000,48.000000,37.580000
1779334251.030678,0,0.000000,0.000000,0.000000,0.000000,63.310000,0.180000,-0.370000,0.000000,48.000000,37.590000
1779334251.052677,0,0.000000,0.000000,0.000000,0.000000,63.310000,0.180000,-0.370000,0.000000,48.000000,37.590000
1779334251.052677,0,0.000000,0.000000,0.000000,0.000000,63.310000,0.180000,-0.370000,0.000000,48.000000,37.610000
1779334251.074677,0,0.000000,0.000000,0.000000,0.000000,63.310000,0.180000,-0.370000,0.000000,48.000000,37.610000
1779334251.075677,0,0.000000,0.000000,0.000000,0.000000,66.150000,0.180000,-0.370000,0.000000,48.000000,37.630000
1779334251.098210,0,0.000000,0.000000,0.000000,0.000000,66.150000,0.180000,-0.370000,0.000000,48.000000,37.630000
1779334251.098677,0,0.000000,0.000000,0.000000,0.000000,66.150000,0.180000,-0.370000,0.000000,48.000000,37.650000
1779334251.099177,0,0.000000,0.000000,0.000000,0.000000,66.150000,0.180000,-0.370000,0.000000,48.000000,37.650000
1779334251.120177,0,0.000000,0.000000,0.000000,0.000000,66.150000,0.180000,-0.370000,0.000000,48.000000,37.660000
1779334251.141176,0,0.000000,0.000000,0.000000,0.000000,-68.500000,0.180000,-0.380000,0.000000,48.000000,37.680000
1779334251.163177,0,0.000000,0.000000,0.000000,0.000000,-68.500000,0.180000,-0.380000,0.000000,48.000000,37.680000
1779334251.163679,0,0.000000,0.000000,0.000000,0.000000,-68.500000,0.180000,-0.380000,0.000000,48.000000,37.700000
1779334251.184676,0,0.000000,0.000000,0.000000,0.000000,-68.500000,0.180000,-0.380000,0.000000,48.000000,37.700000
1779334251.185176,0,0.000000,0.000000,0.000000,0.000000,-68.500000,0.180000,-0.380000,0.000000,48.000000,37.720000
1779334251.209177,0,0.000000,0.000000,0.000000,0.000000,-217.610000,0.180000,-0.380000,0.000000,48.000000,37.720000
1779334251.209676,0,0.000000,0.000000,0.000000,0.000000,-217.610000,0.180000,-0.380000,0.000000,48.000000,37.740000
1779334251.210177,0,0.000000,0.000000,0.000000,0.000000,-217.610000,0.180000,-0.380000,0.000000,48.000000,37.750000
1779334251.232177,0,0.000000,0.000000,0.000000,0.000000,-217.610000,0.180000,-0.380000,0.000000,48.000000,37.750000
1779334251.232678,0,0.000000,0.000000,0.000000,0.000000,-217.610000,0.180000,-0.380000,0.000000,48.000000,37.770000
1779334251.233178,0,0.000000,0.000000,0.000000,0.000000,221.800000,0.200000,-0.380000,0.000000,48.000000,37.770000
1779334251.254177,0,0.000000,0.000000,0.000000,0.000000,221.800000,0.200000,-0.380000,0.000000,48.000000,37.790000
1779334251.254677,0,0.000000,0.000000,0.000000,0.000000,221.800000,0.200000,-0.380000,0.000000,48.000000,37.790000
1779334251.255177,0,0.000000,0.000000,0.000000,0.000000,221.800000,0.200000,-0.380000,0.000000,48.000000,37.810000
1779334251.275677,0,0.000000,0.000000,0.000000,0.000000,221.800000,0.200000,-0.380000,0.000000,48.000000,37.830000
1779334251.298677,0,0.000000,0.000000,0.000000,0.000000,27.200000,0.200000,-0.380000,0.000000,48.000000,37.840000
1779334251.299177,0,0.000000,0.000000,0.000000,0.000000,27.200000,0.200000,-0.380000,0.000000,48.000000,37.840000
1779334251.299718,0,0.000000,0.000000,0.000000,0.000000,27.200000,0.200000,-0.380000,0.000000,48.000000,37.860000
1779334251.320177,0,0.000000,0.000000,0.000000,0.000000,27.200000,0.200000,-0.380000,0.000000,48.000000,37.860000
1779334251.320677,0,0.000000,0.000000,0.000000,0.000000,27.200000,0.200000,-0.380000,0.000000,48.000000,37.880000
1779334251.341677,0,0.000000,0.000000,0.000000,0.000000,-192.030000,0.200000,-0.380000,0.000000,48.000000,37.880000
1779334251.342677,0,0.000000,0.000000,0.000000,0.000000,-192.030000,0.200000,-0.380000,0.000000,48.000000,37.900000
1779334251.365177,0,0.000000,0.000000,0.000000,0.000000,-192.030000,0.200000,-0.380000,0.000000,48.000000,37.900000
1779334251.365677,0,0.000000,0.000000,0.000000,0.000000,-192.030000,0.200000,-0.380000,0.000000,48.000000,37.910000
1779334251.407678,0,0.000000,0.000000,0.000000,0.000000,-192.030000,0.200000,-0.380000,0.000000,48.000000,37.930000
1779334251.408226,0,0.000000,0.000000,0.000000,0.000000,317.660000,0.210000,-0.380000,0.000000,48.000000,37.930000
1779334251.408678,0,0.000000,0.000000,0.000000,0.000000,317.660000,0.210000,-0.380000,0.000000,48.000000,37.950000
1779334251.409177,0,0.000000,0.000000,0.000000,0.000000,317.660000,0.210000,-0.380000,0.000000,48.000000,37.950000
1779334251.410177,0,0.000000,0.000000,0.000000,0.000000,317.660000,0.210000,-0.380000,0.000000,48.000000,37.970000
1779334251.432677,0,0.000000,0.000000,0.000000,0.000000,317.660000,0.210000,-0.380000,0.000000,48.000000,37.970000
1779334251.433177,0,0.000000,0.000000,0.000000,0.000000,194.630000,0.210000,-0.370000,0.000000,48.000000,37.990000
1779334251.455678,0,0.000000,0.000000,0.000000,0.000000,194.630000,0.210000,-0.370000,0.000000,48.000000,38.000000
1779334251.456177,0,0.000000,0.000000,0.000000,0.000000,194.630000,0.210000,-0.370000,0.000000,48.000000,38.000000
1779334251.496676,0,0.000000,0.000000,0.000000,0.000000,194.630000,0.210000,-0.370000,0.000000,48.000000,38.020000
1779334251.497176,0,0.000000,0.000000,0.000000,0.000000,194.630000,0.210000,-0.370000,0.000000,48.000000,38.020000
1779334251.497677,0,0.000000,0.000000,0.000000,0.000000,133.220000,0.210000,-0.370000,0.000000,48.000000,38.040000
1779334251.497677,0,0.000000,0.000000,0.000000,0.000000,133.220000,0.210000,-0.370000,0.000000,48.000000,38.040000
1779334251.498177,0,0.000000,0.000000,0.000000,0.000000,133.220000,0.210000,-0.370000,0.000000,48.000000,38.060000
1779334251.519178,0,0.000000,0.000000,0.000000,0.000000,133.220000,0.210000,-0.370000,0.000000,48.000000,38.060000
1779334251.542677,0,0.000000,0.000000,0.000000,0.000000,133.220000,0.210000,-0.370000,0.000000,48.000000,38.080000
1779334251.564177,0,0.000000,0.000000,0.000000,0.000000,133.220000,0.210000,-0.370000,0.000000,48.000000,38.090000
1779334251.564677,0,0.000000,0.000000,0.000000,0.000000,133.220000,0.210000,-0.370000,0.000000,48.000000,38.090000
1779334251.564677,0,0.000000,0.000000,0.000000,0.000000,133.220000,0.210000,-0.370000,0.000000,48.000000,38.110000
1779334251.565178,0,0.000000,0.000000,0.000000,0.000000,133.220000,0.210000,-0.370000,0.000000,48.000000,38.110000
1779334251.589677,0,0.000000,0.000000,0.000000,0.000000,133.220000,0.210000,-0.370000,0.000000,48.000000,38.130000
1779334251.590177,0,0.000000,0.000000,0.000000,0.000000,75.800000,0.200000,-0.370000,0.000000,49.000000,38.130000
1779334251.613177,0,0.000000,0.000000,0.000000,0.000000,75.800000,0.200000,-0.370000,0.000000,49.000000,38.150000
1779334251.613677,0,0.000000,0.000000,0.000000,0.000000,75.800000,0.200000,-0.370000,0.000000,49.000000,38.160000
1779334251.636178,0,0.000000,0.000000,0.000000,0.000000,75.800000,0.200000,-0.370000,0.000000,49.000000,38.180000
1779334251.636678,0,0.000000,0.000000,0.000000,0.000000,75.800000,0.200000,-0.370000,0.000000,49.000000,38.180000
1779334251.637178,0,0.000000,0.000000,0.000000,0.000000,23.060000,0.200000,-0.370000,0.000000,48.000000,38.200000
1779334251.679177,0,0.000000,0.000000,0.000000,0.000000,23.060000,0.200000,-0.370000,0.000000,48.000000,38.200000
1779334251.680177,0,0.000000,0.000000,0.000000,0.000000,23.060000,0.200000,-0.370000,0.000000,48.000000,38.220000
1779334251.680677,0,0.000000,0.000000,0.000000,0.000000,23.060000,0.200000,-0.370000,0.000000,48.000000,38.220000
1779334251.681177,0,0.000000,0.000000,0.000000,0.000000,23.060000,0.200000,-0.370000,0.000000,48.000000,38.240000
1779334251.682177,0,0.000000,0.000000,0.000000,0.000000,-19.250000,0.200000,-0.370000,0.000000,48.000000,38.250000
1779334251.701677,0,0.000000,0.000000,0.000000,0.000000,-19.250000,0.200000,-0.370000,0.000000,48.000000,38.250000
1779334251.725177,0,0.000000,0.000000,0.000000,0.000000,-19.250000,0.200000,-0.370000,0.000000,48.000000,38.270000
1779334251.726178,0,0.000000,0.000000,0.000000,0.000000,-19.250000,0.200000,-0.370000,0.000000,48.000000,38.290000
1779334251.748176,0,0.000000,0.000000,0.000000,0.000000,-19.250000,0.200000,-0.370000,0.000000,48.000000,38.290000
1779334251.748677,0,0.000000,0.000000,0.000000,0.000000,-19.250000,0.200000,-0.370000,0.000000,48.000000,38.310000
1779334251.790177,0,0.000000,0.000000,0.000000,0.000000,-19.250000,0.200000,-0.370000,0.000000,48.000000,38.310000
1779334251.790677,0,0.000000,0.000000,0.000000,0.000000,-19.250000,0.200000,-0.370000,0.000000,48.000000,38.330000
1779334251.790677,0,0.000000,0.000000,0.000000,0.000000,-19.250000,0.200000,-0.370000,0.000000,48.000000,38.340000
1779334251.792677,0,0.000000,0.000000,0.000000,0.000000,-65.300000,0.200000,-0.370000,0.000000,51.000000,38.340000
1779334251.793176,0,0.000000,0.000000,0.000000,0.000000,-65.300000,0.200000,-0.370000,0.000000,51.000000,38.360000
1779334251.814677,0,0.000000,0.000000,0.000000,0.000000,-65.300000,0.200000,-0.370000,0.000000,51.000000,38.360000
1779334251.843677,0,0.000000,0.000000,0.000000,0.000000,-65.300000,0.200000,-0.370000,0.000000,51.000000,38.380000
1779334251.844179,0,0.000000,0.000000,0.000000,0.000000,-65.300000,0.200000,-0.370000,0.000000,51.000000,38.380000
1779334251.845677,0,0.000000,0.000000,0.000000,0.000000,-93.500000,0.200000,-0.380000,0.000000,48.000000,38.400000
1779334251.867677,0,0.000000,0.000000,0.000000,0.000000,-93.500000,0.200000,-0.380000,0.000000,48.000000,38.400000
1779334251.868176,0,0.000000,0.000000,0.000000,0.000000,-93.500000,0.200000,-0.380000,0.000000,48.000000,38.410000
1779334251.890177,0,0.000000,0.000000,0.000000,0.000000,-93.500000,0.200000,-0.380000,0.000000,48.000000,38.430000
1779334251.890676,0,0.000000,0.000000,0.000000,0.000000,-93.500000,0.200000,-0.380000,0.000000,48.000000,38.430000
1779334251.912677,0,0.000000,0.000000,0.000000,0.000000,-93.500000,0.200000,-0.380000,0.000000,48.000000,38.450000
1779334251.935177,0,0.000000,0.000000,0.000000,0.000000,-93.500000,0.200000,-0.380000,0.000000,48.000000,38.470000
1779334251.935677,0,0.000000,0.000000,0.000000,0.000000,-93.500000,0.200000,-0.380000,0.000000,48.000000,38.470000
1779334251.936177,0,0.000000,0.000000,0.000000,0.000000,-93.500000,0.200000,-0.380000,0.000000,48.000000,38.490000
1779334251.960176,0,0.000000,0.000000,0.000000,0.000000,-93.500000,0.200000,-0.380000,0.000000,48.000000,38.500000
1779334251.960677,0,0.000000,0.000000,0.000000,0.000000,-93.500000,0.200000,-0.380000,0.000000,48.000000,38.500000
1779334251.960677,0,0.000000,0.000000,0.000000,0.000000,-93.500000,0.200000,-0.380000,0.000000,48.000000,38.520000
1779334251.985177,0,0.000000,0.000000,0.000000,0.000000,-93.500000,0.200000,-0.380000,0.000000,48.000000,38.520000
1779334252.006677,0,0.000000,0.000000,0.000000,0.000000,-93.500000,0.200000,-0.380000,0.000000,48.000000,38.540000
1779334252.007177,0,0.000000,0.000000,0.000000,0.000000,-93.500000,0.200000,-0.380000,0.000000,48.000000,38.540000
1779334252.007677,0,0.000000,0.000000,0.000000,0.000000,-76.810000,0.180000,-0.380000,0.000000,51.000000,38.560000
1779334252.009177,0,0.000000,0.000000,0.000000,0.000000,-76.810000,0.180000,-0.380000,0.000000,51.000000,38.560000
1779334252.049177,0,0.000000,0.000000,0.000000,0.000000,-76.810000,0.180000,-0.380000,0.000000,51.000000,38.580000
1779334252.049677,0,0.000000,0.000000,0.000000,0.000000,-76.810000,0.180000,-0.380000,0.000000,51.000000,38.590000
1779334252.050177,0,0.000000,0.000000,0.000000,0.000000,-76.810000,0.180000,-0.380000,0.000000,51.000000,38.590000
1779334252.050677,0,0.000000,0.000000,0.000000,0.000000,-12.430000,0.180000,-0.380000,0.000000,48.000000,38.610000
1779334252.052177,0,0.000000,0.000000,0.000000,0.000000,-12.430000,0.180000,-0.380000,0.000000,48.000000,38.610000
1779334252.052677,0,0.000000,0.000000,0.000000,0.000000,-12.430000,0.180000,-0.380000,0.000000,48.000000,38.630000
1779334252.094177,0,0.000000,0.000000,0.000000,0.000000,-12.430000,0.180000,-0.380000,0.000000,48.000000,38.630000
1779334252.095177,0,0.000000,0.000000,0.000000,0.000000,-12.430000,0.180000,-0.380000,0.000000,48.000000,38.650000
1779334252.096677,0,0.000000,0.000000,0.000000,0.000000,81.230000,0.180000,-0.380000,0.000000,48.000000,38.650000
1779334252.097177,0,0.000000,0.000000,0.000000,0.000000,81.230000,0.180000,-0.380000,0.000000,48.000000,38.660000
1779334252.137677,0,0.000000,0.000000,0.000000,0.000000,81.230000,0.180000,-0.380000,0.000000,48.000000,38.680000
1779334252.138176,0,0.000000,0.000000,0.000000,0.000000,81.230000,0.180000,-0.380000,0.000000,48.000000,38.680000
1779334252.138676,0,0.000000,0.000000,0.000000,0.000000,81.230000,0.180000,-0.380000,0.000000,48.000000,38.700000
1779334252.139176,0,0.000000,0.000000,0.000000,0.000000,81.230000,0.180000,-0.380000,0.000000,48.000000,38.720000
1779334252.179177,0,0.000000,0.000000,0.000000,0.000000,81.230000,0.180000,-0.380000,0.000000,48.000000,38.720000
1779334252.179677,0,0.000000,0.000000,0.000000,0.000000,81.230000,0.180000,-0.380000,0.000000,48.000000,38.740000
1779334252.180177,0,0.000000,0.000000,0.000000,0.000000,81.230000,0.180000,-0.380000,0.000000,48.000000,38.750000
1779334252.181677,0,0.000000,0.000000,0.000000,0.000000,81.230000,0.180000,-0.380000,0.000000,48.000000,38.750000
1779334252.201178,0,0.000000,0.000000,0.000000,0.000000,163.100000,0.180000,-0.370000,0.000000,49.000000,38.770000
1779334252.223177,0,0.000000,0.000000,0.000000,0.000000,163.100000,0.180000,-0.370000,0.000000,49.000000,38.770000
1779334252.245677,0,0.000000,0.000000,0.000000,0.000000,163.100000,0.180000,-0.370000,0.000000,49.000000,38.790000
1779334252.246177,0,0.000000,0.000000,0.000000,0.000000,163.100000,0.180000,-0.370000,0.000000,49.000000,38.790000
1779334252.268677,0,0.000000,0.000000,0.000000,0.000000,163.100000,0.180000,-0.370000,0.000000,49.000000,38.810000
1779334252.292676,0,0.000000,0.000000,0.000000,0.000000,163.100000,0.180000,-0.370000,0.000000,49.000000,38.810000
1779334252.293176,0,0.000000,0.000000,0.000000,0.000000,163.100000,0.180000,-0.370000,0.000000,49.000000,38.830000
1779334252.293676,0,0.000000,0.000000,0.000000,0.000000,163.100000,0.180000,-0.370000,0.000000,49.000000,38.840000
1779334252.316177,0,0.000000,0.000000,0.000000,0.000000,163.100000,0.180000,-0.370000,0.000000,49.000000,38.840000
1779334252.316677,0,0.000000,0.000000,0.000000,0.000000,163.100000,0.180000,-0.370000,0.000000,49.000000,38.860000
1779334252.317177,0,0.000000,0.000000,0.000000,0.000000,235.570000,0.180000,-0.370000,0.000000,51.000000,38.880000
1779334252.359176,0,0.000000,0.000000,0.000000,0.000000,235.570000,0.180000,-0.370000,0.000000,51.000000,38.880000
1779334252.359676,0,0.000000,0.000000,0.000000,0.000000,235.570000,0.180000,-0.370000,0.000000,51.000000,38.900000
1779334252.360176,0,0.000000,0.000000,0.000000,0.000000,235.570000,0.180000,-0.370000,0.000000,51.000000,38.900000
1779334252.360176,0,0.000000,0.000000,0.000000,0.000000,235.570000,0.180000,-0.370000,0.000000,51.000000,38.910000
1779334252.361676,0,0.000000,0.000000,0.000000,0.000000,-316.320000,0.180000,-0.370000,0.000000,48.000000,38.930000
1779334252.361676,0,0.000000,0.000000,0.000000,0.000000,-316.320000,0.180000,-0.370000,0.000000,48.000000,38.930000
1779334252.401176,0,0.000000,0.000000,0.000000,0.000000,-316.320000,0.180000,-0.370000,0.000000,48.000000,38.950000
1779334252.401678,0,0.000000,0.000000,0.000000,0.000000,-316.320000,0.180000,-0.370000,0.000000,48.000000,38.950000
1779334252.402178,0,0.000000,0.000000,0.000000,0.000000,-316.320000,0.180000,-0.370000,0.000000,48.000000,38.970000
1779334252.402678,0,0.000000,0.000000,0.000000,0.000000,-207.440000,0.180000,-0.370000,0.000000,48.000000,38.970000
1779334252.442177,0,0.000000,0.000000,0.000000,0.000000,-207.440000,0.180000,-0.370000,0.000000,48.000000,39.000000
1779334252.443177,0,0.000000,0.000000,0.000000,0.000000,-207.440000,0.180000,-0.370000,0.000000,48.000000,39.000000
1779334252.443676,0,0.000000,0.000000,0.000000,0.000000,-207.440000,0.180000,-0.370000,0.000000,48.000000,39.020000
1779334252.482178,0,0.000000,0.000000,0.000000,0.000000,-106.550000,0.180000,-0.370000,0.000000,48.000000,39.020000
1779334252.482678,0,0.000000,0.000000,0.000000,0.000000,-106.550000,0.180000,-0.370000,0.000000,48.000000,39.040000
1779334252.483677,0,0.000000,0.000000,0.000000,0.000000,-106.550000,0.180000,-0.370000,0.000000,48.000000,39.040000
1779334252.524176,0,0.000000,0.000000,0.000000,0.000000,-106.550000,0.180000,-0.370000,0.000000,48.000000,39.060000
1779334252.524676,0,0.000000,0.000000,0.000000,0.000000,-106.550000,0.180000,-0.370000,0.000000,48.000000,39.060000
1779334252.525176,0,0.000000,0.000000,0.000000,0.000000,13.270000,0.180000,-0.370000,0.000000,48.000000,39.080000
1779334252.525676,0,0.000000,0.000000,0.000000,0.000000,13.270000,0.180000,-0.370000,0.000000,48.000000,39.090000
1779334252.526176,0,0.000000,0.000000,0.000000,0.000000,13.270000,0.180000,-0.370000,0.000000,48.000000,39.090000
1779334252.547678,0,0.000000,0.000000,0.000000,0.000000,13.270000,0.180000,-0.370000,0.000000,48.000000,39.110000
1779334252.569178,0,0.000000,0.000000,0.000000,0.000000,13.270000,0.180000,-0.370000,0.000000,48.000000,39.110000
1779334252.570177,0,0.000000,0.000000,0.000000,0.000000,149.600000,0.180000,-0.370000,0.000000,48.000000,39.130000
1779334252.590178,0,0.000000,0.000000,0.000000,0.000000,149.600000,0.180000,-0.370000,0.000000,48.000000,39.130000
1779334252.591177,0,0.000000,0.000000,0.000000,0.000000,149.600000,0.180000,-0.370000,0.000000,48.000000,39.150000
1779334252.612177,0,0.000000,0.000000,0.000000,0.000000,149.600000,0.180000,-0.370000,0.000000,48.000000,39.160000
1779334252.633677,0,0.000000,0.000000,0.000000,0.000000,149.600000,0.180000,-0.370000,0.000000,48.000000,39.180000
1779334252.634178,0,0.000000,0.000000,0.000000,0.000000,310.670000,0.170000,-0.370000,0.000000,48.000000,39.180000
1779334252.655677,0,0.000000,0.000000,0.000000,0.000000,310.670000,0.170000,-0.370000,0.000000,48.000000,39.200000
1779334252.656178,0,0.000000,0.000000,0.000000,0.000000,310.670000,0.170000,-0.370000,0.000000,48.000000,39.200000
1779334252.677677,0,0.000000,0.000000,0.000000,0.000000,310.670000,0.170000,-0.370000,0.000000,48.000000,39.220000
1779334252.678177,0,0.000000,0.000000,0.000000,0.000000,310.670000,0.170000,-0.370000,0.000000,48.000000,39.240000
1779334252.699177,0,0.000000,0.000000,0.000000,0.000000,310.670000,0.170000,-0.370000,0.000000,48.000000,39.250000
1779334252.720677,0,0.000000,0.000000,0.000000,0.000000,310.670000,0.170000,-0.370000,0.000000,48.000000,39.250000
1779334252.721176,0,0.000000,0.000000,0.000000,0.000000,310.670000,0.170000,-0.370000,0.000000,48.000000,39.270000
1779334252.722177,0,0.000000,0.000000,0.000000,0.000000,310.670000,0.170000,-0.370000,0.000000,48.000000,39.270000
1779334252.742677,0,0.000000,0.000000,0.000000,0.000000,-184.350000,0.170000,-0.370000,0.000000,51.000000,39.290000
1779334252.743678,0,0.000000,0.000000,0.000000,0.000000,-184.350000,0.170000,-0.370000,0.000000,51.000000,39.290000
1779334252.764676,0,0.000000,0.000000,0.000000,0.000000,-184.350000,0.170000,-0.370000,0.000000,51.000000,39.310000
1779334252.786176,0,0.000000,0.000000,0.000000,0.000000,-184.350000,0.170000,-0.370000,0.000000,51.000000,39.310000
1779334252.786676,0,0.000000,0.000000,0.000000,0.000000,-184.350000,0.170000,-0.370000,0.000000,51.000000,39.330000
1779334252.787176,0,0.000000,0.000000,0.000000,0.000000,14.380000,0.170000,-0.370000,0.000000,48.000000,39.340000
1779334252.808676,0,0.000000,0.000000,0.000000,0.000000,14.380000,0.170000,-0.370000,0.000000,48.000000,39.340000
1779334252.809176,0,0.000000,0.000000,0.000000,0.000000,14.380000,0.170000,-0.370000,0.000000,48.000000,39.360000
1779334252.831178,0,0.000000,0.000000,0.000000,0.000000,14.380000,0.170000,-0.370000,0.000000,48.000000,39.360000
1779334252.831678,0,0.000000,0.000000,0.000000,0.000000,14.380000,0.170000,-0.370000,0.000000,48.000000,39.380000
1779334252.832178,0,0.000000,0.000000,0.000000,0.000000,14.380000,0.170000,-0.370000,0.000000,48.000000,39.380000
1779334252.860176,0,0.000000,0.000000,0.000000,0.000000,14.380000,0.170000,-0.370000,0.000000,48.000000,39.400000
1779334252.884176,0,0.000000,0.000000,0.000000,0.000000,14.380000,0.170000,-0.370000,0.000000,48.000000,39.400000
1779334252.884677,0,0.000000,0.000000,0.000000,0.000000,14.380000,0.170000,-0.370000,0.000000,48.000000,39.410000
1779334252.884677,0,0.000000,0.000000,0.000000,0.000000,14.380000,0.170000,-0.370000,0.000000,48.000000,39.430000
1779334252.906677,0,0.000000,0.000000,0.000000,0.000000,14.380000,0.170000,-0.370000,0.000000,48.000000,39.430000
1779334252.907176,0,0.000000,0.000000,0.000000,0.000000,14.380000,0.170000,-0.370000,0.000000,48.000000,39.450000
1779334252.931677,0,0.000000,0.000000,0.000000,0.000000,14.380000,0.170000,-0.370000,0.000000,48.000000,39.470000
1779334252.932677,0,0.000000,0.000000,0.000000,0.000000,14.380000,0.170000,-0.370000,0.000000,48.000000,39.470000
1779334252.933176,0,0.000000,0.000000,0.000000,0.000000,14.380000,0.170000,-0.370000,0.000000,48.000000,39.490000
1779334252.954676,0,0.000000,0.000000,0.000000,0.000000,176.100000,0.170000,-0.370000,0.000000,49.000000,39.500000
1779334252.955176,0,0.000000,0.000000,0.000000,0.000000,176.100000,0.170000,-0.370000,0.000000,49.000000,39.500000
1779334252.955676,0,0.000000,0.000000,0.000000,0.000000,176.100000,0.170000,-0.370000,0.000000,49.000000,39.520000
1779334252.978177,0,0.000000,0.000000,0.000000,0.000000,176.100000,0.170000,-0.370000,0.000000,49.000000,39.520000
1779334252.999677,0,0.000000,0.000000,0.000000,0.000000,176.100000,0.170000,-0.370000,0.000000,49.000000,39.540000
1779334253.000177,0,0.000000,0.000000,0.000000,0.000000,306.050000,0.170000,-0.370000,0.000000,48.000000,39.540000
1779334253.000677,0,0.000000,0.000000,0.000000,0.000000,306.050000,0.170000,-0.370000,0.000000,48.000000,39.560000
1779334253.022676,0,0.000000,0.000000,0.000000,0.000000,306.050000,0.170000,-0.370000,0.000000,48.000000,39.560000
1779334253.023176,0,0.000000,0.000000,0.000000,0.000000,306.050000,0.170000,-0.370000,0.000000,48.000000,39.580000
1779334253.045177,0,0.000000,0.000000,0.000000,0.000000,306.050000,0.170000,-0.370000,0.000000,48.000000,39.590000
1779334253.066676,0,0.000000,0.000000,0.000000,0.000000,-258.510000,0.170000,-0.370000,0.000000,48.000000,39.590000
1779334253.067176,0,0.000000,0.000000,0.000000,0.000000,-258.510000,0.170000,-0.370000,0.000000,48.000000,39.610000
1779334253.067677,0,0.000000,0.000000,0.000000,0.000000,-258.510000,0.170000,-0.370000,0.000000,48.000000,39.630000
1779334253.090176,0,0.000000,0.000000,0.000000,0.000000,-258.510000,0.170000,-0.370000,0.000000,48.000000,39.630000
1779334253.090676,0,0.000000,0.000000,0.000000,0.000000,-258.510000,0.170000,-0.370000,0.000000,48.000000,39.650000
1779334253.111676,0,0.000000,0.000000,0.000000,0.000000,-198.460000,0.170000,-0.370000,0.000000,48.000000,39.650000
1779334253.112176,0,0.000000,0.000000,0.000000,0.000000,-198.460000,0.170000,-0.370000,0.000000,48.000000,39.660000
1779334253.133676,0,0.000000,0.000000,0.000000,0.000000,-198.460000,0.170000,-0.370000,0.000000,48.000000,39.680000
1779334253.134176,0,0.000000,0.000000,0.000000,0.000000,-198.460000,0.170000,-0.370000,0.000000,48.000000,39.680000
1779334253.155676,0,0.000000,0.000000,0.000000,0.000000,-198.460000,0.170000,-0.370000,0.000000,48.000000,39.700000
1779334253.179178,0,0.000000,0.000000,0.000000,0.000000,-128.610000,0.170000,-0.370000,0.000000,48.000000,39.700000
1779334253.180177,0,0.000000,0.000000,0.000000,0.000000,-128.610000,0.170000,-0.370000,0.000000,48.000000,39.720000
1779334253.200676,0,0.000000,0.000000,0.000000,0.000000,-128.610000,0.170000,-0.370000,0.000000,48.000000,39.720000
1779334253.201176,0,0.000000,0.000000,0.000000,0.000000,-128.610000,0.170000,-0.370000,0.000000,48.000000,39.740000
1779334253.201676,0,0.000000,0.000000,0.000000,0.000000,-53.470000,0.170000,-0.370000,0.000000,48.000000,39.750000
1779334253.202176,0,0.000000,0.000000,0.000000,0.000000,-53.470000,0.170000,-0.370000,0.000000,48.000000,39.750000
1779334253.222677,0,0.000000,0.000000,0.000000,0.000000,-53.470000,0.170000,-0.370000,0.000000,48.000000,39.770000
1779334253.222677,0,0.000000,0.000000,0.000000,0.000000,-53.470000,0.170000,-0.370000,0.000000,48.000000,39.770000
1779334253.242676,0,0.000000,0.000000,0.000000,0.000000,-53.470000,0.170000,-0.370000,0.000000,48.000000,39.790000
1779334253.243676,0,0.000000,0.000000,0.000000,0.000000,-53.470000,0.170000,-0.370000,0.000000,48.000000,39.810000
1779334253.264176,0,0.000000,0.000000,0.000000,0.000000,-53.470000,0.170000,-0.370000,0.000000,48.000000,39.810000
1779334253.286678,0,0.000000,0.000000,0.000000,0.000000,-53.470000,0.170000,-0.370000,0.000000,48.000000,39.830000
1779334253.287178,0,0.000000,0.000000,0.000000,0.000000,-53.470000,0.170000,-0.370000,0.000000,48.000000,39.840000
1779334253.309177,0,0.000000,0.000000,0.000000,0.000000,-53.470000,0.170000,-0.370000,0.000000,48.000000,39.840000
1779334253.309678,0,0.000000,0.000000,0.000000,0.000000,11.810000,0.170000,-0.370000,0.000000,51.000000,39.860000
1779334253.309678,0,0.000000,0.000000,0.000000,0.000000,11.810000,0.170000,-0.370000,0.000000,51.000000,39.860000
1779334253.332676,0,0.000000,0.000000,0.000000,0.000000,11.810000,0.170000,-0.370000,0.000000,51.000000,39.880000
1779334253.354177,0,0.000000,0.000000,0.000000,0.000000,11.810000,0.170000,-0.370000,0.000000,51.000000,39.880000
1779334253.354677,0,0.000000,0.000000,0.000000,0.000000,11.810000,0.170000,-0.370000,0.000000,51.000000,39.900000
1779334253.355176,0,0.000000,0.000000,0.000000,0.000000,11.810000,0.170000,-0.370000,0.000000,51.000000,39.900000
1779334253.377177,0,0.000000,0.000000,0.000000,0.000000,11.810000,0.170000,-0.370000,0.000000,51.000000,39.910000
1779334253.377678,0,0.000000,0.000000,0.000000,0.000000,11.810000,0.170000,-0.370000,0.000000,51.000000,39.930000
1779334253.378177,0,0.000000,0.000000,0.000000,0.000000,11.810000,0.170000,-0.370000,0.000000,51.000000,39.930000
1779334253.399178,0,0.000000,0.000000,0.000000,0.000000,11.810000,0.170000,-0.370000,0.000000,51.000000,39.950000
1779334253.399678,0,0.000000,0.000000,0.000000,0.000000,90.660000,0.170000,-0.370000,0.000000,51.000000,39.950000
1779334253.421176,0,0.000000,0.000000,0.000000,0.000000,90.660000,0.170000,-0.370000,0.000000,51.000000,39.970000
1779334253.421676,0,0.000000,0.000000,0.000000,0.000000,90.660000,0.170000,-0.370000,0.000000,51.000000,39.970000
1779334253.443177,0,0.000000,0.000000,0.000000,0.000000,90.660000,0.170000,-0.370000,0.000000,51.000000,39.990000
1779334253.443678,0,0.000000,0.000000,0.000000,0.000000,90.660000,0.170000,-0.370000,0.000000,51.000000,40.000000
1779334253.464176,0,0.000000,0.000000,0.000000,0.000000,90.660000,0.170000,-0.370000,0.000000,51.000000,40.000000
1779334253.464676,0,0.000000,0.000000,0.000000,0.000000,164.640000,0.170000,-0.370000,0.000000,48.000000,40.020000
1779334253.464676,0,0.000000,0.000000,0.000000,0.000000,164.640000,0.170000,-0.370000,0.000000,48.000000,40.020000
1779334253.487176,0,0.000000,0.000000,0.000000,0.000000,164.640000,0.170000,-0.370000,0.000000,48.000000,40.040000
1779334253.487677,0,0.000000,0.000000,0.000000,0.000000,164.640000,0.170000,-0.370000,0.000000,48.000000,40.040000
1779334253.509178,0,0.000000,0.000000,0.000000,0.000000,164.640000,0.170000,-0.370000,0.000000,48.000000,40.060000
1779334253.509678,0,0.000000,0.000000,0.000000,0.000000,212.750000,0.170000,-0.370000,0.000000,48.000000,40.060000
1779334253.531177,0,0.000000,0.000000,0.000000,0.000000,212.750000,0.170000,-0.370000,0.000000,48.000000,40.080000
1779334253.532177,0,0.000000,0.000000,0.000000,0.000000,212.750000,0.170000,-0.370000,0.000000,48.000000,40.090000
1779334253.554177,0,0.000000,0.000000,0.000000,0.000000,212.750000,0.170000,-0.370000,0.000000,48.000000,40.090000
1779334253.554678,0,0.000000,0.000000,0.000000,0.000000,212.750000,0.170000,-0.370000,0.000000,48.000000,40.110000
1779334253.576677,0,0.000000,0.000000,0.000000,0.000000,260.100000,0.170000,-0.370000,0.000000,48.000000,40.110000
1779334253.577176,0,0.000000,0.000000,0.000000,0.000000,260.100000,0.170000,-0.370000,0.000000,48.000000,40.130000
1779334253.599677,0,0.000000,0.000000,0.000000,0.000000,260.100000,0.170000,-0.370000,0.000000,48.000000,40.130000
1779334253.622177,0,0.000000,0.000000,0.000000,0.000000,260.100000,0.170000,-0.370000,0.000000,48.000000,40.150000
1779334253.622678,0,0.000000,0.000000,0.000000,0.000000,260.100000,0.170000,-0.370000,0.000000,48.000000,40.150000
1779334253.661176,0,0.000000,0.000000,0.000000,0.000000,294.750000,0.170000,-0.370000,0.000000,48.000000,40.160000
1779334253.661678,0,0.000000,0.000000,0.000000,0.000000,294.750000,0.170000,-0.370000,0.000000,48.000000,40.180000
1779334253.662177,0,0.000000,0.000000,0.000000,0.000000,294.750000,0.170000,-0.370000,0.000000,48.000000,40.200000
1779334253.662177,0,0.000000,0.000000,0.000000,0.000000,294.750000,0.170000,-0.370000,0.000000,48.000000,40.200000
1779334253.663177,0,0.000000,0.000000,0.000000,0.000000,-326.190000,0.170000,-0.370000,0.000000,48.000000,40.220000
1779334253.663677,0,0.000000,0.000000,0.000000,0.000000,-326.190000,0.170000,-0.370000,0.000000,48.000000,40.240000
1779334253.700177,0,0.000000,0.000000,0.000000,0.000000,-326.190000,0.170000,-0.370000,0.000000,48.000000,40.250000
1779334253.700676,0,0.000000,0.000000,0.000000,0.000000,-326.190000,0.170000,-0.370000,0.000000,48.000000,40.250000
1779334253.701176,0,0.000000,0.000000,0.000000,0.000000,-326.190000,0.170000,-0.370000,0.000000,48.000000,40.270000
1779334253.701176,0,0.000000,0.000000,0.000000,0.000000,-276.880000,0.170000,-0.370000,0.000000,48.000000,40.270000
1779334253.740677,0,0.000000,0.000000,0.000000,0.000000,-276.880000,0.170000,-0.370000,0.000000,48.000000,40.290000
1779334253.741677,0,0.000000,0.000000,0.000000,0.000000,-276.880000,0.170000,-0.370000,0.000000,48.000000,40.290000
1779334253.742188,0,0.000000,0.000000,0.000000,0.000000,-276.880000,0.170000,-0.370000,0.000000,48.000000,40.310000
1779334253.742677,0,0.000000,0.000000,0.000000,0.000000,-276.880000,0.170000,-0.370000,0.000000,48.000000,40.310000
1779334253.764176,0,0.000000,0.000000,0.000000,0.000000,-230.470000,0.170000,-0.370000,0.000000,48.000000,40.330000
1779334253.786178,0,0.000000,0.000000,0.000000,0.000000,-230.470000,0.170000,-0.370000,0.000000,48.000000,40.340000
1779334253.787177,0,0.000000,0.000000,0.000000,0.000000,-230.470000,0.170000,-0.370000,0.000000,48.000000,40.340000
1779334253.809177,0,0.000000,0.000000,0.000000,0.000000,-230.470000,0.170000,-0.370000,0.000000,48.000000,40.360000
1779334253.809676,0,0.000000,0.000000,0.000000,0.000000,-230.470000,0.170000,-0.370000,0.000000,48.000000,40.360000
1779334253.832677,0,0.000000,0.000000,0.000000,0.000000,-195.750000,0.180000,-0.370000,0.000000,48.000000,40.380000
1779334253.833177,0,0.000000,0.000000,0.000000,0.000000,-195.750000,0.180000,-0.370000,0.000000,48.000000,40.380000
1779334253.857689,0,0.000000,0.000000,0.000000,0.000000,-195.750000,0.180000,-0.370000,0.000000,48.000000,40.400000
1779334253.858176,0,0.000000,0.000000,0.000000,0.000000,-195.750000,0.180000,-0.370000,0.000000,48.000000,40.400000
1779334253.881176,0,0.000000,0.000000,0.000000,0.000000,-195.750000,0.180000,-0.370000,0.000000,48.000000,40.430000
1779334253.881676,0,0.000000,0.000000,0.000000,0.000000,-168.630000,0.180000,-0.370000,0.000000,48.000000,40.430000
1779334253.904176,0,0.000000,0.000000,0.000000,0.000000,-168.630000,0.180000,-0.370000,0.000000,48.000000,40.450000
1779334253.925677,0,0.000000,0.000000,0.000000,0.000000,-168.630000,0.180000,-0.370000,0.000000,48.000000,40.450000
1779334253.926178,0,0.000000,0.000000,0.000000,0.000000,-168.630000,0.180000,-0.370000,0.000000,48.000000,40.470000
1779334253.947676,0,0.000000,0.000000,0.000000,0.000000,-168.630000,0.180000,-0.370000,0.000000,48.000000,40.490000
1779334253.948678,0,0.000000,0.000000,0.000000,0.000000,-168.630000,0.180000,-0.370000,0.000000,48.000000,40.500000
1779334253.970176,0,0.000000,0.000000,0.000000,0.000000,-168.630000,0.180000,-0.370000,0.000000,48.000000,40.500000
1779334253.970676,0,0.000000,0.000000,0.000000,0.000000,-168.630000,0.180000,-0.370000,0.000000,48.000000,40.520000
1779334253.971176,0,0.000000,0.000000,0.000000,0.000000,-168.630000,0.180000,-0.370000,0.000000,48.000000,40.520000
1779334253.991676,0,0.000000,0.000000,0.000000,0.000000,-162.910000,0.180000,-0.370000,0.000000,49.000000,40.540000
1779334253.992176,0,0.000000,0.000000,0.000000,0.000000,-162.910000,0.180000,-0.370000,0.000000,49.000000,40.540000
1779334254.015676,0,0.000000,0.000000,0.000000,0.000000,-162.910000,0.180000,-0.370000,0.000000,49.000000,40.560000
1779334254.016176,0,0.000000,0.000000,0.000000,0.000000,-162.910000,0.180000,-0.370000,0.000000,49.000000,40.560000
1779334254.038678,0,0.000000,0.000000,0.000000,0.000000,-162.910000,0.180000,-0.370000,0.000000,49.000000,40.580000
1779334254.039178,0,0.000000,0.000000,0.000000,0.000000,-171.080000,0.180000,-0.370000,0.000000,48.000000,40.590000
1779334254.061177,0,0.000000,0.000000,0.000000,0.000000,-171.080000,0.180000,-0.370000,0.000000,48.000000,40.590000
1779334254.083677,0,0.000000,0.000000,0.000000,0.000000,-171.080000,0.180000,-0.370000,0.000000,48.000000,40.610000
1779334254.084177,0,0.000000,0.000000,0.000000,0.000000,-171.080000,0.180000,-0.370000,0.000000,48.000000,40.610000
1779334254.084678,0,0.000000,0.000000,0.000000,0.000000,-171.080000,0.180000,-0.370000,0.000000,48.000000,40.630000
1779334254.107177,0,0.000000,0.000000,0.000000,0.000000,-190.050000,0.180000,-0.370000,0.000000,48.000000,40.630000
1779334254.107677,0,0.000000,0.000000,0.000000,0.000000,-190.050000,0.180000,-0.370000,0.000000,48.000000,40.650000
1779334254.129677,0,0.000000,0.000000,0.000000,0.000000,-190.050000,0.180000,-0.370000,0.000000,48.000000,40.660000
1779334254.130178,0,0.000000,0.000000,0.000000,0.000000,-190.050000,0.180000,-0.370000,0.000000,48.000000,40.680000
1779334254.150676,0,0.000000,0.000000,0.000000,0.000000,-190.050000,0.180000,-0.370000,0.000000,48.000000,40.680000
1779334254.151176,0,0.000000,0.000000,0.000000,0.000000,-190.050000,0.180000,-0.370000,0.000000,48.000000,40.700000
1779334254.152176,0,0.000000,0.000000,0.000000,0.000000,-190.050000,0.180000,-0.370000,0.000000,48.000000,40.700000
1779334254.174677,0,0.000000,0.000000,0.000000,0.000000,-190.050000,0.180000,-0.370000,0.000000,48.000000,40.720000
1779334254.175677,0,0.000000,0.000000,0.000000,0.000000,-190.050000,0.180000,-0.370000,0.000000,48.000000,40.720000
1779334254.196676,0,0.000000,0.000000,0.000000,0.000000,-190.050000,0.180000,-0.370000,0.000000,48.000000,40.740000
1779334254.197177,0,0.000000,0.000000,0.000000,0.000000,-190.050000,0.180000,-0.370000,0.000000,48.000000,40.750000
1779334254.218677,0,0.000000,0.000000,0.000000,0.000000,-190.050000,0.180000,-0.370000,0.000000,48.000000,40.770000
1779334254.219177,0,0.000000,0.000000,0.000000,0.000000,-190.050000,0.180000,-0.370000,0.000000,48.000000,40.770000
1779334254.239676,0,0.000000,0.000000,0.000000,0.000000,-190.050000,0.180000,-0.370000,0.000000,48.000000,40.790000
1779334254.240176,0,0.000000,0.000000,0.000000,0.000000,-205.190000,0.180000,-0.370000,0.000000,51.000000,40.790000
1779334254.279177,0,0.000000,0.000000,0.000000,0.000000,-205.190000,0.180000,-0.370000,0.000000,51.000000,40.810000
1779334254.279678,0,0.000000,0.000000,0.000000,0.000000,-205.190000,0.180000,-0.370000,0.000000,51.000000,40.810000
1779334254.280177,0,0.000000,0.000000,0.000000,0.000000,-205.190000,0.180000,-0.370000,0.000000,51.000000,40.830000
1779334254.280177,0,0.000000,0.000000,0.000000,0.000000,-205.190000,0.180000,-0.370000,0.000000,51.000000,40.840000
1779334254.280677,0,0.000000,0.000000,0.000000,0.000000,-225.160000,0.180000,-0.370000,0.000000,48.000000,40.840000
1779334254.320178,0,0.000000,0.000000,0.000000,0.000000,-225.160000,0.180000,-0.370000,0.000000,48.000000,40.860000
1779334254.320678,0,0.000000,0.000000,0.000000,0.000000,-225.160000,0.180000,-0.370000,0.000000,48.000000,40.860000
1779334254.321178,0,0.000000,0.000000,0.000000,0.000000,-225.160000,0.180000,-0.370000,0.000000,48.000000,40.880000
1779334254.321676,0,0.000000,0.000000,0.000000,0.000000,-225.160000,0.180000,-0.370000,0.000000,48.000000,40.900000
1779334254.322177,0,0.000000,0.000000,0.000000,0.000000,-238.160000,0.180000,-0.370000,0.000000,48.000000,40.900000
1779334254.360177,0,0.000000,0.000000,0.000000,0.000000,-238.160000,0.180000,-0.370000,0.000000,48.000000,40.910000
1779334254.360678,0,0.000000,0.000000,0.000000,0.000000,-238.160000,0.180000,-0.370000,0.000000,48.000000,40.930000
1779334254.399176,0,0.000000,0.000000,0.000000,0.000000,-238.160000,0.180000,-0.370000,0.000000,48.000000,40.930000
1779334254.399724,0,0.000000,0.000000,0.000000,0.000000,-238.160000,0.180000,-0.370000,0.000000,48.000000,40.950000
1779334254.400176,0,0.000000,0.000000,0.000000,0.000000,-254.640000,0.180000,-0.370000,0.000000,48.000000,40.950000
1779334254.400676,0,0.000000,0.000000,0.000000,0.000000,-254.640000,0.180000,-0.370000,0.000000,48.000000,40.970000
1779334254.423176,0,0.000000,0.000000,0.000000,0.000000,-254.640000,0.180000,-0.370000,0.000000,48.000000,40.970000
1779334254.444677,0,0.000000,0.000000,0.000000,0.000000,-254.640000,0.180000,-0.370000,0.000000,48.000000,40.990000
1779334254.445178,0,0.000000,0.000000,0.000000,0.000000,-254.640000,0.180000,-0.370000,0.000000,48.000000,41.000000
1779334254.467177,0,0.000000,0.000000,0.000000,0.000000,-262.230000,0.180000,-0.370000,0.000000,48.000000,41.000000
1779334254.467677,0,0.000000,0.000000,0.000000,0.000000,-262.230000,0.180000,-0.370000,0.000000,48.000000,41.020000
1779334254.489177,0,0.000000,0.000000,0.000000,0.000000,-262.230000,0.180000,-0.370000,0.000000,48.000000,41.020000
1779334254.512178,0,0.000000,0.000000,0.000000,0.000000,-262.230000,0.180000,-0.370000,0.000000,48.000000,41.040000
1779334254.512678,0,0.000000,0.000000,0.000000,0.000000,-262.230000,0.180000,-0.370000,0.000000,48.000000,41.060000
1779334254.533177,0,0.000000,0.000000,0.000000,0.000000,-262.230000,0.180000,-0.370000,0.000000,48.000000,41.060000
1779334254.533677,0,0.000000,0.000000,0.000000,0.000000,-262.230000,0.180000,-0.370000,0.000000,48.000000,41.080000
1779334254.534177,0,0.000000,0.000000,0.000000,0.000000,-262.230000,0.180000,-0.370000,0.000000,48.000000,41.090000
1779334254.556176,0,0.000000,0.000000,0.000000,0.000000,-262.230000,0.180000,-0.370000,0.000000,48.000000,41.090000
1779334254.556676,0,0.000000,0.000000,0.000000,0.000000,-253.500000,0.180000,-0.370000,0.000000,51.000000,41.110000
1779334254.578176,0,0.000000,0.000000,0.000000,0.000000,-253.500000,0.180000,-0.370000,0.000000,51.000000,41.110000
1779334254.578676,0,0.000000,0.000000,0.000000,0.000000,-253.500000,0.180000,-0.370000,0.000000,51.000000,41.130000
1779334254.600676,0,0.000000,0.000000,0.000000,0.000000,-253.500000,0.180000,-0.370000,0.000000,51.000000,41.130000
1779334254.601281,0,0.000000,0.000000,0.000000,0.000000,-253.500000,0.180000,-0.370000,0.000000,51.000000,41.150000
1779334254.601676,0,0.000000,0.000000,0.000000,0.000000,-223.660000,0.180000,-0.370000,0.000000,48.000000,41.150000
1779334254.624177,0,0.000000,0.000000,0.000000,0.000000,-223.660000,0.180000,-0.370000,0.000000,48.000000,41.160000
1779334254.644676,0,0.000000,0.000000,0.000000,0.000000,-223.660000,0.180000,-0.370000,0.000000,48.000000,41.180000
1779334254.645176,0,0.000000,0.000000,0.000000,0.000000,-223.660000,0.180000,-0.370000,0.000000,48.000000,41.180000
1779334254.645676,0,0.000000,0.000000,0.000000,0.000000,-223.660000,0.180000,-0.370000,0.000000,48.000000,41.200000
1779334254.667177,0,0.000000,0.000000,0.000000,0.000000,-202.190000,0.180000,-0.370000,0.000000,48.000000,41.220000
1779334254.667676,0,0.000000,0.000000,0.000000,0.000000,-202.190000,0.180000,-0.370000,0.000000,48.000000,41.220000
1779334254.689177,0,0.000000,0.000000,0.000000,0.000000,-202.190000,0.180000,-0.370000,0.000000,48.000000,41.240000
1779334254.711176,0,0.000000,0.000000,0.000000,0.000000,-202.190000,0.180000,-0.370000,0.000000,48.000000,41.250000
1779334254.711677,0,0.000000,0.000000,0.000000,0.000000,-202.190000,0.180000,-0.370000,0.000000,48.000000,41.250000
1779334254.712178,0,0.000000,0.000000,0.000000,0.000000,-184.020000,0.180000,-0.370000,0.000000,48.000000,41.270000
1779334254.734177,0,0.000000,0.000000,0.000000,0.000000,-184.020000,0.180000,-0.370000,0.000000,48.000000,41.270000
1779334254.734678,0,0.000000,0.000000,0.000000,0.000000,-184.020000,0.180000,-0.370000,0.000000,48.000000,41.290000
1779334254.756243,0,0.000000,0.000000,0.000000,0.000000,-184.020000,0.180000,-0.370000,0.000000,48.000000,41.290000
1779334254.756678,0,0.000000,0.000000,0.000000,0.000000,-184.020000,0.180000,-0.370000,0.000000,48.000000,41.310000
1779334254.778177,0,0.000000,0.000000,0.000000,0.000000,-156.800000,0.180000,-0.370000,0.000000,48.000000,41.310000
1779334254.778678,0,0.000000,0.000000,0.000000,0.000000,-156.800000,0.180000,-0.370000,0.000000,48.000000,41.330000
1779334254.779177,0,0.000000,0.000000,0.000000,0.000000,-156.800000,0.180000,-0.370000,0.000000,48.000000,41.340000
1779334254.799676,0,0.000000,0.000000,0.000000,0.000000,-156.800000,0.180000,-0.370000,0.000000,48.000000,41.340000
1779334254.800176,0,0.000000,0.000000,0.000000,0.000000,-156.800000,0.180000,-0.370000,0.000000,48.000000,41.360000
1779334254.822176,0,0.000000,0.000000,0.000000,0.000000,-123.020000,0.180000,-0.370000,0.000000,48.000000,41.360000
1779334254.823176,0,0.000000,0.000000,0.000000,0.000000,-123.020000,0.180000,-0.370000,0.000000,48.000000,41.380000
1779334254.846677,0,0.000000,0.000000,0.000000,0.000000,-123.020000,0.180000,-0.370000,0.000000,48.000000,41.380000
1779334254.847177,0,0.000000,0.000000,0.000000,0.000000,-123.020000,0.180000,-0.370000,0.000000,48.000000,41.400000
1779334254.847677,0,0.000000,0.000000,0.000000,0.000000,-123.020000,0.180000,-0.370000,0.000000,48.000000,41.400000
1779334254.888676,0,0.000000,0.000000,0.000000,0.000000,-90.560000,0.180000,-0.370000,0.000000,48.000000,41.410000
1779334254.889176,0,0.000000,0.000000,0.000000,0.000000,-90.560000,0.180000,-0.370000,0.000000,48.000000,41.430000
1779334254.889676,0,0.000000,0.000000,0.000000,0.000000,-90.560000,0.180000,-0.370000,0.000000,48.000000,41.430000
1779334254.889676,0,0.000000,0.000000,0.000000,0.000000,-90.560000,0.180000,-0.370000,0.000000,48.000000,41.450000
1779334254.929676,0,0.000000,0.000000,0.000000,0.000000,-90.560000,0.180000,-0.370000,0.000000,48.000000,41.450000
1779334254.930178,0,0.000000,0.000000,0.000000,0.000000,-57.220000,0.180000,-0.370000,0.000000,48.000000,41.470000
1779334254.930677,0,0.000000,0.000000,0.000000,0.000000,-57.220000,0.180000,-0.370000,0.000000,48.000000,41.470000
1779334254.931177,0,0.000000,0.000000,0.000000,0.000000,-57.220000,0.180000,-0.370000,0.000000,48.000000,41.490000
1779334254.931677,0,0.000000,0.000000,0.000000,0.000000,-57.220000,0.180000,-0.370000,0.000000,48.000000,41.500000
1779334254.932177,0,0.000000,0.000000,0.000000,0.000000,-57.220000,0.180000,-0.370000,0.000000,48.000000,41.520000
1779334254.970177,0,0.000000,0.000000,0.000000,0.000000,-47.090000,0.180000,-0.370000,0.000000,48.000000,41.520000
1779334254.971176,0,0.000000,0.000000,0.000000,0.000000,-47.090000,0.180000,-0.370000,0.000000,48.000000,41.540000
1779334254.992677,0,0.000000,0.000000,0.000000,0.000000,-47.090000,0.180000,-0.370000,0.000000,48.000000,41.540000
1779334254.993677,0,0.000000,0.000000,0.000000,0.000000,-47.090000,0.180000,-0.370000,0.000000,48.000000,41.540000
1779334255.015177,0,0.000000,0.000000,0.000000,0.000000,-47.090000,0.180000,-0.370000,0.000000,48.000000,41.560000
1779334255.015677,0,0.000000,0.000000,0.000000,0.000000,-47.090000,0.180000,-0.370000,0.000000,48.000000,41.580000
1779334255.038177,0,0.000000,0.000000,0.000000,0.000000,-47.090000,0.180000,-0.370000,0.000000,48.000000,41.590000
1779334255.038677,0,0.000000,0.000000,0.000000,0.000000,-47.090000,0.180000,-0.370000,0.000000,48.000000,41.590000
1779334255.059677,0,0.000000,0.000000,0.000000,0.000000,-47.090000,0.180000,-0.370000,0.000000,48.000000,41.610000
1779334255.060677,0,0.000000,0.000000,0.000000,0.000000,-47.090000,0.180000,-0.370000,0.000000,48.000000,41.610000
1779334255.083177,0,0.000000,0.000000,0.000000,0.000000,-31.760000,0.180000,-0.370000,0.000000,49.000000,41.630000
1779334255.083678,0,0.000000,0.000000,0.000000,0.000000,-31.760000,0.180000,-0.370000,0.000000,49.000000,41.630000
1779334255.104176,0,0.000000,0.000000,0.000000,0.000000,-31.760000,0.180000,-0.370000,0.000000,49.000000,41.650000
1779334255.126177,0,0.000000,0.000000,0.000000,0.000000,-31.760000,0.180000,-0.370000,0.000000,49.000000,41.650000
1779334255.127177,0,0.000000,0.000000,0.000000,0.000000,-31.760000,0.180000,-0.370000,0.000000,49.000000,41.660000
1779334255.127177,0,0.000000,0.000000,0.000000,0.000000,38.400000,0.180000,-0.370000,0.000000,48.000000,41.680000
1779334255.149677,0,0.000000,0.000000,0.000000,0.000000,38.400000,0.180000,-0.370000,0.000000,48.000000,41.680000
1779334255.150177,0,0.000000,0.000000,0.000000,0.000000,38.400000,0.180000,-0.370000,0.000000,48.000000,41.700000
1779334255.150677,0,0.000000,0.000000,0.000000,0.000000,38.400000,0.180000,-0.370000,0.000000,48.000000,41.720000
1779334255.172176,0,0.000000,0.000000,0.000000,0.000000,38.400000,0.180000,-0.370000,0.000000,48.000000,41.720000
1779334255.173176,0,0.000000,0.000000,0.000000,0.000000,108.160000,0.180000,-0.370000,0.000000,48.000000,41.740000
1779334255.194176,0,0.000000,0.000000,0.000000,0.000000,108.160000,0.180000,-0.370000,0.000000,48.000000,41.750000
1779334255.196677,0,0.000000,0.000000,0.000000,0.000000,108.160000,0.180000,-0.370000,0.000000,48.000000,41.750000
1779334255.236677,0,0.000000,0.000000,0.000000,0.000000,108.160000,0.180000,-0.370000,0.000000,48.000000,41.770000
1779334255.237177,0,0.000000,0.000000,0.000000,0.000000,108.160000,0.180000,-0.370000,0.000000,48.000000,41.770000
1779334255.237677,0,0.000000,0.000000,0.000000,0.000000,150.000000,0.180000,-0.370000,0.000000,48.000000,41.790000
1779334255.238177,0,0.000000,0.000000,0.000000,0.000000,150.000000,0.180000,-0.370000,0.000000,48.000000,41.790000
1779334255.276677,0,0.000000,0.000000,0.000000,0.000000,150.000000,0.180000,-0.370000,0.000000,48.000000,41.810000
1779334255.277176,0,0.000000,0.000000,0.000000,0.000000,150.000000,0.180000,-0.370000,0.000000,48.000000,41.810000
1779334255.278176,0,0.000000,0.000000,0.000000,0.000000,150.000000,0.180000,-0.370000,0.000000,48.000000,41.840000
1779334255.278176,0,0.000000,0.000000,0.000000,0.000000,150.000000,0.180000,-0.370000,0.000000,48.000000,41.840000
1779334255.278676,0,0.000000,0.000000,0.000000,0.000000,150.000000,0.180000,-0.370000,0.000000,48.000000,41.860000
1779334255.319178,0,0.000000,0.000000,0.000000,0.000000,150.000000,0.180000,-0.370000,0.000000,48.000000,41.860000
1779334255.319677,0,0.000000,0.000000,0.000000,0.000000,150.000000,0.180000,-0.370000,0.000000,48.000000,41.880000
1779334255.327177,0,0.000000,0.000000,0.000000,0.000000,165.300000,0.180000,-0.370000,0.000000,51.000000,41.880000
1779334255.327678,0,0.000000,0.000000,0.000000,0.000000,165.300000,0.180000,-0.370000,0.000000,51.000000,41.900000
1779334255.359178,0,0.000000,0.000000,0.000000,0.000000,165.300000,0.180000,-0.370000,0.000000,51.000000,41.900000
1779334255.360178,0,0.000000,0.000000,0.000000,0.000000,165.300000,0.180000,-0.370000,0.000000,51.000000,41.910000
1779334255.360712,0,0.000000,0.000000,0.000000,0.000000,165.300000,0.180000,-0.370000,0.000000,51.000000,41.930000
1779334255.391677,0,0.000000,0.000000,0.000000,0.000000,165.300000,0.180000,-0.370000,0.000000,51.000000,41.930000
1779334255.394676,0,0.000000,0.000000,0.000000,0.000000,165.300000,0.180000,-0.370000,0.000000,51.000000,41.950000
1779334255.395176,0,0.000000,0.000000,0.000000,0.000000,165.300000,0.180000,-0.370000,0.000000,51.000000,41.950000
1779334255.408177,0,0.000000,0.000000,0.000000,0.000000,165.300000,0.180000,-0.370000,0.000000,51.000000,41.970000
1779334255.410678,0,0.000000,0.000000,0.000000,0.000000,165.300000,0.180000,-0.370000,0.000000,51.000000,41.970000
1779334255.411176,0,0.000000,0.000000,0.000000,0.000000,59.750000,0.180000,-0.370000,0.000000,51.000000,42.000000
1779334255.429176,0,0.000000,0.000000,0.000000,0.000000,59.750000,0.180000,-0.370000,0.000000,51.000000,42.000000
1779334255.430176,0,0.000000,0.000000,0.000000,0.000000,59.750000,0.180000,-0.370000,0.000000,51.000000,42.020000
1779334255.444676,0,0.000000,0.000000,0.000000,0.000000,59.750000,0.180000,-0.370000,0.000000,51.000000,42.020000
1779334255.473676,0,0.000000,0.000000,0.000000,0.000000,59.750000,0.180000,-0.370000,0.000000,51.000000,42.040000
1779334255.473676,0,0.000000,0.000000,0.000000,0.000000,-84.800000,0.180000,-0.370000,0.000000,48.000000,42.040000
1779334255.481677,0,0.000000,0.000000,0.000000,0.000000,-84.800000,0.180000,-0.370000,0.000000,48.000000,42.060000
1779334255.482676,0,0.000000,0.000000,0.000000,0.000000,-84.800000,0.180000,-0.370000,0.000000,48.000000,42.060000
1779334255.489176,0,0.000000,0.000000,0.000000,0.000000,-84.800000,0.180000,-0.370000,0.000000,48.000000,42.080000
1779334255.511677,0,0.000000,0.000000,0.000000,0.000000,-84.800000,0.180000,-0.370000,0.000000,48.000000,42.090000
1779334255.522177,0,0.000000,0.000000,0.000000,0.000000,-171.080000,0.250000,-0.310000,0.000000,48.000000,42.090000
1779334255.527176,0,0.000000,0.000000,0.000000,0.000000,-171.080000,0.250000,-0.310000,0.000000,48.000000,42.110000
1779334255.534676,0,0.000000,0.000000,0.000000,0.000000,-171.080000,0.250000,-0.310000,0.000000,48.000000,42.110000
1779334255.572676,0,0.000000,0.000000,0.000000,0.000000,-171.080000,0.250000,-0.310000,0.000000,48.000000,42.130000
1779334255.579676,0,0.000000,0.000000,0.000000,0.000000,-171.080000,0.250000,-0.310000,0.000000,48.000000,42.130000
1779334255.588176,0,0.000000,0.000000,0.000000,0.000000,-249.890000,0.230000,-0.340000,0.000000,48.000000,42.150000
1779334255.588176,0,0.000000,0.000000,0.000000,0.000000,-249.890000,0.230000,-0.340000,0.000000,48.000000,42.160000
1779334255.617676,0,0.000000,0.000000,0.000000,0.000000,-249.890000,0.230000,-0.340000,0.000000,48.000000,42.180000
1779334255.624678,0,0.000000,0.000000,0.000000,0.000000,-249.890000,0.230000,-0.340000,0.000000,48.000000,42.180000
1779334255.625677,0,0.000000,0.000000,0.000000,0.000000,-249.890000,0.230000,-0.340000,0.000000,48.000000,42.200000
1779334255.640677,0,0.000000,0.000000,0.000000,0.000000,-267.520000,0.200000,-0.340000,0.000000,48.000000,42.220000
1779334255.654176,0,0.000000,0.000000,0.000000,0.000000,-267.520000,0.200000,-0.340000,0.000000,48.000000,42.220000
1779334255.675176,0,0.000000,0.000000,0.000000,0.000000,-267.520000,0.200000,-0.340000,0.000000,48.000000,42.240000
1779334255.675675,0,0.000000,0.000000,0.000000,0.000000,-276.200000,0.200000,-0.360000,0.000000,48.000000,42.250000
1779334255.684176,0,0.000000,0.000000,0.000000,0.000000,-276.200000,0.200000,-0.360000,0.000000,48.000000,42.270000
1779334255.692176,0,0.000000,0.000000,0.000000,0.000000,-276.200000,0.200000,-0.360000,0.000000,48.000000,42.270000
1779334255.699178,0,0.000000,0.000000,0.000000,0.000000,-276.200000,0.200000,-0.360000,0.000000,48.000000,42.290000
1779334255.742677,0,0.000000,0.000000,0.000000,0.000000,-276.200000,0.200000,-0.360000,0.000000,48.000000,42.290000
1779334255.750177,0,0.000000,0.000000,0.000000,0.000000,-309.820000,0.180000,-0.370000,0.000000,48.000000,42.310000
1779334255.750677,0,0.000000,0.000000,0.000000,0.000000,-309.820000,0.180000,-0.370000,0.000000,48.000000,42.310000
1779334255.759176,0,0.000000,0.000000,0.000000,0.000000,-309.820000,0.180000,-0.370000,0.000000,48.000000,42.340000
1779334255.767176,0,0.000000,0.000000,0.000000,0.000000,-309.820000,0.180000,-0.370000,0.000000,48.000000,42.340000
1779334255.775678,0,0.000000,0.000000,0.000000,0.000000,216.910000,0.180000,-0.370000,0.000000,48.000000,42.360000
1779334255.781677,0,0.000000,0.000000,0.000000,0.000000,216.910000,0.180000,-0.370000,0.000000,48.000000,42.360000
1779334255.789176,0,0.000000,0.000000,0.000000,0.000000,216.910000,0.180000,-0.370000,0.000000,48.000000,42.380000
1779334255.812176,0,0.000000,0.000000,0.000000,0.000000,216.910000,0.180000,-0.370000,0.000000,48.000000,42.380000
1779334255.820176,0,0.000000,0.000000,0.000000,0.000000,216.910000,0.180000,-0.370000,0.000000,48.000000,42.400000
1779334255.828176,0,0.000000,0.000000,0.000000,0.000000,-85.410000,0.180000,-0.370000,0.000000,48.000000,42.400000
1779334255.834176,0,0.000000,0.000000,0.000000,0.000000,-85.410000,0.180000,-0.370000,0.000000,48.000000,42.410000
1779334255.842176,0,0.000000,0.000000,0.000000,0.000000,-85.410000,0.180000,-0.370000,0.000000,48.000000,42.430000
1779334255.857676,0,0.000000,0.000000,0.000000,0.000000,-85.410000,0.180000,-0.370000,0.000000,48.000000,42.430000
1779334255.871177,0,0.000000,0.000000,0.000000,0.000000,-85.410000,0.180000,-0.370000,0.000000,48.000000,42.450000
1779334255.887177,0,0.000000,0.000000,0.000000,0.000000,-119.380000,0.170000,-0.370000,0.000000,48.000000,42.470000
1779334255.894676,0,0.000000,0.000000,0.000000,0.000000,-119.380000,0.170000,-0.370000,0.000000,48.000000,42.470000
1779334255.901676,0,0.000000,0.000000,0.000000,0.000000,-119.380000,0.170000,-0.370000,0.000000,48.000000,42.490000
1779334255.909176,0,0.000000,0.000000,0.000000,0.000000,-119.380000,0.170000,-0.370000,0.000000,48.000000,42.500000
1779334255.942850,0,0.000000,0.000000,0.000000,0.000000,78.450000,0.170000,-0.370000,0.000000,48.000000,42.520000
1779334255.943856,0,0.000000,0.000000,0.000000,0.000000,78.450000,0.170000,-0.370000,0.000000,48.000000,42.520000
1779334255.954585,0,0.000000,0.000000,0.000000,0.000000,78.450000,0.170000,-0.370000,0.000000,48.000000,42.540000
1779334255.956084,0,0.000000,0.000000,0.000000,0.000000,78.450000,0.170000,-0.370000,0.000000,48.000000,42.540000
1779334255.994588,0,0.000000,0.000000,0.000000,0.000000,135.970000,0.180000,-0.370000,0.000000,48.000000,42.580000
1779334255.999087,0,0.000000,0.000000,0.000000,0.000000,135.970000,0.180000,-0.370000,0.000000,48.000000,42.590000
1779334256.007087,0,0.000000,0.000000,0.000000,0.000000,135.970000,0.180000,-0.370000,0.000000,48.000000,42.590000
1779334256.037087,0,0.000000,0.000000,0.000000,0.000000,135.970000,0.180000,-0.370000,0.000000,48.000000,42.610000
1779334256.050587,0,0.000000,0.000000,0.000000,0.000000,150.630000,0.200000,-0.370000,0.000000,48.000000,42.610000
1779334256.060587,0,0.000000,0.000000,0.000000,0.000000,150.630000,0.200000,-0.370000,0.000000,48.000000,42.630000
1779334256.061087,0,0.000000,0.000000,0.000000,0.000000,150.630000,0.200000,-0.370000,0.000000,48.000000,42.630000
1779334256.061587,0,0.000000,0.000000,0.000000,0.000000,150.630000,0.200000,-0.370000,0.000000,48.000000,42.650000
1779334256.093087,0,0.000000,0.000000,0.000000,0.000000,150.630000,0.200000,-0.370000,0.000000,48.000000,42.650000
1779334256.093587,0,0.000000,0.000000,0.000000,0.000000,-41.290000,0.210000,-0.360000,0.000000,48.000000,42.660000
1779334256.094087,0,0.000000,0.000000,0.000000,0.000000,-41.290000,0.210000,-0.360000,0.000000,48.000000,42.680000
1779334256.104587,0,0.000000,0.000000,0.000000,0.000000,-41.290000,0.210000,-0.360000,0.000000,48.000000,42.680000
1779334256.112088,0,0.000000,0.000000,0.000000,0.000000,-41.290000,0.210000,-0.360000,0.000000,48.000000,42.700000
1779334256.151587,0,0.000000,0.000000,0.000000,0.000000,201.800000,0.250000,-0.330000,0.000000,48.000000,42.720000
1779334256.179088,0,0.000000,0.000000,0.000000,0.000000,201.800000,0.250000,-0.330000,0.000000,48.000000,42.720000
1779334256.180587,0,0.000000,0.000000,0.000000,0.000000,201.800000,0.250000,-0.330000,0.000000,48.000000,42.750000
1779334256.181087,0,0.000000,0.000000,0.000000,0.000000,201.800000,0.250000,-0.330000,0.000000,48.000000,42.750000
1779334256.226089,0,0.000000,0.000000,0.000000,0.000000,-231.020000,0.270000,-0.300000,0.000000,48.000000,42.770000
1779334256.226587,0,0.000000,0.000000,0.000000,0.000000,-231.020000,0.270000,-0.300000,0.000000,48.000000,42.790000
1779334256.237587,0,0.000000,0.000000,0.000000,0.000000,-231.020000,0.270000,-0.300000,0.000000,48.000000,42.790000
1779334256.239588,0,0.000000,0.000000,0.000000,0.000000,-67.900000,0.280000,-0.270000,0.000000,48.000000,42.830000
1779334256.262087,0,0.000000,0.000000,0.000000,0.000000,-67.900000,0.280000,-0.270000,0.000000,48.000000,42.840000
1779334256.263087,0,0.000000,0.000000,0.000000,0.000000,-67.900000,0.280000,-0.270000,0.000000,48.000000,42.840000
1779334256.269587,0,0.000000,0.000000,0.000000,0.000000,-67.900000,0.280000,-0.270000,0.000000,48.000000,42.860000
1779334256.305087,0,0.000000,0.000000,0.000000,0.000000,114.440000,0.280000,-0.230000,0.000000,48.000000,42.880000
1779334256.305087,0,0.000000,0.000000,0.000000,0.000000,114.440000,0.280000,-0.230000,0.000000,48.000000,42.880000
1779334256.320587,0,0.000000,0.000000,0.000000,0.000000,114.440000,0.280000,-0.230000,0.000000,48.000000,42.900000
1779334256.337087,0,0.000000,0.000000,0.000000,0.000000,114.440000,0.280000,-0.230000,0.000000,48.000000,42.900000
1779334256.344087,0,0.000000,0.000000,0.000000,0.000000,114.440000,0.280000,-0.230000,0.000000,48.000000,42.910000
1779334256.374597,0,0.000000,0.000000,0.000000,0.000000,-87.950000,0.310000,-0.170000,0.000000,48.000000,42.930000
1779334256.375087,0,0.000000,0.000000,0.000000,0.000000,-87.950000,0.310000,-0.170000,0.000000,48.000000,42.930000
1779334256.383587,0,0.000000,0.000000,0.000000,0.000000,-87.950000,0.310000,-0.170000,0.000000,48.000000,42.950000
1779334256.383587,0,0.000000,0.000000,0.000000,0.000000,-87.950000,0.310000,-0.170000,0.000000,48.000000,42.950000
1779334256.411587,0,0.000000,0.000000,0.000000,0.000000,96.330000,0.330000,-0.100000,0.000000,48.000000,42.970000
1779334256.420587,0,0.000000,0.000000,0.000000,0.000000,96.330000,0.330000,-0.100000,0.000000,48.000000,42.990000
1779334256.421588,0,0.000000,0.000000,0.000000,0.000000,96.330000,0.330000,-0.100000,0.000000,48.000000,43.000000
1779334256.434087,0,0.000000,0.000000,0.000000,0.000000,96.330000,0.330000,-0.100000,0.000000,48.000000,43.000000
1779334256.443087,0,0.000000,0.000000,0.000000,0.000000,96.330000,0.330000,-0.100000,0.000000,48.000000,43.020000
1779334256.479087,0,0.000000,0.000000,0.000000,0.000000,-83.910000,0.340000,-0.020000,0.000000,48.000000,43.040000
1779334256.480587,0,0.000000,0.000000,0.000000,0.000000,-83.910000,0.340000,-0.020000,0.000000,48.000000,43.040000
1779334256.493587,0,0.000000,0.000000,0.000000,0.000000,-83.910000,0.340000,-0.020000,0.000000,48.000000,43.060000
1779334256.494587,0,0.000000,0.000000,0.000000,0.000000,-83.910000,0.340000,-0.020000,0.000000,48.000000,43.060000
1779334256.495587,0,0.000000,0.000000,0.000000,0.000000,-83.910000,0.340000,-0.020000,0.000000,48.000000,43.080000
1779334256.509088,0,0.000000,0.000000,0.000000,0.000000,-59.080000,0.370000,0.030000,0.000000,48.000000,43.090000
1779334256.510087,0,0.000000,0.000000,0.000000,0.000000,-59.080000,0.370000,0.030000,0.000000,48.000000,43.090000
1779334256.532587,0,0.000000,0.000000,0.000000,0.000000,-59.080000,0.370000,0.030000,0.000000,48.000000,43.110000
1779334256.533587,0,0.000000,0.000000,0.000000,0.000000,-59.080000,0.370000,0.030000,0.000000,48.000000,43.110000
1779334256.554588,0,0.000000,0.000000,0.000000,0.000000,-59.080000,0.370000,0.030000,0.000000,48.000000,43.130000
1779334256.555087,0,0.000000,0.000000,0.000000,0.000000,167.520000,0.360000,0.050000,0.000000,48.000000,43.130000
1779334256.562087,0,0.000000,0.000000,0.000000,0.000000,167.520000,0.360000,0.050000,0.000000,48.000000,43.150000
1779334256.569689,0,0.000000,0.000000,0.000000,0.000000,167.520000,0.360000,0.050000,0.000000,48.000000,43.150000
1779334256.585088,0,0.000000,0.000000,0.000000,0.000000,167.520000,0.360000,0.050000,0.000000,48.000000,43.160000
1779334256.614087,0,0.000000,0.000000,0.000000,0.000000,167.520000,0.360000,0.050000,0.000000,48.000000,43.180000
1779334256.614587,0,0.000000,0.000000,0.000000,0.000000,-56.270000,0.310000,0.010000,0.000000,48.000000,43.180000
1779334256.615587,0,0.000000,0.000000,0.000000,0.000000,-56.270000,0.310000,0.010000,0.000000,48.000000,43.200000
1779334256.629589,0,0.000000,0.000000,0.000000,0.000000,-56.270000,0.310000,0.010000,0.000000,48.000000,43.200000
1779334256.637087,0,0.000000,0.000000,0.000000,0.000000,-56.270000,0.310000,0.010000,0.000000,48.000000,43.220000
1779334256.658087,0,0.000000,0.000000,0.000000,0.000000,-56.270000,0.310000,0.010000,0.000000,48.000000,43.220000
1779334256.666587,0,0.000000,0.000000,0.000000,0.000000,169.720000,0.280000,0.000000,0.000000,48.000000,43.240000
1779334256.667587,0,0.000000,0.000000,0.000000,0.000000,169.720000,0.280000,0.000000,0.000000,48.000000,43.250000
1779334256.682587,0,0.000000,0.000000,0.000000,0.000000,169.720000,0.280000,0.000000,0.000000,48.000000,43.250000
1779334256.689087,0,0.000000,0.000000,0.000000,0.000000,169.720000,0.280000,0.000000,0.000000,48.000000,43.270000
1779334256.717088,0,0.000000,0.000000,0.000000,0.000000,169.720000,0.280000,0.000000,0.000000,48.000000,43.270000
1779334256.725587,0,0.000000,0.000000,0.000000,0.000000,-94.090000,0.250000,-0.050000,0.000000,48.000000,43.290000
1779334256.727088,0,0.000000,0.000000,0.000000,0.000000,-94.090000,0.250000,-0.050000,0.000000,48.000000,43.310000
1779334256.734087,0,0.000000,0.000000,0.000000,0.000000,-94.090000,0.250000,-0.050000,0.000000,48.000000,43.310000
1779334256.749587,0,0.000000,0.000000,0.000000,0.000000,-94.090000,0.250000,-0.050000,0.000000,48.000000,43.330000
1779334256.787087,0,0.000000,0.000000,0.000000,0.000000,178.110000,0.200000,-0.100000,0.000000,48.000000,43.340000
1779334256.788087,0,0.000000,0.000000,0.000000,0.000000,178.110000,0.200000,-0.100000,0.000000,48.000000,43.360000
1779334256.788587,0,0.000000,0.000000,0.000000,0.000000,178.110000,0.200000,-0.100000,0.000000,48.000000,43.360000
1779334256.794087,0,0.000000,0.000000,0.000000,0.000000,178.110000,0.200000,-0.100000,0.000000,48.000000,43.380000
1779334256.825089,0,0.000000,0.000000,0.000000,0.000000,178.110000,0.200000,-0.100000,0.000000,48.000000,43.380000
1779334256.825089,0,0.000000,0.000000,0.000000,0.000000,112.590000,0.170000,-0.140000,0.000000,48.000000,43.400000
1779334256.839587,0,0.000000,0.000000,0.000000,0.000000,112.590000,0.170000,-0.140000,0.000000,48.000000,43.410000
1779334256.840087,0,0.000000,0.000000,0.000000,0.000000,112.590000,0.170000,-0.140000,0.000000,48.000000,43.430000
1779334256.847087,0,0.000000,0.000000,0.000000,0.000000,112.590000,0.170000,-0.140000,0.000000,48.000000,43.430000
1779334256.897587,0,0.000000,0.000000,0.000000,0.000000,286.440000,0.140000,-0.180000,0.000000,48.000000,43.450000
1779334256.898087,0,0.000000,0.000000,0.000000,0.000000,286.440000,0.140000,-0.180000,0.000000,48.000000,43.470000
1779334256.907087,0,0.000000,0.000000,0.000000,0.000000,286.440000,0.140000,-0.180000,0.000000,48.000000,43.470000
1779334256.907587,0,0.000000,0.000000,0.000000,0.000000,286.440000,0.140000,-0.180000,0.000000,48.000000,43.490000
1779334256.929587,0,0.000000,0.000000,0.000000,0.000000,-75.190000,0.110000,-0.210000,0.000000,48.000000,43.500000
1779334256.939087,0,0.000000,0.000000,0.000000,0.000000,-75.190000,0.110000,-0.210000,0.000000,48.000000,43.520000
1779334256.952587,0,0.000000,0.000000,0.000000,0.000000,-75.190000,0.110000,-0.210000,0.000000,48.000000,43.520000
1779334256.966087,0,0.000000,0.000000,0.000000,0.000000,-75.190000,0.110000,-0.210000,0.000000,48.000000,43.540000
1779334256.975589,0,0.000000,0.000000,0.000000,0.000000,291.540000,0.100000,-0.230000,0.000000,48.000000,43.560000
1779334256.981587,0,0.000000,0.000000,0.000000,0.000000,291.540000,0.100000,-0.230000,0.000000,48.000000,43.560000
1779334257.004089,0,0.000000,0.000000,0.000000,0.000000,291.540000,0.100000,-0.230000,0.000000,48.000000,43.580000
1779334257.011588,0,0.000000,0.000000,0.000000,0.000000,291.540000,0.100000,-0.230000,0.000000,48.000000,43.590000
1779334257.026587,0,0.000000,0.000000,0.000000,0.000000,291.540000,0.100000,-0.230000,0.000000,48.000000,43.590000
1779334257.040087,0,0.000000,0.000000,0.000000,0.000000,86.090000,0.090000,-0.250000,0.000000,48.000000,43.630000
1779334257.050236,0,0.000000,0.000000,0.000000,0.000000,86.090000,0.090000,-0.250000,0.000000,48.000000,43.630000
1779334257.080087,0,0.000000,0.000000,0.000000,0.000000,-43.930000,0.070000,-0.280000,0.000000,48.000000,43.650000
1779334257.090087,0,0.000000,0.000000,0.000000,0.000000,-43.930000,0.070000,-0.280000,0.000000,48.000000,43.660000
1779334257.091087,0,0.000000,0.000000,0.000000,0.000000,-43.930000,0.070000,-0.280000,0.000000,48.000000,43.680000
1779334257.101587,0,0.000000,0.000000,0.000000,0.000000,-43.930000,0.070000,-0.280000,0.000000,48.000000,43.680000
1779334257.117587,0,0.000000,0.000000,0.000000,0.000000,-43.930000,0.070000,-0.280000,0.000000,48.000000,43.700000
1779334257.143087,0,0.000000,0.000000,0.000000,0.000000,50.020000,0.070000,-0.280000,0.000000,48.000000,43.720000
1779334257.153587,0,0.000000,0.000000,0.000000,0.000000,50.020000,0.070000,-0.280000,0.000000,48.000000,43.720000
1779334257.154587,0,0.000000,0.000000,0.000000,0.000000,50.020000,0.070000,-0.280000,0.000000,48.000000,43.740000
1779334257.184087,0,0.000000,0.000000,0.000000,0.000000,50.020000,0.070000,-0.280000,0.000000,48.000000,43.750000
1779334257.184588,0,0.000000,0.000000,0.000000,0.000000,296.700000,0.100000,-0.310000,0.000000,48.000000,43.770000
1779334257.194088,0,0.000000,0.000000,0.000000,0.000000,296.700000,0.100000,-0.310000,0.000000,48.000000,43.770000
1779334257.207087,0,0.000000,0.000000,0.000000,0.000000,296.700000,0.100000,-0.310000,0.000000,48.000000,43.790000
1779334257.208087,0,0.000000,0.000000,0.000000,0.000000,296.700000,0.100000,-0.310000,0.000000,48.000000,43.790000
1779334257.237586,0,0.000000,0.000000,0.000000,0.000000,296.700000,0.100000,-0.310000,0.000000,48.000000,43.810000
1779334257.246087,0,0.000000,0.000000,0.000000,0.000000,32.430000,0.120000,-0.340000,0.000000,48.000000,43.810000
1779334257.252589,0,0.000000,0.000000,0.000000,0.000000,32.430000,0.120000,-0.340000,0.000000,48.000000,43.830000
1779334257.253587,0,0.000000,0.000000,0.000000,0.000000,32.430000,0.120000,-0.340000,0.000000,48.000000,43.840000
1779334257.266587,0,0.000000,0.000000,0.000000,0.000000,32.430000,0.120000,-0.340000,0.000000,48.000000,43.840000
1779334257.274087,0,0.000000,0.000000,0.000000,0.000000,32.430000,0.120000,-0.340000,0.000000,48.000000,43.860000
1779334257.290587,0,0.000000,0.000000,0.000000,0.000000,-200.440000,0.200000,-0.370000,0.000000,48.000000,43.860000
1779334257.304087,0,0.000000,0.000000,0.000000,0.000000,-200.440000,0.200000,-0.370000,0.000000,48.000000,43.880000
1779334257.304587,0,0.000000,0.000000,0.000000,0.000000,-200.440000,0.200000,-0.370000,0.000000,48.000000,43.880000
1779334257.312087,0,0.000000,0.000000,0.000000,0.000000,-200.440000,0.200000,-0.370000,0.000000,48.000000,43.900000
1779334257.319087,0,0.000000,0.000000,0.000000,0.000000,-200.440000,0.200000,-0.370000,0.000000,48.000000,43.900000
1779334257.342088,0,0.000000,0.000000,0.000000,0.000000,-26.720000,0.280000,-0.370000,0.000000,48.000000,43.910000
1779334257.343086,0,0.000000,0.000000,0.000000,0.000000,-26.720000,0.280000,-0.370000,0.000000,48.000000,43.930000
1779334257.349088,0,0.000000,0.000000,0.000000,0.000000,-26.720000,0.280000,-0.370000,0.000000,48.000000,43.930000
1779334257.364588,0,0.000000,0.000000,0.000000,0.000000,-26.720000,0.280000,-0.370000,0.000000,48.000000,43.950000
1779334257.401087,0,0.000000,0.000000,0.000000,0.000000,-26.720000,0.280000,-0.370000,0.000000,48.000000,43.950000
1779334257.402087,0,0.000000,0.000000,0.000000,0.000000,2.000000,0.340000,-0.380000,0.000000,48.000000,43.970000
1779334257.410587,0,0.000000,0.000000,0.000000,0.000000,2.000000,0.340000,-0.380000,0.000000,48.000000,43.970000
1779334257.411087,0,0.000000,0.000000,0.000000,0.000000,2.000000,0.340000,-0.380000,0.000000,48.000000,43.990000
1779334257.416587,0,0.000000,0.000000,0.000000,0.000000,2.000000,0.340000,-0.380000,0.000000,48.000000,44.000000
1779334257.432087,0,0.000000,0.000000,0.000000,0.000000,2.000000,0.340000,-0.380000,0.000000,48.000000,44.000000
1779334257.446587,0,0.000000,0.000000,0.000000,0.000000,-311.220000,0.380000,-0.380000,0.000000,48.000000,44.020000
1779334257.447587,0,0.000000,0.000000,0.000000,0.000000,-311.220000,0.380000,-0.380000,0.000000,48.000000,44.020000
1779334257.455087,0,0.000000,0.000000,0.000000,0.000000,-311.220000,0.380000,-0.380000,0.000000,48.000000,44.040000
1779334257.469088,0,0.000000,0.000000,0.000000,0.000000,-311.220000,0.380000,-0.380000,0.000000,48.000000,44.040000
1779334257.492588,0,0.000000,0.000000,0.000000,0.000000,-311.220000,0.380000,-0.380000,0.000000,48.000000,44.060000
1779334257.502088,0,0.000000,0.000000,0.000000,0.000000,59.220000,0.410000,-0.370000,0.000000,48.000000,44.080000
1779334257.503087,0,0.000000,0.000000,0.000000,0.000000,59.220000,0.410000,-0.370000,0.000000,48.000000,44.090000
1779334257.506587,0,0.000000,0.000000,0.000000,0.000000,59.220000,0.410000,-0.370000,0.000000,48.000000,44.090000
1779334257.522089,0,0.000000,0.000000,0.000000,0.000000,59.220000,0.410000,-0.370000,0.000000,48.000000,44.110000
1779334257.537087,0,0.000000,0.000000,0.000000,0.000000,59.220000,0.410000,-0.370000,0.000000,48.000000,44.110000
1779334257.544586,0,0.000000,0.000000,0.000000,0.000000,-104.040000,0.440000,-0.330000,0.000000,48.000000,44.130000
1779334257.553087,0,0.000000,0.000000,0.000000,0.000000,-104.040000,0.440000,-0.330000,0.000000,48.000000,44.130000
1779334257.575087,0,0.000000,0.000000,0.000000,0.000000,-104.040000,0.440000,-0.330000,0.000000,48.000000,44.150000
1779334257.597087,0,0.000000,0.000000,0.000000,0.000000,-104.040000,0.440000,-0.330000,0.000000,48.000000,44.150000
1779334257.611087,0,0.000000,0.000000,0.000000,0.000000,-104.040000,0.440000,-0.330000,0.000000,48.000000,44.160000
1779334257.619587,0,0.000000,0.000000,0.000000,0.000000,20.010000,0.460000,-0.270000,0.000000,48.000000,44.180000
1779334257.628587,0,0.000000,0.000000,0.000000,0.000000,20.010000,0.460000,-0.270000,0.000000,48.000000,44.180000
1779334257.629087,0,0.000000,0.000000,0.000000,0.000000,20.010000,0.460000,-0.270000,0.000000,48.000000,44.200000
1779334257.630087,0,0.000000,0.000000,0.000000,0.000000,20.010000,0.460000,-0.270000,0.000000,48.000000,44.200000
1779334257.657609,0,0.000000,0.000000,0.000000,0.000000,20.010000,0.460000,-0.270000,0.000000,48.000000,44.220000
1779334257.658108,0,0.000000,0.000000,0.000000,0.000000,278.300000,0.500000,-0.200000,0.000000,48.000000,44.240000
1779334257.664607,0,0.000000,0.000000,0.000000,0.000000,278.300000,0.500000,-0.200000,0.000000,48.000000,44.250000
1779334257.671608,0,0.000000,0.000000,0.000000,0.000000,278.300000,0.500000,-0.200000,0.000000,48.000000,44.250000
1779334257.703107,0,0.000000,0.000000,0.000000,0.000000,278.300000,0.500000,-0.200000,0.000000,48.000000,44.270000
1779334257.703607,0,0.000000,0.000000,0.000000,0.000000,-72.080000,0.510000,-0.140000,0.000000,48.000000,44.270000
1779334257.712606,0,0.000000,0.000000,0.000000,0.000000,-72.080000,0.510000,-0.140000,0.000000,48.000000,44.290000
1779334257.717107,0,0.000000,0.000000,0.000000,0.000000,-72.080000,0.510000,-0.140000,0.000000,48.000000,44.290000
1779334257.732106,0,0.000000,0.000000,0.000000,0.000000,-72.080000,0.510000,-0.140000,0.000000,48.000000,44.310000
1779334257.754607,0,0.000000,0.000000,0.000000,0.000000,-72.080000,0.510000,-0.140000,0.000000,48.000000,44.310000
1779334257.755108,0,0.000000,0.000000,0.000000,0.000000,-72.080000,0.510000,-0.140000,0.000000,48.000000,44.340000
1779334257.764106,0,0.000000,0.000000,0.000000,0.000000,-72.080000,0.510000,-0.140000,0.000000,48.000000,44.340000
1779334257.784607,0,0.000000,0.000000,0.000000,0.000000,-72.080000,0.510000,-0.140000,0.000000,48.000000,44.360000
1779334257.785606,0,0.000000,0.000000,0.000000,0.000000,-72.080000,0.510000,-0.140000,0.000000,48.000000,44.360000
1779334257.799606,0,0.000000,0.000000,0.000000,0.000000,-72.080000,0.510000,-0.140000,0.000000,48.000000,44.380000
1779334257.815608,0,0.000000,0.000000,0.000000,0.000000,-130.000000,0.540000,-0.050000,0.000000,51.000000,44.400000
1779334257.816107,0,0.000000,0.000000,0.000000,0.000000,-130.000000,0.540000,-0.050000,0.000000,51.000000,44.400000
1779334257.829606,0,0.000000,0.000000,0.000000,0.000000,-130.000000,0.540000,-0.050000,0.000000,51.000000,44.410000
1779334257.844108,0,0.000000,0.000000,0.000000,0.000000,-130.000000,0.540000,-0.050000,0.000000,51.000000,44.410000
1779334257.853607,0,0.000000,0.000000,0.000000,0.000000,22.450000,0.550000,0.020000,0.000000,48.000000,44.430000
1779334257.859106,0,0.000000,0.000000,0.000000,0.000000,22.450000,0.550000,0.020000,0.000000,48.000000,44.450000
1779334257.874606,0,0.000000,0.000000,0.000000,0.000000,22.450000,0.550000,0.020000,0.000000,48.000000,44.450000
1779334257.889107,0,0.000000,0.000000,0.000000,0.000000,22.450000,0.550000,0.020000,0.000000,48.000000,44.470000
1779334257.896607,0,0.000000,0.000000,0.000000,0.000000,22.450000,0.550000,0.020000,0.000000,48.000000,44.470000
1779334257.910607,0,0.000000,0.000000,0.000000,0.000000,22.450000,0.550000,0.020000,0.000000,48.000000,44.490000
1779334257.919608,0,0.000000,0.000000,0.000000,0.000000,101.750000,0.540000,0.030000,0.000000,48.000000,44.500000
1779334257.921107,0,0.000000,0.000000,0.000000,0.000000,101.750000,0.540000,0.030000,0.000000,48.000000,44.500000
1779334257.934607,0,0.000000,0.000000,0.000000,0.000000,101.750000,0.540000,0.030000,0.000000,48.000000,44.520000
1779334257.935608,0,0.000000,0.000000,0.000000,0.000000,101.750000,0.540000,0.030000,0.000000,48.000000,44.520000
1779334257.964107,0,0.000000,0.000000,0.000000,0.000000,-170.850000,0.520000,0.020000,0.000000,48.000000,44.540000
1779334257.979606,0,0.000000,0.000000,0.000000,0.000000,-170.850000,0.520000,0.020000,0.000000,48.000000,44.540000
1779334257.981108,0,0.000000,0.000000,0.000000,0.000000,-170.850000,0.520000,0.020000,0.000000,48.000000,44.560000
1779334257.994606,0,0.000000,0.000000,0.000000,0.000000,-170.850000,0.520000,0.020000,0.000000,48.000000,44.560000
1779334258.020607,0,0.000000,0.000000,0.000000,0.000000,-323.790000,0.500000,0.020000,0.000000,48.000000,44.590000
1779334258.024107,0,0.000000,0.000000,0.000000,0.000000,-323.790000,0.500000,0.020000,0.000000,48.000000,44.610000
1779334258.032607,0,0.000000,0.000000,0.000000,0.000000,-323.790000,0.500000,0.020000,0.000000,48.000000,44.610000
1779334258.047107,0,0.000000,0.000000,0.000000,0.000000,-323.790000,0.500000,0.020000,0.000000,48.000000,44.630000
1779334258.062608,0,0.000000,0.000000,0.000000,0.000000,-323.790000,0.500000,0.020000,0.000000,48.000000,44.630000
1779334258.084107,0,0.000000,0.000000,0.000000,0.000000,-161.770000,0.500000,0.020000,0.000000,48.000000,44.650000
1779334258.085107,0,0.000000,0.000000,0.000000,0.000000,-161.770000,0.500000,0.020000,0.000000,48.000000,44.650000
1779334258.086107,0,0.000000,0.000000,0.000000,0.000000,-161.770000,0.500000,0.020000,0.000000,48.000000,44.660000
1779334258.114607,0,0.000000,0.000000,0.000000,0.000000,-161.770000,0.500000,0.020000,0.000000,48.000000,44.680000
1779334258.121607,0,0.000000,0.000000,0.000000,0.000000,-161.770000,0.500000,0.020000,0.000000,48.000000,44.680000
1779334258.130107,0,0.000000,0.000000,0.000000,0.000000,-27.540000,0.460000,0.020000,0.000000,48.000000,44.700000
1779334258.131107,0,0.000000,0.000000,0.000000,0.000000,-27.540000,0.460000,0.020000,0.000000,48.000000,44.720000
1779334258.152107,0,0.000000,0.000000,0.000000,0.000000,-27.540000,0.460000,0.020000,0.000000,48.000000,44.720000
1779334258.159107,0,0.000000,0.000000,0.000000,0.000000,-27.540000,0.460000,0.020000,0.000000,48.000000,44.740000
1779334258.168108,0,0.000000,0.000000,0.000000,0.000000,-141.100000,0.430000,0.010000,0.000000,48.000000,44.750000
1779334258.174607,0,0.000000,0.000000,0.000000,0.000000,-141.100000,0.430000,0.010000,0.000000,48.000000,44.750000
1779334258.190107,0,0.000000,0.000000,0.000000,0.000000,-141.100000,0.430000,0.010000,0.000000,48.000000,44.770000
1779334258.196607,0,0.000000,0.000000,0.000000,0.000000,-141.100000,0.430000,0.010000,0.000000,48.000000,44.770000
1779334258.226607,0,0.000000,0.000000,0.000000,0.000000,-141.100000,0.430000,0.010000,0.000000,48.000000,44.790000
1779334258.227108,0,0.000000,0.000000,0.000000,0.000000,-4.420000,0.400000,0.010000,0.000000,48.000000,44.810000
1779334258.236106,0,0.000000,0.000000,0.000000,0.000000,-4.420000,0.400000,0.010000,0.000000,48.000000,44.810000
1779334258.241609,0,0.000000,0.000000,0.000000,0.000000,-4.420000,0.400000,0.010000,0.000000,48.000000,44.830000
1779334258.270608,0,0.000000,0.000000,0.000000,0.000000,0.000000,0.000000,0.000000,0.000000,62.000000,44.840000
1779334258.280607,0,0.000000,0.000000,0.000000,0.000000,0.000000,0.000000,0.000000,0.000000,62.000000,44.860000
1779334258.287106,0,0.000000,0.000000,0.000000,0.000000,0.000000,0.000000,0.000000,0.000000,62.000000,44.860000
1779334258.302111,0,0.000000,0.000000,0.000000,0.000000,0.000000,0.000000,0.000000,0.000000,62.000000,44.880000
1779334258.336607,0,0.000000,0.000000,0.000000,0.000000,0.000000,0.000000,0.000000,0.000000,62.000000,44.900000
1779334258.337107,0,0.000000,0.000000,0.000000,0.000000,0.000000,0.000000,0.000000,0.000000,62.000000,44.910000
1779334258.346606,0,0.000000,0.000000,0.000000,0.000000,0.000000,0.000000,0.000000,0.000000,62.000000,44.930000
1779334258.354607,0,0.000000,0.000000,0.000000,0.000000,0.000000,0.000000,0.000000,0.000000,62.000000,44.930000
1779334258.369107,0,0.000000,0.000000,0.000000,0.000000,0.000000,0.000000,0.000000,0.000000,62.000000,44.950000
1779334258.373107,0,0.000000,0.000000,0.000000,0.000000,0.000000,0.000000,0.000000,0.000000,62.000000,44.950000
1779334258.387107,0,0.000000,0.000000,0.000000,0.000000,0.000000,0.000000,0.000000,0.000000,62.000000,44.970000
1779334258.391608,0,0.000000,0.000000,0.000000,0.000000,0.000000,0.000000,0.000000,0.000000,62.000000,44.970000
1779334258.399107,0,0.000000,0.000000,0.000000,0.000000,0.000000,0.000000,0.000000,0.000000,62.000000,44.990000
1779334258.417607,0,0.000000,0.000000,0.000000,0.000000,0.000000,0.000000,0.000000,0.000000,62.000000,45.000000
1779334258.421606,0,0.000000,0.000000,0.000000,0.000000,0.000000,0.000000,0.000000,0.000000,62.000000,45.000000
1779334258.437107,0,0.000000,0.000000,0.000000,0.000000,0.000000,0.000000,0.000000,0.000000,62.000000,45.020000
1779334258.444607,0,0.000000,0.000000,0.000000,0.000000,0.000000,0.000000,0.000000,0.000000,62.000000,45.020000
1779334258.451607,0,0.000000,0.000000,0.000000,0.000000,0.000000,0.000000,0.000000,0.000000,62.000000,45.040000
1779334258.466607,0,0.000000,0.000000,0.000000,0.000000,0.000000,0.000000,0.000000,0.000000,62.000000,45.040000
1779334258.482108,0,0.000000,0.000000,0.000000,0.000000,0.000000,0.000000,0.000000,0.000000,63.000000,45.060000
1779334258.489607,0,0.000000,0.000000,0.000000,0.000000,0.000000,0.000000,0.000000,0.000000,63.000000,45.060000
1779334258.496608,0,0.000000,0.000000,0.000000,0.000000,0.000000,0.000000,0.000000,0.000000,63.000000,45.080000
1779334258.504607,0,0.000000,0.000000,0.000000,0.000000,0.000000,0.000000,0.000000,0.000000,63.000000,45.090000
1779334258.564107,0,0.000000,0.000000,0.000000,0.000000,0.000000,0.000000,0.000000,0.000000,63.000000,45.090000
1779334258.573606,0,0.000000,0.000000,0.000000,0.000000,0.000000,0.000000,0.000000,0.000000,62.000000,45.110000
1779334258.573606,0,0.000000,0.000000,0.000000,0.000000,0.000000,0.000000,0.000000,0.000000,62.000000,45.130000
1779334258.593606,0,0.000000,0.000000,0.000000,0.000000,284.170000,0.180000,-0.340000,0.000000,48.000000,45.160000
1779334258.603607,0,0.000000,0.000000,0.000000,0.000000,284.170000,0.180000,-0.340000,0.000000,48.000000,45.180000
1779334258.604108,0,0.000000,0.000000,0.000000,0.000000,284.170000,0.180000,-0.340000,0.000000,48.000000,45.180000
1779334258.609106,0,0.000000,0.000000,0.000000,0.000000,284.170000,0.180000,-0.340000,0.000000,48.000000,45.200000
1779334258.647607,0,0.000000,0.000000,0.000000,0.000000,284.170000,0.180000,-0.340000,0.000000,48.000000,45.200000
1779334258.648109,0,0.000000,0.000000,0.000000,0.000000,284.800000,0.200000,-0.360000,0.000000,48.000000,45.220000
1779334258.653607,0,0.000000,0.000000,0.000000,0.000000,284.800000,0.200000,-0.360000,0.000000,48.000000,45.220000
1779334258.654607,0,0.000000,0.000000,0.000000,0.000000,284.800000,0.200000,-0.360000,0.000000,48.000000,45.240000
1779334258.662107,0,0.000000,0.000000,0.000000,0.000000,284.800000,0.200000,-0.360000,0.000000,48.000000,45.250000
1779334258.720607,0,0.000000,0.000000,0.000000,0.000000,202.130000,0.210000,-0.370000,0.000000,48.000000,45.270000
1779334258.721107,0,0.000000,0.000000,0.000000,0.000000,202.130000,0.210000,-0.370000,0.000000,48.000000,45.270000
1779334258.760108,0,0.000000,0.000000,0.000000,0.000000,202.130000,0.210000,-0.370000,0.000000,48.000000,45.310000
1779334258.760608,0,0.000000,0.000000,0.000000,0.000000,212.860000,0.230000,-0.370000,0.000000,48.000000,45.310000
1779334258.769106,0,0.000000,0.000000,0.000000,0.000000,212.860000,0.230000,-0.370000,0.000000,48.000000,45.330000
1779334258.770108,0,0.000000,0.000000,0.000000,0.000000,212.860000,0.230000,-0.370000,0.000000,48.000000,45.340000
1779334258.798106,0,0.000000,0.000000,0.000000,0.000000,212.860000,0.230000,-0.370000,0.000000,48.000000,45.360000
1779334258.806609,0,0.000000,0.000000,0.000000,0.000000,0.340000,0.250000,-0.370000,0.000000,48.000000,45.380000
1779334258.811608,0,0.000000,0.000000,0.000000,0.000000,0.340000,0.250000,-0.370000,0.000000,48.000000,45.380000
1779334258.812607,0,0.000000,0.000000,0.000000,0.000000,0.340000,0.250000,-0.370000,0.000000,48.000000,45.400000
1779334258.813607,0,0.000000,0.000000,0.000000,0.000000,0.340000,0.250000,-0.370000,0.000000,48.000000,45.400000
1779334258.845607,0,0.000000,0.000000,0.000000,0.000000,-275.760000,0.300000,-0.340000,0.000000,48.000000,45.430000
1779334258.856607,0,0.000000,0.000000,0.000000,0.000000,-275.760000,0.300000,-0.340000,0.000000,48.000000,45.430000
1779334258.857607,0,0.000000,0.000000,0.000000,0.000000,-275.760000,0.300000,-0.340000,0.000000,48.000000,45.450000
1779334258.864607,0,0.000000,0.000000,0.000000,0.000000,-275.760000,0.300000,-0.340000,0.000000,48.000000,45.450000
1779334258.916606,0,0.000000,0.000000,0.000000,0.000000,-25.120000,0.310000,-0.300000,0.000000,48.000000,45.490000
1779334258.917607,0,0.000000,0.000000,0.000000,0.000000,-25.120000,0.310000,-0.300000,0.000000,48.000000,45.500000
1779334258.939606,0,0.000000,0.000000,0.000000,0.000000,-25.120000,0.310000,-0.300000,0.000000,48.000000,45.500000
1779334258.940607,0,0.000000,0.000000,0.000000,0.000000,-25.120000,0.310000,-0.300000,0.000000,48.000000,45.520000
1779334258.956671,0,0.000000,0.000000,0.000000,0.000000,-22.200000,0.300000,-0.280000,0.000000,48.000000,45.520000
1779334258.962106,0,0.000000,0.000000,0.000000,0.000000,-22.200000,0.300000,-0.280000,0.000000,48.000000,45.540000
1779334258.977108,0,0.000000,0.000000,0.000000,0.000000,-22.200000,0.300000,-0.280000,0.000000,48.000000,45.540000
1779334258.984106,0,0.000000,0.000000,0.000000,0.000000,-22.200000,0.300000,-0.280000,0.000000,48.000000,45.560000
1779334259.052678,0,0.000000,0.000000,0.000000,0.000000,-22.200000,0.300000,-0.280000,0.000000,48.000000,45.560000
1779334259.053678,0,0.000000,0.000000,0.000000,0.000000,-12.050000,0.280000,-0.280000,0.000000,48.000000,45.590000
1779334259.054678,0,0.000000,0.000000,0.000000,0.000000,-12.050000,0.280000,-0.280000,0.000000,48.000000,45.590000
1779334259.068678,0,0.000000,0.000000,0.000000,0.000000,-201.830000,0.250000,-0.280000,0.000000,48.000000,45.650000
1779334259.074178,0,0.000000,0.000000,0.000000,0.000000,-201.830000,0.250000,-0.280000,0.000000,48.000000,45.650000
1779334259.096678,0,0.000000,0.000000,0.000000,0.000000,-201.830000,0.250000,-0.280000,0.000000,48.000000,45.660000
1779334259.104678,0,0.000000,0.000000,0.000000,0.000000,-321.480000,0.210000,-0.280000,0.000000,48.000000,45.680000
1779334259.112178,0,0.000000,0.000000,0.000000,0.000000,-321.480000,0.210000,-0.280000,0.000000,48.000000,45.700000
1779334259.119178,0,0.000000,0.000000,0.000000,0.000000,-321.480000,0.210000,-0.280000,0.000000,48.000000,45.700000
1779334259.134678,0,0.000000,0.000000,0.000000,0.000000,-321.480000,0.210000,-0.280000,0.000000,48.000000,45.720000
1779334259.149178,0,0.000000,0.000000,0.000000,0.000000,-321.480000,0.210000,-0.280000,0.000000,48.000000,45.720000
1779334259.157678,0,0.000000,0.000000,0.000000,0.000000,-33.610000,0.180000,-0.280000,0.000000,48.000000,45.740000
1779334259.166678,0,0.000000,0.000000,0.000000,0.000000,-33.610000,0.180000,-0.280000,0.000000,48.000000,45.750000
1779334259.179677,0,0.000000,0.000000,0.000000,0.000000,-33.610000,0.180000,-0.280000,0.000000,48.000000,45.750000
1779334259.194178,0,0.000000,0.000000,0.000000,0.000000,-33.610000,0.180000,-0.280000,0.000000,48.000000,45.770000
1779334259.208678,0,0.000000,0.000000,0.000000,0.000000,-33.610000,0.180000,-0.280000,0.000000,48.000000,45.770000
1779334259.216678,0,0.000000,0.000000,0.000000,0.000000,-145.990000,0.150000,-0.280000,0.000000,48.000000,45.790000
1779334259.239678,0,0.000000,0.000000,0.000000,0.000000,-145.990000,0.150000,-0.280000,0.000000,48.000000,45.790000
1779334259.241178,0,0.000000,0.000000,0.000000,0.000000,-145.990000,0.150000,-0.280000,0.000000,48.000000,45.810000
1779334259.242178,0,0.000000,0.000000,0.000000,0.000000,-145.990000,0.150000,-0.280000,0.000000,48.000000,45.830000
1779334259.268678,0,0.000000,0.000000,0.000000,0.000000,-145.990000,0.150000,-0.280000,0.000000,48.000000,45.840000
1779334259.269178,0,0.000000,0.000000,0.000000,0.000000,-56.520000,0.140000,-0.270000,0.000000,48.000000,45.840000
1779334259.279678,0,0.000000,0.000000,0.000000,0.000000,-56.520000,0.140000,-0.270000,0.000000,48.000000,45.860000
1779334259.291178,0,0.000000,0.000000,0.000000,0.000000,-56.520000,0.140000,-0.270000,0.000000,48.000000,45.860000
1779334259.299678,0,0.000000,0.000000,0.000000,0.000000,-56.520000,0.140000,-0.270000,0.000000,48.000000,45.880000
1779334259.320178,0,0.000000,0.000000,0.000000,0.000000,-56.520000,0.140000,-0.270000,0.000000,48.000000,45.880000
1779334259.359178,0,0.000000,0.000000,0.000000,0.000000,193.570000,0.110000,-0.270000,0.000000,48.000000,45.900000
1779334259.412178,0,0.000000,0.000000,0.000000,0.000000,193.570000,0.110000,-0.270000,0.000000,48.000000,45.900000
1779334259.456678,0,0.000000,0.000000,0.000000,0.000000,193.570000,0.110000,-0.270000,0.000000,48.000000,45.910000
1779334259.457678,0,0.000000,0.000000,0.000000,0.000000,193.570000,0.110000,-0.270000,0.000000,48.000000,45.930000
1779334259.458678,0,0.000000,0.000000,0.000000,0.000000,-82.110000,0.100000,-0.250000,0.000000,48.000000,45.950000
1779334259.459177,0,0.000000,0.000000,0.000000,0.000000,-82.110000,0.100000,-0.250000,0.000000,48.000000,45.970000
1779334259.531178,0,0.000000,0.000000,0.000000,0.000000,-261.290000,0.090000,-0.250000,0.000000,48.000000,46.020000
1779334259.540178,0,0.000000,0.000000,0.000000,0.000000,-10.560000,0.070000,-0.330000,0.000000,48.000000,46.060000
1779334259.540178,0,0.000000,0.000000,0.000000,0.000000,-10.560000,0.070000,-0.330000,0.000000,48.000000,46.080000
1779334259.577678,0,0.000000,0.000000,0.000000,0.000000,-10.560000,0.070000,-0.330000,0.000000,48.000000,46.090000
1779334259.578677,0,0.000000,0.000000,0.000000,0.000000,-22.010000,0.070000,-0.340000,0.000000,48.000000,46.130000
1779334259.591678,0,0.000000,0.000000,0.000000,0.000000,-22.010000,0.070000,-0.340000,0.000000,48.000000,46.150000
1779334259.600178,0,0.000000,0.000000,0.000000,0.000000,-168.750000,0.100000,-0.340000,0.000000,48.000000,46.180000
1779334259.607678,0,0.000000,0.000000,0.000000,0.000000,-168.750000,0.100000,-0.340000,0.000000,48.000000,46.180000
1779334259.614178,0,0.000000,0.000000,0.000000,0.000000,-168.750000,0.100000,-0.340000,0.000000,48.000000,46.200000
1779334259.639678,0,0.000000,0.000000,0.000000,0.000000,-41.950000,0.110000,-0.340000,0.000000,48.000000,46.220000
1779334259.666178,0,0.000000,0.000000,0.000000,0.000000,-41.950000,0.110000,-0.340000,0.000000,48.000000,46.220000
1779334259.667177,0,0.000000,0.000000,0.000000,0.000000,-41.950000,0.110000,-0.340000,0.000000,48.000000,46.240000
1779334259.668178,0,0.000000,0.000000,0.000000,0.000000,-41.950000,0.110000,-0.340000,0.000000,48.000000,46.250000
1779334259.683678,0,0.000000,0.000000,0.000000,0.000000,-273.380000,0.120000,-0.360000,0.000000,48.000000,46.250000
1779334259.684178,0,0.000000,0.000000,0.000000,0.000000,-273.380000,0.120000,-0.360000,0.000000,48.000000,46.270000
1779334259.704678,0,0.000000,0.000000,0.000000,0.000000,-273.380000,0.120000,-0.360000,0.000000,48.000000,46.270000
1779334259.711178,0,0.000000,0.000000,0.000000,0.000000,-273.380000,0.120000,-0.360000,0.000000,48.000000,46.290000
1779334259.742177,0,0.000000,0.000000,0.000000,0.000000,-273.380000,0.120000,-0.360000,0.000000,48.000000,46.290000
1779334259.751678,0,0.000000,0.000000,0.000000,0.000000,211.160000,0.150000,-0.370000,0.000000,48.000000,46.330000
1779334259.762678,0,0.000000,0.000000,0.000000,0.000000,211.160000,0.150000,-0.370000,0.000000,48.000000,46.340000
1779334259.764677,0,0.000000,0.000000,0.000000,0.000000,211.160000,0.150000,-0.370000,0.000000,48.000000,46.340000
1779334259.789178,0,0.000000,0.000000,0.000000,0.000000,211.160000,0.150000,-0.370000,0.000000,48.000000,46.360000
1779334259.789678,0,0.000000,0.000000,0.000000,0.000000,-15.930000,0.200000,-0.340000,0.000000,48.000000,46.360000
1779334259.809243,0,0.000000,0.000000,0.000000,0.000000,-15.930000,0.200000,-0.340000,0.000000,48.000000,46.380000
1779334259.810678,0,0.000000,0.000000,0.000000,0.000000,-15.930000,0.200000,-0.340000,0.000000,48.000000,46.380000
1779334259.884678,0,0.000000,0.000000,0.000000,0.000000,-15.930000,0.200000,-0.340000,0.000000,48.000000,46.400000
1779334259.885678,0,0.000000,0.000000,0.000000,0.000000,278.450000,0.280000,-0.280000,0.000000,48.000000,46.410000
1779334259.886678,0,0.000000,0.000000,0.000000,0.000000,278.450000,0.280000,-0.280000,0.000000,48.000000,46.430000
1779334259.887678,0,0.000000,0.000000,0.000000,0.000000,278.450000,0.280000,-0.280000,0.000000,48.000000,46.430000
1779334259.936178,0,0.000000,0.000000,0.000000,0.000000,-286.850000,0.360000,-0.200000,0.000000,48.000000,46.470000
1779334259.966178,0,0.000000,0.000000,0.000000,0.000000,-286.850000,0.360000,-0.200000,0.000000,48.000000,46.490000
1779334259.967178,0,0.000000,0.000000,0.000000,0.000000,-286.850000,0.360000,-0.200000,0.000000,48.000000,46.500000
1779334259.985677,0,0.000000,0.000000,0.000000,0.000000,-235.960000,0.430000,-0.100000,0.000000,48.000000,46.520000
1779334259.986677,0,0.000000,0.000000,0.000000,0.000000,-235.960000,0.430000,-0.100000,0.000000,48.000000,46.540000
1779334259.988678,0,0.000000,0.000000,0.000000,0.000000,174.860000,0.500000,0.000000,0.000000,48.000000,46.560000
1779334259.993678,0,0.000000,0.000000,0.000000,0.000000,174.860000,0.500000,0.000000,0.000000,48.000000,46.580000
1779334260.012678,0,0.000000,0.000000,0.000000,0.000000,174.860000,0.500000,0.000000,0.000000,48.000000,46.590000
1779334260.027678,0,0.000000,0.000000,0.000000,0.000000,174.860000,0.500000,0.000000,0.000000,48.000000,46.590000
1779334260.085678,0,0.000000,0.000000,0.000000,0.000000,174.860000,0.500000,0.000000,0.000000,48.000000,46.610000
1779334260.095678,0,0.000000,0.000000,0.000000,0.000000,212.720000,0.540000,0.070000,0.000000,48.000000,46.630000
1779334260.096178,0,0.000000,0.000000,0.000000,0.000000,212.720000,0.540000,0.070000,0.000000,48.000000,46.630000
1779334260.097178,0,0.000000,0.000000,0.000000,0.000000,322.610000,0.520000,0.090000,0.000000,48.000000,46.680000
1779334260.116678,0,0.000000,0.000000,0.000000,0.000000,322.610000,0.520000,0.090000,0.000000,48.000000,46.680000
1779334260.131678,0,0.000000,0.000000,0.000000,0.000000,322.610000,0.520000,0.090000,0.000000,48.000000,46.700000
1779334260.151178,0,0.000000,0.000000,0.000000,0.000000,322.610000,0.520000,0.090000,0.000000,48.000000,46.700000
1779334260.190177,0,0.000000,0.000000,0.000000,0.000000,322.610000,0.520000,0.090000,0.000000,48.000000,46.720000
1779334260.190677,0,0.000000,0.000000,0.000000,0.000000,213.910000,0.500000,0.070000,0.000000,48.000000,46.740000
1779334260.200678,0,0.000000,0.000000,0.000000,0.000000,213.910000,0.500000,0.070000,0.000000,48.000000,46.750000
1779334260.202677,0,0.000000,0.000000,0.000000,0.000000,213.910000,0.500000,0.070000,0.000000,48.000000,46.770000
1779334260.217178,0,0.000000,0.000000,0.000000,0.000000,213.910000,0.500000,0.070000,0.000000,48.000000,46.790000
1779334260.217678,0,0.000000,0.000000,0.000000,0.000000,213.910000,0.500000,0.070000,0.000000,48.000000,46.790000
1779334260.222178,0,0.000000,0.000000,0.000000,0.000000,213.910000,0.500000,0.070000,0.000000,48.000000,46.810000
1779334260.244678,0,0.000000,0.000000,0.000000,0.000000,213.910000,0.500000,0.070000,0.000000,48.000000,46.810000
1779334260.253178,0,0.000000,0.000000,0.000000,0.000000,59.200000,0.490000,0.070000,0.000000,51.000000,46.830000
1779334260.289178,0,0.000000,0.000000,0.000000,0.000000,59.200000,0.490000,0.070000,0.000000,51.000000,46.840000
1779334260.290178,0,0.000000,0.000000,0.000000,0.000000,59.200000,0.490000,0.070000,0.000000,51.000000,46.840000
1779334260.296178,0,0.000000,0.000000,0.000000,0.000000,59.200000,0.490000,0.070000,0.000000,51.000000,46.860000
1779334260.304178,0,0.000000,0.000000,0.000000,0.000000,-39.160000,0.460000,0.050000,0.000000,48.000000,46.880000
1779334260.312677,0,0.000000,0.000000,0.000000,0.000000,-39.160000,0.460000,0.050000,0.000000,48.000000,46.900000
1779334260.319178,0,0.000000,0.000000,0.000000,0.000000,-39.160000,0.460000,0.050000,0.000000,48.000000,46.900000
1779334260.348678,0,0.000000,0.000000,0.000000,0.000000,-39.160000,0.460000,0.050000,0.000000,48.000000,46.910000
1779334260.350178,0,0.000000,0.000000,0.000000,0.000000,-39.160000,0.460000,0.050000,0.000000,48.000000,46.930000
1779334260.361678,0,0.000000,0.000000,0.000000,0.000000,128.580000,0.440000,0.030000,0.000000,48.000000,46.930000
1779334260.370178,0,0.000000,0.000000,0.000000,0.000000,128.580000,0.440000,0.030000,0.000000,48.000000,46.930000
1779334260.371177,0,0.000000,0.000000,0.000000,0.000000,128.580000,0.440000,0.030000,0.000000,48.000000,46.950000
1779334260.423677,0,0.000000,0.000000,0.000000,0.000000,128.580000,0.440000,0.030000,0.000000,48.000000,46.970000
1779334260.424677,0,0.000000,0.000000,0.000000,0.000000,128.580000,0.440000,0.030000,0.000000,48.000000,46.970000
1779334260.483677,0,0.000000,0.000000,0.000000,0.000000,214.380000,0.410000,0.020000,0.000000,48.000000,46.990000
1779334260.484678,0,0.000000,0.000000,0.000000,0.000000,214.380000,0.410000,0.020000,0.000000,48.000000,47.020000
1779334260.492678,0,0.000000,0.000000,0.000000,0.000000,214.380000,0.410000,0.020000,0.000000,48.000000,47.020000
1779334260.552178,0,0.000000,0.000000,0.000000,0.000000,23.150000,0.380000,0.000000,0.000000,48.000000,47.060000
1779334260.574178,0,0.000000,0.000000,0.000000,0.000000,23.150000,0.380000,0.000000,0.000000,48.000000,47.080000
1779334260.581678,0,0.000000,0.000000,0.000000,0.000000,127.180000,0.360000,0.000000,0.000000,48.000000,47.090000
1779334260.582678,0,0.000000,0.000000,0.000000,0.000000,127.180000,0.360000,0.000000,0.000000,48.000000,47.130000
1779334260.596678,0,0.000000,0.000000,0.000000,0.000000,-230.830000,0.310000,-0.010000,0.000000,48.000000,47.150000
1779334260.605677,0,0.000000,0.000000,0.000000,0.000000,-230.830000,0.310000,-0.010000,0.000000,48.000000,47.180000
1779334260.614177,0,0.000000,0.000000,0.000000,0.000000,161.250000,0.100000,-0.280000,0.000000,48.000000,47.180000
1779334260.615177,0,0.000000,0.000000,0.000000,0.000000,161.250000,0.100000,-0.280000,0.000000,48.000000,47.200000
1779334260.626678,0,0.000000,0.000000,0.000000,0.000000,161.250000,0.100000,-0.280000,0.000000,48.000000,47.200000
1779334260.642178,0,0.000000,0.000000,0.000000,0.000000,161.250000,0.100000,-0.280000,0.000000,48.000000,47.220000
1779334260.656677,0,0.000000,0.000000,0.000000,0.000000,161.250000,0.100000,-0.280000,0.000000,48.000000,47.220000
1779334260.665678,0,0.000000,0.000000,0.000000,0.000000,151.270000,0.110000,-0.330000,0.000000,48.000000,47.250000
1779334260.671678,0,0.000000,0.000000,0.000000,0.000000,151.270000,0.110000,-0.330000,0.000000,48.000000,47.250000
1779334260.687177,0,0.000000,0.000000,0.000000,0.000000,151.270000,0.110000,-0.330000,0.000000,48.000000,47.270000
1779334260.709177,0,0.000000,0.000000,0.000000,0.000000,151.270000,0.110000,-0.330000,0.000000,48.000000,47.270000
1779334260.717677,0,0.000000,0.000000,0.000000,0.000000,151.270000,0.110000,-0.330000,0.000000,48.000000,47.290000
1779334260.726677,0,0.000000,0.000000,0.000000,0.000000,128.050000,0.150000,-0.360000,0.000000,48.000000,47.290000
1779334260.727677,0,0.000000,0.000000,0.000000,0.000000,128.050000,0.150000,-0.360000,0.000000,48.000000,47.310000
1779334260.740177,0,0.000000,0.000000,0.000000,0.000000,128.050000,0.150000,-0.360000,0.000000,48.000000,47.310000
1779334260.761178,0,0.000000,0.000000,0.000000,0.000000,128.050000,0.150000,-0.360000,0.000000,48.000000,47.330000
1779334260.762177,0,0.000000,0.000000,0.000000,0.000000,128.050000,0.150000,-0.360000,0.000000,48.000000,47.340000
1779334260.785177,0,0.000000,0.000000,0.000000,0.000000,6.730000,0.180000,-0.370000,0.000000,48.000000,47.360000
1779334260.791677,0,0.000000,0.000000,0.000000,0.000000,6.730000,0.180000,-0.370000,0.000000,48.000000,47.380000
1779334260.806178,0,0.000000,0.000000,0.000000,0.000000,6.730000,0.180000,-0.370000,0.000000,48.000000,47.380000
1779334260.822678,0,0.000000,0.000000,0.000000,0.000000,-130.050000,0.230000,-0.370000,0.000000,48.000000,47.400000
1779334260.844677,0,0.000000,0.000000,0.000000,0.000000,-130.050000,0.230000,-0.370000,0.000000,48.000000,47.410000
1779334260.852177,0,0.000000,0.000000,0.000000,0.000000,-130.050000,0.230000,-0.370000,0.000000,48.000000,47.430000
1779334260.889178,0,0.000000,0.000000,0.000000,0.000000,-130.050000,0.230000,-0.370000,0.000000,48.000000,47.450000
1779334260.889677,0,0.000000,0.000000,0.000000,0.000000,-106.090000,0.280000,-0.340000,0.000000,48.000000,47.450000
1779334260.898678,0,0.000000,0.000000,0.000000,0.000000,-106.090000,0.280000,-0.340000,0.000000,48.000000,47.470000
1779334260.899678,0,0.000000,0.000000,0.000000,0.000000,-106.090000,0.280000,-0.340000,0.000000,48.000000,47.470000
1779334260.904177,0,0.000000,0.000000,0.000000,0.000000,-106.090000,0.280000,-0.340000,0.000000,48.000000,47.490000
1779334260.919179,0,0.000000,0.000000,0.000000,0.000000,-106.090000,0.280000,-0.340000,0.000000,48.000000,47.500000
1779334260.993678,0,0.000000,0.000000,0.000000,0.000000,-303.720000,0.340000,-0.310000,0.000000,48.000000,47.520000
1779334261.002755,0,0.000000,0.000000,0.000000,0.000000,-303.720000,0.340000,-0.310000,0.000000,48.000000,47.520000
1779334261.003178,0,0.000000,0.000000,0.000000,0.000000,-303.720000,0.340000,-0.310000,0.000000,48.000000,47.540000
1779334261.003677,0,0.000000,0.000000,0.000000,0.000000,103.510000,0.400000,-0.280000,0.000000,48.000000,47.580000
1779334261.004678,0,0.000000,0.000000,0.000000,0.000000,103.510000,0.400000,-0.280000,0.000000,48.000000,47.590000
1779334261.024177,0,0.000000,0.000000,0.000000,0.000000,103.510000,0.400000,-0.280000,0.000000,48.000000,47.590000
1779334261.043177,0,0.000000,0.000000,0.000000,0.000000,-317.480000,0.460000,-0.200000,0.000000,48.000000,47.610000
1779334261.046678,0,0.000000,0.000000,0.000000,0.000000,-317.480000,0.460000,-0.200000,0.000000,48.000000,47.630000
1779334261.054177,0,0.000000,0.000000,0.000000,0.000000,-317.480000,0.460000,-0.200000,0.000000,48.000000,47.630000
1779334261.061177,0,0.000000,0.000000,0.000000,0.000000,-317.480000,0.460000,-0.200000,0.000000,48.000000,47.650000
1779334261.080177,0,0.000000,0.000000,0.000000,0.000000,-190.830000,0.520000,-0.070000,0.000000,48.000000,47.650000
1779334261.084177,0,0.000000,0.000000,0.000000,0.000000,-190.830000,0.520000,-0.070000,0.000000,48.000000,47.660000
1779334261.099177,0,0.000000,0.000000,0.000000,0.000000,-190.830000,0.520000,-0.070000,0.000000,48.000000,47.680000
1779334261.121678,0,0.000000,0.000000,0.000000,0.000000,-190.830000,0.520000,-0.070000,0.000000,48.000000,47.680000
1779334261.131177,0,0.000000,0.000000,0.000000,0.000000,-190.830000,0.520000,-0.070000,0.000000,48.000000,47.700000
1779334261.142177,0,0.000000,0.000000,0.000000,0.000000,-190.830000,0.520000,-0.070000,0.000000,48.000000,47.700000
1779334261.153677,0,0.000000,0.000000,0.000000,0.000000,-34.400000,0.560000,0.000000,0.000000,48.000000,47.720000
1779334261.154177,0,0.000000,0.000000,0.000000,0.000000,-34.400000,0.560000,0.000000,0.000000,48.000000,47.740000
1779334261.181678,0,0.000000,0.000000,0.000000,0.000000,-34.400000,0.560000,0.000000,0.000000,48.000000,47.750000
1779334261.189677,0,0.000000,0.000000,0.000000,0.000000,-34.400000,0.560000,0.000000,0.000000,48.000000,47.750000
1779334261.199178,0,0.000000,0.000000,0.000000,0.000000,-205.250000,0.580000,0.050000,0.000000,48.000000,47.770000
1779334261.200177,0,0.000000,0.000000,0.000000,0.000000,-205.250000,0.580000,0.050000,0.000000,48.000000,47.790000
1779334261.204245,0,0.000000,0.000000,0.000000,0.000000,-205.250000,0.580000,0.050000,0.000000,48.000000,47.790000
1779334261.226677,0,0.000000,0.000000,0.000000,0.000000,-205.250000,0.580000,0.050000,0.000000,48.000000,47.810000
1779334261.227177,0,0.000000,0.000000,0.000000,0.000000,75.770000,0.560000,0.070000,0.000000,48.000000,47.810000
1779334261.249177,0,0.000000,0.000000,0.000000,0.000000,75.770000,0.560000,0.070000,0.000000,48.000000,47.830000
1779334261.250177,0,0.000000,0.000000,0.000000,0.000000,75.770000,0.560000,0.070000,0.000000,48.000000,47.840000
1779334261.264177,0,0.000000,0.000000,0.000000,0.000000,75.770000,0.560000,0.070000,0.000000,48.000000,47.840000
1779334261.287177,0,0.000000,0.000000,0.000000,0.000000,75.770000,0.560000,0.070000,0.000000,48.000000,47.860000
1779334261.294677,0,0.000000,0.000000,0.000000,0.000000,277.500000,0.560000,0.050000,0.000000,48.000000,47.880000
1779334261.317177,0,0.000000,0.000000,0.000000,0.000000,277.500000,0.560000,0.050000,0.000000,48.000000,47.880000
1779334261.318177,0,0.000000,0.000000,0.000000,0.000000,277.500000,0.560000,0.050000,0.000000,48.000000,47.900000
1779334261.331177,0,0.000000,0.000000,0.000000,0.000000,277.500000,0.560000,0.050000,0.000000,48.000000,47.900000
1779334261.338177,0,0.000000,0.000000,0.000000,0.000000,277.500000,0.560000,0.050000,0.000000,48.000000,47.910000
1779334261.346677,0,0.000000,0.000000,0.000000,0.000000,-25.800000,0.540000,0.050000,0.000000,48.000000,47.930000
1779334261.354177,0,0.000000,0.000000,0.000000,0.000000,-25.800000,0.540000,0.050000,0.000000,48.000000,47.930000
1779334261.399178,0,0.000000,0.000000,0.000000,0.000000,-25.800000,0.540000,0.050000,0.000000,48.000000,47.950000
1779334261.415178,0,0.000000,0.000000,0.000000,0.000000,-161.630000,0.510000,0.050000,0.000000,48.000000,47.970000
1779334261.424678,0,0.000000,0.000000,0.000000,0.000000,-161.630000,0.510000,0.050000,0.000000,48.000000,48.000000
1779334261.436177,0,0.000000,0.000000,0.000000,0.000000,-161.630000,0.510000,0.050000,0.000000,48.000000,48.000000
1779334261.469177,0,0.000000,0.000000,0.000000,0.000000,-161.630000,0.510000,0.050000,0.000000,48.000000,48.020000
1779334261.469678,0,0.000000,0.000000,0.000000,0.000000,-3.160000,0.500000,0.020000,0.000000,48.000000,48.040000
1779334261.482677,0,0.000000,0.000000,0.000000,0.000000,-3.160000,0.500000,0.020000,0.000000,48.000000,48.040000
1779334261.483677,0,0.000000,0.000000,0.000000,0.000000,-3.160000,0.500000,0.020000,0.000000,48.000000,48.060000
1779334261.488677,0,0.000000,0.000000,0.000000,0.000000,-3.160000,0.500000,0.020000,0.000000,48.000000,48.060000
1779334261.495677,0,0.000000,0.000000,0.000000,0.000000,-3.160000,0.500000,0.020000,0.000000,48.000000,48.080000
1779334261.511678,0,0.000000,0.000000,0.000000,0.000000,-3.160000,0.500000,0.020000,0.000000,48.000000,48.090000
1779334261.512677,0,0.000000,0.000000,0.000000,0.000000,-3.160000,0.500000,0.020000,0.000000,48.000000,48.090000
1779334261.533677,0,0.000000,0.000000,0.000000,0.000000,-3.160000,0.500000,0.020000,0.000000,48.000000,48.110000
1779334261.550677,0,0.000000,0.000000,0.000000,0.000000,121.760000,0.460000,0.010000,0.000000,49.000000,48.130000
1779334261.578678,0,0.000000,0.000000,0.000000,0.000000,121.760000,0.460000,0.010000,0.000000,49.000000,48.130000
1779334261.579677,0,0.000000,0.000000,0.000000,0.000000,121.760000,0.460000,0.010000,0.000000,49.000000,48.150000
1779334261.580678,0,0.000000,0.000000,0.000000,0.000000,121.760000,0.460000,0.010000,0.000000,49.000000,48.150000
1779334261.586177,0,0.000000,0.000000,0.000000,0.000000,121.760000,0.460000,0.010000,0.000000,49.000000,48.160000
1779334261.603677,0,0.000000,0.000000,0.000000,0.000000,-65.400000,0.430000,0.000000,0.000000,48.000000,48.180000
1779334261.609677,0,0.000000,0.000000,0.000000,0.000000,-65.400000,0.430000,0.000000,0.000000,48.000000,48.180000
1779334261.616677,0,0.000000,0.000000,0.000000,0.000000,-65.400000,0.430000,0.000000,0.000000,48.000000,48.200000
1779334261.647180,0,0.000000,0.000000,0.000000,0.000000,-65.400000,0.430000,0.000000,0.000000,48.000000,48.200000
1779334261.691177,0,0.000000,0.000000,0.000000,0.000000,-65.400000,0.430000,0.000000,0.000000,48.000000,48.220000
1779334261.707677,0,0.000000,0.000000,0.000000,0.000000,42.310000,0.400000,0.000000,0.000000,48.000000,48.240000
1779334261.708177,0,0.000000,0.000000,0.000000,0.000000,42.310000,0.400000,0.000000,0.000000,48.000000,48.250000
1779334261.715792,0,0.000000,0.000000,0.000000,0.000000,42.310000,0.400000,0.000000,0.000000,48.000000,48.270000
1779334261.736177,0,0.000000,0.000000,0.000000,0.000000,-219.440000,0.140000,-0.280000,0.000000,48.000000,48.310000
1779334261.737177,0,0.000000,0.000000,0.000000,0.000000,-219.440000,0.140000,-0.280000,0.000000,48.000000,48.310000
1779334261.744677,0,0.000000,0.000000,0.000000,0.000000,-219.440000,0.140000,-0.280000,0.000000,48.000000,48.310000
1779334261.753677,0,0.000000,0.000000,0.000000,0.000000,107.330000,0.110000,-0.340000,0.000000,48.000000,48.340000
1779334261.766678,0,0.000000,0.000000,0.000000,0.000000,107.330000,0.110000,-0.340000,0.000000,48.000000,48.340000
1779334261.774177,0,0.000000,0.000000,0.000000,0.000000,107.330000,0.110000,-0.340000,0.000000,48.000000,48.360000
1779334261.804178,0,0.000000,0.000000,0.000000,0.000000,107.330000,0.110000,-0.340000,0.000000,48.000000,48.360000
1779334261.812177,0,0.000000,0.000000,0.000000,0.000000,107.330000,0.110000,-0.340000,0.000000,48.000000,48.380000
1779334261.821177,0,0.000000,0.000000,0.000000,0.000000,209.860000,0.150000,-0.370000,0.000000,48.000000,48.400000
1779334261.822177,0,0.000000,0.000000,0.000000,0.000000,209.860000,0.150000,-0.370000,0.000000,48.000000,48.400000
1779334261.842177,0,0.000000,0.000000,0.000000,0.000000,209.860000,0.150000,-0.370000,0.000000,48.000000,48.410000
1779334261.842677,0,0.000000,0.000000,0.000000,0.000000,209.860000,0.150000,-0.370000,0.000000,48.000000,48.430000
1779334261.864177,0,0.000000,0.000000,0.000000,0.000000,91.730000,0.200000,-0.370000,0.000000,48.000000,48.430000
1779334261.864677,0,0.000000,0.000000,0.000000,0.000000,91.730000,0.200000,-0.370000,0.000000,48.000000,48.450000
1779334261.879678,0,0.000000,0.000000,0.000000,0.000000,91.730000,0.200000,-0.370000,0.000000,48.000000,48.450000
1779334261.886678,0,0.000000,0.000000,0.000000,0.000000,91.730000,0.200000,-0.370000,0.000000,48.000000,48.470000
1779334261.909177,0,0.000000,0.000000,0.000000,0.000000,91.730000,0.200000,-0.370000,0.000000,48.000000,48.470000
1779334261.918177,0,0.000000,0.000000,0.000000,0.000000,91.730000,0.200000,-0.370000,0.000000,48.000000,48.490000
1779334261.924177,0,0.000000,0.000000,0.000000,0.000000,91.730000,0.200000,-0.370000,0.000000,48.000000,48.500000
1779334261.925177,0,0.000000,0.000000,0.000000,0.000000,91.730000,0.200000,-0.370000,0.000000,48.000000,48.520000
1779334261.954677,0,0.000000,0.000000,0.000000,0.000000,91.730000,0.200000,-0.370000,0.000000,48.000000,48.520000
1779334261.963177,0,0.000000,0.000000,0.000000,0.000000,91.730000,0.200000,-0.370000,0.000000,48.000000,48.520000
1779334261.973177,0,0.000000,0.000000,0.000000,0.000000,-27.180000,0.250000,-0.370000,0.000000,49.000000,48.540000
1779334261.973678,0,0.000000,0.000000,0.000000,0.000000,-27.180000,0.250000,-0.370000,0.000000,49.000000,48.560000
1779334261.976677,0,0.000000,0.000000,0.000000,0.000000,-27.180000,0.250000,-0.370000,0.000000,49.000000,48.560000
1779334261.999677,0,0.000000,0.000000,0.000000,0.000000,-27.180000,0.250000,-0.370000,0.000000,49.000000,48.580000
1779334262.035677,0,0.000000,0.000000,0.000000,0.000000,-27.180000,0.250000,-0.370000,0.000000,49.000000,48.590000
1779334262.044177,0,0.000000,0.000000,0.000000,0.000000,235.420000,0.310000,-0.340000,0.000000,48.000000,48.590000
1779334262.044677,0,0.000000,0.000000,0.000000,0.000000,235.420000,0.310000,-0.340000,0.000000,48.000000,48.610000
1779334262.045677,0,0.000000,0.000000,0.000000,0.000000,235.420000,0.310000,-0.340000,0.000000,48.000000,48.630000
1779334262.058677,0,0.000000,0.000000,0.000000,0.000000,235.420000,0.310000,-0.340000,0.000000,48.000000,48.630000
1779334262.178677,0,0.000000,0.000000,0.000000,0.000000,235.420000,0.310000,-0.340000,0.000000,48.000000,48.650000
1779334262.179677,0,0.000000,0.000000,0.000000,0.000000,93.840000,0.370000,-0.270000,0.000000,48.000000,48.650000
1779334262.239177,0,0.000000,0.000000,0.000000,0.000000,93.840000,0.370000,-0.270000,0.000000,48.000000,48.660000
1779334262.240177,0,0.000000,0.000000,0.000000,0.000000,231.800000,0.440000,-0.180000,0.000000,48.000000,48.700000
1779334262.241177,0,0.000000,0.000000,0.000000,0.000000,255.630000,0.510000,-0.070000,0.000000,48.000000,48.750000
1779334262.242177,0,0.000000,0.000000,0.000000,0.000000,255.630000,0.510000,-0.070000,0.000000,48.000000,48.770000
1779334262.269178,0,0.000000,0.000000,0.000000,0.000000,-181.350000,0.560000,0.010000,0.000000,48.000000,48.810000
1779334262.270177,0,0.000000,0.000000,0.000000,0.000000,-181.350000,0.560000,0.010000,0.000000,48.000000,48.840000
1779334262.278678,0,0.000000,0.000000,0.000000,0.000000,-181.350000,0.560000,0.010000,0.000000,48.000000,48.840000
1779334262.292177,0,0.000000,0.000000,0.000000,0.000000,-301.950000,0.580000,0.090000,0.000000,48.000000,48.860000
1779334262.293177,0,0.000000,0.000000,0.000000,0.000000,-301.950000,0.580000,0.090000,0.000000,48.000000,48.880000
1779334262.306677,0,0.000000,0.000000,0.000000,0.000000,-301.950000,0.580000,0.090000,0.000000,48.000000,48.880000
1779334262.365677,0,0.000000,0.000000,0.000000,0.000000,-301.950000,0.580000,0.090000,0.000000,48.000000,48.900000
1779334262.366177,0,0.000000,0.000000,0.000000,0.000000,173.130000,0.570000,0.100000,0.000000,48.000000,48.900000
1779334262.374677,0,0.000000,0.000000,0.000000,0.000000,173.130000,0.570000,0.100000,0.000000,48.000000,48.910000
1779334262.380677,0,0.000000,0.000000,0.000000,0.000000,102.510000,0.560000,0.100000,0.000000,48.000000,48.970000
1779334262.441422,0,0.000000,0.000000,0.000000,0.000000,102.510000,0.560000,0.100000,0.000000,48.000000,48.970000
1779334262.456921,0,0.000000,0.000000,0.000000,0.000000,102.510000,0.560000,0.100000,0.000000,48.000000,48.990000
1779334262.457421,0,0.000000,0.000000,0.000000,0.000000,102.510000,0.560000,0.100000,0.000000,48.000000,49.000000
1779334262.508422,0,0.000000,0.000000,0.000000,0.000000,183.050000,0.520000,0.070000,0.000000,48.000000,49.080000
1779334262.523921,0,0.000000,0.000000,0.000000,0.000000,183.050000,0.520000,0.070000,0.000000,48.000000,49.090000
1779334262.538921,0,0.000000,0.000000,0.000000,0.000000,183.050000,0.520000,0.070000,0.000000,48.000000,49.090000
1779334262.553921,0,0.000000,0.000000,0.000000,0.000000,183.050000,0.520000,0.070000,0.000000,48.000000,49.110000
1779334262.554922,0,0.000000,0.000000,0.000000,0.000000,183.050000,0.520000,0.070000,0.000000,48.000000,49.110000
1779334262.555422,0,0.000000,0.000000,0.000000,0.000000,183.050000,0.520000,0.070000,0.000000,48.000000,49.130000
1779334262.556422,0,0.000000,0.000000,0.000000,0.000000,183.050000,0.520000,0.070000,0.000000,48.000000,49.130000
1779334262.569421,0,0.000000,0.000000,0.000000,0.000000,183.050000,0.520000,0.070000,0.000000,48.000000,49.150000
1779334262.591921,0,0.000000,0.000000,0.000000,0.000000,-162.750000,0.500000,0.050000,0.000000,49.000000,49.180000
1779334262.629421,0,0.000000,0.000000,0.000000,0.000000,-162.750000,0.500000,0.050000,0.000000,49.000000,49.180000
1779334262.630922,0,0.000000,0.000000,0.000000,0.000000,-162.750000,0.500000,0.050000,0.000000,49.000000,49.200000
1779334262.649423,0,0.000000,0.000000,0.000000,0.000000,-162.750000,0.500000,0.050000,0.000000,49.000000,49.200000
1779334262.658422,0,0.000000,0.000000,0.000000,0.000000,9.270000,0.460000,0.030000,0.000000,48.000000,49.220000
1779334262.673921,0,0.000000,0.000000,0.000000,0.000000,9.270000,0.460000,0.030000,0.000000,48.000000,49.240000
1779334262.696422,0,0.000000,0.000000,0.000000,0.000000,9.270000,0.460000,0.030000,0.000000,48.000000,49.250000
1779334262.707922,0,0.000000,0.000000,0.000000,0.000000,9.270000,0.460000,0.030000,0.000000,48.000000,49.270000
1779334262.741921,0,0.000000,0.000000,0.000000,0.000000,-103.870000,0.430000,0.000000,0.000000,48.000000,49.290000
1779334262.808921,0,0.000000,0.000000,0.000000,0.000000,-103.870000,0.430000,0.000000,0.000000,48.000000,49.290000
1779334262.862434,0,0.000000,0.000000,0.000000,0.000000,-103.870000,0.430000,0.000000,0.000000,48.000000,49.310000
1779334262.880435,0,0.000000,0.000000,0.000000,0.000000,51.970000,0.380000,0.000000,0.000000,48.000000,49.340000
1779334262.906207,0,0.000000,0.000000,0.000000,0.000000,51.970000,0.380000,0.000000,0.000000,48.000000,49.360000
1779334262.907206,0,0.000000,0.000000,0.000000,0.000000,216.110000,0.110000,-0.280000,0.000000,48.000000,49.410000
1779334262.907706,0,0.000000,0.000000,0.000000,0.000000,-113.480000,0.120000,-0.340000,0.000000,48.000000,49.470000
1779334262.936564,0,0.000000,0.000000,0.000000,0.000000,95.980000,0.150000,-0.370000,0.000000,48.000000,49.500000
1779334262.937564,0,0.000000,0.000000,0.000000,0.000000,95.980000,0.150000,-0.370000,0.000000,48.000000,49.500000
1779334262.988601,0,0.000000,0.000000,0.000000,0.000000,95.980000,0.150000,-0.370000,0.000000,48.000000,49.520000
1779334263.003617,0,0.000000,0.000000,0.000000,0.000000,196.940000,0.200000,-0.380000,0.000000,48.000000,49.540000
1779334263.004616,0,0.000000,0.000000,0.000000,0.000000,196.940000,0.200000,-0.380000,0.000000,48.000000,49.540000
1779334263.037626,0,0.000000,0.000000,0.000000,0.000000,183.970000,0.250000,-0.400000,0.000000,48.000000,49.590000
1779334263.038127,0,0.000000,0.000000,0.000000,0.000000,183.970000,0.250000,-0.400000,0.000000,48.000000,49.610000
1779334263.056127,0,0.000000,0.000000,0.000000,0.000000,183.970000,0.250000,-0.400000,0.000000,48.000000,49.610000
1779334263.065125,0,0.000000,0.000000,0.000000,0.000000,183.970000,0.250000,-0.400000,0.000000,48.000000,49.630000
1779334263.076127,0,0.000000,0.000000,0.000000,0.000000,273.010000,0.310000,-0.400000,0.000000,48.000000,49.630000
1779334263.076627,0,0.000000,0.000000,0.000000,0.000000,273.010000,0.310000,-0.400000,0.000000,48.000000,49.650000
1779334263.079125,0,0.000000,0.000000,0.000000,0.000000,273.010000,0.310000,-0.400000,0.000000,48.000000,49.650000
1779334263.086626,0,0.000000,0.000000,0.000000,0.000000,273.010000,0.310000,-0.400000,0.000000,48.000000,49.660000
1779334263.116627,0,0.000000,0.000000,0.000000,0.000000,273.010000,0.310000,-0.400000,0.000000,48.000000,49.680000
1779334263.129626,0,0.000000,0.000000,0.000000,0.000000,324.200000,0.360000,-0.400000,0.000000,48.000000,49.700000
1779334263.146126,0,0.000000,0.000000,0.000000,0.000000,324.200000,0.360000,-0.400000,0.000000,48.000000,49.720000
1779334263.147126,0,0.000000,0.000000,0.000000,0.000000,324.200000,0.360000,-0.400000,0.000000,48.000000,49.720000
1779334263.185625,0,0.000000,0.000000,0.000000,0.000000,-291.540000,0.400000,-0.370000,0.000000,48.000000,49.750000
1779334263.186125,0,0.000000,0.000000,0.000000,0.000000,-291.540000,0.400000,-0.370000,0.000000,48.000000,49.750000
1779334263.225127,0,0.000000,0.000000,0.000000,0.000000,-291.540000,0.400000,-0.370000,0.000000,48.000000,49.770000
1779334263.226125,0,0.000000,0.000000,0.000000,0.000000,-220.860000,0.460000,-0.300000,0.000000,48.000000,49.790000
1779334263.226626,0,0.000000,0.000000,0.000000,0.000000,-220.860000,0.460000,-0.300000,0.000000,48.000000,49.790000
1779334263.236626,0,0.000000,0.000000,0.000000,0.000000,-220.860000,0.460000,-0.300000,0.000000,48.000000,49.810000
1779334263.259626,0,0.000000,0.000000,0.000000,0.000000,-220.860000,0.460000,-0.300000,0.000000,48.000000,49.830000
1779334263.283125,0,0.000000,0.000000,0.000000,0.000000,-293.390000,0.510000,-0.200000,0.000000,48.000000,49.860000
1779334263.288625,0,0.000000,0.000000,0.000000,0.000000,-293.390000,0.510000,-0.200000,0.000000,48.000000,49.860000
1779334263.289626,0,0.000000,0.000000,0.000000,0.000000,-293.390000,0.510000,-0.200000,0.000000,48.000000,49.880000
1779334263.339127,0,0.000000,0.000000,0.000000,0.000000,-293.390000,0.510000,-0.200000,0.000000,48.000000,49.880000
1779334263.351127,0,0.000000,0.000000,0.000000,0.000000,296.950000,0.550000,-0.100000,0.000000,48.000000,49.930000
1779334263.430627,0,0.000000,0.000000,0.000000,0.000000,205.470000,0.560000,-0.020000,0.000000,48.000000,49.950000
1779334263.431127,0,0.000000,0.000000,0.000000,0.000000,205.470000,0.560000,-0.020000,0.000000,48.000000,49.950000
1779334263.441125,0,0.000000,0.000000,0.000000,0.000000,205.470000,0.560000,-0.020000,0.000000,48.000000,49.970000
1779334263.442127,0,0.000000,0.000000,0.000000,0.000000,205.470000,0.560000,-0.020000,0.000000,48.000000,50.000000
1779334263.442625,0,0.000000,0.000000,0.000000,0.000000,-201.850000,0.540000,-0.030000,0.000000,48.000000,50.020000
1779334263.461650,0,0.000000,0.000000,0.000000,0.000000,-201.850000,0.540000,-0.030000,0.000000,48.000000,50.040000
1779334263.523130,0,0.000000,0.000000,0.000000,0.000000,240.630000,0.510000,-0.050000,0.000000,48.000000,50.060000
1779334263.523631,0,0.000000,0.000000,0.000000,0.000000,240.630000,0.510000,-0.050000,0.000000,48.000000,50.060000
1779334263.536689,0,0.000000,0.000000,0.000000,0.000000,240.630000,0.510000,-0.050000,0.000000,48.000000,50.090000
1779334263.537189,0,0.000000,0.000000,0.000000,0.000000,-275.330000,0.490000,-0.050000,0.000000,48.000000,50.110000
1779334263.551727,0,0.000000,0.000000,0.000000,0.000000,-275.330000,0.490000,-0.050000,0.000000,48.000000,50.130000
1779334263.581346,0,0.000000,0.000000,0.000000,0.000000,-275.330000,0.490000,-0.050000,0.000000,48.000000,50.130000
1779334263.664201,0,0.000000,0.000000,0.000000,0.000000,291.380000,0.460000,-0.070000,0.000000,48.000000,50.150000
1779334263.664701,0,0.000000,0.000000,0.000000,0.000000,291.380000,0.460000,-0.070000,0.000000,48.000000,50.180000
1779334263.687245,0,0.000000,0.000000,0.000000,0.000000,207.020000,0.410000,-0.070000,0.000000,48.000000,50.220000
1779334263.703245,0,0.000000,0.000000,0.000000,0.000000,207.020000,0.410000,-0.070000,0.000000,48.000000,50.250000
1779334263.715744,0,0.000000,0.000000,0.000000,0.000000,-108.090000,0.380000,-0.100000,0.000000,48.000000,50.290000
1779334263.716744,0,0.000000,0.000000,0.000000,0.000000,-108.090000,0.380000,-0.100000,0.000000,48.000000,50.290000
1779334263.763244,0,0.000000,0.000000,0.000000,0.000000,-108.090000,0.380000,-0.100000,0.000000,48.000000,50.310000
1779334263.763745,0,0.000000,0.000000,0.000000,0.000000,-154.610000,0.340000,-0.110000,0.000000,48.000000,50.310000
1779334263.764245,0,0.000000,0.000000,0.000000,0.000000,-154.610000,0.340000,-0.110000,0.000000,48.000000,50.330000
1779334263.764745,0,0.000000,0.000000,0.000000,0.000000,-154.610000,0.340000,-0.110000,0.000000,48.000000,50.340000
1779334263.799245,0,0.000000,0.000000,0.000000,0.000000,-154.610000,0.340000,-0.110000,0.000000,48.000000,50.340000
1779334263.808744,0,0.000000,0.000000,0.000000,0.000000,126.770000,0.330000,-0.180000,0.000000,48.000000,50.360000
1779334263.808744,0,0.000000,0.000000,0.000000,0.000000,126.770000,0.330000,-0.180000,0.000000,48.000000,50.380000
1779334263.821745,0,0.000000,0.000000,0.000000,0.000000,126.770000,0.330000,-0.180000,0.000000,48.000000,50.380000
1779334263.827244,0,0.000000,0.000000,0.000000,0.000000,126.770000,0.330000,-0.180000,0.000000,48.000000,50.400000
1779334263.890244,0,0.000000,0.000000,0.000000,0.000000,126.770000,0.330000,-0.180000,0.000000,48.000000,50.400000
1779334263.890745,0,0.000000,0.000000,0.000000,0.000000,114.800000,0.200000,-0.380000,0.000000,48.000000,50.410000
1779334263.934245,0,0.000000,0.000000,0.000000,0.000000,114.800000,0.200000,-0.380000,0.000000,48.000000,50.430000
1779334263.948245,0,0.000000,0.000000,0.000000,0.000000,114.800000,0.200000,-0.380000,0.000000,48.000000,50.450000
1779334263.964245,0,0.000000,0.000000,0.000000,0.000000,135.830000,0.280000,-0.330000,0.000000,48.000000,50.470000
1779334263.972245,0,0.000000,0.000000,0.000000,0.000000,135.830000,0.280000,-0.330000,0.000000,48.000000,50.490000
1779334264.085188,0,0.000000,0.000000,0.000000,0.000000,257.980000,0.330000,-0.270000,0.000000,48.000000,50.560000
1779334264.123187,0,0.000000,0.000000,0.000000,0.000000,124.120000,0.370000,-0.230000,0.000000,48.000000,50.590000
1779334264.135699,0,0.000000,0.000000,0.000000,0.000000,-88.120000,0.400000,-0.230000,0.000000,48.000000,50.660000
1779334264.137200,0,0.000000,0.000000,0.000000,0.000000,-215.220000,0.430000,-0.270000,0.000000,48.000000,50.680000
1779334264.137700,0,0.000000,0.000000,0.000000,0.000000,-215.220000,0.430000,-0.270000,0.000000,48.000000,50.700000
1779334264.138699,0,0.000000,0.000000,0.000000,0.000000,-215.220000,0.430000,-0.270000,0.000000,48.000000,50.720000
1779334264.166699,0,0.000000,0.000000,0.000000,0.000000,111.300000,0.440000,-0.310000,0.000000,48.000000,50.720000
1779334264.167699,0,0.000000,0.000000,0.000000,0.000000,111.300000,0.440000,-0.310000,0.000000,48.000000,50.740000
1779334264.168699,0,0.000000,0.000000,0.000000,0.000000,111.300000,0.440000,-0.310000,0.000000,48.000000,50.750000
1779334264.174199,0,0.000000,0.000000,0.000000,0.000000,111.300000,0.440000,-0.310000,0.000000,48.000000,50.750000
1779334264.220200,0,0.000000,0.000000,0.000000,0.000000,111.300000,0.440000,-0.310000,0.000000,48.000000,50.770000
1779334264.572009,0,0.000000,0.000000,0.000000,0.000000,-226.110000,0.440000,-0.340000,0.000000,48.000000,50.790000
1779334264.766246,0,0.000000,0.000000,0.000000,0.000000,-226.110000,0.440000,-0.340000,0.000000,48.000000,50.790000
1779334264.767746,0,0.000000,0.000000,0.000000,0.000000,-226.110000,0.440000,-0.340000,0.000000,48.000000,50.810000
1779334264.977250,0,0.000000,0.000000,0.000000,0.000000,-226.110000,0.440000,-0.340000,0.000000,48.000000,50.810000
1779334264.978249,0,0.000000,0.000000,0.000000,0.000000,-39.270000,0.400000,-0.400000,0.000000,48.000000,50.840000
1779334265.276337,0,0.000000,0.000000,0.000000,0.000000,224.110000,0.310000,-0.340000,0.000000,48.000000,51.180000
1779334265.561082,0,0.000000,0.000000,0.000000,0.000000,0.000000,0.000000,0.000000,0.000000,62.000000,51.380000
1779334265.696610,0,0.000000,0.000000,0.000000,0.000000,0.000000,0.000000,0.000000,0.000000,62.000000,51.380000
1779334265.756650,0,0.000000,0.000000,0.000000,0.000000,0.000000,0.000000,0.000000,0.000000,62.000000,51.590000
1779334265.763649,0,0.000000,0.000000,0.000000,0.000000,0.000000,0.000000,0.000000,0.000000,62.000000,51.610000
1779334265.765151,0,0.000000,0.000000,0.000000,0.000000,34.180000,0.200000,-0.430000,0.000000,48.000000,51.880000
1779334265.766150,0,0.000000,0.000000,0.000000,0.000000,164.080000,0.460000,-0.180000,0.000000,48.000000,52.160000
1779334265.767150,0,0.000000,0.000000,0.000000,0.000000,-260.130000,0.430000,-0.140000,0.000000,48.000000,52.310000
1779334265.809759,0,0.000000,0.000000,0.000000,0.000000,98.270000,0.400000,-0.150000,0.000000,48.000000,52.360000
1779334265.811759,0,0.000000,0.000000,0.000000,0.000000,98.270000,0.400000,-0.150000,0.000000,48.000000,52.380000
1779334265.812759,0,0.000000,0.000000,0.000000,0.000000,98.270000,0.400000,-0.150000,0.000000,48.000000,52.380000
1779334265.812759,0,0.000000,0.000000,0.000000,0.000000,125.750000,0.370000,-0.150000,0.000000,48.000000,52.400000
1779334265.838761,0,0.000000,0.000000,0.000000,0.000000,125.750000,0.370000,-0.150000,0.000000,48.000000,52.400000
1779334265.839761,0,0.000000,0.000000,0.000000,0.000000,125.750000,0.370000,-0.150000,0.000000,48.000000,52.410000
1779334265.929273,0,0.000000,0.000000,0.000000,0.000000,125.750000,0.370000,-0.150000,0.000000,48.000000,52.430000
1779334265.958796,0,0.000000,0.000000,0.000000,0.000000,125.750000,0.370000,-0.150000,0.000000,48.000000,52.430000
1779334265.996802,0,0.000000,0.000000,0.000000,0.000000,145.570000,0.340000,-0.170000,0.000000,48.000000,52.450000
1779334265.997802,0,0.000000,0.000000,0.000000,0.000000,145.570000,0.340000,-0.170000,0.000000,48.000000,52.450000
1779334265.998302,0,0.000000,0.000000,0.000000,0.000000,-76.650000,0.310000,-0.180000,0.000000,48.000000,52.500000
1779334265.999802,0,0.000000,0.000000,0.000000,0.000000,-76.650000,0.310000,-0.180000,0.000000,48.000000,52.540000
1779334266.011445,0,0.000000,0.000000,0.000000,0.000000,-54.720000,0.270000,-0.200000,0.000000,48.000000,52.580000
1779334266.134312,0,0.000000,0.000000,0.000000,0.000000,-54.720000,0.270000,-0.200000,0.000000,48.000000,52.590000
1779334266.135312,0,0.000000,0.000000,0.000000,0.000000,-54.720000,0.270000,-0.200000,0.000000,48.000000,52.610000
1779334266.136312,0,0.000000,0.000000,0.000000,0.000000,-54.720000,0.270000,-0.200000,0.000000,48.000000,52.610000
1779334266.136812,0,0.000000,0.000000,0.000000,0.000000,-54.720000,0.270000,-0.200000,0.000000,48.000000,52.630000
1779334266.198817,0,0.000000,0.000000,0.000000,0.000000,188.910000,0.230000,-0.200000,0.000000,51.000000,52.660000
1779334266.199818,0,0.000000,0.000000,0.000000,0.000000,302.140000,0.100000,-0.310000,0.000000,48.000000,52.740000
1779334266.303818,0,0.000000,0.000000,0.000000,0.000000,302.140000,0.100000,-0.310000,0.000000,48.000000,52.750000
1779334266.305319,0,0.000000,0.000000,0.000000,0.000000,-150.380000,0.100000,-0.340000,0.000000,48.000000,52.750000
1779334266.333823,0,0.000000,0.000000,0.000000,0.000000,-150.380000,0.100000,-0.340000,0.000000,48.000000,52.790000
1779334266.334323,0,0.000000,0.000000,0.000000,0.000000,-150.380000,0.100000,-0.340000,0.000000,48.000000,52.790000
1779334266.335323,0,0.000000,0.000000,0.000000,0.000000,-150.380000,0.100000,-0.340000,0.000000,48.000000,52.810000
1779334266.379865,0,0.000000,0.000000,0.000000,0.000000,-259.020000,0.110000,-0.340000,0.000000,49.000000,52.900000
1779334266.423365,0,0.000000,0.000000,0.000000,0.000000,-181.860000,0.170000,-0.330000,0.000000,48.000000,52.930000
1779334266.446371,0,0.000000,0.000000,0.000000,0.000000,-181.860000,0.170000,-0.330000,0.000000,48.000000,52.930000
1779334266.468877,0,0.000000,0.000000,0.000000,0.000000,-181.860000,0.170000,-0.330000,0.000000,48.000000,52.950000
1779334266.536461,0,0.000000,0.000000,0.000000,0.000000,-116.020000,0.250000,-0.250000,0.000000,48.000000,52.970000
1779334266.544962,0,0.000000,0.000000,0.000000,0.000000,-4.050000,0.340000,-0.150000,0.000000,48.000000,53.020000
1779334266.545961,0,0.000000,0.000000,0.000000,0.000000,-4.050000,0.340000,-0.150000,0.000000,48.000000,53.040000
1779334266.558966,0,0.000000,0.000000,0.000000,0.000000,-4.050000,0.340000,-0.150000,0.000000,48.000000,53.060000
1779334266.573513,0,0.000000,0.000000,0.000000,0.000000,82.940000,0.400000,-0.070000,0.000000,48.000000,53.090000
1779334266.575013,0,0.000000,0.000000,0.000000,0.000000,-273.580000,0.460000,0.000000,0.000000,48.000000,53.150000
1779334266.581513,0,0.000000,0.000000,0.000000,0.000000,-273.580000,0.460000,0.000000,0.000000,48.000000,53.160000
1779334266.619512,0,0.000000,0.000000,0.000000,0.000000,-212.740000,0.510000,0.050000,0.000000,48.000000,53.180000
1779334266.620512,0,0.000000,0.000000,0.000000,0.000000,-212.740000,0.510000,0.050000,0.000000,48.000000,53.180000
1779334266.621512,0,0.000000,0.000000,0.000000,0.000000,-212.740000,0.510000,0.050000,0.000000,48.000000,53.200000
1779334266.622012,0,0.000000,0.000000,0.000000,0.000000,-212.740000,0.510000,0.050000,0.000000,48.000000,53.200000
1779334266.648512,0,0.000000,0.000000,0.000000,0.000000,-212.740000,0.510000,0.050000,0.000000,48.000000,53.220000
1779334266.649512,0,0.000000,0.000000,0.000000,0.000000,193.670000,0.570000,0.120000,0.000000,48.000000,53.240000
1779334266.664014,0,0.000000,0.000000,0.000000,0.000000,193.670000,0.570000,0.120000,0.000000,48.000000,53.250000
1779334266.709556,0,0.000000,0.000000,0.000000,0.000000,193.670000,0.570000,0.120000,0.000000,48.000000,53.250000
1779334266.732055,0,0.000000,0.000000,0.000000,0.000000,193.670000,0.570000,0.120000,0.000000,48.000000,53.270000
1779334266.747062,0,0.000000,0.000000,0.000000,0.000000,256.610000,0.600000,0.180000,0.000000,48.000000,53.270000
1779334266.770075,0,0.000000,0.000000,0.000000,0.000000,256.610000,0.600000,0.180000,0.000000,48.000000,53.290000
1779334266.889101,0,0.000000,0.000000,0.000000,0.000000,256.610000,0.600000,0.180000,0.000000,48.000000,53.310000
1779334266.890601,0,0.000000,0.000000,0.000000,0.000000,-38.750000,0.580000,0.200000,0.000000,48.000000,53.330000
1779334266.891102,0,0.000000,0.000000,0.000000,0.000000,-38.750000,0.580000,0.200000,0.000000,48.000000,53.340000
1779334266.891602,0,0.000000,0.000000,0.000000,0.000000,-38.750000,0.580000,0.200000,0.000000,48.000000,53.360000
1779334266.904102,0,0.000000,0.000000,0.000000,0.000000,-98.540000,0.560000,0.180000,0.000000,48.000000,53.400000
1779334266.905102,0,0.000000,0.000000,0.000000,0.000000,-120.950000,0.510000,0.140000,0.000000,48.000000,53.490000
1779334266.919602,0,0.000000,0.000000,0.000000,0.000000,-120.950000,0.510000,0.140000,0.000000,48.000000,53.500000
1779334266.964602,0,0.000000,0.000000,0.000000,0.000000,-120.950000,0.510000,0.140000,0.000000,48.000000,53.520000
1779334266.965602,0,0.000000,0.000000,0.000000,0.000000,-120.950000,0.510000,0.140000,0.000000,48.000000,53.520000
1779334266.966601,0,0.000000,0.000000,0.000000,0.000000,-15.010000,0.470000,0.100000,0.000000,48.000000,53.540000
1779334267.016716,0,0.000000,0.000000,0.000000,0.000000,-15.010000,0.470000,0.100000,0.000000,48.000000,53.540000
1779334267.061246,0,0.000000,0.000000,0.000000,0.000000,-15.010000,0.470000,0.100000,0.000000,48.000000,53.560000
1779334267.062747,0,0.000000,0.000000,0.000000,0.000000,-15.010000,0.470000,0.100000,0.000000,48.000000,53.560000
1779334267.063746,0,0.000000,0.000000,0.000000,0.000000,-15.010000,0.470000,0.100000,0.000000,48.000000,53.580000
1779334267.064746,0,0.000000,0.000000,0.000000,0.000000,83.480000,0.430000,0.070000,0.000000,48.000000,53.610000
1779334267.076747,0,0.000000,0.000000,0.000000,0.000000,-89.360000,0.370000,0.010000,0.000000,48.000000,53.650000
1779334267.077747,0,0.000000,0.000000,0.000000,0.000000,-89.360000,0.370000,0.010000,0.000000,48.000000,53.660000
1779334267.091248,0,0.000000,0.000000,0.000000,0.000000,-89.360000,0.370000,0.010000,0.000000,48.000000,53.680000
1779334267.106245,0,0.000000,0.000000,0.000000,0.000000,-89.360000,0.370000,0.010000,0.000000,48.000000,53.680000
1779334267.144232,0,0.000000,0.000000,0.000000,0.000000,-12.220000,0.330000,-0.010000,0.000000,48.000000,53.700000
1779334267.146235,0,0.000000,0.000000,0.000000,0.000000,-12.220000,0.330000,-0.010000,0.000000,48.000000,53.700000
1779334267.147231,0,0.000000,0.000000,0.000000,0.000000,-12.220000,0.330000,-0.010000,0.000000,48.000000,53.720000
1779334267.148231,0,0.000000,0.000000,0.000000,0.000000,-12.220000,0.330000,-0.010000,0.000000,48.000000,53.720000
1779334267.159231,0,0.000000,0.000000,0.000000,0.000000,-12.220000,0.330000,-0.010000,0.000000,48.000000,53.740000
1779334267.212032,0,0.000000,0.000000,0.000000,0.000000,267.270000,0.280000,-0.070000,0.000000,48.000000,53.750000
1779334267.213032,0,0.000000,0.000000,0.000000,0.000000,267.270000,0.280000,-0.070000,0.000000,48.000000,53.770000
1779334267.233089,0,0.000000,0.000000,0.000000,0.000000,267.270000,0.280000,-0.070000,0.000000,48.000000,53.770000
1779334267.234089,0,0.000000,0.000000,0.000000,0.000000,267.270000,0.280000,-0.070000,0.000000,48.000000,53.790000
1779334267.235089,0,0.000000,0.000000,0.000000,0.000000,164.910000,0.150000,-0.250000,0.000000,48.000000,53.810000
1779334267.236089,0,0.000000,0.000000,0.000000,0.000000,164.910000,0.150000,-0.250000,0.000000,48.000000,53.810000
1779334267.248623,0,0.000000,0.000000,0.000000,0.000000,164.910000,0.150000,-0.250000,0.000000,48.000000,53.830000
1779334267.279954,0,0.000000,0.000000,0.000000,0.000000,164.910000,0.150000,-0.250000,0.000000,48.000000,53.840000
1779334267.280954,0,0.000000,0.000000,0.000000,0.000000,-209.610000,0.100000,-0.340000,0.000000,48.000000,53.840000
1779334267.317084,0,0.000000,0.000000,0.000000,0.000000,-209.610000,0.100000,-0.340000,0.000000,48.000000,53.860000
1779334267.318584,0,0.000000,0.000000,0.000000,0.000000,-209.610000,0.100000,-0.340000,0.000000,48.000000,53.860000
1779334267.338595,0,0.000000,0.000000,0.000000,0.000000,-209.610000,0.100000,-0.340000,0.000000,48.000000,53.880000
1779334267.362141,0,0.000000,0.000000,0.000000,0.000000,-209.610000,0.100000,-0.340000,0.000000,48.000000,53.880000
1779334267.363141,0,0.000000,0.000000,0.000000,0.000000,153.220000,0.140000,-0.360000,0.000000,48.000000,53.900000
1779334267.363641,0,0.000000,0.000000,0.000000,0.000000,153.220000,0.140000,-0.360000,0.000000,48.000000,53.910000
1779334267.376142,0,0.000000,0.000000,0.000000,0.000000,153.220000,0.140000,-0.360000,0.000000,48.000000,53.930000
1779334267.377641,0,0.000000,0.000000,0.000000,0.000000,-60.900000,0.180000,-0.370000,0.000000,48.000000,53.950000
1779334267.391641,0,0.000000,0.000000,0.000000,0.000000,-60.900000,0.180000,-0.370000,0.000000,48.000000,53.970000
1779334267.399142,0,0.000000,0.000000,0.000000,0.000000,-60.900000,0.180000,-0.370000,0.000000,48.000000,53.970000
1779334267.429445,0,0.000000,0.000000,0.000000,0.000000,-60.900000,0.180000,-0.370000,0.000000,48.000000,53.990000
1779334267.431443,0,0.000000,0.000000,0.000000,0.000000,-71.690000,0.230000,-0.370000,0.000000,48.000000,54.000000
1779334267.431943,0,0.000000,0.000000,0.000000,0.000000,-71.690000,0.230000,-0.370000,0.000000,48.000000,54.020000
1779334267.436445,0,0.000000,0.000000,0.000000,0.000000,-71.690000,0.230000,-0.370000,0.000000,48.000000,54.020000
1779334267.451444,0,0.000000,0.000000,0.000000,0.000000,-71.690000,0.230000,-0.370000,0.000000,48.000000,54.040000
1779334267.459062,0,0.000000,0.000000,0.000000,0.000000,-71.690000,0.230000,-0.370000,0.000000,48.000000,54.040000
1779334267.481655,0,0.000000,0.000000,0.000000,0.000000,151.470000,0.300000,-0.360000,0.000000,48.000000,54.060000
1779334267.482156,0,0.000000,0.000000,0.000000,0.000000,151.470000,0.300000,-0.360000,0.000000,48.000000,54.060000
1779334267.504155,0,0.000000,0.000000,0.000000,0.000000,151.470000,0.300000,-0.360000,0.000000,48.000000,54.080000
1779334267.505655,0,0.000000,0.000000,0.000000,0.000000,151.470000,0.300000,-0.360000,0.000000,48.000000,54.090000
1779334267.535081,0,0.000000,0.000000,0.000000,0.000000,151.470000,0.300000,-0.360000,0.000000,48.000000,54.090000
1779334267.536581,0,0.000000,0.000000,0.000000,0.000000,152.970000,0.340000,-0.340000,0.000000,48.000000,54.110000
1779334267.548581,0,0.000000,0.000000,0.000000,0.000000,152.970000,0.340000,-0.340000,0.000000,48.000000,54.110000
1779334267.549581,0,0.000000,0.000000,0.000000,0.000000,152.970000,0.340000,-0.340000,0.000000,48.000000,54.130000
1779334267.556586,0,0.000000,0.000000,0.000000,0.000000,152.970000,0.340000,-0.340000,0.000000,48.000000,54.130000
1779334267.593611,0,0.000000,0.000000,0.000000,0.000000,152.970000,0.340000,-0.340000,0.000000,48.000000,54.150000
1779334267.608609,0,0.000000,0.000000,0.000000,0.000000,-201.910000,0.380000,-0.310000,0.000000,48.000000,54.160000
1779334267.616111,0,0.000000,0.000000,0.000000,0.000000,-201.910000,0.380000,-0.310000,0.000000,48.000000,54.180000
1779334267.662657,0,0.000000,0.000000,0.000000,0.000000,-201.910000,0.380000,-0.310000,0.000000,48.000000,54.180000
1779334267.663157,0,0.000000,0.000000,0.000000,0.000000,-201.910000,0.380000,-0.310000,0.000000,48.000000,54.200000
1779334267.664156,0,0.000000,0.000000,0.000000,0.000000,-201.910000,0.380000,-0.310000,0.000000,48.000000,54.200000
1779334267.665157,0,0.000000,0.000000,0.000000,0.000000,-170.110000,0.430000,-0.270000,0.000000,48.000000,54.220000
1779334267.683184,0,0.000000,0.000000,0.000000,0.000000,-170.110000,0.430000,-0.270000,0.000000,48.000000,54.250000
1779334267.684183,0,0.000000,0.000000,0.000000,0.000000,-291.140000,0.500000,-0.180000,0.000000,48.000000,54.270000
1779334267.698579,0,0.000000,0.000000,0.000000,0.000000,-291.140000,0.500000,-0.180000,0.000000,48.000000,54.290000
1779334267.700080,0,0.000000,0.000000,0.000000,0.000000,-291.140000,0.500000,-0.180000,0.000000,48.000000,54.290000
1779334267.714080,0,0.000000,0.000000,0.000000,0.000000,-291.140000,0.500000,-0.180000,0.000000,48.000000,54.290000
1779334267.736620,0,0.000000,0.000000,0.000000,0.000000,-309.040000,0.560000,-0.070000,0.000000,48.000000,54.310000
1779334267.751647,0,0.000000,0.000000,0.000000,0.000000,-309.040000,0.560000,-0.070000,0.000000,48.000000,54.330000
1779334267.753614,0,0.000000,0.000000,0.000000,0.000000,-309.040000,0.560000,-0.070000,0.000000,48.000000,54.340000
1779334267.766613,0,0.000000,0.000000,0.000000,0.000000,-309.040000,0.560000,-0.070000,0.000000,48.000000,54.340000
1779334267.788740,0,0.000000,0.000000,0.000000,0.000000,-309.040000,0.560000,-0.070000,0.000000,48.000000,54.360000
1779334267.789740,0,0.000000,0.000000,0.000000,0.000000,-201.080000,0.580000,0.000000,0.000000,48.000000,54.380000
1779334267.804804,0,0.000000,0.000000,0.000000,0.000000,-201.080000,0.580000,0.000000,0.000000,48.000000,54.380000
1779334267.806305,0,0.000000,0.000000,0.000000,0.000000,-201.080000,0.580000,0.000000,0.000000,48.000000,54.400000
1779334267.848303,0,0.000000,0.000000,0.000000,0.000000,-201.080000,0.580000,0.000000,0.000000,48.000000,54.400000
1779334267.849807,0,0.000000,0.000000,0.000000,0.000000,38.270000,0.580000,0.050000,0.000000,48.000000,54.410000
1779334267.850805,0,0.000000,0.000000,0.000000,0.000000,38.270000,0.580000,0.050000,0.000000,48.000000,54.430000
1779334267.851804,0,0.000000,0.000000,0.000000,0.000000,38.270000,0.580000,0.050000,0.000000,48.000000,54.430000
1779334267.863901,0,0.000000,0.000000,0.000000,0.000000,38.270000,0.580000,0.050000,0.000000,48.000000,54.450000
1779334267.886400,0,0.000000,0.000000,0.000000,0.000000,38.270000,0.580000,0.050000,0.000000,48.000000,54.450000
1779334267.887401,0,0.000000,0.000000,0.000000,0.000000,244.380000,0.560000,0.030000,0.000000,48.000000,54.470000
1779334267.893901,0,0.000000,0.000000,0.000000,0.000000,244.380000,0.560000,0.030000,0.000000,48.000000,54.490000
1779334267.961457,0,0.000000,0.000000,0.000000,0.000000,244.380000,0.560000,0.030000,0.000000,48.000000,54.500000
1779334267.961958,0,0.000000,0.000000,0.000000,0.000000,244.380000,0.560000,0.030000,0.000000,48.000000,54.500000
1779334267.962958,0,0.000000,0.000000,0.000000,0.000000,244.380000,0.560000,0.030000,0.000000,48.000000,54.520000
1779334267.963958,0,0.000000,0.000000,0.000000,0.000000,157.880000,0.540000,0.010000,0.000000,48.000000,54.520000
1779334267.983996,0,0.000000,0.000000,0.000000,0.000000,157.880000,0.540000,0.010000,0.000000,48.000000,54.560000
1779334267.984996,0,0.000000,0.000000,0.000000,0.000000,157.880000,0.540000,0.010000,0.000000,48.000000,54.560000
1779334267.991502,0,0.000000,0.000000,0.000000,0.000000,-296.920000,0.500000,0.000000,0.000000,48.000000,54.580000
1779334267.998502,0,0.000000,0.000000,0.000000,0.000000,-296.920000,0.500000,0.000000,0.000000,48.000000,54.590000
1779334268.022548,0,0.000000,0.000000,0.000000,0.000000,-296.920000,0.500000,0.000000,0.000000,48.000000,54.590000
1779334268.024047,0,0.000000,0.000000,0.000000,0.000000,-296.920000,0.500000,0.000000,0.000000,48.000000,54.610000
1779334268.037048,0,0.000000,0.000000,0.000000,0.000000,-296.920000,0.500000,0.000000,0.000000,48.000000,54.610000
1779334268.051047,0,0.000000,0.000000,0.000000,0.000000,323.540000,0.470000,0.000000,0.000000,48.000000,54.630000
1779334268.052047,0,0.000000,0.000000,0.000000,0.000000,323.540000,0.470000,0.000000,0.000000,48.000000,54.630000
1779334268.058553,0,0.000000,0.000000,0.000000,0.000000,323.540000,0.470000,0.000000,0.000000,48.000000,54.650000
1779334268.074099,0,0.000000,0.000000,0.000000,0.000000,323.540000,0.470000,0.000000,0.000000,48.000000,54.650000
1779334268.082600,0,0.000000,0.000000,0.000000,0.000000,323.540000,0.470000,0.000000,0.000000,48.000000,54.660000
1779334268.097600,0,0.000000,0.000000,0.000000,0.000000,305.640000,0.430000,-0.030000,0.000000,48.000000,54.680000
1779334268.103636,0,0.000000,0.000000,0.000000,0.000000,305.640000,0.430000,-0.030000,0.000000,48.000000,54.680000
1779334268.126550,0,0.000000,0.000000,0.000000,0.000000,305.640000,0.430000,-0.030000,0.000000,48.000000,54.700000
1779334268.129516,0,0.000000,0.000000,0.000000,0.000000,305.640000,0.430000,-0.030000,0.000000,48.000000,54.700000
1779334268.149017,0,0.000000,0.000000,0.000000,0.000000,305.640000,0.430000,-0.030000,0.000000,48.000000,54.720000
1779334268.156016,0,0.000000,0.000000,0.000000,0.000000,65.550000,0.370000,-0.070000,0.000000,48.000000,54.740000
1779334268.164037,0,0.000000,0.000000,0.000000,0.000000,65.550000,0.370000,-0.070000,0.000000,48.000000,54.750000
1779334268.171037,0,0.000000,0.000000,0.000000,0.000000,65.550000,0.370000,-0.070000,0.000000,48.000000,54.750000
1779334268.186537,0,0.000000,0.000000,0.000000,0.000000,65.550000,0.370000,-0.070000,0.000000,48.000000,54.770000
1779334268.193537,0,0.000000,0.000000,0.000000,0.000000,65.550000,0.370000,-0.070000,0.000000,48.000000,54.770000
1779334268.209036,0,0.000000,0.000000,0.000000,0.000000,82.160000,0.330000,-0.100000,0.000000,48.000000,54.790000
1779334268.216036,0,0.000000,0.000000,0.000000,0.000000,82.160000,0.330000,-0.100000,0.000000,48.000000,54.810000
1779334268.247066,0,0.000000,0.000000,0.000000,0.000000,82.160000,0.330000,-0.100000,0.000000,48.000000,54.810000
1779334268.248567,0,0.000000,0.000000,0.000000,0.000000,82.160000,0.330000,-0.100000,0.000000,48.000000,54.810000
1779334268.249067,0,0.000000,0.000000,0.000000,0.000000,82.160000,0.330000,-0.100000,0.000000,48.000000,54.830000
1779334268.262065,0,0.000000,0.000000,0.000000,0.000000,82.160000,0.330000,-0.100000,0.000000,48.000000,54.840000
1779334268.276615,0,0.000000,0.000000,0.000000,0.000000,82.160000,0.330000,-0.100000,0.000000,48.000000,54.860000
1779334268.284115,0,0.000000,0.000000,0.000000,0.000000,82.160000,0.330000,-0.100000,0.000000,48.000000,54.860000
1779334268.299154,0,0.000000,0.000000,0.000000,0.000000,82.160000,0.330000,-0.100000,0.000000,48.000000,54.880000
1779334268.306154,0,0.000000,0.000000,0.000000,0.000000,322.320000,0.280000,-0.120000,0.000000,51.000000,54.880000
1779334268.321681,0,0.000000,0.000000,0.000000,0.000000,322.320000,0.280000,-0.120000,0.000000,51.000000,54.900000
1779334268.328682,0,0.000000,0.000000,0.000000,0.000000,322.320000,0.280000,-0.120000,0.000000,51.000000,54.900000
1779334268.336183,0,0.000000,0.000000,0.000000,0.000000,322.320000,0.280000,-0.120000,0.000000,51.000000,54.910000
1779334268.352340,0,0.000000,0.000000,0.000000,0.000000,322.320000,0.280000,-0.120000,0.000000,51.000000,54.930000
1779334268.359341,0,0.000000,0.000000,0.000000,0.000000,253.610000,0.100000,-0.280000,0.000000,48.000000,54.950000
1779334268.374340,0,0.000000,0.000000,0.000000,0.000000,253.610000,0.100000,-0.280000,0.000000,48.000000,54.950000
1779334268.381339,0,0.000000,0.000000,0.000000,0.000000,253.610000,0.100000,-0.280000,0.000000,48.000000,54.970000
1779334268.388840,0,0.000000,0.000000,0.000000,0.000000,253.610000,0.100000,-0.280000,0.000000,48.000000,54.970000
1779334268.407167,0,0.000000,0.000000,0.000000,0.000000,253.610000,0.100000,-0.280000,0.000000,48.000000,54.990000
1779334268.411169,0,0.000000,0.000000,0.000000,0.000000,99.360000,0.120000,-0.360000,0.000000,48.000000,55.000000
1779334268.426277,0,0.000000,0.000000,0.000000,0.000000,99.360000,0.120000,-0.360000,0.000000,48.000000,55.000000
1779334268.441283,0,0.000000,0.000000,0.000000,0.000000,99.360000,0.120000,-0.360000,0.000000,48.000000,55.020000
1779334268.448709,0,0.000000,0.000000,0.000000,0.000000,99.360000,0.120000,-0.360000,0.000000,48.000000,55.020000
1779334268.472574,0,0.000000,0.000000,0.000000,0.000000,85.500000,0.150000,-0.380000,0.000000,48.000000,55.040000
1779334268.474073,0,0.000000,0.000000,0.000000,0.000000,85.500000,0.150000,-0.380000,0.000000,48.000000,55.060000
1779334268.479074,0,0.000000,0.000000,0.000000,0.000000,85.500000,0.150000,-0.380000,0.000000,48.000000,55.060000
1779334268.486573,0,0.000000,0.000000,0.000000,0.000000,85.500000,0.150000,-0.380000,0.000000,48.000000,55.080000
1779334268.501573,0,0.000000,0.000000,0.000000,0.000000,85.500000,0.150000,-0.380000,0.000000,48.000000,55.090000
1779334268.509073,0,0.000000,0.000000,0.000000,0.000000,85.500000,0.150000,-0.380000,0.000000,48.000000,55.090000
1779334268.532581,0,0.000000,0.000000,0.000000,0.000000,-82.010000,0.200000,-0.400000,0.000000,48.000000,55.110000
1779334268.533082,0,0.000000,0.000000,0.000000,0.000000,-82.010000,0.200000,-0.400000,0.000000,48.000000,55.110000
1779334268.577084,0,0.000000,0.000000,0.000000,0.000000,-82.010000,0.200000,-0.400000,0.000000,48.000000,55.130000
1779334268.578583,0,0.000000,0.000000,0.000000,0.000000,-82.010000,0.200000,-0.400000,0.000000,48.000000,55.130000
1779334268.579083,0,0.000000,0.000000,0.000000,0.000000,146.360000,0.250000,-0.410000,0.000000,48.000000,55.150000
1779334268.583084,0,0.000000,0.000000,0.000000,0.000000,146.360000,0.250000,-0.410000,0.000000,48.000000,55.150000
1779334268.592084,0,0.000000,0.000000,0.000000,0.000000,146.360000,0.250000,-0.410000,0.000000,48.000000,55.160000
1779334268.593084,0,0.000000,0.000000,0.000000,0.000000,146.360000,0.250000,-0.410000,0.000000,48.000000,55.180000
1779334268.613483,0,0.000000,0.000000,0.000000,0.000000,146.360000,0.250000,-0.410000,0.000000,48.000000,55.180000
1779334268.614483,0,0.000000,0.000000,0.000000,0.000000,29.650000,0.310000,-0.430000,0.000000,48.000000,55.200000
1779334268.628997,0,0.000000,0.000000,0.000000,0.000000,29.650000,0.310000,-0.430000,0.000000,48.000000,55.200000
1779334268.629997,0,0.000000,0.000000,0.000000,0.000000,29.650000,0.310000,-0.430000,0.000000,48.000000,55.220000
1779334268.690590,0,0.000000,0.000000,0.000000,0.000000,29.650000,0.310000,-0.430000,0.000000,48.000000,55.220000
1779334268.704090,0,0.000000,0.000000,0.000000,0.000000,29.650000,0.310000,-0.430000,0.000000,48.000000,55.240000
1779334268.705590,0,0.000000,0.000000,0.000000,0.000000,172.490000,0.360000,-0.430000,0.000000,48.000000,55.250000
1779334268.733590,0,0.000000,0.000000,0.000000,0.000000,172.490000,0.360000,-0.430000,0.000000,48.000000,55.270000
1779334268.734590,0,0.000000,0.000000,0.000000,0.000000,172.490000,0.360000,-0.430000,0.000000,48.000000,55.290000
1779334268.735590,0,0.000000,0.000000,0.000000,0.000000,172.490000,0.360000,-0.430000,0.000000,48.000000,55.290000
1779334268.736590,0,0.000000,0.000000,0.000000,0.000000,-141.770000,0.400000,-0.410000,0.000000,48.000000,55.310000
1779334268.741090,0,0.000000,0.000000,0.000000,0.000000,-141.770000,0.400000,-0.410000,0.000000,48.000000,55.330000
1779334268.771089,0,0.000000,0.000000,0.000000,0.000000,-141.770000,0.400000,-0.410000,0.000000,48.000000,55.340000
1779334268.772089,0,0.000000,0.000000,0.000000,0.000000,-141.770000,0.400000,-0.410000,0.000000,48.000000,55.340000
1779334268.773088,0,0.000000,0.000000,0.000000,0.000000,154.110000,0.460000,-0.370000,0.000000,48.000000,55.360000
1779334268.786595,0,0.000000,0.000000,0.000000,0.000000,154.110000,0.460000,-0.370000,0.000000,48.000000,55.360000
1779334268.794095,0,0.000000,0.000000,0.000000,0.000000,154.110000,0.460000,-0.370000,0.000000,48.000000,55.380000
1779334268.809595,0,0.000000,0.000000,0.000000,0.000000,154.110000,0.460000,-0.370000,0.000000,48.000000,55.380000
1779334268.816595,0,0.000000,0.000000,0.000000,0.000000,154.110000,0.460000,-0.370000,0.000000,48.000000,55.400000
1779334268.824095,0,0.000000,0.000000,0.000000,0.000000,-6.030000,0.510000,-0.270000,0.000000,48.000000,55.410000
1779334268.839095,0,0.000000,0.000000,0.000000,0.000000,-6.030000,0.510000,-0.270000,0.000000,48.000000,55.430000
1779334268.861595,0,0.000000,0.000000,0.000000,0.000000,-6.030000,0.510000,-0.270000,0.000000,48.000000,55.430000
1779334268.862595,0,0.000000,0.000000,0.000000,0.000000,-6.030000,0.510000,-0.270000,0.000000,48.000000,55.450000
1779334268.868596,0,0.000000,0.000000,0.000000,0.000000,-6.030000,0.510000,-0.270000,0.000000,48.000000,55.450000
1779334268.876095,0,0.000000,0.000000,0.000000,0.000000,269.660000,0.560000,-0.170000,0.000000,48.000000,55.470000
1779334268.883595,0,0.000000,0.000000,0.000000,0.000000,269.660000,0.560000,-0.170000,0.000000,48.000000,55.470000
1779334268.899096,0,0.000000,0.000000,0.000000,0.000000,269.660000,0.560000,-0.170000,0.000000,48.000000,55.490000
1779334268.906095,0,0.000000,0.000000,0.000000,0.000000,269.660000,0.560000,-0.170000,0.000000,48.000000,55.500000
1779334268.921595,0,0.000000,0.000000,0.000000,0.000000,269.660000,0.560000,-0.170000,0.000000,48.000000,55.500000
1779334268.928753,0,0.000000,0.000000,0.000000,0.000000,120.800000,0.560000,-0.100000,0.000000,48.000000,55.520000
1779334268.951652,0,0.000000,0.000000,0.000000,0.000000,120.800000,0.560000,-0.100000,0.000000,48.000000,55.520000
1779334268.952651,0,0.000000,0.000000,0.000000,0.000000,120.800000,0.560000,-0.100000,0.000000,48.000000,55.540000
1779334268.966653,0,0.000000,0.000000,0.000000,0.000000,120.800000,0.560000,-0.100000,0.000000,48.000000,55.540000
1779334268.973658,0,0.000000,0.000000,0.000000,0.000000,120.800000,0.560000,-0.100000,0.000000,48.000000,55.560000
1779334268.989666,0,0.000000,0.000000,0.000000,0.000000,-83.160000,0.550000,-0.100000,0.000000,48.000000,55.560000
1779334269.004176,0,0.000000,0.000000,0.000000,0.000000,-83.160000,0.550000,-0.100000,0.000000,48.000000,55.580000
1779334269.011676,0,0.000000,0.000000,0.000000,0.000000,-83.160000,0.550000,-0.100000,0.000000,48.000000,55.590000
1779334269.019176,0,0.000000,0.000000,0.000000,0.000000,-83.160000,0.550000,-0.100000,0.000000,48.000000,55.590000
1779334269.034323,0,0.000000,0.000000,0.000000,0.000000,-83.160000,0.550000,-0.100000,0.000000,48.000000,55.610000
1779334269.041323,0,0.000000,0.000000,0.000000,0.000000,-83.160000,0.550000,-0.100000,0.000000,48.000000,55.630000
1779334269.071373,0,0.000000,0.000000,0.000000,0.000000,-83.160000,0.550000,-0.100000,0.000000,48.000000,55.630000
1779334269.073374,0,0.000000,0.000000,0.000000,0.000000,-83.160000,0.550000,-0.100000,0.000000,48.000000,55.650000
1779334269.073874,0,0.000000,0.000000,0.000000,0.000000,-83.160000,0.550000,-0.100000,0.000000,48.000000,55.650000
1779334269.086426,0,0.000000,0.000000,0.000000,0.000000,-84.270000,0.520000,-0.100000,0.000000,51.000000,55.680000
1779334269.102046,0,0.000000,0.000000,0.000000,0.000000,-84.270000,0.520000,-0.100000,0.000000,51.000000,55.680000
1779334269.116431,0,0.000000,0.000000,0.000000,0.000000,-84.270000,0.520000,-0.100000,0.000000,51.000000,55.700000
1779334269.146468,0,0.000000,0.000000,0.000000,0.000000,-84.270000,0.520000,-0.100000,0.000000,51.000000,55.700000
1779334269.147468,0,0.000000,0.000000,0.000000,0.000000,-84.270000,0.520000,-0.100000,0.000000,51.000000,55.720000
1779334269.147968,0,0.000000,0.000000,0.000000,0.000000,-269.970000,0.500000,-0.110000,0.000000,48.000000,55.720000
1779334269.149467,0,0.000000,0.000000,0.000000,0.000000,-269.970000,0.500000,-0.110000,0.000000,48.000000,55.740000
1779334269.161467,0,0.000000,0.000000,0.000000,0.000000,-269.970000,0.500000,-0.110000,0.000000,48.000000,55.750000
1779334269.176468,0,0.000000,0.000000,0.000000,0.000000,-269.970000,0.500000,-0.110000,0.000000,48.000000,55.750000
1779334269.177467,0,0.000000,0.000000,0.000000,0.000000,-269.970000,0.500000,-0.110000,0.000000,48.000000,55.770000
1779334269.205976,0,0.000000,0.000000,0.000000,0.000000,71.440000,0.460000,-0.120000,0.000000,48.000000,55.770000
1779334269.206975,0,0.000000,0.000000,0.000000,0.000000,71.440000,0.460000,-0.120000,0.000000,48.000000,55.790000
1779334269.207975,0,0.000000,0.000000,0.000000,0.000000,71.440000,0.460000,-0.120000,0.000000,48.000000,55.790000
1779334269.222005,0,0.000000,0.000000,0.000000,0.000000,71.440000,0.460000,-0.120000,0.000000,48.000000,55.810000
1779334269.244004,0,0.000000,0.000000,0.000000,0.000000,71.440000,0.460000,-0.120000,0.000000,48.000000,55.810000
1779334269.245004,0,0.000000,0.000000,0.000000,0.000000,-121.190000,0.430000,-0.150000,0.000000,48.000000,55.830000
1779334269.258970,0,0.000000,0.000000,0.000000,0.000000,-121.190000,0.430000,-0.150000,0.000000,48.000000,55.840000
1779334269.259469,0,0.000000,0.000000,0.000000,0.000000,-121.190000,0.430000,-0.150000,0.000000,48.000000,55.840000
1779334269.274015,0,0.000000,0.000000,0.000000,0.000000,-121.190000,0.430000,-0.150000,0.000000,48.000000,55.860000
1779334269.295528,0,0.000000,0.000000,0.000000,0.000000,-121.190000,0.430000,-0.150000,0.000000,48.000000,55.860000
1779334269.296528,0,0.000000,0.000000,0.000000,0.000000,152.470000,0.380000,-0.150000,0.000000,48.000000,55.880000
1779334269.304528,0,0.000000,0.000000,0.000000,0.000000,152.470000,0.380000,-0.150000,0.000000,48.000000,55.880000
1779334269.326439,0,0.000000,0.000000,0.000000,0.000000,152.470000,0.380000,-0.150000,0.000000,48.000000,55.900000
1779334269.327439,0,0.000000,0.000000,0.000000,0.000000,152.470000,0.380000,-0.150000,0.000000,48.000000,55.900000
1779334269.341645,0,0.000000,0.000000,0.000000,0.000000,152.470000,0.380000,-0.150000,0.000000,48.000000,55.910000
1779334269.349644,0,0.000000,0.000000,0.000000,0.000000,107.160000,0.340000,-0.180000,0.000000,48.000000,55.930000
1779334269.386656,0,0.000000,0.000000,0.000000,0.000000,107.160000,0.340000,-0.180000,0.000000,48.000000,55.950000
1779334269.387159,0,0.000000,0.000000,0.000000,0.000000,107.160000,0.340000,-0.180000,0.000000,48.000000,55.950000
1779334269.388156,0,0.000000,0.000000,0.000000,0.000000,107.160000,0.340000,-0.180000,0.000000,48.000000,55.970000
1779334269.393658,0,0.000000,0.000000,0.000000,0.000000,107.160000,0.340000,-0.180000,0.000000,48.000000,55.970000
1779334269.416157,0,0.000000,0.000000,0.000000,0.000000,107.160000,0.340000,-0.180000,0.000000,48.000000,55.990000
1779334269.417156,0,0.000000,0.000000,0.000000,0.000000,107.160000,0.340000,-0.180000,0.000000,48.000000,56.000000
1779334269.423666,0,0.000000,0.000000,0.000000,0.000000,107.160000,0.340000,-0.180000,0.000000,48.000000,56.000000
1779334269.438666,0,0.000000,0.000000,0.000000,0.000000,107.160000,0.340000,-0.180000,0.000000,48.000000,56.020000
1779334269.461513,0,0.000000,0.000000,0.000000,0.000000,307.080000,0.300000,-0.200000,0.000000,51.000000,56.040000
1779334269.463014,0,0.000000,0.000000,0.000000,0.000000,307.080000,0.300000,-0.200000,0.000000,51.000000,56.040000
1779334269.476013,0,0.000000,0.000000,0.000000,0.000000,307.080000,0.300000,-0.200000,0.000000,51.000000,56.060000
1779334269.477013,0,0.000000,0.000000,0.000000,0.000000,307.080000,0.300000,-0.200000,0.000000,51.000000,56.060000
1779334269.498520,0,0.000000,0.000000,0.000000,0.000000,307.080000,0.300000,-0.200000,0.000000,51.000000,56.080000
1779334269.499519,0,0.000000,0.000000,0.000000,0.000000,267.040000,0.140000,-0.340000,0.000000,48.000000,56.090000
1779334269.522090,0,0.000000,0.000000,0.000000,0.000000,267.040000,0.140000,-0.340000,0.000000,48.000000,56.090000
1779334269.522589,0,0.000000,0.000000,0.000000,0.000000,267.040000,0.140000,-0.340000,0.000000,48.000000,56.110000
1779334269.528658,0,0.000000,0.000000,0.000000,0.000000,267.040000,0.140000,-0.340000,0.000000,48.000000,56.110000
1779334269.558666,0,0.000000,0.000000,0.000000,0.000000,267.040000,0.140000,-0.340000,0.000000,48.000000,56.130000
1779334269.560665,0,0.000000,0.000000,0.000000,0.000000,-314.980000,0.150000,-0.370000,0.000000,48.000000,56.130000
1779334269.561666,0,0.000000,0.000000,0.000000,0.000000,-314.980000,0.150000,-0.370000,0.000000,48.000000,56.150000
1779334269.574164,0,0.000000,0.000000,0.000000,0.000000,-314.980000,0.150000,-0.370000,0.000000,48.000000,56.150000
1779334269.596542,0,0.000000,0.000000,0.000000,0.000000,-314.980000,0.150000,-0.370000,0.000000,48.000000,56.160000
1779334269.611040,0,0.000000,0.000000,0.000000,0.000000,-314.980000,0.150000,-0.370000,0.000000,48.000000,56.180000
1779334269.612539,0,0.000000,0.000000,0.000000,0.000000,211.690000,0.180000,-0.360000,0.000000,48.000000,56.200000
1779334269.626040,0,0.000000,0.000000,0.000000,0.000000,211.690000,0.180000,-0.360000,0.000000,48.000000,56.200000
1779334269.633542,0,0.000000,0.000000,0.000000,0.000000,211.690000,0.180000,-0.360000,0.000000,48.000000,56.220000
1779334269.656061,0,0.000000,0.000000,0.000000,0.000000,211.690000,0.180000,-0.360000,0.000000,48.000000,56.220000
1779334269.657060,0,0.000000,0.000000,0.000000,0.000000,211.690000,0.180000,-0.360000,0.000000,48.000000,56.220000
1779334269.658060,0,0.000000,0.000000,0.000000,0.000000,212.770000,0.210000,-0.340000,0.000000,48.000000,56.250000
1779334269.672593,0,0.000000,0.000000,0.000000,0.000000,212.770000,0.210000,-0.340000,0.000000,48.000000,56.250000
1779334269.679094,0,0.000000,0.000000,0.000000,0.000000,212.770000,0.210000,-0.340000,0.000000,48.000000,56.270000
1779334269.694093,0,0.000000,0.000000,0.000000,0.000000,212.770000,0.210000,-0.340000,0.000000,48.000000,56.270000
1779334269.724291,0,0.000000,0.000000,0.000000,0.000000,217.880000,0.280000,-0.280000,0.000000,48.000000,56.290000
1779334269.725291,0,0.000000,0.000000,0.000000,0.000000,217.880000,0.280000,-0.280000,0.000000,48.000000,56.310000
1779334269.726290,0,0.000000,0.000000,0.000000,0.000000,217.880000,0.280000,-0.280000,0.000000,48.000000,56.310000
1779334269.739290,0,0.000000,0.000000,0.000000,0.000000,217.880000,0.280000,-0.280000,0.000000,48.000000,56.330000
1779334269.760783,0,0.000000,0.000000,0.000000,0.000000,217.880000,0.280000,-0.280000,0.000000,48.000000,56.340000
1779334269.761784,0,0.000000,0.000000,0.000000,0.000000,-232.420000,0.340000,-0.200000,0.000000,48.000000,56.340000
1779334269.769284,0,0.000000,0.000000,0.000000,0.000000,-232.420000,0.340000,-0.200000,0.000000,48.000000,56.360000
1779334269.791289,0,0.000000,0.000000,0.000000,0.000000,-232.420000,0.340000,-0.200000,0.000000,48.000000,56.360000
1779334269.792289,0,0.000000,0.000000,0.000000,0.000000,-232.420000,0.340000,-0.200000,0.000000,48.000000,56.380000
1779334269.820781,0,0.000000,0.000000,0.000000,0.000000,-232.420000,0.340000,-0.200000,0.000000,48.000000,56.380000
1779334269.821781,0,0.000000,0.000000,0.000000,0.000000,60.410000,0.400000,-0.110000,0.000000,48.000000,56.400000
1779334269.828781,0,0.000000,0.000000,0.000000,0.000000,60.410000,0.400000,-0.110000,0.000000,48.000000,56.400000
1779334269.836783,0,0.000000,0.000000,0.000000,0.000000,60.410000,0.400000,-0.110000,0.000000,48.000000,56.410000
1779334269.851781,0,0.000000,0.000000,0.000000,0.000000,60.410000,0.400000,-0.110000,0.000000,48.000000,56.430000
1779334269.858781,0,0.000000,0.000000,0.000000,0.000000,60.410000,0.400000,-0.110000,0.000000,48.000000,56.430000
1779334269.873781,0,0.000000,0.000000,0.000000,0.000000,-318.970000,0.460000,-0.050000,0.000000,48.000000,56.450000
1779334269.903782,0,0.000000,0.000000,0.000000,0.000000,-318.970000,0.460000,-0.050000,0.000000,48.000000,56.470000
1779334269.904781,0,0.000000,0.000000,0.000000,0.000000,-318.970000,0.460000,-0.050000,0.000000,48.000000,56.470000
1779334269.905782,0,0.000000,0.000000,0.000000,0.000000,-318.970000,0.460000,-0.050000,0.000000,48.000000,56.490000
1779334269.919582,0,0.000000,0.000000,0.000000,0.000000,111.550000,0.540000,0.020000,0.000000,48.000000,56.500000
1779334269.942593,0,0.000000,0.000000,0.000000,0.000000,111.550000,0.540000,0.020000,0.000000,48.000000,56.520000
1779334269.943591,0,0.000000,0.000000,0.000000,0.000000,111.550000,0.540000,0.020000,0.000000,48.000000,56.520000
1779334269.949091,0,0.000000,0.000000,0.000000,0.000000,111.550000,0.540000,0.020000,0.000000,48.000000,56.520000
1779334269.963464,0,0.000000,0.000000,0.000000,0.000000,111.550000,0.540000,0.020000,0.000000,48.000000,56.540000
1779334269.964464,0,0.000000,0.000000,0.000000,0.000000,-122.470000,0.580000,0.100000,0.000000,48.000000,56.560000
1779334269.979465,0,0.000000,0.000000,0.000000,0.000000,-122.470000,0.580000,0.100000,0.000000,48.000000,56.560000
1779334269.994508,0,0.000000,0.000000,0.000000,0.000000,-122.470000,0.580000,0.100000,0.000000,48.000000,56.580000
1779334270.002007,0,0.000000,0.000000,0.000000,0.000000,-122.470000,0.580000,0.100000,0.000000,48.000000,56.590000
1779334270.038921,0,0.000000,0.000000,0.000000,0.000000,-122.470000,0.580000,0.100000,0.000000,48.000000,56.590000
1779334270.039922,0,0.000000,0.000000,0.000000,0.000000,203.880000,0.610000,0.180000,0.000000,48.000000,56.610000
1779334270.040922,0,0.000000,0.000000,0.000000,0.000000,203.880000,0.610000,0.180000,0.000000,48.000000,56.610000
1779334270.045921,0,0.000000,0.000000,0.000000,0.000000,203.880000,0.610000,0.180000,0.000000,48.000000,56.630000
1779334270.078968,0,0.000000,0.000000,0.000000,0.000000,203.880000,0.610000,0.180000,0.000000,48.000000,56.630000
1779334270.079467,0,0.000000,0.000000,0.000000,0.000000,203.880000,0.610000,0.180000,0.000000,48.000000,56.650000
1779334270.080468,0,0.000000,0.000000,0.000000,0.000000,279.290000,0.580000,0.180000,0.000000,48.000000,56.660000
1779334270.091035,0,0.000000,0.000000,0.000000,0.000000,279.290000,0.580000,0.180000,0.000000,48.000000,56.680000
1779334270.099036,0,0.000000,0.000000,0.000000,0.000000,279.290000,0.580000,0.180000,0.000000,48.000000,56.680000
1779334270.121036,0,0.000000,0.000000,0.000000,0.000000,279.290000,0.580000,0.180000,0.000000,48.000000,56.700000
1779334270.122036,0,0.000000,0.000000,0.000000,0.000000,279.290000,0.580000,0.180000,0.000000,48.000000,56.700000
1779334270.129041,0,0.000000,0.000000,0.000000,0.000000,-290.140000,0.560000,0.170000,0.000000,48.000000,56.720000
1779334270.150600,0,0.000000,0.000000,0.000000,0.000000,-290.140000,0.560000,0.170000,0.000000,48.000000,56.720000
1779334270.151600,0,0.000000,0.000000,0.000000,0.000000,-290.140000,0.560000,0.170000,0.000000,48.000000,56.740000
1779334270.167600,0,0.000000,0.000000,0.000000,0.000000,-290.140000,0.560000,0.170000,0.000000,48.000000,56.750000
1779334270.180963,0,0.000000,0.000000,0.000000,0.000000,-290.140000,0.560000,0.170000,0.000000,48.000000,56.750000
1779334270.181962,0,0.000000,0.000000,0.000000,0.000000,48.220000,0.540000,0.150000,0.000000,48.000000,56.770000
1779334270.204032,0,0.000000,0.000000,0.000000,0.000000,48.220000,0.540000,0.150000,0.000000,48.000000,56.770000
1779334270.205032,0,0.000000,0.000000,0.000000,0.000000,48.220000,0.540000,0.150000,0.000000,48.000000,56.790000
1779334270.219033,0,0.000000,0.000000,0.000000,0.000000,48.220000,0.540000,0.150000,0.000000,48.000000,56.790000
1779334270.226532,0,0.000000,0.000000,0.000000,0.000000,48.220000,0.540000,0.150000,0.000000,48.000000,56.810000
1779334270.234033,0,0.000000,0.000000,0.000000,0.000000,48.220000,0.540000,0.150000,0.000000,48.000000,56.810000
1779334270.249058,0,0.000000,0.000000,0.000000,0.000000,48.220000,0.540000,0.150000,0.000000,48.000000,56.830000
1779334270.266098,0,0.000000,0.000000,0.000000,0.000000,48.220000,0.540000,0.150000,0.000000,48.000000,56.840000
1779334270.266598,0,0.000000,0.000000,0.000000,0.000000,48.220000,0.540000,0.150000,0.000000,48.000000,56.840000
1779334270.279599,0,0.000000,0.000000,0.000000,0.000000,48.220000,0.540000,0.150000,0.000000,48.000000,56.860000
1779334270.301247,0,0.000000,0.000000,0.000000,0.000000,48.220000,0.540000,0.150000,0.000000,48.000000,56.880000
1779334270.302248,0,0.000000,0.000000,0.000000,0.000000,48.220000,0.540000,0.150000,0.000000,48.000000,56.880000
1779334270.316247,0,0.000000,0.000000,0.000000,0.000000,48.220000,0.540000,0.150000,0.000000,48.000000,56.900000
1779334270.324247,0,0.000000,0.000000,0.000000,0.000000,48.220000,0.540000,0.150000,0.000000,48.000000,56.900000
1779334270.331748,0,0.000000,0.000000,0.000000,0.000000,-105.930000,0.500000,0.110000,0.000000,51.000000,56.910000
1779334270.339247,0,0.000000,0.000000,0.000000,0.000000,-105.930000,0.500000,0.110000,0.000000,51.000000,56.930000
1779334270.354271,0,0.000000,0.000000,0.000000,0.000000,-105.930000,0.500000,0.110000,0.000000,51.000000,56.930000
1779334270.368782,0,0.000000,0.000000,0.000000,0.000000,-105.930000,0.500000,0.110000,0.000000,51.000000,56.950000
1779334270.376781,0,0.000000,0.000000,0.000000,0.000000,-105.930000,0.500000,0.110000,0.000000,51.000000,56.950000
1779334270.383782,0,0.000000,0.000000,0.000000,0.000000,-69.270000,0.470000,0.090000,0.000000,48.000000,56.970000
1779334270.398659,0,0.000000,0.000000,0.000000,0.000000,-69.270000,0.470000,0.090000,0.000000,48.000000,56.990000
1779334270.414169,0,0.000000,0.000000,0.000000,0.000000,-69.270000,0.470000,0.090000,0.000000,48.000000,57.000000
1779334270.436168,0,0.000000,0.000000,0.000000,0.000000,-69.270000,0.470000,0.090000,0.000000,48.000000,57.000000
1779334270.437168,0,0.000000,0.000000,0.000000,0.000000,-69.270000,0.470000,0.090000,0.000000,48.000000,57.020000
1779334270.444167,0,0.000000,0.000000,0.000000,0.000000,-33.340000,0.430000,0.050000,0.000000,48.000000,57.020000
1779334270.458668,0,0.000000,0.000000,0.000000,0.000000,-33.340000,0.430000,0.050000,0.000000,48.000000,57.040000
1779334270.466168,0,0.000000,0.000000,0.000000,0.000000,-33.340000,0.430000,0.050000,0.000000,48.000000,57.040000
1779334270.473668,0,0.000000,0.000000,0.000000,0.000000,-33.340000,0.430000,0.050000,0.000000,48.000000,57.060000
1779334270.503668,0,0.000000,0.000000,0.000000,0.000000,-33.340000,0.430000,0.050000,0.000000,48.000000,57.060000
1779334270.504668,0,0.000000,0.000000,0.000000,0.000000,-33.340000,0.430000,0.050000,0.000000,48.000000,57.090000
1779334270.511168,0,0.000000,0.000000,0.000000,0.000000,-33.340000,0.430000,0.050000,0.000000,48.000000,57.090000
1779334270.519174,0,0.000000,0.000000,0.000000,0.000000,-33.340000,0.430000,0.050000,0.000000,48.000000,57.110000
1779334270.534036,0,0.000000,0.000000,0.000000,0.000000,-33.340000,0.430000,0.050000,0.000000,48.000000,57.110000
1779334270.563297,0,0.000000,0.000000,0.000000,0.000000,-206.600000,0.380000,0.010000,0.000000,51.000000,57.130000
1779334270.564758,0,0.000000,0.000000,0.000000,0.000000,-206.600000,0.380000,0.010000,0.000000,51.000000,57.130000
1779334270.565258,0,0.000000,0.000000,0.000000,0.000000,-206.600000,0.380000,0.010000,0.000000,51.000000,57.150000
1779334270.586632,0,0.000000,0.000000,0.000000,0.000000,-206.600000,0.380000,0.010000,0.000000,51.000000,57.150000
1779334270.588131,0,0.000000,0.000000,0.000000,0.000000,-206.600000,0.380000,0.010000,0.000000,51.000000,57.160000
1779334270.616638,0,0.000000,0.000000,0.000000,0.000000,-233.360000,0.150000,-0.270000,0.000000,48.000000,57.180000
1779334270.617637,0,0.000000,0.000000,0.000000,0.000000,-233.360000,0.150000,-0.270000,0.000000,48.000000,57.200000
1779334270.618638,0,0.000000,0.000000,0.000000,0.000000,-233.360000,0.150000,-0.270000,0.000000,48.000000,57.200000
1779334270.631643,0,0.000000,0.000000,0.000000,0.000000,-233.360000,0.150000,-0.270000,0.000000,48.000000,57.220000
1779334270.638650,0,0.000000,0.000000,0.000000,0.000000,165.410000,0.150000,-0.330000,0.000000,48.000000,57.220000
1779334270.654149,0,0.000000,0.000000,0.000000,0.000000,165.410000,0.150000,-0.330000,0.000000,48.000000,57.240000
1779334270.661655,0,0.000000,0.000000,0.000000,0.000000,165.410000,0.150000,-0.330000,0.000000,48.000000,57.250000
1779334270.668653,0,0.000000,0.000000,0.000000,0.000000,165.410000,0.150000,-0.330000,0.000000,48.000000,57.250000
1779334270.684155,0,0.000000,0.000000,0.000000,0.000000,165.410000,0.150000,-0.330000,0.000000,48.000000,57.270000
1779334270.691654,0,0.000000,0.000000,0.000000,0.000000,165.410000,0.150000,-0.330000,0.000000,48.000000,57.270000
1779334270.706655,0,0.000000,0.000000,0.000000,0.000000,135.880000,0.180000,-0.340000,0.000000,48.000000,57.290000
1779334270.713654,0,0.000000,0.000000,0.000000,0.000000,135.880000,0.180000,-0.340000,0.000000,48.000000,57.290000
1779334270.721656,0,0.000000,0.000000,0.000000,0.000000,135.880000,0.180000,-0.340000,0.000000,48.000000,57.310000
1779334270.743665,0,0.000000,0.000000,0.000000,0.000000,135.880000,0.180000,-0.340000,0.000000,48.000000,57.310000
1779334270.744665,0,0.000000,0.000000,0.000000,0.000000,-193.860000,0.210000,-0.330000,0.000000,48.000000,57.340000
1779334270.751166,0,0.000000,0.000000,0.000000,0.000000,-193.860000,0.210000,-0.330000,0.000000,48.000000,57.340000
1779334270.766192,0,0.000000,0.000000,0.000000,0.000000,-193.860000,0.210000,-0.330000,0.000000,48.000000,57.360000
1779334270.774192,0,0.000000,0.000000,0.000000,0.000000,-193.860000,0.210000,-0.330000,0.000000,48.000000,57.360000
1779334270.789691,0,0.000000,0.000000,0.000000,0.000000,-193.860000,0.210000,-0.330000,0.000000,48.000000,57.380000
1779334270.796191,0,0.000000,0.000000,0.000000,0.000000,-193.860000,0.210000,-0.330000,0.000000,48.000000,57.380000
1779334270.811723,0,0.000000,0.000000,0.000000,0.000000,262.970000,0.280000,-0.250000,0.000000,48.000000,57.400000
1779334270.825224,0,0.000000,0.000000,0.000000,0.000000,262.970000,0.280000,-0.250000,0.000000,48.000000,57.400000
1779334270.826224,0,0.000000,0.000000,0.000000,0.000000,262.970000,0.280000,-0.250000,0.000000,48.000000,57.410000
1779334270.856225,0,0.000000,0.000000,0.000000,0.000000,262.970000,0.280000,-0.250000,0.000000,48.000000,57.430000
1779334270.857225,0,0.000000,0.000000,0.000000,0.000000,-104.080000,0.360000,-0.170000,0.000000,48.000000,57.430000
1779334270.858725,0,0.000000,0.000000,0.000000,0.000000,-104.080000,0.360000,-0.170000,0.000000,48.000000,57.450000
1779334270.864225,0,0.000000,0.000000,0.000000,0.000000,-104.080000,0.360000,-0.170000,0.000000,48.000000,57.450000
1779334270.901225,0,0.000000,0.000000,0.000000,0.000000,-104.080000,0.360000,-0.170000,0.000000,48.000000,57.470000
1779334270.901724,0,0.000000,0.000000,0.000000,0.000000,-104.080000,0.360000,-0.170000,0.000000,48.000000,57.470000
1779334270.902726,0,0.000000,0.000000,0.000000,0.000000,-104.080000,0.360000,-0.170000,0.000000,48.000000,57.490000
1779334270.923225,0,0.000000,0.000000,0.000000,0.000000,-212.440000,0.400000,-0.090000,0.000000,48.000000,57.500000
1779334270.924225,0,0.000000,0.000000,0.000000,0.000000,-212.440000,0.400000,-0.090000,0.000000,48.000000,57.500000
1779334270.931224,0,0.000000,0.000000,0.000000,0.000000,-212.440000,0.400000,-0.090000,0.000000,48.000000,57.520000
1779334270.968520,0,0.000000,0.000000,0.000000,0.000000,-212.440000,0.400000,-0.090000,0.000000,48.000000,57.520000
1779334270.976521,0,0.000000,0.000000,0.000000,0.000000,11.470000,0.460000,0.000000,0.000000,48.000000,57.540000
1779334270.978019,0,0.000000,0.000000,0.000000,0.000000,11.470000,0.460000,0.000000,0.000000,48.000000,57.540000
1779334270.983520,0,0.000000,0.000000,0.000000,0.000000,11.470000,0.460000,0.000000,0.000000,48.000000,57.560000
1779334270.984520,0,0.000000,0.000000,0.000000,0.000000,11.470000,0.460000,0.000000,0.000000,48.000000,57.560000
1779334270.999018,0,0.000000,0.000000,0.000000,0.000000,11.470000,0.460000,0.000000,0.000000,48.000000,57.580000
1779334271.013576,0,0.000000,0.000000,0.000000,0.000000,11.470000,0.460000,0.000000,0.000000,48.000000,57.590000
1779334271.014575,0,0.000000,0.000000,0.000000,0.000000,244.350000,0.540000,0.070000,0.000000,48.000000,57.610000
1779334271.028576,0,0.000000,0.000000,0.000000,0.000000,244.350000,0.540000,0.070000,0.000000,48.000000,57.610000
1779334271.036105,0,0.000000,0.000000,0.000000,0.000000,244.350000,0.540000,0.070000,0.000000,48.000000,57.610000
1779334271.058515,0,0.000000,0.000000,0.000000,0.000000,244.350000,0.540000,0.070000,0.000000,48.000000,57.630000
1779334271.059515,0,0.000000,0.000000,0.000000,0.000000,-191.460000,0.600000,0.150000,0.000000,48.000000,57.650000
1779334271.081063,0,0.000000,0.000000,0.000000,0.000000,-191.460000,0.600000,0.150000,0.000000,48.000000,57.650000
1779334271.088073,0,0.000000,0.000000,0.000000,0.000000,-191.460000,0.600000,0.150000,0.000000,48.000000,57.660000
1779334271.089074,0,0.000000,0.000000,0.000000,0.000000,-191.460000,0.600000,0.150000,0.000000,48.000000,57.680000
1779334271.096574,0,0.000000,0.000000,0.000000,0.000000,-191.460000,0.600000,0.150000,0.000000,48.000000,57.680000
1779334271.112073,0,0.000000,0.000000,0.000000,0.000000,228.850000,0.620000,0.200000,0.000000,48.000000,57.700000
1779334271.133031,0,0.000000,0.000000,0.000000,0.000000,228.850000,0.620000,0.200000,0.000000,48.000000,57.700000
1779334271.134031,0,0.000000,0.000000,0.000000,0.000000,228.850000,0.620000,0.200000,0.000000,48.000000,57.720000
1779334271.141032,0,0.000000,0.000000,0.000000,0.000000,228.850000,0.620000,0.200000,0.000000,48.000000,57.720000
1779334271.238528,0,0.000000,0.000000,0.000000,0.000000,228.850000,0.620000,0.200000,0.000000,48.000000,57.740000
1779334271.239993,0,0.000000,0.000000,0.000000,0.000000,-189.860000,0.600000,0.200000,0.000000,48.000000,57.750000
1779334271.240492,0,0.000000,0.000000,0.000000,0.000000,-189.860000,0.600000,0.200000,0.000000,48.000000,57.770000
1779334271.254493,0,0.000000,0.000000,0.000000,0.000000,-189.860000,0.600000,0.200000,0.000000,48.000000,57.770000
1779334271.260992,0,0.000000,0.000000,0.000000,0.000000,272.970000,0.570000,0.200000,0.000000,48.000000,57.810000
1779334271.261992,0,0.000000,0.000000,0.000000,0.000000,272.970000,0.570000,0.200000,0.000000,48.000000,57.840000
1779334271.299630,0,0.000000,0.000000,0.000000,0.000000,-258.950000,0.560000,0.180000,0.000000,48.000000,57.860000
1779334271.301630,0,0.000000,0.000000,0.000000,0.000000,-258.950000,0.560000,0.180000,0.000000,48.000000,57.860000
1779334271.303128,0,0.000000,0.000000,0.000000,0.000000,-258.950000,0.560000,0.180000,0.000000,48.000000,57.880000
1779334271.303628,0,0.000000,0.000000,0.000000,0.000000,-258.950000,0.560000,0.180000,0.000000,48.000000,57.880000
1779334271.313628,0,0.000000,0.000000,0.000000,0.000000,-258.950000,0.560000,0.180000,0.000000,48.000000,57.900000
1779334271.344133,0,0.000000,0.000000,0.000000,0.000000,-258.950000,0.560000,0.180000,0.000000,48.000000,57.910000
1779334271.346240,0,0.000000,0.000000,0.000000,0.000000,-258.950000,0.560000,0.180000,0.000000,48.000000,57.930000
1779334271.347133,0,0.000000,0.000000,0.000000,0.000000,-258.950000,0.560000,0.180000,0.000000,48.000000,57.930000
1779334271.373580,0,0.000000,0.000000,0.000000,0.000000,-258.950000,0.560000,0.180000,0.000000,48.000000,57.930000
1779334271.381755,0,0.000000,0.000000,0.000000,0.000000,-258.950000,0.560000,0.180000,0.000000,48.000000,57.950000
1779334271.382755,0,0.000000,0.000000,0.000000,0.000000,-258.950000,0.560000,0.180000,0.000000,48.000000,57.970000
1779334271.403754,0,0.000000,0.000000,0.000000,0.000000,-258.950000,0.560000,0.180000,0.000000,48.000000,57.970000
1779334271.404757,0,0.000000,0.000000,0.000000,0.000000,-258.950000,0.560000,0.180000,0.000000,48.000000,57.990000
1779334271.419255,0,0.000000,0.000000,0.000000,0.000000,-258.950000,0.560000,0.180000,0.000000,48.000000,58.000000
1779334271.426255,0,0.000000,0.000000,0.000000,0.000000,113.730000,0.510000,0.150000,0.000000,51.000000,58.020000
1779334271.463756,0,0.000000,0.000000,0.000000,0.000000,113.730000,0.510000,0.150000,0.000000,51.000000,58.020000
1779334271.465255,0,0.000000,0.000000,0.000000,0.000000,113.730000,0.510000,0.150000,0.000000,51.000000,58.040000
1779334271.471255,0,0.000000,0.000000,0.000000,0.000000,113.730000,0.510000,0.150000,0.000000,51.000000,58.040000
1779334271.472759,0,0.000000,0.000000,0.000000,0.000000,113.730000,0.510000,0.150000,0.000000,51.000000,58.040000
1779334271.478755,0,0.000000,0.000000,0.000000,0.000000,92.750000,0.490000,0.110000,0.000000,48.000000,58.060000
1779334271.503755,0,0.000000,0.000000,0.000000,0.000000,92.750000,0.490000,0.110000,0.000000,48.000000,58.080000
1779334271.504755,0,0.000000,0.000000,0.000000,0.000000,92.750000,0.490000,0.110000,0.000000,48.000000,58.090000
1779334271.531255,0,0.000000,0.000000,0.000000,0.000000,92.750000,0.490000,0.110000,0.000000,48.000000,58.090000
1779334271.532755,0,0.000000,0.000000,0.000000,0.000000,92.750000,0.490000,0.110000,0.000000,48.000000,58.110000
1779334271.539254,0,0.000000,0.000000,0.000000,0.000000,92.750000,0.490000,0.110000,0.000000,48.000000,58.110000
1779334271.546279,0,0.000000,0.000000,0.000000,0.000000,92.750000,0.490000,0.110000,0.000000,48.000000,58.130000
1779334271.568835,0,0.000000,0.000000,0.000000,0.000000,92.750000,0.490000,0.110000,0.000000,48.000000,58.130000
1779334271.569835,0,0.000000,0.000000,0.000000,0.000000,92.750000,0.490000,0.110000,0.000000,48.000000,58.150000
1779334271.584348,0,0.000000,0.000000,0.000000,0.000000,111.870000,0.430000,0.070000,0.000000,51.000000,58.160000
1779334271.585348,0,0.000000,0.000000,0.000000,0.000000,111.870000,0.430000,0.070000,0.000000,51.000000,58.180000
1779334271.599007,0,0.000000,0.000000,0.000000,0.000000,111.870000,0.430000,0.070000,0.000000,51.000000,58.180000
1779334271.606519,0,0.000000,0.000000,0.000000,0.000000,111.870000,0.430000,0.070000,0.000000,51.000000,58.200000
1779334271.666554,0,0.000000,0.000000,0.000000,0.000000,111.870000,0.430000,0.070000,0.000000,51.000000,58.200000
1779334271.668055,0,0.000000,0.000000,0.000000,0.000000,-141.570000,0.280000,-0.100000,0.000000,48.000000,58.220000
1779334271.673555,0,0.000000,0.000000,0.000000,0.000000,-141.570000,0.280000,-0.100000,0.000000,48.000000,58.220000
1779334271.681107,0,0.000000,0.000000,0.000000,0.000000,-141.570000,0.280000,-0.100000,0.000000,48.000000,58.240000
1779334271.682107,0,0.000000,0.000000,0.000000,0.000000,-141.570000,0.280000,-0.100000,0.000000,48.000000,58.250000
1779334271.711106,0,0.000000,0.000000,0.000000,0.000000,322.760000,0.140000,-0.280000,0.000000,48.000000,58.270000
1779334271.712106,0,0.000000,0.000000,0.000000,0.000000,322.760000,0.140000,-0.280000,0.000000,48.000000,58.290000
1779334271.713107,0,0.000000,0.000000,0.000000,0.000000,322.760000,0.140000,-0.280000,0.000000,48.000000,58.290000
1779334271.742131,0,0.000000,0.000000,0.000000,0.000000,322.760000,0.140000,-0.280000,0.000000,48.000000,58.290000
1779334271.743631,0,0.000000,0.000000,0.000000,0.000000,322.760000,0.140000,-0.280000,0.000000,48.000000,58.310000
1779334271.744132,0,0.000000,0.000000,0.000000,0.000000,-175.520000,0.150000,-0.340000,0.000000,48.000000,58.330000
1779334271.748631,0,0.000000,0.000000,0.000000,0.000000,-175.520000,0.150000,-0.340000,0.000000,48.000000,58.340000
1779334271.772130,0,0.000000,0.000000,0.000000,0.000000,-175.520000,0.150000,-0.340000,0.000000,48.000000,58.340000
1779334271.773129,0,0.000000,0.000000,0.000000,0.000000,-175.520000,0.150000,-0.340000,0.000000,48.000000,58.360000
1779334271.786130,0,0.000000,0.000000,0.000000,0.000000,-175.520000,0.150000,-0.340000,0.000000,48.000000,58.360000
1779334271.817170,0,0.000000,0.000000,0.000000,0.000000,-175.520000,0.150000,-0.340000,0.000000,48.000000,58.380000
1779334271.822670,0,0.000000,0.000000,0.000000,0.000000,-175.520000,0.150000,-0.340000,0.000000,48.000000,58.400000
1779334271.823669,0,0.000000,0.000000,0.000000,0.000000,-175.520000,0.150000,-0.340000,0.000000,48.000000,58.400000
1779334271.846170,0,0.000000,0.000000,0.000000,0.000000,-175.520000,0.150000,-0.340000,0.000000,48.000000,58.410000
1779334271.853169,0,0.000000,0.000000,0.000000,0.000000,211.170000,0.180000,-0.360000,0.000000,51.000000,58.430000
1779334271.854169,0,0.000000,0.000000,0.000000,0.000000,211.170000,0.180000,-0.360000,0.000000,51.000000,58.430000
1779334271.891670,0,0.000000,0.000000,0.000000,0.000000,211.170000,0.180000,-0.360000,0.000000,51.000000,58.450000
1779334271.892670,0,0.000000,0.000000,0.000000,0.000000,211.170000,0.180000,-0.360000,0.000000,51.000000,58.450000
1779334271.929136,0,0.000000,0.000000,0.000000,0.000000,211.170000,0.180000,-0.360000,0.000000,51.000000,58.470000
1779334271.929635,0,0.000000,0.000000,0.000000,0.000000,259.540000,0.250000,-0.310000,0.000000,48.000000,58.490000
1779334271.930635,0,0.000000,0.000000,0.000000,0.000000,259.540000,0.250000,-0.310000,0.000000,48.000000,58.500000
1779334271.958184,0,0.000000,0.000000,0.000000,0.000000,259.540000,0.250000,-0.310000,0.000000,48.000000,58.500000
1779334271.959184,0,0.000000,0.000000,0.000000,0.000000,-131.140000,0.310000,-0.250000,0.000000,48.000000,58.520000
1779334271.960184,0,0.000000,0.000000,0.000000,0.000000,-131.140000,0.310000,-0.250000,0.000000,48.000000,58.540000
1779334271.961684,0,0.000000,0.000000,0.000000,0.000000,-131.140000,0.310000,-0.250000,0.000000,48.000000,58.540000
1779334271.967184,0,0.000000,0.000000,0.000000,0.000000,-131.140000,0.310000,-0.250000,0.000000,48.000000,58.560000
1779334271.989192,0,0.000000,0.000000,0.000000,0.000000,-131.140000,0.310000,-0.250000,0.000000,48.000000,58.560000
1779334272.011189,0,0.000000,0.000000,0.000000,0.000000,-310.010000,0.380000,-0.180000,0.000000,48.000000,58.580000
1779334272.013688,0,0.000000,0.000000,0.000000,0.000000,-310.010000,0.380000,-0.180000,0.000000,48.000000,58.590000
1779334272.019687,0,0.000000,0.000000,0.000000,0.000000,-310.010000,0.380000,-0.180000,0.000000,48.000000,58.590000
1779334272.034188,0,0.000000,0.000000,0.000000,0.000000,-310.010000,0.380000,-0.180000,0.000000,48.000000,58.610000
1779334272.064157,0,0.000000,0.000000,0.000000,0.000000,-310.010000,0.380000,-0.180000,0.000000,48.000000,58.610000
1779334272.065656,0,0.000000,0.000000,0.000000,0.000000,64.830000,0.440000,-0.100000,0.000000,48.000000,58.630000
1779334272.086655,0,0.000000,0.000000,0.000000,0.000000,64.830000,0.440000,-0.100000,0.000000,48.000000,58.650000
1779334272.087656,0,0.000000,0.000000,0.000000,0.000000,64.830000,0.440000,-0.100000,0.000000,48.000000,58.650000
1779334272.088656,0,0.000000,0.000000,0.000000,0.000000,64.830000,0.440000,-0.100000,0.000000,48.000000,58.660000
1779334272.093655,0,0.000000,0.000000,0.000000,0.000000,64.830000,0.440000,-0.100000,0.000000,48.000000,58.680000
1779334272.108666,0,0.000000,0.000000,0.000000,0.000000,-145.470000,0.510000,0.000000,0.000000,48.000000,58.700000
1779334272.138885,0,0.000000,0.000000,0.000000,0.000000,-145.470000,0.510000,0.000000,0.000000,48.000000,58.700000
1779334272.139885,0,0.000000,0.000000,0.000000,0.000000,-145.470000,0.510000,0.000000,0.000000,48.000000,58.720000
1779334272.161120,0,0.000000,0.000000,0.000000,0.000000,-145.470000,0.510000,0.000000,0.000000,48.000000,58.720000
1779334272.162120,0,0.000000,0.000000,0.000000,0.000000,-191.320000,0.560000,0.070000,0.000000,48.000000,58.740000
1779334272.168120,0,0.000000,0.000000,0.000000,0.000000,-191.320000,0.560000,0.070000,0.000000,48.000000,58.750000
1779334272.169621,0,0.000000,0.000000,0.000000,0.000000,-191.320000,0.560000,0.070000,0.000000,48.000000,58.750000
1779334272.184620,0,0.000000,0.000000,0.000000,0.000000,-191.320000,0.560000,0.070000,0.000000,48.000000,58.770000
1779334272.199115,0,0.000000,0.000000,0.000000,0.000000,-191.320000,0.560000,0.070000,0.000000,48.000000,58.770000
1779334272.206616,0,0.000000,0.000000,0.000000,0.000000,123.230000,0.580000,0.140000,0.000000,48.000000,58.790000
1779334272.214116,0,0.000000,0.000000,0.000000,0.000000,123.230000,0.580000,0.140000,0.000000,48.000000,58.790000
1779334272.229582,0,0.000000,0.000000,0.000000,0.000000,123.230000,0.580000,0.140000,0.000000,48.000000,58.810000
1779334272.250688,0,0.000000,0.000000,0.000000,0.000000,123.230000,0.580000,0.140000,0.000000,48.000000,58.810000
1779334272.252189,0,0.000000,0.000000,0.000000,0.000000,123.230000,0.580000,0.140000,0.000000,48.000000,58.830000
1779334272.258687,0,0.000000,0.000000,0.000000,0.000000,14.270000,0.570000,0.150000,0.000000,48.000000,58.840000
1779334272.274081,0,0.000000,0.000000,0.000000,0.000000,14.270000,0.570000,0.150000,0.000000,48.000000,58.860000
1779334272.303551,0,0.000000,0.000000,0.000000,0.000000,14.270000,0.570000,0.150000,0.000000,48.000000,58.860000
1779334272.305051,0,0.000000,0.000000,0.000000,0.000000,14.270000,0.570000,0.150000,0.000000,48.000000,58.880000
1779334272.306051,0,0.000000,0.000000,0.000000,0.000000,64.230000,0.560000,0.120000,0.000000,48.000000,58.900000
1779334272.319551,0,0.000000,0.000000,0.000000,0.000000,64.230000,0.560000,0.120000,0.000000,48.000000,58.900000
1779334272.363604,0,0.000000,0.000000,0.000000,0.000000,64.230000,0.560000,0.120000,0.000000,48.000000,58.900000
1779334272.365104,0,0.000000,0.000000,0.000000,0.000000,64.230000,0.560000,0.120000,0.000000,48.000000,58.910000
1779334272.366104,0,0.000000,0.000000,0.000000,0.000000,64.230000,0.560000,0.120000,0.000000,48.000000,58.930000
1779334272.371008,0,0.000000,0.000000,0.000000,0.000000,123.620000,0.520000,0.100000,0.000000,48.000000,58.950000
1779334272.372009,0,0.000000,0.000000,0.000000,0.000000,123.620000,0.520000,0.100000,0.000000,48.000000,58.950000
1779334272.385976,0,0.000000,0.000000,0.000000,0.000000,123.620000,0.520000,0.100000,0.000000,48.000000,58.970000
1779334272.438530,0,0.000000,0.000000,0.000000,0.000000,123.620000,0.520000,0.100000,0.000000,48.000000,58.970000
1779334272.439531,0,0.000000,0.000000,0.000000,0.000000,123.620000,0.520000,0.100000,0.000000,48.000000,58.990000
1779334272.483685,0,0.000000,0.000000,0.000000,0.000000,208.850000,0.490000,0.070000,0.000000,48.000000,59.000000
1779334272.484684,0,0.000000,0.000000,0.000000,0.000000,208.850000,0.490000,0.070000,0.000000,48.000000,59.000000
1779334272.485685,0,0.000000,0.000000,0.000000,0.000000,208.850000,0.490000,0.070000,0.000000,48.000000,59.020000
1779334272.486184,0,0.000000,0.000000,0.000000,0.000000,208.850000,0.490000,0.070000,0.000000,48.000000,59.040000
1779334272.487184,0,0.000000,0.000000,0.000000,0.000000,-157.660000,0.440000,0.030000,0.000000,48.000000,59.080000
1779334272.513553,0,0.000000,0.000000,0.000000,0.000000,-157.660000,0.440000,0.030000,0.000000,48.000000,59.090000
1779334272.515054,0,0.000000,0.000000,0.000000,0.000000,-157.660000,0.440000,0.030000,0.000000,48.000000,59.090000
1779334272.528554,0,0.000000,0.000000,0.000000,0.000000,14.900000,0.400000,0.000000,0.000000,48.000000,59.110000
1779334272.535553,0,0.000000,0.000000,0.000000,0.000000,14.900000,0.400000,0.000000,0.000000,48.000000,59.110000
1779334272.559105,0,0.000000,0.000000,0.000000,0.000000,14.900000,0.400000,0.000000,0.000000,48.000000,59.130000
1779334272.560106,0,0.000000,0.000000,0.000000,0.000000,14.900000,0.400000,0.000000,0.000000,48.000000,59.130000
1779334272.561106,0,0.000000,0.000000,0.000000,0.000000,-161.220000,0.340000,-0.020000,0.000000,48.000000,59.150000
1779334272.573614,0,0.000000,0.000000,0.000000,0.000000,-161.220000,0.340000,-0.020000,0.000000,48.000000,59.160000
1779334272.589117,0,0.000000,0.000000,0.000000,0.000000,-161.220000,0.340000,-0.020000,0.000000,48.000000,59.180000
1779334272.596111,0,0.000000,0.000000,0.000000,0.000000,-161.220000,0.340000,-0.020000,0.000000,48.000000,59.180000
1779334272.626156,0,0.000000,0.000000,0.000000,0.000000,-161.220000,0.340000,-0.020000,0.000000,48.000000,59.180000
1779334272.656185,0,0.000000,0.000000,0.000000,0.000000,-161.220000,0.340000,-0.020000,0.000000,48.000000,59.200000
1779334272.671196,0,0.000000,0.000000,0.000000,0.000000,-161.220000,0.340000,-0.020000,0.000000,48.000000,59.220000
1779334272.672196,0,0.000000,0.000000,0.000000,0.000000,-161.220000,0.340000,-0.020000,0.000000,48.000000,59.220000
1779334272.673196,0,0.000000,0.000000,0.000000,0.000000,-161.220000,0.340000,-0.020000,0.000000,48.000000,59.240000
1779334272.702195,0,0.000000,0.000000,0.000000,0.000000,-46.340000,0.300000,-0.070000,0.000000,49.000000,59.270000
1779334272.708712,0,0.000000,0.000000,0.000000,0.000000,-46.340000,0.300000,-0.070000,0.000000,49.000000,59.290000
1779334272.731221,0,0.000000,0.000000,0.000000,0.000000,-46.340000,0.300000,-0.070000,0.000000,49.000000,59.310000
1779334272.732720,0,0.000000,0.000000,0.000000,0.000000,222.740000,0.150000,-0.230000,0.000000,48.000000,59.310000
1779334272.747221,0,0.000000,0.000000,0.000000,0.000000,222.740000,0.150000,-0.230000,0.000000,48.000000,59.330000
1779334272.754221,0,0.000000,0.000000,0.000000,0.000000,222.740000,0.150000,-0.230000,0.000000,48.000000,59.340000
1779334272.768529,0,0.000000,0.000000,0.000000,0.000000,222.740000,0.150000,-0.230000,0.000000,48.000000,59.340000
1779334272.776531,0,0.000000,0.000000,0.000000,0.000000,46.040000,0.110000,-0.330000,0.000000,48.000000,59.360000
1779334272.783636,0,0.000000,0.000000,0.000000,0.000000,46.040000,0.110000,-0.330000,0.000000,48.000000,59.360000
1779334272.799189,0,0.000000,0.000000,0.000000,0.000000,46.040000,0.110000,-0.330000,0.000000,48.000000,59.380000
1779334272.813583,0,0.000000,0.000000,0.000000,0.000000,46.040000,0.110000,-0.330000,0.000000,48.000000,59.380000
1779334272.828582,0,0.000000,0.000000,0.000000,0.000000,46.040000,0.110000,-0.330000,0.000000,48.000000,59.400000
1779334272.844082,0,0.000000,0.000000,0.000000,0.000000,220.830000,0.150000,-0.340000,0.000000,48.000000,59.410000
1779334272.845582,0,0.000000,0.000000,0.000000,0.000000,220.830000,0.150000,-0.340000,0.000000,48.000000,59.430000
1779334272.851083,0,0.000000,0.000000,0.000000,0.000000,220.830000,0.150000,-0.340000,0.000000,48.000000,59.430000
1779334272.881082,0,0.000000,0.000000,0.000000,0.000000,220.830000,0.150000,-0.340000,0.000000,48.000000,59.450000
1779334272.882082,0,0.000000,0.000000,0.000000,0.000000,220.830000,0.150000,-0.340000,0.000000,48.000000,59.450000
1779334272.896082,0,0.000000,0.000000,0.000000,0.000000,-270.010000,0.180000,-0.340000,0.000000,48.000000,59.470000
1779334272.897082,0,0.000000,0.000000,0.000000,0.000000,-270.010000,0.180000,-0.340000,0.000000,48.000000,59.490000
1779334272.912583,0,0.000000,0.000000,0.000000,0.000000,-270.010000,0.180000,-0.340000,0.000000,48.000000,59.500000
1779334272.941643,0,0.000000,0.000000,0.000000,0.000000,-270.010000,0.180000,-0.340000,0.000000,48.000000,59.500000
1779334272.942642,0,0.000000,0.000000,0.000000,0.000000,-288.360000,0.230000,-0.340000,0.000000,48.000000,59.520000
1779334272.943642,0,0.000000,0.000000,0.000000,0.000000,-288.360000,0.230000,-0.340000,0.000000,48.000000,59.520000
1779334272.944143,0,0.000000,0.000000,0.000000,0.000000,-288.360000,0.230000,-0.340000,0.000000,48.000000,59.540000
1779334272.972143,0,0.000000,0.000000,0.000000,0.000000,-288.360000,0.230000,-0.340000,0.000000,48.000000,59.540000
1779334272.986603,0,0.000000,0.000000,0.000000,0.000000,-288.360000,0.230000,-0.340000,0.000000,48.000000,59.560000
1779334273.008773,0,0.000000,0.000000,0.000000,0.000000,-54.060000,0.280000,-0.330000,0.000000,48.000000,59.580000
1779334273.017274,0,0.000000,0.000000,0.000000,0.000000,-54.060000,0.280000,-0.330000,0.000000,48.000000,59.590000
1779334273.020773,0,0.000000,0.000000,0.000000,0.000000,-54.060000,0.280000,-0.330000,0.000000,48.000000,59.590000
1779334273.038811,0,0.000000,0.000000,0.000000,0.000000,-54.060000,0.280000,-0.330000,0.000000,48.000000,59.610000
1779334273.039810,0,0.000000,0.000000,0.000000,0.000000,-253.530000,0.340000,-0.310000,0.000000,48.000000,59.630000
1779334273.061332,0,0.000000,0.000000,0.000000,0.000000,-253.530000,0.340000,-0.310000,0.000000,48.000000,59.630000
1779334273.063332,0,0.000000,0.000000,0.000000,0.000000,-253.530000,0.340000,-0.310000,0.000000,48.000000,59.650000
1779334273.106344,0,0.000000,0.000000,0.000000,0.000000,-253.530000,0.340000,-0.310000,0.000000,48.000000,59.650000
1779334273.107344,0,0.000000,0.000000,0.000000,0.000000,-253.530000,0.340000,-0.310000,0.000000,48.000000,59.660000
1779334273.130844,0,0.000000,0.000000,0.000000,0.000000,-58.400000,0.370000,-0.300000,0.000000,48.000000,59.680000
1779334273.131844,0,0.000000,0.000000,0.000000,0.000000,-58.400000,0.370000,-0.300000,0.000000,48.000000,59.680000
1779334273.132844,0,0.000000,0.000000,0.000000,0.000000,-58.400000,0.370000,-0.300000,0.000000,48.000000,59.700000
1779334273.133846,0,0.000000,0.000000,0.000000,0.000000,-58.400000,0.370000,-0.300000,0.000000,48.000000,59.700000
1779334273.134346,0,0.000000,0.000000,0.000000,0.000000,-58.400000,0.370000,-0.300000,0.000000,48.000000,59.720000
1779334273.166858,0,0.000000,0.000000,0.000000,0.000000,-35.310000,0.400000,-0.280000,0.000000,48.000000,59.720000
1779334273.168360,0,0.000000,0.000000,0.000000,0.000000,-35.310000,0.400000,-0.280000,0.000000,48.000000,59.740000
1779334273.169358,0,0.000000,0.000000,0.000000,0.000000,-35.310000,0.400000,-0.280000,0.000000,48.000000,59.750000
1779334273.181357,0,0.000000,0.000000,0.000000,0.000000,-35.310000,0.400000,-0.280000,0.000000,48.000000,59.750000
1779334273.233970,0,0.000000,0.000000,0.000000,0.000000,-35.310000,0.400000,-0.280000,0.000000,48.000000,59.770000
1779334273.234970,0,0.000000,0.000000,0.000000,0.000000,-35.310000,0.400000,-0.280000,0.000000,48.000000,59.790000
1779334273.235971,0,0.000000,0.000000,0.000000,0.000000,-35.310000,0.400000,-0.280000,0.000000,48.000000,59.790000
1779334273.236470,0,0.000000,0.000000,0.000000,0.000000,-35.310000,0.400000,-0.280000,0.000000,48.000000,59.810000
1779334273.241002,0,0.000000,0.000000,0.000000,0.000000,186.910000,0.430000,-0.280000,0.000000,51.000000,59.830000
1779334273.271641,0,0.000000,0.000000,0.000000,0.000000,186.910000,0.430000,-0.280000,0.000000,51.000000,59.840000
1779334273.273639,0,0.000000,0.000000,0.000000,0.000000,186.910000,0.430000,-0.280000,0.000000,51.000000,59.840000
1779334273.286640,0,0.000000,0.000000,0.000000,0.000000,186.910000,0.430000,-0.280000,0.000000,51.000000,59.860000
1779334273.288139,0,0.000000,0.000000,0.000000,0.000000,186.910000,0.430000,-0.280000,0.000000,51.000000,59.860000
1779334273.301640,0,0.000000,0.000000,0.000000,0.000000,-270.360000,0.380000,-0.300000,0.000000,48.000000,59.880000
1779334273.308530,0,0.000000,0.000000,0.000000,0.000000,-270.360000,0.380000,-0.300000,0.000000,48.000000,59.900000
1779334273.324029,0,0.000000,0.000000,0.000000,0.000000,-270.360000,0.380000,-0.300000,0.000000,48.000000,59.900000
1779334273.339538,0,0.000000,0.000000,0.000000,0.000000,-270.360000,0.380000,-0.300000,0.000000,48.000000,59.910000
1779334273.361585,0,0.000000,0.000000,0.000000,0.000000,-270.360000,0.380000,-0.300000,0.000000,48.000000,59.930000
1779334273.363085,0,0.000000,0.000000,0.000000,0.000000,-262.700000,0.370000,-0.300000,0.000000,48.000000,59.930000
1779334273.363585,0,0.000000,0.000000,0.000000,0.000000,-262.700000,0.370000,-0.300000,0.000000,48.000000,59.950000
1779334273.376029,0,0.000000,0.000000,0.000000,0.000000,-262.700000,0.370000,-0.300000,0.000000,48.000000,59.950000
1779334273.378029,0,0.000000,0.000000,0.000000,0.000000,-262.700000,0.370000,-0.300000,0.000000,48.000000,59.970000
1779334273.496827,0,0.000000,0.000000,0.000000,0.000000,-296.480000,0.340000,-0.300000,0.000000,48.000000,59.990000
1779334273.497326,0,0.000000,0.000000,0.000000,0.000000,-296.480000,0.340000,-0.300000,0.000000,48.000000,60.000000
1779334273.511325,0,0.000000,0.000000,0.000000,0.000000,-296.480000,0.340000,-0.300000,0.000000,48.000000,60.000000
1779334273.512325,0,0.000000,0.000000,0.000000,0.000000,-296.480000,0.340000,-0.300000,0.000000,48.000000,60.020000
1779334273.526287,0,0.000000,0.000000,0.000000,0.000000,-114.050000,0.310000,-0.300000,0.000000,48.000000,60.040000
1779334273.527286,0,0.000000,0.000000,0.000000,0.000000,-3.990000,0.280000,-0.280000,0.000000,48.000000,60.090000
1779334273.527786,0,0.000000,0.000000,0.000000,0.000000,-3.990000,0.280000,-0.280000,0.000000,48.000000,60.110000
1779334273.533786,0,0.000000,0.000000,0.000000,0.000000,-3.990000,0.280000,-0.280000,0.000000,48.000000,60.110000
1779334273.549303,0,0.000000,0.000000,0.000000,0.000000,-3.990000,0.280000,-0.280000,0.000000,48.000000,60.130000
1779334273.556303,0,0.000000,0.000000,0.000000,0.000000,-152.160000,0.250000,-0.280000,0.000000,48.000000,60.150000
1779334273.571842,0,0.000000,0.000000,0.000000,0.000000,-152.160000,0.250000,-0.280000,0.000000,48.000000,60.150000
1779334273.593753,0,0.000000,0.000000,0.000000,0.000000,-152.160000,0.250000,-0.280000,0.000000,48.000000,60.160000
1779334273.594753,0,0.000000,0.000000,0.000000,0.000000,-152.160000,0.250000,-0.280000,0.000000,48.000000,60.180000
1779334273.616261,0,0.000000,0.000000,0.000000,0.000000,-152.160000,0.250000,-0.280000,0.000000,48.000000,60.180000
1779334273.617260,0,0.000000,0.000000,0.000000,0.000000,-76.500000,0.230000,-0.280000,0.000000,48.000000,60.200000
1779334273.631077,0,0.000000,0.000000,0.000000,0.000000,-76.500000,0.230000,-0.280000,0.000000,48.000000,60.200000
1779334273.632077,0,0.000000,0.000000,0.000000,0.000000,-76.500000,0.230000,-0.280000,0.000000,48.000000,60.220000
1779334273.646084,0,0.000000,0.000000,0.000000,0.000000,-76.500000,0.230000,-0.280000,0.000000,48.000000,60.220000
1779334273.660590,0,0.000000,0.000000,0.000000,0.000000,190.850000,0.200000,-0.270000,0.000000,48.000000,60.250000
1779334273.698644,0,0.000000,0.000000,0.000000,0.000000,190.850000,0.200000,-0.270000,0.000000,48.000000,60.250000
1779334273.699644,0,0.000000,0.000000,0.000000,0.000000,190.850000,0.200000,-0.270000,0.000000,48.000000,60.270000
1779334273.701143,0,0.000000,0.000000,0.000000,0.000000,190.850000,0.200000,-0.270000,0.000000,48.000000,60.270000
1779334273.702142,0,0.000000,0.000000,0.000000,0.000000,190.850000,0.200000,-0.270000,0.000000,48.000000,60.290000
1779334273.751168,0,0.000000,0.000000,0.000000,0.000000,0.000000,0.000000,0.000000,0.000000,62.000000,60.290000
1779334273.752168,0,0.000000,0.000000,0.000000,0.000000,0.000000,0.000000,0.000000,0.000000,62.000000,60.310000
1779334273.753168,0,0.000000,0.000000,0.000000,0.000000,0.000000,0.000000,0.000000,0.000000,62.000000,60.310000
1779334273.754169,0,0.000000,0.000000,0.000000,0.000000,0.000000,0.000000,0.000000,0.000000,62.000000,60.330000
1779334273.765668,0,0.000000,0.000000,0.000000,0.000000,0.000000,0.000000,0.000000,0.000000,62.000000,60.340000
1779334273.773695,0,0.000000,0.000000,0.000000,0.000000,0.000000,0.000000,0.000000,0.000000,62.000000,60.360000
1779334273.789280,0,0.000000,0.000000,0.000000,0.000000,0.000000,0.000000,0.000000,0.000000,62.000000,60.360000
1779334273.796781,0,0.000000,0.000000,0.000000,0.000000,0.000000,0.000000,0.000000,0.000000,62.000000,60.380000
1779334273.803985,0,0.000000,0.000000,0.000000,0.000000,0.000000,0.000000,0.000000,0.000000,62.000000,60.380000
1779334273.871541,0,0.000000,0.000000,0.000000,0.000000,0.000000,0.000000,0.000000,0.000000,62.000000,60.400000
1779334273.872542,0,0.000000,0.000000,0.000000,0.000000,0.000000,0.000000,0.000000,0.000000,62.000000,60.410000
1779334273.878551,0,0.000000,0.000000,0.000000,0.000000,0.000000,0.000000,0.000000,0.000000,62.000000,60.410000
1779334273.879050,0,0.000000,0.000000,0.000000,0.000000,0.000000,0.000000,0.000000,0.000000,62.000000,60.430000
1779334273.893057,0,0.000000,0.000000,0.000000,0.000000,0.000000,0.000000,0.000000,0.000000,62.000000,60.450000
1779334273.901571,0,0.000000,0.000000,0.000000,0.000000,0.000000,0.000000,0.000000,0.000000,62.000000,60.470000
1779334273.909068,0,0.000000,0.000000,0.000000,0.000000,0.000000,0.000000,0.000000,0.000000,62.000000,60.490000
1779334273.931569,0,0.000000,0.000000,0.000000,0.000000,0.000000,0.000000,0.000000,0.000000,62.000000,60.500000
1779334273.932068,0,0.000000,0.000000,0.000000,0.000000,0.000000,0.000000,0.000000,0.000000,62.000000,60.520000
1779334273.983812,0,0.000000,0.000000,0.000000,0.000000,0.000000,0.000000,0.000000,0.000000,62.000000,60.520000
1779334273.984312,0,0.000000,0.000000,0.000000,0.000000,0.000000,0.000000,0.000000,0.000000,62.000000,60.540000
1779334273.985312,0,0.000000,0.000000,0.000000,0.000000,0.000000,0.000000,0.000000,0.000000,62.000000,60.540000
1779334273.986312,0,0.000000,0.000000,0.000000,0.000000,0.000000,0.000000,0.000000,0.000000,63.000000,60.560000
1779334273.986812,0,0.000000,0.000000,0.000000,0.000000,0.000000,0.000000,0.000000,0.000000,63.000000,60.580000
1779334273.998312,0,0.000000,0.000000,0.000000,0.000000,0.000000,0.000000,0.000000,0.000000,63.000000,60.590000
1779334274.067044,0,0.000000,0.000000,0.000000,0.000000,0.000000,0.000000,0.000000,0.000000,63.000000,60.590000
1779334274.068046,0,0.000000,0.000000,0.000000,0.000000,0.000000,0.000000,0.000000,0.000000,62.000000,60.610000
1779334274.068546,0,0.000000,0.000000,0.000000,0.000000,0.000000,0.000000,0.000000,0.000000,62.000000,60.610000
1779334274.081162,0,0.000000,0.000000,0.000000,0.000000,0.000000,0.000000,0.000000,0.000000,62.000000,60.630000
1779334274.096163,0,0.000000,0.000000,0.000000,0.000000,0.000000,0.000000,0.000000,0.000000,62.000000,60.660000
1779334274.103196,0,0.000000,0.000000,0.000000,0.000000,0.000000,0.000000,0.000000,0.000000,62.000000,60.680000
1779334274.104696,0,0.000000,0.000000,0.000000,0.000000,0.000000,0.000000,0.000000,0.000000,62.000000,60.680000
1779334274.118696,0,0.000000,0.000000,0.000000,0.000000,0.000000,0.000000,0.000000,0.000000,62.000000,60.680000
1779334274.119696,0,0.000000,0.000000,0.000000,0.000000,0.000000,0.000000,0.000000,0.000000,62.000000,60.700000
1779334274.134701,0,0.000000,0.000000,0.000000,0.000000,-230.300000,0.150000,-0.330000,0.000000,48.000000,60.720000
1779334274.141040,0,0.000000,0.000000,0.000000,0.000000,-230.300000,0.150000,-0.330000,0.000000,48.000000,60.720000
1779334274.156539,0,0.000000,0.000000,0.000000,0.000000,-230.300000,0.150000,-0.330000,0.000000,48.000000,60.740000
1779334274.245996,0,0.000000,0.000000,0.000000,0.000000,-230.300000,0.150000,-0.330000,0.000000,48.000000,60.750000
1779334274.291144,0,0.000000,0.000000,0.000000,0.000000,-46.340000,0.180000,-0.380000,0.000000,48.000000,60.770000
1779334274.336082,0,0.000000,0.000000,0.000000,0.000000,-46.340000,0.180000,-0.380000,0.000000,48.000000,60.770000
1779334274.369187,0,0.000000,0.000000,0.000000,0.000000,-46.340000,0.180000,-0.380000,0.000000,48.000000,60.790000
1779334274.370686,0,0.000000,0.000000,0.000000,0.000000,257.270000,0.230000,-0.430000,0.000000,48.000000,60.830000
1779334274.372187,0,0.000000,0.000000,0.000000,0.000000,257.270000,0.230000,-0.430000,0.000000,48.000000,60.860000
1779334274.372688,0,0.000000,0.000000,0.000000,0.000000,6.460000,0.300000,-0.430000,0.000000,48.000000,60.900000
1779334274.418220,0,0.000000,0.000000,0.000000,0.000000,29.180000,0.360000,-0.430000,0.000000,48.000000,60.950000
1779334274.471514,0,0.000000,0.000000,0.000000,0.000000,29.180000,0.360000,-0.430000,0.000000,48.000000,60.970000
1779334274.480013,0,0.000000,0.000000,0.000000,0.000000,175.220000,0.400000,-0.370000,0.000000,48.000000,60.970000
1779334274.494347,0,0.000000,0.000000,0.000000,0.000000,175.220000,0.400000,-0.370000,0.000000,48.000000,60.990000
1779334274.495847,0,0.000000,0.000000,0.000000,0.000000,175.220000,0.400000,-0.370000,0.000000,48.000000,61.020000
1779334274.496847,0,0.000000,0.000000,0.000000,0.000000,-47.090000,0.440000,-0.310000,0.000000,48.000000,61.040000
1779334274.498350,0,0.000000,0.000000,0.000000,0.000000,-47.090000,0.440000,-0.310000,0.000000,48.000000,61.060000
1779334274.501847,0,0.000000,0.000000,0.000000,0.000000,-104.230000,0.490000,-0.210000,0.000000,48.000000,61.090000
1779334274.516848,0,0.000000,0.000000,0.000000,0.000000,-104.230000,0.490000,-0.210000,0.000000,48.000000,61.090000
1779334274.539427,0,0.000000,0.000000,0.000000,0.000000,-104.230000,0.490000,-0.210000,0.000000,48.000000,61.110000
1779334274.554595,0,0.000000,0.000000,0.000000,0.000000,-104.230000,0.490000,-0.210000,0.000000,48.000000,61.110000
1779334274.556595,0,0.000000,0.000000,0.000000,0.000000,145.330000,0.540000,-0.100000,0.000000,48.000000,61.130000
1779334274.560595,0,0.000000,0.000000,0.000000,0.000000,145.330000,0.540000,-0.100000,0.000000,48.000000,61.130000
1779334274.562095,0,0.000000,0.000000,0.000000,0.000000,145.330000,0.540000,-0.100000,0.000000,48.000000,61.150000
1779334274.576534,0,0.000000,0.000000,0.000000,0.000000,145.330000,0.540000,-0.100000,0.000000,48.000000,61.150000
1779334274.598544,0,0.000000,0.000000,0.000000,0.000000,145.330000,0.540000,-0.100000,0.000000,48.000000,61.160000
1779334274.651130,0,0.000000,0.000000,0.000000,0.000000,-248.660000,0.560000,0.000000,0.000000,48.000000,61.180000
1779334274.681685,0,0.000000,0.000000,0.000000,0.000000,-248.660000,0.560000,0.000000,0.000000,48.000000,61.200000
1779334274.683685,0,0.000000,0.000000,0.000000,0.000000,-248.660000,0.560000,0.000000,0.000000,48.000000,61.200000
1779334274.685185,0,0.000000,0.000000,0.000000,0.000000,-248.660000,0.560000,0.000000,0.000000,48.000000,61.220000
1779334274.686685,0,0.000000,0.000000,0.000000,0.000000,-267.510000,0.570000,0.050000,0.000000,48.000000,61.250000
1779334274.712185,0,0.000000,0.000000,0.000000,0.000000,-267.510000,0.570000,0.050000,0.000000,48.000000,61.270000
1779334274.714186,0,0.000000,0.000000,0.000000,0.000000,152.720000,0.560000,0.030000,0.000000,48.000000,61.290000
1779334274.715186,0,0.000000,0.000000,0.000000,0.000000,152.720000,0.560000,0.030000,0.000000,48.000000,61.290000
1779334274.726186,0,0.000000,0.000000,0.000000,0.000000,152.720000,0.560000,0.030000,0.000000,48.000000,61.310000
1779334274.771217,0,0.000000,0.000000,0.000000,0.000000,152.720000,0.560000,0.030000,0.000000,48.000000,61.310000
1779334274.846115,0,0.000000,0.000000,0.000000,0.000000,-66.190000,0.540000,0.030000,0.000000,48.000000,61.340000
1779334274.898117,0,0.000000,0.000000,0.000000,0.000000,-66.190000,0.540000,0.030000,0.000000,48.000000,61.340000
1779334274.899116,0,0.000000,0.000000,0.000000,0.000000,-66.190000,0.540000,0.030000,0.000000,48.000000,61.360000
1779334274.913616,0,0.000000,0.000000,0.000000,0.000000,-66.190000,0.540000,0.030000,0.000000,48.000000,61.360000
1779334274.914616,0,0.000000,0.000000,0.000000,0.000000,53.880000,0.510000,0.010000,0.000000,48.000000,61.400000
1779334274.920617,0,0.000000,0.000000,0.000000,0.000000,-16.150000,0.490000,0.000000,0.000000,48.000000,61.450000
1779334274.922116,0,0.000000,0.000000,0.000000,0.000000,-33.810000,0.460000,0.000000,0.000000,48.000000,61.500000
1779334274.936615,0,0.000000,0.000000,0.000000,0.000000,-33.810000,0.460000,0.000000,0.000000,48.000000,61.520000
1779334274.965616,0,0.000000,0.000000,0.000000,0.000000,-33.810000,0.460000,0.000000,0.000000,48.000000,61.520000
1779334274.967117,0,0.000000,0.000000,0.000000,0.000000,-33.810000,0.460000,0.000000,0.000000,48.000000,61.540000
1779334274.967616,0,0.000000,0.000000,0.000000,0.000000,-246.440000,0.400000,-0.020000,0.000000,48.000000,61.540000
1779334275.026117,0,0.000000,0.000000,0.000000,0.000000,-246.440000,0.400000,-0.020000,0.000000,48.000000,61.560000
1779334275.041615,0,0.000000,0.000000,0.000000,0.000000,-246.440000,0.400000,-0.020000,0.000000,48.000000,61.560000
1779334275.094115,0,0.000000,0.000000,0.000000,0.000000,-246.440000,0.400000,-0.020000,0.000000,48.000000,61.580000
1779334275.096116,0,0.000000,0.000000,0.000000,0.000000,-246.440000,0.400000,-0.020000,0.000000,48.000000,61.590000
1779334275.096616,0,0.000000,0.000000,0.000000,0.000000,-187.830000,0.370000,-0.070000,0.000000,48.000000,61.610000
1779334275.100115,0,0.000000,0.000000,0.000000,0.000000,-187.830000,0.370000,-0.070000,0.000000,48.000000,61.630000
1779334275.124116,0,0.000000,0.000000,0.000000,0.000000,53.740000,0.310000,-0.100000,0.000000,48.000000,61.660000
1779334275.206583,0,0.000000,0.000000,0.000000,0.000000,0.000000,0.000000,0.000000,0.000000,62.000000,61.700000
1779334275.208083,0,0.000000,0.000000,0.000000,0.000000,0.000000,0.000000,0.000000,0.000000,62.000000,61.700000
1779334275.208583,0,0.000000,0.000000,0.000000,0.000000,0.000000,0.000000,0.000000,0.000000,62.000000,61.720000
1779334275.236125,0,0.000000,0.000000,0.000000,0.000000,0.000000,0.000000,0.000000,0.000000,62.000000,61.720000
1779334275.237625,0,0.000000,0.000000,0.000000,0.000000,0.000000,0.000000,0.000000,0.000000,62.000000,61.770000
1779334275.238125,0,0.000000,0.000000,0.000000,0.000000,0.000000,0.000000,0.000000,0.000000,63.000000,61.810000
1779334275.303138,0,0.000000,0.000000,0.000000,0.000000,0.000000,0.000000,0.000000,0.000000,63.000000,61.810000
1779334275.318637,0,0.000000,0.000000,0.000000,0.000000,0.000000,0.000000,0.000000,0.000000,63.000000,61.840000
1779334275.320138,0,0.000000,0.000000,0.000000,0.000000,0.000000,0.000000,0.000000,0.000000,63.000000,61.840000
1779334275.320638,0,0.000000,0.000000,0.000000,0.000000,0.000000,0.000000,0.000000,0.000000,62.000000,61.860000
1779334275.321638,0,0.000000,0.000000,0.000000,0.000000,0.000000,0.000000,0.000000,0.000000,62.000000,61.880000
1779334275.393653,0,0.000000,0.000000,0.000000,0.000000,31.700000,0.180000,-0.310000,0.000000,48.000000,61.910000
1779334275.400654,0,0.000000,0.000000,0.000000,0.000000,31.700000,0.180000,-0.310000,0.000000,48.000000,61.930000
1779334275.401654,0,0.000000,0.000000,0.000000,0.000000,31.700000,0.180000,-0.310000,0.000000,48.000000,61.930000
1779334275.402715,0,0.000000,0.000000,0.000000,0.000000,31.700000,0.180000,-0.310000,0.000000,48.000000,61.950000
1779334275.417155,0,0.000000,0.000000,0.000000,0.000000,31.700000,0.180000,-0.310000,0.000000,48.000000,61.950000
1779334275.445663,0,0.000000,0.000000,0.000000,0.000000,-305.570000,0.230000,-0.330000,0.000000,48.000000,62.000000
1779334275.447163,0,0.000000,0.000000,0.000000,0.000000,272.250000,0.300000,-0.340000,0.000000,48.000000,62.020000
1779334275.447663,0,0.000000,0.000000,0.000000,0.000000,272.250000,0.300000,-0.340000,0.000000,48.000000,62.020000
1779334275.452663,0,0.000000,0.000000,0.000000,0.000000,272.250000,0.300000,-0.340000,0.000000,48.000000,62.040000
1779334275.453664,0,0.000000,0.000000,0.000000,0.000000,272.250000,0.300000,-0.340000,0.000000,48.000000,62.040000
1779334275.468663,0,0.000000,0.000000,0.000000,0.000000,272.250000,0.300000,-0.340000,0.000000,48.000000,62.040000
1779334275.483664,0,0.000000,0.000000,0.000000,0.000000,272.250000,0.300000,-0.340000,0.000000,48.000000,62.060000
1779334275.485163,0,0.000000,0.000000,0.000000,0.000000,3.320000,0.340000,-0.340000,0.000000,48.000000,62.080000
1779334275.498663,0,0.000000,0.000000,0.000000,0.000000,3.320000,0.340000,-0.340000,0.000000,48.000000,62.090000
1779334275.536163,0,0.000000,0.000000,0.000000,0.000000,3.320000,0.340000,-0.340000,0.000000,48.000000,62.090000
1779334275.537164,0,0.000000,0.000000,0.000000,0.000000,3.320000,0.340000,-0.340000,0.000000,48.000000,62.110000
1779334275.537663,0,0.000000,0.000000,0.000000,0.000000,-42.090000,0.380000,-0.340000,0.000000,48.000000,62.110000
1779334275.538664,0,0.000000,0.000000,0.000000,0.000000,-42.090000,0.380000,-0.340000,0.000000,48.000000,62.130000
1779334275.611196,0,0.000000,0.000000,0.000000,0.000000,-42.090000,0.380000,-0.340000,0.000000,48.000000,62.130000
1779334275.636088,0,0.000000,0.000000,0.000000,0.000000,-42.090000,0.380000,-0.340000,0.000000,48.000000,62.150000
1779334275.642086,0,0.000000,0.000000,0.000000,0.000000,-42.090000,0.380000,-0.340000,0.000000,48.000000,62.150000
1779334275.656586,0,0.000000,0.000000,0.000000,0.000000,287.540000,0.430000,-0.310000,0.000000,48.000000,62.180000
1779334275.657085,0,0.000000,0.000000,0.000000,0.000000,287.540000,0.430000,-0.310000,0.000000,48.000000,62.200000
1779334275.658087,0,0.000000,0.000000,0.000000,0.000000,-116.830000,0.500000,-0.210000,0.000000,48.000000,62.220000
1779334275.659086,0,0.000000,0.000000,0.000000,0.000000,-116.830000,0.500000,-0.210000,0.000000,48.000000,62.240000
1779334275.694595,0,0.000000,0.000000,0.000000,0.000000,-116.830000,0.500000,-0.210000,0.000000,48.000000,62.250000
1779334275.695595,0,0.000000,0.000000,0.000000,0.000000,-116.830000,0.500000,-0.210000,0.000000,48.000000,62.270000
1779334275.696595,0,0.000000,0.000000,0.000000,0.000000,-116.830000,0.500000,-0.210000,0.000000,48.000000,62.270000
1779334275.698096,0,0.000000,0.000000,0.000000,0.000000,-116.830000,0.500000,-0.210000,0.000000,48.000000,62.290000
1779334275.754175,0,0.000000,0.000000,0.000000,0.000000,-116.830000,0.500000,-0.210000,0.000000,48.000000,62.290000
1779334275.755177,0,0.000000,0.000000,0.000000,0.000000,-116.830000,0.500000,-0.210000,0.000000,48.000000,62.310000
1779334275.761676,0,0.000000,0.000000,0.000000,0.000000,-116.830000,0.500000,-0.210000,0.000000,48.000000,62.310000
1779334275.763176,0,0.000000,0.000000,0.000000,0.000000,-260.950000,0.540000,-0.140000,0.000000,49.000000,62.330000
1779334275.783705,0,0.000000,0.000000,0.000000,0.000000,-260.950000,0.540000,-0.140000,0.000000,49.000000,62.340000
1779334275.784706,0,0.000000,0.000000,0.000000,0.000000,-260.950000,0.540000,-0.140000,0.000000,49.000000,62.360000
1779334275.798204,0,0.000000,0.000000,0.000000,0.000000,-260.950000,0.540000,-0.140000,0.000000,49.000000,62.360000
1779334275.799204,0,0.000000,0.000000,0.000000,0.000000,128.330000,0.540000,-0.070000,0.000000,48.000000,62.380000
1779334275.842945,0,0.000000,0.000000,0.000000,0.000000,128.330000,0.540000,-0.070000,0.000000,48.000000,62.380000
1779334275.903446,0,0.000000,0.000000,0.000000,0.000000,128.330000,0.540000,-0.070000,0.000000,48.000000,62.400000
1779334275.904446,0,0.000000,0.000000,0.000000,0.000000,128.330000,0.540000,-0.070000,0.000000,48.000000,62.400000
1779334275.910945,0,0.000000,0.000000,0.000000,0.000000,128.330000,0.540000,-0.070000,0.000000,48.000000,62.410000
1779334275.911946,0,0.000000,0.000000,0.000000,0.000000,28.700000,0.510000,-0.070000,0.000000,48.000000,62.430000
1779334275.949110,0,0.000000,0.000000,0.000000,0.000000,28.700000,0.510000,-0.070000,0.000000,48.000000,62.450000
1779334275.964110,0,0.000000,0.000000,0.000000,0.000000,-231.750000,0.500000,-0.070000,0.000000,48.000000,62.500000
1779334275.965110,0,0.000000,0.000000,0.000000,0.000000,-231.750000,0.500000,-0.070000,0.000000,48.000000,62.520000
1779334275.965611,0,0.000000,0.000000,0.000000,0.000000,-325.010000,0.460000,-0.100000,0.000000,48.000000,62.540000
1779334275.966110,0,0.000000,0.000000,0.000000,0.000000,-325.010000,0.460000,-0.100000,0.000000,48.000000,62.540000
1779334275.967110,0,0.000000,0.000000,0.000000,0.000000,-325.010000,0.460000,-0.100000,0.000000,48.000000,62.560000
1779334275.986656,0,0.000000,0.000000,0.000000,0.000000,-325.010000,0.460000,-0.100000,0.000000,48.000000,62.560000
1779334276.017077,0,0.000000,0.000000,0.000000,0.000000,-325.010000,0.460000,-0.100000,0.000000,48.000000,62.580000
1779334276.018078,0,0.000000,0.000000,0.000000,0.000000,-123.480000,0.430000,-0.100000,0.000000,48.000000,62.590000
1779334276.019077,0,0.000000,0.000000,0.000000,0.000000,-123.480000,0.430000,-0.100000,0.000000,48.000000,62.590000
1779334276.030935,0,0.000000,0.000000,0.000000,0.000000,-123.480000,0.430000,-0.100000,0.000000,48.000000,62.610000
1779334276.060618,0,0.000000,0.000000,0.000000,0.000000,-123.480000,0.430000,-0.100000,0.000000,48.000000,62.610000
1779334276.061619,0,0.000000,0.000000,0.000000,0.000000,-123.480000,0.430000,-0.100000,0.000000,48.000000,62.630000
1779334276.062620,0,0.000000,0.000000,0.000000,0.000000,-123.480000,0.430000,-0.100000,0.000000,48.000000,62.650000
1779334276.069596,0,0.000000,0.000000,0.000000,0.000000,-123.480000,0.430000,-0.100000,0.000000,48.000000,62.650000
1779334276.084081,0,0.000000,0.000000,0.000000,0.000000,-123.480000,0.430000,-0.100000,0.000000,48.000000,62.660000
1779334276.091078,0,0.000000,0.000000,0.000000,0.000000,-123.480000,0.430000,-0.100000,0.000000,48.000000,62.680000
1779334276.106586,0,0.000000,0.000000,0.000000,0.000000,14.360000,0.380000,-0.120000,0.000000,51.000000,62.680000
1779334276.151014,0,0.000000,0.000000,0.000000,0.000000,14.360000,0.380000,-0.120000,0.000000,51.000000,62.700000
1779334276.152014,0,0.000000,0.000000,0.000000,0.000000,14.360000,0.380000,-0.120000,0.000000,51.000000,62.700000
1779334276.153014,0,0.000000,0.000000,0.000000,0.000000,14.360000,0.380000,-0.120000,0.000000,51.000000,62.720000
1779334276.153514,0,0.000000,0.000000,0.000000,0.000000,14.360000,0.380000,-0.120000,0.000000,51.000000,62.720000
1779334276.189014,0,0.000000,0.000000,0.000000,0.000000,-182.580000,0.340000,-0.150000,0.000000,48.000000,62.750000
1779334276.190514,0,0.000000,0.000000,0.000000,0.000000,-182.580000,0.340000,-0.150000,0.000000,48.000000,62.750000
1779334276.191014,0,0.000000,0.000000,0.000000,0.000000,-182.580000,0.340000,-0.150000,0.000000,48.000000,62.770000
1779334276.192015,0,0.000000,0.000000,0.000000,0.000000,-182.580000,0.340000,-0.150000,0.000000,48.000000,62.770000
1779334276.293922,0,0.000000,0.000000,0.000000,0.000000,-81.220000,0.300000,-0.170000,0.000000,48.000000,62.790000
1779334276.295421,0,0.000000,0.000000,0.000000,0.000000,-81.220000,0.300000,-0.170000,0.000000,48.000000,62.810000
1779334276.368031,0,0.000000,0.000000,0.000000,0.000000,-81.220000,0.300000,-0.170000,0.000000,48.000000,62.810000
1779334276.375036,0,0.000000,0.000000,0.000000,0.000000,-81.220000,0.300000,-0.170000,0.000000,48.000000,62.830000
1779334276.398048,0,0.000000,0.000000,0.000000,0.000000,-80.290000,0.170000,-0.270000,0.000000,48.000000,62.840000
1779334276.413549,0,0.000000,0.000000,0.000000,0.000000,-127.330000,0.090000,-0.310000,0.000000,48.000000,62.900000
1779334276.480426,0,0.000000,0.000000,0.000000,0.000000,-127.330000,0.090000,-0.310000,0.000000,48.000000,62.910000
1779334276.481928,0,0.000000,0.000000,0.000000,0.000000,244.660000,0.100000,-0.340000,0.000000,48.000000,62.970000
1779334276.482926,0,0.000000,0.000000,0.000000,0.000000,244.660000,0.100000,-0.340000,0.000000,48.000000,62.990000
1779334276.495580,0,0.000000,0.000000,0.000000,0.000000,54.040000,0.140000,-0.360000,0.000000,48.000000,63.000000
1779334276.526223,0,0.000000,0.000000,0.000000,0.000000,54.040000,0.140000,-0.360000,0.000000,48.000000,63.040000
1779334276.527224,0,0.000000,0.000000,0.000000,0.000000,-65.160000,0.180000,-0.370000,0.000000,48.000000,63.090000
1779334276.528223,0,0.000000,0.000000,0.000000,0.000000,-65.160000,0.180000,-0.370000,0.000000,48.000000,63.090000
1779334276.529223,0,0.000000,0.000000,0.000000,0.000000,205.410000,0.230000,-0.400000,0.000000,48.000000,63.110000
1779334276.541419,0,0.000000,0.000000,0.000000,0.000000,205.410000,0.230000,-0.400000,0.000000,48.000000,63.110000
1779334276.542412,0,0.000000,0.000000,0.000000,0.000000,205.410000,0.230000,-0.400000,0.000000,48.000000,63.130000
1779334276.570399,0,0.000000,0.000000,0.000000,0.000000,205.410000,0.230000,-0.400000,0.000000,48.000000,63.130000
1779334276.571898,0,0.000000,0.000000,0.000000,0.000000,-37.650000,0.300000,-0.400000,0.000000,48.000000,63.150000
1779334276.585897,0,0.000000,0.000000,0.000000,0.000000,-37.650000,0.300000,-0.400000,0.000000,48.000000,63.160000
1779334276.593404,0,0.000000,0.000000,0.000000,0.000000,-37.650000,0.300000,-0.400000,0.000000,48.000000,63.180000
1779334276.616093,0,0.000000,0.000000,0.000000,0.000000,-37.650000,0.300000,-0.400000,0.000000,48.000000,63.180000
1779334276.617593,0,0.000000,0.000000,0.000000,0.000000,-37.650000,0.300000,-0.400000,0.000000,48.000000,63.200000
1779334276.631592,0,0.000000,0.000000,0.000000,0.000000,170.600000,0.340000,-0.380000,0.000000,48.000000,63.200000
1779334276.646593,0,0.000000,0.000000,0.000000,0.000000,170.600000,0.340000,-0.380000,0.000000,48.000000,63.220000
1779334276.648093,0,0.000000,0.000000,0.000000,0.000000,170.600000,0.340000,-0.380000,0.000000,48.000000,63.220000
1779334276.661180,0,0.000000,0.000000,0.000000,0.000000,170.600000,0.340000,-0.380000,0.000000,48.000000,63.240000
1779334276.668180,0,0.000000,0.000000,0.000000,0.000000,170.600000,0.340000,-0.380000,0.000000,48.000000,63.250000
1779334276.698735,0,0.000000,0.000000,0.000000,0.000000,234.720000,0.400000,-0.370000,0.000000,48.000000,63.270000
1779334276.700240,0,0.000000,0.000000,0.000000,0.000000,234.720000,0.400000,-0.370000,0.000000,48.000000,63.270000
1779334276.701236,0,0.000000,0.000000,0.000000,0.000000,234.720000,0.400000,-0.370000,0.000000,48.000000,63.290000
1779334276.736295,0,0.000000,0.000000,0.000000,0.000000,234.720000,0.400000,-0.370000,0.000000,48.000000,63.290000
1779334276.759032,0,0.000000,0.000000,0.000000,0.000000,234.720000,0.400000,-0.370000,0.000000,48.000000,63.310000
1779334276.766531,0,0.000000,0.000000,0.000000,0.000000,147.690000,0.440000,-0.310000,0.000000,48.000000,63.310000
1779334276.768032,0,0.000000,0.000000,0.000000,0.000000,147.690000,0.440000,-0.310000,0.000000,48.000000,63.330000
1779334276.769031,0,0.000000,0.000000,0.000000,0.000000,147.690000,0.440000,-0.310000,0.000000,48.000000,63.340000
1779334276.788532,0,0.000000,0.000000,0.000000,0.000000,-289.080000,0.500000,-0.200000,0.000000,48.000000,63.360000
1779334276.790032,0,0.000000,0.000000,0.000000,0.000000,-289.080000,0.500000,-0.200000,0.000000,48.000000,63.380000
1779334276.835916,0,0.000000,0.000000,0.000000,0.000000,-289.080000,0.500000,-0.200000,0.000000,48.000000,63.380000
1779334276.836415,0,0.000000,0.000000,0.000000,0.000000,-289.080000,0.500000,-0.200000,0.000000,48.000000,63.400000
1779334276.836415,0,0.000000,0.000000,0.000000,0.000000,-289.080000,0.500000,-0.200000,0.000000,48.000000,63.400000
1779334276.840916,0,0.000000,0.000000,0.000000,0.000000,-292.230000,0.550000,-0.090000,0.000000,48.000000,63.410000
1779334276.841915,0,0.000000,0.000000,0.000000,0.000000,-292.230000,0.550000,-0.090000,0.000000,48.000000,63.430000
1779334276.872421,0,0.000000,0.000000,0.000000,0.000000,-292.230000,0.550000,-0.090000,0.000000,48.000000,63.430000
1779334276.877917,0,0.000000,0.000000,0.000000,0.000000,-292.230000,0.550000,-0.090000,0.000000,48.000000,63.450000
1779334276.878917,0,0.000000,0.000000,0.000000,0.000000,-292.230000,0.550000,-0.090000,0.000000,48.000000,63.450000
1779334276.885915,0,0.000000,0.000000,0.000000,0.000000,-257.790000,0.560000,0.000000,0.000000,48.000000,63.470000
1779334276.893915,0,0.000000,0.000000,0.000000,0.000000,-257.790000,0.560000,0.000000,0.000000,48.000000,63.490000
1779334276.915915,0,0.000000,0.000000,0.000000,0.000000,-257.790000,0.560000,0.000000,0.000000,48.000000,63.500000
1779334276.916916,0,0.000000,0.000000,0.000000,0.000000,-257.790000,0.560000,0.000000,0.000000,48.000000,63.500000
1779334276.923415,0,0.000000,0.000000,0.000000,0.000000,-257.790000,0.560000,0.000000,0.000000,48.000000,63.520000
1779334276.947416,0,0.000000,0.000000,0.000000,0.000000,250.830000,0.550000,0.000000,0.000000,48.000000,63.520000
1779334276.960916,0,0.000000,0.000000,0.000000,0.000000,250.830000,0.550000,0.000000,0.000000,48.000000,63.540000
1779334276.961915,0,0.000000,0.000000,0.000000,0.000000,250.830000,0.550000,0.000000,0.000000,48.000000,63.540000
1779334276.991448,0,0.000000,0.000000,0.000000,0.000000,250.830000,0.550000,0.000000,0.000000,48.000000,63.560000
1779334276.992952,0,0.000000,0.000000,0.000000,0.000000,250.830000,0.550000,0.000000,0.000000,48.000000,63.560000
1779334276.993948,0,0.000000,0.000000,0.000000,0.000000,-259.770000,0.510000,0.000000,0.000000,48.000000,63.580000
1779334277.020448,0,0.000000,0.000000,0.000000,0.000000,-259.770000,0.510000,0.000000,0.000000,48.000000,63.590000
1779334277.036031,0,0.000000,0.000000,0.000000,0.000000,-259.770000,0.510000,0.000000,0.000000,48.000000,63.590000
1779334277.036531,0,0.000000,0.000000,0.000000,0.000000,-259.770000,0.510000,0.000000,0.000000,48.000000,63.610000
1779334277.037531,0,0.000000,0.000000,0.000000,0.000000,-259.770000,0.510000,0.000000,0.000000,48.000000,63.610000
1779334277.043532,0,0.000000,0.000000,0.000000,0.000000,-108.690000,0.500000,-0.020000,0.000000,48.000000,63.630000
1779334277.096421,0,0.000000,0.000000,0.000000,0.000000,-108.690000,0.500000,-0.020000,0.000000,48.000000,63.630000
1779334277.140921,0,0.000000,0.000000,0.000000,0.000000,-108.690000,0.500000,-0.020000,0.000000,48.000000,63.650000
1779334277.163422,0,0.000000,0.000000,0.000000,0.000000,-108.690000,0.500000,-0.020000,0.000000,48.000000,63.650000
1779334277.164421,0,0.000000,0.000000,0.000000,0.000000,-108.690000,0.500000,-0.020000,0.000000,48.000000,63.660000
1779334277.186420,0,0.000000,0.000000,0.000000,0.000000,51.200000,0.460000,-0.050000,0.000000,48.000000,63.680000
1779334277.201921,0,0.000000,0.000000,0.000000,0.000000,51.200000,0.460000,-0.050000,0.000000,48.000000,63.700000
1779334277.223420,0,0.000000,0.000000,0.000000,0.000000,-268.540000,0.410000,-0.070000,0.000000,48.000000,63.750000
1779334277.224421,0,0.000000,0.000000,0.000000,0.000000,-268.540000,0.410000,-0.070000,0.000000,48.000000,63.770000
1779334277.230421,0,0.000000,0.000000,0.000000,0.000000,-88.300000,0.370000,-0.090000,0.000000,48.000000,63.770000
1779334277.231421,0,0.000000,0.000000,0.000000,0.000000,-88.300000,0.370000,-0.090000,0.000000,48.000000,63.790000
1779334277.232921,0,0.000000,0.000000,0.000000,0.000000,-88.300000,0.370000,-0.090000,0.000000,48.000000,63.810000
1779334277.261921,0,0.000000,0.000000,0.000000,0.000000,-88.300000,0.370000,-0.090000,0.000000,48.000000,63.810000
1779334277.276921,0,0.000000,0.000000,0.000000,0.000000,-223.770000,0.330000,-0.110000,0.000000,48.000000,63.840000
1779334277.278421,0,0.000000,0.000000,0.000000,0.000000,-223.770000,0.330000,-0.110000,0.000000,48.000000,63.840000
1779334277.283422,0,0.000000,0.000000,0.000000,0.000000,-223.770000,0.330000,-0.110000,0.000000,48.000000,63.860000
1779334277.284421,0,0.000000,0.000000,0.000000,0.000000,-223.770000,0.330000,-0.110000,0.000000,48.000000,63.860000
1779334277.298921,0,0.000000,0.000000,0.000000,0.000000,-82.440000,0.280000,-0.150000,0.000000,48.000000,63.880000
1779334277.328574,0,0.000000,0.000000,0.000000,0.000000,-82.440000,0.280000,-0.150000,0.000000,48.000000,63.900000
1779334277.336076,0,0.000000,0.000000,0.000000,0.000000,-82.440000,0.280000,-0.150000,0.000000,48.000000,63.900000
1779334277.337075,0,0.000000,0.000000,0.000000,0.000000,-82.440000,0.280000,-0.150000,0.000000,48.000000,63.910000
1779334277.419022,0,0.000000,0.000000,0.000000,0.000000,-82.440000,0.280000,-0.150000,0.000000,48.000000,63.930000
1779334277.470522,0,0.000000,0.000000,0.000000,0.000000,-201.320000,0.200000,-0.200000,0.000000,48.000000,63.950000
1779334277.472022,0,0.000000,0.000000,0.000000,0.000000,-201.320000,0.200000,-0.200000,0.000000,48.000000,63.950000
1779334277.472522,0,0.000000,0.000000,0.000000,0.000000,-201.320000,0.200000,-0.200000,0.000000,48.000000,63.950000
1779334277.473521,0,0.000000,0.000000,0.000000,0.000000,116.130000,0.110000,-0.310000,0.000000,48.000000,64.000000
1779334277.486533,0,0.000000,0.000000,0.000000,0.000000,163.050000,0.120000,-0.340000,0.000000,48.000000,64.040000
1779334277.500537,0,0.000000,0.000000,0.000000,0.000000,163.050000,0.120000,-0.340000,0.000000,48.000000,64.060000
1779334277.502538,0,0.000000,0.000000,0.000000,0.000000,163.050000,0.120000,-0.340000,0.000000,48.000000,64.080000
1779334277.515543,0,0.000000,0.000000,0.000000,0.000000,32.880000,0.140000,-0.340000,0.000000,48.000000,64.090000
1779334277.517543,0,0.000000,0.000000,0.000000,0.000000,32.880000,0.140000,-0.340000,0.000000,48.000000,64.110000
1779334277.569077,0,0.000000,0.000000,0.000000,0.000000,32.880000,0.140000,-0.340000,0.000000,48.000000,64.120000
1779334277.571076,0,0.000000,0.000000,0.000000,0.000000,32.880000,0.140000,-0.340000,0.000000,48.000000,64.120000
1779334277.571577,0,0.000000,0.000000,0.000000,0.000000,32.880000,0.140000,-0.340000,0.000000,48.000000,64.130000
1779334277.572077,0,0.000000,0.000000,0.000000,0.000000,46.180000,0.150000,-0.340000,0.000000,48.000000,64.150000
1779334277.576077,0,0.000000,0.000000,0.000000,0.000000,46.180000,0.150000,-0.340000,0.000000,48.000000,64.160000
1779334277.605132,0,0.000000,0.000000,0.000000,0.000000,46.180000,0.150000,-0.340000,0.000000,48.000000,64.180000
1779334277.606632,0,0.000000,0.000000,0.000000,0.000000,46.180000,0.150000,-0.340000,0.000000,48.000000,64.190000
1779334277.644347,0,0.000000,0.000000,0.000000,0.000000,-264.920000,0.150000,-0.340000,0.000000,48.000000,64.190000
1779334277.646350,0,0.000000,0.000000,0.000000,0.000000,-264.920000,0.150000,-0.340000,0.000000,48.000000,64.200000
1779334277.647385,0,0.000000,0.000000,0.000000,0.000000,-264.920000,0.150000,-0.340000,0.000000,48.000000,64.220000
1779334277.648346,0,0.000000,0.000000,0.000000,0.000000,-264.920000,0.150000,-0.340000,0.000000,48.000000,64.230000
1779334277.695343,0,0.000000,0.000000,0.000000,0.000000,-264.920000,0.150000,-0.340000,0.000000,48.000000,64.230000
1779334277.696343,0,0.000000,0.000000,0.000000,0.000000,172.960000,0.170000,-0.360000,0.000000,48.000000,64.250000
1779334277.697343,0,0.000000,0.000000,0.000000,0.000000,172.960000,0.170000,-0.360000,0.000000,48.000000,64.260000
1779334277.702842,0,0.000000,0.000000,0.000000,0.000000,172.960000,0.170000,-0.360000,0.000000,48.000000,64.260000
1779334277.704343,0,0.000000,0.000000,0.000000,0.000000,172.960000,0.170000,-0.360000,0.000000,48.000000,64.290000
1779334277.718844,0,0.000000,0.000000,0.000000,0.000000,-28.120000,0.180000,-0.370000,0.000000,48.000000,64.300000
1779334277.728344,0,0.000000,0.000000,0.000000,0.000000,-28.120000,0.180000,-0.370000,0.000000,48.000000,64.300000
1779334277.770960,0,0.000000,0.000000,0.000000,0.000000,-28.120000,0.180000,-0.370000,0.000000,48.000000,64.310000
1779334277.772460,0,0.000000,0.000000,0.000000,0.000000,-28.120000,0.180000,-0.370000,0.000000,48.000000,64.330000
1779334277.773460,0,0.000000,0.000000,0.000000,0.000000,-28.120000,0.180000,-0.370000,0.000000,48.000000,64.340000
1779334277.774460,0,0.000000,0.000000,0.000000,0.000000,-82.730000,0.180000,-0.380000,0.000000,48.000000,64.360000
1779334277.778460,0,0.000000,0.000000,0.000000,0.000000,-82.730000,0.180000,-0.380000,0.000000,48.000000,64.370000
1779334277.800986,0,0.000000,0.000000,0.000000,0.000000,-82.730000,0.180000,-0.380000,0.000000,48.000000,64.370000
1779334277.802487,0,0.000000,0.000000,0.000000,0.000000,-82.730000,0.180000,-0.380000,0.000000,48.000000,64.380000
1779334277.808495,0,0.000000,0.000000,0.000000,0.000000,-82.730000,0.180000,-0.380000,0.000000,48.000000,64.400000
1779334277.875999,0,0.000000,0.000000,0.000000,0.000000,-3.530000,0.200000,-0.400000,0.000000,48.000000,64.410000
1779334277.877000,0,0.000000,0.000000,0.000000,0.000000,-3.530000,0.200000,-0.400000,0.000000,48.000000,64.410000
1779334277.877999,0,0.000000,0.000000,0.000000,0.000000,-3.530000,0.200000,-0.400000,0.000000,48.000000,64.430000
1779334277.905500,0,0.000000,0.000000,0.000000,0.000000,-3.530000,0.200000,-0.400000,0.000000,48.000000,64.440000
1779334277.928999,0,0.000000,0.000000,0.000000,0.000000,13.600000,0.180000,-0.400000,0.000000,48.000000,64.470000
1779334277.929999,0,0.000000,0.000000,0.000000,0.000000,13.600000,0.180000,-0.400000,0.000000,48.000000,64.480000
1779334277.931499,0,0.000000,0.000000,0.000000,0.000000,13.600000,0.180000,-0.400000,0.000000,48.000000,64.480000
1779334277.931998,0,0.000000,0.000000,0.000000,0.000000,13.600000,0.180000,-0.400000,0.000000,48.000000,64.500000
1779334277.935499,0,0.000000,0.000000,0.000000,0.000000,214.570000,0.170000,-0.380000,0.000000,48.000000,64.520000
1779334277.951500,0,0.000000,0.000000,0.000000,0.000000,214.570000,0.170000,-0.380000,0.000000,48.000000,64.520000
1779334277.958511,0,0.000000,0.000000,0.000000,0.000000,214.570000,0.170000,-0.380000,0.000000,48.000000,64.540000
1779334277.981529,0,0.000000,0.000000,0.000000,0.000000,214.570000,0.170000,-0.380000,0.000000,48.000000,64.550000
1779334277.983029,0,0.000000,0.000000,0.000000,0.000000,-58.160000,0.150000,-0.370000,0.000000,48.000000,64.560000
1779334278.026122,0,0.000000,0.000000,0.000000,0.000000,-58.160000,0.150000,-0.370000,0.000000,48.000000,64.580000
1779334278.027621,0,0.000000,0.000000,0.000000,0.000000,-58.160000,0.150000,-0.370000,0.000000,48.000000,64.580000
1779334278.028122,0,0.000000,0.000000,0.000000,0.000000,-58.160000,0.150000,-0.370000,0.000000,48.000000,64.590000
1779334278.029122,0,0.000000,0.000000,0.000000,0.000000,-58.160000,0.150000,-0.370000,0.000000,48.000000,64.610000
1779334278.064124,0,0.000000,0.000000,0.000000,0.000000,-58.160000,0.150000,-0.370000,0.000000,48.000000,64.620000
1779334278.078121,0,0.000000,0.000000,0.000000,0.000000,-58.160000,0.150000,-0.370000,0.000000,48.000000,64.630000
1779334278.080122,0,0.000000,0.000000,0.000000,0.000000,-58.160000,0.150000,-0.370000,0.000000,48.000000,64.650000
1779334278.093122,0,0.000000,0.000000,0.000000,0.000000,-58.160000,0.150000,-0.370000,0.000000,48.000000,64.660000
1779334278.130622,0,0.000000,0.000000,0.000000,0.000000,207.890000,0.140000,-0.370000,0.000000,51.000000,64.660000
1779334278.138122,0,0.000000,0.000000,0.000000,0.000000,207.890000,0.140000,-0.370000,0.000000,51.000000,64.680000
1779334278.184139,0,0.000000,0.000000,0.000000,0.000000,207.890000,0.140000,-0.370000,0.000000,51.000000,64.690000
1779334278.185139,0,0.000000,0.000000,0.000000,0.000000,207.890000,0.140000,-0.370000,0.000000,51.000000,64.690000
1779334278.185639,0,0.000000,0.000000,0.000000,0.000000,94.630000,0.110000,-0.340000,0.000000,48.000000,64.730000
1779334278.186440,0,0.000000,0.000000,0.000000,0.000000,94.630000,0.110000,-0.340000,0.000000,48.000000,64.730000
1779334278.206492,0,0.000000,0.000000,0.000000,0.000000,227.990000,0.100000,-0.340000,0.000000,48.000000,64.770000
1779334278.228590,0,0.000000,0.000000,0.000000,0.000000,227.990000,0.100000,-0.340000,0.000000,48.000000,64.790000
1779334278.229089,0,0.000000,0.000000,0.000000,0.000000,227.990000,0.100000,-0.340000,0.000000,48.000000,64.800000
1779334278.230089,0,0.000000,0.000000,0.000000,0.000000,227.990000,0.100000,-0.340000,0.000000,48.000000,64.800000
1779334278.231089,0,0.000000,0.000000,0.000000,0.000000,-126.010000,0.090000,-0.330000,0.000000,48.000000,64.830000
1779334278.266529,0,0.000000,0.000000,0.000000,0.000000,-126.010000,0.090000,-0.330000,0.000000,48.000000,64.830000
1779334278.280556,0,0.000000,0.000000,0.000000,0.000000,-126.010000,0.090000,-0.330000,0.000000,48.000000,64.840000
1779334278.281556,0,0.000000,0.000000,0.000000,0.000000,-126.010000,0.090000,-0.330000,0.000000,48.000000,64.860000
1779334278.282557,0,0.000000,0.000000,0.000000,0.000000,-126.010000,0.090000,-0.330000,0.000000,48.000000,64.870000
1779334278.283557,0,0.000000,0.000000,0.000000,0.000000,299.250000,0.070000,-0.310000,0.000000,48.000000,64.870000
1779334278.311061,0,0.000000,0.000000,0.000000,0.000000,299.250000,0.070000,-0.310000,0.000000,48.000000,64.880000
1779334278.312061,0,0.000000,0.000000,0.000000,0.000000,299.250000,0.070000,-0.310000,0.000000,48.000000,64.900000
1779334278.325560,0,0.000000,0.000000,0.000000,0.000000,299.250000,0.070000,-0.310000,0.000000,48.000000,64.910000
1779334278.341075,0,0.000000,0.000000,0.000000,0.000000,299.250000,0.070000,-0.310000,0.000000,48.000000,64.910000
1779334278.363113,0,0.000000,0.000000,0.000000,0.000000,157.020000,0.070000,-0.310000,0.000000,48.000000,64.930000
1779334278.364113,0,0.000000,0.000000,0.000000,0.000000,157.020000,0.070000,-0.310000,0.000000,48.000000,64.940000
1779334278.365112,0,0.000000,0.000000,0.000000,0.000000,157.020000,0.070000,-0.310000,0.000000,48.000000,64.940000
1779334278.379113,0,0.000000,0.000000,0.000000,0.000000,157.020000,0.070000,-0.310000,0.000000,48.000000,64.950000
1779334278.386179,0,0.000000,0.000000,0.000000,0.000000,157.020000,0.070000,-0.310000,0.000000,48.000000,64.970000
1779334278.401078,0,0.000000,0.000000,0.000000,0.000000,-241.750000,0.050000,-0.330000,0.000000,48.000000,64.980000
1779334278.402079,0,0.000000,0.000000,0.000000,0.000000,-241.750000,0.050000,-0.330000,0.000000,48.000000,64.980000
1779334278.492068,0,0.000000,0.000000,0.000000,0.000000,-241.750000,0.050000,-0.330000,0.000000,48.000000,65.000000
1779334278.493068,0,0.000000,0.000000,0.000000,0.000000,-241.750000,0.050000,-0.330000,0.000000,48.000000,65.010000
1779334278.494067,0,0.000000,0.000000,0.000000,0.000000,-241.750000,0.050000,-0.330000,0.000000,48.000000,65.010000
1779334278.495067,0,0.000000,0.000000,0.000000,0.000000,-15.190000,0.090000,-0.340000,0.000000,48.000000,65.040000
1779334278.521122,0,0.000000,0.000000,0.000000,0.000000,-15.190000,0.090000,-0.340000,0.000000,48.000000,65.050000
1779334278.581160,0,0.000000,0.000000,0.000000,0.000000,59.240000,0.110000,-0.360000,0.000000,48.000000,65.090000
1779334278.604160,0,0.000000,0.000000,0.000000,0.000000,59.240000,0.110000,-0.360000,0.000000,48.000000,65.110000
1779334278.625660,0,0.000000,0.000000,0.000000,0.000000,59.240000,0.110000,-0.360000,0.000000,48.000000,65.120000
1779334278.656659,0,0.000000,0.000000,0.000000,0.000000,59.240000,0.110000,-0.360000,0.000000,48.000000,65.120000
1779334278.657660,0,0.000000,0.000000,0.000000,0.000000,-179.220000,0.120000,-0.370000,0.000000,48.000000,65.160000
1779334278.659159,0,0.000000,0.000000,0.000000,0.000000,-310.290000,0.140000,-0.370000,0.000000,48.000000,65.190000
1779334278.678659,0,0.000000,0.000000,0.000000,0.000000,-310.290000,0.140000,-0.370000,0.000000,48.000000,65.220000
1779334278.679159,0,0.000000,0.000000,0.000000,0.000000,105.270000,0.150000,-0.380000,0.000000,48.000000,65.250000
1779334278.680159,0,0.000000,0.000000,0.000000,0.000000,105.270000,0.150000,-0.380000,0.000000,48.000000,65.260000
1779334278.693660,0,0.000000,0.000000,0.000000,0.000000,105.270000,0.150000,-0.380000,0.000000,48.000000,65.270000
1779334278.700659,0,0.000000,0.000000,0.000000,0.000000,136.470000,0.180000,-0.410000,0.000000,48.000000,65.290000
1779334278.708160,0,0.000000,0.000000,0.000000,0.000000,136.470000,0.180000,-0.410000,0.000000,48.000000,65.300000
1779334278.746687,0,0.000000,0.000000,0.000000,0.000000,136.470000,0.180000,-0.410000,0.000000,48.000000,65.300000
1779334278.747732,0,0.000000,0.000000,0.000000,0.000000,136.470000,0.180000,-0.410000,0.000000,48.000000,65.310000
1779334278.748187,0,0.000000,0.000000,0.000000,0.000000,136.470000,0.180000,-0.410000,0.000000,48.000000,65.330000
1779334278.761187,0,0.000000,0.000000,0.000000,0.000000,136.470000,0.180000,-0.410000,0.000000,48.000000,65.330000
1779334278.775578,0,0.000000,0.000000,0.000000,0.000000,-183.130000,0.210000,-0.430000,0.000000,48.000000,65.340000
1779334278.782530,0,0.000000,0.000000,0.000000,0.000000,-183.130000,0.210000,-0.430000,0.000000,48.000000,65.360000
1779334278.783530,0,0.000000,0.000000,0.000000,0.000000,-183.130000,0.210000,-0.430000,0.000000,48.000000,65.370000
1779334278.835530,0,0.000000,0.000000,0.000000,0.000000,-183.130000,0.210000,-0.430000,0.000000,48.000000,65.370000
1779334278.889024,0,0.000000,0.000000,0.000000,0.000000,112.430000,0.280000,-0.460000,0.000000,48.000000,65.400000
1779334278.890024,0,0.000000,0.000000,0.000000,0.000000,112.430000,0.280000,-0.460000,0.000000,48.000000,65.410000
1779334278.890523,0,0.000000,0.000000,0.000000,0.000000,112.430000,0.280000,-0.460000,0.000000,48.000000,65.410000
1779334278.891523,0,0.000000,0.000000,0.000000,0.000000,112.430000,0.280000,-0.460000,0.000000,48.000000,65.440000
1779334278.941075,0,0.000000,0.000000,0.000000,0.000000,-319.640000,0.360000,-0.430000,0.000000,48.000000,65.450000
1779334278.942576,0,0.000000,0.000000,0.000000,0.000000,-319.640000,0.360000,-0.430000,0.000000,48.000000,65.480000
1779334278.943075,0,0.000000,0.000000,0.000000,0.000000,-141.520000,0.400000,-0.370000,0.000000,48.000000,65.500000
1779334278.943577,0,0.000000,0.000000,0.000000,0.000000,-141.520000,0.400000,-0.370000,0.000000,48.000000,65.510000
1779334278.971768,0,0.000000,0.000000,0.000000,0.000000,-141.520000,0.400000,-0.370000,0.000000,48.000000,65.540000
1779334278.985269,0,0.000000,0.000000,0.000000,0.000000,-155.130000,0.440000,-0.280000,0.000000,48.000000,65.550000
1779334278.986767,0,0.000000,0.000000,0.000000,0.000000,-155.130000,0.440000,-0.280000,0.000000,48.000000,65.560000
1779334278.987767,0,0.000000,0.000000,0.000000,0.000000,-155.130000,0.440000,-0.280000,0.000000,48.000000,65.580000
1779334279.000810,0,0.000000,0.000000,0.000000,0.000000,-155.130000,0.440000,-0.280000,0.000000,48.000000,65.580000
1779334279.015809,0,0.000000,0.000000,0.000000,0.000000,200.660000,0.430000,-0.230000,0.000000,48.000000,65.590000
1779334279.046321,0,0.000000,0.000000,0.000000,0.000000,200.660000,0.430000,-0.230000,0.000000,48.000000,65.610000
1779334279.047320,0,0.000000,0.000000,0.000000,0.000000,200.660000,0.430000,-0.230000,0.000000,48.000000,65.620000
1779334279.052865,0,0.000000,0.000000,0.000000,0.000000,200.660000,0.430000,-0.230000,0.000000,48.000000,65.620000
1779334279.053365,0,0.000000,0.000000,0.000000,0.000000,200.660000,0.430000,-0.230000,0.000000,48.000000,65.630000
1779334279.098560,0,0.000000,0.000000,0.000000,0.000000,196.110000,0.410000,-0.230000,0.000000,48.000000,65.660000
1779334279.099559,0,0.000000,0.000000,0.000000,0.000000,196.110000,0.410000,-0.230000,0.000000,48.000000,65.660000
1779334279.100560,0,0.000000,0.000000,0.000000,0.000000,196.110000,0.410000,-0.230000,0.000000,48.000000,65.660000
1779334279.101059,0,0.000000,0.000000,0.000000,0.000000,196.110000,0.410000,-0.230000,0.000000,48.000000,65.680000
1779334279.121104,0,0.000000,0.000000,0.000000,0.000000,196.110000,0.410000,-0.230000,0.000000,48.000000,65.690000
1779334279.121604,0,0.000000,0.000000,0.000000,0.000000,162.660000,0.380000,-0.250000,0.000000,48.000000,65.700000
1779334279.143097,0,0.000000,0.000000,0.000000,0.000000,162.660000,0.380000,-0.250000,0.000000,48.000000,65.720000
1779334279.144097,0,0.000000,0.000000,0.000000,0.000000,162.660000,0.380000,-0.250000,0.000000,48.000000,65.730000
1779334279.151097,0,0.000000,0.000000,0.000000,0.000000,162.660000,0.380000,-0.250000,0.000000,48.000000,65.730000
1779334279.166119,0,0.000000,0.000000,0.000000,0.000000,162.660000,0.380000,-0.250000,0.000000,48.000000,65.750000
1779334279.203084,0,0.000000,0.000000,0.000000,0.000000,131.550000,0.360000,-0.250000,0.000000,48.000000,65.760000
1779334279.204083,0,0.000000,0.000000,0.000000,0.000000,131.550000,0.360000,-0.250000,0.000000,48.000000,65.760000
1779334279.205083,0,0.000000,0.000000,0.000000,0.000000,131.550000,0.360000,-0.250000,0.000000,48.000000,65.770000
1779334279.206083,0,0.000000,0.000000,0.000000,0.000000,131.550000,0.360000,-0.250000,0.000000,48.000000,65.790000
1779334279.218266,0,0.000000,0.000000,0.000000,0.000000,131.550000,0.360000,-0.250000,0.000000,48.000000,65.800000
1779334279.248037,0,0.000000,0.000000,0.000000,0.000000,320.980000,0.330000,-0.250000,0.000000,48.000000,65.810000
1779334279.249036,0,0.000000,0.000000,0.000000,0.000000,320.980000,0.330000,-0.250000,0.000000,48.000000,65.830000
1779334279.250037,0,0.000000,0.000000,0.000000,0.000000,320.980000,0.330000,-0.250000,0.000000,48.000000,65.830000
1779334279.256037,0,0.000000,0.000000,0.000000,0.000000,320.980000,0.330000,-0.250000,0.000000,48.000000,65.830000
1779334279.287080,0,0.000000,0.000000,0.000000,0.000000,320.980000,0.330000,-0.250000,0.000000,48.000000,65.840000
1779334279.289078,0,0.000000,0.000000,0.000000,0.000000,-216.280000,0.280000,-0.250000,0.000000,48.000000,65.870000
1779334279.289578,0,0.000000,0.000000,0.000000,0.000000,-216.280000,0.280000,-0.250000,0.000000,48.000000,65.870000
1779334279.308578,0,0.000000,0.000000,0.000000,0.000000,-216.280000,0.280000,-0.250000,0.000000,48.000000,65.880000
1779334279.309578,0,0.000000,0.000000,0.000000,0.000000,-216.280000,0.280000,-0.250000,0.000000,48.000000,65.900000
1779334279.347090,0,0.000000,0.000000,0.000000,0.000000,-216.280000,0.280000,-0.250000,0.000000,48.000000,65.910000
1779334279.348090,0,0.000000,0.000000,0.000000,0.000000,247.470000,0.250000,-0.250000,0.000000,48.000000,65.910000
1779334279.348592,0,0.000000,0.000000,0.000000,0.000000,247.470000,0.250000,-0.250000,0.000000,48.000000,65.930000
1779334279.349591,0,0.000000,0.000000,0.000000,0.000000,247.470000,0.250000,-0.250000,0.000000,48.000000,65.940000
1779334279.376101,0,0.000000,0.000000,0.000000,0.000000,247.470000,0.250000,-0.250000,0.000000,48.000000,65.940000
1779334279.377599,0,0.000000,0.000000,0.000000,0.000000,314.850000,0.210000,-0.270000,0.000000,48.000000,65.970000
1779334279.406125,0,0.000000,0.000000,0.000000,0.000000,314.850000,0.210000,-0.270000,0.000000,48.000000,65.980000
1779334279.407125,0,0.000000,0.000000,0.000000,0.000000,314.850000,0.210000,-0.270000,0.000000,48.000000,65.980000
1779334279.428126,0,0.000000,0.000000,0.000000,0.000000,314.850000,0.210000,-0.270000,0.000000,48.000000,66.000000
1779334279.435126,0,0.000000,0.000000,0.000000,0.000000,314.850000,0.210000,-0.270000,0.000000,48.000000,66.010000
1779334279.436127,0,0.000000,0.000000,0.000000,0.000000,-67.310000,0.180000,-0.280000,0.000000,48.000000,66.020000
1779334279.450627,0,0.000000,0.000000,0.000000,0.000000,-67.310000,0.180000,-0.280000,0.000000,48.000000,66.040000
1779334279.458626,0,0.000000,0.000000,0.000000,0.000000,-67.310000,0.180000,-0.280000,0.000000,48.000000,66.040000
1779334279.481126,0,0.000000,0.000000,0.000000,0.000000,-67.310000,0.180000,-0.280000,0.000000,48.000000,66.050000
1779334279.482126,0,0.000000,0.000000,0.000000,0.000000,-67.310000,0.180000,-0.280000,0.000000,48.000000,66.050000
1779334279.488265,0,0.000000,0.000000,0.000000,0.000000,-268.640000,0.110000,-0.310000,0.000000,48.000000,66.080000
1779334279.503825,0,0.000000,0.000000,0.000000,0.000000,-268.640000,0.110000,-0.310000,0.000000,48.000000,66.080000
1779334279.510825,0,0.000000,0.000000,0.000000,0.000000,-268.640000,0.110000,-0.310000,0.000000,48.000000,66.090000
1779334279.518601,0,0.000000,0.000000,0.000000,0.000000,-268.640000,0.110000,-0.310000,0.000000,48.000000,66.110000
1779334279.534108,0,0.000000,0.000000,0.000000,0.000000,181.960000,0.100000,-0.340000,0.000000,48.000000,66.120000
1779334279.548788,0,0.000000,0.000000,0.000000,0.000000,181.960000,0.100000,-0.340000,0.000000,48.000000,66.120000
1779334279.555789,0,0.000000,0.000000,0.000000,0.000000,181.960000,0.100000,-0.340000,0.000000,48.000000,66.130000
1779334279.563288,0,0.000000,0.000000,0.000000,0.000000,181.960000,0.100000,-0.340000,0.000000,48.000000,66.150000
1779334279.579289,0,0.000000,0.000000,0.000000,0.000000,181.960000,0.100000,-0.340000,0.000000,48.000000,66.160000
1779334279.616288,0,0.000000,0.000000,0.000000,0.000000,-241.220000,0.150000,-0.370000,0.000000,48.000000,66.180000
1779334279.617788,0,0.000000,0.000000,0.000000,0.000000,-241.220000,0.150000,-0.370000,0.000000,48.000000,66.190000
1779334279.618289,0,0.000000,0.000000,0.000000,0.000000,-241.220000,0.150000,-0.370000,0.000000,48.000000,66.190000
1779334279.619289,0,0.000000,0.000000,0.000000,0.000000,-241.220000,0.150000,-0.370000,0.000000,48.000000,66.200000
1779334279.631289,0,0.000000,0.000000,0.000000,0.000000,-241.220000,0.150000,-0.370000,0.000000,48.000000,66.200000
1779334279.645789,0,0.000000,0.000000,0.000000,0.000000,-37.930000,0.180000,-0.380000,0.000000,48.000000,66.230000
1779334279.646788,0,0.000000,0.000000,0.000000,0.000000,-37.930000,0.180000,-0.380000,0.000000,48.000000,66.230000
1779334279.653288,0,0.000000,0.000000,0.000000,0.000000,-37.930000,0.180000,-0.380000,0.000000,48.000000,66.250000
1779334279.682788,0,0.000000,0.000000,0.000000,0.000000,-37.930000,0.180000,-0.380000,0.000000,48.000000,66.260000
1779334279.684289,0,0.000000,0.000000,0.000000,0.000000,-37.930000,0.180000,-0.380000,0.000000,48.000000,66.260000
1779334279.706288,0,0.000000,0.000000,0.000000,0.000000,-37.930000,0.180000,-0.380000,0.000000,48.000000,66.270000
1779334279.736288,0,0.000000,0.000000,0.000000,0.000000,114.250000,0.200000,-0.380000,0.000000,48.000000,66.290000
1779334279.737788,0,0.000000,0.000000,0.000000,0.000000,114.250000,0.200000,-0.380000,0.000000,48.000000,66.300000
1779334279.738288,0,0.000000,0.000000,0.000000,0.000000,114.250000,0.200000,-0.380000,0.000000,48.000000,66.300000
1779334279.739288,0,0.000000,0.000000,0.000000,0.000000,114.250000,0.200000,-0.380000,0.000000,48.000000,66.310000
1779334279.739788,0,0.000000,0.000000,0.000000,0.000000,-97.700000,0.230000,-0.400000,0.000000,48.000000,66.330000
1779334279.751788,0,0.000000,0.000000,0.000000,0.000000,-97.700000,0.230000,-0.400000,0.000000,48.000000,66.330000
1779334279.765788,0,0.000000,0.000000,0.000000,0.000000,-97.700000,0.230000,-0.400000,0.000000,48.000000,66.340000
1779334279.788289,0,0.000000,0.000000,0.000000,0.000000,-97.700000,0.230000,-0.400000,0.000000,48.000000,66.360000
1779334279.803288,0,0.000000,0.000000,0.000000,0.000000,-97.700000,0.230000,-0.400000,0.000000,48.000000,66.370000
1779334279.804288,0,0.000000,0.000000,0.000000,0.000000,114.090000,0.280000,-0.400000,0.000000,48.000000,66.370000
1779334279.805288,0,0.000000,0.000000,0.000000,0.000000,114.090000,0.280000,-0.400000,0.000000,48.000000,66.380000
1779334279.820789,0,0.000000,0.000000,0.000000,0.000000,114.090000,0.280000,-0.400000,0.000000,48.000000,66.400000
1779334279.841290,0,0.000000,0.000000,0.000000,0.000000,114.090000,0.280000,-0.400000,0.000000,48.000000,66.410000
1779334279.842789,0,0.000000,0.000000,0.000000,0.000000,114.090000,0.280000,-0.400000,0.000000,48.000000,66.410000
1779334279.863289,0,0.000000,0.000000,0.000000,0.000000,-62.590000,0.340000,-0.370000,0.000000,48.000000,66.440000
1779334279.864788,0,0.000000,0.000000,0.000000,0.000000,-62.590000,0.340000,-0.370000,0.000000,48.000000,66.440000
1779334279.865288,0,0.000000,0.000000,0.000000,0.000000,-62.590000,0.340000,-0.370000,0.000000,48.000000,66.450000
1779334279.909790,0,0.000000,0.000000,0.000000,0.000000,-62.590000,0.340000,-0.370000,0.000000,48.000000,66.470000
1779334279.911788,0,0.000000,0.000000,0.000000,0.000000,-62.590000,0.340000,-0.370000,0.000000,48.000000,66.480000
1779334279.915288,0,0.000000,0.000000,0.000000,0.000000,-76.790000,0.380000,-0.340000,0.000000,48.000000,66.480000
1779334279.916788,0,0.000000,0.000000,0.000000,0.000000,-76.790000,0.380000,-0.340000,0.000000,48.000000,66.500000
1779334279.923788,0,0.000000,0.000000,0.000000,0.000000,-76.790000,0.380000,-0.340000,0.000000,48.000000,66.510000
1779334279.931288,0,0.000000,0.000000,0.000000,0.000000,-76.790000,0.380000,-0.340000,0.000000,48.000000,66.510000
1779334279.945788,0,0.000000,0.000000,0.000000,0.000000,-76.790000,0.380000,-0.340000,0.000000,48.000000,66.520000
1779334279.960788,0,0.000000,0.000000,0.000000,0.000000,-181.520000,0.430000,-0.280000,0.000000,48.000000,66.550000
1779334279.968289,0,0.000000,0.000000,0.000000,0.000000,-181.520000,0.430000,-0.280000,0.000000,48.000000,66.550000
1779334279.999325,0,0.000000,0.000000,0.000000,0.000000,-181.520000,0.430000,-0.280000,0.000000,48.000000,66.550000
1779334280.000825,0,0.000000,0.000000,0.000000,0.000000,-181.520000,0.430000,-0.280000,0.000000,48.000000,66.580000
1779334280.005822,0,0.000000,0.000000,0.000000,0.000000,-181.520000,0.430000,-0.280000,0.000000,48.000000,66.580000
1779334280.007322,0,0.000000,0.000000,0.000000,0.000000,-181.520000,0.430000,-0.280000,0.000000,48.000000,66.590000
1779334280.028831,0,0.000000,0.000000,0.000000,0.000000,-181.520000,0.430000,-0.280000,0.000000,48.000000,66.610000
1779334280.029831,0,0.000000,0.000000,0.000000,0.000000,-181.520000,0.430000,-0.280000,0.000000,48.000000,66.620000
1779334280.051361,0,0.000000,0.000000,0.000000,0.000000,-181.520000,0.430000,-0.280000,0.000000,48.000000,66.620000
1779334280.052861,0,0.000000,0.000000,0.000000,0.000000,305.920000,0.470000,-0.250000,0.000000,51.000000,66.630000
1779334280.073861,0,0.000000,0.000000,0.000000,0.000000,305.920000,0.470000,-0.250000,0.000000,51.000000,66.650000
1779334280.075361,0,0.000000,0.000000,0.000000,0.000000,305.920000,0.470000,-0.250000,0.000000,51.000000,66.660000
1779334280.088453,0,0.000000,0.000000,0.000000,0.000000,305.920000,0.470000,-0.250000,0.000000,51.000000,66.660000
1779334280.095907,0,0.000000,0.000000,0.000000,0.000000,305.920000,0.470000,-0.250000,0.000000,51.000000,66.680000
1779334280.111407,0,0.000000,0.000000,0.000000,0.000000,-242.160000,0.460000,-0.200000,0.000000,48.000000,66.690000
1779334280.118407,0,0.000000,0.000000,0.000000,0.000000,-242.160000,0.460000,-0.200000,0.000000,48.000000,66.700000
1779334280.133907,0,0.000000,0.000000,0.000000,0.000000,-242.160000,0.460000,-0.200000,0.000000,48.000000,66.720000
1779334280.140912,0,0.000000,0.000000,0.000000,0.000000,-242.160000,0.460000,-0.200000,0.000000,48.000000,66.730000
1779334280.156428,0,0.000000,0.000000,0.000000,0.000000,-242.160000,0.460000,-0.200000,0.000000,48.000000,66.730000
1779334280.193934,0,0.000000,0.000000,0.000000,0.000000,146.390000,0.440000,-0.200000,0.000000,48.000000,66.750000
1779334280.216222,0,0.000000,0.000000,0.000000,0.000000,146.390000,0.440000,-0.200000,0.000000,48.000000,66.760000
1779334280.246249,0,0.000000,0.000000,0.000000,0.000000,146.390000,0.440000,-0.200000,0.000000,48.000000,66.760000
1779334280.247749,0,0.000000,0.000000,0.000000,0.000000,146.390000,0.440000,-0.200000,0.000000,48.000000,66.770000
1779334280.248249,0,0.000000,0.000000,0.000000,0.000000,209.080000,0.410000,-0.200000,0.000000,48.000000,66.800000
1779334280.248749,0,0.000000,0.000000,0.000000,0.000000,209.080000,0.410000,-0.200000,0.000000,48.000000,66.810000
1779334280.249748,0,0.000000,0.000000,0.000000,0.000000,209.080000,0.410000,-0.200000,0.000000,48.000000,66.830000
1779334280.275461,0,0.000000,0.000000,0.000000,0.000000,62.200000,0.380000,-0.200000,0.000000,48.000000,66.840000
1779334280.282960,0,0.000000,0.000000,0.000000,0.000000,62.200000,0.380000,-0.200000,0.000000,48.000000,66.860000
1779334280.284461,0,0.000000,0.000000,0.000000,0.000000,62.200000,0.380000,-0.200000,0.000000,48.000000,66.870000
1779334280.298962,0,0.000000,0.000000,0.000000,0.000000,62.200000,0.380000,-0.200000,0.000000,48.000000,66.870000
1779334280.305960,0,0.000000,0.000000,0.000000,0.000000,62.200000,0.380000,-0.200000,0.000000,48.000000,66.880000
1779334280.321663,0,0.000000,0.000000,0.000000,0.000000,-45.310000,0.340000,-0.210000,0.000000,48.000000,66.910000
1779334280.351183,0,0.000000,0.000000,0.000000,0.000000,-45.310000,0.340000,-0.210000,0.000000,48.000000,66.910000
1779334280.352183,0,0.000000,0.000000,0.000000,0.000000,-45.310000,0.340000,-0.210000,0.000000,48.000000,66.930000
1779334280.352682,0,0.000000,0.000000,0.000000,0.000000,-45.310000,0.340000,-0.210000,0.000000,48.000000,66.940000
1779334280.358183,0,0.000000,0.000000,0.000000,0.000000,-45.310000,0.340000,-0.210000,0.000000,48.000000,66.940000
1779334280.374718,0,0.000000,0.000000,0.000000,0.000000,311.700000,0.310000,-0.230000,0.000000,48.000000,66.950000
1779334280.381219,0,0.000000,0.000000,0.000000,0.000000,311.700000,0.310000,-0.230000,0.000000,48.000000,66.970000
1779334280.403719,0,0.000000,0.000000,0.000000,0.000000,311.700000,0.310000,-0.230000,0.000000,48.000000,66.980000
1779334280.404719,0,0.000000,0.000000,0.000000,0.000000,311.700000,0.310000,-0.230000,0.000000,48.000000,66.980000
1779334280.411219,0,0.000000,0.000000,0.000000,0.000000,311.700000,0.310000,-0.230000,0.000000,48.000000,67.000000
1779334280.418266,0,0.000000,0.000000,0.000000,0.000000,-316.230000,0.270000,-0.230000,0.000000,48.000000,67.010000
1779334280.433272,0,0.000000,0.000000,0.000000,0.000000,-316.230000,0.270000,-0.230000,0.000000,48.000000,67.010000
1779334280.441306,0,0.000000,0.000000,0.000000,0.000000,-316.230000,0.270000,-0.230000,0.000000,48.000000,67.020000
1779334280.456440,0,0.000000,0.000000,0.000000,0.000000,-316.230000,0.270000,-0.230000,0.000000,48.000000,67.040000
1779334280.486446,0,0.000000,0.000000,0.000000,0.000000,-316.230000,0.270000,-0.230000,0.000000,48.000000,67.050000
1779334280.487946,0,0.000000,0.000000,0.000000,0.000000,-51.540000,0.210000,-0.250000,0.000000,48.000000,67.060000
1779334280.488946,0,0.000000,0.000000,0.000000,0.000000,-51.540000,0.210000,-0.250000,0.000000,48.000000,67.080000
1779334280.500946,0,0.000000,0.000000,0.000000,0.000000,-51.540000,0.210000,-0.250000,0.000000,48.000000,67.080000
1779334280.508446,0,0.000000,0.000000,0.000000,0.000000,-51.540000,0.210000,-0.250000,0.000000,48.000000,67.090000
1779334280.531450,0,0.000000,0.000000,0.000000,0.000000,-51.540000,0.210000,-0.250000,0.000000,48.000000,67.110000
1779334280.532450,0,0.000000,0.000000,0.000000,0.000000,-51.540000,0.210000,-0.250000,0.000000,48.000000,67.120000
1779334280.563535,0,0.000000,0.000000,0.000000,0.000000,-51.540000,0.210000,-0.250000,0.000000,48.000000,67.120000
1779334280.564034,0,0.000000,0.000000,0.000000,0.000000,-51.540000,0.210000,-0.250000,0.000000,48.000000,67.130000
1779334280.564536,0,0.000000,0.000000,0.000000,0.000000,-51.540000,0.210000,-0.250000,0.000000,48.000000,67.150000
1779334280.590508,0,0.000000,0.000000,0.000000,0.000000,-281.330000,0.180000,-0.250000,0.000000,51.000000,67.160000
1779334280.591508,0,0.000000,0.000000,0.000000,0.000000,-281.330000,0.180000,-0.250000,0.000000,51.000000,67.160000
1779334280.592508,0,0.000000,0.000000,0.000000,0.000000,-281.330000,0.180000,-0.250000,0.000000,51.000000,67.180000
1779334280.608010,0,0.000000,0.000000,0.000000,0.000000,-281.330000,0.180000,-0.250000,0.000000,51.000000,67.190000
1779334280.621510,0,0.000000,0.000000,0.000000,0.000000,-281.330000,0.180000,-0.250000,0.000000,51.000000,67.190000
1779334280.643515,0,0.000000,0.000000,0.000000,0.000000,-243.460000,0.330000,0.070000,0.000000,48.000000,67.220000
1779334280.644513,0,0.000000,0.000000,0.000000,0.000000,-243.460000,0.330000,0.070000,0.000000,48.000000,67.230000
1779334280.658046,0,0.000000,0.000000,0.000000,0.000000,-243.460000,0.330000,0.070000,0.000000,48.000000,67.230000
1779334280.659046,0,0.000000,0.000000,0.000000,0.000000,-243.460000,0.330000,0.070000,0.000000,48.000000,67.250000
1779334280.681058,0,0.000000,0.000000,0.000000,0.000000,-243.460000,0.330000,0.070000,0.000000,48.000000,67.260000
1779334280.683055,0,0.000000,0.000000,0.000000,0.000000,-124.900000,0.340000,0.050000,0.000000,48.000000,67.260000
1779334280.696554,0,0.000000,0.000000,0.000000,0.000000,-124.900000,0.340000,0.050000,0.000000,48.000000,67.270000
1779334280.711062,0,0.000000,0.000000,0.000000,0.000000,-124.900000,0.340000,0.050000,0.000000,48.000000,67.290000
1779334280.718062,0,0.000000,0.000000,0.000000,0.000000,-124.900000,0.340000,0.050000,0.000000,48.000000,67.300000
1779334280.741062,0,0.000000,0.000000,0.000000,0.000000,-124.900000,0.340000,0.050000,0.000000,48.000000,67.300000
1779334280.742563,0,0.000000,0.000000,0.000000,0.000000,-38.040000,0.250000,-0.120000,0.000000,48.000000,67.330000
1779334280.748562,0,0.000000,0.000000,0.000000,0.000000,-38.040000,0.250000,-0.120000,0.000000,48.000000,67.330000
1779334280.771061,0,0.000000,0.000000,0.000000,0.000000,-38.040000,0.250000,-0.120000,0.000000,48.000000,67.340000
1779334280.786063,0,0.000000,0.000000,0.000000,0.000000,-38.040000,0.250000,-0.120000,0.000000,48.000000,67.360000
1779334280.787063,0,0.000000,0.000000,0.000000,0.000000,67.910000,0.210000,-0.210000,0.000000,48.000000,67.370000
1779334280.793562,0,0.000000,0.000000,0.000000,0.000000,67.910000,0.210000,-0.210000,0.000000,48.000000,67.370000
1779334280.800958,0,0.000000,0.000000,0.000000,0.000000,67.910000,0.210000,-0.210000,0.000000,48.000000,67.380000
1779334280.807963,0,0.000000,0.000000,0.000000,0.000000,67.910000,0.210000,-0.210000,0.000000,48.000000,67.400000
1779334280.833149,0,0.000000,0.000000,0.000000,0.000000,67.910000,0.210000,-0.210000,0.000000,48.000000,67.410000
1779334280.833648,0,0.000000,0.000000,0.000000,0.000000,143.710000,0.180000,-0.270000,0.000000,48.000000,67.410000
1779334280.846148,0,0.000000,0.000000,0.000000,0.000000,143.710000,0.180000,-0.270000,0.000000,48.000000,67.430000
1779334280.861207,0,0.000000,0.000000,0.000000,0.000000,143.710000,0.180000,-0.270000,0.000000,48.000000,67.440000
1779334280.861707,0,0.000000,0.000000,0.000000,0.000000,143.710000,0.180000,-0.270000,0.000000,48.000000,67.440000
1779334280.898786,0,0.000000,0.000000,0.000000,0.000000,143.710000,0.180000,-0.270000,0.000000,48.000000,67.450000
1779334280.899786,0,0.000000,0.000000,0.000000,0.000000,143.710000,0.180000,-0.270000,0.000000,48.000000,67.470000
1779334280.901285,0,0.000000,0.000000,0.000000,0.000000,3.500000,0.180000,-0.300000,0.000000,48.000000,67.480000
1779334280.929290,0,0.000000,0.000000,0.000000,0.000000,3.500000,0.180000,-0.300000,0.000000,48.000000,67.500000
1779334280.930790,0,0.000000,0.000000,0.000000,0.000000,3.500000,0.180000,-0.300000,0.000000,48.000000,67.510000
1779334280.931289,0,0.000000,0.000000,0.000000,0.000000,3.500000,0.180000,-0.300000,0.000000,48.000000,67.510000
1779334280.966576,0,0.000000,0.000000,0.000000,0.000000,-204.320000,0.180000,-0.300000,0.000000,48.000000,67.520000
1779334280.967575,0,0.000000,0.000000,0.000000,0.000000,-204.320000,0.180000,-0.300000,0.000000,48.000000,67.540000
1779334280.968075,0,0.000000,0.000000,0.000000,0.000000,-204.320000,0.180000,-0.300000,0.000000,48.000000,67.550000
1779334280.968576,0,0.000000,0.000000,0.000000,0.000000,-204.320000,0.180000,-0.300000,0.000000,48.000000,67.550000
1779334280.980632,0,0.000000,0.000000,0.000000,0.000000,-204.320000,0.180000,-0.300000,0.000000,48.000000,67.560000
1779334280.988132,0,0.000000,0.000000,0.000000,0.000000,53.680000,0.180000,-0.280000,0.000000,48.000000,67.580000
1779334280.995632,0,0.000000,0.000000,0.000000,0.000000,53.680000,0.180000,-0.280000,0.000000,48.000000,67.580000
1779334281.012591,0,0.000000,0.000000,0.000000,0.000000,53.680000,0.180000,-0.280000,0.000000,48.000000,67.590000
1779334281.018591,0,0.000000,0.000000,0.000000,0.000000,53.680000,0.180000,-0.280000,0.000000,48.000000,67.610000
1779334281.056102,0,0.000000,0.000000,0.000000,0.000000,53.680000,0.180000,-0.280000,0.000000,48.000000,67.620000
1779334281.063102,0,0.000000,0.000000,0.000000,0.000000,277.390000,0.200000,-0.250000,0.000000,48.000000,67.620000
1779334281.064103,0,0.000000,0.000000,0.000000,0.000000,277.390000,0.200000,-0.250000,0.000000,48.000000,67.630000
1779334281.065603,0,0.000000,0.000000,0.000000,0.000000,277.390000,0.200000,-0.250000,0.000000,48.000000,67.650000
1779334281.071102,0,0.000000,0.000000,0.000000,0.000000,277.390000,0.200000,-0.250000,0.000000,48.000000,67.660000
1779334281.101182,0,0.000000,0.000000,0.000000,0.000000,277.390000,0.200000,-0.250000,0.000000,48.000000,67.660000
1779334281.131380,0,0.000000,0.000000,0.000000,0.000000,-142.610000,0.230000,-0.230000,0.000000,48.000000,67.680000
1779334281.132880,0,0.000000,0.000000,0.000000,0.000000,-142.610000,0.230000,-0.230000,0.000000,48.000000,67.690000
1779334281.133881,0,0.000000,0.000000,0.000000,0.000000,-142.610000,0.230000,-0.230000,0.000000,48.000000,67.690000
1779334281.134380,0,0.000000,0.000000,0.000000,0.000000,-142.610000,0.230000,-0.230000,0.000000,48.000000,67.700000
1779334281.145879,0,0.000000,0.000000,0.000000,0.000000,42.910000,0.250000,-0.230000,0.000000,48.000000,67.730000
1779334281.168150,0,0.000000,0.000000,0.000000,0.000000,42.910000,0.250000,-0.230000,0.000000,48.000000,67.750000
1779334281.169149,0,0.000000,0.000000,0.000000,0.000000,42.910000,0.250000,-0.230000,0.000000,48.000000,67.760000
1779334281.182651,0,0.000000,0.000000,0.000000,0.000000,42.910000,0.250000,-0.230000,0.000000,48.000000,67.760000
1779334281.190868,0,0.000000,0.000000,0.000000,0.000000,42.910000,0.250000,-0.230000,0.000000,48.000000,67.760000
1779334281.204889,0,0.000000,0.000000,0.000000,0.000000,42.910000,0.250000,-0.230000,0.000000,48.000000,67.790000
1779334281.205889,0,0.000000,0.000000,0.000000,0.000000,301.760000,0.280000,-0.210000,0.000000,48.000000,67.800000
1779334281.228538,0,0.000000,0.000000,0.000000,0.000000,301.760000,0.280000,-0.210000,0.000000,48.000000,67.800000
1779334281.230038,0,0.000000,0.000000,0.000000,0.000000,301.760000,0.280000,-0.210000,0.000000,48.000000,67.810000
1779334281.250489,0,0.000000,0.000000,0.000000,0.000000,301.760000,0.280000,-0.210000,0.000000,48.000000,67.830000
1779334281.251989,0,0.000000,0.000000,0.000000,0.000000,-194.440000,0.300000,-0.230000,0.000000,48.000000,67.830000
1779334281.266206,0,0.000000,0.000000,0.000000,0.000000,-194.440000,0.300000,-0.230000,0.000000,48.000000,67.840000
1779334281.273205,0,0.000000,0.000000,0.000000,0.000000,-194.440000,0.300000,-0.230000,0.000000,48.000000,67.860000
1779334281.288325,0,0.000000,0.000000,0.000000,0.000000,-194.440000,0.300000,-0.230000,0.000000,48.000000,67.870000
1779334281.295824,0,0.000000,0.000000,0.000000,0.000000,-194.440000,0.300000,-0.230000,0.000000,48.000000,67.870000
1779334281.311497,0,0.000000,0.000000,0.000000,0.000000,47.590000,0.310000,-0.280000,0.000000,48.000000,67.900000
1779334281.320496,0,0.000000,0.000000,0.000000,0.000000,47.590000,0.310000,-0.280000,0.000000,48.000000,67.910000
1779334281.333996,0,0.000000,0.000000,0.000000,0.000000,47.590000,0.310000,-0.280000,0.000000,48.000000,67.910000
1779334281.340513,0,0.000000,0.000000,0.000000,0.000000,47.590000,0.310000,-0.280000,0.000000,48.000000,67.930000
1779334281.363606,0,0.000000,0.000000,0.000000,0.000000,47.590000,0.310000,-0.280000,0.000000,48.000000,67.940000
1779334281.370605,0,0.000000,0.000000,0.000000,0.000000,47.590000,0.310000,-0.280000,0.000000,48.000000,67.940000
1779334281.371607,0,0.000000,0.000000,0.000000,0.000000,47.590000,0.310000,-0.280000,0.000000,48.000000,67.950000
1779334281.386105,0,0.000000,0.000000,0.000000,0.000000,47.590000,0.310000,-0.280000,0.000000,48.000000,67.970000
1779334281.415343,0,0.000000,0.000000,0.000000,0.000000,47.590000,0.310000,-0.280000,0.000000,48.000000,67.980000
1779334281.416343,0,0.000000,0.000000,0.000000,0.000000,221.020000,0.310000,-0.340000,0.000000,51.000000,68.000000
1779334281.422885,0,0.000000,0.000000,0.000000,0.000000,221.020000,0.310000,-0.340000,0.000000,51.000000,68.010000
1779334281.424390,0,0.000000,0.000000,0.000000,0.000000,221.020000,0.310000,-0.340000,0.000000,51.000000,68.010000
1779334281.453134,0,0.000000,0.000000,0.000000,0.000000,221.020000,0.310000,-0.340000,0.000000,51.000000,68.020000
1779334281.454134,0,0.000000,0.000000,0.000000,0.000000,221.020000,0.310000,-0.340000,0.000000,51.000000,68.040000
1779334281.468134,0,0.000000,0.000000,0.000000,0.000000,-300.050000,0.340000,-0.400000,0.000000,48.000000,68.050000
1779334281.469635,0,0.000000,0.000000,0.000000,0.000000,-300.050000,0.340000,-0.400000,0.000000,48.000000,68.050000
1779334281.483356,0,0.000000,0.000000,0.000000,0.000000,-300.050000,0.340000,-0.400000,0.000000,48.000000,68.060000
1779334281.491356,0,0.000000,0.000000,0.000000,0.000000,-300.050000,0.340000,-0.400000,0.000000,48.000000,68.080000
1779334281.505667,0,0.000000,0.000000,0.000000,0.000000,-300.050000,0.340000,-0.400000,0.000000,48.000000,68.080000
1779334281.513167,0,0.000000,0.000000,0.000000,0.000000,83.340000,0.340000,-0.440000,0.000000,48.000000,68.090000
1779334281.536477,0,0.000000,0.000000,0.000000,0.000000,83.340000,0.340000,-0.440000,0.000000,48.000000,68.110000
1779334281.537976,0,0.000000,0.000000,0.000000,0.000000,83.340000,0.340000,-0.440000,0.000000,48.000000,68.120000
1779334281.551476,0,0.000000,0.000000,0.000000,0.000000,83.340000,0.340000,-0.440000,0.000000,48.000000,68.120000
1779334281.558502,0,0.000000,0.000000,0.000000,0.000000,83.340000,0.340000,-0.440000,0.000000,48.000000,68.150000
1779334281.583043,0,0.000000,0.000000,0.000000,0.000000,-266.790000,0.340000,-0.470000,0.000000,48.000000,68.160000
1779334281.583543,0,0.000000,0.000000,0.000000,0.000000,-266.790000,0.340000,-0.470000,0.000000,48.000000,68.160000
1779334281.618440,0,0.000000,0.000000,0.000000,0.000000,-266.790000,0.340000,-0.470000,0.000000,48.000000,68.180000
1779334281.619440,0,0.000000,0.000000,0.000000,0.000000,-266.790000,0.340000,-0.470000,0.000000,48.000000,68.190000
1779334281.619940,0,0.000000,0.000000,0.000000,0.000000,273.200000,0.340000,-0.470000,0.000000,48.000000,68.190000
1779334281.620940,0,0.000000,0.000000,0.000000,0.000000,273.200000,0.340000,-0.470000,0.000000,48.000000,68.200000
1779334281.640465,0,0.000000,0.000000,0.000000,0.000000,273.200000,0.340000,-0.470000,0.000000,48.000000,68.220000
1779334281.648466,0,0.000000,0.000000,0.000000,0.000000,273.200000,0.340000,-0.470000,0.000000,48.000000,68.230000
1779334281.678477,0,0.000000,0.000000,0.000000,0.000000,273.200000,0.340000,-0.470000,0.000000,48.000000,68.230000
1779334281.679978,0,0.000000,0.000000,0.000000,0.000000,109.520000,0.340000,-0.490000,0.000000,48.000000,68.260000
1779334281.680977,0,0.000000,0.000000,0.000000,0.000000,109.520000,0.340000,-0.490000,0.000000,48.000000,68.260000
1779334281.701058,0,0.000000,0.000000,0.000000,0.000000,109.520000,0.340000,-0.490000,0.000000,48.000000,68.270000
1779334281.702558,0,0.000000,0.000000,0.000000,0.000000,109.520000,0.340000,-0.490000,0.000000,48.000000,68.290000
1779334281.716119,0,0.000000,0.000000,0.000000,0.000000,109.520000,0.340000,-0.490000,0.000000,48.000000,68.300000
1779334281.717119,0,0.000000,0.000000,0.000000,0.000000,289.130000,0.360000,-0.490000,0.000000,48.000000,68.300000
1779334281.739080,0,0.000000,0.000000,0.000000,0.000000,289.130000,0.360000,-0.490000,0.000000,48.000000,68.310000
1779334281.740081,0,0.000000,0.000000,0.000000,0.000000,289.130000,0.360000,-0.490000,0.000000,48.000000,68.330000
1779334281.754080,0,0.000000,0.000000,0.000000,0.000000,289.130000,0.360000,-0.490000,0.000000,48.000000,68.330000
1779334281.776089,0,0.000000,0.000000,0.000000,0.000000,289.130000,0.360000,-0.490000,0.000000,48.000000,68.340000
1779334281.777588,0,0.000000,0.000000,0.000000,0.000000,-320.890000,0.370000,-0.460000,0.000000,48.000000,68.370000
1779334281.783588,0,0.000000,0.000000,0.000000,0.000000,-320.890000,0.370000,-0.460000,0.000000,48.000000,68.370000
1779334281.798247,0,0.000000,0.000000,0.000000,0.000000,-320.890000,0.370000,-0.460000,0.000000,48.000000,68.380000
1779334281.813248,0,0.000000,0.000000,0.000000,0.000000,-320.890000,0.370000,-0.460000,0.000000,48.000000,68.400000
1779334281.821248,0,0.000000,0.000000,0.000000,0.000000,-320.890000,0.370000,-0.460000,0.000000,48.000000,68.400000
1779334281.851249,0,0.000000,0.000000,0.000000,0.000000,271.890000,0.370000,-0.440000,0.000000,48.000000,68.410000
1779334281.852248,0,0.000000,0.000000,0.000000,0.000000,271.890000,0.370000,-0.440000,0.000000,48.000000,68.430000
1779334281.853248,0,0.000000,0.000000,0.000000,0.000000,271.890000,0.370000,-0.440000,0.000000,48.000000,68.440000
1779334281.866747,0,0.000000,0.000000,0.000000,0.000000,271.890000,0.370000,-0.440000,0.000000,48.000000,68.440000
1779334281.881248,0,0.000000,0.000000,0.000000,0.000000,94.720000,0.370000,-0.430000,0.000000,48.000000,68.450000
1779334281.895248,0,0.000000,0.000000,0.000000,0.000000,94.720000,0.370000,-0.430000,0.000000,48.000000,68.470000
1779334281.896248,0,0.000000,0.000000,0.000000,0.000000,94.720000,0.370000,-0.430000,0.000000,48.000000,68.480000
1779334281.903248,0,0.000000,0.000000,0.000000,0.000000,94.720000,0.370000,-0.430000,0.000000,48.000000,68.480000
1779334281.925403,0,0.000000,0.000000,0.000000,0.000000,94.720000,0.370000,-0.430000,0.000000,48.000000,68.500000
1779334281.926403,0,0.000000,0.000000,0.000000,0.000000,94.720000,0.370000,-0.430000,0.000000,48.000000,68.510000
1779334281.940902,0,0.000000,0.000000,0.000000,0.000000,-206.300000,0.360000,-0.400000,0.000000,48.000000,68.520000
1779334281.956403,0,0.000000,0.000000,0.000000,0.000000,-206.300000,0.360000,-0.400000,0.000000,48.000000,68.540000
1779334281.956903,0,0.000000,0.000000,0.000000,0.000000,-206.300000,0.360000,-0.400000,0.000000,48.000000,68.550000
1779334281.970934,0,0.000000,0.000000,0.000000,0.000000,-206.300000,0.360000,-0.400000,0.000000,48.000000,68.550000
1779334281.977934,0,0.000000,0.000000,0.000000,0.000000,245.690000,0.310000,-0.380000,0.000000,48.000000,68.560000
1779334281.985933,0,0.000000,0.000000,0.000000,0.000000,245.690000,0.310000,-0.380000,0.000000,48.000000,68.580000
1779334281.993434,0,0.000000,0.000000,0.000000,0.000000,245.690000,0.310000,-0.380000,0.000000,48.000000,68.580000
1779334282.015940,0,0.000000,0.000000,0.000000,0.000000,245.690000,0.310000,-0.380000,0.000000,48.000000,68.590000
1779334282.023486,0,0.000000,0.000000,0.000000,0.000000,245.690000,0.310000,-0.380000,0.000000,48.000000,68.610000
1779334282.030986,0,0.000000,0.000000,0.000000,0.000000,245.690000,0.310000,-0.380000,0.000000,48.000000,68.620000
1779334282.045986,0,0.000000,0.000000,0.000000,0.000000,-205.330000,0.280000,-0.360000,0.000000,48.000000,68.620000
1779334282.060532,0,0.000000,0.000000,0.000000,0.000000,-205.330000,0.280000,-0.360000,0.000000,48.000000,68.630000
1779334282.061032,0,0.000000,0.000000,0.000000,0.000000,-205.330000,0.280000,-0.360000,0.000000,48.000000,68.650000
1779334282.076539,0,0.000000,0.000000,0.000000,0.000000,-205.330000,0.280000,-0.360000,0.000000,48.000000,68.660000
1779334282.083540,0,0.000000,0.000000,0.000000,0.000000,104.510000,0.250000,-0.330000,0.000000,48.000000,68.660000
1779334282.091039,0,0.000000,0.000000,0.000000,0.000000,104.510000,0.250000,-0.330000,0.000000,48.000000,68.680000
1779334282.113245,0,0.000000,0.000000,0.000000,0.000000,104.510000,0.250000,-0.330000,0.000000,48.000000,68.690000
1779334282.114746,0,0.000000,0.000000,0.000000,0.000000,104.510000,0.250000,-0.330000,0.000000,48.000000,68.690000
1779334282.129097,0,0.000000,0.000000,0.000000,0.000000,104.510000,0.250000,-0.330000,0.000000,48.000000,68.700000
1779334282.143631,0,0.000000,0.000000,0.000000,0.000000,197.830000,0.250000,-0.200000,0.000000,48.000000,68.730000
1779334282.151132,0,0.000000,0.000000,0.000000,0.000000,197.830000,0.250000,-0.200000,0.000000,48.000000,68.730000
1779334282.158690,0,0.000000,0.000000,0.000000,0.000000,197.830000,0.250000,-0.200000,0.000000,48.000000,68.750000
1779334282.173753,0,0.000000,0.000000,0.000000,0.000000,197.830000,0.250000,-0.200000,0.000000,48.000000,68.760000
1779334282.196359,0,0.000000,0.000000,0.000000,0.000000,197.830000,0.250000,-0.200000,0.000000,48.000000,68.760000
1779334282.197358,0,0.000000,0.000000,0.000000,0.000000,-105.650000,0.250000,-0.100000,0.000000,48.000000,68.770000
1779334282.197858,0,0.000000,0.000000,0.000000,0.000000,-105.650000,0.250000,-0.100000,0.000000,48.000000,68.790000
1779334282.210927,0,0.000000,0.000000,0.000000,0.000000,-105.650000,0.250000,-0.100000,0.000000,48.000000,68.800000
1779334282.218427,0,0.000000,0.000000,0.000000,0.000000,-105.650000,0.250000,-0.100000,0.000000,48.000000,68.800000
1779334282.241271,0,0.000000,0.000000,0.000000,0.000000,217.050000,0.200000,-0.150000,0.000000,48.000000,68.830000
1779334282.248271,0,0.000000,0.000000,0.000000,0.000000,217.050000,0.200000,-0.150000,0.000000,48.000000,68.830000
1779334282.263271,0,0.000000,0.000000,0.000000,0.000000,217.050000,0.200000,-0.150000,0.000000,48.000000,68.840000
1779334282.271272,0,0.000000,0.000000,0.000000,0.000000,217.050000,0.200000,-0.150000,0.000000,48.000000,68.860000
1779334282.285771,0,0.000000,0.000000,0.000000,0.000000,217.050000,0.200000,-0.150000,0.000000,48.000000,68.870000
1779334282.293271,0,0.000000,0.000000,0.000000,0.000000,-151.530000,0.170000,-0.180000,0.000000,48.000000,68.870000
1779334282.324271,0,0.000000,0.000000,0.000000,0.000000,-151.530000,0.170000,-0.180000,0.000000,48.000000,68.880000
1779334282.330272,0,0.000000,0.000000,0.000000,0.000000,-151.530000,0.170000,-0.180000,0.000000,48.000000,68.900000
1779334282.331772,0,0.000000,0.000000,0.000000,0.000000,-151.530000,0.170000,-0.180000,0.000000,48.000000,68.910000
1779334282.360289,0,0.000000,0.000000,0.000000,0.000000,-151.530000,0.170000,-0.180000,0.000000,48.000000,68.910000
1779334282.375288,0,0.000000,0.000000,0.000000,0.000000,227.720000,0.140000,-0.210000,0.000000,48.000000,68.940000
1779334282.376287,0,0.000000,0.000000,0.000000,0.000000,227.720000,0.140000,-0.210000,0.000000,48.000000,68.940000
1779334282.377287,0,0.000000,0.000000,0.000000,0.000000,227.720000,0.140000,-0.210000,0.000000,48.000000,68.950000
1779334282.378288,0,0.000000,0.000000,0.000000,0.000000,227.720000,0.140000,-0.210000,0.000000,48.000000,68.970000
1779334282.390791,0,0.000000,0.000000,0.000000,0.000000,-140.470000,0.110000,-0.230000,0.000000,48.000000,68.980000
1779334282.412822,0,0.000000,0.000000,0.000000,0.000000,-140.470000,0.110000,-0.230000,0.000000,48.000000,68.980000
1779334282.413822,0,0.000000,0.000000,0.000000,0.000000,-140.470000,0.110000,-0.230000,0.000000,48.000000,69.000000
1779334282.443238,0,0.000000,0.000000,0.000000,0.000000,-140.470000,0.110000,-0.230000,0.000000,48.000000,69.010000
1779334282.444238,0,0.000000,0.000000,0.000000,0.000000,-140.470000,0.110000,-0.230000,0.000000,48.000000,69.010000
1779334282.445238,0,0.000000,0.000000,0.000000,0.000000,206.500000,0.100000,-0.250000,0.000000,48.000000,69.040000
1779334282.458238,0,0.000000,0.000000,0.000000,0.000000,206.500000,0.100000,-0.250000,0.000000,48.000000,69.050000
1779334282.465578,0,0.000000,0.000000,0.000000,0.000000,206.500000,0.100000,-0.250000,0.000000,48.000000,69.050000
1779334282.481079,0,0.000000,0.000000,0.000000,0.000000,206.500000,0.100000,-0.250000,0.000000,48.000000,69.060000
1779334282.503581,0,0.000000,0.000000,0.000000,0.000000,206.500000,0.100000,-0.250000,0.000000,48.000000,69.080000
1779334282.504581,0,0.000000,0.000000,0.000000,0.000000,-277.350000,0.090000,-0.250000,0.000000,48.000000,69.080000
1779334282.510580,0,0.000000,0.000000,0.000000,0.000000,-277.350000,0.090000,-0.250000,0.000000,48.000000,69.090000
1779334282.533187,0,0.000000,0.000000,0.000000,0.000000,-277.350000,0.090000,-0.250000,0.000000,48.000000,69.110000
1779334282.533687,0,0.000000,0.000000,0.000000,0.000000,-277.350000,0.090000,-0.250000,0.000000,48.000000,69.120000
1779334282.548695,0,0.000000,0.000000,0.000000,0.000000,-277.350000,0.090000,-0.250000,0.000000,48.000000,69.120000
1779334282.563195,0,0.000000,0.000000,0.000000,0.000000,-10.390000,0.110000,-0.230000,0.000000,48.000000,69.150000
1779334282.565696,0,0.000000,0.000000,0.000000,0.000000,-10.390000,0.110000,-0.230000,0.000000,48.000000,69.160000
1779334282.578698,0,0.000000,0.000000,0.000000,0.000000,-10.390000,0.110000,-0.230000,0.000000,48.000000,69.160000
1779334282.586195,0,0.000000,0.000000,0.000000,0.000000,-10.390000,0.110000,-0.230000,0.000000,48.000000,69.180000
1779334282.601029,0,0.000000,0.000000,0.000000,0.000000,-45.840000,0.150000,-0.200000,0.000000,48.000000,69.190000
1779334282.608029,0,0.000000,0.000000,0.000000,0.000000,-45.840000,0.150000,-0.200000,0.000000,48.000000,69.190000
1779334282.623273,0,0.000000,0.000000,0.000000,0.000000,-45.840000,0.150000,-0.200000,0.000000,48.000000,69.200000
1779334282.631273,0,0.000000,0.000000,0.000000,0.000000,-45.840000,0.150000,-0.200000,0.000000,48.000000,69.220000
1779334282.646274,0,0.000000,0.000000,0.000000,0.000000,-45.840000,0.150000,-0.200000,0.000000,48.000000,69.230000
1779334282.653273,0,0.000000,0.000000,0.000000,0.000000,-141.690000,0.180000,-0.180000,0.000000,48.000000,69.230000
1779334282.661109,0,0.000000,0.000000,0.000000,0.000000,-141.690000,0.180000,-0.180000,0.000000,48.000000,69.250000
1779334282.668109,0,0.000000,0.000000,0.000000,0.000000,-141.690000,0.180000,-0.180000,0.000000,48.000000,69.260000
1779334282.684109,0,0.000000,0.000000,0.000000,0.000000,-141.690000,0.180000,-0.180000,0.000000,48.000000,69.260000
1779334282.691109,0,0.000000,0.000000,0.000000,0.000000,-141.690000,0.180000,-0.180000,0.000000,48.000000,69.270000
1779334282.713138,0,0.000000,0.000000,0.000000,0.000000,-182.830000,0.180000,-0.170000,0.000000,48.000000,69.300000
1779334282.714638,0,0.000000,0.000000,0.000000,0.000000,-182.830000,0.180000,-0.170000,0.000000,48.000000,69.300000
1779334282.728138,0,0.000000,0.000000,0.000000,0.000000,-182.830000,0.180000,-0.170000,0.000000,48.000000,69.300000
1779334282.743266,0,0.000000,0.000000,0.000000,0.000000,-182.830000,0.180000,-0.170000,0.000000,48.000000,69.310000
1779334282.744266,0,0.000000,0.000000,0.000000,0.000000,-182.830000,0.180000,-0.170000,0.000000,48.000000,69.330000
1779334282.758766,0,0.000000,0.000000,0.000000,0.000000,-182.830000,0.180000,-0.170000,0.000000,48.000000,69.340000
1779334282.765771,0,0.000000,0.000000,0.000000,0.000000,-205.420000,0.150000,-0.180000,0.000000,48.000000,69.360000
1779334282.804275,0,0.000000,0.000000,0.000000,0.000000,-205.420000,0.150000,-0.180000,0.000000,48.000000,69.370000
1779334282.806275,0,0.000000,0.000000,0.000000,0.000000,-205.420000,0.150000,-0.180000,0.000000,48.000000,69.370000
1779334282.807275,0,0.000000,0.000000,0.000000,0.000000,-205.420000,0.150000,-0.180000,0.000000,48.000000,69.380000
1779334282.808275,0,0.000000,0.000000,0.000000,0.000000,-38.220000,0.140000,-0.200000,0.000000,48.000000,69.400000
1779334282.833058,0,0.000000,0.000000,0.000000,0.000000,-38.220000,0.140000,-0.200000,0.000000,48.000000,69.410000
1779334282.834558,0,0.000000,0.000000,0.000000,0.000000,-38.220000,0.140000,-0.200000,0.000000,48.000000,69.410000
1779334282.841057,0,0.000000,0.000000,0.000000,0.000000,-38.220000,0.140000,-0.200000,0.000000,48.000000,69.430000
1779334282.856557,0,0.000000,0.000000,0.000000,0.000000,-38.220000,0.140000,-0.200000,0.000000,48.000000,69.440000
1779334282.863557,0,0.000000,0.000000,0.000000,0.000000,-38.220000,0.140000,-0.200000,0.000000,48.000000,69.440000
1779334282.871057,0,0.000000,0.000000,0.000000,0.000000,-126.130000,0.110000,-0.230000,0.000000,48.000000,69.450000
1779334282.885750,0,0.000000,0.000000,0.000000,0.000000,-126.130000,0.110000,-0.230000,0.000000,48.000000,69.470000
1779334282.909249,0,0.000000,0.000000,0.000000,0.000000,-126.130000,0.110000,-0.230000,0.000000,48.000000,69.480000
1779334282.911250,0,0.000000,0.000000,0.000000,0.000000,-126.130000,0.110000,-0.230000,0.000000,48.000000,69.480000
1779334282.915751,0,0.000000,0.000000,0.000000,0.000000,88.430000,0.150000,-0.150000,0.000000,48.000000,69.500000
1779334282.938249,0,0.000000,0.000000,0.000000,0.000000,88.430000,0.150000,-0.150000,0.000000,48.000000,69.510000
1779334282.939749,0,0.000000,0.000000,0.000000,0.000000,88.430000,0.150000,-0.150000,0.000000,48.000000,69.510000
1779334282.968749,0,0.000000,0.000000,0.000000,0.000000,88.430000,0.150000,-0.150000,0.000000,48.000000,69.520000
1779334282.971251,0,0.000000,0.000000,0.000000,0.000000,88.430000,0.150000,-0.150000,0.000000,48.000000,69.540000
1779334282.972249,0,0.000000,0.000000,0.000000,0.000000,-117.230000,0.110000,-0.200000,0.000000,48.000000,69.550000
1779334282.983256,0,0.000000,0.000000,0.000000,0.000000,-117.230000,0.110000,-0.200000,0.000000,48.000000,69.560000
1779334282.998528,0,0.000000,0.000000,0.000000,0.000000,-117.230000,0.110000,-0.200000,0.000000,48.000000,69.580000
1779334283.020528,0,0.000000,0.000000,0.000000,0.000000,-117.230000,0.110000,-0.200000,0.000000,48.000000,69.580000
1779334283.021528,0,0.000000,0.000000,0.000000,0.000000,-117.230000,0.110000,-0.200000,0.000000,48.000000,69.590000
1779334283.042653,0,0.000000,0.000000,0.000000,0.000000,-250.550000,0.100000,-0.230000,0.000000,48.000000,69.620000
1779334283.043653,0,0.000000,0.000000,0.000000,0.000000,-250.550000,0.100000,-0.230000,0.000000,48.000000,69.620000
1779334283.044654,0,0.000000,0.000000,0.000000,0.000000,-250.550000,0.100000,-0.230000,0.000000,48.000000,69.620000
1779334283.072676,0,0.000000,0.000000,0.000000,0.000000,-250.550000,0.100000,-0.230000,0.000000,48.000000,69.630000
1779334283.073676,0,0.000000,0.000000,0.000000,0.000000,318.140000,0.070000,-0.250000,0.000000,48.000000,69.660000
1779334283.081176,0,0.000000,0.000000,0.000000,0.000000,318.140000,0.070000,-0.250000,0.000000,48.000000,69.660000
1779334283.088026,0,0.000000,0.000000,0.000000,0.000000,318.140000,0.070000,-0.250000,0.000000,48.000000,69.680000
1779334283.103035,0,0.000000,0.000000,0.000000,0.000000,318.140000,0.070000,-0.250000,0.000000,48.000000,69.690000
1779334283.111137,0,0.000000,0.000000,0.000000,0.000000,318.140000,0.070000,-0.250000,0.000000,48.000000,69.690000
1779334283.126545,0,0.000000,0.000000,0.000000,0.000000,239.410000,0.070000,-0.280000,0.000000,48.000000,69.700000
1779334283.141044,0,0.000000,0.000000,0.000000,0.000000,239.410000,0.070000,-0.280000,0.000000,48.000000,69.720000
1779334283.155545,0,0.000000,0.000000,0.000000,0.000000,239.410000,0.070000,-0.280000,0.000000,48.000000,69.730000
1779334283.162544,0,0.000000,0.000000,0.000000,0.000000,239.410000,0.070000,-0.280000,0.000000,48.000000,69.730000
1779334283.178161,0,0.000000,0.000000,0.000000,0.000000,239.410000,0.070000,-0.280000,0.000000,48.000000,69.750000
1779334283.179162,0,0.000000,0.000000,0.000000,0.000000,188.220000,0.070000,-0.280000,0.000000,48.000000,69.760000
1779334283.207712,0,0.000000,0.000000,0.000000,0.000000,188.220000,0.070000,-0.280000,0.000000,48.000000,69.770000
1779334283.208712,0,0.000000,0.000000,0.000000,0.000000,188.220000,0.070000,-0.280000,0.000000,48.000000,69.790000
1779334283.215712,0,0.000000,0.000000,0.000000,0.000000,188.220000,0.070000,-0.280000,0.000000,48.000000,69.800000
1779334283.223750,0,0.000000,0.000000,0.000000,0.000000,188.220000,0.070000,-0.280000,0.000000,48.000000,69.800000
1779334283.246250,0,0.000000,0.000000,0.000000,0.000000,188.220000,0.070000,-0.280000,0.000000,48.000000,69.830000
1779334283.247250,0,0.000000,0.000000,0.000000,0.000000,188.220000,0.070000,-0.280000,0.000000,48.000000,69.830000
1779334283.253281,0,0.000000,0.000000,0.000000,0.000000,188.220000,0.070000,-0.280000,0.000000,48.000000,69.840000
1779334283.268315,0,0.000000,0.000000,0.000000,0.000000,188.220000,0.070000,-0.280000,0.000000,48.000000,69.840000
1779334283.284824,0,0.000000,0.000000,0.000000,0.000000,170.360000,0.050000,-0.280000,0.000000,51.000000,69.870000
1779334283.305778,0,0.000000,0.000000,0.000000,0.000000,170.360000,0.050000,-0.280000,0.000000,51.000000,69.870000
1779334283.306778,0,0.000000,0.000000,0.000000,0.000000,170.360000,0.050000,-0.280000,0.000000,51.000000,69.880000
1779334283.313278,0,0.000000,0.000000,0.000000,0.000000,170.360000,0.050000,-0.280000,0.000000,51.000000,69.900000
1779334283.342827,0,0.000000,0.000000,0.000000,0.000000,170.360000,0.050000,-0.280000,0.000000,51.000000,69.910000
1779334283.344827,0,0.000000,0.000000,0.000000,0.000000,244.860000,0.050000,-0.280000,0.000000,48.000000,69.930000
1779334283.345328,0,0.000000,0.000000,0.000000,0.000000,244.860000,0.050000,-0.280000,0.000000,48.000000,69.940000
1779334283.346327,0,0.000000,0.000000,0.000000,0.000000,244.860000,0.050000,-0.280000,0.000000,48.000000,69.940000
1779334283.380893,0,0.000000,0.000000,0.000000,0.000000,244.860000,0.050000,-0.280000,0.000000,48.000000,69.950000
1779334283.381893,0,0.000000,0.000000,0.000000,0.000000,244.860000,0.050000,-0.280000,0.000000,48.000000,69.970000
1779334283.395634,0,0.000000,0.000000,0.000000,0.000000,244.860000,0.050000,-0.280000,0.000000,48.000000,69.980000
1779334283.403274,0,0.000000,0.000000,0.000000,0.000000,244.860000,0.050000,-0.280000,0.000000,48.000000,69.980000
1779334283.418772,0,0.000000,0.000000,0.000000,0.000000,244.860000,0.050000,-0.280000,0.000000,48.000000,70.000000
1779334283.429239,0,0.000000,0.000000,0.000000,0.000000,244.860000,0.050000,-0.280000,0.000000,48.000000,70.010000
1779334283.441271,0,0.000000,0.000000,0.000000,0.000000,-306.070000,0.050000,-0.280000,0.000000,51.000000,70.020000
1779334283.448271,0,0.000000,0.000000,0.000000,0.000000,-306.070000,0.050000,-0.280000,0.000000,51.000000,70.040000
1779334283.464279,0,0.000000,0.000000,0.000000,0.000000,-306.070000,0.050000,-0.280000,0.000000,51.000000,70.050000
1779334283.478780,0,0.000000,0.000000,0.000000,0.000000,-306.070000,0.050000,-0.280000,0.000000,51.000000,70.050000
1779334283.500086,0,0.000000,0.000000,0.000000,0.000000,-306.070000,0.050000,-0.280000,0.000000,51.000000,70.060000
1779334283.508085,0,0.000000,0.000000,0.000000,0.000000,-306.070000,0.050000,-0.280000,0.000000,51.000000,70.080000
1779334283.509584,0,0.000000,0.000000,0.000000,0.000000,-306.070000,0.050000,-0.280000,0.000000,51.000000,70.080000
1779334283.515744,0,0.000000,0.000000,0.000000,0.000000,-306.070000,0.050000,-0.280000,0.000000,51.000000,70.090000
1779334283.523245,0,0.000000,0.000000,0.000000,0.000000,-306.070000,0.050000,-0.280000,0.000000,51.000000,70.110000
1779334283.538743,0,0.000000,0.000000,0.000000,0.000000,-238.210000,0.050000,-0.280000,0.000000,51.000000,70.120000
1779334283.545809,0,0.000000,0.000000,0.000000,0.000000,-238.210000,0.050000,-0.280000,0.000000,51.000000,70.130000
1779334283.562811,0,0.000000,0.000000,0.000000,0.000000,-238.210000,0.050000,-0.280000,0.000000,51.000000,70.150000
1779334283.583810,0,0.000000,0.000000,0.000000,0.000000,-238.210000,0.050000,-0.280000,0.000000,51.000000,70.160000
1779334283.584810,0,0.000000,0.000000,0.000000,0.000000,-238.210000,0.050000,-0.280000,0.000000,51.000000,70.160000
1779334283.590810,0,0.000000,0.000000,0.000000,0.000000,194.570000,0.050000,-0.300000,0.000000,48.000000,70.180000
1779334283.621324,0,0.000000,0.000000,0.000000,0.000000,194.570000,0.050000,-0.300000,0.000000,48.000000,70.190000
1779334283.623824,0,0.000000,0.000000,0.000000,0.000000,194.570000,0.050000,-0.300000,0.000000,48.000000,70.190000
1779334283.624324,0,0.000000,0.000000,0.000000,0.000000,194.570000,0.050000,-0.300000,0.000000,48.000000,70.200000
1779334283.636324,0,0.000000,0.000000,0.000000,0.000000,194.570000,0.050000,-0.300000,0.000000,48.000000,70.220000
1779334283.650828,0,0.000000,0.000000,0.000000,0.000000,-124.760000,0.050000,-0.300000,0.000000,48.000000,70.230000
1779334283.658341,0,0.000000,0.000000,0.000000,0.000000,-124.760000,0.050000,-0.300000,0.000000,48.000000,70.250000
1779334283.672840,0,0.000000,0.000000,0.000000,0.000000,-124.760000,0.050000,-0.300000,0.000000,48.000000,70.260000
1779334283.674339,0,0.000000,0.000000,0.000000,0.000000,-124.760000,0.050000,-0.300000,0.000000,48.000000,70.260000
1779334283.696349,0,0.000000,0.000000,0.000000,0.000000,268.070000,0.050000,-0.300000,0.000000,48.000000,70.270000
1779334283.710772,0,0.000000,0.000000,0.000000,0.000000,268.070000,0.050000,-0.300000,0.000000,48.000000,70.300000
1779334283.718370,0,0.000000,0.000000,0.000000,0.000000,268.070000,0.050000,-0.300000,0.000000,48.000000,70.300000
1779334283.726370,0,0.000000,0.000000,0.000000,0.000000,268.070000,0.050000,-0.300000,0.000000,48.000000,70.300000
1779334283.741370,0,0.000000,0.000000,0.000000,0.000000,268.070000,0.050000,-0.300000,0.000000,48.000000,70.310000
1779334283.764921,0,0.000000,0.000000,0.000000,0.000000,62.090000,0.050000,-0.310000,0.000000,48.000000,70.330000
1779334283.765423,0,0.000000,0.000000,0.000000,0.000000,62.090000,0.050000,-0.310000,0.000000,48.000000,70.340000
1779334283.770921,0,0.000000,0.000000,0.000000,0.000000,62.090000,0.050000,-0.310000,0.000000,48.000000,70.360000
1779334283.785419,0,0.000000,0.000000,0.000000,0.000000,62.090000,0.050000,-0.310000,0.000000,48.000000,70.370000
1779334283.793420,0,0.000000,0.000000,0.000000,0.000000,62.090000,0.050000,-0.310000,0.000000,48.000000,70.370000
1779334283.830421,0,0.000000,0.000000,0.000000,0.000000,-93.480000,0.050000,-0.310000,0.000000,48.000000,70.380000
1779334283.831920,0,0.000000,0.000000,0.000000,0.000000,-93.480000,0.050000,-0.310000,0.000000,48.000000,70.400000
1779334283.832420,0,0.000000,0.000000,0.000000,0.000000,-93.480000,0.050000,-0.310000,0.000000,48.000000,70.410000
1779334283.833420,0,0.000000,0.000000,0.000000,0.000000,-93.480000,0.050000,-0.310000,0.000000,48.000000,70.410000
1779334283.845921,0,0.000000,0.000000,0.000000,0.000000,-93.480000,0.050000,-0.310000,0.000000,48.000000,70.430000
1779334283.861421,0,0.000000,0.000000,0.000000,0.000000,-203.720000,0.050000,-0.310000,0.000000,48.000000,70.440000
1779334283.868421,0,0.000000,0.000000,0.000000,0.000000,-203.720000,0.050000,-0.310000,0.000000,48.000000,70.450000
1779334283.890921,0,0.000000,0.000000,0.000000,0.000000,-203.720000,0.050000,-0.310000,0.000000,48.000000,70.470000
1779334283.892420,0,0.000000,0.000000,0.000000,0.000000,-203.720000,0.050000,-0.310000,0.000000,48.000000,70.480000
1779334283.913920,0,0.000000,0.000000,0.000000,0.000000,-287.270000,0.050000,-0.310000,0.000000,48.000000,70.480000
1779334283.915421,0,0.000000,0.000000,0.000000,0.000000,-287.270000,0.050000,-0.310000,0.000000,48.000000,70.500000
1779334283.928420,0,0.000000,0.000000,0.000000,0.000000,-287.270000,0.050000,-0.310000,0.000000,48.000000,70.510000
1779334283.935421,0,0.000000,0.000000,0.000000,0.000000,-287.270000,0.050000,-0.310000,0.000000,48.000000,70.510000
1779334283.943420,0,0.000000,0.000000,0.000000,0.000000,-287.270000,0.050000,-0.310000,0.000000,48.000000,70.520000
1779334283.973921,0,0.000000,0.000000,0.000000,0.000000,316.220000,0.050000,-0.330000,0.000000,48.000000,70.550000
1779334283.974421,0,0.000000,0.000000,0.000000,0.000000,316.220000,0.050000,-0.330000,0.000000,48.000000,70.550000
1779334283.975420,0,0.000000,0.000000,0.000000,0.000000,316.220000,0.050000,-0.330000,0.000000,48.000000,70.550000
1779334284.011420,0,0.000000,0.000000,0.000000,0.000000,316.220000,0.050000,-0.330000,0.000000,48.000000,70.560000
1779334284.012921,0,0.000000,0.000000,0.000000,0.000000,316.220000,0.050000,-0.330000,0.000000,48.000000,70.580000
1779334284.013421,0,0.000000,0.000000,0.000000,0.000000,261.510000,0.050000,-0.330000,0.000000,48.000000,70.590000
1779334284.018420,0,0.000000,0.000000,0.000000,0.000000,261.510000,0.050000,-0.330000,0.000000,48.000000,70.610000
1779334284.025420,0,0.000000,0.000000,0.000000,0.000000,261.510000,0.050000,-0.330000,0.000000,48.000000,70.620000
1779334284.040889,0,0.000000,0.000000,0.000000,0.000000,261.510000,0.050000,-0.330000,0.000000,48.000000,70.620000
1779334284.047888,0,0.000000,0.000000,0.000000,0.000000,261.510000,0.050000,-0.330000,0.000000,48.000000,70.630000
1779334284.093411,0,0.000000,0.000000,0.000000,0.000000,231.210000,0.050000,-0.330000,0.000000,48.000000,70.650000
1779334284.094411,0,0.000000,0.000000,0.000000,0.000000,231.210000,0.050000,-0.330000,0.000000,48.000000,70.660000
1779334284.094911,0,0.000000,0.000000,0.000000,0.000000,231.210000,0.050000,-0.330000,0.000000,48.000000,70.660000
1779334284.096411,0,0.000000,0.000000,0.000000,0.000000,231.210000,0.050000,-0.330000,0.000000,48.000000,70.680000
1779334284.108410,0,0.000000,0.000000,0.000000,0.000000,231.210000,0.050000,-0.330000,0.000000,48.000000,70.690000
1779334284.123411,0,0.000000,0.000000,0.000000,0.000000,-125.830000,0.090000,-0.360000,0.000000,48.000000,70.700000
1779334284.124411,0,0.000000,0.000000,0.000000,0.000000,-125.830000,0.090000,-0.360000,0.000000,48.000000,70.720000
1779334284.138140,0,0.000000,0.000000,0.000000,0.000000,-125.830000,0.090000,-0.360000,0.000000,48.000000,70.730000
1779334284.153147,0,0.000000,0.000000,0.000000,0.000000,-125.830000,0.090000,-0.360000,0.000000,48.000000,70.730000
1779334284.175581,0,0.000000,0.000000,0.000000,0.000000,-125.830000,0.090000,-0.360000,0.000000,48.000000,70.750000
1779334284.177081,0,0.000000,0.000000,0.000000,0.000000,-125.830000,0.090000,-0.360000,0.000000,48.000000,70.760000
1779334284.213127,0,0.000000,0.000000,0.000000,0.000000,-125.830000,0.090000,-0.360000,0.000000,48.000000,70.760000
1779334284.214627,0,0.000000,0.000000,0.000000,0.000000,-125.830000,0.090000,-0.360000,0.000000,48.000000,70.770000
1779334284.215626,0,0.000000,0.000000,0.000000,0.000000,-125.830000,0.090000,-0.360000,0.000000,48.000000,70.790000
1779334284.216127,0,0.000000,0.000000,0.000000,0.000000,-254.630000,0.120000,-0.370000,0.000000,51.000000,70.800000
1779334284.228127,0,0.000000,0.000000,0.000000,0.000000,-254.630000,0.120000,-0.370000,0.000000,51.000000,70.810000
1779334284.235627,0,0.000000,0.000000,0.000000,0.000000,-254.630000,0.120000,-0.370000,0.000000,51.000000,70.830000
1779334284.251126,0,0.000000,0.000000,0.000000,0.000000,-254.630000,0.120000,-0.370000,0.000000,51.000000,70.830000
1779334284.258627,0,0.000000,0.000000,0.000000,0.000000,-105.680000,0.180000,-0.400000,0.000000,48.000000,70.860000
1779334284.273595,0,0.000000,0.000000,0.000000,0.000000,-105.680000,0.180000,-0.400000,0.000000,48.000000,70.870000
1779334284.280594,0,0.000000,0.000000,0.000000,0.000000,-105.680000,0.180000,-0.400000,0.000000,48.000000,70.870000
1779334284.334644,0,0.000000,0.000000,0.000000,0.000000,-105.680000,0.180000,-0.400000,0.000000,48.000000,70.880000
1779334284.336144,0,0.000000,0.000000,0.000000,0.000000,-105.680000,0.180000,-0.400000,0.000000,48.000000,70.900000
1779334284.336645,0,0.000000,0.000000,0.000000,0.000000,223.630000,0.230000,-0.400000,0.000000,48.000000,70.910000
1779334284.336645,0,0.000000,0.000000,0.000000,0.000000,223.630000,0.230000,-0.400000,0.000000,48.000000,70.910000
1779334284.348643,0,0.000000,0.000000,0.000000,0.000000,223.630000,0.230000,-0.400000,0.000000,48.000000,70.930000
1779334284.350143,0,0.000000,0.000000,0.000000,0.000000,223.630000,0.230000,-0.400000,0.000000,48.000000,70.940000
1779334284.363584,0,0.000000,0.000000,0.000000,0.000000,223.630000,0.230000,-0.400000,0.000000,48.000000,70.940000
1779334284.378700,0,0.000000,0.000000,0.000000,0.000000,264.480000,0.280000,-0.400000,0.000000,48.000000,70.950000
1779334284.385700,0,0.000000,0.000000,0.000000,0.000000,264.480000,0.280000,-0.400000,0.000000,48.000000,70.970000
1779334284.401200,0,0.000000,0.000000,0.000000,0.000000,264.480000,0.280000,-0.400000,0.000000,48.000000,70.980000
1779334284.409201,0,0.000000,0.000000,0.000000,0.000000,264.480000,0.280000,-0.400000,0.000000,48.000000,70.980000
1779334284.430705,0,0.000000,0.000000,0.000000,0.000000,264.480000,0.280000,-0.400000,0.000000,48.000000,71.000000
1779334284.431705,0,0.000000,0.000000,0.000000,0.000000,223.270000,0.330000,-0.380000,0.000000,48.000000,71.010000
1779334284.446205,0,0.000000,0.000000,0.000000,0.000000,223.270000,0.330000,-0.380000,0.000000,48.000000,71.020000
1779334284.453204,0,0.000000,0.000000,0.000000,0.000000,223.270000,0.330000,-0.380000,0.000000,48.000000,71.040000
1779334284.467705,0,0.000000,0.000000,0.000000,0.000000,223.270000,0.330000,-0.380000,0.000000,48.000000,71.050000
1779334284.491205,0,0.000000,0.000000,0.000000,0.000000,200.240000,0.370000,-0.370000,0.000000,48.000000,71.050000
1779334284.491705,0,0.000000,0.000000,0.000000,0.000000,200.240000,0.370000,-0.370000,0.000000,48.000000,71.060000
1779334284.507705,0,0.000000,0.000000,0.000000,0.000000,200.240000,0.370000,-0.370000,0.000000,48.000000,71.080000
1779334284.509205,0,0.000000,0.000000,0.000000,0.000000,200.240000,0.370000,-0.370000,0.000000,48.000000,71.090000
1779334284.535963,0,0.000000,0.000000,0.000000,0.000000,200.240000,0.370000,-0.370000,0.000000,48.000000,71.090000
1779334284.536964,0,0.000000,0.000000,0.000000,0.000000,122.830000,0.400000,-0.340000,0.000000,48.000000,71.120000
1779334284.537963,0,0.000000,0.000000,0.000000,0.000000,122.830000,0.400000,-0.340000,0.000000,48.000000,71.120000
1779334284.573323,0,0.000000,0.000000,0.000000,0.000000,122.830000,0.400000,-0.340000,0.000000,48.000000,71.130000
1779334284.588030,0,0.000000,0.000000,0.000000,0.000000,122.830000,0.400000,-0.340000,0.000000,48.000000,71.150000
1779334284.589029,0,0.000000,0.000000,0.000000,0.000000,122.830000,0.400000,-0.340000,0.000000,48.000000,71.160000
1779334284.590529,0,0.000000,0.000000,0.000000,0.000000,-65.840000,0.430000,-0.330000,0.000000,48.000000,71.180000
1779334284.610529,0,0.000000,0.000000,0.000000,0.000000,-65.840000,0.430000,-0.330000,0.000000,48.000000,71.190000
1779334284.612029,0,0.000000,0.000000,0.000000,0.000000,-65.840000,0.430000,-0.330000,0.000000,48.000000,71.190000
1779334284.633783,0,0.000000,0.000000,0.000000,0.000000,-65.840000,0.430000,-0.330000,0.000000,48.000000,71.200000
1779334284.635283,0,0.000000,0.000000,0.000000,0.000000,207.740000,0.440000,-0.310000,0.000000,48.000000,71.220000
1779334284.635783,0,0.000000,0.000000,0.000000,0.000000,207.740000,0.440000,-0.310000,0.000000,48.000000,71.230000
1779334284.656283,0,0.000000,0.000000,0.000000,0.000000,207.740000,0.440000,-0.310000,0.000000,48.000000,71.230000
1779334284.678783,0,0.000000,0.000000,0.000000,0.000000,207.740000,0.440000,-0.310000,0.000000,48.000000,71.250000
1779334284.679783,0,0.000000,0.000000,0.000000,0.000000,207.740000,0.440000,-0.310000,0.000000,48.000000,71.260000
1779334284.680284,0,0.000000,0.000000,0.000000,0.000000,210.220000,0.460000,-0.310000,0.000000,48.000000,71.260000
1779334284.693286,0,0.000000,0.000000,0.000000,0.000000,210.220000,0.460000,-0.310000,0.000000,48.000000,71.270000
1779334284.708288,0,0.000000,0.000000,0.000000,0.000000,210.220000,0.460000,-0.310000,0.000000,48.000000,71.290000
1779334284.715787,0,0.000000,0.000000,0.000000,0.000000,210.220000,0.460000,-0.310000,0.000000,48.000000,71.300000
1779334284.730795,0,0.000000,0.000000,0.000000,0.000000,210.220000,0.460000,-0.310000,0.000000,48.000000,71.300000
1779334284.746077,0,0.000000,0.000000,0.000000,0.000000,184.880000,0.460000,-0.300000,0.000000,48.000000,71.330000
1779334284.755390,0,0.000000,0.000000,0.000000,0.000000,184.880000,0.460000,-0.300000,0.000000,48.000000,71.330000
1779334284.760391,0,0.000000,0.000000,0.000000,0.000000,184.880000,0.460000,-0.300000,0.000000,48.000000,71.340000
1779334284.783892,0,0.000000,0.000000,0.000000,0.000000,184.880000,0.460000,-0.300000,0.000000,48.000000,71.360000
1779334284.784890,0,0.000000,0.000000,0.000000,0.000000,184.880000,0.460000,-0.300000,0.000000,48.000000,71.370000
1779334284.805577,0,0.000000,0.000000,0.000000,0.000000,93.510000,0.470000,-0.280000,0.000000,48.000000,71.380000
1779334284.807077,0,0.000000,0.000000,0.000000,0.000000,93.510000,0.470000,-0.280000,0.000000,48.000000,71.400000
1779334284.836084,0,0.000000,0.000000,0.000000,0.000000,93.510000,0.470000,-0.280000,0.000000,48.000000,71.410000
1779334284.837085,0,0.000000,0.000000,0.000000,0.000000,93.510000,0.470000,-0.280000,0.000000,48.000000,71.410000
1779334284.838085,0,0.000000,0.000000,0.000000,0.000000,-68.410000,0.490000,-0.280000,0.000000,48.000000,71.430000
1779334284.850585,0,0.000000,0.000000,0.000000,0.000000,-68.410000,0.490000,-0.280000,0.000000,48.000000,71.440000
1779334284.858083,0,0.000000,0.000000,0.000000,0.000000,-68.410000,0.490000,-0.280000,0.000000,48.000000,71.440000
1779334284.873587,0,0.000000,0.000000,0.000000,0.000000,-68.410000,0.490000,-0.280000,0.000000,48.000000,71.450000
1779334284.903088,0,0.000000,0.000000,0.000000,0.000000,-68.410000,0.490000,-0.280000,0.000000,48.000000,71.470000
1779334284.910086,0,0.000000,0.000000,0.000000,0.000000,-199.580000,0.500000,-0.270000,0.000000,48.000000,71.480000
1779334284.927588,0,0.000000,0.000000,0.000000,0.000000,-199.580000,0.500000,-0.270000,0.000000,48.000000,71.480000
1779334284.928587,0,0.000000,0.000000,0.000000,0.000000,-199.580000,0.500000,-0.270000,0.000000,48.000000,71.500000
1779334284.929587,0,0.000000,0.000000,0.000000,0.000000,-199.580000,0.500000,-0.270000,0.000000,48.000000,71.510000
1779334284.948586,0,0.000000,0.000000,0.000000,0.000000,-199.580000,0.500000,-0.270000,0.000000,48.000000,71.510000
1779334284.949587,0,0.000000,0.000000,0.000000,0.000000,-38.430000,0.500000,-0.250000,0.000000,48.000000,71.540000
1779334284.955639,0,0.000000,0.000000,0.000000,0.000000,-38.430000,0.500000,-0.250000,0.000000,48.000000,71.550000
1779334284.971149,0,0.000000,0.000000,0.000000,0.000000,-38.430000,0.500000,-0.250000,0.000000,48.000000,71.550000
1779334284.978150,0,0.000000,0.000000,0.000000,0.000000,-38.430000,0.500000,-0.250000,0.000000,48.000000,71.560000
1779334285.008526,0,0.000000,0.000000,0.000000,0.000000,-173.600000,0.500000,-0.270000,0.000000,48.000000,71.580000
1779334285.009526,0,0.000000,0.000000,0.000000,0.000000,-173.600000,0.500000,-0.270000,0.000000,48.000000,71.580000
1779334285.014531,0,0.000000,0.000000,0.000000,0.000000,-173.600000,0.500000,-0.270000,0.000000,48.000000,71.590000
1779334285.031532,0,0.000000,0.000000,0.000000,0.000000,-173.600000,0.500000,-0.270000,0.000000,48.000000,71.610000
1779334285.038031,0,0.000000,0.000000,0.000000,0.000000,-173.600000,0.500000,-0.270000,0.000000,48.000000,71.620000
1779334285.046031,0,0.000000,0.000000,0.000000,0.000000,243.630000,0.500000,-0.280000,0.000000,48.000000,71.630000
1779334285.061081,0,0.000000,0.000000,0.000000,0.000000,243.630000,0.500000,-0.280000,0.000000,48.000000,71.650000
1779334285.068581,0,0.000000,0.000000,0.000000,0.000000,243.630000,0.500000,-0.280000,0.000000,48.000000,71.660000
1779334285.098069,0,0.000000,0.000000,0.000000,0.000000,243.630000,0.500000,-0.280000,0.000000,48.000000,71.660000
1779334285.098569,0,0.000000,0.000000,0.000000,0.000000,243.630000,0.500000,-0.280000,0.000000,48.000000,71.680000
1779334285.105570,0,0.000000,0.000000,0.000000,0.000000,-145.080000,0.500000,-0.280000,0.000000,48.000000,71.690000
1779334285.113569,0,0.000000,0.000000,0.000000,0.000000,-145.080000,0.500000,-0.280000,0.000000,48.000000,71.690000
1779334285.128570,0,0.000000,0.000000,0.000000,0.000000,-145.080000,0.500000,-0.280000,0.000000,48.000000,71.700000
1779334285.135569,0,0.000000,0.000000,0.000000,0.000000,-145.080000,0.500000,-0.280000,0.000000,48.000000,71.720000
1779334285.151122,0,0.000000,0.000000,0.000000,0.000000,-145.080000,0.500000,-0.280000,0.000000,48.000000,71.730000
1779334285.166122,0,0.000000,0.000000,0.000000,0.000000,-176.160000,0.490000,-0.330000,0.000000,48.000000,71.750000
1779334285.180443,0,0.000000,0.000000,0.000000,0.000000,-176.160000,0.490000,-0.330000,0.000000,48.000000,71.760000
1779334285.196445,0,0.000000,0.000000,0.000000,0.000000,-176.160000,0.490000,-0.330000,0.000000,48.000000,71.760000
1779334285.199444,0,0.000000,0.000000,0.000000,0.000000,-176.160000,0.490000,-0.330000,0.000000,48.000000,71.770000
1779334285.199944,0,0.000000,0.000000,0.000000,0.000000,94.630000,0.440000,-0.370000,0.000000,48.000000,71.790000
1779334285.210945,0,0.000000,0.000000,0.000000,0.000000,94.630000,0.440000,-0.370000,0.000000,48.000000,71.800000
1779334285.225944,0,0.000000,0.000000,0.000000,0.000000,94.630000,0.440000,-0.370000,0.000000,48.000000,71.800000
1779334285.232947,0,0.000000,0.000000,0.000000,0.000000,94.630000,0.440000,-0.370000,0.000000,48.000000,71.810000
1779334285.240455,0,0.000000,0.000000,0.000000,0.000000,94.630000,0.440000,-0.370000,0.000000,48.000000,71.830000
1779334285.256454,0,0.000000,0.000000,0.000000,0.000000,94.630000,0.440000,-0.370000,0.000000,48.000000,71.830000
1779334285.263454,0,0.000000,0.000000,0.000000,0.000000,100.520000,0.380000,-0.400000,0.000000,48.000000,71.840000
1779334285.278479,0,0.000000,0.000000,0.000000,0.000000,100.520000,0.380000,-0.400000,0.000000,48.000000,71.860000
1779334285.300488,0,0.000000,0.000000,0.000000,0.000000,100.520000,0.380000,-0.400000,0.000000,48.000000,71.870000
1779334285.301989,0,0.000000,0.000000,0.000000,0.000000,100.520000,0.380000,-0.400000,0.000000,48.000000,71.870000
1779334285.302988,0,0.000000,0.000000,0.000000,0.000000,216.360000,0.340000,-0.410000,0.000000,48.000000,71.900000
1779334285.315989,0,0.000000,0.000000,0.000000,0.000000,216.360000,0.340000,-0.410000,0.000000,48.000000,71.910000
1779334285.330988,0,0.000000,0.000000,0.000000,0.000000,216.360000,0.340000,-0.410000,0.000000,48.000000,71.910000
1779334285.354018,0,0.000000,0.000000,0.000000,0.000000,216.360000,0.340000,-0.410000,0.000000,48.000000,71.930000
1779334285.356097,0,0.000000,0.000000,0.000000,0.000000,216.360000,0.340000,-0.410000,0.000000,48.000000,71.940000
1779334285.360516,0,0.000000,0.000000,0.000000,0.000000,-102.290000,0.300000,-0.410000,0.000000,48.000000,71.940000
1779334285.368017,0,0.000000,0.000000,0.000000,0.000000,-102.290000,0.300000,-0.410000,0.000000,48.000000,71.950000
1779334285.391041,0,0.000000,0.000000,0.000000,0.000000,-102.290000,0.300000,-0.410000,0.000000,48.000000,71.970000
1779334285.392041,0,0.000000,0.000000,0.000000,0.000000,-102.290000,0.300000,-0.410000,0.000000,48.000000,71.980000
1779334285.420541,0,0.000000,0.000000,0.000000,0.000000,-102.290000,0.300000,-0.410000,0.000000,48.000000,71.980000
1779334285.421541,0,0.000000,0.000000,0.000000,0.000000,195.070000,0.250000,-0.400000,0.000000,48.000000,72.000000
1779334285.422041,0,0.000000,0.000000,0.000000,0.000000,195.070000,0.250000,-0.400000,0.000000,48.000000,72.010000
1779334285.435547,0,0.000000,0.000000,0.000000,0.000000,195.070000,0.250000,-0.400000,0.000000,48.000000,72.010000
1779334285.451047,0,0.000000,0.000000,0.000000,0.000000,195.070000,0.250000,-0.400000,0.000000,48.000000,72.020000
1779334285.466083,0,0.000000,0.000000,0.000000,0.000000,195.070000,0.250000,-0.400000,0.000000,48.000000,72.040000
1779334285.473083,0,0.000000,0.000000,0.000000,0.000000,-143.850000,0.200000,-0.380000,0.000000,48.000000,72.050000
1779334285.480839,0,0.000000,0.000000,0.000000,0.000000,-143.850000,0.200000,-0.380000,0.000000,48.000000,72.060000
1779334285.487839,0,0.000000,0.000000,0.000000,0.000000,-143.850000,0.200000,-0.380000,0.000000,48.000000,72.080000
1779334285.503340,0,0.000000,0.000000,0.000000,0.000000,-143.850000,0.200000,-0.380000,0.000000,48.000000,72.080000
1779334285.518357,0,0.000000,0.000000,0.000000,0.000000,-0.770000,0.150000,-0.370000,0.000000,48.000000,72.090000
1779334285.525853,0,0.000000,0.000000,0.000000,0.000000,-0.770000,0.150000,-0.370000,0.000000,48.000000,72.110000
1779334285.533854,0,0.000000,0.000000,0.000000,0.000000,-0.770000,0.150000,-0.370000,0.000000,48.000000,72.120000
1779334285.549353,0,0.000000,0.000000,0.000000,0.000000,-0.770000,0.150000,-0.370000,0.000000,48.000000,72.120000
1779334285.555338,0,0.000000,0.000000,0.000000,0.000000,-0.770000,0.150000,-0.370000,0.000000,48.000000,72.130000
1779334285.571350,0,0.000000,0.000000,0.000000,0.000000,320.510000,0.150000,-0.340000,0.000000,48.000000,72.160000
1779334285.577850,0,0.000000,0.000000,0.000000,0.000000,320.510000,0.150000,-0.340000,0.000000,48.000000,72.160000
1779334285.593375,0,0.000000,0.000000,0.000000,0.000000,320.510000,0.150000,-0.340000,0.000000,48.000000,72.180000
1779334285.601376,0,0.000000,0.000000,0.000000,0.000000,320.510000,0.150000,-0.340000,0.000000,48.000000,72.190000
1779334285.623408,0,0.000000,0.000000,0.000000,0.000000,320.510000,0.150000,-0.340000,0.000000,48.000000,72.190000
1779334285.624408,0,0.000000,0.000000,0.000000,0.000000,13.770000,0.150000,-0.300000,0.000000,48.000000,72.200000
1779334285.630975,0,0.000000,0.000000,0.000000,0.000000,13.770000,0.150000,-0.300000,0.000000,48.000000,72.220000
1779334285.646474,0,0.000000,0.000000,0.000000,0.000000,13.770000,0.150000,-0.300000,0.000000,48.000000,72.230000
1779334285.653473,0,0.000000,0.000000,0.000000,0.000000,13.770000,0.150000,-0.300000,0.000000,48.000000,72.250000
1779334285.676005,0,0.000000,0.000000,0.000000,0.000000,302.860000,0.150000,-0.280000,0.000000,48.000000,72.260000
1779334285.683510,0,0.000000,0.000000,0.000000,0.000000,302.860000,0.150000,-0.280000,0.000000,48.000000,72.260000
1779334285.699010,0,0.000000,0.000000,0.000000,0.000000,302.860000,0.150000,-0.280000,0.000000,48.000000,72.270000
1779334285.706010,0,0.000000,0.000000,0.000000,0.000000,302.860000,0.150000,-0.280000,0.000000,48.000000,72.290000
1779334285.728539,0,0.000000,0.000000,0.000000,0.000000,302.860000,0.150000,-0.280000,0.000000,48.000000,72.300000
1779334285.729539,0,0.000000,0.000000,0.000000,0.000000,51.720000,0.150000,-0.280000,0.000000,48.000000,72.310000
1779334285.735539,0,0.000000,0.000000,0.000000,0.000000,51.720000,0.150000,-0.280000,0.000000,48.000000,72.330000
1779334285.765039,0,0.000000,0.000000,0.000000,0.000000,51.720000,0.150000,-0.280000,0.000000,48.000000,72.330000
1779334285.766039,0,0.000000,0.000000,0.000000,0.000000,51.720000,0.150000,-0.280000,0.000000,48.000000,72.340000
1779334285.779576,0,0.000000,0.000000,0.000000,0.000000,51.720000,0.150000,-0.280000,0.000000,48.000000,72.360000
1779334285.780576,0,0.000000,0.000000,0.000000,0.000000,0.150000,0.170000,-0.270000,0.000000,48.000000,72.370000
1779334285.796076,0,0.000000,0.000000,0.000000,0.000000,0.150000,0.170000,-0.270000,0.000000,48.000000,72.370000
1779334285.810790,0,0.000000,0.000000,0.000000,0.000000,0.150000,0.170000,-0.270000,0.000000,48.000000,72.380000
1779334285.826364,0,0.000000,0.000000,0.000000,0.000000,0.150000,0.170000,-0.270000,0.000000,48.000000,72.400000
1779334285.826864,0,0.000000,0.000000,0.000000,0.000000,17.140000,0.170000,-0.270000,0.000000,48.000000,72.410000
1779334285.840863,0,0.000000,0.000000,0.000000,0.000000,17.140000,0.170000,-0.270000,0.000000,48.000000,72.430000
1779334285.848364,0,0.000000,0.000000,0.000000,0.000000,17.140000,0.170000,-0.270000,0.000000,48.000000,72.440000
1779334285.862864,0,0.000000,0.000000,0.000000,0.000000,17.140000,0.170000,-0.270000,0.000000,48.000000,72.440000
1779334285.864364,0,0.000000,0.000000,0.000000,0.000000,17.140000,0.170000,-0.270000,0.000000,48.000000,72.450000
1779334285.878388,0,0.000000,0.000000,0.000000,0.000000,63.110000,0.170000,-0.270000,0.000000,48.000000,72.470000
1779334285.900900,0,0.000000,0.000000,0.000000,0.000000,63.110000,0.170000,-0.270000,0.000000,48.000000,72.480000
1779334285.902400,0,0.000000,0.000000,0.000000,0.000000,63.110000,0.170000,-0.270000,0.000000,48.000000,72.480000
1779334285.908398,0,0.000000,0.000000,0.000000,0.000000,63.110000,0.170000,-0.270000,0.000000,48.000000,72.500000
1779334285.915899,0,0.000000,0.000000,0.000000,0.000000,63.110000,0.170000,-0.270000,0.000000,48.000000,72.510000
1779334285.938405,0,0.000000,0.000000,0.000000,0.000000,63.110000,0.170000,-0.270000,0.000000,48.000000,72.510000
1779334285.939905,0,0.000000,0.000000,0.000000,0.000000,-222.690000,0.150000,-0.280000,0.000000,48.000000,72.520000
1779334285.953404,0,0.000000,0.000000,0.000000,0.000000,-222.690000,0.150000,-0.280000,0.000000,48.000000,72.540000
1779334285.968527,0,0.000000,0.000000,0.000000,0.000000,-222.690000,0.150000,-0.280000,0.000000,48.000000,72.550000
1779334285.976026,0,0.000000,0.000000,0.000000,0.000000,-222.690000,0.150000,-0.280000,0.000000,48.000000,72.550000
1779334285.991084,0,0.000000,0.000000,0.000000,0.000000,217.320000,0.140000,-0.280000,0.000000,48.000000,72.580000
1779334285.998592,0,0.000000,0.000000,0.000000,0.000000,217.320000,0.140000,-0.280000,0.000000,48.000000,72.580000
1779334286.006092,0,0.000000,0.000000,0.000000,0.000000,217.320000,0.140000,-0.280000,0.000000,48.000000,72.590000
1779334286.013104,0,0.000000,0.000000,0.000000,0.000000,217.320000,0.140000,-0.280000,0.000000,48.000000,72.610000
1779334286.028120,0,0.000000,0.000000,0.000000,0.000000,217.320000,0.140000,-0.280000,0.000000,48.000000,72.620000
1779334286.043118,0,0.000000,0.000000,0.000000,0.000000,201.520000,0.120000,-0.310000,0.000000,48.000000,72.620000
1779334286.051128,0,0.000000,0.000000,0.000000,0.000000,201.520000,0.120000,-0.310000,0.000000,48.000000,72.630000
1779334286.058136,0,0.000000,0.000000,0.000000,0.000000,201.520000,0.120000,-0.310000,0.000000,48.000000,72.650000
1779334286.073137,0,0.000000,0.000000,0.000000,0.000000,201.520000,0.120000,-0.310000,0.000000,48.000000,72.660000
1779334286.088636,0,0.000000,0.000000,0.000000,0.000000,201.520000,0.120000,-0.310000,0.000000,48.000000,72.660000
1779334286.117657,0,0.000000,0.000000,0.000000,0.000000,319.040000,0.110000,-0.310000,0.000000,48.000000,72.680000
1779334286.118657,0,0.000000,0.000000,0.000000,0.000000,319.040000,0.110000,-0.310000,0.000000,48.000000,72.690000
1779334286.119657,0,0.000000,0.000000,0.000000,0.000000,319.040000,0.110000,-0.310000,0.000000,48.000000,72.690000
1779334286.140064,0,0.000000,0.000000,0.000000,0.000000,319.040000,0.110000,-0.310000,0.000000,48.000000,72.700000
1779334286.148064,0,0.000000,0.000000,0.000000,0.000000,319.040000,0.110000,-0.310000,0.000000,48.000000,72.720000
1779334286.155218,0,0.000000,0.000000,0.000000,0.000000,319.040000,0.110000,-0.310000,0.000000,48.000000,72.730000
1779334286.157075,0,0.000000,0.000000,0.000000,0.000000,319.040000,0.110000,-0.310000,0.000000,48.000000,72.750000
1779334286.185097,0,0.000000,0.000000,0.000000,0.000000,319.040000,0.110000,-0.310000,0.000000,48.000000,72.760000
1779334286.186097,0,0.000000,0.000000,0.000000,0.000000,319.040000,0.110000,-0.310000,0.000000,48.000000,72.760000
1779334286.194097,0,0.000000,0.000000,0.000000,0.000000,229.750000,0.100000,-0.330000,0.000000,51.000000,72.770000
1779334286.200596,0,0.000000,0.000000,0.000000,0.000000,229.750000,0.100000,-0.330000,0.000000,51.000000,72.790000
1779334286.216096,0,0.000000,0.000000,0.000000,0.000000,229.750000,0.100000,-0.330000,0.000000,51.000000,72.800000
1779334286.254054,0,0.000000,0.000000,0.000000,0.000000,229.750000,0.100000,-0.330000,0.000000,51.000000,72.800000
1779334286.255554,0,0.000000,0.000000,0.000000,0.000000,229.750000,0.100000,-0.330000,0.000000,51.000000,72.810000
1779334286.256055,0,0.000000,0.000000,0.000000,0.000000,-320.300000,0.100000,-0.330000,0.000000,48.000000,72.830000
1779334286.268025,0,0.000000,0.000000,0.000000,0.000000,-320.300000,0.100000,-0.330000,0.000000,48.000000,72.840000
1779334286.284528,0,0.000000,0.000000,0.000000,0.000000,-320.300000,0.100000,-0.330000,0.000000,48.000000,72.860000
1779334286.286027,0,0.000000,0.000000,0.000000,0.000000,-320.300000,0.100000,-0.330000,0.000000,48.000000,72.870000
1779334286.291025,0,0.000000,0.000000,0.000000,0.000000,-320.300000,0.100000,-0.330000,0.000000,48.000000,72.870000
1779334286.313526,0,0.000000,0.000000,0.000000,0.000000,-14.480000,0.100000,-0.310000,0.000000,48.000000,72.880000
1779334286.315025,0,0.000000,0.000000,0.000000,0.000000,-14.480000,0.100000,-0.310000,0.000000,48.000000,72.900000
1779334286.328074,0,0.000000,0.000000,0.000000,0.000000,-14.480000,0.100000,-0.310000,0.000000,48.000000,72.910000
1779334286.343075,0,0.000000,0.000000,0.000000,0.000000,-14.480000,0.100000,-0.310000,0.000000,48.000000,72.910000
1779334286.358074,0,0.000000,0.000000,0.000000,0.000000,-213.250000,0.090000,-0.310000,0.000000,48.000000,72.940000
1779334286.359074,0,0.000000,0.000000,0.000000,0.000000,-213.250000,0.090000,-0.310000,0.000000,48.000000,72.940000
1779334286.373599,0,0.000000,0.000000,0.000000,0.000000,-213.250000,0.090000,-0.310000,0.000000,48.000000,72.950000
1779334286.381105,0,0.000000,0.000000,0.000000,0.000000,-213.250000,0.090000,-0.310000,0.000000,48.000000,72.970000
1779334286.396104,0,0.000000,0.000000,0.000000,0.000000,-213.250000,0.090000,-0.310000,0.000000,48.000000,72.980000
1779334286.410604,0,0.000000,0.000000,0.000000,0.000000,-109.690000,0.070000,-0.310000,0.000000,48.000000,72.980000
1779334286.411604,0,0.000000,0.000000,0.000000,0.000000,-109.690000,0.070000,-0.310000,0.000000,48.000000,73.000000
1779334286.426104,0,0.000000,0.000000,0.000000,0.000000,-109.690000,0.070000,-0.310000,0.000000,48.000000,73.010000
1779334286.433134,0,0.000000,0.000000,0.000000,0.000000,-109.690000,0.070000,-0.310000,0.000000,48.000000,73.010000
1779334286.448143,0,0.000000,0.000000,0.000000,0.000000,-109.690000,0.070000,-0.310000,0.000000,48.000000,73.020000
1779334286.478168,0,0.000000,0.000000,0.000000,0.000000,-5.070000,0.070000,-0.310000,0.000000,48.000000,73.050000
1779334286.479168,0,0.000000,0.000000,0.000000,0.000000,-5.070000,0.070000,-0.310000,0.000000,48.000000,73.050000
1779334286.480168,0,0.000000,0.000000,0.000000,0.000000,-5.070000,0.070000,-0.310000,0.000000,48.000000,73.060000
1779334286.481167,0,0.000000,0.000000,0.000000,0.000000,-5.070000,0.070000,-0.310000,0.000000,48.000000,73.080000
1779334286.522533,0,0.000000,0.000000,0.000000,0.000000,-133.660000,0.070000,-0.300000,0.000000,48.000000,73.080000
1779334286.524033,0,0.000000,0.000000,0.000000,0.000000,-133.660000,0.070000,-0.300000,0.000000,48.000000,73.090000
1779334286.530534,0,0.000000,0.000000,0.000000,0.000000,-133.660000,0.070000,-0.300000,0.000000,48.000000,73.110000
1779334286.537985,0,0.000000,0.000000,0.000000,0.000000,-133.660000,0.070000,-0.300000,0.000000,48.000000,73.120000
1779334286.553024,0,0.000000,0.000000,0.000000,0.000000,-133.660000,0.070000,-0.300000,0.000000,48.000000,73.130000
1779334286.560524,0,0.000000,0.000000,0.000000,0.000000,-10.640000,0.070000,-0.300000,0.000000,48.000000,73.150000
1779334286.575524,0,0.000000,0.000000,0.000000,0.000000,-10.640000,0.070000,-0.300000,0.000000,48.000000,73.160000
1779334286.583524,0,0.000000,0.000000,0.000000,0.000000,-10.640000,0.070000,-0.300000,0.000000,48.000000,73.160000
1779334286.598389,0,0.000000,0.000000,0.000000,0.000000,-10.640000,0.070000,-0.300000,0.000000,48.000000,73.180000
1779334286.605890,0,0.000000,0.000000,0.000000,0.000000,-10.640000,0.070000,-0.300000,0.000000,48.000000,73.190000
1779334286.621389,0,0.000000,0.000000,0.000000,0.000000,-10.640000,0.070000,-0.300000,0.000000,48.000000,73.200000
1779334286.635888,0,0.000000,0.000000,0.000000,0.000000,-10.640000,0.070000,-0.300000,0.000000,48.000000,73.220000
1779334286.643389,0,0.000000,0.000000,0.000000,0.000000,-10.640000,0.070000,-0.300000,0.000000,48.000000,73.230000
1779334286.650402,0,0.000000,0.000000,0.000000,0.000000,-10.640000,0.070000,-0.300000,0.000000,48.000000,73.230000
1779334286.680624,0,0.000000,0.000000,0.000000,0.000000,326.010000,0.050000,-0.280000,0.000000,51.000000,73.250000
1779334286.681625,0,0.000000,0.000000,0.000000,0.000000,326.010000,0.050000,-0.280000,0.000000,51.000000,73.260000
1779334286.688125,0,0.000000,0.000000,0.000000,0.000000,326.010000,0.050000,-0.280000,0.000000,51.000000,73.270000
1779334286.718210,0,0.000000,0.000000,0.000000,0.000000,326.010000,0.050000,-0.280000,0.000000,51.000000,73.290000
1779334286.725209,0,0.000000,0.000000,0.000000,0.000000,326.010000,0.050000,-0.280000,0.000000,51.000000,73.300000
1779334286.732709,0,0.000000,0.000000,0.000000,0.000000,326.010000,0.050000,-0.280000,0.000000,51.000000,73.300000
1779334286.734209,0,0.000000,0.000000,0.000000,0.000000,326.010000,0.050000,-0.280000,0.000000,51.000000,73.310000
1779334286.748209,0,0.000000,0.000000,0.000000,0.000000,326.010000,0.050000,-0.280000,0.000000,51.000000,73.330000
1779334286.755749,0,0.000000,0.000000,0.000000,0.000000,326.010000,0.050000,-0.280000,0.000000,51.000000,73.340000
1779334286.762748,0,0.000000,0.000000,0.000000,0.000000,-244.610000,0.050000,-0.280000,0.000000,51.000000,73.360000
1779334286.778256,0,0.000000,0.000000,0.000000,0.000000,-244.610000,0.050000,-0.280000,0.000000,51.000000,73.370000
1779334286.793756,0,0.000000,0.000000,0.000000,0.000000,-244.610000,0.050000,-0.280000,0.000000,51.000000,73.370000
1779334286.808238,0,0.000000,0.000000,0.000000,0.000000,-244.610000,0.050000,-0.280000,0.000000,51.000000,73.380000
1779334286.815737,0,0.000000,0.000000,0.000000,0.000000,-65.630000,0.070000,-0.270000,0.000000,48.000000,73.400000
1779334286.823237,0,0.000000,0.000000,0.000000,0.000000,-65.630000,0.070000,-0.270000,0.000000,48.000000,73.410000
1779334286.838737,0,0.000000,0.000000,0.000000,0.000000,-65.630000,0.070000,-0.270000,0.000000,48.000000,73.410000
1779334286.853237,0,0.000000,0.000000,0.000000,0.000000,-65.630000,0.070000,-0.270000,0.000000,48.000000,73.430000
1779334286.860737,0,0.000000,0.000000,0.000000,0.000000,-65.630000,0.070000,-0.270000,0.000000,48.000000,73.440000
1779334286.882737,0,0.000000,0.000000,0.000000,0.000000,-92.800000,0.090000,-0.250000,0.000000,48.000000,73.450000
1779334286.883737,0,0.000000,0.000000,0.000000,0.000000,-92.800000,0.090000,-0.250000,0.000000,48.000000,73.470000
1779334286.890237,0,0.000000,0.000000,0.000000,0.000000,-92.800000,0.090000,-0.250000,0.000000,48.000000,73.480000
1779334286.936738,0,0.000000,0.000000,0.000000,0.000000,-92.800000,0.090000,-0.250000,0.000000,48.000000,73.480000
1779334286.939738,0,0.000000,0.000000,0.000000,0.000000,-92.800000,0.090000,-0.250000,0.000000,48.000000,73.500000
1779334286.940239,0,0.000000,0.000000,0.000000,0.000000,202.250000,0.070000,-0.250000,0.000000,48.000000,73.510000
1779334286.941237,0,0.000000,0.000000,0.000000,0.000000,202.250000,0.070000,-0.250000,0.000000,48.000000,73.510000
1779334286.942238,0,0.000000,0.000000,0.000000,0.000000,202.250000,0.070000,-0.250000,0.000000,48.000000,73.520000
1779334286.958736,0,0.000000,0.000000,0.000000,0.000000,202.250000,0.070000,-0.250000,0.000000,48.000000,73.540000
1779334286.973248,0,0.000000,0.000000,0.000000,0.000000,202.250000,0.070000,-0.250000,0.000000,48.000000,73.550000
1779334286.974248,0,0.000000,0.000000,0.000000,0.000000,-171.580000,0.070000,-0.270000,0.000000,48.000000,73.560000
1779334287.004089,0,0.000000,0.000000,0.000000,0.000000,-171.580000,0.070000,-0.270000,0.000000,48.000000,73.580000
1779334287.005088,0,0.000000,0.000000,0.000000,0.000000,-171.580000,0.070000,-0.270000,0.000000,48.000000,73.580000
1779334287.005588,0,0.000000,0.000000,0.000000,0.000000,-171.580000,0.070000,-0.270000,0.000000,48.000000,73.590000
1779334287.033105,0,0.000000,0.000000,0.000000,0.000000,30.060000,0.070000,-0.270000,0.000000,48.000000,73.610000
1779334287.034106,0,0.000000,0.000000,0.000000,0.000000,30.060000,0.070000,-0.270000,0.000000,48.000000,73.620000
1779334287.055101,0,0.000000,0.000000,0.000000,0.000000,30.060000,0.070000,-0.270000,0.000000,48.000000,73.620000
1779334287.056600,0,0.000000,0.000000,0.000000,0.000000,30.060000,0.070000,-0.270000,0.000000,48.000000,73.630000
1779334287.085351,0,0.000000,0.000000,0.000000,0.000000,30.060000,0.070000,-0.270000,0.000000,48.000000,73.650000
1779334287.086349,0,0.000000,0.000000,0.000000,0.000000,272.920000,0.050000,-0.280000,0.000000,48.000000,73.660000
1779334287.087343,0,0.000000,0.000000,0.000000,0.000000,272.920000,0.050000,-0.280000,0.000000,48.000000,73.680000
1779334287.088349,0,0.000000,0.000000,0.000000,0.000000,272.920000,0.050000,-0.280000,0.000000,48.000000,73.690000
1779334287.123810,0,0.000000,0.000000,0.000000,0.000000,272.920000,0.050000,-0.280000,0.000000,48.000000,73.690000
1779334287.130810,0,0.000000,0.000000,0.000000,0.000000,272.920000,0.050000,-0.280000,0.000000,48.000000,73.700000
1779334287.145839,0,0.000000,0.000000,0.000000,0.000000,-90.050000,0.050000,-0.280000,0.000000,48.000000,73.730000
1779334287.146841,0,0.000000,0.000000,0.000000,0.000000,-90.050000,0.050000,-0.280000,0.000000,48.000000,73.730000
1779334287.160839,0,0.000000,0.000000,0.000000,0.000000,-90.050000,0.050000,-0.280000,0.000000,48.000000,73.750000
1779334287.175338,0,0.000000,0.000000,0.000000,0.000000,-90.050000,0.050000,-0.280000,0.000000,48.000000,73.760000
1779334287.183338,0,0.000000,0.000000,0.000000,0.000000,260.050000,0.050000,-0.280000,0.000000,48.000000,73.760000
1779334287.190839,0,0.000000,0.000000,0.000000,0.000000,260.050000,0.050000,-0.280000,0.000000,48.000000,73.770000
1779334287.206020,0,0.000000,0.000000,0.000000,0.000000,260.050000,0.050000,-0.280000,0.000000,48.000000,73.790000
1779334287.213019,0,0.000000,0.000000,0.000000,0.000000,260.050000,0.050000,-0.280000,0.000000,48.000000,73.800000
1779334287.228529,0,0.000000,0.000000,0.000000,0.000000,260.050000,0.050000,-0.280000,0.000000,48.000000,73.800000
1779334287.243529,0,0.000000,0.000000,0.000000,0.000000,-42.290000,0.050000,-0.300000,0.000000,48.000000,73.810000
1779334287.251030,0,0.000000,0.000000,0.000000,0.000000,-42.290000,0.050000,-0.300000,0.000000,48.000000,73.830000
1779334287.258121,0,0.000000,0.000000,0.000000,0.000000,-42.290000,0.050000,-0.300000,0.000000,48.000000,73.830000
1779334287.265629,0,0.000000,0.000000,0.000000,0.000000,-42.290000,0.050000,-0.300000,0.000000,48.000000,73.840000
1779334287.288130,0,0.000000,0.000000,0.000000,0.000000,-42.290000,0.050000,-0.300000,0.000000,48.000000,73.860000
1779334287.289630,0,0.000000,0.000000,0.000000,0.000000,299.290000,0.050000,-0.310000,0.000000,48.000000,73.870000
1779334287.290629,0,0.000000,0.000000,0.000000,0.000000,299.290000,0.050000,-0.310000,0.000000,48.000000,73.880000
1779334287.303629,0,0.000000,0.000000,0.000000,0.000000,299.290000,0.050000,-0.310000,0.000000,48.000000,73.900000
1779334287.311130,0,0.000000,0.000000,0.000000,0.000000,299.290000,0.050000,-0.310000,0.000000,48.000000,73.910000
1779334287.326135,0,0.000000,0.000000,0.000000,0.000000,299.290000,0.050000,-0.310000,0.000000,48.000000,73.910000
1779334287.341623,0,0.000000,0.000000,0.000000,0.000000,-1.620000,0.050000,-0.330000,0.000000,48.000000,73.930000
1779334287.348623,0,0.000000,0.000000,0.000000,0.000000,-1.620000,0.050000,-0.330000,0.000000,48.000000,73.940000
1779334287.363195,0,0.000000,0.000000,0.000000,0.000000,-1.620000,0.050000,-0.330000,0.000000,48.000000,73.940000
1779334287.378195,0,0.000000,0.000000,0.000000,0.000000,-1.620000,0.050000,-0.330000,0.000000,48.000000,73.950000
1779334287.379195,0,0.000000,0.000000,0.000000,0.000000,-1.620000,0.050000,-0.330000,0.000000,48.000000,73.970000
1779334287.393195,0,0.000000,0.000000,0.000000,0.000000,-273.850000,0.050000,-0.340000,0.000000,48.000000,73.980000
1779334287.400696,0,0.000000,0.000000,0.000000,0.000000,-273.850000,0.050000,-0.340000,0.000000,48.000000,73.980000
1779334287.415880,0,0.000000,0.000000,0.000000,0.000000,-273.850000,0.050000,-0.340000,0.000000,48.000000,74.000000
1779334287.430555,0,0.000000,0.000000,0.000000,0.000000,-273.850000,0.050000,-0.340000,0.000000,48.000000,74.010000
1779334287.431555,0,0.000000,0.000000,0.000000,0.000000,-273.850000,0.050000,-0.340000,0.000000,48.000000,74.010000
1779334287.467614,0,0.000000,0.000000,0.000000,0.000000,204.550000,0.050000,-0.340000,0.000000,48.000000,74.020000
1779334287.468614,0,0.000000,0.000000,0.000000,0.000000,204.550000,0.050000,-0.340000,0.000000,48.000000,74.040000
1779334287.474711,0,0.000000,0.000000,0.000000,0.000000,204.550000,0.050000,-0.340000,0.000000,48.000000,74.050000
1779334287.475708,0,0.000000,0.000000,0.000000,0.000000,204.550000,0.050000,-0.340000,0.000000,48.000000,74.050000
1779334287.506732,0,0.000000,0.000000,0.000000,0.000000,-172.770000,0.100000,-0.410000,0.000000,48.000000,74.080000
1779334287.513232,0,0.000000,0.000000,0.000000,0.000000,-172.770000,0.100000,-0.410000,0.000000,48.000000,74.080000
1779334287.514232,0,0.000000,0.000000,0.000000,0.000000,-172.770000,0.100000,-0.410000,0.000000,48.000000,74.090000
1779334287.528028,0,0.000000,0.000000,0.000000,0.000000,-172.770000,0.100000,-0.410000,0.000000,48.000000,74.110000
1779334287.535529,0,0.000000,0.000000,0.000000,0.000000,-172.770000,0.100000,-0.410000,0.000000,48.000000,74.120000
1779334287.550413,0,0.000000,0.000000,0.000000,0.000000,126.060000,0.150000,-0.440000,0.000000,48.000000,74.130000
1779334287.557954,0,0.000000,0.000000,0.000000,0.000000,126.060000,0.150000,-0.440000,0.000000,48.000000,74.150000
1779334287.573950,0,0.000000,0.000000,0.000000,0.000000,126.060000,0.150000,-0.440000,0.000000,48.000000,74.160000
1779334287.580477,0,0.000000,0.000000,0.000000,0.000000,126.060000,0.150000,-0.440000,0.000000,48.000000,74.160000
1779334287.595979,0,0.000000,0.000000,0.000000,0.000000,126.060000,0.150000,-0.440000,0.000000,48.000000,74.180000
1779334287.619050,0,0.000000,0.000000,0.000000,0.000000,126.060000,0.150000,-0.440000,0.000000,48.000000,74.190000
1779334287.620050,0,0.000000,0.000000,0.000000,0.000000,126.060000,0.150000,-0.440000,0.000000,48.000000,74.200000
1779334287.625550,0,0.000000,0.000000,0.000000,0.000000,126.060000,0.150000,-0.440000,0.000000,48.000000,74.220000
1779334287.640063,0,0.000000,0.000000,0.000000,0.000000,126.060000,0.150000,-0.440000,0.000000,48.000000,74.230000
1779334287.641064,0,0.000000,0.000000,0.000000,0.000000,279.290000,0.250000,-0.400000,0.000000,51.000000,74.230000
1779334287.656079,0,0.000000,0.000000,0.000000,0.000000,279.290000,0.250000,-0.400000,0.000000,51.000000,74.250000
1779334287.671080,0,0.000000,0.000000,0.000000,0.000000,279.290000,0.250000,-0.400000,0.000000,51.000000,74.260000
1779334287.678578,0,0.000000,0.000000,0.000000,0.000000,279.290000,0.250000,-0.400000,0.000000,51.000000,74.260000
1779334287.700619,0,0.000000,0.000000,0.000000,0.000000,279.290000,0.250000,-0.400000,0.000000,51.000000,74.270000
1779334287.701619,0,0.000000,0.000000,0.000000,0.000000,-231.490000,0.380000,-0.210000,0.000000,48.000000,74.290000
1779334287.708528,0,0.000000,0.000000,0.000000,0.000000,-231.490000,0.380000,-0.210000,0.000000,48.000000,74.300000
1779334287.723528,0,0.000000,0.000000,0.000000,0.000000,-231.490000,0.380000,-0.210000,0.000000,48.000000,74.300000
1779334287.776534,0,0.000000,0.000000,0.000000,0.000000,-231.490000,0.380000,-0.210000,0.000000,48.000000,74.310000
1779334287.783535,0,0.000000,0.000000,0.000000,0.000000,-231.490000,0.380000,-0.210000,0.000000,48.000000,74.330000
1779334287.784534,0,0.000000,0.000000,0.000000,0.000000,281.020000,0.460000,-0.100000,0.000000,48.000000,74.330000
1779334287.785034,0,0.000000,0.000000,0.000000,0.000000,281.020000,0.460000,-0.100000,0.000000,48.000000,74.340000
1779334287.786034,0,0.000000,0.000000,0.000000,0.000000,281.020000,0.460000,-0.100000,0.000000,48.000000,74.370000
1779334287.790535,0,0.000000,0.000000,0.000000,0.000000,281.020000,0.460000,-0.100000,0.000000,48.000000,74.370000
1779334287.813074,0,0.000000,0.000000,0.000000,0.000000,319.920000,0.510000,0.000000,0.000000,48.000000,74.380000
1779334287.819572,0,0.000000,0.000000,0.000000,0.000000,319.920000,0.510000,0.000000,0.000000,48.000000,74.400000
1779334287.820573,0,0.000000,0.000000,0.000000,0.000000,319.920000,0.510000,0.000000,0.000000,48.000000,74.410000
1779334287.858074,0,0.000000,0.000000,0.000000,0.000000,319.920000,0.510000,0.000000,0.000000,48.000000,74.410000
1779334287.859072,0,0.000000,0.000000,0.000000,0.000000,319.920000,0.510000,0.000000,0.000000,48.000000,74.430000
1779334287.860072,0,0.000000,0.000000,0.000000,0.000000,-51.810000,0.560000,0.100000,0.000000,48.000000,74.440000
1779334287.888072,0,0.000000,0.000000,0.000000,0.000000,-51.810000,0.560000,0.100000,0.000000,48.000000,74.450000
1779334287.889072,0,0.000000,0.000000,0.000000,0.000000,-51.810000,0.560000,0.100000,0.000000,48.000000,74.470000
1779334287.890072,0,0.000000,0.000000,0.000000,0.000000,-51.810000,0.560000,0.100000,0.000000,48.000000,74.480000
1779334287.918072,0,0.000000,0.000000,0.000000,0.000000,-51.810000,0.560000,0.100000,0.000000,48.000000,74.480000
1779334287.919573,0,0.000000,0.000000,0.000000,0.000000,184.110000,0.580000,0.180000,0.000000,48.000000,74.500000
1779334287.933072,0,0.000000,0.000000,0.000000,0.000000,184.110000,0.580000,0.180000,0.000000,48.000000,74.510000
1779334287.940072,0,0.000000,0.000000,0.000000,0.000000,184.110000,0.580000,0.180000,0.000000,48.000000,74.510000
1779334287.941072,0,0.000000,0.000000,0.000000,0.000000,184.110000,0.580000,0.180000,0.000000,48.000000,74.520000
1779334288.007572,0,0.000000,0.000000,0.000000,0.000000,184.110000,0.580000,0.180000,0.000000,48.000000,74.540000
1779334288.023599,0,0.000000,0.000000,0.000000,0.000000,-51.970000,0.610000,0.250000,0.000000,48.000000,74.550000
1779334288.024599,0,0.000000,0.000000,0.000000,0.000000,-51.970000,0.610000,0.250000,0.000000,48.000000,74.550000
1779334288.025099,0,0.000000,0.000000,0.000000,0.000000,-51.970000,0.610000,0.250000,0.000000,48.000000,74.560000
1779334288.026099,0,0.000000,0.000000,0.000000,0.000000,210.970000,0.620000,0.300000,0.000000,48.000000,74.590000
1779334288.091066,0,0.000000,0.000000,0.000000,0.000000,210.970000,0.620000,0.300000,0.000000,48.000000,74.620000
1779334288.099567,0,0.000000,0.000000,0.000000,0.000000,210.970000,0.620000,0.300000,0.000000,48.000000,74.620000
1779334288.120672,0,0.000000,0.000000,0.000000,0.000000,210.970000,0.620000,0.300000,0.000000,48.000000,74.630000
1779334288.134672,0,0.000000,0.000000,0.000000,0.000000,185.750000,0.630000,0.340000,0.000000,48.000000,74.660000
1779334288.135672,0,0.000000,0.000000,0.000000,0.000000,185.750000,0.630000,0.340000,0.000000,48.000000,74.690000
1779334288.136672,0,0.000000,0.000000,0.000000,0.000000,185.750000,0.630000,0.340000,0.000000,48.000000,74.690000
1779334288.142603,0,0.000000,0.000000,0.000000,0.000000,24.000000,0.640000,0.360000,0.000000,48.000000,74.720000
1779334288.143604,0,0.000000,0.000000,0.000000,0.000000,24.000000,0.640000,0.360000,0.000000,48.000000,74.730000
1779334288.187770,0,0.000000,0.000000,0.000000,0.000000,24.000000,0.640000,0.360000,0.000000,48.000000,74.730000
1779334288.188769,0,0.000000,0.000000,0.000000,0.000000,24.000000,0.640000,0.360000,0.000000,48.000000,74.750000
1779334288.195769,0,0.000000,0.000000,0.000000,0.000000,-207.270000,0.660000,0.370000,0.000000,48.000000,74.760000
1779334288.217775,0,0.000000,0.000000,0.000000,0.000000,-207.270000,0.660000,0.370000,0.000000,48.000000,74.770000
1779334288.218775,0,0.000000,0.000000,0.000000,0.000000,-207.270000,0.660000,0.370000,0.000000,48.000000,74.790000
1779334288.219775,0,0.000000,0.000000,0.000000,0.000000,-207.270000,0.660000,0.370000,0.000000,48.000000,74.800000
1779334288.232779,0,0.000000,0.000000,0.000000,0.000000,30.930000,0.670000,0.360000,0.000000,48.000000,74.800000
1779334288.233279,0,0.000000,0.000000,0.000000,0.000000,30.930000,0.670000,0.360000,0.000000,48.000000,74.810000
1779334288.247838,0,0.000000,0.000000,0.000000,0.000000,30.930000,0.670000,0.360000,0.000000,48.000000,74.830000
1779334288.255838,0,0.000000,0.000000,0.000000,0.000000,30.930000,0.670000,0.360000,0.000000,48.000000,74.830000
1779334288.285837,0,0.000000,0.000000,0.000000,0.000000,30.930000,0.670000,0.360000,0.000000,48.000000,74.840000
1779334288.286338,0,0.000000,0.000000,0.000000,0.000000,269.420000,0.670000,0.330000,0.000000,48.000000,74.870000
1779334288.287337,0,0.000000,0.000000,0.000000,0.000000,269.420000,0.670000,0.330000,0.000000,48.000000,74.870000
1779334288.337862,0,0.000000,0.000000,0.000000,0.000000,269.420000,0.670000,0.330000,0.000000,48.000000,74.880000
1779334288.338862,0,0.000000,0.000000,0.000000,0.000000,269.420000,0.670000,0.330000,0.000000,48.000000,74.900000
1779334288.339862,0,0.000000,0.000000,0.000000,0.000000,-220.420000,0.670000,0.280000,0.000000,48.000000,74.910000
1779334288.341362,0,0.000000,0.000000,0.000000,0.000000,-220.420000,0.670000,0.280000,0.000000,48.000000,74.910000
1779334288.342362,0,0.000000,0.000000,0.000000,0.000000,-220.420000,0.670000,0.280000,0.000000,48.000000,74.930000
1779334288.382891,0,0.000000,0.000000,0.000000,0.000000,-220.420000,0.670000,0.280000,0.000000,48.000000,74.940000
1779334288.384391,0,0.000000,0.000000,0.000000,0.000000,-220.420000,0.670000,0.280000,0.000000,48.000000,74.940000
1779334288.385391,0,0.000000,0.000000,0.000000,0.000000,-196.130000,0.660000,0.230000,0.000000,48.000000,74.970000
1779334288.390391,0,0.000000,0.000000,0.000000,0.000000,-196.130000,0.660000,0.230000,0.000000,48.000000,74.980000
1779334288.397891,0,0.000000,0.000000,0.000000,0.000000,-196.130000,0.660000,0.230000,0.000000,48.000000,74.980000
1779334288.421027,0,0.000000,0.000000,0.000000,0.000000,-196.130000,0.660000,0.230000,0.000000,48.000000,75.000000
1779334288.422028,0,0.000000,0.000000,0.000000,0.000000,-196.130000,0.660000,0.230000,0.000000,48.000000,75.010000
1779334288.440026,0,0.000000,0.000000,0.000000,0.000000,-285.350000,0.660000,0.180000,0.000000,48.000000,75.010000
1779334288.443027,0,0.000000,0.000000,0.000000,0.000000,-285.350000,0.660000,0.180000,0.000000,48.000000,75.020000
1779334288.465152,0,0.000000,0.000000,0.000000,0.000000,-285.350000,0.660000,0.180000,0.000000,48.000000,75.040000
1779334288.466150,0,0.000000,0.000000,0.000000,0.000000,-285.350000,0.660000,0.180000,0.000000,48.000000,75.050000
1779334288.481150,0,0.000000,0.000000,0.000000,0.000000,323.200000,0.640000,0.120000,0.000000,48.000000,75.060000
1779334288.502906,0,0.000000,0.000000,0.000000,0.000000,323.200000,0.640000,0.120000,0.000000,48.000000,75.080000
1779334288.503906,0,0.000000,0.000000,0.000000,0.000000,323.200000,0.640000,0.120000,0.000000,48.000000,75.080000
1779334288.535244,0,0.000000,0.000000,0.000000,0.000000,323.200000,0.640000,0.120000,0.000000,48.000000,75.090000
1779334288.536244,0,0.000000,0.000000,0.000000,0.000000,323.200000,0.640000,0.120000,0.000000,48.000000,75.110000
1779334288.555045,0,0.000000,0.000000,0.000000,0.000000,148.940000,0.630000,0.090000,0.000000,48.000000,75.120000
1779334288.556047,0,0.000000,0.000000,0.000000,0.000000,148.940000,0.630000,0.090000,0.000000,48.000000,75.120000
1779334288.557050,0,0.000000,0.000000,0.000000,0.000000,148.940000,0.630000,0.090000,0.000000,48.000000,75.130000
1779334288.557998,0,0.000000,0.000000,0.000000,0.000000,148.940000,0.630000,0.090000,0.000000,48.000000,75.150000
1779334288.580010,0,0.000000,0.000000,0.000000,0.000000,148.940000,0.630000,0.090000,0.000000,48.000000,75.160000
1779334288.580510,0,0.000000,0.000000,0.000000,0.000000,-65.810000,0.620000,0.030000,0.000000,48.000000,75.160000
1779334288.594010,0,0.000000,0.000000,0.000000,0.000000,-65.810000,0.620000,0.030000,0.000000,48.000000,75.180000
1779334288.601010,0,0.000000,0.000000,0.000000,0.000000,-65.810000,0.620000,0.030000,0.000000,48.000000,75.190000
1779334288.616283,0,0.000000,0.000000,0.000000,0.000000,-65.810000,0.620000,0.030000,0.000000,48.000000,75.190000
1779334288.622795,0,0.000000,0.000000,0.000000,0.000000,-65.810000,0.620000,0.030000,0.000000,48.000000,75.200000
1779334288.638308,0,0.000000,0.000000,0.000000,0.000000,320.440000,0.620000,0.000000,0.000000,48.000000,75.230000
1779334288.660640,0,0.000000,0.000000,0.000000,0.000000,320.440000,0.620000,0.000000,0.000000,48.000000,75.230000
1779334288.661638,0,0.000000,0.000000,0.000000,0.000000,320.440000,0.620000,0.000000,0.000000,48.000000,75.250000
1779334288.667663,0,0.000000,0.000000,0.000000,0.000000,320.440000,0.620000,0.000000,0.000000,48.000000,75.260000
1779334288.675677,0,0.000000,0.000000,0.000000,0.000000,320.440000,0.620000,0.000000,0.000000,48.000000,75.260000
1779334288.698177,0,0.000000,0.000000,0.000000,0.000000,87.060000,0.600000,-0.010000,0.000000,48.000000,75.270000
1779334288.700178,0,0.000000,0.000000,0.000000,0.000000,87.060000,0.600000,-0.010000,0.000000,48.000000,75.290000
1779334288.721834,0,0.000000,0.000000,0.000000,0.000000,87.060000,0.600000,-0.010000,0.000000,48.000000,75.300000
1779334288.722835,0,0.000000,0.000000,0.000000,0.000000,87.060000,0.600000,-0.010000,0.000000,48.000000,75.300000
1779334288.728335,0,0.000000,0.000000,0.000000,0.000000,87.060000,0.600000,-0.010000,0.000000,48.000000,75.310000
1779334288.743365,0,0.000000,0.000000,0.000000,0.000000,313.540000,0.580000,-0.050000,0.000000,48.000000,75.330000
1779334288.765596,0,0.000000,0.000000,0.000000,0.000000,313.540000,0.580000,-0.050000,0.000000,48.000000,75.330000
1779334288.766596,0,0.000000,0.000000,0.000000,0.000000,313.540000,0.580000,-0.050000,0.000000,48.000000,75.340000
1779334288.780108,0,0.000000,0.000000,0.000000,0.000000,313.540000,0.580000,-0.050000,0.000000,48.000000,75.360000
1779334288.795607,0,0.000000,0.000000,0.000000,0.000000,313.540000,0.580000,-0.050000,0.000000,48.000000,75.370000
1779334288.796607,0,0.000000,0.000000,0.000000,0.000000,-320.820000,0.560000,-0.070000,0.000000,48.000000,75.380000
1779334288.830660,0,0.000000,0.000000,0.000000,0.000000,-320.820000,0.560000,-0.070000,0.000000,48.000000,75.400000
1779334288.831661,0,0.000000,0.000000,0.000000,0.000000,-320.820000,0.560000,-0.070000,0.000000,48.000000,75.410000
1779334288.832661,0,0.000000,0.000000,0.000000,0.000000,-320.820000,0.560000,-0.070000,0.000000,48.000000,75.410000
1779334288.840660,0,0.000000,0.000000,0.000000,0.000000,239.780000,0.540000,-0.110000,0.000000,48.000000,75.430000
1779334288.863160,0,0.000000,0.000000,0.000000,0.000000,239.780000,0.540000,-0.110000,0.000000,48.000000,75.440000
1779334288.870161,0,0.000000,0.000000,0.000000,0.000000,239.780000,0.540000,-0.110000,0.000000,48.000000,75.440000
1779334288.871161,0,0.000000,0.000000,0.000000,0.000000,239.780000,0.540000,-0.110000,0.000000,48.000000,75.450000
1779334288.886284,0,0.000000,0.000000,0.000000,0.000000,239.780000,0.540000,-0.110000,0.000000,48.000000,75.470000
1779334288.900686,0,0.000000,0.000000,0.000000,0.000000,-38.650000,0.500000,-0.150000,0.000000,48.000000,75.480000
1779334288.908332,0,0.000000,0.000000,0.000000,0.000000,-38.650000,0.500000,-0.150000,0.000000,48.000000,75.500000
1779334288.922990,0,0.000000,0.000000,0.000000,0.000000,-38.650000,0.500000,-0.150000,0.000000,48.000000,75.510000
1779334288.930491,0,0.000000,0.000000,0.000000,0.000000,-38.650000,0.500000,-0.150000,0.000000,48.000000,75.510000
1779334288.945498,0,0.000000,0.000000,0.000000,0.000000,-38.650000,0.500000,-0.150000,0.000000,48.000000,75.520000
1779334288.953029,0,0.000000,0.000000,0.000000,0.000000,-318.570000,0.440000,-0.180000,0.000000,48.000000,75.540000
1779334288.960534,0,0.000000,0.000000,0.000000,0.000000,-318.570000,0.440000,-0.180000,0.000000,48.000000,75.550000
1779334288.975534,0,0.000000,0.000000,0.000000,0.000000,-318.570000,0.440000,-0.180000,0.000000,48.000000,75.550000
1779334288.983336,0,0.000000,0.000000,0.000000,0.000000,-318.570000,0.440000,-0.180000,0.000000,48.000000,75.560000
1779334288.998275,0,0.000000,0.000000,0.000000,0.000000,-318.570000,0.440000,-0.180000,0.000000,48.000000,75.580000
1779334289.005774,0,0.000000,0.000000,0.000000,0.000000,-318.570000,0.440000,-0.180000,0.000000,48.000000,75.590000
1779334289.043781,0,0.000000,0.000000,0.000000,0.000000,-318.570000,0.440000,-0.180000,0.000000,48.000000,75.610000
1779334289.044782,0,0.000000,0.000000,0.000000,0.000000,-318.570000,0.440000,-0.180000,0.000000,48.000000,75.620000
1779334289.049781,0,0.000000,0.000000,0.000000,0.000000,-318.570000,0.440000,-0.180000,0.000000,48.000000,75.620000
1779334289.066331,0,0.000000,0.000000,0.000000,0.000000,189.960000,0.380000,-0.230000,0.000000,51.000000,75.630000
1779334289.067332,0,0.000000,0.000000,0.000000,0.000000,189.960000,0.380000,-0.230000,0.000000,51.000000,75.650000
1779334289.067832,0,0.000000,0.000000,0.000000,0.000000,189.960000,0.380000,-0.230000,0.000000,51.000000,75.660000
1779334289.080835,0,0.000000,0.000000,0.000000,0.000000,189.960000,0.380000,-0.230000,0.000000,51.000000,75.660000
1779334289.110335,0,0.000000,0.000000,0.000000,0.000000,189.960000,0.380000,-0.230000,0.000000,51.000000,75.680000
1779334289.111268,0,0.000000,0.000000,0.000000,0.000000,-292.100000,0.310000,-0.270000,0.000000,48.000000,75.690000
1779334289.112265,0,0.000000,0.000000,0.000000,0.000000,-292.100000,0.310000,-0.270000,0.000000,48.000000,75.690000
1779334289.133745,0,0.000000,0.000000,0.000000,0.000000,-292.100000,0.310000,-0.270000,0.000000,48.000000,75.700000
1779334289.136746,0,0.000000,0.000000,0.000000,0.000000,-292.100000,0.310000,-0.270000,0.000000,48.000000,75.720000
1779334289.148245,0,0.000000,0.000000,0.000000,0.000000,-292.100000,0.310000,-0.270000,0.000000,48.000000,75.730000
1779334289.155746,0,0.000000,0.000000,0.000000,0.000000,-325.300000,0.250000,-0.300000,0.000000,48.000000,75.750000
1779334289.178706,0,0.000000,0.000000,0.000000,0.000000,-325.300000,0.250000,-0.300000,0.000000,48.000000,75.760000
1779334289.185206,0,0.000000,0.000000,0.000000,0.000000,-325.300000,0.250000,-0.300000,0.000000,48.000000,75.760000
1779334289.186209,0,0.000000,0.000000,0.000000,0.000000,-325.300000,0.250000,-0.300000,0.000000,48.000000,75.770000
1779334289.201227,0,0.000000,0.000000,0.000000,0.000000,-325.300000,0.250000,-0.300000,0.000000,48.000000,75.790000
1779334289.208226,0,0.000000,0.000000,0.000000,0.000000,-325.300000,0.250000,-0.300000,0.000000,48.000000,75.800000
1779334289.223782,0,0.000000,0.000000,0.000000,0.000000,-325.300000,0.250000,-0.300000,0.000000,48.000000,75.800000
1779334289.238028,0,0.000000,0.000000,0.000000,0.000000,-325.300000,0.250000,-0.300000,0.000000,48.000000,75.810000
1779334289.254028,0,0.000000,0.000000,0.000000,0.000000,-325.300000,0.250000,-0.300000,0.000000,48.000000,75.830000
1779334289.255028,0,0.000000,0.000000,0.000000,0.000000,-325.300000,0.250000,-0.300000,0.000000,48.000000,75.830000
1779334289.268528,0,0.000000,0.000000,0.000000,0.000000,-247.720000,0.200000,-0.310000,0.000000,51.000000,75.860000
1779334289.275528,0,0.000000,0.000000,0.000000,0.000000,-247.720000,0.200000,-0.310000,0.000000,51.000000,75.870000
1779334289.291028,0,0.000000,0.000000,0.000000,0.000000,-247.720000,0.200000,-0.310000,0.000000,51.000000,75.870000
1779334289.307528,0,0.000000,0.000000,0.000000,0.000000,-247.720000,0.200000,-0.310000,0.000000,51.000000,75.880000
1779334289.308028,0,0.000000,0.000000,0.000000,0.000000,-247.720000,0.200000,-0.310000,0.000000,51.000000,75.900000
1779334289.322304,0,0.000000,0.000000,0.000000,0.000000,-247.720000,0.200000,-0.310000,0.000000,51.000000,75.910000
1779334289.327804,0,0.000000,0.000000,0.000000,0.000000,-247.720000,0.200000,-0.310000,0.000000,51.000000,75.910000
1779334289.343347,0,0.000000,0.000000,0.000000,0.000000,-247.720000,0.200000,-0.310000,0.000000,51.000000,75.930000
1779334289.352030,0,0.000000,0.000000,0.000000,0.000000,-247.720000,0.200000,-0.310000,0.000000,51.000000,75.940000
1779334289.366029,0,0.000000,0.000000,0.000000,0.000000,-97.620000,0.170000,-0.310000,0.000000,51.000000,75.940000
1779334289.373028,0,0.000000,0.000000,0.000000,0.000000,-97.620000,0.170000,-0.310000,0.000000,51.000000,75.950000
1779334289.388053,0,0.000000,0.000000,0.000000,0.000000,-97.620000,0.170000,-0.310000,0.000000,51.000000,75.970000
1779334289.447582,0,0.000000,0.000000,0.000000,0.000000,-97.620000,0.170000,-0.310000,0.000000,51.000000,75.980000
1779334289.449082,0,0.000000,0.000000,0.000000,0.000000,-97.620000,0.170000,-0.310000,0.000000,51.000000,75.980000
1779334289.450082,0,0.000000,0.000000,0.000000,0.000000,37.840000,0.150000,-0.300000,0.000000,48.000000,76.010000
1779334289.450582,0,0.000000,0.000000,0.000000,0.000000,37.840000,0.150000,-0.300000,0.000000,48.000000,76.010000
1779334289.471134,0,0.000000,0.000000,0.000000,0.000000,37.840000,0.150000,-0.300000,0.000000,48.000000,76.050000
1779334289.472634,0,0.000000,0.000000,0.000000,0.000000,281.750000,0.150000,-0.280000,0.000000,48.000000,76.050000
1779334289.478135,0,0.000000,0.000000,0.000000,0.000000,281.750000,0.150000,-0.280000,0.000000,48.000000,76.060000
1779334289.493134,0,0.000000,0.000000,0.000000,0.000000,281.750000,0.150000,-0.280000,0.000000,48.000000,76.080000
1779334289.500340,0,0.000000,0.000000,0.000000,0.000000,281.750000,0.150000,-0.280000,0.000000,48.000000,76.080000
1779334289.523262,0,0.000000,0.000000,0.000000,0.000000,281.750000,0.150000,-0.280000,0.000000,48.000000,76.090000
1779334289.524262,0,0.000000,0.000000,0.000000,0.000000,272.820000,0.150000,-0.250000,0.000000,48.000000,76.120000
1779334289.545192,0,0.000000,0.000000,0.000000,0.000000,272.820000,0.150000,-0.250000,0.000000,48.000000,76.120000
1779334289.546193,0,0.000000,0.000000,0.000000,0.000000,272.820000,0.150000,-0.250000,0.000000,48.000000,76.130000
1779334289.560266,0,0.000000,0.000000,0.000000,0.000000,272.820000,0.150000,-0.250000,0.000000,48.000000,76.150000
1779334289.561266,0,0.000000,0.000000,0.000000,0.000000,-23.040000,0.170000,-0.230000,0.000000,48.000000,76.160000
1779334289.569906,0,0.000000,0.000000,0.000000,0.000000,-23.040000,0.170000,-0.230000,0.000000,48.000000,76.160000
1779334289.590904,0,0.000000,0.000000,0.000000,0.000000,-23.040000,0.170000,-0.230000,0.000000,48.000000,76.180000
1779334289.605929,0,0.000000,0.000000,0.000000,0.000000,-23.040000,0.170000,-0.230000,0.000000,48.000000,76.190000
1779334289.620437,0,0.000000,0.000000,0.000000,0.000000,-23.040000,0.170000,-0.230000,0.000000,48.000000,76.190000
1779334289.620937,0,0.000000,0.000000,0.000000,0.000000,-7.170000,0.150000,-0.230000,0.000000,48.000000,76.220000
1779334289.635946,0,0.000000,0.000000,0.000000,0.000000,-7.170000,0.150000,-0.230000,0.000000,48.000000,76.230000
1779334289.643445,0,0.000000,0.000000,0.000000,0.000000,-7.170000,0.150000,-0.230000,0.000000,48.000000,76.230000
1779334289.650458,0,0.000000,0.000000,0.000000,0.000000,-7.170000,0.150000,-0.230000,0.000000,48.000000,76.250000
1779334289.665465,0,0.000000,0.000000,0.000000,0.000000,-7.170000,0.150000,-0.230000,0.000000,48.000000,76.260000
1779334289.688003,0,0.000000,0.000000,0.000000,0.000000,252.250000,0.120000,-0.230000,0.000000,48.000000,76.260000
1779334289.691003,0,0.000000,0.000000,0.000000,0.000000,252.250000,0.120000,-0.230000,0.000000,48.000000,76.270000
1779334289.696002,0,0.000000,0.000000,0.000000,0.000000,252.250000,0.120000,-0.230000,0.000000,48.000000,76.290000
1779334289.703002,0,0.000000,0.000000,0.000000,0.000000,252.250000,0.120000,-0.230000,0.000000,48.000000,76.300000
1779334289.718009,0,0.000000,0.000000,0.000000,0.000000,252.250000,0.120000,-0.230000,0.000000,48.000000,76.300000
1779334289.725443,0,0.000000,0.000000,0.000000,0.000000,154.960000,0.110000,-0.250000,0.000000,48.000000,76.310000
1779334289.740944,0,0.000000,0.000000,0.000000,0.000000,154.960000,0.110000,-0.250000,0.000000,48.000000,76.330000
1779334289.763103,0,0.000000,0.000000,0.000000,0.000000,154.960000,0.110000,-0.250000,0.000000,48.000000,76.330000
1779334289.763602,0,0.000000,0.000000,0.000000,0.000000,154.960000,0.110000,-0.250000,0.000000,48.000000,76.340000
1779334289.778049,0,0.000000,0.000000,0.000000,0.000000,154.960000,0.110000,-0.250000,0.000000,48.000000,76.360000
1779334289.786549,0,0.000000,0.000000,0.000000,0.000000,222.050000,0.100000,-0.280000,0.000000,48.000000,76.370000
1779334289.801050,0,0.000000,0.000000,0.000000,0.000000,222.050000,0.100000,-0.280000,0.000000,48.000000,76.370000
1779334289.808050,0,0.000000,0.000000,0.000000,0.000000,222.050000,0.100000,-0.280000,0.000000,48.000000,76.400000
1779334289.818549,0,0.000000,0.000000,0.000000,0.000000,222.050000,0.100000,-0.280000,0.000000,48.000000,76.410000
1779334289.823049,0,0.000000,0.000000,0.000000,0.000000,-161.720000,0.090000,-0.300000,0.000000,48.000000,76.410000
1779334289.838425,0,0.000000,0.000000,0.000000,0.000000,-161.720000,0.090000,-0.300000,0.000000,48.000000,76.430000
1779334289.852906,0,0.000000,0.000000,0.000000,0.000000,-161.720000,0.090000,-0.300000,0.000000,48.000000,76.440000
1779334289.860999,0,0.000000,0.000000,0.000000,0.000000,-161.720000,0.090000,-0.300000,0.000000,48.000000,76.440000
1779334289.867907,0,0.000000,0.000000,0.000000,0.000000,-161.720000,0.090000,-0.300000,0.000000,48.000000,76.450000
1779334289.883406,0,0.000000,0.000000,0.000000,0.000000,-161.720000,0.090000,-0.300000,0.000000,48.000000,76.470000
1779334289.890405,0,0.000000,0.000000,0.000000,0.000000,268.330000,0.070000,-0.310000,0.000000,48.000000,76.480000
1779334289.897905,0,0.000000,0.000000,0.000000,0.000000,268.330000,0.070000,-0.310000,0.000000,48.000000,76.480000
1779334289.920405,0,0.000000,0.000000,0.000000,0.000000,268.330000,0.070000,-0.310000,0.000000,48.000000,76.500000
1779334289.921406,0,0.000000,0.000000,0.000000,0.000000,268.330000,0.070000,-0.310000,0.000000,48.000000,76.510000
1779334289.935410,0,0.000000,0.000000,0.000000,0.000000,86.540000,0.070000,-0.310000,0.000000,48.000000,76.510000
1779334289.942417,0,0.000000,0.000000,0.000000,0.000000,86.540000,0.070000,-0.310000,0.000000,48.000000,76.520000
1779334289.965419,0,0.000000,0.000000,0.000000,0.000000,86.540000,0.070000,-0.310000,0.000000,48.000000,76.540000
1779334289.966418,0,0.000000,0.000000,0.000000,0.000000,86.540000,0.070000,-0.310000,0.000000,48.000000,76.550000
1779334289.972829,0,0.000000,0.000000,0.000000,0.000000,86.540000,0.070000,-0.310000,0.000000,48.000000,76.550000
1779334289.988162,0,0.000000,0.000000,0.000000,0.000000,86.540000,0.070000,-0.310000,0.000000,48.000000,76.580000
1779334289.995736,0,0.000000,0.000000,0.000000,0.000000,-108.270000,0.070000,-0.310000,0.000000,48.000000,76.580000
1779334290.003734,0,0.000000,0.000000,0.000000,0.000000,-108.270000,0.070000,-0.310000,0.000000,48.000000,76.590000
1779334290.018235,0,0.000000,0.000000,0.000000,0.000000,-108.270000,0.070000,-0.310000,0.000000,48.000000,76.610000
1779334290.033234,0,0.000000,0.000000,0.000000,0.000000,-108.270000,0.070000,-0.310000,0.000000,48.000000,76.620000
1779334290.040365,0,0.000000,0.000000,0.000000,0.000000,-284.260000,0.070000,-0.310000,0.000000,48.000000,76.620000
1779334290.070577,0,0.000000,0.000000,0.000000,0.000000,-284.260000,0.070000,-0.310000,0.000000,48.000000,76.630000
1779334290.078078,0,0.000000,0.000000,0.000000,0.000000,-284.260000,0.070000,-0.310000,0.000000,48.000000,76.650000
1779334290.079077,0,0.000000,0.000000,0.000000,0.000000,-284.260000,0.070000,-0.310000,0.000000,48.000000,76.660000
1779334290.092081,0,0.000000,0.000000,0.000000,0.000000,-284.260000,0.070000,-0.310000,0.000000,48.000000,76.660000
1779334290.093081,0,0.000000,0.000000,0.000000,0.000000,0.000000,0.000000,0.000000,0.000000,62.000000,76.680000
1779334290.123385,0,0.000000,0.000000,0.000000,0.000000,0.000000,0.000000,0.000000,0.000000,62.000000,76.690000
1779334290.124884,0,0.000000,0.000000,0.000000,0.000000,0.000000,0.000000,0.000000,0.000000,62.000000,76.690000
1779334290.125384,0,0.000000,0.000000,0.000000,0.000000,0.000000,0.000000,0.000000,0.000000,62.000000,76.700000
1779334290.137884,0,0.000000,0.000000,0.000000,0.000000,0.000000,0.000000,0.000000,0.000000,62.000000,76.720000
1779334290.138884,0,0.000000,0.000000,0.000000,0.000000,0.000000,0.000000,0.000000,0.000000,62.000000,76.730000
1779334290.145384,0,0.000000,0.000000,0.000000,0.000000,0.000000,0.000000,0.000000,0.000000,62.000000,76.730000
1779334290.160887,0,0.000000,0.000000,0.000000,0.000000,0.000000,0.000000,0.000000,0.000000,62.000000,76.750000
1779334290.167896,0,0.000000,0.000000,0.000000,0.000000,0.000000,0.000000,0.000000,0.000000,62.000000,76.760000
1779334290.183493,0,0.000000,0.000000,0.000000,0.000000,0.000000,0.000000,0.000000,0.000000,62.000000,76.760000
1779334290.198992,0,0.000000,0.000000,0.000000,0.000000,0.000000,0.000000,0.000000,0.000000,62.000000,76.770000
1779334290.205992,0,0.000000,0.000000,0.000000,0.000000,0.000000,0.000000,0.000000,0.000000,62.000000,76.790000
1779334290.213585,0,0.000000,0.000000,0.000000,0.000000,0.000000,0.000000,0.000000,0.000000,62.000000,76.800000
1779334290.220591,0,0.000000,0.000000,0.000000,0.000000,0.000000,0.000000,0.000000,0.000000,62.000000,76.800000
1779334290.243100,0,0.000000,0.000000,0.000000,0.000000,0.000000,0.000000,0.000000,0.000000,62.000000,76.810000
1779334290.244600,0,0.000000,0.000000,0.000000,0.000000,0.000000,0.000000,0.000000,0.000000,62.000000,76.830000
1779334290.250602,0,0.000000,0.000000,0.000000,0.000000,0.000000,0.000000,0.000000,0.000000,62.000000,76.840000
1779334290.266126,0,0.000000,0.000000,0.000000,0.000000,0.000000,0.000000,0.000000,0.000000,62.000000,76.860000
1779334290.272632,0,0.000000,0.000000,0.000000,0.000000,0.000000,0.000000,0.000000,0.000000,62.000000,76.870000
1779334290.288131,0,0.000000,0.000000,0.000000,0.000000,0.000000,0.000000,0.000000,0.000000,62.000000,76.870000
1779334290.295632,0,0.000000,0.000000,0.000000,0.000000,0.000000,0.000000,0.000000,0.000000,62.000000,76.880000
1779334290.318207,0,0.000000,0.000000,0.000000,0.000000,0.000000,0.000000,0.000000,0.000000,62.000000,76.900000
1779334290.319206,0,0.000000,0.000000,0.000000,0.000000,0.000000,0.000000,0.000000,0.000000,62.000000,76.910000
1779334290.325209,0,0.000000,0.000000,0.000000,0.000000,0.000000,0.000000,0.000000,0.000000,62.000000,76.910000
1779334290.340867,0,0.000000,0.000000,0.000000,0.000000,0.000000,0.000000,0.000000,0.000000,62.000000,76.930000
1779334290.348306,0,0.000000,0.000000,0.000000,0.000000,0.000000,0.000000,0.000000,0.000000,62.000000,76.940000
1779334290.362805,0,0.000000,0.000000,0.000000,0.000000,0.000000,0.000000,0.000000,0.000000,62.000000,76.940000
1779334290.370305,0,0.000000,0.000000,0.000000,0.000000,0.000000,0.000000,0.000000,0.000000,62.000000,76.950000
1779334290.378313,0,0.000000,0.000000,0.000000,0.000000,0.000000,0.000000,0.000000,0.000000,62.000000,76.970000
1779334290.392816,0,0.000000,0.000000,0.000000,0.000000,0.000000,0.000000,0.000000,0.000000,62.000000,76.980000
1779334290.400817,0,0.000000,0.000000,0.000000,0.000000,0.000000,0.000000,0.000000,0.000000,62.000000,76.980000
1779334290.408333,0,0.000000,0.000000,0.000000,0.000000,0.000000,0.000000,0.000000,0.000000,62.000000,77.000000
1779334290.423833,0,0.000000,0.000000,0.000000,0.000000,0.000000,0.000000,0.000000,0.000000,62.000000,77.010000
1779334290.454362,0,0.000000,0.000000,0.000000,0.000000,0.000000,0.000000,0.000000,0.000000,62.000000,77.010000
1779334290.455362,0,0.000000,0.000000,0.000000,0.000000,0.000000,0.000000,0.000000,0.000000,62.000000,77.020000
1779334290.456362,0,0.000000,0.000000,0.000000,0.000000,0.000000,0.000000,0.000000,0.000000,62.000000,77.050000
1779334290.468362,0,0.000000,0.000000,0.000000,0.000000,0.000000,0.000000,0.000000,0.000000,62.000000,77.050000
1779334290.475862,0,0.000000,0.000000,0.000000,0.000000,0.000000,0.000000,0.000000,0.000000,62.000000,77.060000
1779334290.482862,0,0.000000,0.000000,0.000000,0.000000,0.000000,0.000000,0.000000,0.000000,62.000000,77.060000
1779334290.497871,0,0.000000,0.000000,0.000000,0.000000,0.000000,0.000000,0.000000,0.000000,62.000000,77.080000
1779334290.513893,0,0.000000,0.000000,0.000000,0.000000,0.000000,0.000000,0.000000,0.000000,62.000000,77.090000
1779334290.520393,0,0.000000,0.000000,0.000000,0.000000,0.000000,0.000000,0.000000,0.000000,62.000000,77.110000
1779334290.534898,0,0.000000,0.000000,0.000000,0.000000,0.000000,0.000000,0.000000,0.000000,62.000000,77.120000
1779334290.535899,0,0.000000,0.000000,0.000000,0.000000,0.000000,0.000000,0.000000,0.000000,62.000000,77.120000
1779334290.550401,0,0.000000,0.000000,0.000000,0.000000,0.000000,0.000000,0.000000,0.000000,62.000000,77.130000
1779334290.565575,0,0.000000,0.000000,0.000000,0.000000,0.000000,0.000000,0.000000,0.000000,62.000000,77.150000
1779334290.566575,0,0.000000,0.000000,0.000000,0.000000,0.000000,0.000000,0.000000,0.000000,62.000000,77.160000
1779334290.580577,0,0.000000,0.000000,0.000000,0.000000,0.000000,0.000000,0.000000,0.000000,62.000000,77.160000
1779334290.581577,0,0.000000,0.000000,0.000000,0.000000,0.000000,0.000000,0.000000,0.000000,62.000000,77.180000
1779334290.610604,0,0.000000,0.000000,0.000000,0.000000,0.000000,0.000000,0.000000,0.000000,62.000000,77.190000
1779334290.611604,0,0.000000,0.000000,0.000000,0.000000,0.000000,0.000000,0.000000,0.000000,62.000000,77.200000
1779334290.625105,0,0.000000,0.000000,0.000000,0.000000,0.000000,0.000000,0.000000,0.000000,62.000000,77.220000
1779334290.640604,0,0.000000,0.000000,0.000000,0.000000,0.000000,0.000000,0.000000,0.000000,62.000000,77.230000
1779334290.641105,0,0.000000,0.000000,0.000000,0.000000,0.000000,0.000000,0.000000,0.000000,62.000000,77.230000
1779334290.670734,0,0.000000,0.000000,0.000000,0.000000,245.220000,0.110000,-0.340000,0.000000,48.000000,77.250000
1779334290.678234,0,0.000000,0.000000,0.000000,0.000000,245.220000,0.110000,-0.340000,0.000000,48.000000,77.260000
1779334290.693234,0,0.000000,0.000000,0.000000,0.000000,245.220000,0.110000,-0.340000,0.000000,48.000000,77.260000
1779334290.714760,0,0.000000,0.000000,0.000000,0.000000,245.220000,0.110000,-0.340000,0.000000,48.000000,77.290000
1779334290.715761,0,0.000000,0.000000,0.000000,0.000000,245.220000,0.110000,-0.340000,0.000000,48.000000,77.300000
1779334290.730760,0,0.000000,0.000000,0.000000,0.000000,245.220000,0.110000,-0.340000,0.000000,48.000000,77.300000
1779334290.737760,0,0.000000,0.000000,0.000000,0.000000,245.220000,0.110000,-0.340000,0.000000,48.000000,77.310000
1779334290.745760,0,0.000000,0.000000,0.000000,0.000000,245.220000,0.110000,-0.340000,0.000000,48.000000,77.330000
1779334290.760764,0,0.000000,0.000000,0.000000,0.000000,245.220000,0.110000,-0.340000,0.000000,48.000000,77.330000
1779334290.777270,0,0.000000,0.000000,0.000000,0.000000,83.330000,0.110000,-0.340000,0.000000,51.000000,77.360000
1779334290.777770,0,0.000000,0.000000,0.000000,0.000000,83.330000,0.110000,-0.340000,0.000000,51.000000,77.370000
1779334290.798271,0,0.000000,0.000000,0.000000,0.000000,83.330000,0.110000,-0.340000,0.000000,51.000000,77.370000
1779334290.799771,0,0.000000,0.000000,0.000000,0.000000,83.330000,0.110000,-0.340000,0.000000,51.000000,77.380000
1779334290.812335,0,0.000000,0.000000,0.000000,0.000000,83.330000,0.110000,-0.340000,0.000000,51.000000,77.400000
1779334290.827944,0,0.000000,0.000000,0.000000,0.000000,-268.200000,0.120000,-0.340000,0.000000,48.000000,77.410000
1779334290.828945,0,0.000000,0.000000,0.000000,0.000000,-268.200000,0.120000,-0.340000,0.000000,48.000000,77.410000
1779334290.850447,0,0.000000,0.000000,0.000000,0.000000,-268.200000,0.120000,-0.340000,0.000000,48.000000,77.430000
1779334290.852035,0,0.000000,0.000000,0.000000,0.000000,-268.200000,0.120000,-0.340000,0.000000,48.000000,77.440000
1779334290.857943,0,0.000000,0.000000,0.000000,0.000000,-268.200000,0.120000,-0.340000,0.000000,48.000000,77.440000
1779334290.879945,0,0.000000,0.000000,0.000000,0.000000,-97.970000,0.120000,-0.340000,0.000000,48.000000,77.450000
1779334290.880944,0,0.000000,0.000000,0.000000,0.000000,-97.970000,0.120000,-0.340000,0.000000,48.000000,77.470000
1779334290.895945,0,0.000000,0.000000,0.000000,0.000000,-97.970000,0.120000,-0.340000,0.000000,48.000000,77.480000
1779334290.917944,0,0.000000,0.000000,0.000000,0.000000,-97.970000,0.120000,-0.340000,0.000000,48.000000,77.480000
1779334290.919445,0,0.000000,0.000000,0.000000,0.000000,-97.970000,0.120000,-0.340000,0.000000,48.000000,77.500000
1779334290.932945,0,0.000000,0.000000,0.000000,0.000000,250.500000,0.170000,-0.300000,0.000000,48.000000,77.510000
1779334290.943444,0,0.000000,0.000000,0.000000,0.000000,250.500000,0.170000,-0.300000,0.000000,48.000000,77.520000
1779334290.955445,0,0.000000,0.000000,0.000000,0.000000,250.500000,0.170000,-0.300000,0.000000,48.000000,77.540000
1779334290.962945,0,0.000000,0.000000,0.000000,0.000000,250.500000,0.170000,-0.300000,0.000000,48.000000,77.550000
1779334290.970944,0,0.000000,0.000000,0.000000,0.000000,250.500000,0.170000,-0.300000,0.000000,48.000000,77.550000
1779334290.994444,0,0.000000,0.000000,0.000000,0.000000,250.500000,0.170000,-0.300000,0.000000,48.000000,77.560000
1779334290.995444,0,0.000000,0.000000,0.000000,0.000000,250.500000,0.170000,-0.300000,0.000000,48.000000,77.580000
1779334291.000444,0,0.000000,0.000000,0.000000,0.000000,250.500000,0.170000,-0.300000,0.000000,48.000000,77.580000
1779334291.008444,0,0.000000,0.000000,0.000000,0.000000,250.500000,0.170000,-0.300000,0.000000,48.000000,77.590000
1779334291.030444,0,0.000000,0.000000,0.000000,0.000000,292.510000,0.250000,-0.180000,0.000000,51.000000,77.620000
1779334291.037945,0,0.000000,0.000000,0.000000,0.000000,292.510000,0.250000,-0.180000,0.000000,51.000000,77.620000
1779334291.060444,0,0.000000,0.000000,0.000000,0.000000,292.510000,0.250000,-0.180000,0.000000,51.000000,77.630000
1779334291.061444,0,0.000000,0.000000,0.000000,0.000000,292.510000,0.250000,-0.180000,0.000000,51.000000,77.650000
1779334291.090458,0,0.000000,0.000000,0.000000,0.000000,292.510000,0.250000,-0.180000,0.000000,51.000000,77.660000
1779334291.091457,0,0.000000,0.000000,0.000000,0.000000,-168.360000,0.370000,0.000000,0.000000,48.000000,77.680000
1779334291.091958,0,0.000000,0.000000,0.000000,0.000000,-168.360000,0.370000,0.000000,0.000000,48.000000,77.690000
1779334291.105458,0,0.000000,0.000000,0.000000,0.000000,-168.360000,0.370000,0.000000,0.000000,48.000000,77.690000
1779334291.112957,0,0.000000,0.000000,0.000000,0.000000,-168.360000,0.370000,0.000000,0.000000,48.000000,77.700000
1779334291.128457,0,0.000000,0.000000,0.000000,0.000000,-196.660000,0.460000,0.150000,0.000000,48.000000,77.720000
1779334291.142962,0,0.000000,0.000000,0.000000,0.000000,-196.660000,0.460000,0.150000,0.000000,48.000000,77.730000
1779334291.165215,0,0.000000,0.000000,0.000000,0.000000,-196.660000,0.460000,0.150000,0.000000,48.000000,77.730000
1779334291.166216,0,0.000000,0.000000,0.000000,0.000000,-196.660000,0.460000,0.150000,0.000000,48.000000,77.750000
1779334291.173215,0,0.000000,0.000000,0.000000,0.000000,-196.660000,0.460000,0.150000,0.000000,48.000000,77.760000
1779334291.180715,0,0.000000,0.000000,0.000000,0.000000,38.090000,0.500000,0.250000,0.000000,48.000000,77.760000
1779334291.195753,0,0.000000,0.000000,0.000000,0.000000,38.090000,0.500000,0.250000,0.000000,48.000000,77.770000
1779334291.211253,0,0.000000,0.000000,0.000000,0.000000,38.090000,0.500000,0.250000,0.000000,48.000000,77.790000
1779334291.212753,0,0.000000,0.000000,0.000000,0.000000,38.090000,0.500000,0.250000,0.000000,48.000000,77.800000
1779334291.225753,0,0.000000,0.000000,0.000000,0.000000,38.090000,0.500000,0.250000,0.000000,48.000000,77.800000
1779334291.247753,0,0.000000,0.000000,0.000000,0.000000,-265.750000,0.560000,0.340000,0.000000,48.000000,77.830000
1779334291.248753,0,0.000000,0.000000,0.000000,0.000000,-265.750000,0.560000,0.340000,0.000000,48.000000,77.830000
1779334291.278263,0,0.000000,0.000000,0.000000,0.000000,-265.750000,0.560000,0.340000,0.000000,48.000000,77.840000
1779334291.279263,0,0.000000,0.000000,0.000000,0.000000,-265.750000,0.560000,0.340000,0.000000,48.000000,77.860000
1779334291.280263,0,0.000000,0.000000,0.000000,0.000000,-265.750000,0.560000,0.340000,0.000000,48.000000,77.870000
1779334291.308165,0,0.000000,0.000000,0.000000,0.000000,-24.760000,0.570000,0.400000,0.000000,48.000000,77.870000
1779334291.309165,0,0.000000,0.000000,0.000000,0.000000,-24.760000,0.570000,0.400000,0.000000,48.000000,77.880000
1779334291.310164,0,0.000000,0.000000,0.000000,0.000000,-24.760000,0.570000,0.400000,0.000000,48.000000,77.900000
1779334291.331167,0,0.000000,0.000000,0.000000,0.000000,-24.760000,0.570000,0.400000,0.000000,48.000000,77.910000
1779334291.332665,0,0.000000,0.000000,0.000000,0.000000,-24.760000,0.570000,0.400000,0.000000,48.000000,77.910000
1779334291.346665,0,0.000000,0.000000,0.000000,0.000000,129.610000,0.600000,0.430000,0.000000,48.000000,77.930000
1779334291.352664,0,0.000000,0.000000,0.000000,0.000000,129.610000,0.600000,0.430000,0.000000,48.000000,77.940000
1779334291.360164,0,0.000000,0.000000,0.000000,0.000000,129.610000,0.600000,0.430000,0.000000,48.000000,77.940000
1779334291.375664,0,0.000000,0.000000,0.000000,0.000000,129.610000,0.600000,0.430000,0.000000,48.000000,77.950000
1779334291.382664,0,0.000000,0.000000,0.000000,0.000000,129.610000,0.600000,0.430000,0.000000,48.000000,77.970000
1779334291.398165,0,0.000000,0.000000,0.000000,0.000000,-282.200000,0.600000,0.460000,0.000000,48.000000,77.980000
1779334291.405358,0,0.000000,0.000000,0.000000,0.000000,-282.200000,0.600000,0.460000,0.000000,48.000000,78.000000
1779334291.420027,0,0.000000,0.000000,0.000000,0.000000,-282.200000,0.600000,0.460000,0.000000,48.000000,78.010000
1779334291.435527,0,0.000000,0.000000,0.000000,0.000000,-282.200000,0.600000,0.460000,0.000000,48.000000,78.010000
1779334291.443027,0,0.000000,0.000000,0.000000,0.000000,-282.200000,0.600000,0.460000,0.000000,48.000000,78.020000
1779334291.450527,0,0.000000,0.000000,0.000000,0.000000,-282.200000,0.600000,0.460000,0.000000,48.000000,78.040000
1779334291.473027,0,0.000000,0.000000,0.000000,0.000000,-282.200000,0.600000,0.460000,0.000000,48.000000,78.050000
1779334291.480027,0,0.000000,0.000000,0.000000,0.000000,-282.200000,0.600000,0.460000,0.000000,48.000000,78.050000
1779334291.495528,0,0.000000,0.000000,0.000000,0.000000,-282.200000,0.600000,0.460000,0.000000,48.000000,78.060000
1779334291.496529,0,0.000000,0.000000,0.000000,0.000000,289.250000,0.570000,0.430000,0.000000,51.000000,78.080000
1779334291.510527,0,0.000000,0.000000,0.000000,0.000000,289.250000,0.570000,0.430000,0.000000,51.000000,78.090000
1779334291.519027,0,0.000000,0.000000,0.000000,0.000000,289.250000,0.570000,0.430000,0.000000,51.000000,78.110000
1779334291.525532,0,0.000000,0.000000,0.000000,0.000000,289.250000,0.570000,0.430000,0.000000,51.000000,78.120000
1779334291.577622,0,0.000000,0.000000,0.000000,0.000000,289.250000,0.570000,0.430000,0.000000,51.000000,78.120000
1779334291.578122,0,0.000000,0.000000,0.000000,0.000000,-184.440000,0.540000,0.380000,0.000000,48.000000,78.130000
1779334291.579123,0,0.000000,0.000000,0.000000,0.000000,-184.440000,0.540000,0.380000,0.000000,48.000000,78.150000
1779334291.580622,0,0.000000,0.000000,0.000000,0.000000,-184.440000,0.540000,0.380000,0.000000,48.000000,78.160000
1779334291.592575,0,0.000000,0.000000,0.000000,0.000000,-184.440000,0.540000,0.380000,0.000000,48.000000,78.180000
1779334291.593580,0,0.000000,0.000000,0.000000,0.000000,-136.190000,0.470000,0.310000,0.000000,48.000000,78.190000
1779334291.615580,0,0.000000,0.000000,0.000000,0.000000,-136.190000,0.470000,0.310000,0.000000,48.000000,78.190000
1779334291.616580,0,0.000000,0.000000,0.000000,0.000000,-136.190000,0.470000,0.310000,0.000000,48.000000,78.200000
1779334291.630090,0,0.000000,0.000000,0.000000,0.000000,-136.190000,0.470000,0.310000,0.000000,48.000000,78.220000
1779334291.661091,0,0.000000,0.000000,0.000000,0.000000,-136.190000,0.470000,0.310000,0.000000,48.000000,78.230000
1779334291.662090,0,0.000000,0.000000,0.000000,0.000000,-267.600000,0.400000,0.230000,0.000000,48.000000,78.230000
1779334291.663090,0,0.000000,0.000000,0.000000,0.000000,-267.600000,0.400000,0.230000,0.000000,48.000000,78.250000
1779334291.683110,0,0.000000,0.000000,0.000000,0.000000,-267.600000,0.400000,0.230000,0.000000,48.000000,78.260000
1779334291.684110,0,0.000000,0.000000,0.000000,0.000000,-267.600000,0.400000,0.230000,0.000000,48.000000,78.260000
1779334291.707663,0,0.000000,0.000000,0.000000,0.000000,-267.600000,0.400000,0.230000,0.000000,48.000000,78.270000
1779334291.708162,0,0.000000,0.000000,0.000000,0.000000,-281.050000,0.340000,0.140000,0.000000,48.000000,78.300000
1779334291.720662,0,0.000000,0.000000,0.000000,0.000000,-281.050000,0.340000,0.140000,0.000000,48.000000,78.300000
1779334291.757679,0,0.000000,0.000000,0.000000,0.000000,-281.050000,0.340000,0.140000,0.000000,48.000000,78.310000
1779334291.780177,0,0.000000,0.000000,0.000000,0.000000,-281.050000,0.340000,0.140000,0.000000,48.000000,78.330000
1779334291.795681,0,0.000000,0.000000,0.000000,0.000000,-281.050000,0.340000,0.140000,0.000000,48.000000,78.330000
1779334291.802681,0,0.000000,0.000000,0.000000,0.000000,173.490000,0.280000,0.050000,0.000000,48.000000,78.340000
1779334291.803682,0,0.000000,0.000000,0.000000,0.000000,173.490000,0.280000,0.050000,0.000000,48.000000,78.360000
1779334291.804182,0,0.000000,0.000000,0.000000,0.000000,173.490000,0.280000,0.050000,0.000000,48.000000,78.370000
1779334291.805682,0,0.000000,0.000000,0.000000,0.000000,173.490000,0.280000,0.050000,0.000000,48.000000,78.380000
1779334291.818309,0,0.000000,0.000000,0.000000,0.000000,239.800000,0.210000,-0.010000,0.000000,48.000000,78.400000
1779334291.825308,0,0.000000,0.000000,0.000000,0.000000,239.800000,0.210000,-0.010000,0.000000,48.000000,78.410000
1779334291.833308,0,0.000000,0.000000,0.000000,0.000000,239.800000,0.210000,-0.010000,0.000000,48.000000,78.410000
1779334291.848951,0,0.000000,0.000000,0.000000,0.000000,239.800000,0.210000,-0.010000,0.000000,48.000000,78.430000
1779334291.907449,0,0.000000,0.000000,0.000000,0.000000,-134.330000,0.170000,-0.090000,0.000000,48.000000,78.440000
1779334291.908450,0,0.000000,0.000000,0.000000,0.000000,-134.330000,0.170000,-0.090000,0.000000,48.000000,78.450000
1779334291.909450,0,0.000000,0.000000,0.000000,0.000000,-134.330000,0.170000,-0.090000,0.000000,48.000000,78.470000
1779334291.909950,0,0.000000,0.000000,0.000000,0.000000,-134.330000,0.170000,-0.090000,0.000000,48.000000,78.480000
1779334291.910949,0,0.000000,0.000000,0.000000,0.000000,275.380000,0.140000,-0.140000,0.000000,48.000000,78.510000
1779334291.922949,0,0.000000,0.000000,0.000000,0.000000,275.380000,0.140000,-0.140000,0.000000,48.000000,78.510000
1779334291.937949,0,0.000000,0.000000,0.000000,0.000000,275.380000,0.140000,-0.140000,0.000000,48.000000,78.520000
1779334291.945450,0,0.000000,0.000000,0.000000,0.000000,275.380000,0.140000,-0.140000,0.000000,48.000000,78.540000
1779334291.960450,0,0.000000,0.000000,0.000000,0.000000,275.380000,0.140000,-0.140000,0.000000,48.000000,78.550000
1779334291.967951,0,0.000000,0.000000,0.000000,0.000000,119.910000,0.100000,-0.180000,0.000000,48.000000,78.550000
1779334292.020680,0,0.000000,0.000000,0.000000,0.000000,119.910000,0.100000,-0.180000,0.000000,48.000000,78.560000
1779334292.021681,0,0.000000,0.000000,0.000000,0.000000,119.910000,0.100000,-0.180000,0.000000,48.000000,78.580000
1779334292.042724,0,0.000000,0.000000,0.000000,0.000000,119.910000,0.100000,-0.180000,0.000000,48.000000,78.580000
1779334292.044224,0,0.000000,0.000000,0.000000,0.000000,50.000000,0.090000,-0.200000,0.000000,48.000000,78.590000
1779334292.088048,0,0.000000,0.000000,0.000000,0.000000,50.000000,0.090000,-0.200000,0.000000,48.000000,78.620000
1779334292.089550,0,0.000000,0.000000,0.000000,0.000000,50.000000,0.090000,-0.200000,0.000000,48.000000,78.620000
1779334292.132541,0,0.000000,0.000000,0.000000,0.000000,50.000000,0.090000,-0.200000,0.000000,48.000000,78.630000
1779334292.133542,0,0.000000,0.000000,0.000000,0.000000,19.280000,0.070000,-0.210000,0.000000,48.000000,78.660000
1779334292.134542,0,0.000000,0.000000,0.000000,0.000000,19.280000,0.070000,-0.210000,0.000000,48.000000,78.690000
1779334292.135041,0,0.000000,0.000000,0.000000,0.000000,19.280000,0.070000,-0.210000,0.000000,48.000000,78.690000
1779334292.136042,0,0.000000,0.000000,0.000000,0.000000,55.650000,0.070000,-0.230000,0.000000,48.000000,78.730000
1779334292.170099,0,0.000000,0.000000,0.000000,0.000000,55.650000,0.070000,-0.230000,0.000000,48.000000,78.730000
1779334292.171099,0,0.000000,0.000000,0.000000,0.000000,55.650000,0.070000,-0.230000,0.000000,48.000000,78.750000
1779334292.207624,0,0.000000,0.000000,0.000000,0.000000,103.790000,0.070000,-0.250000,0.000000,48.000000,78.760000
1779334292.208624,0,0.000000,0.000000,0.000000,0.000000,103.790000,0.070000,-0.250000,0.000000,48.000000,78.760000
1779334292.209625,0,0.000000,0.000000,0.000000,0.000000,103.790000,0.070000,-0.250000,0.000000,48.000000,78.770000
1779334292.210626,0,0.000000,0.000000,0.000000,0.000000,103.790000,0.070000,-0.250000,0.000000,48.000000,78.790000
1779334292.215624,0,0.000000,0.000000,0.000000,0.000000,103.790000,0.070000,-0.250000,0.000000,48.000000,78.800000
1779334292.231124,0,0.000000,0.000000,0.000000,0.000000,158.170000,0.050000,-0.250000,0.000000,48.000000,78.810000
1779334292.238260,0,0.000000,0.000000,0.000000,0.000000,158.170000,0.050000,-0.250000,0.000000,48.000000,78.830000
1779334292.245274,0,0.000000,0.000000,0.000000,0.000000,158.170000,0.050000,-0.250000,0.000000,48.000000,78.830000
1779334292.260975,0,0.000000,0.000000,0.000000,0.000000,158.170000,0.050000,-0.250000,0.000000,48.000000,78.840000
1779334292.290976,0,0.000000,0.000000,0.000000,0.000000,312.540000,0.050000,-0.280000,0.000000,48.000000,78.860000
1779334292.292475,0,0.000000,0.000000,0.000000,0.000000,312.540000,0.050000,-0.280000,0.000000,48.000000,78.870000
1779334292.292975,0,0.000000,0.000000,0.000000,0.000000,312.540000,0.050000,-0.280000,0.000000,48.000000,78.870000
1779334292.320466,0,0.000000,0.000000,0.000000,0.000000,312.540000,0.050000,-0.280000,0.000000,48.000000,78.880000
1779334292.321967,0,0.000000,0.000000,0.000000,0.000000,312.540000,0.050000,-0.280000,0.000000,48.000000,78.900000
1779334292.342501,0,0.000000,0.000000,0.000000,0.000000,-110.660000,0.050000,-0.280000,0.000000,48.000000,78.910000
1779334292.343501,0,0.000000,0.000000,0.000000,0.000000,-110.660000,0.050000,-0.280000,0.000000,48.000000,78.930000
1779334292.350501,0,0.000000,0.000000,0.000000,0.000000,-110.660000,0.050000,-0.280000,0.000000,48.000000,78.940000
1779334292.366002,0,0.000000,0.000000,0.000000,0.000000,-110.660000,0.050000,-0.280000,0.000000,48.000000,78.940000
1779334292.372711,0,0.000000,0.000000,0.000000,0.000000,-110.660000,0.050000,-0.280000,0.000000,48.000000,78.950000
1779334292.418212,0,0.000000,0.000000,0.000000,0.000000,103.380000,0.050000,-0.300000,0.000000,48.000000,78.970000
1779334292.419712,0,0.000000,0.000000,0.000000,0.000000,103.380000,0.050000,-0.300000,0.000000,48.000000,78.980000
1779334292.420711,0,0.000000,0.000000,0.000000,0.000000,103.380000,0.050000,-0.300000,0.000000,48.000000,79.000000
1779334292.421711,0,0.000000,0.000000,0.000000,0.000000,103.380000,0.050000,-0.300000,0.000000,48.000000,79.000000
1779334292.425211,0,0.000000,0.000000,0.000000,0.000000,103.380000,0.050000,-0.300000,0.000000,48.000000,79.010000
1779334292.480753,0,0.000000,0.000000,0.000000,0.000000,108.340000,0.070000,-0.310000,0.000000,48.000000,79.020000
1779334292.482253,0,0.000000,0.000000,0.000000,0.000000,108.340000,0.070000,-0.310000,0.000000,48.000000,79.040000
1779334292.483253,0,0.000000,0.000000,0.000000,0.000000,108.340000,0.070000,-0.310000,0.000000,48.000000,79.050000
1779334292.483754,0,0.000000,0.000000,0.000000,0.000000,108.340000,0.070000,-0.310000,0.000000,48.000000,79.050000
1779334292.485253,0,0.000000,0.000000,0.000000,0.000000,-29.530000,0.070000,-0.310000,0.000000,48.000000,79.060000
1779334292.539263,0,0.000000,0.000000,0.000000,0.000000,-29.530000,0.070000,-0.310000,0.000000,48.000000,79.080000
1779334292.540264,0,0.000000,0.000000,0.000000,0.000000,-29.530000,0.070000,-0.310000,0.000000,48.000000,79.080000
1779334292.540765,0,0.000000,0.000000,0.000000,0.000000,-29.530000,0.070000,-0.310000,0.000000,48.000000,79.090000
1779334292.541763,0,0.000000,0.000000,0.000000,0.000000,-29.530000,0.070000,-0.310000,0.000000,48.000000,79.110000
1779334292.560263,0,0.000000,0.000000,0.000000,0.000000,-262.730000,0.100000,-0.310000,0.000000,48.000000,79.130000
1779334292.567296,0,0.000000,0.000000,0.000000,0.000000,-262.730000,0.100000,-0.310000,0.000000,48.000000,79.150000
1779334292.575472,0,0.000000,0.000000,0.000000,0.000000,-262.730000,0.100000,-0.310000,0.000000,48.000000,79.160000
1779334292.635024,0,0.000000,0.000000,0.000000,0.000000,24.550000,0.100000,-0.330000,0.000000,48.000000,79.180000
1779334292.643025,0,0.000000,0.000000,0.000000,0.000000,24.550000,0.100000,-0.330000,0.000000,48.000000,79.190000
1779334292.644525,0,0.000000,0.000000,0.000000,0.000000,24.550000,0.100000,-0.330000,0.000000,48.000000,79.190000
1779334292.645025,0,0.000000,0.000000,0.000000,0.000000,24.550000,0.100000,-0.330000,0.000000,48.000000,79.200000
1779334292.646025,0,0.000000,0.000000,0.000000,0.000000,-199.220000,0.140000,-0.330000,0.000000,48.000000,79.230000
1779334292.647116,0,0.000000,0.000000,0.000000,0.000000,-199.220000,0.140000,-0.330000,0.000000,48.000000,79.230000
1779334292.672858,0,0.000000,0.000000,0.000000,0.000000,-199.220000,0.140000,-0.330000,0.000000,48.000000,79.250000
1779334292.674357,0,0.000000,0.000000,0.000000,0.000000,-199.220000,0.140000,-0.330000,0.000000,48.000000,79.260000
1779334292.680871,0,0.000000,0.000000,0.000000,0.000000,-199.220000,0.140000,-0.330000,0.000000,48.000000,79.260000
1779334292.703038,0,0.000000,0.000000,0.000000,0.000000,-3.610000,0.200000,-0.310000,0.000000,48.000000,79.270000
1779334292.705038,0,0.000000,0.000000,0.000000,0.000000,-3.610000,0.200000,-0.310000,0.000000,48.000000,79.290000
1779334292.726537,0,0.000000,0.000000,0.000000,0.000000,-3.610000,0.200000,-0.310000,0.000000,48.000000,79.300000
1779334292.727038,0,0.000000,0.000000,0.000000,0.000000,-3.610000,0.200000,-0.310000,0.000000,48.000000,79.300000
1779334292.732544,0,0.000000,0.000000,0.000000,0.000000,-3.610000,0.200000,-0.310000,0.000000,48.000000,79.310000
1779334292.762848,0,0.000000,0.000000,0.000000,0.000000,-23.850000,0.270000,-0.270000,0.000000,48.000000,79.330000
1779334292.763848,0,0.000000,0.000000,0.000000,0.000000,-23.850000,0.270000,-0.270000,0.000000,48.000000,79.340000
1779334292.764848,0,0.000000,0.000000,0.000000,0.000000,-23.850000,0.270000,-0.270000,0.000000,48.000000,79.360000
1779334292.785852,0,0.000000,0.000000,0.000000,0.000000,-23.850000,0.270000,-0.270000,0.000000,48.000000,79.370000
1779334292.808038,0,0.000000,0.000000,0.000000,0.000000,-23.850000,0.270000,-0.270000,0.000000,48.000000,79.370000
1779334292.809538,0,0.000000,0.000000,0.000000,0.000000,-44.160000,0.340000,-0.210000,0.000000,48.000000,79.380000
1779334292.811037,0,0.000000,0.000000,0.000000,0.000000,-44.160000,0.340000,-0.210000,0.000000,48.000000,79.400000
1779334292.860538,0,0.000000,0.000000,0.000000,0.000000,-44.160000,0.340000,-0.210000,0.000000,48.000000,79.410000
1779334292.861537,0,0.000000,0.000000,0.000000,0.000000,-44.160000,0.340000,-0.210000,0.000000,48.000000,79.410000
1779334292.863037,0,0.000000,0.000000,0.000000,0.000000,184.690000,0.400000,-0.150000,0.000000,48.000000,79.440000
1779334292.863538,0,0.000000,0.000000,0.000000,0.000000,184.690000,0.400000,-0.150000,0.000000,48.000000,79.440000
1779334292.864536,0,0.000000,0.000000,0.000000,0.000000,184.690000,0.400000,-0.150000,0.000000,48.000000,79.450000
1779334292.897548,0,0.000000,0.000000,0.000000,0.000000,184.690000,0.400000,-0.150000,0.000000,48.000000,79.470000
1779334292.899050,0,0.000000,0.000000,0.000000,0.000000,184.690000,0.400000,-0.150000,0.000000,48.000000,79.480000
1779334292.899549,0,0.000000,0.000000,0.000000,0.000000,96.380000,0.440000,-0.070000,0.000000,48.000000,79.480000
1779334292.913398,0,0.000000,0.000000,0.000000,0.000000,96.380000,0.440000,-0.070000,0.000000,48.000000,79.500000
1779334292.951409,0,0.000000,0.000000,0.000000,0.000000,96.380000,0.440000,-0.070000,0.000000,48.000000,79.510000
1779334292.965409,0,0.000000,0.000000,0.000000,0.000000,96.380000,0.440000,-0.070000,0.000000,48.000000,79.510000
1779334292.966409,0,0.000000,0.000000,0.000000,0.000000,96.380000,0.440000,-0.070000,0.000000,48.000000,79.520000
1779334292.967409,0,0.000000,0.000000,0.000000,0.000000,-60.180000,0.490000,0.000000,0.000000,48.000000,79.550000
1779334292.968409,0,0.000000,0.000000,0.000000,0.000000,-60.180000,0.490000,0.000000,0.000000,48.000000,79.550000
1779334292.987909,0,0.000000,0.000000,0.000000,0.000000,-60.180000,0.490000,0.000000,0.000000,48.000000,79.560000
1779334292.989422,0,0.000000,0.000000,0.000000,0.000000,-60.180000,0.490000,0.000000,0.000000,48.000000,79.580000
1779334293.003914,0,0.000000,0.000000,0.000000,0.000000,-60.180000,0.490000,0.000000,0.000000,48.000000,79.580000
1779334293.010414,0,0.000000,0.000000,0.000000,0.000000,-60.180000,0.490000,0.000000,0.000000,48.000000,79.590000
1779334293.034027,0,0.000000,0.000000,0.000000,0.000000,-60.180000,0.490000,0.000000,0.000000,48.000000,79.610000
1779334293.034528,0,0.000000,0.000000,0.000000,0.000000,-60.180000,0.490000,0.000000,0.000000,48.000000,79.620000
1779334293.047537,0,0.000000,0.000000,0.000000,0.000000,-60.180000,0.490000,0.000000,0.000000,48.000000,79.620000
1779334293.055539,0,0.000000,0.000000,0.000000,0.000000,-1.090000,0.510000,0.050000,0.000000,51.000000,79.650000
1779334293.063220,0,0.000000,0.000000,0.000000,0.000000,-1.090000,0.510000,0.050000,0.000000,51.000000,79.660000
1779334293.070221,0,0.000000,0.000000,0.000000,0.000000,-1.090000,0.510000,0.050000,0.000000,51.000000,79.660000
1779334293.100220,0,0.000000,0.000000,0.000000,0.000000,-1.090000,0.510000,0.050000,0.000000,51.000000,79.680000
1779334293.101720,0,0.000000,0.000000,0.000000,0.000000,-1.090000,0.510000,0.050000,0.000000,51.000000,79.690000
1779334293.102220,0,0.000000,0.000000,0.000000,0.000000,-287.050000,0.550000,0.110000,0.000000,48.000000,79.690000
1779334293.152548,0,0.000000,0.000000,0.000000,0.000000,-287.050000,0.550000,0.110000,0.000000,48.000000,79.700000
1779334293.154049,0,0.000000,0.000000,0.000000,0.000000,-287.050000,0.550000,0.110000,0.000000,48.000000,79.720000
1779334293.154549,0,0.000000,0.000000,0.000000,0.000000,-287.050000,0.550000,0.110000,0.000000,48.000000,79.730000
1779334293.155548,0,0.000000,0.000000,0.000000,0.000000,-287.050000,0.550000,0.110000,0.000000,48.000000,79.730000
1779334293.167548,0,0.000000,0.000000,0.000000,0.000000,147.160000,0.570000,0.170000,0.000000,48.000000,79.750000
1779334293.168548,0,0.000000,0.000000,0.000000,0.000000,147.160000,0.570000,0.170000,0.000000,48.000000,79.760000
1779334293.198614,0,0.000000,0.000000,0.000000,0.000000,147.160000,0.570000,0.170000,0.000000,48.000000,79.760000
1779334293.199615,0,0.000000,0.000000,0.000000,0.000000,147.160000,0.570000,0.170000,0.000000,48.000000,79.770000
1779334293.200114,0,0.000000,0.000000,0.000000,0.000000,147.160000,0.570000,0.170000,0.000000,48.000000,79.790000
1779334293.236115,0,0.000000,0.000000,0.000000,0.000000,77.690000,0.580000,0.230000,0.000000,48.000000,79.800000
1779334293.237616,0,0.000000,0.000000,0.000000,0.000000,77.690000,0.580000,0.230000,0.000000,48.000000,79.800000
1779334293.242615,0,0.000000,0.000000,0.000000,0.000000,77.690000,0.580000,0.230000,0.000000,48.000000,79.810000
1779334293.243615,0,0.000000,0.000000,0.000000,0.000000,77.690000,0.580000,0.230000,0.000000,48.000000,79.830000
1779334293.250614,0,0.000000,0.000000,0.000000,0.000000,77.690000,0.580000,0.230000,0.000000,48.000000,79.830000
1779334293.273124,0,0.000000,0.000000,0.000000,0.000000,-7.920000,0.600000,0.280000,0.000000,48.000000,79.840000
1779334293.274123,0,0.000000,0.000000,0.000000,0.000000,-7.920000,0.600000,0.280000,0.000000,48.000000,79.860000
1779334293.288623,0,0.000000,0.000000,0.000000,0.000000,-7.920000,0.600000,0.280000,0.000000,48.000000,79.870000
1779334293.295623,0,0.000000,0.000000,0.000000,0.000000,-7.920000,0.600000,0.280000,0.000000,48.000000,79.870000
1779334293.318622,0,0.000000,0.000000,0.000000,0.000000,-7.920000,0.600000,0.280000,0.000000,48.000000,79.880000
1779334293.319623,0,0.000000,0.000000,0.000000,0.000000,-194.000000,0.600000,0.300000,0.000000,48.000000,79.910000
1779334293.320623,0,0.000000,0.000000,0.000000,0.000000,-194.000000,0.600000,0.300000,0.000000,48.000000,79.910000
1779334293.333525,0,0.000000,0.000000,0.000000,0.000000,-194.000000,0.600000,0.300000,0.000000,48.000000,79.930000
1779334293.340025,0,0.000000,0.000000,0.000000,0.000000,-194.000000,0.600000,0.300000,0.000000,48.000000,79.940000
1779334293.392964,0,0.000000,0.000000,0.000000,0.000000,-194.000000,0.600000,0.300000,0.000000,48.000000,79.940000
1779334293.393964,0,0.000000,0.000000,0.000000,0.000000,184.940000,0.570000,0.280000,0.000000,48.000000,79.950000
1779334293.394964,0,0.000000,0.000000,0.000000,0.000000,184.940000,0.570000,0.280000,0.000000,48.000000,79.970000
1779334293.395464,0,0.000000,0.000000,0.000000,0.000000,184.940000,0.570000,0.280000,0.000000,48.000000,79.980000
1779334293.422464,0,0.000000,0.000000,0.000000,0.000000,184.940000,0.570000,0.280000,0.000000,48.000000,79.980000
1779334293.423965,0,0.000000,0.000000,0.000000,0.000000,184.940000,0.570000,0.280000,0.000000,48.000000,80.000000
1779334293.424466,0,0.000000,0.000000,0.000000,0.000000,-194.360000,0.560000,0.250000,0.000000,48.000000,80.010000
1779334293.429964,0,0.000000,0.000000,0.000000,0.000000,-194.360000,0.560000,0.250000,0.000000,48.000000,80.010000
1779334293.437464,0,0.000000,0.000000,0.000000,0.000000,-194.360000,0.560000,0.250000,0.000000,48.000000,80.020000
1779334293.445464,0,0.000000,0.000000,0.000000,0.000000,-194.360000,0.560000,0.250000,0.000000,48.000000,80.040000
1779334293.460964,0,0.000000,0.000000,0.000000,0.000000,-194.360000,0.560000,0.250000,0.000000,48.000000,80.050000
1779334293.475970,0,0.000000,0.000000,0.000000,0.000000,36.220000,0.520000,0.230000,0.000000,48.000000,80.050000
1779334293.513472,0,0.000000,0.000000,0.000000,0.000000,36.220000,0.520000,0.230000,0.000000,48.000000,80.060000
1779334293.514970,0,0.000000,0.000000,0.000000,0.000000,36.220000,0.520000,0.230000,0.000000,48.000000,80.080000
1779334293.516470,0,0.000000,0.000000,0.000000,0.000000,36.220000,0.520000,0.230000,0.000000,48.000000,80.080000
1779334293.517470,0,0.000000,0.000000,0.000000,0.000000,36.220000,0.520000,0.230000,0.000000,48.000000,80.090000
1779334293.527971,0,0.000000,0.000000,0.000000,0.000000,-230.530000,0.500000,0.200000,0.000000,48.000000,80.120000
1779334293.535970,0,0.000000,0.000000,0.000000,0.000000,-230.530000,0.500000,0.200000,0.000000,48.000000,80.120000
1779334293.557971,0,0.000000,0.000000,0.000000,0.000000,-230.530000,0.500000,0.200000,0.000000,48.000000,80.130000
1779334293.558971,0,0.000000,0.000000,0.000000,0.000000,-230.530000,0.500000,0.200000,0.000000,48.000000,80.150000
1779334293.572970,0,0.000000,0.000000,0.000000,0.000000,-230.530000,0.500000,0.200000,0.000000,48.000000,80.160000
1779334293.580470,0,0.000000,0.000000,0.000000,0.000000,-2.580000,0.460000,0.180000,0.000000,48.000000,80.160000
1779334293.595971,0,0.000000,0.000000,0.000000,0.000000,-2.580000,0.460000,0.180000,0.000000,48.000000,80.180000
1779334293.603471,0,0.000000,0.000000,0.000000,0.000000,-2.580000,0.460000,0.180000,0.000000,48.000000,80.190000
1779334293.610470,0,0.000000,0.000000,0.000000,0.000000,-2.580000,0.460000,0.180000,0.000000,48.000000,80.190000
1779334293.640471,0,0.000000,0.000000,0.000000,0.000000,-104.230000,0.430000,0.150000,0.000000,48.000000,80.220000
1779334293.641470,0,0.000000,0.000000,0.000000,0.000000,-104.230000,0.430000,0.150000,0.000000,48.000000,80.230000
1779334293.642471,0,0.000000,0.000000,0.000000,0.000000,-104.230000,0.430000,0.150000,0.000000,48.000000,80.230000
1779334293.655470,0,0.000000,0.000000,0.000000,0.000000,-104.230000,0.430000,0.150000,0.000000,48.000000,80.250000
1779334293.662971,0,0.000000,0.000000,0.000000,0.000000,-104.230000,0.430000,0.150000,0.000000,48.000000,80.250000
1779334293.686471,0,0.000000,0.000000,0.000000,0.000000,-104.230000,0.430000,0.150000,0.000000,48.000000,80.260000
1779334293.688471,0,0.000000,0.000000,0.000000,0.000000,47.180000,0.370000,0.120000,0.000000,48.000000,80.270000
1779334293.707970,0,0.000000,0.000000,0.000000,0.000000,47.180000,0.370000,0.120000,0.000000,48.000000,80.290000
1779334293.708970,0,0.000000,0.000000,0.000000,0.000000,47.180000,0.370000,0.120000,0.000000,48.000000,80.300000
1779334293.714977,0,0.000000,0.000000,0.000000,0.000000,47.180000,0.370000,0.120000,0.000000,48.000000,80.300000
1779334293.746025,0,0.000000,0.000000,0.000000,0.000000,0.000000,0.000000,0.000000,0.000000,62.000000,80.310000
1779334293.747525,0,0.000000,0.000000,0.000000,0.000000,0.000000,0.000000,0.000000,0.000000,62.000000,80.330000
1779334293.748527,0,0.000000,0.000000,0.000000,0.000000,0.000000,0.000000,0.000000,0.000000,62.000000,80.330000
1779334293.761025,0,0.000000,0.000000,0.000000,0.000000,0.000000,0.000000,0.000000,0.000000,62.000000,80.340000
1779334293.775632,0,0.000000,0.000000,0.000000,0.000000,0.000000,0.000000,0.000000,0.000000,62.000000,80.360000
1779334293.782632,0,0.000000,0.000000,0.000000,0.000000,0.000000,0.000000,0.000000,0.000000,62.000000,80.370000
1779334293.797638,0,0.000000,0.000000,0.000000,0.000000,0.000000,0.000000,0.000000,0.000000,62.000000,80.370000
1779334293.828907,0,0.000000,0.000000,0.000000,0.000000,0.000000,0.000000,0.000000,0.000000,62.000000,80.380000
1779334293.829407,0,0.000000,0.000000,0.000000,0.000000,0.000000,0.000000,0.000000,0.000000,62.000000,80.400000
1779334293.830906,0,0.000000,0.000000,0.000000,0.000000,0.000000,0.000000,0.000000,0.000000,62.000000,80.410000
1779334293.831406,0,0.000000,0.000000,0.000000,0.000000,0.000000,0.000000,0.000000,0.000000,62.000000,80.430000
1779334293.842906,0,0.000000,0.000000,0.000000,0.000000,0.000000,0.000000,0.000000,0.000000,62.000000,80.440000
1779334293.865408,0,0.000000,0.000000,0.000000,0.000000,0.000000,0.000000,0.000000,0.000000,62.000000,80.440000
1779334293.866407,0,0.000000,0.000000,0.000000,0.000000,0.000000,0.000000,0.000000,0.000000,62.000000,80.450000
1779334293.902910,0,0.000000,0.000000,0.000000,0.000000,0.000000,0.000000,0.000000,0.000000,62.000000,80.470000
1779334293.903409,0,0.000000,0.000000,0.000000,0.000000,0.000000,0.000000,0.000000,0.000000,62.000000,80.480000
1779334293.904409,0,0.000000,0.000000,0.000000,0.000000,0.000000,0.000000,0.000000,0.000000,62.000000,80.480000
1779334293.910450,0,0.000000,0.000000,0.000000,0.000000,0.000000,0.000000,0.000000,0.000000,62.000000,80.500000
1779334293.948174,0,0.000000,0.000000,0.000000,0.000000,0.000000,0.000000,0.000000,0.000000,62.000000,80.510000
1779334293.950174,0,0.000000,0.000000,0.000000,0.000000,0.000000,0.000000,0.000000,0.000000,62.000000,80.510000
1779334293.950674,0,0.000000,0.000000,0.000000,0.000000,0.000000,0.000000,0.000000,0.000000,62.000000,80.540000
1779334293.955173,0,0.000000,0.000000,0.000000,0.000000,0.000000,0.000000,0.000000,0.000000,62.000000,80.550000
1779334293.971173,0,0.000000,0.000000,0.000000,0.000000,0.000000,0.000000,0.000000,0.000000,62.000000,80.550000
1779334293.978174,0,0.000000,0.000000,0.000000,0.000000,0.000000,0.000000,0.000000,0.000000,62.000000,80.560000
1779334293.993596,0,0.000000,0.000000,0.000000,0.000000,0.000000,0.000000,0.000000,0.000000,62.000000,80.580000
1779334294.000220,0,0.000000,0.000000,0.000000,0.000000,0.000000,0.000000,0.000000,0.000000,62.000000,80.580000
1779334294.007700,0,0.000000,0.000000,0.000000,0.000000,0.000000,0.000000,0.000000,0.000000,62.000000,80.590000
1779334294.023699,0,0.000000,0.000000,0.000000,0.000000,0.000000,0.000000,0.000000,0.000000,62.000000,80.610000
1779334294.030199,0,0.000000,0.000000,0.000000,0.000000,0.000000,0.000000,0.000000,0.000000,62.000000,80.620000
1779334294.045214,0,0.000000,0.000000,0.000000,0.000000,0.000000,0.000000,0.000000,0.000000,62.000000,80.620000
1779334294.053215,0,0.000000,0.000000,0.000000,0.000000,0.000000,0.000000,0.000000,0.000000,62.000000,80.630000
1779334294.060214,0,0.000000,0.000000,0.000000,0.000000,0.000000,0.000000,0.000000,0.000000,62.000000,80.650000
1779334294.075713,0,0.000000,0.000000,0.000000,0.000000,0.000000,0.000000,0.000000,0.000000,62.000000,80.660000
1779334294.083214,0,0.000000,0.000000,0.000000,0.000000,0.000000,0.000000,0.000000,0.000000,62.000000,80.660000
1779334294.105214,0,0.000000,0.000000,0.000000,0.000000,172.920000,0.100000,-0.280000,0.000000,48.000000,80.690000
1779334294.106214,0,0.000000,0.000000,0.000000,0.000000,172.920000,0.100000,-0.280000,0.000000,48.000000,80.690000
1779334294.142714,0,0.000000,0.000000,0.000000,0.000000,172.920000,0.100000,-0.280000,0.000000,48.000000,80.700000
1779334294.143715,0,0.000000,0.000000,0.000000,0.000000,172.920000,0.100000,-0.280000,0.000000,48.000000,80.720000
1779334294.149715,0,0.000000,0.000000,0.000000,0.000000,172.920000,0.100000,-0.280000,0.000000,48.000000,80.730000
1779334294.166214,0,0.000000,0.000000,0.000000,0.000000,-46.090000,0.100000,-0.310000,0.000000,48.000000,80.730000
1779334294.166715,0,0.000000,0.000000,0.000000,0.000000,-46.090000,0.100000,-0.310000,0.000000,48.000000,80.750000
1779334294.167715,0,0.000000,0.000000,0.000000,0.000000,-46.090000,0.100000,-0.310000,0.000000,48.000000,80.760000
1779334294.196215,0,0.000000,0.000000,0.000000,0.000000,-46.090000,0.100000,-0.310000,0.000000,48.000000,80.760000
1779334294.197214,0,0.000000,0.000000,0.000000,0.000000,-46.090000,0.100000,-0.310000,0.000000,48.000000,80.770000
1779334294.197714,0,0.000000,0.000000,0.000000,0.000000,-103.160000,0.110000,-0.310000,0.000000,48.000000,80.790000
1779334294.210714,0,0.000000,0.000000,0.000000,0.000000,-103.160000,0.110000,-0.310000,0.000000,48.000000,80.800000
1779334294.232813,0,0.000000,0.000000,0.000000,0.000000,-103.160000,0.110000,-0.310000,0.000000,48.000000,80.800000
1779334294.263312,0,0.000000,0.000000,0.000000,0.000000,-103.160000,0.110000,-0.310000,0.000000,48.000000,80.810000
1779334294.264313,0,0.000000,0.000000,0.000000,0.000000,-103.160000,0.110000,-0.310000,0.000000,48.000000,80.830000
1779334294.265312,0,0.000000,0.000000,0.000000,0.000000,239.330000,0.110000,-0.330000,0.000000,48.000000,80.840000
1779334294.269602,0,0.000000,0.000000,0.000000,0.000000,239.330000,0.110000,-0.330000,0.000000,48.000000,80.860000
1779334294.271138,0,0.000000,0.000000,0.000000,0.000000,239.330000,0.110000,-0.330000,0.000000,48.000000,80.870000
1779334294.285607,0,0.000000,0.000000,0.000000,0.000000,239.330000,0.110000,-0.330000,0.000000,48.000000,80.870000
1779334294.301107,0,0.000000,0.000000,0.000000,0.000000,239.330000,0.110000,-0.330000,0.000000,48.000000,80.870000
1779334294.315135,0,0.000000,0.000000,0.000000,0.000000,-151.860000,0.120000,-0.340000,0.000000,48.000000,80.900000
1779334294.316135,0,0.000000,0.000000,0.000000,0.000000,-151.860000,0.120000,-0.340000,0.000000,48.000000,80.910000
1779334294.360234,0,0.000000,0.000000,0.000000,0.000000,-151.860000,0.120000,-0.340000,0.000000,48.000000,80.910000
1779334294.361234,0,0.000000,0.000000,0.000000,0.000000,-151.860000,0.120000,-0.340000,0.000000,48.000000,80.930000
1779334294.362234,0,0.000000,0.000000,0.000000,0.000000,-151.860000,0.120000,-0.340000,0.000000,48.000000,80.940000
1779334294.362734,0,0.000000,0.000000,0.000000,0.000000,91.270000,0.140000,-0.340000,0.000000,48.000000,80.940000
1779334294.367734,0,0.000000,0.000000,0.000000,0.000000,91.270000,0.140000,-0.340000,0.000000,48.000000,80.950000
1779334294.375241,0,0.000000,0.000000,0.000000,0.000000,91.270000,0.140000,-0.340000,0.000000,48.000000,80.970000
1779334294.390740,0,0.000000,0.000000,0.000000,0.000000,91.270000,0.140000,-0.340000,0.000000,48.000000,80.980000
1779334294.398740,0,0.000000,0.000000,0.000000,0.000000,91.270000,0.140000,-0.340000,0.000000,48.000000,80.980000
1779334294.435740,0,0.000000,0.000000,0.000000,0.000000,100.230000,0.150000,-0.340000,0.000000,48.000000,81.000000
1779334294.436741,0,0.000000,0.000000,0.000000,0.000000,100.230000,0.150000,-0.340000,0.000000,48.000000,81.010000
1779334294.437241,0,0.000000,0.000000,0.000000,0.000000,100.230000,0.150000,-0.340000,0.000000,48.000000,81.010000
1779334294.473241,0,0.000000,0.000000,0.000000,0.000000,100.230000,0.150000,-0.340000,0.000000,48.000000,81.020000
1779334294.474741,0,0.000000,0.000000,0.000000,0.000000,100.230000,0.150000,-0.340000,0.000000,48.000000,81.040000
1779334294.475241,0,0.000000,0.000000,0.000000,0.000000,100.230000,0.150000,-0.340000,0.000000,48.000000,81.050000
1779334294.480241,0,0.000000,0.000000,0.000000,0.000000,100.230000,0.150000,-0.340000,0.000000,48.000000,81.060000
1779334294.495240,0,0.000000,0.000000,0.000000,0.000000,100.230000,0.150000,-0.340000,0.000000,48.000000,81.080000
1779334294.503740,0,0.000000,0.000000,0.000000,0.000000,100.230000,0.150000,-0.340000,0.000000,48.000000,81.080000
1779334294.510741,0,0.000000,0.000000,0.000000,0.000000,-53.560000,0.180000,-0.340000,0.000000,51.000000,81.090000
1779334294.518240,0,0.000000,0.000000,0.000000,0.000000,-53.560000,0.180000,-0.340000,0.000000,51.000000,81.110000
1779334294.540240,0,0.000000,0.000000,0.000000,0.000000,-53.560000,0.180000,-0.340000,0.000000,51.000000,81.120000
1779334294.541241,0,0.000000,0.000000,0.000000,0.000000,-53.560000,0.180000,-0.340000,0.000000,51.000000,81.120000
1779334294.555241,0,0.000000,0.000000,0.000000,0.000000,-53.560000,0.180000,-0.340000,0.000000,51.000000,81.130000
1779334294.562741,0,0.000000,0.000000,0.000000,0.000000,-271.470000,0.200000,-0.340000,0.000000,48.000000,81.160000
1779334294.593571,0,0.000000,0.000000,0.000000,0.000000,-271.470000,0.200000,-0.340000,0.000000,48.000000,81.160000
1779334294.594576,0,0.000000,0.000000,0.000000,0.000000,-271.470000,0.200000,-0.340000,0.000000,48.000000,81.180000
1779334294.630570,0,0.000000,0.000000,0.000000,0.000000,-271.470000,0.200000,-0.340000,0.000000,48.000000,81.190000
1779334294.637599,0,0.000000,0.000000,0.000000,0.000000,-271.470000,0.200000,-0.340000,0.000000,48.000000,81.190000
1779334294.638099,0,0.000000,0.000000,0.000000,0.000000,119.910000,0.180000,-0.360000,0.000000,48.000000,81.200000
1779334294.644598,0,0.000000,0.000000,0.000000,0.000000,119.910000,0.180000,-0.360000,0.000000,48.000000,81.220000
1779334294.645598,0,0.000000,0.000000,0.000000,0.000000,119.910000,0.180000,-0.360000,0.000000,48.000000,81.230000
1779334294.667025,0,0.000000,0.000000,0.000000,0.000000,119.910000,0.180000,-0.360000,0.000000,48.000000,81.230000
1779334294.668525,0,0.000000,0.000000,0.000000,0.000000,-206.920000,0.170000,-0.370000,0.000000,48.000000,81.260000
1779334294.676026,0,0.000000,0.000000,0.000000,0.000000,-206.920000,0.170000,-0.370000,0.000000,48.000000,81.260000
1779334294.690548,0,0.000000,0.000000,0.000000,0.000000,-206.920000,0.170000,-0.370000,0.000000,48.000000,81.270000
1779334294.705050,0,0.000000,0.000000,0.000000,0.000000,-206.920000,0.170000,-0.370000,0.000000,48.000000,81.290000
1779334294.765055,0,0.000000,0.000000,0.000000,0.000000,-206.920000,0.170000,-0.370000,0.000000,48.000000,81.300000
1779334294.772553,0,0.000000,0.000000,0.000000,0.000000,-248.500000,0.150000,-0.370000,0.000000,48.000000,81.300000
1779334294.779554,0,0.000000,0.000000,0.000000,0.000000,-248.500000,0.150000,-0.370000,0.000000,48.000000,81.310000
1779334294.780555,0,0.000000,0.000000,0.000000,0.000000,-248.500000,0.150000,-0.370000,0.000000,48.000000,81.330000
1779334294.782054,0,0.000000,0.000000,0.000000,0.000000,-248.500000,0.150000,-0.370000,0.000000,48.000000,81.340000
1779334294.783556,0,0.000000,0.000000,0.000000,0.000000,3.860000,0.150000,-0.370000,0.000000,48.000000,81.370000
1779334294.802394,0,0.000000,0.000000,0.000000,0.000000,3.860000,0.150000,-0.370000,0.000000,48.000000,81.370000
1779334294.803894,0,0.000000,0.000000,0.000000,0.000000,3.860000,0.150000,-0.370000,0.000000,48.000000,81.380000
1779334294.824926,0,0.000000,0.000000,0.000000,0.000000,3.860000,0.150000,-0.370000,0.000000,48.000000,81.400000
1779334294.825927,0,0.000000,0.000000,0.000000,0.000000,103.260000,0.150000,-0.370000,0.000000,48.000000,81.410000
1779334294.840428,0,0.000000,0.000000,0.000000,0.000000,103.260000,0.150000,-0.370000,0.000000,48.000000,81.430000
1779334294.841427,0,0.000000,0.000000,0.000000,0.000000,103.260000,0.150000,-0.370000,0.000000,48.000000,81.440000
1779334294.855427,0,0.000000,0.000000,0.000000,0.000000,103.260000,0.150000,-0.370000,0.000000,48.000000,81.440000
1779334294.862891,0,0.000000,0.000000,0.000000,0.000000,103.260000,0.150000,-0.370000,0.000000,48.000000,81.450000
1779334294.870390,0,0.000000,0.000000,0.000000,0.000000,-231.030000,0.150000,-0.370000,0.000000,48.000000,81.470000
1779334294.885391,0,0.000000,0.000000,0.000000,0.000000,-231.030000,0.150000,-0.370000,0.000000,48.000000,81.480000
1779334294.893390,0,0.000000,0.000000,0.000000,0.000000,-231.030000,0.150000,-0.370000,0.000000,48.000000,81.480000
1779334294.923390,0,0.000000,0.000000,0.000000,0.000000,-231.030000,0.150000,-0.370000,0.000000,48.000000,81.500000
1779334294.929891,0,0.000000,0.000000,0.000000,0.000000,-231.030000,0.150000,-0.370000,0.000000,48.000000,81.500000
1779334294.930889,0,0.000000,0.000000,0.000000,0.000000,14.940000,0.170000,-0.380000,0.000000,48.000000,81.510000
1779334294.944889,0,0.000000,0.000000,0.000000,0.000000,14.940000,0.170000,-0.380000,0.000000,48.000000,81.520000
1779334294.945891,0,0.000000,0.000000,0.000000,0.000000,14.940000,0.170000,-0.380000,0.000000,48.000000,81.540000
1779334294.975599,0,0.000000,0.000000,0.000000,0.000000,14.940000,0.170000,-0.380000,0.000000,48.000000,81.550000
1779334294.977099,0,0.000000,0.000000,0.000000,0.000000,14.940000,0.170000,-0.380000,0.000000,48.000000,81.550000
1779334294.983150,0,0.000000,0.000000,0.000000,0.000000,-92.810000,0.200000,-0.400000,0.000000,48.000000,81.560000
1779334294.998150,0,0.000000,0.000000,0.000000,0.000000,-92.810000,0.200000,-0.400000,0.000000,48.000000,81.580000
1779334295.005650,0,0.000000,0.000000,0.000000,0.000000,-92.810000,0.200000,-0.400000,0.000000,48.000000,81.580000
1779334295.043663,0,0.000000,0.000000,0.000000,0.000000,-92.810000,0.200000,-0.400000,0.000000,48.000000,81.590000
1779334295.045662,0,0.000000,0.000000,0.000000,0.000000,305.450000,0.270000,-0.340000,0.000000,48.000000,81.620000
1779334295.046163,0,0.000000,0.000000,0.000000,0.000000,305.450000,0.270000,-0.340000,0.000000,48.000000,81.620000
1779334295.047162,0,0.000000,0.000000,0.000000,0.000000,305.450000,0.270000,-0.340000,0.000000,48.000000,81.630000
1779334295.058161,0,0.000000,0.000000,0.000000,0.000000,305.450000,0.270000,-0.340000,0.000000,48.000000,81.650000
1779334295.073672,0,0.000000,0.000000,0.000000,0.000000,305.450000,0.270000,-0.340000,0.000000,48.000000,81.660000
1779334295.080171,0,0.000000,0.000000,0.000000,0.000000,-96.580000,0.310000,-0.250000,0.000000,48.000000,81.660000
1779334295.104174,0,0.000000,0.000000,0.000000,0.000000,-96.580000,0.310000,-0.250000,0.000000,48.000000,81.680000
1779334295.105672,0,0.000000,0.000000,0.000000,0.000000,-96.580000,0.310000,-0.250000,0.000000,48.000000,81.690000
1779334295.118172,0,0.000000,0.000000,0.000000,0.000000,-96.580000,0.310000,-0.250000,0.000000,48.000000,81.690000
1779334295.162771,0,0.000000,0.000000,0.000000,0.000000,-96.580000,0.310000,-0.250000,0.000000,48.000000,81.700000
1779334295.177272,0,0.000000,0.000000,0.000000,0.000000,-69.080000,0.380000,-0.150000,0.000000,48.000000,81.730000
1779334295.178772,0,0.000000,0.000000,0.000000,0.000000,-69.080000,0.380000,-0.150000,0.000000,48.000000,81.730000
1779334295.179772,0,0.000000,0.000000,0.000000,0.000000,-69.080000,0.380000,-0.150000,0.000000,48.000000,81.750000
1779334295.180772,0,0.000000,0.000000,0.000000,0.000000,-69.080000,0.380000,-0.150000,0.000000,48.000000,81.760000
1779334295.193484,0,0.000000,0.000000,0.000000,0.000000,195.520000,0.460000,-0.050000,0.000000,48.000000,81.770000
1779334295.208115,0,0.000000,0.000000,0.000000,0.000000,195.520000,0.460000,-0.050000,0.000000,48.000000,81.790000
1779334295.215115,0,0.000000,0.000000,0.000000,0.000000,195.520000,0.460000,-0.050000,0.000000,48.000000,81.800000
1779334295.238115,0,0.000000,0.000000,0.000000,0.000000,195.520000,0.460000,-0.050000,0.000000,48.000000,81.800000
1779334295.260615,0,0.000000,0.000000,0.000000,0.000000,195.520000,0.460000,-0.050000,0.000000,48.000000,81.810000
1779334295.262616,0,0.000000,0.000000,0.000000,0.000000,-240.750000,0.510000,0.000000,0.000000,48.000000,81.830000
1779334295.263115,0,0.000000,0.000000,0.000000,0.000000,-240.750000,0.510000,0.000000,0.000000,48.000000,81.840000
1779334295.267615,0,0.000000,0.000000,0.000000,0.000000,-240.750000,0.510000,0.000000,0.000000,48.000000,81.860000
1779334295.275615,0,0.000000,0.000000,0.000000,0.000000,-240.750000,0.510000,0.000000,0.000000,48.000000,81.870000
1779334295.305036,0,0.000000,0.000000,0.000000,0.000000,-316.690000,0.560000,0.050000,0.000000,48.000000,81.870000
1779334295.319535,0,0.000000,0.000000,0.000000,0.000000,-316.690000,0.560000,0.050000,0.000000,48.000000,81.880000
1779334295.321036,0,0.000000,0.000000,0.000000,0.000000,-316.690000,0.560000,0.050000,0.000000,48.000000,81.900000
1779334295.322035,0,0.000000,0.000000,0.000000,0.000000,-316.690000,0.560000,0.050000,0.000000,48.000000,81.910000
1779334295.335536,0,0.000000,0.000000,0.000000,0.000000,-316.690000,0.560000,0.050000,0.000000,48.000000,81.910000
1779334295.350535,0,0.000000,0.000000,0.000000,0.000000,226.050000,0.600000,0.090000,0.000000,48.000000,81.930000
1779334295.351537,0,0.000000,0.000000,0.000000,0.000000,226.050000,0.600000,0.090000,0.000000,48.000000,81.940000
1779334295.380632,0,0.000000,0.000000,0.000000,0.000000,226.050000,0.600000,0.090000,0.000000,48.000000,81.940000
1779334295.381632,0,0.000000,0.000000,0.000000,0.000000,226.050000,0.600000,0.090000,0.000000,48.000000,81.950000
1779334295.403133,0,0.000000,0.000000,0.000000,0.000000,226.050000,0.600000,0.090000,0.000000,48.000000,81.970000
1779334295.404132,0,0.000000,0.000000,0.000000,0.000000,262.850000,0.620000,0.100000,0.000000,48.000000,81.980000
1779334295.405132,0,0.000000,0.000000,0.000000,0.000000,262.850000,0.620000,0.100000,0.000000,48.000000,82.000000
1779334295.424557,0,0.000000,0.000000,0.000000,0.000000,262.850000,0.620000,0.100000,0.000000,48.000000,82.010000
1779334295.425558,0,0.000000,0.000000,0.000000,0.000000,262.850000,0.620000,0.100000,0.000000,48.000000,82.010000
1779334295.441059,0,0.000000,0.000000,0.000000,0.000000,262.850000,0.620000,0.100000,0.000000,48.000000,82.020000
1779334295.455562,0,0.000000,0.000000,0.000000,0.000000,290.020000,0.630000,0.120000,0.000000,48.000000,82.040000
1779334295.462562,0,0.000000,0.000000,0.000000,0.000000,290.020000,0.630000,0.120000,0.000000,48.000000,82.050000
1779334295.478072,0,0.000000,0.000000,0.000000,0.000000,290.020000,0.630000,0.120000,0.000000,48.000000,82.050000
1779334295.485073,0,0.000000,0.000000,0.000000,0.000000,290.020000,0.630000,0.120000,0.000000,48.000000,82.060000
1779334295.500573,0,0.000000,0.000000,0.000000,0.000000,290.020000,0.630000,0.120000,0.000000,48.000000,82.080000
1779334295.515072,0,0.000000,0.000000,0.000000,0.000000,-315.360000,0.660000,0.140000,0.000000,48.000000,82.090000
1779334295.522634,0,0.000000,0.000000,0.000000,0.000000,-315.360000,0.660000,0.140000,0.000000,48.000000,82.110000
1779334295.545850,0,0.000000,0.000000,0.000000,0.000000,-315.360000,0.660000,0.140000,0.000000,48.000000,82.120000
1779334295.546850,0,0.000000,0.000000,0.000000,0.000000,-315.360000,0.660000,0.140000,0.000000,48.000000,82.120000
1779334295.547851,0,0.000000,0.000000,0.000000,0.000000,78.550000,0.660000,0.150000,0.000000,48.000000,82.130000
1779334295.560850,0,0.000000,0.000000,0.000000,0.000000,78.550000,0.660000,0.150000,0.000000,48.000000,82.150000
1779334295.567860,0,0.000000,0.000000,0.000000,0.000000,78.550000,0.660000,0.150000,0.000000,48.000000,82.160000
1779334295.597865,0,0.000000,0.000000,0.000000,0.000000,78.550000,0.660000,0.150000,0.000000,48.000000,82.160000
1779334295.627365,0,0.000000,0.000000,0.000000,0.000000,78.550000,0.660000,0.150000,0.000000,48.000000,82.180000
1779334295.628865,0,0.000000,0.000000,0.000000,0.000000,-186.830000,0.670000,0.150000,0.000000,48.000000,82.190000
1779334295.629866,0,0.000000,0.000000,0.000000,0.000000,-186.830000,0.670000,0.150000,0.000000,48.000000,82.200000
1779334295.630366,0,0.000000,0.000000,0.000000,0.000000,-186.830000,0.670000,0.150000,0.000000,48.000000,82.220000
1779334295.631366,0,0.000000,0.000000,0.000000,0.000000,-186.830000,0.670000,0.150000,0.000000,48.000000,82.230000
1779334295.642865,0,0.000000,0.000000,0.000000,0.000000,-186.830000,0.670000,0.150000,0.000000,48.000000,82.230000
1779334295.657866,0,0.000000,0.000000,0.000000,0.000000,30.470000,0.680000,0.170000,0.000000,48.000000,82.250000
1779334295.665365,0,0.000000,0.000000,0.000000,0.000000,30.470000,0.680000,0.170000,0.000000,48.000000,82.260000
1779334295.672865,0,0.000000,0.000000,0.000000,0.000000,30.470000,0.680000,0.170000,0.000000,48.000000,82.260000
1779334295.702866,0,0.000000,0.000000,0.000000,0.000000,30.470000,0.680000,0.170000,0.000000,48.000000,82.270000
1779334295.703867,0,0.000000,0.000000,0.000000,0.000000,30.470000,0.680000,0.170000,0.000000,48.000000,82.290000
1779334295.710365,0,0.000000,0.000000,0.000000,0.000000,142.210000,0.680000,0.180000,0.000000,48.000000,82.300000
1779334295.717864,0,0.000000,0.000000,0.000000,0.000000,142.210000,0.680000,0.180000,0.000000,48.000000,82.300000
1779334295.732901,0,0.000000,0.000000,0.000000,0.000000,142.210000,0.680000,0.180000,0.000000,48.000000,82.310000
1779334295.740402,0,0.000000,0.000000,0.000000,0.000000,142.210000,0.680000,0.180000,0.000000,48.000000,82.330000
1779334295.770485,0,0.000000,0.000000,0.000000,0.000000,142.210000,0.680000,0.180000,0.000000,48.000000,82.330000
1779334295.771984,0,0.000000,0.000000,0.000000,0.000000,172.710000,0.680000,0.180000,0.000000,48.000000,82.340000
1779334295.772485,0,0.000000,0.000000,0.000000,0.000000,172.710000,0.680000,0.180000,0.000000,48.000000,82.360000
1779334295.792553,0,0.000000,0.000000,0.000000,0.000000,172.710000,0.680000,0.180000,0.000000,48.000000,82.370000
1779334295.800553,0,0.000000,0.000000,0.000000,0.000000,172.710000,0.680000,0.180000,0.000000,48.000000,82.370000
1779334295.853052,0,0.000000,0.000000,0.000000,0.000000,201.500000,0.680000,0.200000,0.000000,48.000000,82.400000
1779334295.854053,0,0.000000,0.000000,0.000000,0.000000,201.500000,0.680000,0.200000,0.000000,48.000000,82.410000
1779334295.854554,0,0.000000,0.000000,0.000000,0.000000,201.500000,0.680000,0.200000,0.000000,48.000000,82.410000
1779334295.855052,0,0.000000,0.000000,0.000000,0.000000,201.500000,0.680000,0.200000,0.000000,48.000000,82.430000
1779334295.868107,0,0.000000,0.000000,0.000000,0.000000,16.040000,0.680000,0.200000,0.000000,48.000000,82.450000
1779334295.883137,0,0.000000,0.000000,0.000000,0.000000,16.040000,0.680000,0.200000,0.000000,48.000000,82.470000
1779334295.889843,0,0.000000,0.000000,0.000000,0.000000,16.040000,0.680000,0.200000,0.000000,48.000000,82.480000
1779334295.897843,0,0.000000,0.000000,0.000000,0.000000,16.040000,0.680000,0.200000,0.000000,48.000000,82.480000
1779334295.913868,0,0.000000,0.000000,0.000000,0.000000,16.040000,0.680000,0.200000,0.000000,48.000000,82.500000
1779334295.920866,0,0.000000,0.000000,0.000000,0.000000,313.760000,0.680000,0.210000,0.000000,48.000000,82.510000
1779334295.950334,0,0.000000,0.000000,0.000000,0.000000,313.760000,0.680000,0.210000,0.000000,48.000000,82.510000
1779334295.951333,0,0.000000,0.000000,0.000000,0.000000,313.760000,0.680000,0.210000,0.000000,48.000000,82.520000
1779334295.964617,0,0.000000,0.000000,0.000000,0.000000,313.760000,0.680000,0.210000,0.000000,48.000000,82.540000
1779334295.966117,0,0.000000,0.000000,0.000000,0.000000,-239.750000,0.680000,0.230000,0.000000,48.000000,82.550000
1779334295.980115,0,0.000000,0.000000,0.000000,0.000000,-239.750000,0.680000,0.230000,0.000000,48.000000,82.560000
1779334295.995116,0,0.000000,0.000000,0.000000,0.000000,-239.750000,0.680000,0.230000,0.000000,48.000000,82.580000
1779334296.003084,0,0.000000,0.000000,0.000000,0.000000,-239.750000,0.680000,0.230000,0.000000,48.000000,82.580000
1779334296.010084,0,0.000000,0.000000,0.000000,0.000000,-239.750000,0.680000,0.230000,0.000000,48.000000,82.590000
1779334296.017586,0,0.000000,0.000000,0.000000,0.000000,207.380000,0.680000,0.230000,0.000000,48.000000,82.610000
1779334296.033084,0,0.000000,0.000000,0.000000,0.000000,207.380000,0.680000,0.230000,0.000000,48.000000,82.620000
1779334296.040093,0,0.000000,0.000000,0.000000,0.000000,207.380000,0.680000,0.230000,0.000000,48.000000,82.620000
1779334296.055593,0,0.000000,0.000000,0.000000,0.000000,207.380000,0.680000,0.230000,0.000000,48.000000,82.630000
1779334296.073644,0,0.000000,0.000000,0.000000,0.000000,207.380000,0.680000,0.230000,0.000000,48.000000,82.650000
1779334296.074143,0,0.000000,0.000000,0.000000,0.000000,-315.730000,0.680000,0.250000,0.000000,48.000000,82.660000
1779334296.092865,0,0.000000,0.000000,0.000000,0.000000,-315.730000,0.680000,0.250000,0.000000,48.000000,82.680000
1779334296.093864,0,0.000000,0.000000,0.000000,0.000000,-315.730000,0.680000,0.250000,0.000000,48.000000,82.680000
1779334296.115880,0,0.000000,0.000000,0.000000,0.000000,-315.730000,0.680000,0.250000,0.000000,48.000000,82.690000
1779334296.131378,0,0.000000,0.000000,0.000000,0.000000,-315.730000,0.680000,0.250000,0.000000,48.000000,82.690000
1779334296.132378,0,0.000000,0.000000,0.000000,0.000000,164.240000,0.680000,0.280000,0.000000,48.000000,82.720000
1779334296.132878,0,0.000000,0.000000,0.000000,0.000000,164.240000,0.680000,0.280000,0.000000,48.000000,82.730000
1779334296.145820,0,0.000000,0.000000,0.000000,0.000000,164.240000,0.680000,0.280000,0.000000,48.000000,82.730000
1779334296.152819,0,0.000000,0.000000,0.000000,0.000000,164.240000,0.680000,0.280000,0.000000,48.000000,82.750000
1779334296.167869,0,0.000000,0.000000,0.000000,0.000000,-129.880000,0.680000,0.330000,0.000000,48.000000,82.760000
1779334296.205993,0,0.000000,0.000000,0.000000,0.000000,-129.880000,0.680000,0.330000,0.000000,48.000000,82.760000
1779334296.206994,0,0.000000,0.000000,0.000000,0.000000,-129.880000,0.680000,0.330000,0.000000,48.000000,82.770000
1779334296.207993,0,0.000000,0.000000,0.000000,0.000000,-129.880000,0.680000,0.330000,0.000000,48.000000,82.790000
1779334296.212542,0,0.000000,0.000000,0.000000,0.000000,-129.880000,0.680000,0.330000,0.000000,48.000000,82.800000
1779334296.227994,0,0.000000,0.000000,0.000000,0.000000,-191.270000,0.680000,0.370000,0.000000,48.000000,82.810000
1779334296.242578,0,0.000000,0.000000,0.000000,0.000000,-191.270000,0.680000,0.370000,0.000000,48.000000,82.830000
1779334296.257579,0,0.000000,0.000000,0.000000,0.000000,-191.270000,0.680000,0.370000,0.000000,48.000000,82.830000
1779334296.288119,0,0.000000,0.000000,0.000000,0.000000,-191.270000,0.680000,0.370000,0.000000,48.000000,82.840000
1779334296.288619,0,0.000000,0.000000,0.000000,0.000000,-191.270000,0.680000,0.370000,0.000000,48.000000,82.860000
1779334296.289619,0,0.000000,0.000000,0.000000,0.000000,29.790000,0.670000,0.410000,0.000000,48.000000,82.870000
1779334296.290120,0,0.000000,0.000000,0.000000,0.000000,29.790000,0.670000,0.410000,0.000000,48.000000,82.870000
1779334296.310138,0,0.000000,0.000000,0.000000,0.000000,29.790000,0.670000,0.410000,0.000000,48.000000,82.880000
1779334296.311138,0,0.000000,0.000000,0.000000,0.000000,29.790000,0.670000,0.410000,0.000000,48.000000,82.900000
1779334296.325138,0,0.000000,0.000000,0.000000,0.000000,29.790000,0.670000,0.410000,0.000000,48.000000,82.910000
1779334296.326138,0,0.000000,0.000000,0.000000,0.000000,31.670000,0.640000,0.430000,0.000000,48.000000,82.910000
1779334296.348342,0,0.000000,0.000000,0.000000,0.000000,31.670000,0.640000,0.430000,0.000000,48.000000,82.930000
1779334296.349808,0,0.000000,0.000000,0.000000,0.000000,31.670000,0.640000,0.430000,0.000000,48.000000,82.940000
1779334296.363315,0,0.000000,0.000000,0.000000,0.000000,31.670000,0.640000,0.430000,0.000000,48.000000,82.940000
1779334296.385315,0,0.000000,0.000000,0.000000,0.000000,31.670000,0.640000,0.430000,0.000000,48.000000,82.950000
1779334296.386315,0,0.000000,0.000000,0.000000,0.000000,-198.630000,0.620000,0.430000,0.000000,48.000000,82.980000
1779334296.446104,0,0.000000,0.000000,0.000000,0.000000,-198.630000,0.620000,0.430000,0.000000,48.000000,82.980000
1779334296.447105,0,0.000000,0.000000,0.000000,0.000000,-198.630000,0.620000,0.430000,0.000000,48.000000,83.000000
1779334296.447604,0,0.000000,0.000000,0.000000,0.000000,-198.630000,0.620000,0.430000,0.000000,48.000000,83.010000
1779334296.448105,0,0.000000,0.000000,0.000000,0.000000,-198.630000,0.620000,0.430000,0.000000,48.000000,83.010000
1779334296.460136,0,0.000000,0.000000,0.000000,0.000000,-198.630000,0.620000,0.430000,0.000000,48.000000,83.050000
1779334296.461132,0,0.000000,0.000000,0.000000,0.000000,-198.630000,0.620000,0.430000,0.000000,48.000000,83.050000
1779334296.475633,0,0.000000,0.000000,0.000000,0.000000,-198.630000,0.620000,0.430000,0.000000,48.000000,83.050000
1779334296.506234,0,0.000000,0.000000,0.000000,0.000000,-155.800000,0.580000,0.410000,0.000000,51.000000,83.080000
1779334296.512231,0,0.000000,0.000000,0.000000,0.000000,-155.800000,0.580000,0.410000,0.000000,51.000000,83.080000
1779334296.513231,0,0.000000,0.000000,0.000000,0.000000,-155.800000,0.580000,0.410000,0.000000,51.000000,83.090000
1779334296.558357,0,0.000000,0.000000,0.000000,0.000000,-155.800000,0.580000,0.410000,0.000000,51.000000,83.110000
1779334296.559358,0,0.000000,0.000000,0.000000,0.000000,-155.800000,0.580000,0.410000,0.000000,51.000000,83.120000
1779334296.572857,0,0.000000,0.000000,0.000000,0.000000,199.720000,0.470000,0.280000,0.000000,48.000000,83.120000
1779334296.573857,0,0.000000,0.000000,0.000000,0.000000,199.720000,0.470000,0.280000,0.000000,48.000000,83.130000
1779334296.574857,0,0.000000,0.000000,0.000000,0.000000,199.720000,0.470000,0.280000,0.000000,48.000000,83.160000
1779334296.580357,0,0.000000,0.000000,0.000000,0.000000,199.720000,0.470000,0.280000,0.000000,48.000000,83.160000
1779334296.602606,0,0.000000,0.000000,0.000000,0.000000,302.890000,0.370000,0.150000,0.000000,48.000000,83.180000
1779334296.603608,0,0.000000,0.000000,0.000000,0.000000,302.890000,0.370000,0.150000,0.000000,48.000000,83.190000
1779334296.610106,0,0.000000,0.000000,0.000000,0.000000,302.890000,0.370000,0.150000,0.000000,48.000000,83.190000
1779334296.700605,0,0.000000,0.000000,0.000000,0.000000,302.890000,0.370000,0.150000,0.000000,48.000000,83.200000
1779334296.702605,0,0.000000,0.000000,0.000000,0.000000,302.890000,0.370000,0.150000,0.000000,48.000000,83.220000
1779334296.703605,0,0.000000,0.000000,0.000000,0.000000,-254.500000,0.280000,0.010000,0.000000,48.000000,83.230000
1779334296.705107,0,0.000000,0.000000,0.000000,0.000000,-254.500000,0.280000,0.010000,0.000000,48.000000,83.250000
1779334296.723107,0,0.000000,0.000000,0.000000,0.000000,124.980000,0.200000,-0.070000,0.000000,48.000000,83.270000
1779334296.724605,0,0.000000,0.000000,0.000000,0.000000,124.980000,0.200000,-0.070000,0.000000,48.000000,83.300000
1779334296.730606,0,0.000000,0.000000,0.000000,0.000000,124.980000,0.200000,-0.070000,0.000000,48.000000,83.310000
1779334296.769680,0,0.000000,0.000000,0.000000,0.000000,124.980000,0.200000,-0.070000,0.000000,48.000000,83.330000
1779334296.771179,0,0.000000,0.000000,0.000000,0.000000,2.380000,0.150000,-0.140000,0.000000,48.000000,83.340000
1779334296.771680,0,0.000000,0.000000,0.000000,0.000000,2.380000,0.150000,-0.140000,0.000000,48.000000,83.360000
1779334296.772180,0,0.000000,0.000000,0.000000,0.000000,2.380000,0.150000,-0.140000,0.000000,48.000000,83.370000
1779334296.783679,0,0.000000,0.000000,0.000000,0.000000,2.380000,0.150000,-0.140000,0.000000,48.000000,83.370000
1779334296.798178,0,0.000000,0.000000,0.000000,0.000000,-77.310000,0.110000,-0.180000,0.000000,48.000000,83.380000
1779334296.812678,0,0.000000,0.000000,0.000000,0.000000,-77.310000,0.110000,-0.180000,0.000000,48.000000,83.400000
1779334296.828181,0,0.000000,0.000000,0.000000,0.000000,-77.310000,0.110000,-0.180000,0.000000,48.000000,83.410000
1779334296.833179,0,0.000000,0.000000,0.000000,0.000000,-77.310000,0.110000,-0.180000,0.000000,48.000000,83.410000
1779334296.849678,0,0.000000,0.000000,0.000000,0.000000,-77.310000,0.110000,-0.180000,0.000000,48.000000,83.430000
1779334296.850678,0,0.000000,0.000000,0.000000,0.000000,-143.820000,0.100000,-0.210000,0.000000,48.000000,83.440000
1779334296.895178,0,0.000000,0.000000,0.000000,0.000000,-143.820000,0.100000,-0.210000,0.000000,48.000000,83.440000
1779334296.902178,0,0.000000,0.000000,0.000000,0.000000,-143.820000,0.100000,-0.210000,0.000000,48.000000,83.450000
1779334296.903178,0,0.000000,0.000000,0.000000,0.000000,-143.820000,0.100000,-0.210000,0.000000,48.000000,83.470000
1779334296.904178,0,0.000000,0.000000,0.000000,0.000000,-143.820000,0.100000,-0.210000,0.000000,48.000000,83.480000
1779334296.917179,0,0.000000,0.000000,0.000000,0.000000,-214.690000,0.070000,-0.230000,0.000000,48.000000,83.480000
1779334296.918179,0,0.000000,0.000000,0.000000,0.000000,-214.690000,0.070000,-0.230000,0.000000,48.000000,83.500000
1779334296.925179,0,0.000000,0.000000,0.000000,0.000000,-214.690000,0.070000,-0.230000,0.000000,48.000000,83.510000
1779334296.948179,0,0.000000,0.000000,0.000000,0.000000,-214.690000,0.070000,-0.230000,0.000000,48.000000,83.510000
1779334296.950179,0,0.000000,0.000000,0.000000,0.000000,-214.690000,0.070000,-0.230000,0.000000,48.000000,83.520000
1779334296.977678,0,0.000000,0.000000,0.000000,0.000000,-248.520000,0.070000,-0.250000,0.000000,48.000000,83.550000
1779334296.978678,0,0.000000,0.000000,0.000000,0.000000,-248.520000,0.070000,-0.250000,0.000000,48.000000,83.550000
1779334296.979180,0,0.000000,0.000000,0.000000,0.000000,-248.520000,0.070000,-0.250000,0.000000,48.000000,83.560000
1779334296.985236,0,0.000000,0.000000,0.000000,0.000000,-248.520000,0.070000,-0.250000,0.000000,48.000000,83.580000
1779334297.000742,0,0.000000,0.000000,0.000000,0.000000,-248.520000,0.070000,-0.250000,0.000000,48.000000,83.580000
1779334297.007742,0,0.000000,0.000000,0.000000,0.000000,-240.050000,0.070000,-0.270000,0.000000,48.000000,83.590000
1779334297.037241,0,0.000000,0.000000,0.000000,0.000000,-240.050000,0.070000,-0.270000,0.000000,48.000000,83.610000
1779334297.038242,0,0.000000,0.000000,0.000000,0.000000,-240.050000,0.070000,-0.270000,0.000000,48.000000,83.620000
1779334297.044741,0,0.000000,0.000000,0.000000,0.000000,-240.050000,0.070000,-0.270000,0.000000,48.000000,83.620000
1779334297.060242,0,0.000000,0.000000,0.000000,0.000000,-240.050000,0.070000,-0.270000,0.000000,48.000000,83.630000
1779334297.068741,0,0.000000,0.000000,0.000000,0.000000,-106.800000,0.050000,-0.270000,0.000000,48.000000,83.660000
1779334297.075241,0,0.000000,0.000000,0.000000,0.000000,-106.800000,0.050000,-0.270000,0.000000,48.000000,83.660000
1779334297.105275,0,0.000000,0.000000,0.000000,0.000000,-106.800000,0.050000,-0.270000,0.000000,48.000000,83.680000
1779334297.128276,0,0.000000,0.000000,0.000000,0.000000,-106.800000,0.050000,-0.270000,0.000000,48.000000,83.690000
1779334297.129275,0,0.000000,0.000000,0.000000,0.000000,111.760000,0.050000,-0.280000,0.000000,48.000000,83.690000
1779334297.130275,0,0.000000,0.000000,0.000000,0.000000,111.760000,0.050000,-0.280000,0.000000,48.000000,83.700000
1779334297.165782,0,0.000000,0.000000,0.000000,0.000000,111.760000,0.050000,-0.280000,0.000000,48.000000,83.720000
1779334297.166782,0,0.000000,0.000000,0.000000,0.000000,111.760000,0.050000,-0.280000,0.000000,48.000000,83.730000
1779334297.180308,0,0.000000,0.000000,0.000000,0.000000,111.760000,0.050000,-0.280000,0.000000,48.000000,83.730000
1779334297.181307,0,0.000000,0.000000,0.000000,0.000000,-55.720000,0.050000,-0.280000,0.000000,48.000000,83.760000
1779334297.182810,0,0.000000,0.000000,0.000000,0.000000,-55.720000,0.050000,-0.280000,0.000000,48.000000,83.760000
1779334297.183807,0,0.000000,0.000000,0.000000,0.000000,-55.720000,0.050000,-0.280000,0.000000,48.000000,83.770000
1779334297.195308,0,0.000000,0.000000,0.000000,0.000000,-55.720000,0.050000,-0.280000,0.000000,48.000000,83.790000
1779334297.225312,0,0.000000,0.000000,0.000000,0.000000,231.830000,0.050000,-0.280000,0.000000,48.000000,83.800000
1779334297.232312,0,0.000000,0.000000,0.000000,0.000000,231.830000,0.050000,-0.280000,0.000000,48.000000,83.800000
1779334297.248312,0,0.000000,0.000000,0.000000,0.000000,231.830000,0.050000,-0.280000,0.000000,48.000000,83.810000
1779334297.249312,0,0.000000,0.000000,0.000000,0.000000,231.830000,0.050000,-0.280000,0.000000,48.000000,83.830000
1779334297.255812,0,0.000000,0.000000,0.000000,0.000000,231.830000,0.050000,-0.280000,0.000000,48.000000,83.830000
1779334297.262761,0,0.000000,0.000000,0.000000,0.000000,-185.800000,0.050000,-0.280000,0.000000,48.000000,83.860000
1779334297.278269,0,0.000000,0.000000,0.000000,0.000000,-185.800000,0.050000,-0.280000,0.000000,48.000000,83.870000
1779334297.285768,0,0.000000,0.000000,0.000000,0.000000,-185.800000,0.050000,-0.280000,0.000000,48.000000,83.870000
1779334297.300269,0,0.000000,0.000000,0.000000,0.000000,-185.800000,0.050000,-0.280000,0.000000,48.000000,83.880000
1779334297.322660,0,0.000000,0.000000,0.000000,0.000000,-185.800000,0.050000,-0.280000,0.000000,48.000000,83.900000
1779334297.324160,0,0.000000,0.000000,0.000000,0.000000,192.640000,0.050000,-0.280000,0.000000,48.000000,83.910000
1779334297.330161,0,0.000000,0.000000,0.000000,0.000000,192.640000,0.050000,-0.280000,0.000000,48.000000,83.910000
1779334297.345891,0,0.000000,0.000000,0.000000,0.000000,192.640000,0.050000,-0.280000,0.000000,48.000000,83.930000
1779334297.352892,0,0.000000,0.000000,0.000000,0.000000,192.640000,0.050000,-0.280000,0.000000,48.000000,83.940000
1779334297.368398,0,0.000000,0.000000,0.000000,0.000000,192.640000,0.050000,-0.280000,0.000000,48.000000,83.940000
1779334297.374898,0,0.000000,0.000000,0.000000,0.000000,-305.260000,0.050000,-0.300000,0.000000,48.000000,83.970000
1779334297.397396,0,0.000000,0.000000,0.000000,0.000000,-305.260000,0.050000,-0.300000,0.000000,48.000000,83.980000
1779334297.398395,0,0.000000,0.000000,0.000000,0.000000,-305.260000,0.050000,-0.300000,0.000000,48.000000,83.980000
1779334297.413025,0,0.000000,0.000000,0.000000,0.000000,-305.260000,0.050000,-0.300000,0.000000,48.000000,84.000000
1779334297.443598,0,0.000000,0.000000,0.000000,0.000000,-46.740000,0.070000,-0.310000,0.000000,48.000000,84.010000
1779334297.445598,0,0.000000,0.000000,0.000000,0.000000,-46.740000,0.070000,-0.310000,0.000000,48.000000,84.010000
1779334297.446099,0,0.000000,0.000000,0.000000,0.000000,-46.740000,0.070000,-0.310000,0.000000,48.000000,84.020000
1779334297.458097,0,0.000000,0.000000,0.000000,0.000000,-46.740000,0.070000,-0.310000,0.000000,48.000000,84.040000
1779334297.465097,0,0.000000,0.000000,0.000000,0.000000,-46.740000,0.070000,-0.310000,0.000000,48.000000,84.050000
1779334297.487603,0,0.000000,0.000000,0.000000,0.000000,56.250000,0.070000,-0.310000,0.000000,48.000000,84.060000
1779334297.488604,0,0.000000,0.000000,0.000000,0.000000,56.250000,0.070000,-0.310000,0.000000,48.000000,84.080000
1779334297.503103,0,0.000000,0.000000,0.000000,0.000000,56.250000,0.070000,-0.310000,0.000000,48.000000,84.080000
1779334297.510602,0,0.000000,0.000000,0.000000,0.000000,56.250000,0.070000,-0.310000,0.000000,48.000000,84.090000
1779334297.518103,0,0.000000,0.000000,0.000000,0.000000,56.250000,0.070000,-0.310000,0.000000,48.000000,84.110000
1779334297.540632,0,0.000000,0.000000,0.000000,0.000000,47.610000,0.090000,-0.310000,0.000000,48.000000,84.120000
1779334297.542632,0,0.000000,0.000000,0.000000,0.000000,47.610000,0.090000,-0.310000,0.000000,48.000000,84.120000
1779334297.555633,0,0.000000,0.000000,0.000000,0.000000,47.610000,0.090000,-0.310000,0.000000,48.000000,84.130000
1779334297.563131,0,0.000000,0.000000,0.000000,0.000000,47.610000,0.090000,-0.310000,0.000000,48.000000,84.150000
1779334297.578132,0,0.000000,0.000000,0.000000,0.000000,47.610000,0.090000,-0.310000,0.000000,48.000000,84.160000
1779334297.585169,0,0.000000,0.000000,0.000000,0.000000,254.460000,0.100000,-0.310000,0.000000,48.000000,84.180000
1779334297.600574,0,0.000000,0.000000,0.000000,0.000000,254.460000,0.100000,-0.310000,0.000000,48.000000,84.190000
1779334297.607575,0,0.000000,0.000000,0.000000,0.000000,254.460000,0.100000,-0.310000,0.000000,48.000000,84.190000
1779334297.623063,0,0.000000,0.000000,0.000000,0.000000,254.460000,0.100000,-0.310000,0.000000,48.000000,84.200000
1779334297.638063,0,0.000000,0.000000,0.000000,0.000000,265.070000,0.150000,-0.280000,0.000000,48.000000,84.220000
1779334297.639062,0,0.000000,0.000000,0.000000,0.000000,265.070000,0.150000,-0.280000,0.000000,48.000000,84.230000
1779334297.652632,0,0.000000,0.000000,0.000000,0.000000,265.070000,0.150000,-0.280000,0.000000,48.000000,84.230000
1779334297.660632,0,0.000000,0.000000,0.000000,0.000000,265.070000,0.150000,-0.280000,0.000000,48.000000,84.250000
1779334297.675225,0,0.000000,0.000000,0.000000,0.000000,265.070000,0.150000,-0.280000,0.000000,48.000000,84.260000
1779334297.705282,0,0.000000,0.000000,0.000000,0.000000,-129.080000,0.230000,-0.180000,0.000000,48.000000,84.270000
1779334297.706282,0,0.000000,0.000000,0.000000,0.000000,-129.080000,0.230000,-0.180000,0.000000,48.000000,84.290000
1779334297.706783,0,0.000000,0.000000,0.000000,0.000000,-129.080000,0.230000,-0.180000,0.000000,48.000000,84.300000
1779334297.743526,0,0.000000,0.000000,0.000000,0.000000,-129.080000,0.230000,-0.180000,0.000000,48.000000,84.300000
1779334297.744526,0,0.000000,0.000000,0.000000,0.000000,-129.080000,0.230000,-0.180000,0.000000,48.000000,84.310000
1779334297.745026,0,0.000000,0.000000,0.000000,0.000000,-101.800000,0.330000,-0.070000,0.000000,48.000000,84.330000
1779334297.750026,0,0.000000,0.000000,0.000000,0.000000,-101.800000,0.330000,-0.070000,0.000000,48.000000,84.330000
1779334297.757556,0,0.000000,0.000000,0.000000,0.000000,-101.800000,0.330000,-0.070000,0.000000,48.000000,84.340000
1779334297.773068,0,0.000000,0.000000,0.000000,0.000000,-101.800000,0.330000,-0.070000,0.000000,48.000000,84.360000
1779334297.780067,0,0.000000,0.000000,0.000000,0.000000,236.520000,0.400000,0.000000,0.000000,48.000000,84.370000
1779334297.818524,0,0.000000,0.000000,0.000000,0.000000,236.520000,0.400000,0.000000,0.000000,48.000000,84.380000
1779334297.822523,0,0.000000,0.000000,0.000000,0.000000,236.520000,0.400000,0.000000,0.000000,48.000000,84.400000
1779334297.823023,0,0.000000,0.000000,0.000000,0.000000,236.520000,0.400000,0.000000,0.000000,48.000000,84.400000
1779334297.840024,0,0.000000,0.000000,0.000000,0.000000,236.520000,0.400000,0.000000,0.000000,48.000000,84.410000
1779334297.841023,0,0.000000,0.000000,0.000000,0.000000,-92.870000,0.460000,0.090000,0.000000,48.000000,84.430000
1779334297.847524,0,0.000000,0.000000,0.000000,0.000000,-92.870000,0.460000,0.090000,0.000000,48.000000,84.440000
1779334297.863024,0,0.000000,0.000000,0.000000,0.000000,-92.870000,0.460000,0.090000,0.000000,48.000000,84.440000
1779334297.869985,0,0.000000,0.000000,0.000000,0.000000,-92.870000,0.460000,0.090000,0.000000,48.000000,84.450000
1779334297.885052,0,0.000000,0.000000,0.000000,0.000000,-92.870000,0.460000,0.090000,0.000000,48.000000,84.470000
1779334297.900051,0,0.000000,0.000000,0.000000,0.000000,147.330000,0.500000,0.120000,0.000000,48.000000,84.480000
1779334297.915052,0,0.000000,0.000000,0.000000,0.000000,147.330000,0.500000,0.120000,0.000000,48.000000,84.500000
1779334297.916053,0,0.000000,0.000000,0.000000,0.000000,147.330000,0.500000,0.120000,0.000000,48.000000,84.510000
1779334297.937708,0,0.000000,0.000000,0.000000,0.000000,147.330000,0.500000,0.120000,0.000000,48.000000,84.510000
1779334297.939208,0,0.000000,0.000000,0.000000,0.000000,147.330000,0.500000,0.120000,0.000000,48.000000,84.520000
1779334297.952708,0,0.000000,0.000000,0.000000,0.000000,147.330000,0.500000,0.120000,0.000000,48.000000,84.540000
1779334297.960708,0,0.000000,0.000000,0.000000,0.000000,147.330000,0.500000,0.120000,0.000000,48.000000,84.550000
1779334297.967714,0,0.000000,0.000000,0.000000,0.000000,147.330000,0.500000,0.120000,0.000000,48.000000,84.550000
1779334297.998074,0,0.000000,0.000000,0.000000,0.000000,147.330000,0.500000,0.120000,0.000000,48.000000,84.560000
1779334298.000074,0,0.000000,0.000000,0.000000,0.000000,-280.820000,0.510000,0.150000,0.000000,51.000000,84.580000
1779334298.001074,0,0.000000,0.000000,0.000000,0.000000,-280.820000,0.510000,0.150000,0.000000,51.000000,84.580000
1779334298.042619,0,0.000000,0.000000,0.000000,0.000000,-280.820000,0.510000,0.150000,0.000000,51.000000,84.590000
1779334298.043619,0,0.000000,0.000000,0.000000,0.000000,-280.820000,0.510000,0.150000,0.000000,51.000000,84.610000
1779334298.044620,0,0.000000,0.000000,0.000000,0.000000,-280.820000,0.510000,0.150000,0.000000,51.000000,84.620000
1779334298.045619,0,0.000000,0.000000,0.000000,0.000000,-280.820000,0.510000,0.150000,0.000000,51.000000,84.620000
1779334298.057734,0,0.000000,0.000000,0.000000,0.000000,-283.130000,0.510000,0.150000,0.000000,48.000000,84.650000
1779334298.065734,0,0.000000,0.000000,0.000000,0.000000,-283.130000,0.510000,0.150000,0.000000,48.000000,84.660000
1779334298.088074,0,0.000000,0.000000,0.000000,0.000000,-283.130000,0.510000,0.150000,0.000000,48.000000,84.660000
1779334298.089074,0,0.000000,0.000000,0.000000,0.000000,-283.130000,0.510000,0.150000,0.000000,48.000000,84.680000
1779334298.103072,0,0.000000,0.000000,0.000000,0.000000,299.570000,0.460000,0.120000,0.000000,48.000000,84.690000
1779334298.132574,0,0.000000,0.000000,0.000000,0.000000,299.570000,0.460000,0.120000,0.000000,48.000000,84.690000
1779334298.134075,0,0.000000,0.000000,0.000000,0.000000,299.570000,0.460000,0.120000,0.000000,48.000000,84.700000
1779334298.135073,0,0.000000,0.000000,0.000000,0.000000,299.570000,0.460000,0.120000,0.000000,48.000000,84.720000
1779334298.147573,0,0.000000,0.000000,0.000000,0.000000,299.570000,0.460000,0.120000,0.000000,48.000000,84.730000
1779334298.155073,0,0.000000,0.000000,0.000000,0.000000,119.900000,0.370000,0.030000,0.000000,48.000000,84.730000
1779334298.162573,0,0.000000,0.000000,0.000000,0.000000,119.900000,0.370000,0.030000,0.000000,48.000000,84.750000
1779334298.178073,0,0.000000,0.000000,0.000000,0.000000,119.900000,0.370000,0.030000,0.000000,48.000000,84.760000
1779334298.185074,0,0.000000,0.000000,0.000000,0.000000,119.900000,0.370000,0.030000,0.000000,48.000000,84.760000
1779334298.209210,0,0.000000,0.000000,0.000000,0.000000,119.900000,0.370000,0.030000,0.000000,48.000000,84.770000
1779334298.209710,0,0.000000,0.000000,0.000000,0.000000,258.850000,0.280000,-0.050000,0.000000,48.000000,84.800000
1779334298.215210,0,0.000000,0.000000,0.000000,0.000000,258.850000,0.280000,-0.050000,0.000000,48.000000,84.800000
1779334298.230209,0,0.000000,0.000000,0.000000,0.000000,258.850000,0.280000,-0.050000,0.000000,48.000000,84.810000
1779334298.237710,0,0.000000,0.000000,0.000000,0.000000,258.850000,0.280000,-0.050000,0.000000,48.000000,84.830000
1779334298.252581,0,0.000000,0.000000,0.000000,0.000000,258.850000,0.280000,-0.050000,0.000000,48.000000,84.830000
1779334298.260081,0,0.000000,0.000000,0.000000,0.000000,171.460000,0.200000,-0.110000,0.000000,48.000000,84.840000
1779334298.290075,0,0.000000,0.000000,0.000000,0.000000,171.460000,0.200000,-0.110000,0.000000,48.000000,84.860000
1779334298.291074,0,0.000000,0.000000,0.000000,0.000000,171.460000,0.200000,-0.110000,0.000000,48.000000,84.870000
1779334298.292074,0,0.000000,0.000000,0.000000,0.000000,171.460000,0.200000,-0.110000,0.000000,48.000000,84.870000
1779334298.305012,0,0.000000,0.000000,0.000000,0.000000,160.630000,0.150000,-0.170000,0.000000,48.000000,84.900000
1779334298.328521,0,0.000000,0.000000,0.000000,0.000000,160.630000,0.150000,-0.170000,0.000000,48.000000,84.910000
1779334298.335020,0,0.000000,0.000000,0.000000,0.000000,160.630000,0.150000,-0.170000,0.000000,48.000000,84.910000
1779334298.336021,0,0.000000,0.000000,0.000000,0.000000,160.630000,0.150000,-0.170000,0.000000,48.000000,84.930000
1779334298.350519,0,0.000000,0.000000,0.000000,0.000000,160.630000,0.150000,-0.170000,0.000000,48.000000,84.940000
1779334298.364527,0,0.000000,0.000000,0.000000,0.000000,8.130000,0.120000,-0.200000,0.000000,48.000000,84.940000
1779334298.365527,0,0.000000,0.000000,0.000000,0.000000,8.130000,0.120000,-0.200000,0.000000,48.000000,84.950000
1779334298.380026,0,0.000000,0.000000,0.000000,0.000000,8.130000,0.120000,-0.200000,0.000000,48.000000,84.970000
1779334298.395527,0,0.000000,0.000000,0.000000,0.000000,8.130000,0.120000,-0.200000,0.000000,48.000000,84.980000
1779334298.402545,0,0.000000,0.000000,0.000000,0.000000,8.130000,0.120000,-0.200000,0.000000,48.000000,84.980000
1779334298.409870,0,0.000000,0.000000,0.000000,0.000000,-160.880000,0.100000,-0.230000,0.000000,48.000000,85.000000
1779334298.425371,0,0.000000,0.000000,0.000000,0.000000,-160.880000,0.100000,-0.230000,0.000000,48.000000,85.010000
1779334298.462496,0,0.000000,0.000000,0.000000,0.000000,-160.880000,0.100000,-0.230000,0.000000,48.000000,85.010000
1779334298.463496,0,0.000000,0.000000,0.000000,0.000000,-160.880000,0.100000,-0.230000,0.000000,48.000000,85.020000
1779334298.469875,0,0.000000,0.000000,0.000000,0.000000,-160.880000,0.100000,-0.230000,0.000000,48.000000,85.050000
1779334298.470876,0,0.000000,0.000000,0.000000,0.000000,-140.050000,0.090000,-0.250000,0.000000,48.000000,85.050000
1779334298.499881,0,0.000000,0.000000,0.000000,0.000000,-140.050000,0.090000,-0.250000,0.000000,48.000000,85.060000
1779334298.500882,0,0.000000,0.000000,0.000000,0.000000,-140.050000,0.090000,-0.250000,0.000000,48.000000,85.080000
1779334298.502391,0,0.000000,0.000000,0.000000,0.000000,-140.050000,0.090000,-0.250000,0.000000,48.000000,85.080000
1779334298.522455,0,0.000000,0.000000,0.000000,0.000000,-140.050000,0.090000,-0.250000,0.000000,48.000000,85.090000
1779334298.523454,0,0.000000,0.000000,0.000000,0.000000,102.860000,0.070000,-0.270000,0.000000,48.000000,85.110000
1779334298.530592,0,0.000000,0.000000,0.000000,0.000000,102.860000,0.070000,-0.270000,0.000000,48.000000,85.120000
1779334298.567533,0,0.000000,0.000000,0.000000,0.000000,102.860000,0.070000,-0.270000,0.000000,48.000000,85.120000
1779334298.569034,0,0.000000,0.000000,0.000000,0.000000,102.860000,0.070000,-0.270000,0.000000,48.000000,85.130000
1779334298.569535,0,0.000000,0.000000,0.000000,0.000000,-130.580000,0.070000,-0.280000,0.000000,48.000000,85.160000
1779334298.575062,0,0.000000,0.000000,0.000000,0.000000,-130.580000,0.070000,-0.280000,0.000000,48.000000,85.160000
1779334298.597027,0,0.000000,0.000000,0.000000,0.000000,-130.580000,0.070000,-0.280000,0.000000,48.000000,85.180000
1779334298.604527,0,0.000000,0.000000,0.000000,0.000000,-130.580000,0.070000,-0.280000,0.000000,48.000000,85.190000
1779334298.650043,0,0.000000,0.000000,0.000000,0.000000,-130.580000,0.070000,-0.280000,0.000000,48.000000,85.190000
1779334298.651544,0,0.000000,0.000000,0.000000,0.000000,-147.920000,0.070000,-0.280000,0.000000,48.000000,85.200000
1779334298.653042,0,0.000000,0.000000,0.000000,0.000000,-147.920000,0.070000,-0.280000,0.000000,48.000000,85.220000
1779334298.653542,0,0.000000,0.000000,0.000000,0.000000,-147.920000,0.070000,-0.280000,0.000000,48.000000,85.230000
1779334298.654542,0,0.000000,0.000000,0.000000,0.000000,-147.920000,0.070000,-0.280000,0.000000,48.000000,85.230000
1779334298.703762,0,0.000000,0.000000,0.000000,0.000000,-147.920000,0.070000,-0.280000,0.000000,48.000000,85.250000
1779334298.705761,0,0.000000,0.000000,0.000000,0.000000,-267.850000,0.050000,-0.280000,0.000000,48.000000,85.260000
1779334298.706260,0,0.000000,0.000000,0.000000,0.000000,-267.850000,0.050000,-0.280000,0.000000,48.000000,85.270000
1779334298.706760,0,0.000000,0.000000,0.000000,0.000000,-267.850000,0.050000,-0.280000,0.000000,48.000000,85.290000
1779334298.717761,0,0.000000,0.000000,0.000000,0.000000,-267.850000,0.050000,-0.280000,0.000000,48.000000,85.300000
1779334298.718761,0,0.000000,0.000000,0.000000,0.000000,303.820000,0.050000,-0.280000,0.000000,48.000000,85.300000
1779334298.748118,0,0.000000,0.000000,0.000000,0.000000,303.820000,0.050000,-0.280000,0.000000,48.000000,85.310000
1779334298.750099,0,0.000000,0.000000,0.000000,0.000000,303.820000,0.050000,-0.280000,0.000000,48.000000,85.330000
1779334298.755599,0,0.000000,0.000000,0.000000,0.000000,303.820000,0.050000,-0.280000,0.000000,48.000000,85.330000
1779334298.770598,0,0.000000,0.000000,0.000000,0.000000,303.820000,0.050000,-0.280000,0.000000,48.000000,85.340000
1779334298.777599,0,0.000000,0.000000,0.000000,0.000000,70.300000,0.050000,-0.280000,0.000000,48.000000,85.370000
1779334298.785098,0,0.000000,0.000000,0.000000,0.000000,70.300000,0.050000,-0.280000,0.000000,48.000000,85.370000
1779334298.800603,0,0.000000,0.000000,0.000000,0.000000,70.300000,0.050000,-0.280000,0.000000,48.000000,85.380000
1779334298.807603,0,0.000000,0.000000,0.000000,0.000000,70.300000,0.050000,-0.280000,0.000000,48.000000,85.400000
1779334298.823575,0,0.000000,0.000000,0.000000,0.000000,70.300000,0.050000,-0.280000,0.000000,48.000000,85.410000
1779334298.831075,0,0.000000,0.000000,0.000000,0.000000,183.410000,0.070000,-0.310000,0.000000,48.000000,85.410000
1779334298.845574,0,0.000000,0.000000,0.000000,0.000000,183.410000,0.070000,-0.310000,0.000000,48.000000,85.430000
1779334298.853075,0,0.000000,0.000000,0.000000,0.000000,183.410000,0.070000,-0.310000,0.000000,48.000000,85.440000
1779334298.868574,0,0.000000,0.000000,0.000000,0.000000,183.410000,0.070000,-0.310000,0.000000,48.000000,85.440000
1779334298.875074,0,0.000000,0.000000,0.000000,0.000000,183.410000,0.070000,-0.310000,0.000000,48.000000,85.450000
1779334298.882575,0,0.000000,0.000000,0.000000,0.000000,183.410000,0.070000,-0.310000,0.000000,48.000000,85.480000
1779334298.897574,0,0.000000,0.000000,0.000000,0.000000,183.410000,0.070000,-0.310000,0.000000,48.000000,85.480000
1779334298.921576,0,0.000000,0.000000,0.000000,0.000000,183.410000,0.070000,-0.310000,0.000000,48.000000,85.500000
1779334298.922076,0,0.000000,0.000000,0.000000,0.000000,183.410000,0.070000,-0.310000,0.000000,48.000000,85.510000
1779334298.927575,0,0.000000,0.000000,0.000000,0.000000,-172.080000,0.070000,-0.310000,0.000000,51.000000,85.510000
1779334298.935075,0,0.000000,0.000000,0.000000,0.000000,-172.080000,0.070000,-0.310000,0.000000,51.000000,85.520000
1779334298.958088,0,0.000000,0.000000,0.000000,0.000000,-172.080000,0.070000,-0.310000,0.000000,51.000000,85.540000
1779334298.959088,0,0.000000,0.000000,0.000000,0.000000,-172.080000,0.070000,-0.310000,0.000000,51.000000,85.550000
1779334298.973096,0,0.000000,0.000000,0.000000,0.000000,-172.080000,0.070000,-0.310000,0.000000,51.000000,85.550000
1779334298.980596,0,0.000000,0.000000,0.000000,0.000000,-178.780000,0.100000,-0.330000,0.000000,48.000000,85.560000
1779334298.995596,0,0.000000,0.000000,0.000000,0.000000,-178.780000,0.100000,-0.330000,0.000000,48.000000,85.580000
1779334299.002610,0,0.000000,0.000000,0.000000,0.000000,-178.780000,0.100000,-0.330000,0.000000,48.000000,85.580000
1779334299.017612,0,0.000000,0.000000,0.000000,0.000000,-178.780000,0.100000,-0.330000,0.000000,48.000000,85.590000
1779334299.025112,0,0.000000,0.000000,0.000000,0.000000,-178.780000,0.100000,-0.330000,0.000000,48.000000,85.610000
1779334299.040524,0,0.000000,0.000000,0.000000,0.000000,-72.730000,0.150000,-0.280000,0.000000,48.000000,85.620000
1779334299.047523,0,0.000000,0.000000,0.000000,0.000000,-72.730000,0.150000,-0.280000,0.000000,48.000000,85.630000
1779334299.071430,0,0.000000,0.000000,0.000000,0.000000,-72.730000,0.150000,-0.280000,0.000000,48.000000,85.650000
1779334299.072929,0,0.000000,0.000000,0.000000,0.000000,-72.730000,0.150000,-0.280000,0.000000,48.000000,85.660000
1779334299.085928,0,0.000000,0.000000,0.000000,0.000000,-72.730000,0.150000,-0.280000,0.000000,48.000000,85.660000
1779334299.092929,0,0.000000,0.000000,0.000000,0.000000,-324.320000,0.280000,-0.140000,0.000000,48.000000,85.680000
1779334299.107928,0,0.000000,0.000000,0.000000,0.000000,-324.320000,0.280000,-0.140000,0.000000,48.000000,85.690000
1779334299.115014,0,0.000000,0.000000,0.000000,0.000000,-324.320000,0.280000,-0.140000,0.000000,48.000000,85.690000
1779334299.130075,0,0.000000,0.000000,0.000000,0.000000,-324.320000,0.280000,-0.140000,0.000000,48.000000,85.700000
1779334299.137580,0,0.000000,0.000000,0.000000,0.000000,-280.420000,0.370000,0.000000,0.000000,48.000000,85.730000
1779334299.145579,0,0.000000,0.000000,0.000000,0.000000,-280.420000,0.370000,0.000000,0.000000,48.000000,85.730000
1779334299.160171,0,0.000000,0.000000,0.000000,0.000000,-280.420000,0.370000,0.000000,0.000000,48.000000,85.750000
1779334299.167670,0,0.000000,0.000000,0.000000,0.000000,-280.420000,0.370000,0.000000,0.000000,48.000000,85.760000
1779334299.184681,0,0.000000,0.000000,0.000000,0.000000,-280.420000,0.370000,0.000000,0.000000,48.000000,85.760000
1779334299.190681,0,0.000000,0.000000,0.000000,0.000000,-207.750000,0.440000,0.100000,0.000000,48.000000,85.790000
1779334299.213681,0,0.000000,0.000000,0.000000,0.000000,-207.750000,0.440000,0.100000,0.000000,48.000000,85.800000
1779334299.214681,0,0.000000,0.000000,0.000000,0.000000,-207.750000,0.440000,0.100000,0.000000,48.000000,85.800000
1779334299.242555,0,0.000000,0.000000,0.000000,0.000000,-207.750000,0.440000,0.100000,0.000000,48.000000,85.810000
1779334299.243555,0,0.000000,0.000000,0.000000,0.000000,-207.750000,0.440000,0.100000,0.000000,48.000000,85.830000
1779334299.244555,0,0.000000,0.000000,0.000000,0.000000,297.770000,0.500000,0.180000,0.000000,48.000000,85.830000
1779334299.258055,0,0.000000,0.000000,0.000000,0.000000,297.770000,0.500000,0.180000,0.000000,48.000000,85.840000
1779334299.265055,0,0.000000,0.000000,0.000000,0.000000,297.770000,0.500000,0.180000,0.000000,48.000000,85.860000
1779334299.280199,0,0.000000,0.000000,0.000000,0.000000,297.770000,0.500000,0.180000,0.000000,48.000000,85.870000
1779334299.295697,0,0.000000,0.000000,0.000000,0.000000,-277.140000,0.540000,0.250000,0.000000,48.000000,85.870000
1779334299.302707,0,0.000000,0.000000,0.000000,0.000000,-277.140000,0.540000,0.250000,0.000000,48.000000,85.880000
1779334299.318207,0,0.000000,0.000000,0.000000,0.000000,-277.140000,0.540000,0.250000,0.000000,48.000000,85.900000
1779334299.333209,0,0.000000,0.000000,0.000000,0.000000,-277.140000,0.540000,0.250000,0.000000,48.000000,85.910000
1779334299.340217,0,0.000000,0.000000,0.000000,0.000000,-277.140000,0.540000,0.250000,0.000000,48.000000,85.910000
1779334299.348223,0,0.000000,0.000000,0.000000,0.000000,198.610000,0.560000,0.280000,0.000000,48.000000,85.940000
1779334299.371820,0,0.000000,0.000000,0.000000,0.000000,198.610000,0.560000,0.280000,0.000000,48.000000,85.940000
1779334299.372320,0,0.000000,0.000000,0.000000,0.000000,198.610000,0.560000,0.280000,0.000000,48.000000,85.950000
1779334299.378320,0,0.000000,0.000000,0.000000,0.000000,198.610000,0.560000,0.280000,0.000000,48.000000,85.970000
1779334299.392846,0,0.000000,0.000000,0.000000,0.000000,198.610000,0.560000,0.280000,0.000000,48.000000,85.980000
1779334299.416353,0,0.000000,0.000000,0.000000,0.000000,310.300000,0.600000,0.310000,0.000000,48.000000,85.980000
1779334299.418851,0,0.000000,0.000000,0.000000,0.000000,310.300000,0.600000,0.310000,0.000000,48.000000,86.000000
1779334299.422352,0,0.000000,0.000000,0.000000,0.000000,310.300000,0.600000,0.310000,0.000000,48.000000,86.010000
1779334299.437851,0,0.000000,0.000000,0.000000,0.000000,310.300000,0.600000,0.310000,0.000000,48.000000,86.010000
1779334299.475428,0,0.000000,0.000000,0.000000,0.000000,310.300000,0.600000,0.310000,0.000000,48.000000,86.020000
1779334299.477928,0,0.000000,0.000000,0.000000,0.000000,-281.820000,0.610000,0.310000,0.000000,48.000000,86.050000
1779334299.478428,0,0.000000,0.000000,0.000000,0.000000,-281.820000,0.610000,0.310000,0.000000,48.000000,86.050000
1779334299.479427,0,0.000000,0.000000,0.000000,0.000000,-281.820000,0.610000,0.310000,0.000000,48.000000,86.060000
1779334299.520567,0,0.000000,0.000000,0.000000,0.000000,-281.820000,0.610000,0.310000,0.000000,48.000000,86.080000
1779334299.522066,0,0.000000,0.000000,0.000000,0.000000,-307.140000,0.620000,0.310000,0.000000,48.000000,86.080000
1779334299.523065,0,0.000000,0.000000,0.000000,0.000000,-307.140000,0.620000,0.310000,0.000000,48.000000,86.090000
1779334299.524066,0,0.000000,0.000000,0.000000,0.000000,-307.140000,0.620000,0.310000,0.000000,48.000000,86.110000
1779334299.535565,0,0.000000,0.000000,0.000000,0.000000,-307.140000,0.620000,0.310000,0.000000,48.000000,86.120000
1779334299.543065,0,0.000000,0.000000,0.000000,0.000000,-307.140000,0.620000,0.310000,0.000000,48.000000,86.120000
1779334299.550565,0,0.000000,0.000000,0.000000,0.000000,-198.750000,0.620000,0.300000,0.000000,48.000000,86.150000
1779334299.565561,0,0.000000,0.000000,0.000000,0.000000,-198.750000,0.620000,0.300000,0.000000,48.000000,86.160000
1779334299.572561,0,0.000000,0.000000,0.000000,0.000000,-198.750000,0.620000,0.300000,0.000000,48.000000,86.160000
1779334299.588088,0,0.000000,0.000000,0.000000,0.000000,-198.750000,0.620000,0.300000,0.000000,48.000000,86.180000
1779334299.595088,0,0.000000,0.000000,0.000000,0.000000,-198.750000,0.620000,0.300000,0.000000,48.000000,86.190000
1779334299.640127,0,0.000000,0.000000,0.000000,0.000000,154.000000,0.620000,0.280000,0.000000,48.000000,86.190000
1779334299.641627,0,0.000000,0.000000,0.000000,0.000000,154.000000,0.620000,0.280000,0.000000,48.000000,86.200000
1779334299.643127,0,0.000000,0.000000,0.000000,0.000000,154.000000,0.620000,0.280000,0.000000,48.000000,86.220000
1779334299.643628,0,0.000000,0.000000,0.000000,0.000000,154.000000,0.620000,0.280000,0.000000,48.000000,86.230000
1779334299.662626,0,0.000000,0.000000,0.000000,0.000000,154.000000,0.620000,0.280000,0.000000,48.000000,86.230000
1779334299.664126,0,0.000000,0.000000,0.000000,0.000000,-288.570000,0.620000,0.230000,0.000000,48.000000,86.260000
1779334299.670127,0,0.000000,0.000000,0.000000,0.000000,-288.570000,0.620000,0.230000,0.000000,48.000000,86.260000
1779334299.685105,0,0.000000,0.000000,0.000000,0.000000,-288.570000,0.620000,0.230000,0.000000,48.000000,86.270000
1779334299.692611,0,0.000000,0.000000,0.000000,0.000000,-288.570000,0.620000,0.230000,0.000000,48.000000,86.290000
1779334299.708110,0,0.000000,0.000000,0.000000,0.000000,227.100000,0.610000,0.170000,0.000000,48.000000,86.300000
1779334299.723111,0,0.000000,0.000000,0.000000,0.000000,227.100000,0.610000,0.170000,0.000000,48.000000,86.300000
1779334299.738116,0,0.000000,0.000000,0.000000,0.000000,227.100000,0.610000,0.170000,0.000000,48.000000,86.310000
1779334299.745117,0,0.000000,0.000000,0.000000,0.000000,227.100000,0.610000,0.170000,0.000000,48.000000,86.330000
1779334299.760616,0,0.000000,0.000000,0.000000,0.000000,227.100000,0.610000,0.170000,0.000000,48.000000,86.330000
1779334299.767617,0,0.000000,0.000000,0.000000,0.000000,34.860000,0.550000,0.070000,0.000000,48.000000,86.360000
1779334299.775117,0,0.000000,0.000000,0.000000,0.000000,34.860000,0.550000,0.070000,0.000000,48.000000,86.370000
1779334299.789623,0,0.000000,0.000000,0.000000,0.000000,34.860000,0.550000,0.070000,0.000000,48.000000,86.370000
1779334299.790623,0,0.000000,0.000000,0.000000,0.000000,34.860000,0.550000,0.070000,0.000000,48.000000,86.380000
1779334299.822628,0,0.000000,0.000000,0.000000,0.000000,62.340000,0.460000,-0.030000,0.000000,48.000000,86.400000
1779334299.823129,0,0.000000,0.000000,0.000000,0.000000,62.340000,0.460000,-0.030000,0.000000,48.000000,86.410000
1779334299.827628,0,0.000000,0.000000,0.000000,0.000000,62.340000,0.460000,-0.030000,0.000000,48.000000,86.410000
1779334299.851129,0,0.000000,0.000000,0.000000,0.000000,62.340000,0.460000,-0.030000,0.000000,48.000000,86.430000
1779334299.857629,0,0.000000,0.000000,0.000000,0.000000,62.340000,0.460000,-0.030000,0.000000,48.000000,86.440000
1779334299.865129,0,0.000000,0.000000,0.000000,0.000000,-297.450000,0.370000,-0.120000,0.000000,48.000000,86.450000
1779334299.881129,0,0.000000,0.000000,0.000000,0.000000,-297.450000,0.370000,-0.120000,0.000000,48.000000,86.470000
1779334299.887628,0,0.000000,0.000000,0.000000,0.000000,-297.450000,0.370000,-0.120000,0.000000,48.000000,86.480000
1779334299.902630,0,0.000000,0.000000,0.000000,0.000000,-297.450000,0.370000,-0.120000,0.000000,48.000000,86.480000
1779334299.910129,0,0.000000,0.000000,0.000000,0.000000,-297.450000,0.370000,-0.120000,0.000000,48.000000,86.500000
1779334299.932663,0,0.000000,0.000000,0.000000,0.000000,-129.860000,0.330000,-0.150000,0.000000,48.000000,86.510000
1779334299.933663,0,0.000000,0.000000,0.000000,0.000000,-129.860000,0.330000,-0.150000,0.000000,48.000000,86.510000
1779334299.947664,0,0.000000,0.000000,0.000000,0.000000,-129.860000,0.330000,-0.150000,0.000000,48.000000,86.520000
1779334299.970248,0,0.000000,0.000000,0.000000,0.000000,-129.860000,0.330000,-0.150000,0.000000,48.000000,86.540000
1779334299.971748,0,0.000000,0.000000,0.000000,0.000000,-129.860000,0.330000,-0.150000,0.000000,48.000000,86.550000
1779334299.992247,0,0.000000,0.000000,0.000000,0.000000,101.830000,0.300000,-0.180000,0.000000,48.000000,86.560000
1779334299.992748,0,0.000000,0.000000,0.000000,0.000000,101.830000,0.300000,-0.180000,0.000000,48.000000,86.580000
1779334300.015248,0,0.000000,0.000000,0.000000,0.000000,101.830000,0.300000,-0.180000,0.000000,48.000000,86.580000
1779334300.022248,0,0.000000,0.000000,0.000000,0.000000,101.830000,0.300000,-0.180000,0.000000,48.000000,86.590000
1779334300.023249,0,0.000000,0.000000,0.000000,0.000000,101.830000,0.300000,-0.180000,0.000000,48.000000,86.610000
1779334300.029747,0,0.000000,0.000000,0.000000,0.000000,101.830000,0.300000,-0.180000,0.000000,48.000000,86.620000
1779334300.044747,0,0.000000,0.000000,0.000000,0.000000,101.830000,0.300000,-0.180000,0.000000,48.000000,86.630000
1779334300.052748,0,0.000000,0.000000,0.000000,0.000000,101.830000,0.300000,-0.180000,0.000000,48.000000,86.650000
1779334300.097248,0,0.000000,0.000000,0.000000,0.000000,101.830000,0.300000,-0.180000,0.000000,48.000000,86.660000
1779334300.105747,0,0.000000,0.000000,0.000000,0.000000,-240.720000,0.280000,-0.200000,0.000000,51.000000,86.660000
1779334300.107749,0,0.000000,0.000000,0.000000,0.000000,-240.720000,0.280000,-0.200000,0.000000,51.000000,86.680000
1779334300.119748,0,0.000000,0.000000,0.000000,0.000000,-240.720000,0.280000,-0.200000,0.000000,51.000000,86.690000
1779334300.127748,0,0.000000,0.000000,0.000000,0.000000,-240.720000,0.280000,-0.200000,0.000000,51.000000,86.690000
1779334300.135248,0,0.000000,0.000000,0.000000,0.000000,-240.720000,0.280000,-0.200000,0.000000,51.000000,86.700000
1779334300.136247,0,0.000000,0.000000,0.000000,0.000000,145.270000,0.250000,-0.210000,0.000000,48.000000,86.720000
1779334300.142749,0,0.000000,0.000000,0.000000,0.000000,145.270000,0.250000,-0.210000,0.000000,48.000000,86.730000
1779334300.150247,0,0.000000,0.000000,0.000000,0.000000,145.270000,0.250000,-0.210000,0.000000,48.000000,86.730000
1779334300.195247,0,0.000000,0.000000,0.000000,0.000000,145.270000,0.250000,-0.210000,0.000000,48.000000,86.750000
1779334300.196748,0,0.000000,0.000000,0.000000,0.000000,145.270000,0.250000,-0.210000,0.000000,48.000000,86.760000
1779334300.198248,0,0.000000,0.000000,0.000000,0.000000,-282.760000,0.230000,-0.230000,0.000000,48.000000,86.770000
1779334300.198748,0,0.000000,0.000000,0.000000,0.000000,-282.760000,0.230000,-0.230000,0.000000,48.000000,86.790000
1779334300.240247,0,0.000000,0.000000,0.000000,0.000000,-282.760000,0.230000,-0.230000,0.000000,48.000000,86.800000
1779334300.241748,0,0.000000,0.000000,0.000000,0.000000,-282.760000,0.230000,-0.230000,0.000000,48.000000,86.800000
1779334300.243248,0,0.000000,0.000000,0.000000,0.000000,284.520000,0.200000,-0.250000,0.000000,48.000000,86.810000
1779334300.243747,0,0.000000,0.000000,0.000000,0.000000,284.520000,0.200000,-0.250000,0.000000,48.000000,86.830000
1779334300.255247,0,0.000000,0.000000,0.000000,0.000000,284.520000,0.200000,-0.250000,0.000000,48.000000,86.830000
1779334300.256249,0,0.000000,0.000000,0.000000,0.000000,284.520000,0.200000,-0.250000,0.000000,48.000000,86.840000
1779334300.271248,0,0.000000,0.000000,0.000000,0.000000,284.520000,0.200000,-0.250000,0.000000,48.000000,86.860000
1779334300.277749,0,0.000000,0.000000,0.000000,0.000000,-249.080000,0.180000,-0.280000,0.000000,48.000000,86.870000
1779334300.293247,0,0.000000,0.000000,0.000000,0.000000,-249.080000,0.180000,-0.280000,0.000000,48.000000,86.870000
1779334300.300748,0,0.000000,0.000000,0.000000,0.000000,-249.080000,0.180000,-0.280000,0.000000,48.000000,86.880000
1779334300.315747,0,0.000000,0.000000,0.000000,0.000000,-249.080000,0.180000,-0.280000,0.000000,48.000000,86.900000
1779334300.322747,0,0.000000,0.000000,0.000000,0.000000,-249.080000,0.180000,-0.280000,0.000000,48.000000,86.910000
1779334300.338248,0,0.000000,0.000000,0.000000,0.000000,11.470000,0.170000,-0.280000,0.000000,48.000000,86.930000
1779334300.345248,0,0.000000,0.000000,0.000000,0.000000,11.470000,0.170000,-0.280000,0.000000,48.000000,86.940000
1779334300.367248,0,0.000000,0.000000,0.000000,0.000000,11.470000,0.170000,-0.280000,0.000000,48.000000,86.940000
1779334300.374249,0,0.000000,0.000000,0.000000,0.000000,11.470000,0.170000,-0.280000,0.000000,48.000000,86.950000
1779334300.375247,0,0.000000,0.000000,0.000000,0.000000,11.470000,0.170000,-0.280000,0.000000,48.000000,86.970000
1779334300.390247,0,0.000000,0.000000,0.000000,0.000000,0.000000,0.000000,0.000000,0.000000,62.000000,86.980000
1779334300.397748,0,0.000000,0.000000,0.000000,0.000000,0.000000,0.000000,0.000000,0.000000,62.000000,86.980000
1779334300.413248,0,0.000000,0.000000,0.000000,0.000000,0.000000,0.000000,0.000000,0.000000,62.000000,87.000000
1779334300.420248,0,0.000000,0.000000,0.000000,0.000000,0.000000,0.000000,0.000000,0.000000,62.000000,87.010000
1779334300.442248,0,0.000000,0.000000,0.000000,0.000000,0.000000,0.000000,0.000000,0.000000,62.000000,87.010000
1779334300.443248,0,0.000000,0.000000,0.000000,0.000000,0.000000,0.000000,0.000000,0.000000,62.000000,87.040000
1779334300.450248,0,0.000000,0.000000,0.000000,0.000000,0.000000,0.000000,0.000000,0.000000,62.000000,87.050000
1779334300.465248,0,0.000000,0.000000,0.000000,0.000000,0.000000,0.000000,0.000000,0.000000,62.000000,87.050000
1779334300.487748,0,0.000000,0.000000,0.000000,0.000000,0.000000,0.000000,0.000000,0.000000,62.000000,87.060000
1779334300.488747,0,0.000000,0.000000,0.000000,0.000000,0.000000,0.000000,0.000000,0.000000,62.000000,87.080000
1779334300.489747,0,0.000000,0.000000,0.000000,0.000000,0.000000,0.000000,0.000000,0.000000,62.000000,87.080000
1779334300.510247,0,0.000000,0.000000,0.000000,0.000000,0.000000,0.000000,0.000000,0.000000,62.000000,87.090000
1779334300.525247,0,0.000000,0.000000,0.000000,0.000000,0.000000,0.000000,0.000000,0.000000,62.000000,87.110000
1779334300.540749,0,0.000000,0.000000,0.000000,0.000000,0.000000,0.000000,0.000000,0.000000,62.000000,87.120000
1779334300.541749,0,0.000000,0.000000,0.000000,0.000000,0.000000,0.000000,0.000000,0.000000,62.000000,87.130000
1779334300.547249,0,0.000000,0.000000,0.000000,0.000000,0.000000,0.000000,0.000000,0.000000,62.000000,87.150000
1779334300.562748,0,0.000000,0.000000,0.000000,0.000000,0.000000,0.000000,0.000000,0.000000,62.000000,87.150000
1779334300.570247,0,0.000000,0.000000,0.000000,0.000000,0.000000,0.000000,0.000000,0.000000,62.000000,87.160000
1779334300.585248,0,0.000000,0.000000,0.000000,0.000000,0.000000,0.000000,0.000000,0.000000,62.000000,87.160000
1779334300.622748,0,0.000000,0.000000,0.000000,0.000000,0.000000,0.000000,0.000000,0.000000,62.000000,87.180000
1779334300.623747,0,0.000000,0.000000,0.000000,0.000000,0.000000,0.000000,0.000000,0.000000,62.000000,87.190000
1779334300.624748,0,0.000000,0.000000,0.000000,0.000000,0.000000,0.000000,0.000000,0.000000,62.000000,87.190000
1779334300.625747,0,0.000000,0.000000,0.000000,0.000000,0.000000,0.000000,0.000000,0.000000,62.000000,87.200000
1779334300.645249,0,0.000000,0.000000,0.000000,0.000000,0.000000,0.000000,0.000000,0.000000,62.000000,87.230000
1779334300.652748,0,0.000000,0.000000,0.000000,0.000000,0.000000,0.000000,0.000000,0.000000,62.000000,87.250000
1779334300.675248,0,0.000000,0.000000,0.000000,0.000000,0.000000,0.000000,0.000000,0.000000,62.000000,87.260000
1779334300.676248,0,0.000000,0.000000,0.000000,0.000000,0.000000,0.000000,0.000000,0.000000,62.000000,87.260000
1779334300.690747,0,0.000000,0.000000,0.000000,0.000000,0.000000,0.000000,0.000000,0.000000,62.000000,87.270000
1779334300.704248,0,0.000000,0.000000,0.000000,0.000000,0.000000,0.000000,0.000000,0.000000,62.000000,87.290000
1779334300.705748,0,0.000000,0.000000,0.000000,0.000000,0.000000,0.000000,0.000000,0.000000,62.000000,87.300000
1779334300.720748,0,0.000000,0.000000,0.000000,0.000000,0.000000,0.000000,0.000000,0.000000,62.000000,87.300000
1779334300.742748,0,0.000000,0.000000,0.000000,0.000000,0.000000,0.000000,0.000000,0.000000,62.000000,87.310000
1779334300.743748,0,0.000000,0.000000,0.000000,0.000000,0.000000,0.000000,0.000000,0.000000,62.000000,87.330000
1779334300.757748,0,0.000000,0.000000,0.000000,0.000000,0.000000,0.000000,0.000000,0.000000,62.000000,87.340000
1779334300.764747,0,0.000000,0.000000,0.000000,0.000000,0.000000,0.000000,0.000000,0.000000,62.000000,87.360000
1779334300.780247,0,0.000000,0.000000,0.000000,0.000000,0.000000,0.000000,0.000000,0.000000,62.000000,87.370000
1779334300.787749,0,0.000000,0.000000,0.000000,0.000000,0.000000,0.000000,0.000000,0.000000,62.000000,87.370000
1779334300.809747,0,0.000000,0.000000,0.000000,0.000000,0.000000,0.000000,0.000000,0.000000,62.000000,87.380000
1779334300.811247,0,0.000000,0.000000,0.000000,0.000000,0.000000,0.000000,0.000000,0.000000,62.000000,87.400000
1779334300.821249,0,0.000000,0.000000,0.000000,0.000000,0.000000,0.000000,0.000000,0.000000,62.000000,87.410000
1779334300.832750,0,0.000000,0.000000,0.000000,0.000000,0.000000,0.000000,0.000000,0.000000,62.000000,87.410000
1779334300.847749,0,0.000000,0.000000,0.000000,0.000000,0.000000,0.000000,0.000000,0.000000,62.000000,87.430000
1779334300.848747,0,0.000000,0.000000,0.000000,0.000000,0.000000,0.000000,0.000000,0.000000,62.000000,87.440000
1779334300.862748,0,0.000000,0.000000,0.000000,0.000000,0.000000,0.000000,0.000000,0.000000,62.000000,87.440000
1779334300.869747,0,0.000000,0.000000,0.000000,0.000000,0.000000,0.000000,0.000000,0.000000,62.000000,87.450000
1779334300.877747,0,0.000000,0.000000,0.000000,0.000000,0.000000,0.000000,0.000000,0.000000,62.000000,87.470000
1779334300.892747,0,0.000000,0.000000,0.000000,0.000000,0.000000,0.000000,0.000000,0.000000,62.000000,87.480000
1779334300.907747,0,0.000000,0.000000,0.000000,0.000000,0.000000,0.000000,0.000000,0.000000,62.000000,87.480000
1779334300.915247,0,0.000000,0.000000,0.000000,0.000000,0.000000,0.000000,0.000000,0.000000,62.000000,87.510000
1779334300.922747,0,0.000000,0.000000,0.000000,0.000000,0.000000,0.000000,0.000000,0.000000,62.000000,87.510000
1779334300.938039,0,0.000000,0.000000,0.000000,0.000000,0.000000,0.000000,0.000000,0.000000,62.000000,87.520000
1779334300.955038,0,0.000000,0.000000,0.000000,0.000000,0.000000,0.000000,0.000000,0.000000,62.000000,87.540000
1779334300.960040,0,0.000000,0.000000,0.000000,0.000000,0.000000,0.000000,0.000000,0.000000,62.000000,87.550000
1779334300.975038,0,0.000000,0.000000,0.000000,0.000000,0.000000,0.000000,0.000000,0.000000,62.000000,87.550000
1779334300.990039,0,0.000000,0.000000,0.000000,0.000000,0.000000,0.000000,0.000000,0.000000,62.000000,87.560000
1779334300.991537,0,0.000000,0.000000,0.000000,0.000000,0.000000,0.000000,0.000000,0.000000,62.000000,87.580000
1779334301.005038,0,0.000000,0.000000,0.000000,0.000000,0.000000,0.000000,0.000000,0.000000,62.000000,87.580000
1779334301.020038,0,0.000000,0.000000,0.000000,0.000000,0.000000,0.000000,0.000000,0.000000,62.000000,87.610000
1779334301.027538,0,0.000000,0.000000,0.000000,0.000000,0.000000,0.000000,0.000000,0.000000,62.000000,87.620000
1779334301.046540,0,0.000000,0.000000,0.000000,0.000000,0.000000,0.000000,0.000000,0.000000,62.000000,87.620000
1779334301.058040,0,0.000000,0.000000,0.000000,0.000000,0.000000,0.000000,0.000000,0.000000,62.000000,87.620000
1779334301.065780,0,0.000000,0.000000,0.000000,0.000000,0.000000,0.000000,0.000000,0.000000,62.000000,87.650000
1779334301.072779,0,0.000000,0.000000,0.000000,0.000000,0.000000,0.000000,0.000000,0.000000,62.000000,87.660000
1779334301.080279,0,0.000000,0.000000,0.000000,0.000000,0.000000,0.000000,0.000000,0.000000,62.000000,87.660000
1779334301.095279,0,0.000000,0.000000,0.000000,0.000000,0.000000,0.000000,0.000000,0.000000,62.000000,87.680000
1779334301.102319,0,0.000000,0.000000,0.000000,0.000000,0.000000,0.000000,0.000000,0.000000,62.000000,87.690000
1779334301.117413,0,0.000000,0.000000,0.000000,0.000000,0.000000,0.000000,0.000000,0.000000,63.000000,87.700000
1779334301.133600,0,0.000000,0.000000,0.000000,0.000000,0.000000,0.000000,0.000000,0.000000,63.000000,87.720000
1779334301.155131,0,0.000000,0.000000,0.000000,0.000000,0.000000,0.000000,0.000000,0.000000,63.000000,87.730000
1779334301.155632,0,0.000000,0.000000,0.000000,0.000000,0.000000,0.000000,0.000000,0.000000,63.000000,87.730000
1779334301.156631,0,0.000000,0.000000,0.000000,0.000000,0.000000,0.000000,0.000000,0.000000,63.000000,87.750000
1779334301.171041,0,0.000000,0.000000,0.000000,0.000000,0.000000,0.000000,0.000000,0.000000,62.000000,87.760000
1779334301.193040,0,0.000000,0.000000,0.000000,0.000000,0.000000,0.000000,0.000000,0.000000,62.000000,87.760000
1779334301.194541,0,0.000000,0.000000,0.000000,0.000000,0.000000,0.000000,0.000000,0.000000,62.000000,87.770000
1779334301.199832,0,0.000000,0.000000,0.000000,0.000000,0.000000,0.000000,0.000000,0.000000,62.000000,87.790000
1779334301.214832,0,0.000000,0.000000,0.000000,0.000000,0.000000,0.000000,0.000000,0.000000,62.000000,87.800000
1779334301.222830,0,0.000000,0.000000,0.000000,0.000000,0.000000,0.000000,0.000000,0.000000,62.000000,87.800000
1779334301.229832,0,0.000000,0.000000,0.000000,0.000000,0.000000,0.000000,0.000000,0.000000,62.000000,87.810000
1779334301.245331,0,0.000000,0.000000,0.000000,0.000000,0.000000,0.000000,0.000000,0.000000,62.000000,87.830000
1779334301.259924,0,0.000000,0.000000,0.000000,0.000000,0.000000,0.000000,0.000000,0.000000,62.000000,87.830000
1779334301.276441,0,0.000000,0.000000,0.000000,0.000000,0.000000,0.000000,0.000000,0.000000,62.000000,87.840000
1779334301.277941,0,0.000000,0.000000,0.000000,0.000000,0.000000,0.000000,0.000000,0.000000,62.000000,87.870000
1779334301.290441,0,0.000000,0.000000,0.000000,0.000000,0.000000,0.000000,0.000000,0.000000,62.000000,87.870000
1779334301.297941,0,0.000000,0.000000,0.000000,0.000000,0.000000,0.000000,0.000000,0.000000,62.000000,87.880000
1779334301.319940,0,0.000000,0.000000,0.000000,0.000000,0.000000,0.000000,0.000000,0.000000,62.000000,87.900000
1779334301.321440,0,0.000000,0.000000,0.000000,0.000000,0.000000,0.000000,0.000000,0.000000,62.000000,87.910000
1779334301.334680,0,0.000000,0.000000,0.000000,0.000000,0.000000,0.000000,0.000000,0.000000,62.000000,87.910000
1779334301.342679,0,0.000000,0.000000,0.000000,0.000000,0.000000,0.000000,0.000000,0.000000,62.000000,87.930000
1779334301.372679,0,0.000000,0.000000,0.000000,0.000000,0.000000,0.000000,0.000000,0.000000,62.000000,87.940000
1779334301.373679,0,0.000000,0.000000,0.000000,0.000000,0.000000,0.000000,0.000000,0.000000,62.000000,87.940000
1779334301.380179,0,0.000000,0.000000,0.000000,0.000000,0.000000,0.000000,0.000000,0.000000,62.000000,87.970000
1779334301.388181,0,0.000000,0.000000,0.000000,0.000000,0.000000,0.000000,0.000000,0.000000,62.000000,87.980000
1779334301.403179,0,0.000000,0.000000,0.000000,0.000000,0.000000,0.000000,0.000000,0.000000,62.000000,87.980000
1779334301.417679,0,0.000000,0.000000,0.000000,0.000000,0.000000,0.000000,0.000000,0.000000,62.000000,88.000000
1779334301.425680,0,0.000000,0.000000,0.000000,0.000000,0.000000,0.000000,0.000000,0.000000,62.000000,88.010000
1779334301.432679,0,0.000000,0.000000,0.000000,0.000000,0.000000,0.000000,0.000000,0.000000,62.000000,88.020000
1779334301.447680,0,0.000000,0.000000,0.000000,0.000000,0.000000,0.000000,0.000000,0.000000,62.000000,88.040000
1779334301.462679,0,0.000000,0.000000,0.000000,0.000000,0.000000,0.000000,0.000000,0.000000,62.000000,88.050000
1779334301.470679,0,0.000000,0.000000,0.000000,0.000000,0.000000,0.000000,0.000000,0.000000,62.000000,88.050000
1779334301.477680,0,0.000000,0.000000,0.000000,0.000000,0.000000,0.000000,0.000000,0.000000,62.000000,88.060000
1779334301.484680,0,0.000000,0.000000,0.000000,0.000000,0.000000,0.000000,0.000000,0.000000,62.000000,88.080000
1779334301.499680,0,0.000000,0.000000,0.000000,0.000000,0.000000,0.000000,0.000000,0.000000,62.000000,88.080000
1779334301.507679,0,0.000000,0.000000,0.000000,0.000000,0.000000,0.000000,0.000000,0.000000,62.000000,88.090000
1779334301.522679,0,0.000000,0.000000,0.000000,0.000000,0.000000,0.000000,0.000000,0.000000,62.000000,88.110000
1779334301.529679,0,0.000000,0.000000,0.000000,0.000000,0.000000,0.000000,0.000000,0.000000,62.000000,88.120000
1779334301.545181,0,0.000000,0.000000,0.000000,0.000000,0.000000,0.000000,0.000000,0.000000,62.000000,88.120000
1779334301.560178,0,0.000000,0.000000,0.000000,0.000000,0.000000,0.000000,0.000000,0.000000,62.000000,88.130000
1779334301.568179,0,0.000000,0.000000,0.000000,0.000000,0.000000,0.000000,0.000000,0.000000,62.000000,88.150000
1779334301.582178,0,0.000000,0.000000,0.000000,0.000000,0.000000,0.000000,0.000000,0.000000,62.000000,88.160000
1779334301.590178,0,0.000000,0.000000,0.000000,0.000000,0.000000,0.000000,0.000000,0.000000,62.000000,88.180000
1779334301.598179,0,0.000000,0.000000,0.000000,0.000000,0.000000,0.000000,0.000000,0.000000,62.000000,88.190000
1779334301.612679,0,0.000000,0.000000,0.000000,0.000000,0.000000,0.000000,0.000000,0.000000,62.000000,88.190000
1779334301.627679,0,0.000000,0.000000,0.000000,0.000000,0.000000,0.000000,0.000000,0.000000,62.000000,88.200000
1779334301.635179,0,0.000000,0.000000,0.000000,0.000000,0.000000,0.000000,0.000000,0.000000,62.000000,88.220000
1779334301.642680,0,0.000000,0.000000,0.000000,0.000000,0.000000,0.000000,0.000000,0.000000,62.000000,88.230000
1779334301.665178,0,0.000000,0.000000,0.000000,0.000000,0.000000,0.000000,0.000000,0.000000,62.000000,88.250000
1779334301.666180,0,0.000000,0.000000,0.000000,0.000000,0.000000,0.000000,0.000000,0.000000,62.000000,88.250000
1779334301.672678,0,0.000000,0.000000,0.000000,0.000000,0.000000,0.000000,0.000000,0.000000,62.000000,88.260000
1779334301.687679,0,0.000000,0.000000,0.000000,0.000000,0.000000,0.000000,0.000000,0.000000,63.000000,88.270000
1779334301.695179,0,0.000000,0.000000,0.000000,0.000000,0.000000,0.000000,0.000000,0.000000,63.000000,88.290000
1779334301.710179,0,0.000000,0.000000,0.000000,0.000000,0.000000,0.000000,0.000000,0.000000,63.000000,88.300000
1779334301.717679,0,0.000000,0.000000,0.000000,0.000000,0.000000,0.000000,0.000000,0.000000,63.000000,88.300000
1779334301.732678,0,0.000000,0.000000,0.000000,0.000000,0.000000,0.000000,0.000000,0.000000,63.000000,88.310000
1779334301.740179,0,0.000000,0.000000,0.000000,0.000000,0.000000,0.000000,0.000000,0.000000,62.000000,88.330000
1779334301.755681,0,0.000000,0.000000,0.000000,0.000000,0.000000,0.000000,0.000000,0.000000,62.000000,88.330000
1779334301.770679,0,0.000000,0.000000,0.000000,0.000000,0.000000,0.000000,0.000000,0.000000,62.000000,88.340000
1779334301.777680,0,0.000000,0.000000,0.000000,0.000000,0.000000,0.000000,0.000000,0.000000,62.000000,88.360000
1779334301.807680,0,0.000000,0.000000,0.000000,0.000000,0.000000,0.000000,0.000000,0.000000,62.000000,88.370000
1779334301.808678,0,0.000000,0.000000,0.000000,0.000000,0.000000,0.000000,0.000000,0.000000,62.000000,88.380000
1779334301.809679,0,0.000000,0.000000,0.000000,0.000000,0.000000,0.000000,0.000000,0.000000,62.000000,88.400000
1779334301.822178,0,0.000000,0.000000,0.000000,0.000000,0.000000,0.000000,0.000000,0.000000,62.000000,88.410000
1779334301.837680,0,0.000000,0.000000,0.000000,0.000000,0.000000,0.000000,0.000000,0.000000,62.000000,88.410000
1779334301.838679,0,0.000000,0.000000,0.000000,0.000000,0.000000,0.000000,0.000000,0.000000,63.000000,88.430000
1779334301.867178,0,0.000000,0.000000,0.000000,0.000000,0.000000,0.000000,0.000000,0.000000,63.000000,88.440000
1779334301.868680,0,0.000000,0.000000,0.000000,0.000000,0.000000,0.000000,0.000000,0.000000,63.000000,88.440000
1779334301.874680,0,0.000000,0.000000,0.000000,0.000000,0.000000,0.000000,0.000000,0.000000,63.000000,88.450000
1779334301.882178,0,0.000000,0.000000,0.000000,0.000000,0.000000,0.000000,0.000000,0.000000,63.000000,88.470000
1779334301.890179,0,0.000000,0.000000,0.000000,0.000000,0.000000,0.000000,0.000000,0.000000,62.000000,88.480000
1779334301.905178,0,0.000000,0.000000,0.000000,0.000000,0.000000,0.000000,0.000000,0.000000,62.000000,88.500000
1779334301.912681,0,0.000000,0.000000,0.000000,0.000000,0.000000,0.000000,0.000000,0.000000,62.000000,88.510000
1779334301.927680,0,0.000000,0.000000,0.000000,0.000000,0.000000,0.000000,0.000000,0.000000,62.000000,88.510000
1779334301.935179,0,0.000000,0.000000,0.000000,0.000000,0.000000,0.000000,0.000000,0.000000,62.000000,88.520000
1779334301.950179,0,0.000000,0.000000,0.000000,0.000000,0.000000,0.000000,0.000000,0.000000,62.000000,88.540000
1779334301.957179,0,0.000000,0.000000,0.000000,0.000000,0.000000,0.000000,0.000000,0.000000,62.000000,88.550000
1779334301.964679,0,0.000000,0.000000,0.000000,0.000000,0.000000,0.000000,0.000000,0.000000,62.000000,88.550000
1779334301.980680,0,0.000000,0.000000,0.000000,0.000000,0.000000,0.000000,0.000000,0.000000,62.000000,88.560000
1779334301.995181,0,0.000000,0.000000,0.000000,0.000000,0.000000,0.000000,0.000000,0.000000,62.000000,88.580000
1779334302.010089,0,0.000000,0.000000,0.000000,0.000000,0.000000,0.000000,0.000000,0.000000,62.000000,88.580000
1779334302.011088,0,0.000000,0.000000,0.000000,0.000000,0.000000,0.000000,0.000000,0.000000,62.000000,88.590000
1779334302.017596,0,0.000000,0.000000,0.000000,0.000000,0.000000,0.000000,0.000000,0.000000,62.000000,88.610000
1779334302.040768,0,0.000000,0.000000,0.000000,0.000000,0.000000,0.000000,0.000000,0.000000,62.000000,88.620000
1779334302.042266,0,0.000000,0.000000,0.000000,0.000000,0.000000,0.000000,0.000000,0.000000,62.000000,88.620000
1779334302.047767,0,0.000000,0.000000,0.000000,0.000000,0.000000,0.000000,0.000000,0.000000,62.000000,88.630000
1779334302.062766,0,0.000000,0.000000,0.000000,0.000000,0.000000,0.000000,0.000000,0.000000,62.000000,88.650000
1779334302.069769,0,0.000000,0.000000,0.000000,0.000000,0.000000,0.000000,0.000000,0.000000,62.000000,88.660000
1779334302.085270,0,0.000000,0.000000,0.000000,0.000000,0.000000,0.000000,0.000000,0.000000,62.000000,88.660000
1779334302.100276,0,0.000000,0.000000,0.000000,0.000000,0.000000,0.000000,0.000000,0.000000,62.000000,88.680000
1779334302.115275,0,0.000000,0.000000,0.000000,0.000000,0.000000,0.000000,0.000000,0.000000,62.000000,88.690000
1779334302.122275,0,0.000000,0.000000,0.000000,0.000000,0.000000,0.000000,0.000000,0.000000,62.000000,88.700000
1779334302.130274,0,0.000000,0.000000,0.000000,0.000000,0.000000,0.000000,0.000000,0.000000,62.000000,88.720000
1779334302.145486,0,0.000000,0.000000,0.000000,0.000000,0.000000,0.000000,0.000000,0.000000,62.000000,88.730000
1779334302.152336,0,0.000000,0.000000,0.000000,0.000000,0.000000,0.000000,0.000000,0.000000,62.000000,88.730000
1779334302.167835,0,0.000000,0.000000,0.000000,0.000000,0.000000,0.000000,0.000000,0.000000,62.000000,88.760000
1779334302.174836,0,0.000000,0.000000,0.000000,0.000000,0.000000,0.000000,0.000000,0.000000,62.000000,88.760000
1779334302.190336,0,0.000000,0.000000,0.000000,0.000000,0.000000,0.000000,0.000000,0.000000,62.000000,88.770000
1779334302.197335,0,0.000000,0.000000,0.000000,0.000000,0.000000,0.000000,0.000000,0.000000,62.000000,88.790000
1779334302.212835,0,0.000000,0.000000,0.000000,0.000000,0.000000,0.000000,0.000000,0.000000,63.000000,88.800000
1779334302.219835,0,0.000000,0.000000,0.000000,0.000000,0.000000,0.000000,0.000000,0.000000,63.000000,88.800000
1779334302.242407,0,0.000000,0.000000,0.000000,0.000000,0.000000,0.000000,0.000000,0.000000,63.000000,88.810000
1779334302.243907,0,0.000000,0.000000,0.000000,0.000000,0.000000,0.000000,0.000000,0.000000,63.000000,88.830000
1779334302.257193,0,0.000000,0.000000,0.000000,0.000000,0.000000,0.000000,0.000000,0.000000,63.000000,88.830000
1779334302.264693,0,0.000000,0.000000,0.000000,0.000000,0.000000,0.000000,0.000000,0.000000,62.000000,88.860000
1779334302.273142,0,0.000000,0.000000,0.000000,0.000000,0.000000,0.000000,0.000000,0.000000,62.000000,88.870000
1779334302.288616,0,0.000000,0.000000,0.000000,0.000000,0.000000,0.000000,0.000000,0.000000,62.000000,88.870000
1779334302.302147,0,0.000000,0.000000,0.000000,0.000000,0.000000,0.000000,0.000000,0.000000,62.000000,88.880000
1779334302.310648,0,0.000000,0.000000,0.000000,0.000000,0.000000,0.000000,0.000000,0.000000,62.000000,88.900000
