sample_index,timestamp,time_s,source_file,activity_hint,L1_g,L2_g,L3_g,L4_g,L5_g,L6_g,L7_g,L8_g,L9_g,L10_g,L11_g,L12_g,L13_g,L14_g,L15_g,L16_g,L17_g,L18_g,total_g,p_fore_g,p_arch_g,p_heel_g,p_medial_g,p_lateral_g,cop_x_mm,cop_y_mm,cop_ap_norm,cop_ml_norm,cop_ap_dot_norm_s,cop_ml_dot_norm_s,gait_state,stance_phase,tau_proxy_pf_nm,tau_proxy_pf_nm_clipped,activity_pred,quality_flags
0,2026-05-14 23:08:06,0.000000,2026-5-14_stair2_left.csv,stair2,1201.000000,0.000000,0.000000,0.000000,0.000000,0.000000,598.000000,0.000000,0.000000,0.000000,0.000000,0.000000,527.000000,0.000000,0.000000,97.000000,0.000000,0.000000,2423.000000,1201.000000,598.000000,624.000000,624.000000,1799.000000,0.000000,0.000000,0.000000,0.000000,0.000000,0.000000,Swing,0.000000,0.000000,0.000000,ambiguous_stair,cop_invalid
1,2026-05-14 23:08:07,0.050000,2026-5-14_stair2_left.csv,stair2,1201.000000,0.000000,0.000000,0.000000,0.000000,0.000000,598.000000,0.000000,0.000000,0.000000,0.000000,0.000000,527.000000,0.000000,0.000000,97.000000,0.000000,0.000000,2423.000000,1201.000000,598.000000,624.000000,624.000000,1799.000000,0.000000,0.000000,0.000000,0.000000,0.000000,0.000000,Swing,0.000000,0.000000,0.000000,ambiguous_stair,cop_invalid
2,2026-05-14 23:08:07,0.100000,2026-5-14_stair2_left.csv,stair2,1201.000000,0.000000,0.000000,0.000000,0.000000,0.000000,598.000000,0.000000,0.000000,0.000000,0.000000,0.000000,527.000000,0.000000,0.000000,97.000000,0.000000,0.000000,2423.000000,1201.000000,598.000000,624.000000,624.000000,1799.000000,27.293772,186.755658,0.696342,0.314313,0.000000,0.000000,TerminalStance,0.000000,2.587424,1.500000,ambiguous_stair,
3,2026-05-14 23:08:07,0.150000,2026-5-14_stair2_left.csv,stair2,1201.000000,0.000000,0.000000,0.000000,0.000000,0.000000,598.000000,0.000000,0.000000,0.000000,0.000000,0.000000,527.000000,0.000000,0.000000,97.000000,0.000000,0.000000,2423.000000,1201.000000,598.000000,624.000000,624.000000,1799.000000,27.293772,186.755658,0.696342,0.314313,0.000000,0.000000,TerminalStance,0.076923,2.587424,1.500000,ambiguous_stair,
4,2026-05-14 23:08:07,0.200000,2026-5-14_stair2_left.csv,stair2,1201.000000,0.000000,0.000000,0.000000,0.000000,0.000000,598.000000,0.000000,0.000000,0.000000,0.000000,0.000000,527.000000,0.000000,0.000000,97.000000,0.000000,0.000000,2423.000000,1201.000000,598.000000,624.000000,624.000000,1799.000000,27.293772,186.755658,0.696342,0.314313,0.000000,0.000000,TerminalStance,0.153846,2.587424,1.500000,ambiguous_stair,
5,2026-05-14 23:08:07,0.250000,2026-5-14_stair2_left.csv,stair2,1201.000000,0.000000,0.000000,0.000000,0.000000,0.000000,598.000000,0.000000,0.000000,0.000000,0.000000,0.000000,527.000000,0.000000,0.000000,97.000000,0.000000,0.000000,2423.000000,1201.000000,598.000000,624.000000,624.000000,1799.000000,27.293772,186.755658,0.696342,0.314313,0.000000,0.000000,TerminalStance,0.230769,2.587424,1.500000,ambiguous_stair,
6,2026-05-14 23:08:07,0.300000,2026-5-14_stair2_left.csv,stair2,1201.000000,0.000000,0.000000,0.000000,0.000000,0.000000,598.000000,0.000000,0.000000,0.000000,0.000000,0.000000,527.000000,0.000000,0.000000,97.000000,0.000000,0.000000,2423.000000,1201.000000,598.000000,624.000000,624.000000,1799.000000,27.293772,186.755658,0.696342,0.314313,0.000000,0.000000,TerminalStance,0.307692,2.587424,1.500000,ambiguous_stair,
7,2026-05-14 23:08:07,0.350000,2026-5-14_stair2_left.csv,stair2,1201.000000,0.000000,0.000000,0.000000,0.000000,0.000000,598.000000,0.000000,0.000000,0.000000,0.000000,0.000000,527.000000,0.000000,0.000000,97.000000,0.000000,0.000000,2423.000000,1201.000000,598.000000,624.000000,624.000000,1799.000000,27.293772,186.755658,0.696342,0.314313,0.000000,0.000000,TerminalStance,0.384615,2.587424,1.500000,ambiguous_stair,
8,2026-05-14 23:08:07,0.400000,2026-5-14_stair2_left.csv,stair2,1201.000000,0.000000,0.000000,0.000000,0.000000,0.000000,598.000000,0.000000,0.000000,0.000000,0.000000,0.000000,527.000000,0.000000,0.000000,97.000000,0.000000,0.000000,2423.000000,1201.000000,598.000000,624.000000,624.000000,1799.000000,27.293772,186.755658,0.696342,0.314313,0.000000,0.000000,TerminalStance,0.461538,2.587424,1.500000,ambiguous_stair,
9,2026-05-14 23:08:07,0.450000,2026-5-14_stair2_left.csv,stair2,1201.000000,0.000000,0.000000,0.000000,0.000000,0.000000,598.000000,0.000000,0.000000,0.000000,0.000000,0.000000,527.000000,0.000000,0.000000,97.000000,0.000000,0.000000,2423.000000,1201.000000,598.000000,624.000000,624.000000,1799.000000,27.293772,186.755658,0.696342,0.314313,0.000000,0.000000,TerminalStance,0.538462,2.587424,1.500000,ambiguous_stair,
10,2026-05-14 23:08:07,0.500000,2026-5-14_stair2_left.csv,stair2,1201.000000,0.000000,0.000000,0.000000,0.000000,0.000000,598.000000,0.000000,0.000000,0.000000,0.000000,0.000000,527.000000,0.000000,0.000000,97.000000,0.000000,0.000000,2423.000000,1201.000000,598.000000,624.000000,624.000000,1799.000000,27.293772,186.755658,0.696342,0.314313,0.000000,0.000000,TerminalStance,0.615385,2.587424,1.500000,ambiguous_stair,
11,2026-05-14 23:08:07,0.550000,2026-5-14_stair2_left.csv,stair2,1201.000000,0.000000,0.000000,0.000000,0.000000,0.000000,598.000000,0.000000,0.000000,0.000000,0.000000,0.000000,527.000000,0.000000,0.000000,97.000000,0.000000,0.000000,2423.000000,1201.000000,598.000000,624.000000,624.000000,1799.000000,27.293772,186.755658,0.696342,0.314313,0.000000,0.000000,TerminalStance,0.692308,2.587424,1.500000,ambiguous_stair,
12,2026-05-14 23:08:07,0.600000,2026-5-14_stair2_left.csv,stair2,1201.000000,0.000000,0.000000,0.000000,0.000000,0.000000,598.000000,0.000000,0.000000,0.000000,0.000000,0.000000,527.000000,0.000000,0.000000,97.000000,0.000000,0.000000,2423.000000,1201.000000,598.000000,624.000000,624.000000,1799.000000,27.293772,186.755658,0.696342,0.314313,0.000000,0.000000,TerminalStance,0.769231,2.587424,1.500000,ambiguous_stair,
13,2026-05-14 23:08:07,0.650000,2026-5-14_stair2_left.csv,stair2,1201.000000,0.000000,0.000000,0.000000,0.000000,0.000000,598.000000,0.000000,0.000000,0.000000,0.000000,0.000000,527.000000,0.000000,0.000000,97.000000,0.000000,0.000000,2423.000000,1201.000000,598.000000,624.000000,624.000000,1799.000000,27.293772,186.755658,0.696342,0.314313,0.000000,0.000000,TerminalStance,0.846154,2.587424,1.500000,ambiguous_stair,
14,2026-05-14 23:08:07,0.700000,2026-5-14_stair2_left.csv,stair2,1201.000000,0.000000,0.000000,0.000000,0.000000,0.000000,598.000000,0.000000,0.000000,0.000000,0.000000,0.000000,527.000000,0.000000,0.000000,97.000000,0.000000,0.000000,2423.000000,1201.000000,598.000000,624.000000,624.000000,1799.000000,27.293772,186.755658,0.696342,0.314313,0.000000,0.000000,PreSwing,0.923077,2.587424,1.500000,ambiguous_stair,
15,2026-05-14 23:08:07,0.750000,2026-5-14_stair2_left.csv,stair2,1201.000000,0.000000,0.000000,0.000000,0.000000,0.000000,598.000000,0.000000,0.000000,0.000000,0.000000,0.000000,527.000000,0.000000,0.000000,97.000000,0.000000,0.000000,2423.000000,1201.000000,598.000000,624.000000,624.000000,1799.000000,27.293772,186.755658,0.696342,0.314313,0.000000,0.000000,PreSwing,1.000000,2.587424,1.500000,ambiguous_stair,
16,2026-05-14 23:08:07,0.800000,2026-5-14_stair2_left.csv,stair2,1201.000000,0.000000,0.000000,0.000000,0.000000,0.000000,598.000000,0.000000,0.000000,0.000000,0.000000,0.000000,527.000000,0.000000,0.000000,97.000000,0.000000,0.000000,2423.000000,1201.000000,598.000000,624.000000,624.000000,1799.000000,27.293772,186.755658,0.696342,0.314313,0.000000,0.000000,PreSwing,1.000000,2.587424,1.500000,ambiguous_stair,
17,2026-05-14 23:08:08,0.850000,2026-5-14_stair2_left.csv,stair2,1201.000000,0.000000,0.000000,0.000000,0.000000,0.000000,598.000000,0.000000,0.000000,0.000000,0.000000,0.000000,527.000000,0.000000,0.000000,97.000000,0.000000,0.000000,2423.000000,1201.000000,598.000000,624.000000,624.000000,1799.000000,27.293772,186.755658,0.696342,0.314313,0.000000,0.000000,PreSwing,1.000000,2.587424,1.500000,ambiguous_stair,
18,2026-05-14 23:08:08,0.900000,2026-5-14_stair2_left.csv,stair2,1201.000000,0.000000,0.000000,0.000000,0.000000,0.000000,598.000000,0.000000,0.000000,0.000000,0.000000,0.000000,527.000000,0.000000,0.000000,97.000000,0.000000,0.000000,2423.000000,1201.000000,598.000000,624.000000,624.000000,1799.000000,27.293772,186.755658,0.696342,0.314313,0.000000,0.000000,PreSwing,1.000000,2.587424,1.500000,ambiguous_stair,
19,2026-05-14 23:08:08,0.950000,2026-5-14_stair2_left.csv,stair2,1201.000000,0.000000,0.000000,0.000000,0.000000,0.000000,598.000000,0.000000,0.000000,0.000000,0.000000,0.000000,527.000000,0.000000,0.000000,97.000000,0.000000,0.000000,2423.000000,1201.000000,598.000000,624.000000,624.000000,1799.000000,27.293772,186.755658,0.696342,0.314313,0.000000,0.000000,PreSwing,1.000000,2.587424,1.500000,ambiguous_stair,
20,2026-05-14 23:08:08,1.000000,2026-5-14_stair2_left.csv,stair2,1201.000000,0.000000,0.000000,0.000000,0.000000,0.000000,598.000000,0.000000,0.000000,0.000000,0.000000,0.000000,527.000000,0.000000,0.000000,97.000000,0.000000,0.000000,2423.000000,1201.000000,598.000000,624.000000,624.000000,1799.000000,27.293772,186.755658,0.696342,0.314313,0.000000,0.000000,PreSwing,1.000000,2.587424,1.500000,ambiguous_stair,
21,2026-05-14 23:08:08,1.050000,2026-5-14_stair2_left.csv,stair2,1201.000000,0.000000,0.000000,0.000000,0.000000,0.000000,598.000000,0.000000,0.000000,0.000000,0.000000,0.000000,527.000000,0.000000,0.000000,97.000000,0.000000,0.000000,2423.000000,1201.000000,598.000000,624.000000,624.000000,1799.000000,27.293772,186.755658,0.696342,0.314313,0.000000,0.000000,PreSwing,1.000000,2.587424,1.500000,ambiguous_stair,
22,2026-05-14 23:08:08,1.100000,2026-5-14_stair2_left.csv,stair2,1201.000000,0.000000,0.000000,0.000000,0.000000,0.000000,598.000000,0.000000,0.000000,0.000000,0.000000,0.000000,527.000000,0.000000,0.000000,97.000000,0.000000,0.000000,2423.000000,1201.000000,598.000000,624.000000,624.000000,1799.000000,27.293772,186.755658,0.696342,0.314313,0.000000,0.000000,PreSwing,1.000000,2.587424,1.500000,ambiguous_stair,
23,2026-05-14 23:08:08,1.150000,2026-5-14_stair2_left.csv,stair2,1201.000000,0.000000,0.000000,0.000000,0.000000,0.000000,598.000000,0.000000,0.000000,0.000000,0.000000,0.000000,527.000000,0.000000,0.000000,97.000000,0.000000,0.000000,2423.000000,1201.000000,598.000000,624.000000,624.000000,1799.000000,27.293772,186.755658,0.696342,0.314313,0.000000,0.000000,PreSwing,1.000000,2.587424,1.500000,ambiguous_stair,
24,2026-05-14 23:08:08,1.200000,2026-5-14_stair2_left.csv,stair2,1201.000000,0.000000,0.000000,0.000000,0.000000,0.000000,598.000000,0.000000,0.000000,0.000000,0.000000,0.000000,527.000000,0.000000,0.000000,97.000000,0.000000,0.000000,2423.000000,1201.000000,598.000000,624.000000,624.000000,1799.000000,27.293772,186.755658,0.696342,0.314313,0.000000,0.000000,PreSwing,1.000000,2.587424,1.500000,ambiguous_stair,
25,2026-05-14 23:08:08,1.250000,2026-5-14_stair2_left.csv,stair2,1201.000000,0.000000,0.000000,0.000000,0.000000,0.000000,598.000000,0.000000,0.000000,0.000000,0.000000,0.000000,527.000000,0.000000,0.000000,97.000000,0.000000,0.000000,2423.000000,1201.000000,598.000000,624.000000,624.000000,1799.000000,27.293772,186.755658,0.696342,0.314313,0.000000,0.000000,PreSwing,1.000000,2.587424,1.500000,ambiguous_stair,
26,2026-05-14 23:08:08,1.300000,2026-5-14_stair2_left.csv,stair2,1201.000000,0.000000,0.000000,0.000000,0.000000,0.000000,598.000000,0.000000,0.000000,0.000000,0.000000,0.000000,527.000000,0.000000,0.000000,97.000000,0.000000,0.000000,2423.000000,1201.000000,598.000000,624.000000,624.000000,1799.000000,27.293772,186.755658,0.696342,0.314313,0.000000,0.000000,PreSwing,1.000000,2.587424,1.500000,ambiguous_stair,
27,2026-05-14 23:08:08,1.350000,2026-5-14_stair2_left.csv,stair2,1201.000000,0.000000,0.000000,0.000000,0.000000,0.000000,598.000000,0.000000,0.000000,0.000000,0.000000,0.000000,527.000000,0.000000,0.000000,97.000000,0.000000,0.000000,2423.000000,1201.000000,598.000000,624.000000,624.000000,1799.000000,27.293772,186.755658,0.696342,0.314313,0.000000,0.000000,PreSwing,1.000000,2.587424,1.500000,ambiguous_stair,
28,2026-05-14 23:08:08,1.400000,2026-5-14_stair2_left.csv,stair2,1201.000000,0.000000,0.000000,0.000000,0.000000,0.000000,598.000000,0.000000,0.000000,0.000000,0.000000,0.000000,527.000000,0.000000,0.000000,97.000000,0.000000,0.000000,2423.000000,1201.000000,598.000000,624.000000,624.000000,1799.000000,27.293772,186.755658,0.696342,0.314313,0.000000,0.000000,PreSwing,1.000000,2.587424,1.500000,ambiguous_stair,
29,2026-05-14 23:08:08,1.450000,2026-5-14_stair2_left.csv,stair2,1201.000000,0.000000,0.000000,0.000000,0.000000,0.000000,598.000000,0.000000,0.000000,0.000000,0.000000,0.000000,527.000000,0.000000,0.000000,97.000000,0.000000,0.000000,2423.000000,1201.000000,598.000000,624.000000,624.000000,1799.000000,27.293772,186.755658,0.696342,0.314313,0.000000,0.000000,PreSwing,1.000000,2.587424,1.500000,ambiguous_stair,
30,2026-05-14 23:08:08,1.500000,2026-5-14_stair2_left.csv,stair2,1201.000000,0.000000,0.000000,0.000000,0.000000,0.000000,598.000000,0.000000,0.000000,0.000000,0.000000,0.000000,527.000000,0.000000,0.000000,97.000000,0.000000,0.000000,2423.000000,1201.000000,598.000000,624.000000,624.000000,1799.000000,27.293772,186.755658,0.696342,0.314313,0.000000,0.000000,PreSwing,1.000000,2.587424,1.500000,ambiguous_stair,
31,2026-05-14 23:08:08,1.550000,2026-5-14_stair2_left.csv,stair2,1201.000000,0.000000,0.000000,0.000000,0.000000,0.000000,598.000000,0.000000,0.000000,0.000000,0.000000,0.000000,527.000000,0.000000,0.000000,97.000000,0.000000,0.000000,2423.000000,1201.000000,598.000000,624.000000,624.000000,1799.000000,27.293772,186.755658,0.696342,0.314313,0.000000,0.000000,PreSwing,1.000000,2.587424,1.500000,ambiguous_stair,
32,2026-05-14 23:08:08,1.600000,2026-5-14_stair2_left.csv,stair2,1201.000000,0.000000,0.000000,0.000000,0.000000,0.000000,598.000000,0.000000,0.000000,0.000000,0.000000,0.000000,527.000000,0.000000,0.000000,97.000000,0.000000,0.000000,2423.000000,1201.000000,598.000000,624.000000,624.000000,1799.000000,27.293772,186.755658,0.696342,0.314313,0.000000,0.000000,PreSwing,1.000000,2.587424,1.500000,ambiguous_stair,
33,2026-05-14 23:08:08,1.650000,2026-5-14_stair2_left.csv,stair2,1201.000000,0.000000,0.000000,0.000000,0.000000,0.000000,598.000000,0.000000,0.000000,0.000000,0.000000,0.000000,527.000000,0.000000,0.000000,97.000000,0.000000,0.000000,2423.000000,1201.000000,598.000000,624.000000,624.000000,1799.000000,27.293772,186.755658,0.696342,0.314313,0.000000,0.000000,PreSwing,1.000000,2.587424,1.500000,ambiguous_stair,
34,2026-05-14 23:08:08,1.700000,2026-5-14_stair2_left.csv,stair2,1201.000000,0.000000,0.000000,0.000000,0.000000,0.000000,598.000000,0.000000,0.000000,0.000000,0.000000,0.000000,527.000000,0.000000,0.000000,97.000000,0.000000,0.000000,2423.000000,1201.000000,598.000000,624.000000,624.000000,1799.000000,27.293772,186.755658,0.696342,0.314313,0.000000,0.000000,PreSwing,1.000000,2.587424,1.500000,ambiguous_stair,
35,2026-05-14 23:08:08,1.750000,2026-5-14_stair2_left.csv,stair2,1201.000000,0.000000,0.000000,0.000000,0.000000,0.000000,598.000000,0.000000,0.000000,0.000000,0.000000,0.000000,527.000000,0.000000,0.000000,97.000000,0.000000,0.000000,2423.000000,1201.000000,598.000000,624.000000,624.000000,1799.000000,27.293772,186.755658,0.696342,0.314313,0.000000,0.000000,PreSwing,1.000000,2.587424,1.500000,ambiguous_stair,
36,2026-05-14 23:08:08,1.800000,2026-5-14_stair2_left.csv,stair2,1201.000000,0.000000,0.000000,0.000000,0.000000,0.000000,598.000000,0.000000,0.000000,0.000000,0.000000,0.000000,527.000000,0.000000,0.000000,97.000000,0.000000,0.000000,2423.000000,1201.000000,598.000000,624.000000,624.000000,1799.000000,27.293772,186.755658,0.696342,0.314313,0.000000,0.000000,PreSwing,1.000000,2.587424,1.500000,ambiguous_stair,
37,2026-05-14 23:08:09,1.850000,2026-5-14_stair2_left.csv,stair2,1201.000000,0.000000,0.000000,0.000000,0.000000,0.000000,598.000000,0.000000,0.000000,0.000000,0.000000,0.000000,527.000000,0.000000,0.000000,97.000000,0.000000,0.000000,2423.000000,1201.000000,598.000000,624.000000,624.000000,1799.000000,27.293772,186.755658,0.696342,0.314313,0.000000,0.000000,PreSwing,1.000000,2.587424,1.500000,ambiguous_stair,
38,2026-05-14 23:08:09,1.900000,2026-5-14_stair2_left.csv,stair2,1201.000000,0.000000,0.000000,0.000000,0.000000,0.000000,598.000000,0.000000,0.000000,0.000000,0.000000,0.000000,527.000000,0.000000,0.000000,97.000000,0.000000,0.000000,2423.000000,1201.000000,598.000000,624.000000,624.000000,1799.000000,27.293772,186.755658,0.696342,0.314313,0.000000,0.000000,PreSwing,1.000000,2.587424,1.500000,ambiguous_stair,
39,2026-05-14 23:08:09,1.950000,2026-5-14_stair2_left.csv,stair2,1201.000000,0.000000,0.000000,0.000000,0.000000,0.000000,598.000000,0.000000,0.000000,0.000000,0.000000,0.000000,527.000000,0.000000,0.000000,97.000000,0.000000,0.000000,2423.000000,1201.000000,598.000000,624.000000,624.000000,1799.000000,27.293772,186.755658,0.696342,0.314313,0.000000,0.000000,PreSwing,1.000000,2.587424,1.500000,ambiguous_stair,
40,2026-05-14 23:08:09,2.000000,2026-5-14_stair2_left.csv,stair2,1201.000000,0.000000,0.000000,0.000000,0.000000,0.000000,598.000000,0.000000,0.000000,0.000000,0.000000,0.000000,527.000000,0.000000,0.000000,97.000000,0.000000,0.000000,2423.000000,1201.000000,598.000000,624.000000,624.000000,1799.000000,27.293772,186.755658,0.696342,0.314313,0.000000,0.000000,PreSwing,1.000000,2.587424,1.500000,ambiguous_stair,
41,2026-05-14 23:08:09,2.050000,2026-5-14_stair2_left.csv,stair2,1201.000000,0.000000,0.000000,0.000000,0.000000,0.000000,598.000000,0.000000,0.000000,0.000000,0.000000,0.000000,527.000000,0.000000,0.000000,97.000000,0.000000,0.000000,2423.000000,1201.000000,598.000000,624.000000,624.000000,1799.000000,27.293772,186.755658,0.696342,0.314313,0.000000,0.000000,PreSwing,1.000000,2.587424,1.500000,ambiguous_stair,
42,2026-05-14 23:08:09,2.100000,2026-5-14_stair2_left.csv,stair2,1201.000000,0.000000,0.000000,0.000000,0.000000,0.000000,598.000000,0.000000,0.000000,0.000000,0.000000,0.000000,527.000000,0.000000,0.000000,97.000000,0.000000,0.000000,2423.000000,1201.000000,598.000000,624.000000,624.000000,1799.000000,27.293772,186.755658,0.696342,0.314313,0.000000,0.000000,PreSwing,1.000000,2.587424,1.500000,ambiguous_stair,
43,2026-05-14 23:08:09,2.150000,2026-5-14_stair2_left.csv,stair2,1201.000000,0.000000,0.000000,0.000000,0.000000,0.000000,598.000000,0.000000,0.000000,0.000000,0.000000,0.000000,527.000000,0.000000,0.000000,97.000000,0.000000,0.000000,2423.000000,1201.000000,598.000000,624.000000,624.000000,1799.000000,27.293772,186.755658,0.696342,0.314313,0.000000,0.000000,PreSwing,1.000000,2.587424,1.500000,ambiguous_stair,
44,2026-05-14 23:08:09,2.200000,2026-5-14_stair2_left.csv,stair2,1201.000000,0.000000,0.000000,0.000000,0.000000,0.000000,598.000000,0.000000,0.000000,0.000000,0.000000,0.000000,527.000000,0.000000,0.000000,97.000000,0.000000,0.000000,2423.000000,1201.000000,598.000000,624.000000,624.000000,1799.000000,27.293772,186.755658,0.696342,0.314313,0.000000,0.000000,PreSwing,1.000000,2.587424,1.500000,ambiguous_stair,
45,2026-05-14 23:08:09,2.250000,2026-5-14_stair2_left.csv,stair2,1201.000000,0.000000,0.000000,0.000000,0.000000,0.000000,598.000000,0.000000,0.000000,0.000000,0.000000,0.000000,527.000000,0.000000,0.000000,97.000000,0.000000,0.000000,2423.000000,1201.000000,598.000000,624.000000,624.000000,1799.000000,27.293772,186.755658,0.696342,0.314313,0.000000,0.000000,PreSwing,1.000000,2.587424,1.500000,ambiguous_stair,
46,2026-05-14 23:08:09,2.300000,2026-5-14_stair2_left.csv,stair2,1201.000000,0.000000,0.000000,0.000000,0.000000,0.000000,598.000000,0.000000,0.000000,0.000000,0.000000,0.000000,527.000000,0.000000,0.000000,97.000000,0.000000,0.000000,2423.000000,1201.000000,598.000000,624.000000,624.000000,1799.000000,27.293772,186.755658,0.696342,0.314313,0.000000,0.000000,PreSwing,1.000000,2.587424,1.500000,ambiguous_stair,
47,2026-05-14 23:08:09,2.350000,2026-5-14_stair2_left.csv,stair2,1201.000000,0.000000,0.000000,0.000000,0.000000,0.000000,598.000000,0.000000,0.000000,0.000000,0.000000,0.000000,527.000000,0.000000,0.000000,97.000000,0.000000,0.000000,2423.000000,1201.000000,598.000000,624.000000,624.000000,1799.000000,27.293772,186.755658,0.696342,0.314313,0.000000,0.000000,PreSwing,1.000000,2.587424,1.500000,ambiguous_stair,
48,2026-05-14 23:08:09,2.400000,2026-5-14_stair2_left.csv,stair2,1201.000000,0.000000,0.000000,0.000000,0.000000,0.000000,598.000000,0.000000,0.000000,0.000000,0.000000,0.000000,527.000000,0.000000,0.000000,97.000000,0.000000,0.000000,2423.000000,1201.000000,598.000000,624.000000,624.000000,1799.000000,27.293772,186.755658,0.696342,0.314313,0.000000,0.000000,PreSwing,1.000000,2.587424,1.500000,ambiguous_stair,
49,2026-05-14 23:08:09,2.450000,2026-5-14_stair2_left.csv,stair2,1201.000000,0.000000,0.000000,0.000000,0.000000,0.000000,598.000000,0.000000,0.000000,0.000000,0.000000,0.000000,527.000000,0.000000,0.000000,97.000000,0.000000,0.000000,2423.000000,1201.000000,598.000000,624.000000,624.000000,1799.000000,27.293772,186.755658,0.696342,0.314313,0.000000,0.000000,PreSwing,1.000000,2.587424,1.500000,ambiguous_stair,
50,2026-05-14 23:08:09,2.500000,2026-5-14_stair2_left.csv,stair2,1201.000000,0.000000,0.000000,0.000000,0.000000,0.000000,598.000000,0.000000,0.000000,0.000000,0.000000,0.000000,527.000000,0.000000,0.000000,97.000000,0.000000,0.000000,2423.000000,1201.000000,598.000000,624.000000,624.000000,1799.000000,27.293772,186.755658,0.696342,0.314313,0.000000,0.000000,PreSwing,1.000000,2.587424,1.500000,ambiguous_stair,
51,2026-05-14 23:08:09,2.550000,2026-5-14_stair2_left.csv,stair2,1201.000000,0.000000,0.000000,0.000000,0.000000,0.000000,598.000000,0.000000,0.000000,0.000000,0.000000,0.000000,527.000000,0.000000,0.000000,97.000000,0.000000,0.000000,2423.000000,1201.000000,598.000000,624.000000,624.000000,1799.000000,27.293772,186.755658,0.696342,0.314313,0.000000,0.000000,PreSwing,1.000000,2.587424,1.500000,ambiguous_stair,
52,2026-05-14 23:08:09,2.600000,2026-5-14_stair2_left.csv,stair2,1201.000000,0.000000,0.000000,0.000000,0.000000,0.000000,598.000000,0.000000,0.000000,0.000000,0.000000,0.000000,527.000000,0.000000,0.000000,97.000000,0.000000,0.000000,2423.000000,1201.000000,598.000000,624.000000,624.000000,1799.000000,27.293772,186.755658,0.696342,0.314313,0.000000,0.000000,PreSwing,1.000000,2.587424,1.500000,ambiguous_stair,
53,2026-05-14 23:08:09,2.650000,2026-5-14_stair2_left.csv,stair2,1201.000000,0.000000,0.000000,0.000000,0.000000,0.000000,598.000000,0.000000,0.000000,0.000000,0.000000,0.000000,527.000000,0.000000,0.000000,97.000000,0.000000,0.000000,2423.000000,1201.000000,598.000000,624.000000,624.000000,1799.000000,27.293772,186.755658,0.696342,0.314313,0.000000,0.000000,PreSwing,1.000000,2.587424,1.500000,ambiguous_stair,
54,2026-05-14 23:08:09,2.700000,2026-5-14_stair2_left.csv,stair2,1201.000000,0.000000,0.000000,0.000000,0.000000,0.000000,598.000000,0.000000,0.000000,0.000000,0.000000,0.000000,527.000000,0.000000,0.000000,97.000000,0.000000,0.000000,2423.000000,1201.000000,598.000000,624.000000,624.000000,1799.000000,27.293772,186.755658,0.696342,0.314313,0.000000,0.000000,PreSwing,1.000000,2.587424,1.500000,ambiguous_stair,
55,2026-05-14 23:08:09,2.750000,2026-5-14_stair2_left.csv,stair2,1201.000000,0.000000,0.000000,0.000000,0.000000,0.000000,598.000000,0.000000,0.000000,0.000000,0.000000,0.000000,527.000000,0.000000,0.000000,97.000000,0.000000,0.000000,2423.000000,1201.000000,598.000000,624.000000,624.000000,1799.000000,27.293772,186.755658,0.696342,0.314313,0.000000,0.000000,PreSwing,1.000000,2.587424,1.500000,ambiguous_stair,
56,2026-05-14 23:08:09,2.800000,2026-5-14_stair2_left.csv,stair2,1201.000000,0.000000,0.000000,0.000000,0.000000,0.000000,598.000000,0.000000,0.000000,0.000000,0.000000,0.000000,527.000000,0.000000,0.000000,97.000000,0.000000,0.000000,2423.000000,1201.000000,598.000000,624.000000,624.000000,1799.000000,27.293772,186.755658,0.696342,0.314313,0.000000,0.000000,PreSwing,1.000000,2.587424,1.500000,ambiguous_stair,
57,2026-05-14 23:08:10,2.850000,2026-5-14_stair2_left.csv,stair2,1201.000000,0.000000,0.000000,0.000000,0.000000,0.000000,598.000000,0.000000,0.000000,0.000000,0.000000,0.000000,527.000000,0.000000,0.000000,97.000000,0.000000,0.000000,2423.000000,1201.000000,598.000000,624.000000,624.000000,1799.000000,27.293772,186.755658,0.696342,0.314313,0.000000,0.000000,PreSwing,1.000000,2.587424,1.500000,ambiguous_stair,
58,2026-05-14 23:08:10,2.900000,2026-5-14_stair2_left.csv,stair2,1201.000000,0.000000,0.000000,0.000000,0.000000,0.000000,598.000000,0.000000,0.000000,0.000000,0.000000,0.000000,527.000000,0.000000,0.000000,97.000000,0.000000,0.000000,2423.000000,1201.000000,598.000000,624.000000,624.000000,1799.000000,27.293772,186.755658,0.696342,0.314313,0.000000,0.000000,PreSwing,1.000000,2.587424,1.500000,ambiguous_stair,
59,2026-05-14 23:08:10,2.950000,2026-5-14_stair2_left.csv,stair2,1201.000000,0.000000,0.000000,0.000000,0.000000,0.000000,598.000000,0.000000,0.000000,0.000000,0.000000,0.000000,527.000000,0.000000,0.000000,97.000000,0.000000,0.000000,2423.000000,1201.000000,598.000000,624.000000,624.000000,1799.000000,27.293772,186.755658,0.696342,0.314313,0.000000,0.000000,PreSwing,1.000000,2.587424,1.500000,ambiguous_stair,
60,2026-05-14 23:08:10,3.000000,2026-5-14_stair2_left.csv,stair2,1201.000000,0.000000,0.000000,0.000000,0.000000,0.000000,598.000000,0.000000,0.000000,0.000000,0.000000,0.000000,527.000000,0.000000,0.000000,97.000000,0.000000,0.000000,2423.000000,1201.000000,598.000000,624.000000,624.000000,1799.000000,27.293772,186.755658,0.696342,0.314313,0.000000,0.000000,PreSwing,1.000000,2.587424,1.500000,ambiguous_stair,
61,2026-05-14 23:08:10,3.050000,2026-5-14_stair2_left.csv,stair2,1201.000000,0.000000,0.000000,0.000000,0.000000,0.000000,598.000000,0.000000,0.000000,0.000000,0.000000,0.000000,527.000000,0.000000,0.000000,97.000000,0.000000,0.000000,2423.000000,1201.000000,598.000000,624.000000,624.000000,1799.000000,27.293772,186.755658,0.696342,0.314313,0.000000,0.000000,PreSwing,1.000000,2.587424,1.500000,ambiguous_stair,
62,2026-05-14 23:08:10,3.100000,2026-5-14_stair2_left.csv,stair2,1201.000000,0.000000,0.000000,0.000000,0.000000,0.000000,598.000000,0.000000,0.000000,0.000000,0.000000,0.000000,527.000000,0.000000,0.000000,97.000000,0.000000,0.000000,2423.000000,1201.000000,598.000000,624.000000,624.000000,1799.000000,27.293772,186.755658,0.696342,0.314313,0.000000,0.000000,PreSwing,1.000000,2.587424,1.500000,ambiguous_stair,
63,2026-05-14 23:08:10,3.150000,2026-5-14_stair2_left.csv,stair2,1201.000000,0.000000,0.000000,0.000000,0.000000,0.000000,598.000000,0.000000,0.000000,0.000000,0.000000,0.000000,527.000000,0.000000,0.000000,97.000000,0.000000,0.000000,2423.000000,1201.000000,598.000000,624.000000,624.000000,1799.000000,27.293772,186.755658,0.696342,0.314313,0.000000,0.000000,PreSwing,1.000000,2.587424,1.500000,ambiguous_stair,
64,2026-05-14 23:08:10,3.200000,2026-5-14_stair2_left.csv,stair2,1201.000000,0.000000,0.000000,0.000000,0.000000,0.000000,598.000000,0.000000,0.000000,0.000000,0.000000,0.000000,527.000000,0.000000,0.000000,97.000000,0.000000,0.000000,2423.000000,1201.000000,598.000000,624.000000,624.000000,1799.000000,27.293772,186.755658,0.696342,0.314313,0.000000,0.000000,PreSwing,1.000000,2.587424,1.500000,ambiguous_stair,
65,2026-05-14 23:08:10,3.250000,2026-5-14_stair2_left.csv,stair2,1201.000000,0.000000,0.000000,0.000000,0.000000,0.000000,598.000000,0.000000,0.000000,0.000000,0.000000,0.000000,527.000000,0.000000,0.000000,97.000000,0.000000,0.000000,2423.000000,1201.000000,598.000000,624.000000,624.000000,1799.000000,27.293772,186.755658,0.696342,0.314313,0.000000,0.000000,PreSwing,1.000000,2.587424,1.500000,ambiguous_stair,
66,2026-05-14 23:08:10,3.300000,2026-5-14_stair2_left.csv,stair2,1201.000000,0.000000,0.000000,0.000000,0.000000,0.000000,598.000000,0.000000,0.000000,0.000000,0.000000,0.000000,527.000000,0.000000,0.000000,97.000000,0.000000,0.000000,2423.000000,1201.000000,598.000000,624.000000,624.000000,1799.000000,27.293772,186.755658,0.696342,0.314313,0.000000,0.000000,PreSwing,1.000000,2.587424,1.500000,ambiguous_stair,
67,2026-05-14 23:08:10,3.350000,2026-5-14_stair2_left.csv,stair2,1201.000000,0.000000,0.000000,0.000000,0.000000,0.000000,598.000000,0.000000,0.000000,0.000000,0.000000,0.000000,527.000000,0.000000,0.000000,97.000000,0.000000,0.000000,2423.000000,1201.000000,598.000000,624.000000,624.000000,1799.000000,27.293772,186.755658,0.696342,0.314313,0.000000,0.000000,PreSwing,1.000000,2.587424,1.500000,ambiguous_stair,
68,2026-05-14 23:08:10,3.400000,2026-5-14_stair2_left.csv,stair2,1201.000000,0.000000,0.000000,0.000000,0.000000,0.000000,598.000000,0.000000,0.000000,0.000000,0.000000,0.000000,527.000000,0.000000,0.000000,97.000000,0.000000,0.000000,2423.000000,1201.000000,598.000000,624.000000,624.000000,1799.000000,27.293772,186.755658,0.696342,0.314313,0.000000,0.000000,PreSwing,1.000000,2.587424,1.500000,ambiguous_stair,
69,2026-05-14 23:08:10,3.450000,2026-5-14_stair2_left.csv,stair2,1201.000000,0.000000,0.000000,0.000000,0.000000,0.000000,598.000000,0.000000,0.000000,0.000000,0.000000,0.000000,527.000000,0.000000,0.000000,97.000000,0.000000,0.000000,2423.000000,1201.000000,598.000000,624.000000,624.000000,1799.000000,27.293772,186.755658,0.696342,0.314313,0.000000,0.000000,PreSwing,1.000000,2.587424,1.500000,ambiguous_stair,
70,2026-05-14 23:08:10,3.500000,2026-5-14_stair2_left.csv,stair2,1201.000000,0.000000,0.000000,0.000000,0.000000,0.000000,598.000000,0.000000,0.000000,0.000000,0.000000,0.000000,527.000000,0.000000,0.000000,97.000000,0.000000,0.000000,2423.000000,1201.000000,598.000000,624.000000,624.000000,1799.000000,27.293772,186.755658,0.696342,0.314313,0.000000,0.000000,PreSwing,1.000000,2.587424,1.500000,ambiguous_stair,
71,2026-05-14 23:08:10,3.550000,2026-5-14_stair2_left.csv,stair2,1201.000000,0.000000,0.000000,0.000000,0.000000,0.000000,598.000000,0.000000,0.000000,0.000000,0.000000,0.000000,527.000000,0.000000,0.000000,97.000000,0.000000,0.000000,2423.000000,1201.000000,598.000000,624.000000,624.000000,1799.000000,27.293772,186.755658,0.696342,0.314313,0.000000,0.000000,PreSwing,1.000000,2.587424,1.500000,ambiguous_stair,
72,2026-05-14 23:08:10,3.600000,2026-5-14_stair2_left.csv,stair2,1201.000000,0.000000,0.000000,0.000000,0.000000,0.000000,598.000000,0.000000,0.000000,0.000000,0.000000,0.000000,527.000000,0.000000,0.000000,97.000000,0.000000,0.000000,2423.000000,1201.000000,598.000000,624.000000,624.000000,1799.000000,27.293772,186.755658,0.696342,0.314313,0.000000,0.000000,PreSwing,1.000000,2.587424,1.500000,ambiguous_stair,
73,2026-05-14 23:08:10,3.650000,2026-5-14_stair2_left.csv,stair2,1201.000000,0.000000,0.000000,0.000000,0.000000,0.000000,598.000000,0.000000,0.000000,0.000000,0.000000,0.000000,527.000000,0.000000,0.000000,97.000000,0.000000,0.000000,2423.000000,1201.000000,598.000000,624.000000,624.000000,1799.000000,27.293772,186.755658,0.696342,0.314313,0.000000,0.000000,PreSwing,1.000000,2.587424,1.500000,ambiguous_stair,
74,2026-05-14 23:08:10,3.700000,2026-5-14_stair2_left.csv,stair2,1201.000000,0.000000,0.000000,0.000000,0.000000,0.000000,598.000000,0.000000,0.000000,0.000000,0.000000,0.000000,527.000000,0.000000,0.000000,97.000000,0.000000,0.000000,2423.000000,1201.000000,598.000000,624.000000,624.000000,1799.000000,27.293772,186.755658,0.696342,0.314313,0.000000,0.000000,PreSwing,1.000000,2.587424,1.500000,ambiguous_stair,
75,2026-05-14 23:08:10,3.750000,2026-5-14_stair2_left.csv,stair2,1201.000000,0.000000,0.000000,0.000000,0.000000,0.000000,598.000000,0.000000,0.000000,0.000000,0.000000,0.000000,527.000000,0.000000,0.000000,97.000000,0.000000,0.000000,2423.000000,1201.000000,598.000000,624.000000,624.000000,1799.000000,27.293772,186.755658,0.696342,0.314313,0.000000,0.000000,PreSwing,1.000000,2.587424,1.500000,ambiguous_stair,
76,2026-05-14 23:08:10,3.800000,2026-5-14_stair2_left.csv,stair2,1201.000000,0.000000,0.000000,0.000000,0.000000,0.000000,598.000000,0.000000,0.000000,0.000000,0.000000,0.000000,527.000000,0.000000,0.000000,97.000000,0.000000,0.000000,2423.000000,1201.000000,598.000000,624.000000,624.000000,1799.000000,27.293772,186.755658,0.696342,0.314313,0.000000,0.000000,PreSwing,1.000000,2.587424,1.500000,ambiguous_stair,
77,2026-05-14 23:08:11,3.850000,2026-5-14_stair2_left.csv,stair2,1201.000000,0.000000,0.000000,0.000000,0.000000,0.000000,598.000000,0.000000,0.000000,0.000000,0.000000,0.000000,527.000000,0.000000,0.000000,97.000000,0.000000,0.000000,2423.000000,1201.000000,598.000000,624.000000,624.000000,1799.000000,27.293772,186.755658,0.696342,0.314313,0.000000,0.000000,PreSwing,1.000000,2.587424,1.500000,ambiguous_stair,
78,2026-05-14 23:08:11,3.900000,2026-5-14_stair2_left.csv,stair2,1201.000000,0.000000,0.000000,0.000000,0.000000,0.000000,598.000000,0.000000,0.000000,0.000000,0.000000,0.000000,527.000000,0.000000,0.000000,97.000000,0.000000,0.000000,2423.000000,1201.000000,598.000000,624.000000,624.000000,1799.000000,27.293772,186.755658,0.696342,0.314313,0.000000,0.000000,PreSwing,1.000000,2.587424,1.500000,ambiguous_stair,
79,2026-05-14 23:08:11,3.950000,2026-5-14_stair2_left.csv,stair2,1201.000000,0.000000,0.000000,0.000000,0.000000,0.000000,598.000000,0.000000,0.000000,0.000000,0.000000,0.000000,527.000000,0.000000,0.000000,97.000000,0.000000,0.000000,2423.000000,1201.000000,598.000000,624.000000,624.000000,1799.000000,27.293772,186.755658,0.696342,0.314313,0.000000,0.000000,PreSwing,1.000000,2.587424,1.500000,ambiguous_stair,
80,2026-05-14 23:08:11,4.000000,2026-5-14_stair2_left.csv,stair2,1201.000000,0.000000,0.000000,0.000000,0.000000,0.000000,598.000000,0.000000,0.000000,0.000000,0.000000,0.000000,527.000000,0.000000,0.000000,97.000000,0.000000,0.000000,2423.000000,1201.000000,598.000000,624.000000,624.000000,1799.000000,27.293772,186.755658,0.696342,0.314313,0.000000,0.000000,PreSwing,1.000000,2.587424,1.500000,ambiguous_stair,
81,2026-05-14 23:08:11,4.050000,2026-5-14_stair2_left.csv,stair2,1201.000000,0.000000,0.000000,0.000000,0.000000,0.000000,598.000000,0.000000,0.000000,0.000000,0.000000,0.000000,527.000000,0.000000,0.000000,97.000000,0.000000,0.000000,2423.000000,1201.000000,598.000000,624.000000,624.000000,1799.000000,27.293772,186.755658,0.696342,0.314313,0.000000,0.000000,PreSwing,1.000000,2.587424,1.500000,ambiguous_stair,
82,2026-05-14 23:08:11,4.100000,2026-5-14_stair2_left.csv,stair2,1201.000000,0.000000,0.000000,0.000000,0.000000,0.000000,598.000000,0.000000,0.000000,0.000000,0.000000,0.000000,527.000000,0.000000,0.000000,97.000000,0.000000,0.000000,2423.000000,1201.000000,598.000000,624.000000,624.000000,1799.000000,27.293772,186.755658,0.696342,0.314313,0.000000,0.000000,PreSwing,1.000000,2.587424,1.500000,ambiguous_stair,
83,2026-05-14 23:08:11,4.150000,2026-5-14_stair2_left.csv,stair2,1201.000000,0.000000,0.000000,0.000000,0.000000,0.000000,598.000000,0.000000,0.000000,0.000000,0.000000,0.000000,527.000000,0.000000,0.000000,97.000000,0.000000,0.000000,2423.000000,1201.000000,598.000000,624.000000,624.000000,1799.000000,27.293772,186.755658,0.696342,0.314313,0.000000,0.000000,PreSwing,1.000000,2.587424,1.500000,ambiguous_stair,
84,2026-05-14 23:08:11,4.200000,2026-5-14_stair2_left.csv,stair2,1201.000000,0.000000,0.000000,0.000000,0.000000,0.000000,598.000000,0.000000,0.000000,0.000000,0.000000,0.000000,527.000000,0.000000,0.000000,97.000000,0.000000,0.000000,2423.000000,1201.000000,598.000000,624.000000,624.000000,1799.000000,27.293772,186.755658,0.696342,0.314313,0.000000,0.000000,PreSwing,1.000000,2.587424,1.500000,ambiguous_stair,
85,2026-05-14 23:08:11,4.250000,2026-5-14_stair2_left.csv,stair2,1201.000000,0.000000,0.000000,0.000000,0.000000,0.000000,598.000000,0.000000,0.000000,0.000000,0.000000,0.000000,527.000000,0.000000,0.000000,97.000000,0.000000,0.000000,2423.000000,1201.000000,598.000000,624.000000,624.000000,1799.000000,27.293772,186.755658,0.696342,0.314313,0.000000,0.000000,PreSwing,1.000000,2.587424,1.500000,ambiguous_stair,
86,2026-05-14 23:08:11,4.300000,2026-5-14_stair2_left.csv,stair2,1201.000000,0.000000,0.000000,0.000000,0.000000,0.000000,598.000000,0.000000,0.000000,0.000000,0.000000,0.000000,527.000000,0.000000,0.000000,97.000000,0.000000,0.000000,2423.000000,1201.000000,598.000000,624.000000,624.000000,1799.000000,27.293772,186.755658,0.696342,0.314313,0.000000,0.000000,PreSwing,1.000000,2.587424,1.500000,ambiguous_stair,
87,2026-05-14 23:08:11,4.350000,2026-5-14_stair2_left.csv,stair2,1201.000000,0.000000,0.000000,0.000000,0.000000,0.000000,598.000000,0.000000,0.000000,0.000000,0.000000,0.000000,527.000000,0.000000,0.000000,97.000000,0.000000,0.000000,2423.000000,1201.000000,598.000000,624.000000,624.000000,1799.000000,27.293772,186.755658,0.696342,0.314313,0.000000,0.000000,PreSwing,1.000000,2.587424,1.500000,ambiguous_stair,
88,2026-05-14 23:08:11,4.400000,2026-5-14_stair2_left.csv,stair2,1201.000000,0.000000,0.000000,0.000000,0.000000,0.000000,598.000000,0.000000,0.000000,0.000000,0.000000,0.000000,527.000000,0.000000,0.000000,97.000000,0.000000,0.000000,2423.000000,1201.000000,598.000000,624.000000,624.000000,1799.000000,27.293772,186.755658,0.696342,0.314313,0.000000,0.000000,PreSwing,1.000000,2.587424,1.500000,ambiguous_stair,
89,2026-05-14 23:08:11,4.450000,2026-5-14_stair2_left.csv,stair2,1201.000000,0.000000,0.000000,0.000000,0.000000,0.000000,598.000000,0.000000,0.000000,0.000000,0.000000,0.000000,527.000000,0.000000,0.000000,97.000000,0.000000,0.000000,2423.000000,1201.000000,598.000000,624.000000,624.000000,1799.000000,27.293772,186.755658,0.696342,0.314313,0.000000,0.000000,PreSwing,1.000000,2.587424,1.500000,ambiguous_stair,
90,2026-05-14 23:08:11,4.500000,2026-5-14_stair2_left.csv,stair2,1201.000000,0.000000,0.000000,0.000000,0.000000,0.000000,598.000000,0.000000,0.000000,0.000000,0.000000,0.000000,527.000000,0.000000,0.000000,97.000000,0.000000,0.000000,2423.000000,1201.000000,598.000000,624.000000,624.000000,1799.000000,27.293772,186.755658,0.696342,0.314313,0.000000,0.000000,PreSwing,1.000000,2.587424,1.500000,ambiguous_stair,
91,2026-05-14 23:08:11,4.550000,2026-5-14_stair2_left.csv,stair2,1201.000000,0.000000,0.000000,0.000000,0.000000,0.000000,598.000000,0.000000,0.000000,0.000000,0.000000,0.000000,527.000000,0.000000,0.000000,97.000000,0.000000,0.000000,2423.000000,1201.000000,598.000000,624.000000,624.000000,1799.000000,27.293772,186.755658,0.696342,0.314313,0.000000,0.000000,PreSwing,1.000000,2.587424,1.500000,ambiguous_stair,
92,2026-05-14 23:08:11,4.600000,2026-5-14_stair2_left.csv,stair2,1201.000000,0.000000,0.000000,0.000000,0.000000,0.000000,598.000000,0.000000,0.000000,0.000000,0.000000,0.000000,527.000000,0.000000,0.000000,97.000000,0.000000,0.000000,2423.000000,1201.000000,598.000000,624.000000,624.000000,1799.000000,27.293772,186.755658,0.696342,0.314313,0.000000,0.000000,PreSwing,1.000000,2.587424,1.500000,ambiguous_stair,
93,2026-05-14 23:08:11,4.650000,2026-5-14_stair2_left.csv,stair2,1201.000000,0.000000,0.000000,0.000000,0.000000,0.000000,598.000000,0.000000,0.000000,0.000000,0.000000,0.000000,527.000000,0.000000,0.000000,97.000000,0.000000,0.000000,2423.000000,1201.000000,598.000000,624.000000,624.000000,1799.000000,27.293772,186.755658,0.696342,0.314313,0.000000,0.000000,PreSwing,1.000000,2.587424,1.500000,ambiguous_stair,
94,2026-05-14 23:08:11,4.700000,2026-5-14_stair2_left.csv,stair2,1201.000000,0.000000,0.000000,0.000000,0.000000,0.000000,598.000000,0.000000,0.000000,0.000000,0.000000,0.000000,527.000000,0.000000,0.000000,97.000000,0.000000,0.000000,2423.000000,1201.000000,598.000000,624.000000,624.000000,1799.000000,27.293772,186.755658,0.696342,0.314313,0.000000,0.000000,PreSwing,1.000000,2.587424,1.500000,ambiguous_stair,
95,2026-05-14 23:08:11,4.750000,2026-5-14_stair2_left.csv,stair2,1201.000000,0.000000,0.000000,0.000000,0.000000,0.000000,598.000000,0.000000,0.000000,0.000000,0.000000,0.000000,527.000000,0.000000,0.000000,97.000000,0.000000,0.000000,2423.000000,1201.000000,598.000000,624.000000,624.000000,1799.000000,27.293772,186.755658,0.696342,0.314313,0.000000,0.000000,PreSwing,1.000000,2.587424,1.500000,ambiguous_stair,
96,2026-05-14 23:08:11,4.800000,2026-5-14_stair2_left.csv,stair2,1201.000000,0.000000,0.000000,0.000000,0.000000,0.000000,598.000000,0.000000,0.000000,0.000000,0.000000,0.000000,527.000000,0.000000,0.000000,97.000000,0.000000,0.000000,2423.000000,1201.000000,598.000000,624.000000,624.000000,1799.000000,27.293772,186.755658,0.696342,0.314313,0.000000,0.000000,PreSwing,1.000000,2.587424,1.500000,ambiguous_stair,
97,2026-05-14 23:08:12,4.850000,2026-5-14_stair2_left.csv,stair2,1201.000000,0.000000,0.000000,0.000000,0.000000,0.000000,598.000000,0.000000,0.000000,0.000000,0.000000,0.000000,527.000000,0.000000,0.000000,97.000000,0.000000,0.000000,2423.000000,1201.000000,598.000000,624.000000,624.000000,1799.000000,27.293772,186.755658,0.696342,0.314313,0.000000,0.000000,PreSwing,1.000000,2.587424,1.500000,ambiguous_stair,
98,2026-05-14 23:08:12,4.900000,2026-5-14_stair2_left.csv,stair2,1201.000000,0.000000,0.000000,0.000000,0.000000,0.000000,598.000000,0.000000,0.000000,0.000000,0.000000,0.000000,527.000000,0.000000,0.000000,97.000000,0.000000,0.000000,2423.000000,1201.000000,598.000000,624.000000,624.000000,1799.000000,27.293772,186.755658,0.696342,0.314313,0.000000,0.000000,PreSwing,1.000000,2.587424,1.500000,ambiguous_stair,
99,2026-05-14 23:08:12,4.950000,2026-5-14_stair2_left.csv,stair2,1201.000000,0.000000,0.000000,0.000000,0.000000,0.000000,598.000000,0.000000,0.000000,0.000000,0.000000,0.000000,527.000000,0.000000,0.000000,97.000000,0.000000,0.000000,2423.000000,1201.000000,598.000000,624.000000,624.000000,1799.000000,27.293772,186.755658,0.696342,0.314313,0.000000,0.000000,PreSwing,1.000000,2.587424,1.500000,ambiguous_stair,
100,2026-05-14 23:08:12,5.000000,2026-5-14_stair2_left.csv,stair2,1201.000000,0.000000,0.000000,0.000000,0.000000,0.000000,598.000000,0.000000,0.000000,0.000000,0.000000,0.000000,527.000000,0.000000,0.000000,97.000000,0.000000,0.000000,2423.000000,1201.000000,598.000000,624.000000,624.000000,1799.000000,27.293772,186.755658,0.696342,0.314313,0.000000,0.000000,PreSwing,1.000000,2.587424,1.500000,ambiguous_stair,
101,2026-05-14 23:08:12,5.050000,2026-5-14_stair2_left.csv,stair2,1201.000000,0.000000,0.000000,0.000000,0.000000,0.000000,598.000000,0.000000,0.000000,0.000000,0.000000,0.000000,527.000000,0.000000,0.000000,97.000000,0.000000,0.000000,2423.000000,1201.000000,598.000000,624.000000,624.000000,1799.000000,27.293772,186.755658,0.696342,0.314313,0.000000,0.000000,PreSwing,1.000000,2.587424,1.500000,ambiguous_stair,
102,2026-05-14 23:08:12,5.100000,2026-5-14_stair2_left.csv,stair2,1201.000000,0.000000,0.000000,0.000000,0.000000,0.000000,598.000000,0.000000,0.000000,0.000000,0.000000,0.000000,527.000000,0.000000,0.000000,97.000000,0.000000,0.000000,2423.000000,1201.000000,598.000000,624.000000,624.000000,1799.000000,27.293772,186.755658,0.696342,0.314313,0.000000,0.000000,PreSwing,1.000000,2.587424,1.500000,ambiguous_stair,
103,2026-05-14 23:08:12,5.150000,2026-5-14_stair2_left.csv,stair2,1201.000000,0.000000,0.000000,0.000000,0.000000,0.000000,598.000000,0.000000,0.000000,0.000000,0.000000,0.000000,527.000000,0.000000,0.000000,97.000000,0.000000,0.000000,2423.000000,1201.000000,598.000000,624.000000,624.000000,1799.000000,27.293772,186.755658,0.696342,0.314313,0.000000,0.000000,PreSwing,1.000000,2.587424,1.500000,ambiguous_stair,
104,2026-05-14 23:08:12,5.200000,2026-5-14_stair2_left.csv,stair2,1201.000000,0.000000,0.000000,0.000000,0.000000,0.000000,598.000000,0.000000,0.000000,0.000000,0.000000,0.000000,527.000000,0.000000,0.000000,97.000000,0.000000,0.000000,2423.000000,1201.000000,598.000000,624.000000,624.000000,1799.000000,27.293772,186.755658,0.696342,0.314313,0.000000,0.000000,PreSwing,1.000000,2.587424,1.500000,ambiguous_stair,
105,2026-05-14 23:08:12,5.250000,2026-5-14_stair2_left.csv,stair2,1201.000000,0.000000,0.000000,0.000000,0.000000,0.000000,598.000000,0.000000,0.000000,0.000000,0.000000,0.000000,527.000000,0.000000,0.000000,97.000000,0.000000,0.000000,2423.000000,1201.000000,598.000000,624.000000,624.000000,1799.000000,27.293772,186.755658,0.696342,0.314313,0.000000,0.000000,PreSwing,1.000000,2.587424,1.500000,ambiguous_stair,
106,2026-05-14 23:08:12,5.300000,2026-5-14_stair2_left.csv,stair2,1201.000000,0.000000,0.000000,0.000000,0.000000,0.000000,598.000000,0.000000,0.000000,0.000000,0.000000,0.000000,527.000000,0.000000,0.000000,97.000000,0.000000,0.000000,2423.000000,1201.000000,598.000000,624.000000,624.000000,1799.000000,27.293772,186.755658,0.696342,0.314313,0.000000,0.000000,PreSwing,1.000000,2.587424,1.500000,ambiguous_stair,
107,2026-05-14 23:08:12,5.350000,2026-5-14_stair2_left.csv,stair2,1201.000000,0.000000,0.000000,0.000000,0.000000,0.000000,598.000000,0.000000,0.000000,0.000000,0.000000,0.000000,527.000000,0.000000,0.000000,97.000000,0.000000,0.000000,2423.000000,1201.000000,598.000000,624.000000,624.000000,1799.000000,27.293772,186.755658,0.696342,0.314313,0.000000,0.000000,PreSwing,1.000000,2.587424,1.500000,ambiguous_stair,
108,2026-05-14 23:08:12,5.400000,2026-5-14_stair2_left.csv,stair2,1201.000000,0.000000,0.000000,0.000000,0.000000,0.000000,598.000000,0.000000,0.000000,0.000000,0.000000,0.000000,527.000000,0.000000,0.000000,97.000000,0.000000,0.000000,2423.000000,1201.000000,598.000000,624.000000,624.000000,1799.000000,27.293772,186.755658,0.696342,0.314313,0.000000,0.000000,PreSwing,1.000000,2.587424,1.500000,ambiguous_stair,
109,2026-05-14 23:08:12,5.450000,2026-5-14_stair2_left.csv,stair2,1201.000000,0.000000,0.000000,0.000000,0.000000,0.000000,598.000000,0.000000,0.000000,0.000000,0.000000,0.000000,527.000000,0.000000,0.000000,97.000000,0.000000,0.000000,2423.000000,1201.000000,598.000000,624.000000,624.000000,1799.000000,27.293772,186.755658,0.696342,0.314313,0.000000,0.000000,PreSwing,1.000000,2.587424,1.500000,ambiguous_stair,
110,2026-05-14 23:08:12,5.500000,2026-5-14_stair2_left.csv,stair2,1201.000000,0.000000,0.000000,0.000000,0.000000,0.000000,598.000000,0.000000,0.000000,0.000000,0.000000,0.000000,527.000000,0.000000,0.000000,97.000000,0.000000,0.000000,2423.000000,1201.000000,598.000000,624.000000,624.000000,1799.000000,27.293772,186.755658,0.696342,0.314313,0.000000,0.000000,PreSwing,1.000000,2.587424,1.500000,ambiguous_stair,
111,2026-05-14 23:08:12,5.550000,2026-5-14_stair2_left.csv,stair2,1201.000000,0.000000,0.000000,0.000000,0.000000,0.000000,598.000000,0.000000,0.000000,0.000000,0.000000,0.000000,527.000000,0.000000,0.000000,97.000000,0.000000,0.000000,2423.000000,1201.000000,598.000000,624.000000,624.000000,1799.000000,27.293772,186.755658,0.696342,0.314313,0.000000,0.000000,PreSwing,1.000000,2.587424,1.500000,ambiguous_stair,
112,2026-05-14 23:08:12,5.600000,2026-5-14_stair2_left.csv,stair2,1201.000000,0.000000,0.000000,0.000000,0.000000,0.000000,598.000000,0.000000,0.000000,0.000000,0.000000,0.000000,527.000000,0.000000,0.000000,97.000000,0.000000,0.000000,2423.000000,1201.000000,598.000000,624.000000,624.000000,1799.000000,27.293772,186.755658,0.696342,0.314313,0.000000,0.000000,PreSwing,1.000000,2.587424,1.500000,ambiguous_stair,
113,2026-05-14 23:08:12,5.650000,2026-5-14_stair2_left.csv,stair2,1201.000000,0.000000,0.000000,0.000000,0.000000,0.000000,598.000000,0.000000,0.000000,0.000000,0.000000,0.000000,527.000000,0.000000,0.000000,97.000000,0.000000,0.000000,2423.000000,1201.000000,598.000000,624.000000,624.000000,1799.000000,27.293772,186.755658,0.696342,0.314313,0.000000,0.000000,PreSwing,1.000000,2.587424,1.500000,ambiguous_stair,
114,2026-05-14 23:08:12,5.700000,2026-5-14_stair2_left.csv,stair2,1201.000000,0.000000,0.000000,0.000000,0.000000,0.000000,598.000000,0.000000,0.000000,0.000000,0.000000,0.000000,527.000000,0.000000,0.000000,97.000000,0.000000,0.000000,2423.000000,1201.000000,598.000000,624.000000,624.000000,1799.000000,27.293772,186.755658,0.696342,0.314313,0.000000,0.000000,PreSwing,1.000000,2.587424,1.500000,ambiguous_stair,
115,2026-05-14 23:08:12,5.750000,2026-5-14_stair2_left.csv,stair2,1201.000000,0.000000,0.000000,0.000000,0.000000,0.000000,598.000000,0.000000,0.000000,0.000000,0.000000,0.000000,527.000000,0.000000,0.000000,97.000000,0.000000,0.000000,2423.000000,1201.000000,598.000000,624.000000,624.000000,1799.000000,27.293772,186.755658,0.696342,0.314313,0.000000,0.000000,PreSwing,1.000000,2.587424,1.500000,ambiguous_stair,
116,2026-05-14 23:08:12,5.800000,2026-5-14_stair2_left.csv,stair2,1201.000000,0.000000,0.000000,0.000000,0.000000,0.000000,598.000000,0.000000,0.000000,0.000000,0.000000,0.000000,527.000000,0.000000,0.000000,97.000000,0.000000,0.000000,2423.000000,1201.000000,598.000000,624.000000,624.000000,1799.000000,27.293772,186.755658,0.696342,0.314313,0.000000,0.000000,PreSwing,1.000000,2.587424,1.500000,ambiguous_stair,
117,2026-05-14 23:08:13,5.850000,2026-5-14_stair2_left.csv,stair2,1201.000000,0.000000,0.000000,0.000000,0.000000,0.000000,598.000000,0.000000,0.000000,0.000000,0.000000,0.000000,527.000000,0.000000,0.000000,97.000000,0.000000,0.000000,2423.000000,1201.000000,598.000000,624.000000,624.000000,1799.000000,27.293772,186.755658,0.696342,0.314313,0.000000,0.000000,PreSwing,1.000000,2.587424,1.500000,ambiguous_stair,
118,2026-05-14 23:08:13,5.900000,2026-5-14_stair2_left.csv,stair2,1201.000000,0.000000,0.000000,0.000000,0.000000,0.000000,598.000000,0.000000,0.000000,0.000000,0.000000,0.000000,527.000000,0.000000,0.000000,97.000000,0.000000,0.000000,2423.000000,1201.000000,598.000000,624.000000,624.000000,1799.000000,27.293772,186.755658,0.696342,0.314313,0.000000,0.000000,PreSwing,1.000000,2.587424,1.500000,ambiguous_stair,
119,2026-05-14 23:08:13,5.950000,2026-5-14_stair2_left.csv,stair2,1201.000000,0.000000,0.000000,0.000000,0.000000,0.000000,598.000000,0.000000,0.000000,0.000000,0.000000,0.000000,527.000000,0.000000,0.000000,97.000000,0.000000,0.000000,2423.000000,1201.000000,598.000000,624.000000,624.000000,1799.000000,27.293772,186.755658,0.696342,0.314313,0.000000,0.000000,PreSwing,1.000000,2.587424,1.500000,ambiguous_stair,
120,2026-05-14 23:08:13,6.000000,2026-5-14_stair2_left.csv,stair2,1201.000000,0.000000,0.000000,0.000000,0.000000,0.000000,598.000000,0.000000,0.000000,0.000000,0.000000,0.000000,527.000000,0.000000,0.000000,97.000000,0.000000,0.000000,2423.000000,1201.000000,598.000000,624.000000,624.000000,1799.000000,27.293772,186.755658,0.696342,0.314313,0.000000,0.000000,PreSwing,1.000000,2.587424,1.500000,ambiguous_stair,
121,2026-05-14 23:08:13,6.050000,2026-5-14_stair2_left.csv,stair2,1201.000000,0.000000,0.000000,0.000000,0.000000,0.000000,598.000000,0.000000,0.000000,0.000000,0.000000,0.000000,527.000000,0.000000,0.000000,97.000000,0.000000,0.000000,2423.000000,1201.000000,598.000000,624.000000,624.000000,1799.000000,27.293772,186.755658,0.696342,0.314313,0.000000,0.000000,PreSwing,1.000000,2.587424,1.500000,ambiguous_stair,
122,2026-05-14 23:08:13,6.100000,2026-5-14_stair2_left.csv,stair2,1201.000000,0.000000,0.000000,0.000000,0.000000,0.000000,598.000000,0.000000,0.000000,0.000000,0.000000,0.000000,527.000000,0.000000,0.000000,97.000000,0.000000,0.000000,2423.000000,1201.000000,598.000000,624.000000,624.000000,1799.000000,27.293772,186.755658,0.696342,0.314313,0.000000,0.000000,PreSwing,1.000000,2.587424,1.500000,ambiguous_stair,
123,2026-05-14 23:08:13,6.150000,2026-5-14_stair2_left.csv,stair2,1201.000000,0.000000,0.000000,0.000000,0.000000,0.000000,598.000000,0.000000,0.000000,0.000000,0.000000,0.000000,527.000000,0.000000,0.000000,97.000000,0.000000,0.000000,2423.000000,1201.000000,598.000000,624.000000,624.000000,1799.000000,27.293772,186.755658,0.696342,0.314313,0.000000,0.000000,PreSwing,1.000000,2.587424,1.500000,ambiguous_stair,
124,2026-05-14 23:08:13,6.200000,2026-5-14_stair2_left.csv,stair2,1201.000000,0.000000,0.000000,0.000000,0.000000,0.000000,598.000000,0.000000,0.000000,0.000000,0.000000,0.000000,527.000000,0.000000,0.000000,97.000000,0.000000,0.000000,2423.000000,1201.000000,598.000000,624.000000,624.000000,1799.000000,27.293772,186.755658,0.696342,0.314313,0.000000,0.000000,PreSwing,1.000000,2.587424,1.500000,ambiguous_stair,
125,2026-05-14 23:08:13,6.250000,2026-5-14_stair2_left.csv,stair2,1201.000000,0.000000,0.000000,0.000000,0.000000,0.000000,598.000000,0.000000,0.000000,0.000000,0.000000,0.000000,527.000000,0.000000,0.000000,97.000000,0.000000,0.000000,2423.000000,1201.000000,598.000000,624.000000,624.000000,1799.000000,27.293772,186.755658,0.696342,0.314313,0.000000,0.000000,PreSwing,1.000000,2.587424,1.500000,ambiguous_stair,
126,2026-05-14 23:08:13,6.300000,2026-5-14_stair2_left.csv,stair2,1201.000000,0.000000,0.000000,0.000000,0.000000,0.000000,598.000000,0.000000,0.000000,0.000000,0.000000,0.000000,527.000000,0.000000,0.000000,97.000000,0.000000,0.000000,2423.000000,1201.000000,598.000000,624.000000,624.000000,1799.000000,27.293772,186.755658,0.696342,0.314313,0.000000,0.000000,PreSwing,1.000000,2.587424,1.500000,ambiguous_stair,
127,2026-05-14 23:08:13,6.350000,2026-5-14_stair2_left.csv,stair2,1201.000000,0.000000,0.000000,0.000000,0.000000,0.000000,598.000000,0.000000,0.000000,0.000000,0.000000,0.000000,527.000000,0.000000,0.000000,97.000000,0.000000,0.000000,2423.000000,1201.000000,598.000000,624.000000,624.000000,1799.000000,27.293772,186.755658,0.696342,0.314313,0.000000,0.000000,PreSwing,1.000000,2.587424,1.500000,ambiguous_stair,
128,2026-05-14 23:08:13,6.400000,2026-5-14_stair2_left.csv,stair2,1201.000000,0.000000,0.000000,0.000000,0.000000,0.000000,598.000000,0.000000,0.000000,0.000000,0.000000,0.000000,527.000000,0.000000,0.000000,97.000000,0.000000,0.000000,2423.000000,1201.000000,598.000000,624.000000,624.000000,1799.000000,27.293772,186.755658,0.696342,0.314313,0.000000,0.000000,PreSwing,1.000000,2.587424,1.500000,ambiguous_stair,
129,2026-05-14 23:08:13,6.450000,2026-5-14_stair2_left.csv,stair2,1201.000000,0.000000,0.000000,0.000000,0.000000,0.000000,598.000000,0.000000,0.000000,0.000000,0.000000,0.000000,527.000000,0.000000,0.000000,97.000000,0.000000,0.000000,2423.000000,1201.000000,598.000000,624.000000,624.000000,1799.000000,27.293772,186.755658,0.696342,0.314313,0.000000,0.000000,PreSwing,1.000000,2.587424,1.500000,ambiguous_stair,
130,2026-05-14 23:08:13,6.500000,2026-5-14_stair2_left.csv,stair2,1201.000000,0.000000,0.000000,0.000000,0.000000,0.000000,598.000000,0.000000,0.000000,0.000000,0.000000,0.000000,527.000000,0.000000,0.000000,97.000000,0.000000,0.000000,2423.000000,1201.000000,598.000000,624.000000,624.000000,1799.000000,27.293772,186.755658,0.696342,0.314313,0.000000,0.000000,PreSwing,1.000000,2.587424,1.500000,ambiguous_stair,
131,2026-05-14 23:08:13,6.550000,2026-5-14_stair2_left.csv,stair2,1201.000000,0.000000,0.000000,0.000000,0.000000,0.000000,598.000000,0.000000,0.000000,0.000000,0.000000,0.000000,527.000000,0.000000,0.000000,97.000000,0.000000,0.000000,2423.000000,1201.000000,598.000000,624.000000,624.000000,1799.000000,27.293772,186.755658,0.696342,0.314313,0.000000,0.000000,PreSwing,1.000000,2.587424,1.500000,ambiguous_stair,
132,2026-05-14 23:08:13,6.600000,2026-5-14_stair2_left.csv,stair2,1201.000000,0.000000,0.000000,0.000000,0.000000,0.000000,598.000000,0.000000,0.000000,0.000000,0.000000,0.000000,527.000000,0.000000,0.000000,97.000000,0.000000,0.000000,2423.000000,1201.000000,598.000000,624.000000,624.000000,1799.000000,27.293772,186.755658,0.696342,0.314313,0.000000,0.000000,PreSwing,1.000000,2.587424,1.500000,ambiguous_stair,
133,2026-05-14 23:08:13,6.650000,2026-5-14_stair2_left.csv,stair2,1201.000000,0.000000,0.000000,0.000000,0.000000,0.000000,598.000000,0.000000,0.000000,0.000000,0.000000,0.000000,527.000000,0.000000,0.000000,97.000000,0.000000,0.000000,2423.000000,1201.000000,598.000000,624.000000,624.000000,1799.000000,27.293772,186.755658,0.696342,0.314313,0.000000,0.000000,PreSwing,1.000000,2.587424,1.500000,ambiguous_stair,
134,2026-05-14 23:08:13,6.700000,2026-5-14_stair2_left.csv,stair2,1201.000000,0.000000,0.000000,0.000000,0.000000,0.000000,598.000000,0.000000,0.000000,0.000000,0.000000,0.000000,527.000000,0.000000,0.000000,97.000000,0.000000,0.000000,2423.000000,1201.000000,598.000000,624.000000,624.000000,1799.000000,27.293772,186.755658,0.696342,0.314313,0.000000,0.000000,PreSwing,1.000000,2.587424,1.500000,ambiguous_stair,
135,2026-05-14 23:08:13,6.750000,2026-5-14_stair2_left.csv,stair2,1201.000000,0.000000,0.000000,0.000000,0.000000,0.000000,598.000000,0.000000,0.000000,0.000000,0.000000,0.000000,527.000000,0.000000,0.000000,97.000000,0.000000,0.000000,2423.000000,1201.000000,598.000000,624.000000,624.000000,1799.000000,27.293772,186.755658,0.696342,0.314313,0.000000,0.000000,PreSwing,1.000000,2.587424,1.500000,ambiguous_stair,
136,2026-05-14 23:08:13,6.800000,2026-5-14_stair2_left.csv,stair2,1201.000000,0.000000,0.000000,0.000000,0.000000,0.000000,598.000000,0.000000,0.000000,0.000000,0.000000,0.000000,527.000000,0.000000,0.000000,97.000000,0.000000,0.000000,2423.000000,1201.000000,598.000000,624.000000,624.000000,1799.000000,27.293772,186.755658,0.696342,0.314313,0.000000,0.000000,PreSwing,1.000000,2.587424,1.500000,ambiguous_stair,
137,2026-05-14 23:08:14,6.850000,2026-5-14_stair2_left.csv,stair2,1201.000000,0.000000,0.000000,0.000000,0.000000,0.000000,598.000000,0.000000,0.000000,0.000000,0.000000,0.000000,527.000000,0.000000,0.000000,97.000000,0.000000,0.000000,2423.000000,1201.000000,598.000000,624.000000,624.000000,1799.000000,27.293772,186.755658,0.696342,0.314313,0.000000,0.000000,PreSwing,1.000000,2.587424,1.500000,ambiguous_stair,
138,2026-05-14 23:08:14,6.900000,2026-5-14_stair2_left.csv,stair2,1201.000000,0.000000,0.000000,0.000000,0.000000,0.000000,598.000000,0.000000,0.000000,0.000000,0.000000,0.000000,527.000000,0.000000,0.000000,97.000000,0.000000,0.000000,2423.000000,1201.000000,598.000000,624.000000,624.000000,1799.000000,27.293772,186.755658,0.696342,0.314313,0.000000,0.000000,PreSwing,1.000000,2.587424,1.500000,ambiguous_stair,
139,2026-05-14 23:08:14,6.950000,2026-5-14_stair2_left.csv,stair2,1201.000000,0.000000,0.000000,0.000000,0.000000,0.000000,598.000000,0.000000,0.000000,0.000000,0.000000,0.000000,527.000000,0.000000,0.000000,97.000000,0.000000,0.000000,2423.000000,1201.000000,598.000000,624.000000,624.000000,1799.000000,27.293772,186.755658,0.696342,0.314313,0.000000,0.000000,PreSwing,1.000000,2.587424,1.500000,ambiguous_stair,
140,2026-05-14 23:08:14,7.000000,2026-5-14_stair2_left.csv,stair2,1201.000000,0.000000,0.000000,0.000000,0.000000,0.000000,598.000000,0.000000,0.000000,0.000000,0.000000,0.000000,527.000000,0.000000,0.000000,97.000000,0.000000,0.000000,2423.000000,1201.000000,598.000000,624.000000,624.000000,1799.000000,27.293772,186.755658,0.696342,0.314313,0.000000,0.000000,PreSwing,1.000000,2.587424,1.500000,ambiguous_stair,
141,2026-05-14 23:08:14,7.050000,2026-5-14_stair2_left.csv,stair2,1201.000000,0.000000,0.000000,0.000000,0.000000,0.000000,598.000000,0.000000,0.000000,0.000000,0.000000,0.000000,527.000000,0.000000,0.000000,97.000000,0.000000,0.000000,2423.000000,1201.000000,598.000000,624.000000,624.000000,1799.000000,27.293772,186.755658,0.696342,0.314313,0.000000,0.000000,PreSwing,1.000000,2.587424,1.500000,ambiguous_stair,
142,2026-05-14 23:08:14,7.100000,2026-5-14_stair2_left.csv,stair2,1201.000000,0.000000,0.000000,0.000000,0.000000,0.000000,598.000000,0.000000,0.000000,0.000000,0.000000,0.000000,527.000000,0.000000,0.000000,97.000000,0.000000,0.000000,2423.000000,1201.000000,598.000000,624.000000,624.000000,1799.000000,27.293772,186.755658,0.696342,0.314313,0.000000,0.000000,PreSwing,1.000000,2.587424,1.500000,ambiguous_stair,
143,2026-05-14 23:08:14,7.150000,2026-5-14_stair2_left.csv,stair2,1201.000000,0.000000,0.000000,0.000000,0.000000,0.000000,598.000000,0.000000,0.000000,0.000000,0.000000,0.000000,527.000000,0.000000,0.000000,97.000000,0.000000,0.000000,2423.000000,1201.000000,598.000000,624.000000,624.000000,1799.000000,27.293772,186.755658,0.696342,0.314313,0.000000,0.000000,PreSwing,1.000000,2.587424,1.500000,ambiguous_stair,
144,2026-05-14 23:08:14,7.200000,2026-5-14_stair2_left.csv,stair2,1201.000000,0.000000,0.000000,0.000000,0.000000,0.000000,598.000000,0.000000,0.000000,0.000000,0.000000,0.000000,527.000000,0.000000,0.000000,97.000000,0.000000,0.000000,2423.000000,1201.000000,598.000000,624.000000,624.000000,1799.000000,27.293772,186.755658,0.696342,0.314313,0.000000,0.000000,PreSwing,1.000000,2.587424,1.500000,ambiguous_stair,
145,2026-05-14 23:08:14,7.250000,2026-5-14_stair2_left.csv,stair2,1201.000000,0.000000,0.000000,0.000000,0.000000,0.000000,598.000000,0.000000,0.000000,0.000000,0.000000,0.000000,527.000000,0.000000,0.000000,97.000000,0.000000,0.000000,2423.000000,1201.000000,598.000000,624.000000,624.000000,1799.000000,27.293772,186.755658,0.696342,0.314313,0.000000,0.000000,PreSwing,1.000000,2.587424,1.500000,ambiguous_stair,
146,2026-05-14 23:08:14,7.300000,2026-5-14_stair2_left.csv,stair2,1201.000000,0.000000,0.000000,0.000000,0.000000,0.000000,598.000000,0.000000,0.000000,0.000000,0.000000,0.000000,527.000000,0.000000,0.000000,97.000000,0.000000,0.000000,2423.000000,1201.000000,598.000000,624.000000,624.000000,1799.000000,27.293772,186.755658,0.696342,0.314313,0.000000,0.000000,PreSwing,1.000000,2.587424,1.500000,ambiguous_stair,
147,2026-05-14 23:08:14,7.350000,2026-5-14_stair2_left.csv,stair2,1201.000000,0.000000,0.000000,0.000000,0.000000,0.000000,598.000000,0.000000,0.000000,0.000000,0.000000,0.000000,527.000000,0.000000,0.000000,97.000000,0.000000,0.000000,2423.000000,1201.000000,598.000000,624.000000,624.000000,1799.000000,27.293772,186.755658,0.696342,0.314313,0.000000,0.000000,PreSwing,1.000000,2.587424,1.500000,ambiguous_stair,
148,2026-05-14 23:08:14,7.400000,2026-5-14_stair2_left.csv,stair2,1201.000000,0.000000,0.000000,0.000000,0.000000,0.000000,598.000000,0.000000,0.000000,0.000000,0.000000,0.000000,527.000000,0.000000,0.000000,97.000000,0.000000,0.000000,2423.000000,1201.000000,598.000000,624.000000,624.000000,1799.000000,27.293772,186.755658,0.696342,0.314313,0.000000,0.000000,PreSwing,1.000000,2.587424,1.500000,ambiguous_stair,
149,2026-05-14 23:08:14,7.450000,2026-5-14_stair2_left.csv,stair2,1201.000000,0.000000,0.000000,0.000000,0.000000,0.000000,598.000000,0.000000,0.000000,0.000000,0.000000,0.000000,527.000000,0.000000,0.000000,97.000000,0.000000,0.000000,2423.000000,1201.000000,598.000000,624.000000,624.000000,1799.000000,27.293772,186.755658,0.696342,0.314313,0.000000,0.000000,PreSwing,1.000000,2.587424,1.500000,ambiguous_stair,
150,2026-05-14 23:08:14,7.500000,2026-5-14_stair2_left.csv,stair2,1201.000000,0.000000,0.000000,0.000000,0.000000,0.000000,598.000000,0.000000,0.000000,0.000000,0.000000,0.000000,527.000000,0.000000,0.000000,97.000000,0.000000,0.000000,2423.000000,1201.000000,598.000000,624.000000,624.000000,1799.000000,27.293772,186.755658,0.696342,0.314313,0.000000,0.000000,PreSwing,1.000000,2.587424,1.500000,ambiguous_stair,
151,2026-05-14 23:08:14,7.550000,2026-5-14_stair2_left.csv,stair2,1201.000000,0.000000,0.000000,0.000000,0.000000,0.000000,598.000000,0.000000,0.000000,0.000000,0.000000,0.000000,527.000000,0.000000,0.000000,97.000000,0.000000,0.000000,2423.000000,1201.000000,598.000000,624.000000,624.000000,1799.000000,27.293772,186.755658,0.696342,0.314313,0.000000,0.000000,PreSwing,1.000000,2.587424,1.500000,ambiguous_stair,
152,2026-05-14 23:08:14,7.600000,2026-5-14_stair2_left.csv,stair2,1201.000000,0.000000,0.000000,0.000000,0.000000,0.000000,598.000000,0.000000,0.000000,0.000000,0.000000,0.000000,527.000000,0.000000,0.000000,97.000000,0.000000,0.000000,2423.000000,1201.000000,598.000000,624.000000,624.000000,1799.000000,27.293772,186.755658,0.696342,0.314313,0.000000,0.000000,PreSwing,1.000000,2.587424,1.500000,ambiguous_stair,
153,2026-05-14 23:08:14,7.650000,2026-5-14_stair2_left.csv,stair2,1201.000000,0.000000,0.000000,0.000000,0.000000,0.000000,598.000000,0.000000,0.000000,0.000000,0.000000,0.000000,527.000000,0.000000,0.000000,97.000000,0.000000,0.000000,2423.000000,1201.000000,598.000000,624.000000,624.000000,1799.000000,27.293772,186.755658,0.696342,0.314313,0.000000,0.000000,PreSwing,1.000000,2.587424,1.500000,ambiguous_stair,
154,2026-05-14 23:08:14,7.700000,2026-5-14_stair2_left.csv,stair2,1201.000000,0.000000,0.000000,0.000000,0.000000,0.000000,598.000000,0.000000,0.000000,0.000000,0.000000,0.000000,527.000000,0.000000,0.000000,97.000000,0.000000,0.000000,2423.000000,1201.000000,598.000000,624.000000,624.000000,1799.000000,27.293772,186.755658,0.696342,0.314313,0.000000,0.000000,PreSwing,1.000000,2.587424,1.500000,ambiguous_stair,
155,2026-05-14 23:08:14,7.750000,2026-5-14_stair2_left.csv,stair2,1201.000000,0.000000,0.000000,0.000000,0.000000,0.000000,598.000000,0.000000,0.000000,0.000000,0.000000,0.000000,527.000000,0.000000,0.000000,97.000000,0.000000,0.000000,2423.000000,1201.000000,598.000000,624.000000,624.000000,1799.000000,27.293772,186.755658,0.696342,0.314313,0.000000,0.000000,PreSwing,1.000000,2.587424,1.500000,ambiguous_stair,
156,2026-05-14 23:08:14,7.800000,2026-5-14_stair2_left.csv,stair2,1201.000000,0.000000,0.000000,0.000000,0.000000,0.000000,598.000000,0.000000,0.000000,0.000000,0.000000,0.000000,527.000000,0.000000,0.000000,97.000000,0.000000,0.000000,2423.000000,1201.000000,598.000000,624.000000,624.000000,1799.000000,27.293772,186.755658,0.696342,0.314313,0.000000,0.000000,PreSwing,1.000000,2.587424,1.500000,ambiguous_stair,
157,2026-05-14 23:08:15,7.850000,2026-5-14_stair2_left.csv,stair2,1201.000000,0.000000,0.000000,0.000000,0.000000,0.000000,598.000000,0.000000,0.000000,0.000000,0.000000,0.000000,527.000000,0.000000,0.000000,97.000000,0.000000,0.000000,2423.000000,1201.000000,598.000000,624.000000,624.000000,1799.000000,27.293772,186.755658,0.696342,0.314313,0.000000,0.000000,PreSwing,1.000000,2.587424,1.500000,ambiguous_stair,
158,2026-05-14 23:08:15,7.900000,2026-5-14_stair2_left.csv,stair2,1201.000000,0.000000,0.000000,0.000000,0.000000,0.000000,598.000000,0.000000,0.000000,0.000000,0.000000,0.000000,527.000000,0.000000,0.000000,97.000000,0.000000,0.000000,2423.000000,1201.000000,598.000000,624.000000,624.000000,1799.000000,27.293772,186.755658,0.696342,0.314313,0.000000,0.000000,PreSwing,1.000000,2.587424,1.500000,ambiguous_stair,
159,2026-05-14 23:08:15,7.950000,2026-5-14_stair2_left.csv,stair2,1201.000000,0.000000,0.000000,0.000000,0.000000,0.000000,598.000000,0.000000,0.000000,0.000000,0.000000,0.000000,527.000000,0.000000,0.000000,97.000000,0.000000,0.000000,2423.000000,1201.000000,598.000000,624.000000,624.000000,1799.000000,27.293772,186.755658,0.696342,0.314313,0.000000,0.000000,PreSwing,1.000000,2.587424,1.500000,ambiguous_stair,
160,2026-05-14 23:08:15,8.000000,2026-5-14_stair2_left.csv,stair2,1201.000000,0.000000,0.000000,0.000000,0.000000,0.000000,598.000000,0.000000,0.000000,0.000000,0.000000,0.000000,527.000000,0.000000,0.000000,97.000000,0.000000,0.000000,2423.000000,1201.000000,598.000000,624.000000,624.000000,1799.000000,27.293772,186.755658,0.696342,0.314313,0.000000,0.000000,PreSwing,1.000000,2.587424,1.500000,ambiguous_stair,
161,2026-05-14 23:08:15,8.050000,2026-5-14_stair2_left.csv,stair2,1201.000000,0.000000,0.000000,0.000000,0.000000,0.000000,598.000000,0.000000,0.000000,0.000000,0.000000,0.000000,527.000000,0.000000,0.000000,97.000000,0.000000,0.000000,2423.000000,1201.000000,598.000000,624.000000,624.000000,1799.000000,27.293772,186.755658,0.696342,0.314313,0.000000,0.000000,PreSwing,1.000000,2.587424,1.500000,ambiguous_stair,
162,2026-05-14 23:08:15,8.100000,2026-5-14_stair2_left.csv,stair2,1201.000000,0.000000,0.000000,0.000000,0.000000,0.000000,598.000000,0.000000,0.000000,0.000000,0.000000,0.000000,527.000000,0.000000,0.000000,97.000000,0.000000,0.000000,2423.000000,1201.000000,598.000000,624.000000,624.000000,1799.000000,27.293772,186.755658,0.696342,0.314313,0.000000,0.000000,PreSwing,1.000000,2.587424,1.500000,ambiguous_stair,
163,2026-05-14 23:08:15,8.150000,2026-5-14_stair2_left.csv,stair2,1201.000000,0.000000,0.000000,0.000000,0.000000,0.000000,598.000000,0.000000,0.000000,0.000000,0.000000,0.000000,527.000000,0.000000,0.000000,97.000000,0.000000,0.000000,2423.000000,1201.000000,598.000000,624.000000,624.000000,1799.000000,27.293772,186.755658,0.696342,0.314313,0.000000,0.000000,PreSwing,1.000000,2.587424,1.500000,ambiguous_stair,
164,2026-05-14 23:08:15,8.200000,2026-5-14_stair2_left.csv,stair2,1201.000000,0.000000,0.000000,0.000000,0.000000,0.000000,598.000000,0.000000,0.000000,0.000000,0.000000,0.000000,527.000000,0.000000,0.000000,97.000000,0.000000,0.000000,2423.000000,1201.000000,598.000000,624.000000,624.000000,1799.000000,27.293772,186.755658,0.696342,0.314313,0.000000,0.000000,PreSwing,1.000000,2.587424,1.500000,ambiguous_stair,
165,2026-05-14 23:08:15,8.250000,2026-5-14_stair2_left.csv,stair2,1201.000000,0.000000,0.000000,0.000000,0.000000,0.000000,598.000000,0.000000,0.000000,0.000000,0.000000,0.000000,527.000000,0.000000,0.000000,97.000000,0.000000,0.000000,2423.000000,1201.000000,598.000000,624.000000,624.000000,1799.000000,27.293772,186.755658,0.696342,0.314313,0.000000,0.000000,PreSwing,1.000000,2.587424,1.500000,ambiguous_stair,
166,2026-05-14 23:08:15,8.300000,2026-5-14_stair2_left.csv,stair2,1201.000000,0.000000,0.000000,0.000000,0.000000,0.000000,598.000000,0.000000,0.000000,0.000000,0.000000,0.000000,527.000000,0.000000,0.000000,97.000000,0.000000,0.000000,2423.000000,1201.000000,598.000000,624.000000,624.000000,1799.000000,27.293772,186.755658,0.696342,0.314313,0.000000,0.000000,PreSwing,1.000000,2.587424,1.500000,ambiguous_stair,
167,2026-05-14 23:08:15,8.350000,2026-5-14_stair2_left.csv,stair2,1201.000000,0.000000,0.000000,0.000000,0.000000,0.000000,598.000000,0.000000,0.000000,0.000000,0.000000,0.000000,527.000000,0.000000,0.000000,97.000000,0.000000,0.000000,2423.000000,1201.000000,598.000000,624.000000,624.000000,1799.000000,27.293772,186.755658,0.696342,0.314313,0.000000,0.000000,PreSwing,1.000000,2.587424,1.500000,ambiguous_stair,
168,2026-05-14 23:08:15,8.400000,2026-5-14_stair2_left.csv,stair2,1201.000000,0.000000,0.000000,0.000000,0.000000,0.000000,598.000000,0.000000,0.000000,0.000000,0.000000,0.000000,527.000000,0.000000,0.000000,97.000000,0.000000,0.000000,2423.000000,1201.000000,598.000000,624.000000,624.000000,1799.000000,27.293772,186.755658,0.696342,0.314313,0.000000,0.000000,PreSwing,1.000000,2.587424,1.500000,ambiguous_stair,
169,2026-05-14 23:08:15,8.450000,2026-5-14_stair2_left.csv,stair2,1201.000000,0.000000,0.000000,0.000000,0.000000,0.000000,598.000000,0.000000,0.000000,0.000000,0.000000,0.000000,527.000000,0.000000,0.000000,97.000000,0.000000,0.000000,2423.000000,1201.000000,598.000000,624.000000,624.000000,1799.000000,27.293772,186.755658,0.696342,0.314313,0.000000,0.000000,PreSwing,1.000000,2.587424,1.500000,ambiguous_stair,
170,2026-05-14 23:08:15,8.500000,2026-5-14_stair2_left.csv,stair2,1201.000000,0.000000,0.000000,0.000000,0.000000,0.000000,598.000000,0.000000,0.000000,0.000000,0.000000,0.000000,527.000000,0.000000,0.000000,97.000000,0.000000,0.000000,2423.000000,1201.000000,598.000000,624.000000,624.000000,1799.000000,27.293772,186.755658,0.696342,0.314313,0.000000,0.000000,PreSwing,1.000000,2.587424,1.500000,ambiguous_stair,
171,2026-05-14 23:08:15,8.550000,2026-5-14_stair2_left.csv,stair2,1201.000000,0.000000,0.000000,0.000000,0.000000,0.000000,598.000000,0.000000,0.000000,0.000000,0.000000,0.000000,527.000000,0.000000,0.000000,97.000000,0.000000,0.000000,2423.000000,1201.000000,598.000000,624.000000,624.000000,1799.000000,27.293772,186.755658,0.696342,0.314313,0.000000,0.000000,PreSwing,1.000000,2.587424,1.500000,ambiguous_stair,
172,2026-05-14 23:08:15,8.600000,2026-5-14_stair2_left.csv,stair2,1201.000000,0.000000,0.000000,0.000000,0.000000,0.000000,598.000000,0.000000,0.000000,0.000000,0.000000,0.000000,527.000000,0.000000,0.000000,97.000000,0.000000,0.000000,2423.000000,1201.000000,598.000000,624.000000,624.000000,1799.000000,27.293772,186.755658,0.696342,0.314313,0.000000,0.000000,PreSwing,1.000000,2.587424,1.500000,ambiguous_stair,
173,2026-05-14 23:08:15,8.650000,2026-5-14_stair2_left.csv,stair2,1201.000000,0.000000,0.000000,0.000000,0.000000,0.000000,598.000000,0.000000,0.000000,0.000000,0.000000,0.000000,527.000000,0.000000,0.000000,97.000000,0.000000,0.000000,2423.000000,1201.000000,598.000000,624.000000,624.000000,1799.000000,27.293772,186.755658,0.696342,0.314313,0.000000,0.000000,PreSwing,1.000000,2.587424,1.500000,ambiguous_stair,
174,2026-05-14 23:08:15,8.700000,2026-5-14_stair2_left.csv,stair2,1201.000000,0.000000,0.000000,0.000000,0.000000,0.000000,598.000000,0.000000,0.000000,0.000000,0.000000,0.000000,527.000000,0.000000,0.000000,97.000000,0.000000,0.000000,2423.000000,1201.000000,598.000000,624.000000,624.000000,1799.000000,27.293772,186.755658,0.696342,0.314313,0.000000,0.000000,PreSwing,1.000000,2.587424,1.500000,ambiguous_stair,
175,2026-05-14 23:08:15,8.750000,2026-5-14_stair2_left.csv,stair2,1201.000000,0.000000,0.000000,0.000000,0.000000,0.000000,598.000000,0.000000,0.000000,0.000000,0.000000,0.000000,527.000000,0.000000,0.000000,97.000000,0.000000,0.000000,2423.000000,1201.000000,598.000000,624.000000,624.000000,1799.000000,27.293772,186.755658,0.696342,0.314313,0.000000,0.000000,PreSwing,1.000000,2.587424,1.500000,ambiguous_stair,
176,2026-05-14 23:08:15,8.800000,2026-5-14_stair2_left.csv,stair2,1201.000000,0.000000,0.000000,0.000000,0.000000,0.000000,598.000000,0.000000,0.000000,0.000000,0.000000,0.000000,527.000000,0.000000,0.000000,97.000000,0.000000,0.000000,2423.000000,1201.000000,598.000000,624.000000,624.000000,1799.000000,27.293772,186.755658,0.696342,0.314313,0.000000,0.000000,PreSwing,1.000000,2.587424,1.500000,ambiguous_stair,
177,2026-05-14 23:08:16,8.850000,2026-5-14_stair2_left.csv,stair2,1201.000000,0.000000,0.000000,0.000000,0.000000,0.000000,598.000000,0.000000,0.000000,0.000000,0.000000,0.000000,527.000000,0.000000,0.000000,97.000000,0.000000,0.000000,2423.000000,1201.000000,598.000000,624.000000,624.000000,1799.000000,27.293772,186.755658,0.696342,0.314313,0.000000,0.000000,PreSwing,1.000000,2.587424,1.500000,ambiguous_stair,
178,2026-05-14 23:08:16,8.900000,2026-5-14_stair2_left.csv,stair2,1201.000000,0.000000,0.000000,0.000000,0.000000,0.000000,598.000000,0.000000,0.000000,0.000000,0.000000,0.000000,527.000000,0.000000,0.000000,97.000000,0.000000,0.000000,2423.000000,1201.000000,598.000000,624.000000,624.000000,1799.000000,27.293772,186.755658,0.696342,0.314313,0.000000,0.000000,PreSwing,1.000000,2.587424,1.500000,ambiguous_stair,
179,2026-05-14 23:08:16,8.950000,2026-5-14_stair2_left.csv,stair2,1201.000000,0.000000,0.000000,0.000000,0.000000,0.000000,598.000000,0.000000,0.000000,0.000000,0.000000,0.000000,527.000000,0.000000,0.000000,97.000000,0.000000,0.000000,2423.000000,1201.000000,598.000000,624.000000,624.000000,1799.000000,27.293772,186.755658,0.696342,0.314313,0.000000,0.000000,PreSwing,1.000000,2.587424,1.500000,ambiguous_stair,
180,2026-05-14 23:08:16,9.000000,2026-5-14_stair2_left.csv,stair2,1201.000000,0.000000,0.000000,0.000000,0.000000,0.000000,598.000000,0.000000,0.000000,0.000000,0.000000,0.000000,527.000000,0.000000,0.000000,97.000000,0.000000,0.000000,2423.000000,1201.000000,598.000000,624.000000,624.000000,1799.000000,27.293772,186.755658,0.696342,0.314313,0.000000,0.000000,PreSwing,1.000000,2.587424,1.500000,ambiguous_stair,
181,2026-05-14 23:08:16,9.050000,2026-5-14_stair2_left.csv,stair2,1201.000000,0.000000,0.000000,0.000000,0.000000,0.000000,598.000000,0.000000,0.000000,0.000000,0.000000,0.000000,527.000000,0.000000,0.000000,97.000000,0.000000,0.000000,2423.000000,1201.000000,598.000000,624.000000,624.000000,1799.000000,27.293772,186.755658,0.696342,0.314313,0.000000,0.000000,PreSwing,1.000000,2.587424,1.500000,ambiguous_stair,
182,2026-05-14 23:08:16,9.100000,2026-5-14_stair2_left.csv,stair2,1201.000000,0.000000,0.000000,0.000000,0.000000,0.000000,598.000000,0.000000,0.000000,0.000000,0.000000,0.000000,527.000000,0.000000,0.000000,97.000000,0.000000,0.000000,2423.000000,1201.000000,598.000000,624.000000,624.000000,1799.000000,27.293772,186.755658,0.696342,0.314313,0.000000,0.000000,PreSwing,1.000000,2.587424,1.500000,ambiguous_stair,
183,2026-05-14 23:08:16,9.150000,2026-5-14_stair2_left.csv,stair2,1201.000000,0.000000,0.000000,0.000000,0.000000,0.000000,598.000000,0.000000,0.000000,0.000000,0.000000,0.000000,527.000000,0.000000,0.000000,97.000000,0.000000,0.000000,2423.000000,1201.000000,598.000000,624.000000,624.000000,1799.000000,27.293772,186.755658,0.696342,0.314313,0.000000,0.000000,PreSwing,1.000000,2.587424,1.500000,ambiguous_stair,
184,2026-05-14 23:08:16,9.200000,2026-5-14_stair2_left.csv,stair2,1201.000000,0.000000,0.000000,0.000000,0.000000,0.000000,598.000000,0.000000,0.000000,0.000000,0.000000,0.000000,527.000000,0.000000,0.000000,97.000000,0.000000,0.000000,2423.000000,1201.000000,598.000000,624.000000,624.000000,1799.000000,27.293772,186.755658,0.696342,0.314313,0.000000,0.000000,PreSwing,1.000000,2.587424,1.500000,ambiguous_stair,
185,2026-05-14 23:08:16,9.250000,2026-5-14_stair2_left.csv,stair2,1201.000000,0.000000,0.000000,0.000000,0.000000,0.000000,598.000000,0.000000,0.000000,0.000000,0.000000,0.000000,527.000000,0.000000,0.000000,97.000000,0.000000,0.000000,2423.000000,1201.000000,598.000000,624.000000,624.000000,1799.000000,27.293772,186.755658,0.696342,0.314313,0.000000,0.000000,PreSwing,1.000000,2.587424,1.500000,ambiguous_stair,
186,2026-05-14 23:08:16,9.300000,2026-5-14_stair2_left.csv,stair2,1201.000000,0.000000,0.000000,0.000000,0.000000,0.000000,598.000000,0.000000,0.000000,0.000000,0.000000,0.000000,527.000000,0.000000,0.000000,97.000000,0.000000,0.000000,2423.000000,1201.000000,598.000000,624.000000,624.000000,1799.000000,27.293772,186.755658,0.696342,0.314313,0.000000,0.000000,PreSwing,1.000000,2.587424,1.500000,ambiguous_stair,
187,2026-05-14 23:08:16,9.350000,2026-5-14_stair2_left.csv,stair2,1201.000000,0.000000,0.000000,0.000000,0.000000,0.000000,598.000000,0.000000,0.000000,0.000000,0.000000,0.000000,527.000000,0.000000,0.000000,97.000000,0.000000,0.000000,2423.000000,1201.000000,598.000000,624.000000,624.000000,1799.000000,27.293772,186.755658,0.696342,0.314313,0.000000,0.000000,PreSwing,1.000000,2.587424,1.500000,ambiguous_stair,
188,2026-05-14 23:08:16,9.400000,2026-5-14_stair2_left.csv,stair2,1201.000000,0.000000,0.000000,0.000000,0.000000,0.000000,598.000000,0.000000,0.000000,0.000000,0.000000,0.000000,527.000000,0.000000,0.000000,97.000000,0.000000,0.000000,2423.000000,1201.000000,598.000000,624.000000,624.000000,1799.000000,27.293772,186.755658,0.696342,0.314313,0.000000,0.000000,PreSwing,1.000000,2.587424,1.500000,ambiguous_stair,
189,2026-05-14 23:08:16,9.450000,2026-5-14_stair2_left.csv,stair2,1201.000000,0.000000,0.000000,0.000000,0.000000,0.000000,598.000000,0.000000,0.000000,0.000000,0.000000,0.000000,527.000000,0.000000,0.000000,97.000000,0.000000,0.000000,2423.000000,1201.000000,598.000000,624.000000,624.000000,1799.000000,27.293772,186.755658,0.696342,0.314313,0.000000,0.000000,PreSwing,1.000000,2.587424,1.500000,ambiguous_stair,
190,2026-05-14 23:08:16,9.500000,2026-5-14_stair2_left.csv,stair2,1201.000000,0.000000,0.000000,0.000000,0.000000,0.000000,598.000000,0.000000,0.000000,0.000000,0.000000,0.000000,527.000000,0.000000,0.000000,97.000000,0.000000,0.000000,2423.000000,1201.000000,598.000000,624.000000,624.000000,1799.000000,27.293772,186.755658,0.696342,0.314313,0.000000,0.000000,PreSwing,1.000000,2.587424,1.500000,ambiguous_stair,
191,2026-05-14 23:08:16,9.550000,2026-5-14_stair2_left.csv,stair2,1201.000000,0.000000,0.000000,0.000000,0.000000,0.000000,598.000000,0.000000,0.000000,0.000000,0.000000,0.000000,527.000000,0.000000,0.000000,97.000000,0.000000,0.000000,2423.000000,1201.000000,598.000000,624.000000,624.000000,1799.000000,27.293772,186.755658,0.696342,0.314313,0.000000,0.000000,PreSwing,1.000000,2.587424,1.500000,ambiguous_stair,
192,2026-05-14 23:08:16,9.600000,2026-5-14_stair2_left.csv,stair2,1201.000000,0.000000,0.000000,0.000000,0.000000,0.000000,598.000000,0.000000,0.000000,0.000000,0.000000,0.000000,527.000000,0.000000,0.000000,97.000000,0.000000,0.000000,2423.000000,1201.000000,598.000000,624.000000,624.000000,1799.000000,27.293772,186.755658,0.696342,0.314313,0.000000,0.000000,PreSwing,1.000000,2.587424,1.500000,ambiguous_stair,
193,2026-05-14 23:08:16,9.650000,2026-5-14_stair2_left.csv,stair2,1201.000000,0.000000,0.000000,0.000000,0.000000,0.000000,598.000000,0.000000,0.000000,0.000000,0.000000,0.000000,527.000000,0.000000,0.000000,97.000000,0.000000,0.000000,2423.000000,1201.000000,598.000000,624.000000,624.000000,1799.000000,27.293772,186.755658,0.696342,0.314313,0.000000,0.000000,PreSwing,1.000000,2.587424,1.500000,ambiguous_stair,
194,2026-05-14 23:08:16,9.700000,2026-5-14_stair2_left.csv,stair2,1201.000000,0.000000,0.000000,0.000000,0.000000,0.000000,598.000000,0.000000,0.000000,0.000000,0.000000,0.000000,527.000000,0.000000,0.000000,97.000000,0.000000,0.000000,2423.000000,1201.000000,598.000000,624.000000,624.000000,1799.000000,27.293772,186.755658,0.696342,0.314313,0.000000,0.000000,PreSwing,1.000000,2.587424,1.500000,ambiguous_stair,
195,2026-05-14 23:08:16,9.750000,2026-5-14_stair2_left.csv,stair2,1201.000000,0.000000,0.000000,0.000000,0.000000,0.000000,598.000000,0.000000,0.000000,0.000000,0.000000,0.000000,527.000000,0.000000,0.000000,97.000000,0.000000,0.000000,2423.000000,1201.000000,598.000000,624.000000,624.000000,1799.000000,27.293772,186.755658,0.696342,0.314313,0.000000,0.000000,PreSwing,1.000000,2.587424,1.500000,ambiguous_stair,
196,2026-05-14 23:08:16,9.800000,2026-5-14_stair2_left.csv,stair2,1201.000000,0.000000,0.000000,0.000000,0.000000,0.000000,598.000000,0.000000,0.000000,0.000000,0.000000,0.000000,527.000000,0.000000,0.000000,97.000000,0.000000,0.000000,2423.000000,1201.000000,598.000000,624.000000,624.000000,1799.000000,27.293772,186.755658,0.696342,0.314313,0.000000,0.000000,PreSwing,1.000000,2.587424,1.500000,ambiguous_stair,
197,2026-05-14 23:08:17,9.850000,2026-5-14_stair2_left.csv,stair2,1201.000000,0.000000,0.000000,0.000000,0.000000,0.000000,598.000000,0.000000,0.000000,0.000000,0.000000,0.000000,527.000000,0.000000,0.000000,97.000000,0.000000,0.000000,2423.000000,1201.000000,598.000000,624.000000,624.000000,1799.000000,27.293772,186.755658,0.696342,0.314313,0.000000,0.000000,PreSwing,1.000000,2.587424,1.500000,ambiguous_stair,
198,2026-05-14 23:08:17,9.900000,2026-5-14_stair2_left.csv,stair2,1201.000000,0.000000,0.000000,0.000000,0.000000,0.000000,598.000000,0.000000,0.000000,0.000000,0.000000,0.000000,527.000000,0.000000,0.000000,97.000000,0.000000,0.000000,2423.000000,1201.000000,598.000000,624.000000,624.000000,1799.000000,27.293772,186.755658,0.696342,0.314313,0.000000,0.000000,PreSwing,1.000000,2.587424,1.500000,ambiguous_stair,
199,2026-05-14 23:08:17,9.950000,2026-5-14_stair2_left.csv,stair2,1201.000000,0.000000,0.000000,0.000000,0.000000,0.000000,598.000000,0.000000,0.000000,0.000000,0.000000,0.000000,527.000000,0.000000,0.000000,97.000000,0.000000,0.000000,2423.000000,1201.000000,598.000000,624.000000,624.000000,1799.000000,27.293772,186.755658,0.696342,0.314313,0.000000,0.000000,PreSwing,1.000000,2.587424,1.500000,ambiguous_stair,
200,2026-05-14 23:08:17,10.000000,2026-5-14_stair2_left.csv,stair2,1201.000000,0.000000,0.000000,0.000000,0.000000,0.000000,598.000000,0.000000,0.000000,0.000000,0.000000,0.000000,527.000000,0.000000,0.000000,97.000000,0.000000,0.000000,2423.000000,1201.000000,598.000000,624.000000,624.000000,1799.000000,27.293772,186.755658,0.696342,0.314313,0.000000,0.000000,PreSwing,1.000000,2.587424,1.500000,ambiguous_stair,
201,2026-05-14 23:08:17,10.050000,2026-5-14_stair2_left.csv,stair2,1201.000000,0.000000,0.000000,0.000000,0.000000,0.000000,598.000000,0.000000,0.000000,0.000000,0.000000,0.000000,527.000000,0.000000,0.000000,97.000000,0.000000,0.000000,2423.000000,1201.000000,598.000000,624.000000,624.000000,1799.000000,27.293772,186.755658,0.696342,0.314313,0.000000,0.000000,PreSwing,1.000000,2.587424,1.500000,ambiguous_stair,
202,2026-05-14 23:08:17,10.100000,2026-5-14_stair2_left.csv,stair2,1201.000000,0.000000,0.000000,0.000000,0.000000,0.000000,598.000000,0.000000,0.000000,0.000000,0.000000,0.000000,527.000000,0.000000,0.000000,97.000000,0.000000,0.000000,2423.000000,1201.000000,598.000000,624.000000,624.000000,1799.000000,27.293772,186.755658,0.696342,0.314313,0.000000,0.000000,PreSwing,1.000000,2.587424,1.500000,ambiguous_stair,
203,2026-05-14 23:08:17,10.150000,2026-5-14_stair2_left.csv,stair2,1201.000000,0.000000,0.000000,0.000000,0.000000,0.000000,598.000000,0.000000,0.000000,0.000000,0.000000,0.000000,527.000000,0.000000,0.000000,97.000000,0.000000,0.000000,2423.000000,1201.000000,598.000000,624.000000,624.000000,1799.000000,27.293772,186.755658,0.696342,0.314313,0.000000,0.000000,PreSwing,1.000000,2.587424,1.500000,ambiguous_stair,
204,2026-05-14 23:08:17,10.200000,2026-5-14_stair2_left.csv,stair2,1201.000000,0.000000,0.000000,0.000000,0.000000,0.000000,598.000000,0.000000,0.000000,0.000000,0.000000,0.000000,527.000000,0.000000,0.000000,97.000000,0.000000,0.000000,2423.000000,1201.000000,598.000000,624.000000,624.000000,1799.000000,27.293772,186.755658,0.696342,0.314313,0.000000,0.000000,PreSwing,1.000000,2.587424,1.500000,ambiguous_stair,
205,2026-05-14 23:08:17,10.250000,2026-5-14_stair2_left.csv,stair2,1201.000000,0.000000,0.000000,0.000000,0.000000,0.000000,598.000000,0.000000,0.000000,0.000000,0.000000,0.000000,527.000000,0.000000,0.000000,97.000000,0.000000,0.000000,2423.000000,1201.000000,598.000000,624.000000,624.000000,1799.000000,27.293772,186.755658,0.696342,0.314313,0.000000,0.000000,PreSwing,1.000000,2.587424,1.500000,ambiguous_stair,
206,2026-05-14 23:08:17,10.300000,2026-5-14_stair2_left.csv,stair2,1201.000000,0.000000,0.000000,0.000000,0.000000,0.000000,598.000000,0.000000,0.000000,0.000000,0.000000,0.000000,527.000000,0.000000,0.000000,97.000000,0.000000,0.000000,2423.000000,1201.000000,598.000000,624.000000,624.000000,1799.000000,27.293772,186.755658,0.696342,0.314313,0.000000,0.000000,PreSwing,1.000000,2.587424,1.500000,ambiguous_stair,
207,2026-05-14 23:08:17,10.350000,2026-5-14_stair2_left.csv,stair2,1201.000000,0.000000,0.000000,0.000000,0.000000,0.000000,598.000000,0.000000,0.000000,0.000000,0.000000,0.000000,527.000000,0.000000,0.000000,97.000000,0.000000,0.000000,2423.000000,1201.000000,598.000000,624.000000,624.000000,1799.000000,27.293772,186.755658,0.696342,0.314313,0.000000,0.000000,PreSwing,1.000000,2.587424,1.500000,ambiguous_stair,
208,2026-05-14 23:08:17,10.400000,2026-5-14_stair2_left.csv,stair2,1201.000000,0.000000,0.000000,0.000000,0.000000,0.000000,598.000000,0.000000,0.000000,0.000000,0.000000,0.000000,527.000000,0.000000,0.000000,97.000000,0.000000,0.000000,2423.000000,1201.000000,598.000000,624.000000,624.000000,1799.000000,27.293772,186.755658,0.696342,0.314313,0.000000,0.000000,PreSwing,1.000000,2.587424,1.500000,ambiguous_stair,
209,2026-05-14 23:08:17,10.450000,2026-5-14_stair2_left.csv,stair2,1201.000000,0.000000,0.000000,0.000000,0.000000,0.000000,598.000000,0.000000,0.000000,0.000000,0.000000,0.000000,527.000000,0.000000,0.000000,97.000000,0.000000,0.000000,2423.000000,1201.000000,598.000000,624.000000,624.000000,1799.000000,27.293772,186.755658,0.696342,0.314313,0.000000,0.000000,PreSwing,1.000000,2.587424,1.500000,ambiguous_stair,
210,2026-05-14 23:08:17,10.500000,2026-5-14_stair2_left.csv,stair2,1201.000000,0.000000,0.000000,0.000000,0.000000,0.000000,598.000000,0.000000,0.000000,0.000000,0.000000,0.000000,527.000000,0.000000,0.000000,97.000000,0.000000,0.000000,2423.000000,1201.000000,598.000000,624.000000,624.000000,1799.000000,27.293772,186.755658,0.696342,0.314313,0.000000,0.000000,PreSwing,1.000000,2.587424,1.500000,ambiguous_stair,
211,2026-05-14 23:08:17,10.550000,2026-5-14_stair2_left.csv,stair2,1201.000000,0.000000,0.000000,0.000000,0.000000,0.000000,598.000000,0.000000,0.000000,0.000000,0.000000,0.000000,527.000000,0.000000,0.000000,97.000000,0.000000,0.000000,2423.000000,1201.000000,598.000000,624.000000,624.000000,1799.000000,27.293772,186.755658,0.696342,0.314313,0.000000,0.000000,PreSwing,1.000000,2.587424,1.500000,ambiguous_stair,
212,2026-05-14 23:08:17,10.600000,2026-5-14_stair2_left.csv,stair2,1201.000000,0.000000,0.000000,0.000000,0.000000,0.000000,598.000000,0.000000,0.000000,0.000000,0.000000,0.000000,527.000000,0.000000,0.000000,97.000000,0.000000,0.000000,2423.000000,1201.000000,598.000000,624.000000,624.000000,1799.000000,27.293772,186.755658,0.696342,0.314313,0.000000,0.000000,PreSwing,1.000000,2.587424,1.500000,ambiguous_stair,
213,2026-05-14 23:08:17,10.650000,2026-5-14_stair2_left.csv,stair2,1201.000000,0.000000,0.000000,0.000000,0.000000,0.000000,598.000000,0.000000,0.000000,0.000000,0.000000,0.000000,527.000000,0.000000,0.000000,97.000000,0.000000,0.000000,2423.000000,1201.000000,598.000000,624.000000,624.000000,1799.000000,27.293772,186.755658,0.696342,0.314313,0.000000,0.000000,PreSwing,1.000000,2.587424,1.500000,ambiguous_stair,
214,2026-05-14 23:08:17,10.700000,2026-5-14_stair2_left.csv,stair2,1201.000000,0.000000,0.000000,0.000000,0.000000,0.000000,598.000000,0.000000,0.000000,0.000000,0.000000,0.000000,527.000000,0.000000,0.000000,97.000000,0.000000,0.000000,2423.000000,1201.000000,598.000000,624.000000,624.000000,1799.000000,27.293772,186.755658,0.696342,0.314313,0.000000,0.000000,PreSwing,1.000000,2.587424,1.500000,ambiguous_stair,
215,2026-05-14 23:08:17,10.750000,2026-5-14_stair2_left.csv,stair2,1201.000000,0.000000,0.000000,0.000000,0.000000,0.000000,598.000000,0.000000,0.000000,0.000000,0.000000,0.000000,527.000000,0.000000,0.000000,97.000000,0.000000,0.000000,2423.000000,1201.000000,598.000000,624.000000,624.000000,1799.000000,27.293772,186.755658,0.696342,0.314313,0.000000,0.000000,PreSwing,1.000000,2.587424,1.500000,ambiguous_stair,
216,2026-05-14 23:08:17,10.800000,2026-5-14_stair2_left.csv,stair2,1201.000000,0.000000,0.000000,0.000000,0.000000,0.000000,598.000000,0.000000,0.000000,0.000000,0.000000,0.000000,527.000000,0.000000,0.000000,97.000000,0.000000,0.000000,2423.000000,1201.000000,598.000000,624.000000,624.000000,1799.000000,27.293772,186.755658,0.696342,0.314313,0.000000,0.000000,PreSwing,1.000000,2.587424,1.500000,ambiguous_stair,
217,2026-05-14 23:08:18,10.850000,2026-5-14_stair2_left.csv,stair2,1201.000000,0.000000,0.000000,0.000000,0.000000,0.000000,598.000000,0.000000,0.000000,0.000000,0.000000,0.000000,527.000000,0.000000,0.000000,97.000000,0.000000,0.000000,2423.000000,1201.000000,598.000000,624.000000,624.000000,1799.000000,27.293772,186.755658,0.696342,0.314313,0.000000,0.000000,PreSwing,1.000000,2.587424,1.500000,ambiguous_stair,
218,2026-05-14 23:08:18,10.900000,2026-5-14_stair2_left.csv,stair2,1201.000000,0.000000,0.000000,0.000000,0.000000,0.000000,598.000000,0.000000,0.000000,0.000000,0.000000,0.000000,527.000000,0.000000,0.000000,97.000000,0.000000,0.000000,2423.000000,1201.000000,598.000000,624.000000,624.000000,1799.000000,27.293772,186.755658,0.696342,0.314313,0.000000,0.000000,PreSwing,1.000000,2.587424,1.500000,ambiguous_stair,
219,2026-05-14 23:08:18,10.950000,2026-5-14_stair2_left.csv,stair2,1201.000000,0.000000,0.000000,0.000000,0.000000,0.000000,598.000000,0.000000,0.000000,0.000000,0.000000,0.000000,527.000000,0.000000,0.000000,97.000000,0.000000,0.000000,2423.000000,1201.000000,598.000000,624.000000,624.000000,1799.000000,27.293772,186.755658,0.696342,0.314313,0.000000,0.000000,PreSwing,1.000000,2.587424,1.500000,ambiguous_stair,
220,2026-05-14 23:08:18,11.000000,2026-5-14_stair2_left.csv,stair2,1201.000000,0.000000,0.000000,0.000000,0.000000,0.000000,598.000000,0.000000,0.000000,0.000000,0.000000,0.000000,527.000000,0.000000,0.000000,97.000000,0.000000,0.000000,2423.000000,1201.000000,598.000000,624.000000,624.000000,1799.000000,27.293772,186.755658,0.696342,0.314313,0.000000,0.000000,PreSwing,1.000000,2.587424,1.500000,ambiguous_stair,
221,2026-05-14 23:08:18,11.050000,2026-5-14_stair2_left.csv,stair2,1201.000000,0.000000,0.000000,0.000000,0.000000,0.000000,598.000000,0.000000,0.000000,0.000000,0.000000,0.000000,527.000000,0.000000,0.000000,97.000000,0.000000,0.000000,2423.000000,1201.000000,598.000000,624.000000,624.000000,1799.000000,27.293772,186.755658,0.696342,0.314313,0.000000,0.000000,PreSwing,1.000000,2.587424,1.500000,ambiguous_stair,
222,2026-05-14 23:08:18,11.100000,2026-5-14_stair2_left.csv,stair2,1201.000000,0.000000,0.000000,0.000000,0.000000,0.000000,598.000000,0.000000,0.000000,0.000000,0.000000,0.000000,527.000000,0.000000,0.000000,97.000000,0.000000,0.000000,2423.000000,1201.000000,598.000000,624.000000,624.000000,1799.000000,27.293772,186.755658,0.696342,0.314313,0.000000,0.000000,PreSwing,1.000000,2.587424,1.500000,ambiguous_stair,
223,2026-05-14 23:08:18,11.150000,2026-5-14_stair2_left.csv,stair2,1201.000000,0.000000,0.000000,0.000000,0.000000,0.000000,598.000000,0.000000,0.000000,0.000000,0.000000,0.000000,527.000000,0.000000,0.000000,97.000000,0.000000,0.000000,2423.000000,1201.000000,598.000000,624.000000,624.000000,1799.000000,27.293772,186.755658,0.696342,0.314313,0.000000,0.000000,PreSwing,1.000000,2.587424,1.500000,ambiguous_stair,
224,2026-05-14 23:08:18,11.200000,2026-5-14_stair2_left.csv,stair2,1201.000000,0.000000,0.000000,0.000000,0.000000,0.000000,598.000000,0.000000,0.000000,0.000000,0.000000,0.000000,527.000000,0.000000,0.000000,97.000000,0.000000,0.000000,2423.000000,1201.000000,598.000000,624.000000,624.000000,1799.000000,27.293772,186.755658,0.696342,0.314313,0.000000,0.000000,PreSwing,1.000000,2.587424,1.500000,ambiguous_stair,
225,2026-05-14 23:08:18,11.250000,2026-5-14_stair2_left.csv,stair2,1201.000000,0.000000,0.000000,0.000000,0.000000,0.000000,598.000000,0.000000,0.000000,0.000000,0.000000,0.000000,527.000000,0.000000,0.000000,97.000000,0.000000,0.000000,2423.000000,1201.000000,598.000000,624.000000,624.000000,1799.000000,27.293772,186.755658,0.696342,0.314313,0.000000,0.000000,PreSwing,1.000000,2.587424,1.500000,ambiguous_stair,
226,2026-05-14 23:08:18,11.300000,2026-5-14_stair2_left.csv,stair2,1201.000000,0.000000,0.000000,0.000000,0.000000,0.000000,598.000000,0.000000,0.000000,0.000000,0.000000,0.000000,527.000000,0.000000,0.000000,97.000000,0.000000,0.000000,2423.000000,1201.000000,598.000000,624.000000,624.000000,1799.000000,27.293772,186.755658,0.696342,0.314313,0.000000,0.000000,PreSwing,1.000000,2.587424,1.500000,ambiguous_stair,
227,2026-05-14 23:08:18,11.350000,2026-5-14_stair2_left.csv,stair2,1201.000000,0.000000,0.000000,0.000000,0.000000,0.000000,598.000000,0.000000,0.000000,0.000000,0.000000,0.000000,527.000000,0.000000,0.000000,97.000000,0.000000,0.000000,2423.000000,1201.000000,598.000000,624.000000,624.000000,1799.000000,27.293772,186.755658,0.696342,0.314313,0.000000,0.000000,PreSwing,1.000000,2.587424,1.500000,ambiguous_stair,
228,2026-05-14 23:08:18,11.400000,2026-5-14_stair2_left.csv,stair2,1201.000000,0.000000,0.000000,0.000000,0.000000,0.000000,598.000000,0.000000,0.000000,0.000000,0.000000,0.000000,527.000000,0.000000,0.000000,97.000000,0.000000,0.000000,2423.000000,1201.000000,598.000000,624.000000,624.000000,1799.000000,27.293772,186.755658,0.696342,0.314313,0.000000,0.000000,PreSwing,1.000000,2.587424,1.500000,ambiguous_stair,
229,2026-05-14 23:08:18,11.450000,2026-5-14_stair2_left.csv,stair2,1201.000000,0.000000,0.000000,0.000000,0.000000,0.000000,598.000000,0.000000,0.000000,0.000000,0.000000,0.000000,527.000000,0.000000,0.000000,97.000000,0.000000,0.000000,2423.000000,1201.000000,598.000000,624.000000,624.000000,1799.000000,27.293772,186.755658,0.696342,0.314313,0.000000,0.000000,PreSwing,1.000000,2.587424,1.500000,ambiguous_stair,
230,2026-05-14 23:08:18,11.500000,2026-5-14_stair2_left.csv,stair2,1201.000000,0.000000,0.000000,0.000000,0.000000,0.000000,598.000000,0.000000,0.000000,0.000000,0.000000,0.000000,527.000000,0.000000,0.000000,97.000000,0.000000,0.000000,2423.000000,1201.000000,598.000000,624.000000,624.000000,1799.000000,27.293772,186.755658,0.696342,0.314313,0.000000,0.000000,PreSwing,1.000000,2.587424,1.500000,ambiguous_stair,
231,2026-05-14 23:08:18,11.550000,2026-5-14_stair2_left.csv,stair2,1201.000000,0.000000,0.000000,0.000000,0.000000,0.000000,598.000000,0.000000,0.000000,0.000000,0.000000,0.000000,527.000000,0.000000,0.000000,97.000000,0.000000,0.000000,2423.000000,1201.000000,598.000000,624.000000,624.000000,1799.000000,27.293772,186.755658,0.696342,0.314313,0.000000,0.000000,PreSwing,1.000000,2.587424,1.500000,ambiguous_stair,
232,2026-05-14 23:08:18,11.600000,2026-5-14_stair2_left.csv,stair2,1201.000000,0.000000,0.000000,0.000000,0.000000,0.000000,598.000000,0.000000,0.000000,0.000000,0.000000,0.000000,527.000000,0.000000,0.000000,97.000000,0.000000,0.000000,2423.000000,1201.000000,598.000000,624.000000,624.000000,1799.000000,27.293772,186.755658,0.696342,0.314313,0.000000,0.000000,PreSwing,1.000000,2.587424,1.500000,ambiguous_stair,
233,2026-05-14 23:08:18,11.650000,2026-5-14_stair2_left.csv,stair2,1201.000000,0.000000,0.000000,0.000000,0.000000,0.000000,598.000000,0.000000,0.000000,0.000000,0.000000,0.000000,527.000000,0.000000,0.000000,97.000000,0.000000,0.000000,2423.000000,1201.000000,598.000000,624.000000,624.000000,1799.000000,27.293772,186.755658,0.696342,0.314313,0.000000,0.000000,PreSwing,1.000000,2.587424,1.500000,ambiguous_stair,
234,2026-05-14 23:08:18,11.700000,2026-5-14_stair2_left.csv,stair2,1201.000000,0.000000,0.000000,0.000000,0.000000,0.000000,598.000000,0.000000,0.000000,0.000000,0.000000,0.000000,527.000000,0.000000,0.000000,97.000000,0.000000,0.000000,2423.000000,1201.000000,598.000000,624.000000,624.000000,1799.000000,27.293772,186.755658,0.696342,0.314313,0.000000,0.000000,PreSwing,1.000000,2.587424,1.500000,ambiguous_stair,
235,2026-05-14 23:08:18,11.750000,2026-5-14_stair2_left.csv,stair2,1201.000000,0.000000,0.000000,0.000000,0.000000,0.000000,598.000000,0.000000,0.000000,0.000000,0.000000,0.000000,527.000000,0.000000,0.000000,97.000000,0.000000,0.000000,2423.000000,1201.000000,598.000000,624.000000,624.000000,1799.000000,27.293772,186.755658,0.696342,0.314313,0.000000,0.000000,PreSwing,1.000000,2.587424,1.500000,ambiguous_stair,
236,2026-05-14 23:08:18,11.800000,2026-5-14_stair2_left.csv,stair2,1201.000000,0.000000,0.000000,0.000000,0.000000,0.000000,598.000000,0.000000,0.000000,0.000000,0.000000,0.000000,527.000000,0.000000,0.000000,97.000000,0.000000,0.000000,2423.000000,1201.000000,598.000000,624.000000,624.000000,1799.000000,27.293772,186.755658,0.696342,0.314313,0.000000,0.000000,PreSwing,1.000000,2.587424,1.500000,ambiguous_stair,
237,2026-05-14 23:08:19,11.850000,2026-5-14_stair2_left.csv,stair2,1201.000000,0.000000,0.000000,0.000000,0.000000,0.000000,598.000000,0.000000,0.000000,0.000000,0.000000,0.000000,527.000000,0.000000,0.000000,97.000000,0.000000,0.000000,2423.000000,1201.000000,598.000000,624.000000,624.000000,1799.000000,27.293772,186.755658,0.696342,0.314313,0.000000,0.000000,PreSwing,1.000000,2.587424,1.500000,ambiguous_stair,
238,2026-05-14 23:08:19,11.900000,2026-5-14_stair2_left.csv,stair2,1201.000000,0.000000,0.000000,0.000000,0.000000,0.000000,598.000000,0.000000,0.000000,0.000000,0.000000,0.000000,527.000000,0.000000,0.000000,97.000000,0.000000,0.000000,2423.000000,1201.000000,598.000000,624.000000,624.000000,1799.000000,27.293772,186.755658,0.696342,0.314313,0.000000,0.000000,PreSwing,1.000000,2.587424,1.500000,ambiguous_stair,
239,2026-05-14 23:08:19,11.950000,2026-5-14_stair2_left.csv,stair2,1201.000000,0.000000,0.000000,0.000000,0.000000,0.000000,598.000000,0.000000,0.000000,0.000000,0.000000,0.000000,527.000000,0.000000,0.000000,97.000000,0.000000,0.000000,2423.000000,1201.000000,598.000000,624.000000,624.000000,1799.000000,27.293772,186.755658,0.696342,0.314313,0.000000,0.000000,PreSwing,1.000000,2.587424,1.500000,ambiguous_stair,
240,2026-05-14 23:08:19,12.000000,2026-5-14_stair2_left.csv,stair2,1201.000000,0.000000,0.000000,0.000000,0.000000,0.000000,598.000000,0.000000,0.000000,0.000000,0.000000,0.000000,527.000000,0.000000,0.000000,97.000000,0.000000,0.000000,2423.000000,1201.000000,598.000000,624.000000,624.000000,1799.000000,27.293772,186.755658,0.696342,0.314313,0.000000,0.000000,PreSwing,1.000000,2.587424,1.500000,ambiguous_stair,
241,2026-05-14 23:08:19,12.050000,2026-5-14_stair2_left.csv,stair2,1201.000000,0.000000,0.000000,0.000000,0.000000,0.000000,598.000000,0.000000,0.000000,0.000000,0.000000,0.000000,527.000000,0.000000,0.000000,97.000000,0.000000,0.000000,2423.000000,1201.000000,598.000000,624.000000,624.000000,1799.000000,27.293772,186.755658,0.696342,0.314313,0.000000,0.000000,PreSwing,1.000000,2.587424,1.500000,ambiguous_stair,
242,2026-05-14 23:08:19,12.100000,2026-5-14_stair2_left.csv,stair2,1201.000000,0.000000,0.000000,0.000000,0.000000,0.000000,598.000000,0.000000,0.000000,0.000000,0.000000,0.000000,527.000000,0.000000,0.000000,97.000000,0.000000,0.000000,2423.000000,1201.000000,598.000000,624.000000,624.000000,1799.000000,27.293772,186.755658,0.696342,0.314313,0.000000,0.000000,PreSwing,1.000000,2.587424,1.500000,ambiguous_stair,
243,2026-05-14 23:08:19,12.150000,2026-5-14_stair2_left.csv,stair2,1201.000000,0.000000,0.000000,0.000000,0.000000,0.000000,598.000000,0.000000,0.000000,0.000000,0.000000,0.000000,527.000000,0.000000,0.000000,97.000000,0.000000,0.000000,2423.000000,1201.000000,598.000000,624.000000,624.000000,1799.000000,27.293772,186.755658,0.696342,0.314313,0.000000,0.000000,PreSwing,1.000000,2.587424,1.500000,ambiguous_stair,
244,2026-05-14 23:08:19,12.200000,2026-5-14_stair2_left.csv,stair2,1201.000000,0.000000,0.000000,0.000000,0.000000,0.000000,598.000000,0.000000,0.000000,0.000000,0.000000,0.000000,527.000000,0.000000,0.000000,97.000000,0.000000,0.000000,2423.000000,1201.000000,598.000000,624.000000,624.000000,1799.000000,27.293772,186.755658,0.696342,0.314313,0.000000,0.000000,PreSwing,1.000000,2.587424,1.500000,ambiguous_stair,
245,2026-05-14 23:08:19,12.250000,2026-5-14_stair2_left.csv,stair2,1201.000000,0.000000,0.000000,0.000000,0.000000,0.000000,598.000000,0.000000,0.000000,0.000000,0.000000,0.000000,527.000000,0.000000,0.000000,97.000000,0.000000,0.000000,2423.000000,1201.000000,598.000000,624.000000,624.000000,1799.000000,27.293772,186.755658,0.696342,0.314313,0.000000,0.000000,PreSwing,1.000000,2.587424,1.500000,ambiguous_stair,
246,2026-05-14 23:08:19,12.300000,2026-5-14_stair2_left.csv,stair2,1201.000000,0.000000,0.000000,0.000000,0.000000,0.000000,598.000000,0.000000,0.000000,0.000000,0.000000,0.000000,527.000000,0.000000,0.000000,97.000000,0.000000,0.000000,2423.000000,1201.000000,598.000000,624.000000,624.000000,1799.000000,27.293772,186.755658,0.696342,0.314313,0.000000,0.000000,PreSwing,1.000000,2.587424,1.500000,ambiguous_stair,
247,2026-05-14 23:08:19,12.350000,2026-5-14_stair2_left.csv,stair2,1201.000000,0.000000,0.000000,0.000000,0.000000,0.000000,598.000000,0.000000,0.000000,0.000000,0.000000,0.000000,527.000000,0.000000,0.000000,97.000000,0.000000,0.000000,2423.000000,1201.000000,598.000000,624.000000,624.000000,1799.000000,27.293772,186.755658,0.696342,0.314313,0.000000,0.000000,PreSwing,1.000000,2.587424,1.500000,ambiguous_stair,
248,2026-05-14 23:08:19,12.400000,2026-5-14_stair2_left.csv,stair2,1201.000000,0.000000,0.000000,0.000000,0.000000,0.000000,598.000000,0.000000,0.000000,0.000000,0.000000,0.000000,527.000000,0.000000,0.000000,97.000000,0.000000,0.000000,2423.000000,1201.000000,598.000000,624.000000,624.000000,1799.000000,27.293772,186.755658,0.696342,0.314313,0.000000,0.000000,PreSwing,1.000000,2.587424,1.500000,ambiguous_stair,
249,2026-05-14 23:08:19,12.450000,2026-5-14_stair2_left.csv,stair2,1201.000000,0.000000,0.000000,0.000000,0.000000,0.000000,598.000000,0.000000,0.000000,0.000000,0.000000,0.000000,527.000000,0.000000,0.000000,97.000000,0.000000,0.000000,2423.000000,1201.000000,598.000000,624.000000,624.000000,1799.000000,27.293772,186.755658,0.696342,0.314313,0.000000,0.000000,PreSwing,1.000000,2.587424,1.500000,ambiguous_stair,
250,2026-05-14 23:08:19,12.500000,2026-5-14_stair2_left.csv,stair2,1201.000000,0.000000,0.000000,0.000000,0.000000,0.000000,598.000000,0.000000,0.000000,0.000000,0.000000,0.000000,527.000000,0.000000,0.000000,97.000000,0.000000,0.000000,2423.000000,1201.000000,598.000000,624.000000,624.000000,1799.000000,27.293772,186.755658,0.696342,0.314313,0.000000,0.000000,PreSwing,1.000000,2.587424,1.500000,ambiguous_stair,
251,2026-05-14 23:08:19,12.550000,2026-5-14_stair2_left.csv,stair2,1201.000000,0.000000,0.000000,0.000000,0.000000,0.000000,598.000000,0.000000,0.000000,0.000000,0.000000,0.000000,527.000000,0.000000,0.000000,97.000000,0.000000,0.000000,2423.000000,1201.000000,598.000000,624.000000,624.000000,1799.000000,27.293772,186.755658,0.696342,0.314313,0.000000,0.000000,PreSwing,1.000000,2.587424,1.500000,ambiguous_stair,
252,2026-05-14 23:08:19,12.600000,2026-5-14_stair2_left.csv,stair2,1201.000000,0.000000,0.000000,0.000000,0.000000,0.000000,598.000000,0.000000,0.000000,0.000000,0.000000,0.000000,527.000000,0.000000,0.000000,97.000000,0.000000,0.000000,2423.000000,1201.000000,598.000000,624.000000,624.000000,1799.000000,27.293772,186.755658,0.696342,0.314313,0.000000,0.000000,PreSwing,1.000000,2.587424,1.500000,ambiguous_stair,
253,2026-05-14 23:08:19,12.650000,2026-5-14_stair2_left.csv,stair2,1201.000000,0.000000,0.000000,0.000000,0.000000,0.000000,598.000000,0.000000,0.000000,0.000000,0.000000,0.000000,527.000000,0.000000,0.000000,97.000000,0.000000,0.000000,2423.000000,1201.000000,598.000000,624.000000,624.000000,1799.000000,27.293772,186.755658,0.696342,0.314313,0.000000,0.000000,PreSwing,1.000000,2.587424,1.500000,ambiguous_stair,
254,2026-05-14 23:08:19,12.700000,2026-5-14_stair2_left.csv,stair2,1201.000000,0.000000,0.000000,0.000000,0.000000,0.000000,598.000000,0.000000,0.000000,0.000000,0.000000,0.000000,527.000000,0.000000,0.000000,97.000000,0.000000,0.000000,2423.000000,1201.000000,598.000000,624.000000,624.000000,1799.000000,27.293772,186.755658,0.696342,0.314313,0.000000,0.000000,PreSwing,1.000000,2.587424,1.500000,ambiguous_stair,
255,2026-05-14 23:08:19,12.750000,2026-5-14_stair2_left.csv,stair2,1201.000000,0.000000,0.000000,0.000000,0.000000,0.000000,598.000000,0.000000,0.000000,0.000000,0.000000,0.000000,527.000000,0.000000,0.000000,97.000000,0.000000,0.000000,2423.000000,1201.000000,598.000000,624.000000,624.000000,1799.000000,27.293772,186.755658,0.696342,0.314313,0.000000,0.000000,PreSwing,1.000000,2.587424,1.500000,ambiguous_stair,
256,2026-05-14 23:08:19,12.800000,2026-5-14_stair2_left.csv,stair2,1201.000000,0.000000,0.000000,0.000000,0.000000,0.000000,598.000000,0.000000,0.000000,0.000000,0.000000,0.000000,527.000000,0.000000,0.000000,97.000000,0.000000,0.000000,2423.000000,1201.000000,598.000000,624.000000,624.000000,1799.000000,27.293772,186.755658,0.696342,0.314313,0.000000,0.000000,PreSwing,1.000000,2.587424,1.500000,ambiguous_stair,
257,2026-05-14 23:08:20,12.850000,2026-5-14_stair2_left.csv,stair2,1201.000000,0.000000,0.000000,0.000000,0.000000,0.000000,598.000000,0.000000,0.000000,0.000000,0.000000,0.000000,527.000000,0.000000,0.000000,97.000000,0.000000,0.000000,2423.000000,1201.000000,598.000000,624.000000,624.000000,1799.000000,27.293772,186.755658,0.696342,0.314313,0.000000,0.000000,PreSwing,1.000000,2.587424,1.500000,ambiguous_stair,
258,2026-05-14 23:08:20,12.900000,2026-5-14_stair2_left.csv,stair2,1201.000000,0.000000,0.000000,0.000000,0.000000,0.000000,598.000000,0.000000,0.000000,0.000000,0.000000,0.000000,527.000000,0.000000,0.000000,97.000000,0.000000,0.000000,2423.000000,1201.000000,598.000000,624.000000,624.000000,1799.000000,27.293772,186.755658,0.696342,0.314313,0.000000,0.000000,PreSwing,1.000000,2.587424,1.500000,ambiguous_stair,
259,2026-05-14 23:08:20,12.950000,2026-5-14_stair2_left.csv,stair2,1201.000000,0.000000,0.000000,0.000000,0.000000,0.000000,598.000000,0.000000,0.000000,0.000000,0.000000,0.000000,527.000000,0.000000,0.000000,97.000000,0.000000,0.000000,2423.000000,1201.000000,598.000000,624.000000,624.000000,1799.000000,27.293772,186.755658,0.696342,0.314313,0.000000,0.000000,PreSwing,1.000000,2.587424,1.500000,ambiguous_stair,
260,2026-05-14 23:08:20,13.000000,2026-5-14_stair2_left.csv,stair2,1201.000000,0.000000,0.000000,0.000000,0.000000,0.000000,598.000000,0.000000,0.000000,0.000000,0.000000,0.000000,527.000000,0.000000,0.000000,97.000000,0.000000,0.000000,2423.000000,1201.000000,598.000000,624.000000,624.000000,1799.000000,27.293772,186.755658,0.696342,0.314313,0.000000,0.000000,PreSwing,1.000000,2.587424,1.500000,ambiguous_stair,
261,2026-05-14 23:08:20,13.050000,2026-5-14_stair2_left.csv,stair2,1201.000000,0.000000,0.000000,0.000000,0.000000,0.000000,598.000000,0.000000,0.000000,0.000000,0.000000,0.000000,527.000000,0.000000,0.000000,97.000000,0.000000,0.000000,2423.000000,1201.000000,598.000000,624.000000,624.000000,1799.000000,27.293772,186.755658,0.696342,0.314313,0.000000,0.000000,PreSwing,1.000000,2.587424,1.500000,ambiguous_stair,
262,2026-05-14 23:08:20,13.100000,2026-5-14_stair2_left.csv,stair2,1201.000000,0.000000,0.000000,0.000000,0.000000,0.000000,598.000000,0.000000,0.000000,0.000000,0.000000,0.000000,527.000000,0.000000,0.000000,97.000000,0.000000,0.000000,2423.000000,1201.000000,598.000000,624.000000,624.000000,1799.000000,27.293772,186.755658,0.696342,0.314313,0.000000,0.000000,PreSwing,1.000000,2.587424,1.500000,ambiguous_stair,
263,2026-05-14 23:08:20,13.150000,2026-5-14_stair2_left.csv,stair2,1201.000000,0.000000,0.000000,0.000000,0.000000,0.000000,598.000000,0.000000,0.000000,0.000000,0.000000,0.000000,527.000000,0.000000,0.000000,97.000000,0.000000,0.000000,2423.000000,1201.000000,598.000000,624.000000,624.000000,1799.000000,27.293772,186.755658,0.696342,0.314313,0.000000,0.000000,PreSwing,1.000000,2.587424,1.500000,ambiguous_stair,
264,2026-05-14 23:08:20,13.200000,2026-5-14_stair2_left.csv,stair2,1201.000000,0.000000,0.000000,0.000000,0.000000,0.000000,598.000000,0.000000,0.000000,0.000000,0.000000,0.000000,527.000000,0.000000,0.000000,97.000000,0.000000,0.000000,2423.000000,1201.000000,598.000000,624.000000,624.000000,1799.000000,27.293772,186.755658,0.696342,0.314313,0.000000,0.000000,PreSwing,1.000000,2.587424,1.500000,ambiguous_stair,
265,2026-05-14 23:08:20,13.250000,2026-5-14_stair2_left.csv,stair2,1201.000000,0.000000,0.000000,0.000000,0.000000,0.000000,598.000000,0.000000,0.000000,0.000000,0.000000,0.000000,527.000000,0.000000,0.000000,97.000000,0.000000,0.000000,2423.000000,1201.000000,598.000000,624.000000,624.000000,1799.000000,27.293772,186.755658,0.696342,0.314313,0.000000,0.000000,PreSwing,1.000000,2.587424,1.500000,ambiguous_stair,
266,2026-05-14 23:08:20,13.300000,2026-5-14_stair2_left.csv,stair2,1201.000000,0.000000,0.000000,0.000000,0.000000,0.000000,598.000000,0.000000,0.000000,0.000000,0.000000,0.000000,527.000000,0.000000,0.000000,97.000000,0.000000,0.000000,2423.000000,1201.000000,598.000000,624.000000,624.000000,1799.000000,27.293772,186.755658,0.696342,0.314313,0.000000,0.000000,PreSwing,1.000000,2.587424,1.500000,ambiguous_stair,
267,2026-05-14 23:08:20,13.350000,2026-5-14_stair2_left.csv,stair2,1201.000000,0.000000,0.000000,0.000000,0.000000,0.000000,598.000000,0.000000,0.000000,0.000000,0.000000,0.000000,527.000000,0.000000,0.000000,97.000000,0.000000,0.000000,2423.000000,1201.000000,598.000000,624.000000,624.000000,1799.000000,27.293772,186.755658,0.696342,0.314313,0.000000,0.000000,PreSwing,1.000000,2.587424,1.500000,ambiguous_stair,
268,2026-05-14 23:08:20,13.400000,2026-5-14_stair2_left.csv,stair2,1201.000000,0.000000,0.000000,0.000000,0.000000,0.000000,598.000000,0.000000,0.000000,0.000000,0.000000,0.000000,527.000000,0.000000,0.000000,97.000000,0.000000,0.000000,2423.000000,1201.000000,598.000000,624.000000,624.000000,1799.000000,27.293772,186.755658,0.696342,0.314313,0.000000,0.000000,PreSwing,1.000000,2.587424,1.500000,ambiguous_stair,
269,2026-05-14 23:08:20,13.450000,2026-5-14_stair2_left.csv,stair2,1201.000000,0.000000,0.000000,0.000000,0.000000,0.000000,598.000000,0.000000,0.000000,0.000000,0.000000,0.000000,527.000000,0.000000,0.000000,97.000000,0.000000,0.000000,2423.000000,1201.000000,598.000000,624.000000,624.000000,1799.000000,27.293772,186.755658,0.696342,0.314313,0.000000,0.000000,PreSwing,1.000000,2.587424,1.500000,ambiguous_stair,
270,2026-05-14 23:08:20,13.500000,2026-5-14_stair2_left.csv,stair2,1201.000000,0.000000,0.000000,0.000000,0.000000,0.000000,598.000000,0.000000,0.000000,0.000000,0.000000,0.000000,527.000000,0.000000,0.000000,97.000000,0.000000,0.000000,2423.000000,1201.000000,598.000000,624.000000,624.000000,1799.000000,27.293772,186.755658,0.696342,0.314313,0.000000,0.000000,PreSwing,1.000000,2.587424,1.500000,ambiguous_stair,
271,2026-05-14 23:08:20,13.550000,2026-5-14_stair2_left.csv,stair2,1201.000000,0.000000,0.000000,0.000000,0.000000,0.000000,598.000000,0.000000,0.000000,0.000000,0.000000,0.000000,527.000000,0.000000,0.000000,97.000000,0.000000,0.000000,2423.000000,1201.000000,598.000000,624.000000,624.000000,1799.000000,27.293772,186.755658,0.696342,0.314313,0.000000,0.000000,PreSwing,1.000000,2.587424,1.500000,ambiguous_stair,
272,2026-05-14 23:08:20,13.600000,2026-5-14_stair2_left.csv,stair2,1201.000000,0.000000,0.000000,0.000000,0.000000,0.000000,598.000000,0.000000,0.000000,0.000000,0.000000,0.000000,527.000000,0.000000,0.000000,97.000000,0.000000,0.000000,2423.000000,1201.000000,598.000000,624.000000,624.000000,1799.000000,27.293772,186.755658,0.696342,0.314313,0.000000,0.000000,PreSwing,1.000000,2.587424,1.500000,ambiguous_stair,
273,2026-05-14 23:08:20,13.650000,2026-5-14_stair2_left.csv,stair2,1201.000000,0.000000,0.000000,0.000000,0.000000,0.000000,598.000000,0.000000,0.000000,0.000000,0.000000,0.000000,527.000000,0.000000,0.000000,97.000000,0.000000,0.000000,2423.000000,1201.000000,598.000000,624.000000,624.000000,1799.000000,27.293772,186.755658,0.696342,0.314313,0.000000,0.000000,PreSwing,1.000000,2.587424,1.500000,ambiguous_stair,
274,2026-05-14 23:08:20,13.700000,2026-5-14_stair2_left.csv,stair2,1201.000000,0.000000,0.000000,0.000000,0.000000,0.000000,598.000000,0.000000,0.000000,0.000000,0.000000,0.000000,527.000000,0.000000,0.000000,97.000000,0.000000,0.000000,2423.000000,1201.000000,598.000000,624.000000,624.000000,1799.000000,27.293772,186.755658,0.696342,0.314313,0.000000,0.000000,PreSwing,1.000000,2.587424,1.500000,ambiguous_stair,
275,2026-05-14 23:08:20,13.750000,2026-5-14_stair2_left.csv,stair2,1201.000000,0.000000,0.000000,0.000000,0.000000,0.000000,598.000000,0.000000,0.000000,0.000000,0.000000,0.000000,527.000000,0.000000,0.000000,97.000000,0.000000,0.000000,2423.000000,1201.000000,598.000000,624.000000,624.000000,1799.000000,27.293772,186.755658,0.696342,0.314313,0.000000,0.000000,PreSwing,1.000000,2.587424,1.500000,ambiguous_stair,
276,2026-05-14 23:08:20,13.800000,2026-5-14_stair2_left.csv,stair2,1201.000000,0.000000,0.000000,0.000000,0.000000,0.000000,598.000000,0.000000,0.000000,0.000000,0.000000,0.000000,527.000000,0.000000,0.000000,97.000000,0.000000,0.000000,2423.000000,1201.000000,598.000000,624.000000,624.000000,1799.000000,27.293772,186.755658,0.696342,0.314313,0.000000,0.000000,PreSwing,1.000000,2.587424,1.500000,ambiguous_stair,
277,2026-05-14 23:08:21,13.850000,2026-5-14_stair2_left.csv,stair2,1201.000000,0.000000,0.000000,0.000000,0.000000,0.000000,598.000000,0.000000,0.000000,0.000000,0.000000,0.000000,527.000000,0.000000,0.000000,97.000000,0.000000,0.000000,2423.000000,1201.000000,598.000000,624.000000,624.000000,1799.000000,27.293772,186.755658,0.696342,0.314313,0.000000,0.000000,PreSwing,1.000000,2.587424,1.500000,ambiguous_stair,
278,2026-05-14 23:08:21,13.900000,2026-5-14_stair2_left.csv,stair2,1201.000000,0.000000,0.000000,0.000000,0.000000,0.000000,598.000000,0.000000,0.000000,0.000000,0.000000,0.000000,527.000000,0.000000,0.000000,97.000000,0.000000,0.000000,2423.000000,1201.000000,598.000000,624.000000,624.000000,1799.000000,27.293772,186.755658,0.696342,0.314313,0.000000,0.000000,PreSwing,1.000000,2.587424,1.500000,ambiguous_stair,
279,2026-05-14 23:08:21,13.950000,2026-5-14_stair2_left.csv,stair2,1201.000000,0.000000,0.000000,0.000000,0.000000,0.000000,598.000000,0.000000,0.000000,0.000000,0.000000,0.000000,527.000000,0.000000,0.000000,97.000000,0.000000,0.000000,2423.000000,1201.000000,598.000000,624.000000,624.000000,1799.000000,27.293772,186.755658,0.696342,0.314313,0.000000,0.000000,PreSwing,1.000000,2.587424,1.500000,ambiguous_stair,
280,2026-05-14 23:08:21,14.000000,2026-5-14_stair2_left.csv,stair2,1201.000000,0.000000,0.000000,0.000000,0.000000,0.000000,598.000000,0.000000,0.000000,0.000000,0.000000,0.000000,527.000000,0.000000,0.000000,97.000000,0.000000,0.000000,2423.000000,1201.000000,598.000000,624.000000,624.000000,1799.000000,27.293772,186.755658,0.696342,0.314313,0.000000,0.000000,PreSwing,1.000000,2.587424,1.500000,ambiguous_stair,
281,2026-05-14 23:08:21,14.050000,2026-5-14_stair2_left.csv,stair2,1201.000000,0.000000,0.000000,0.000000,0.000000,0.000000,598.000000,0.000000,0.000000,0.000000,0.000000,0.000000,527.000000,0.000000,0.000000,97.000000,0.000000,0.000000,2423.000000,1201.000000,598.000000,624.000000,624.000000,1799.000000,27.293772,186.755658,0.696342,0.314313,0.000000,0.000000,PreSwing,1.000000,2.587424,1.500000,ambiguous_stair,
282,2026-05-14 23:08:21,14.100000,2026-5-14_stair2_left.csv,stair2,1201.000000,0.000000,0.000000,0.000000,0.000000,0.000000,598.000000,0.000000,0.000000,0.000000,0.000000,0.000000,527.000000,0.000000,0.000000,97.000000,0.000000,0.000000,2423.000000,1201.000000,598.000000,624.000000,624.000000,1799.000000,27.293772,186.755658,0.696342,0.314313,0.000000,0.000000,PreSwing,1.000000,2.587424,1.500000,ambiguous_stair,
283,2026-05-14 23:08:21,14.150000,2026-5-14_stair2_left.csv,stair2,1201.000000,0.000000,0.000000,0.000000,0.000000,0.000000,598.000000,0.000000,0.000000,0.000000,0.000000,0.000000,527.000000,0.000000,0.000000,97.000000,0.000000,0.000000,2423.000000,1201.000000,598.000000,624.000000,624.000000,1799.000000,27.293772,186.755658,0.696342,0.314313,0.000000,0.000000,PreSwing,1.000000,2.587424,1.500000,ambiguous_stair,
284,2026-05-14 23:08:21,14.200000,2026-5-14_stair2_left.csv,stair2,1201.000000,0.000000,0.000000,0.000000,0.000000,0.000000,598.000000,0.000000,0.000000,0.000000,0.000000,0.000000,527.000000,0.000000,0.000000,97.000000,0.000000,0.000000,2423.000000,1201.000000,598.000000,624.000000,624.000000,1799.000000,27.293772,186.755658,0.696342,0.314313,0.000000,0.000000,PreSwing,1.000000,2.587424,1.500000,ambiguous_stair,
285,2026-05-14 23:08:21,14.250000,2026-5-14_stair2_left.csv,stair2,1201.000000,0.000000,0.000000,0.000000,0.000000,0.000000,598.000000,0.000000,0.000000,0.000000,0.000000,0.000000,527.000000,0.000000,0.000000,97.000000,0.000000,0.000000,2423.000000,1201.000000,598.000000,624.000000,624.000000,1799.000000,27.293772,186.755658,0.696342,0.314313,0.000000,0.000000,PreSwing,1.000000,2.587424,1.500000,ambiguous_stair,
286,2026-05-14 23:08:21,14.300000,2026-5-14_stair2_left.csv,stair2,1201.000000,0.000000,0.000000,0.000000,0.000000,0.000000,598.000000,0.000000,0.000000,0.000000,0.000000,0.000000,527.000000,0.000000,0.000000,97.000000,0.000000,0.000000,2423.000000,1201.000000,598.000000,624.000000,624.000000,1799.000000,27.293772,186.755658,0.696342,0.314313,0.000000,0.000000,PreSwing,1.000000,2.587424,1.500000,ambiguous_stair,
287,2026-05-14 23:08:21,14.350000,2026-5-14_stair2_left.csv,stair2,1201.000000,0.000000,0.000000,0.000000,0.000000,0.000000,598.000000,0.000000,0.000000,0.000000,0.000000,0.000000,527.000000,0.000000,0.000000,97.000000,0.000000,0.000000,2423.000000,1201.000000,598.000000,624.000000,624.000000,1799.000000,27.293772,186.755658,0.696342,0.314313,0.000000,0.000000,PreSwing,1.000000,2.587424,1.500000,ambiguous_stair,
288,2026-05-14 23:08:21,14.400000,2026-5-14_stair2_left.csv,stair2,1201.000000,0.000000,0.000000,0.000000,0.000000,0.000000,598.000000,0.000000,0.000000,0.000000,0.000000,0.000000,527.000000,0.000000,0.000000,97.000000,0.000000,0.000000,2423.000000,1201.000000,598.000000,624.000000,624.000000,1799.000000,27.293772,186.755658,0.696342,0.314313,0.000000,0.000000,PreSwing,1.000000,2.587424,1.500000,ambiguous_stair,
289,2026-05-14 23:08:21,14.450000,2026-5-14_stair2_left.csv,stair2,1201.000000,0.000000,0.000000,0.000000,0.000000,0.000000,598.000000,0.000000,0.000000,0.000000,0.000000,0.000000,527.000000,0.000000,0.000000,97.000000,0.000000,0.000000,2423.000000,1201.000000,598.000000,624.000000,624.000000,1799.000000,27.293772,186.755658,0.696342,0.314313,0.000000,0.000000,PreSwing,1.000000,2.587424,1.500000,ambiguous_stair,
290,2026-05-14 23:08:21,14.500000,2026-5-14_stair2_left.csv,stair2,1201.000000,0.000000,0.000000,0.000000,0.000000,0.000000,598.000000,0.000000,0.000000,0.000000,0.000000,0.000000,527.000000,0.000000,0.000000,97.000000,0.000000,0.000000,2423.000000,1201.000000,598.000000,624.000000,624.000000,1799.000000,27.293772,186.755658,0.696342,0.314313,0.000000,0.000000,PreSwing,1.000000,2.587424,1.500000,ambiguous_stair,
291,2026-05-14 23:08:21,14.550000,2026-5-14_stair2_left.csv,stair2,1201.000000,0.000000,0.000000,0.000000,0.000000,0.000000,598.000000,0.000000,0.000000,0.000000,0.000000,0.000000,527.000000,0.000000,0.000000,97.000000,0.000000,0.000000,2423.000000,1201.000000,598.000000,624.000000,624.000000,1799.000000,27.293772,186.755658,0.696342,0.314313,0.000000,0.000000,PreSwing,1.000000,2.587424,1.500000,ambiguous_stair,
292,2026-05-14 23:08:21,14.600000,2026-5-14_stair2_left.csv,stair2,1201.000000,0.000000,0.000000,0.000000,0.000000,0.000000,598.000000,0.000000,0.000000,0.000000,0.000000,0.000000,527.000000,0.000000,0.000000,97.000000,0.000000,0.000000,2423.000000,1201.000000,598.000000,624.000000,624.000000,1799.000000,27.293772,186.755658,0.696342,0.314313,0.000000,0.000000,PreSwing,1.000000,2.587424,1.500000,ambiguous_stair,
293,2026-05-14 23:08:21,14.650000,2026-5-14_stair2_left.csv,stair2,1201.000000,0.000000,0.000000,0.000000,0.000000,0.000000,598.000000,0.000000,0.000000,0.000000,0.000000,0.000000,527.000000,0.000000,0.000000,97.000000,0.000000,0.000000,2423.000000,1201.000000,598.000000,624.000000,624.000000,1799.000000,27.293772,186.755658,0.696342,0.314313,0.000000,0.000000,PreSwing,1.000000,2.587424,1.500000,ambiguous_stair,
294,2026-05-14 23:08:21,14.700000,2026-5-14_stair2_left.csv,stair2,1201.000000,0.000000,0.000000,0.000000,0.000000,0.000000,598.000000,0.000000,0.000000,0.000000,0.000000,0.000000,527.000000,0.000000,0.000000,97.000000,0.000000,0.000000,2423.000000,1201.000000,598.000000,624.000000,624.000000,1799.000000,27.293772,186.755658,0.696342,0.314313,0.000000,0.000000,PreSwing,1.000000,2.587424,1.500000,ambiguous_stair,
295,2026-05-14 23:08:21,14.750000,2026-5-14_stair2_left.csv,stair2,1201.000000,0.000000,0.000000,0.000000,0.000000,0.000000,598.000000,0.000000,0.000000,0.000000,0.000000,0.000000,527.000000,0.000000,0.000000,97.000000,0.000000,0.000000,2423.000000,1201.000000,598.000000,624.000000,624.000000,1799.000000,27.293772,186.755658,0.696342,0.314313,0.000000,0.000000,PreSwing,1.000000,2.587424,1.500000,ambiguous_stair,
296,2026-05-14 23:08:21,14.800000,2026-5-14_stair2_left.csv,stair2,1201.000000,0.000000,0.000000,0.000000,0.000000,0.000000,598.000000,0.000000,0.000000,0.000000,0.000000,0.000000,527.000000,0.000000,0.000000,97.000000,0.000000,0.000000,2423.000000,1201.000000,598.000000,624.000000,624.000000,1799.000000,27.293772,186.755658,0.696342,0.314313,0.000000,0.000000,PreSwing,1.000000,2.587424,1.500000,ambiguous_stair,
297,2026-05-14 23:08:22,14.850000,2026-5-14_stair2_left.csv,stair2,1201.000000,0.000000,0.000000,0.000000,0.000000,0.000000,598.000000,0.000000,0.000000,0.000000,0.000000,0.000000,527.000000,0.000000,0.000000,97.000000,0.000000,0.000000,2423.000000,1201.000000,598.000000,624.000000,624.000000,1799.000000,27.293772,186.755658,0.696342,0.314313,0.000000,0.000000,PreSwing,1.000000,2.587424,1.500000,ambiguous_stair,
298,2026-05-14 23:08:22,14.900000,2026-5-14_stair2_left.csv,stair2,1234.000000,0.000000,0.000000,0.000000,0.000000,0.000000,599.000000,0.000000,0.000000,0.000000,0.000000,0.000000,516.000000,0.000000,0.000000,86.000000,0.000000,0.000000,2435.000000,1234.000000,599.000000,602.000000,602.000000,1833.000000,26.787581,186.918694,0.697099,0.327030,0.015130,0.254335,PreSwing,1.000000,2.604048,1.500000,ambiguous_stair,
299,2026-05-14 23:08:22,14.950000,2026-5-14_stair2_left.csv,stair2,1234.000000,0.000000,0.000000,0.000000,0.000000,0.000000,599.000000,0.000000,0.000000,0.000000,0.000000,0.000000,516.000000,0.000000,0.000000,86.000000,0.000000,0.000000,2435.000000,1234.000000,599.000000,602.000000,602.000000,1833.000000,26.787581,186.918694,0.697099,0.327030,0.000000,0.000000,PreSwing,1.000000,2.604048,1.500000,ambiguous_stair,
300,2026-05-14 23:08:22,15.000000,2026-5-14_stair2_left.csv,stair2,1234.000000,0.000000,0.000000,0.000000,0.000000,0.000000,599.000000,0.000000,0.000000,0.000000,0.000000,0.000000,516.000000,0.000000,0.000000,86.000000,0.000000,0.000000,2435.000000,1234.000000,599.000000,602.000000,602.000000,1833.000000,26.787581,186.918694,0.697099,0.327030,0.000000,0.000000,PreSwing,1.000000,2.604048,1.500000,ambiguous_stair,
301,2026-05-14 23:08:22,15.050000,2026-5-14_stair2_left.csv,stair2,1270.000000,0.000000,0.000000,0.000000,0.000000,0.000000,620.000000,0.000000,0.000000,0.000000,0.000000,0.000000,562.000000,0.000000,0.000000,86.000000,0.000000,0.000000,2538.000000,1270.000000,620.000000,648.000000,648.000000,1890.000000,27.031671,186.968258,0.697329,0.320898,0.004600,-0.122643,PreSwing,1.000000,2.715406,1.500000,ambiguous_stair,
302,2026-05-14 23:08:22,15.100000,2026-5-14_stair2_left.csv,stair2,1295.000000,0.000000,0.000000,0.000000,0.000000,0.000000,632.000000,0.000000,0.000000,0.000000,0.000000,0.000000,562.000000,0.000000,0.000000,86.000000,0.000000,0.000000,2575.000000,1295.000000,632.000000,648.000000,648.000000,1927.000000,26.903697,186.985095,0.697407,0.324113,0.001562,0.064300,PreSwing,1.000000,2.755408,1.500000,ambiguous_stair,
303,2026-05-14 23:08:22,15.150000,2026-5-14_stair2_left.csv,stair2,1295.000000,0.000000,0.000000,0.000000,0.000000,0.000000,632.000000,0.000000,0.000000,0.000000,0.000000,0.000000,562.000000,0.000000,0.000000,86.000000,0.000000,0.000000,2575.000000,1295.000000,632.000000,648.000000,648.000000,1927.000000,26.903697,186.985095,0.697407,0.324113,0.000000,0.000000,PreSwing,1.000000,2.755408,1.500000,ambiguous_stair,
304,2026-05-14 23:08:22,15.200000,2026-5-14_stair2_left.csv,stair2,0.000000,0.000000,2672.000000,389.000000,0.000000,0.000000,0.000000,0.000000,2580.000000,1057.000000,0.000000,0.000000,0.000000,0.000000,0.000000,0.000000,0.000000,0.000000,6698.000000,3061.000000,3637.000000,0.000000,6698.000000,0.000000,53.489321,57.350081,0.095908,-0.343784,-12.029975,-13.357932,LoadingResponse,1.000000,0.000000,0.000000,ambiguous_stair,
305,2026-05-14 23:08:22,15.250000,2026-5-14_stair2_left.csv,stair2,0.000000,0.000000,2672.000000,389.000000,0.000000,0.000000,0.000000,0.000000,2580.000000,1057.000000,0.000000,0.000000,0.000000,0.000000,0.000000,0.000000,0.000000,0.000000,6698.000000,3061.000000,3637.000000,0.000000,6698.000000,0.000000,53.489321,57.350081,0.095908,-0.343784,0.000000,0.000000,LoadingResponse,1.000000,0.000000,0.000000,ambiguous_stair,
306,2026-05-14 23:08:22,15.300000,2026-5-14_stair2_left.csv,stair2,0.000000,0.000000,2647.000000,377.000000,0.000000,0.000000,0.000000,0.000000,2565.000000,1054.000000,0.000000,0.000000,0.000000,0.000000,0.000000,0.000000,0.000000,0.000000,6643.000000,3024.000000,3619.000000,0.000000,6643.000000,0.000000,53.531454,57.333666,0.095832,-0.344842,-0.001523,-0.021170,LoadingResponse,1.000000,0.000000,0.000000,ambiguous_stair,
307,2026-05-14 23:08:22,15.350000,2026-5-14_stair2_left.csv,stair2,0.000000,0.000000,2621.000000,352.000000,0.000000,0.000000,0.000000,0.000000,2536.000000,1015.000000,0.000000,0.000000,0.000000,0.000000,0.000000,0.000000,0.000000,0.000000,6524.000000,2973.000000,3551.000000,0.000000,6524.000000,0.000000,53.519989,57.128547,0.094880,-0.344554,-0.019035,0.005761,LoadingResponse,1.000000,0.000000,0.000000,ambiguous_stair,
308,2026-05-14 23:08:22,15.400000,2026-5-14_stair2_left.csv,stair2,0.000000,0.000000,2568.000000,293.000000,0.000000,0.000000,0.000000,0.000000,2479.000000,951.000000,0.000000,0.000000,0.000000,0.000000,0.000000,0.000000,0.000000,0.000000,6291.000000,2861.000000,3430.000000,0.000000,6291.000000,0.000000,53.541818,56.717269,0.092972,-0.345103,-0.038166,-0.010968,LoadingResponse,1.000000,0.000000,0.000000,ambiguous_stair,
309,2026-05-14 23:08:22,15.450000,2026-5-14_stair2_left.csv,stair2,0.000000,0.000000,2568.000000,293.000000,0.000000,0.000000,0.000000,0.000000,2479.000000,951.000000,0.000000,0.000000,0.000000,0.000000,0.000000,0.000000,0.000000,0.000000,6291.000000,2861.000000,3430.000000,0.000000,6291.000000,0.000000,53.541818,56.717269,0.092972,-0.345103,0.000000,0.000000,LoadingResponse,1.000000,0.000000,0.000000,ambiguous_stair,
310,2026-05-14 23:08:22,15.500000,2026-5-14_stair2_left.csv,stair2,0.000000,0.000000,2513.000000,253.000000,0.000000,0.000000,0.000000,0.000000,2398.000000,885.000000,0.000000,0.000000,0.000000,0.000000,0.000000,0.000000,0.000000,0.000000,6049.000000,2766.000000,3283.000000,0.000000,6049.000000,0.000000,53.483103,56.381984,0.091416,-0.343628,-0.031114,0.029502,LoadingResponse,1.000000,0.000000,0.000000,ambiguous_stair,
311,2026-05-14 23:08:22,15.550000,2026-5-14_stair2_left.csv,stair2,0.000000,0.000000,2462.000000,239.000000,0.000000,0.000000,0.000000,0.000000,2341.000000,822.000000,0.000000,0.000000,0.000000,0.000000,0.000000,0.000000,0.000000,0.000000,5864.000000,2701.000000,3163.000000,0.000000,5864.000000,0.000000,53.404279,56.130996,0.090251,-0.341647,-0.023291,0.039605,LoadingResponse,1.000000,0.000000,0.000000,ambiguous_stair,
312,2026-05-14 23:08:22,15.600000,2026-5-14_stair2_left.csv,stair2,0.000000,0.000000,2462.000000,239.000000,0.000000,0.000000,0.000000,0.000000,2341.000000,822.000000,0.000000,0.000000,0.000000,0.000000,0.000000,0.000000,0.000000,0.000000,5864.000000,2701.000000,3163.000000,0.000000,5864.000000,0.000000,53.404279,56.130996,0.090251,-0.341647,0.000000,0.000000,LoadingResponse,1.000000,0.000000,0.000000,ambiguous_stair,
313,2026-05-14 23:08:22,15.650000,2026-5-14_stair2_left.csv,stair2,0.000000,0.000000,2442.000000,179.000000,0.000000,0.000000,0.000000,0.000000,2312.000000,760.000000,0.000000,0.000000,0.000000,0.000000,0.000000,0.000000,0.000000,0.000000,5693.000000,2621.000000,3072.000000,0.000000,5693.000000,0.000000,53.409401,55.573086,0.087663,-0.341776,-0.051773,-0.002574,LoadingResponse,1.000000,0.000000,0.000000,ambiguous_stair,
314,2026-05-14 23:08:22,15.700000,2026-5-14_stair2_left.csv,stair2,0.000000,0.000000,2420.000000,168.000000,0.000000,0.000000,0.000000,0.000000,2286.000000,758.000000,0.000000,0.000000,0.000000,0.000000,0.000000,0.000000,0.000000,0.000000,5632.000000,2588.000000,3044.000000,0.000000,5632.000000,0.000000,53.429993,55.554886,0.087578,-0.342294,-0.001689,-0.010346,LoadingResponse,1.000000,0.000000,0.000000,ambiguous_stair,
315,2026-05-14 23:08:22,15.750000,2026-5-14_stair2_left.csv,stair2,0.000000,0.000000,2420.000000,168.000000,0.000000,0.000000,0.000000,0.000000,2286.000000,758.000000,0.000000,0.000000,0.000000,0.000000,0.000000,0.000000,0.000000,0.000000,5632.000000,2588.000000,3044.000000,0.000000,5632.000000,0.000000,53.429993,55.554886,0.087578,-0.342294,0.000000,0.000000,LoadingResponse,1.000000,0.000000,0.000000,ambiguous_stair,
316,2026-05-14 23:08:22,15.800000,2026-5-14_stair2_left.csv,stair2,0.000000,0.000000,2458.000000,215.000000,0.000000,0.000000,0.000000,0.000000,2271.000000,756.000000,0.000000,0.000000,0.000000,0.000000,0.000000,0.000000,0.000000,0.000000,5700.000000,2673.000000,3027.000000,0.000000,5700.000000,0.000000,53.207532,55.761839,0.088539,-0.336705,0.019205,0.111776,LoadingResponse,1.000000,0.000000,0.000000,ambiguous_stair,
317,2026-05-14 23:08:23,15.850000,2026-5-14_stair2_left.csv,stair2,0.000000,0.000000,2472.000000,227.000000,0.000000,0.000000,0.000000,0.000000,2262.000000,757.000000,0.000000,0.000000,0.000000,0.000000,0.000000,0.000000,0.000000,0.000000,5718.000000,2699.000000,3019.000000,0.000000,5718.000000,0.000000,53.135091,55.822434,0.088820,-0.334885,0.005623,0.036398,LoadingResponse,1.000000,0.000000,0.000000,ambiguous_stair,
318,2026-05-14 23:08:23,15.900000,2026-5-14_stair2_left.csv,stair2,0.000000,0.000000,2472.000000,227.000000,0.000000,0.000000,0.000000,0.000000,2262.000000,757.000000,0.000000,0.000000,0.000000,0.000000,0.000000,0.000000,0.000000,0.000000,5718.000000,2699.000000,3019.000000,0.000000,5718.000000,0.000000,53.135091,55.822434,0.088820,-0.334885,0.000000,0.000000,LoadingResponse,1.000000,0.000000,0.000000,ambiguous_stair,
319,2026-05-14 23:08:23,15.950000,2026-5-14_stair2_left.csv,stair2,0.000000,0.000000,2447.000000,215.000000,0.000000,0.000000,0.000000,0.000000,2251.000000,746.000000,0.000000,0.000000,0.000000,0.000000,0.000000,0.000000,0.000000,0.000000,5659.000000,2662.000000,2997.000000,0.000000,5659.000000,0.000000,53.173237,55.743251,0.088452,-0.335843,-0.007348,-0.019167,LoadingResponse,1.000000,0.000000,0.000000,ambiguous_stair,
320,2026-05-14 23:08:23,16.000000,2026-5-14_stair2_left.csv,stair2,0.000000,0.000000,2447.000000,215.000000,0.000000,0.000000,0.000000,0.000000,2251.000000,746.000000,0.000000,0.000000,0.000000,0.000000,0.000000,0.000000,0.000000,0.000000,5659.000000,2662.000000,2997.000000,0.000000,5659.000000,0.000000,53.173237,55.743251,0.088452,-0.335843,0.000000,0.000000,LoadingResponse,1.000000,0.000000,0.000000,ambiguous_stair,
321,2026-05-14 23:08:23,16.050000,2026-5-14_stair2_left.csv,stair2,0.000000,0.000000,2447.000000,215.000000,0.000000,0.000000,0.000000,0.000000,2251.000000,746.000000,0.000000,0.000000,0.000000,0.000000,0.000000,0.000000,0.000000,0.000000,5659.000000,2662.000000,2997.000000,0.000000,5659.000000,0.000000,53.173237,55.743251,0.088452,-0.335843,0.000000,0.000000,LoadingResponse,1.000000,0.000000,0.000000,ambiguous_stair,
322,2026-05-14 23:08:23,16.100000,2026-5-14_stair2_left.csv,stair2,0.000000,0.000000,2427.000000,216.000000,0.000000,0.000000,0.000000,0.000000,2201.000000,709.000000,0.000000,0.000000,0.000000,0.000000,0.000000,0.000000,0.000000,0.000000,5553.000000,2643.000000,2910.000000,0.000000,5553.000000,0.000000,53.042129,55.630193,0.087928,-0.332549,-0.010492,0.065876,LoadingResponse,1.000000,0.000000,0.000000,ambiguous_stair,
323,2026-05-14 23:08:23,16.150000,2026-5-14_stair2_left.csv,stair2,0.000000,0.000000,2411.000000,202.000000,0.000000,0.000000,0.000000,0.000000,2199.000000,686.000000,0.000000,0.000000,0.000000,0.000000,0.000000,0.000000,0.000000,0.000000,5498.000000,2613.000000,2885.000000,0.000000,5498.000000,0.000000,53.058529,55.453583,0.087108,-0.332961,-0.016389,-0.008240,LoadingResponse,1.000000,0.000000,0.000000,ambiguous_stair,
324,2026-05-14 23:08:23,16.200000,2026-5-14_stair2_left.csv,stair2,0.000000,0.000000,2399.000000,202.000000,0.000000,0.000000,0.000000,0.000000,2164.000000,696.000000,0.000000,0.000000,0.000000,0.000000,0.000000,0.000000,0.000000,0.000000,5461.000000,2601.000000,2860.000000,0.000000,5461.000000,0.000000,53.034404,55.555624,0.087582,-0.332355,0.009469,0.012121,LoadingResponse,1.000000,0.000000,0.000000,ambiguous_stair,
325,2026-05-14 23:08:23,16.250000,2026-5-14_stair2_left.csv,stair2,0.000000,0.000000,2399.000000,202.000000,0.000000,0.000000,0.000000,0.000000,2164.000000,696.000000,0.000000,0.000000,0.000000,0.000000,0.000000,0.000000,0.000000,0.000000,5461.000000,2601.000000,2860.000000,0.000000,5461.000000,0.000000,53.034404,55.555624,0.087582,-0.332355,0.000000,0.000000,LoadingResponse,1.000000,0.000000,0.000000,ambiguous_stair,
326,2026-05-14 23:08:23,16.300000,2026-5-14_stair2_left.csv,stair2,0.000000,0.000000,2374.000000,200.000000,0.000000,0.000000,0.000000,0.000000,2125.000000,670.000000,0.000000,0.000000,0.000000,0.000000,0.000000,0.000000,0.000000,0.000000,5369.000000,2574.000000,2795.000000,0.000000,5369.000000,0.000000,52.960508,55.472002,0.087194,-0.330499,-0.007760,0.037129,LoadingResponse,1.000000,0.000000,0.000000,ambiguous_stair,
327,2026-05-14 23:08:23,16.350000,2026-5-14_stair2_left.csv,stair2,0.000000,0.000000,2347.000000,176.000000,0.000000,0.000000,0.000000,0.000000,2069.000000,617.000000,0.000000,0.000000,0.000000,0.000000,0.000000,0.000000,0.000000,0.000000,5209.000000,2523.000000,2686.000000,0.000000,5209.000000,0.000000,52.844089,55.130010,0.085607,-0.327574,-0.031737,0.058495,LoadingResponse,1.000000,0.000000,0.000000,ambiguous_stair,
328,2026-05-14 23:08:23,16.400000,2026-5-14_stair2_left.csv,stair2,0.000000,0.000000,2347.000000,176.000000,0.000000,0.000000,0.000000,0.000000,2069.000000,617.000000,0.000000,0.000000,0.000000,0.000000,0.000000,0.000000,0.000000,0.000000,5209.000000,2523.000000,2686.000000,0.000000,5209.000000,0.000000,52.844089,55.130010,0.085607,-0.327574,0.000000,0.000000,LoadingResponse,1.000000,0.000000,0.000000,ambiguous_stair,
329,2026-05-14 23:08:23,16.450000,2026-5-14_stair2_left.csv,stair2,0.000000,0.000000,2345.000000,174.000000,0.000000,0.000000,0.000000,0.000000,2044.000000,606.000000,0.000000,0.000000,0.000000,0.000000,0.000000,0.000000,0.000000,0.000000,5169.000000,2519.000000,2650.000000,0.000000,5169.000000,0.000000,52.773925,55.083378,0.085391,-0.325811,-0.004327,0.035254,LoadingResponse,1.000000,0.000000,0.000000,ambiguous_stair,
330,2026-05-14 23:08:23,16.500000,2026-5-14_stair2_left.csv,stair2,0.000000,0.000000,2333.000000,163.000000,0.000000,0.000000,0.000000,0.000000,2043.000000,616.000000,0.000000,0.000000,0.000000,0.000000,0.000000,0.000000,0.000000,0.000000,5155.000000,2496.000000,2659.000000,0.000000,5155.000000,0.000000,52.847955,55.090906,0.085426,-0.327671,0.000699,-0.037196,LoadingResponse,1.000000,0.000000,0.000000,ambiguous_stair,
331,2026-05-14 23:08:23,16.550000,2026-5-14_stair2_left.csv,stair2,0.000000,0.000000,2311.000000,163.000000,0.000000,0.000000,0.000000,0.000000,1982.000000,601.000000,0.000000,0.000000,0.000000,0.000000,0.000000,0.000000,0.000000,0.000000,5057.000000,2474.000000,2583.000000,0.000000,5057.000000,0.000000,52.729233,55.089591,0.085419,-0.324689,-0.000122,0.059652,LoadingResponse,1.000000,0.000000,0.000000,ambiguous_stair,
332,2026-05-14 23:08:23,16.600000,2026-5-14_stair2_left.csv,stair2,0.000000,0.000000,2294.000000,127.000000,0.000000,0.000000,0.000000,0.000000,1944.000000,576.000000,0.000000,0.000000,0.000000,0.000000,0.000000,0.000000,0.000000,0.000000,4941.000000,2421.000000,2520.000000,0.000000,4941.000000,0.000000,52.711330,54.782688,0.083995,-0.324239,-0.028480,0.008995,LoadingResponse,1.000000,0.000000,0.000000,ambiguous_stair,
333,2026-05-14 23:08:23,16.650000,2026-5-14_stair2_left.csv,stair2,0.000000,0.000000,2294.000000,127.000000,0.000000,0.000000,0.000000,0.000000,1944.000000,576.000000,0.000000,0.000000,0.000000,0.000000,0.000000,0.000000,0.000000,0.000000,4941.000000,2421.000000,2520.000000,0.000000,4941.000000,0.000000,52.711330,54.782688,0.083995,-0.324239,0.000000,0.000000,LoadingResponse,1.000000,0.000000,0.000000,ambiguous_stair,
334,2026-05-14 23:08:23,16.700000,2026-5-14_stair2_left.csv,stair2,0.000000,0.000000,2227.000000,88.000000,0.000000,0.000000,0.000000,0.000000,1916.000000,528.000000,0.000000,0.000000,0.000000,0.000000,0.000000,0.000000,0.000000,0.000000,4759.000000,2315.000000,2444.000000,0.000000,4759.000000,0.000000,52.794722,54.334831,0.081917,-0.326334,-0.041561,-0.041900,LoadingResponse,1.000000,0.000000,0.000000,ambiguous_stair,
335,2026-05-14 23:08:23,16.750000,2026-5-14_stair2_left.csv,stair2,0.000000,0.000000,2166.000000,52.000000,0.000000,0.000000,0.000000,0.000000,1851.000000,476.000000,0.000000,0.000000,0.000000,0.000000,0.000000,0.000000,0.000000,0.000000,4545.000000,2218.000000,2327.000000,0.000000,4545.000000,0.000000,52.757872,53.872066,0.079770,-0.325408,-0.042944,0.018515,LoadingResponse,1.000000,0.000000,0.000000,ambiguous_stair,
336,2026-05-14 23:08:23,16.800000,2026-5-14_stair2_left.csv,stair2,0.000000,0.000000,2166.000000,52.000000,0.000000,0.000000,0.000000,0.000000,1851.000000,476.000000,0.000000,0.000000,0.000000,0.000000,0.000000,0.000000,0.000000,0.000000,4545.000000,2218.000000,2327.000000,0.000000,4545.000000,0.000000,52.757872,53.872066,0.079770,-0.325408,0.000000,0.000000,LoadingResponse,1.000000,0.000000,0.000000,ambiguous_stair,
337,2026-05-14 23:08:24,16.850000,2026-5-14_stair2_left.csv,stair2,0.000000,0.000000,2138.000000,38.000000,0.000000,0.000000,0.000000,0.000000,1760.000000,390.000000,0.000000,0.000000,0.000000,0.000000,0.000000,0.000000,0.000000,0.000000,4326.000000,2176.000000,2150.000000,0.000000,4326.000000,0.000000,52.404110,53.270911,0.076981,-0.316521,-0.055786,0.177748,LoadingResponse,1.000000,0.000000,0.000000,ambiguous_stair,
338,2026-05-14 23:08:24,16.900000,2026-5-14_stair2_left.csv,stair2,0.000000,0.000000,2130.000000,50.000000,0.000000,0.000000,0.000000,0.000000,1722.000000,387.000000,0.000000,0.000000,0.000000,0.000000,0.000000,0.000000,0.000000,0.000000,4289.000000,2180.000000,2109.000000,0.000000,4289.000000,0.000000,52.279746,53.373873,0.077459,-0.313396,0.009555,0.062487,LoadingResponse,1.000000,0.000000,0.000000,ambiguous_stair,
339,2026-05-14 23:08:24,16.950000,2026-5-14_stair2_left.csv,stair2,0.000000,0.000000,2130.000000,50.000000,0.000000,0.000000,0.000000,0.000000,1722.000000,387.000000,0.000000,0.000000,0.000000,0.000000,0.000000,0.000000,0.000000,0.000000,4289.000000,2180.000000,2109.000000,0.000000,4289.000000,0.000000,52.279746,53.373873,0.077459,-0.313396,0.000000,0.000000,LoadingResponse,1.000000,0.000000,0.000000,ambiguous_stair,
340,2026-05-14 23:08:24,17.000000,2026-5-14_stair2_left.csv,stair2,0.000000,0.000000,2146.000000,0.000000,0.000000,0.000000,0.000000,0.000000,1691.000000,348.000000,0.000000,0.000000,0.000000,0.000000,0.000000,0.000000,0.000000,0.000000,4185.000000,2146.000000,2039.000000,0.000000,4185.000000,0.000000,52.173431,52.720416,0.074427,-0.310726,-0.060640,0.053418,LoadingResponse,1.000000,0.000000,0.000000,ambiguous_stair,
341,2026-05-14 23:08:24,17.050000,2026-5-14_stair2_left.csv,stair2,0.000000,0.000000,2098.000000,0.000000,0.000000,0.000000,0.000000,0.000000,1632.000000,324.000000,0.000000,0.000000,0.000000,0.000000,0.000000,0.000000,0.000000,0.000000,4054.000000,2098.000000,1956.000000,0.000000,4054.000000,0.000000,52.061855,52.607647,0.073903,-0.307922,-0.010465,0.056061,LoadingResponse,1.000000,0.000000,0.000000,ambiguous_stair,
342,2026-05-14 23:08:24,17.100000,2026-5-14_stair2_left.csv,stair2,0.000000,0.000000,2012.000000,0.000000,0.000000,0.000000,0.000000,0.000000,1544.000000,238.000000,0.000000,0.000000,0.000000,0.000000,0.000000,0.000000,0.000000,0.000000,3794.000000,2012.000000,1782.000000,0.000000,3794.000000,0.000000,51.759963,52.008044,0.071121,-0.300338,-0.055642,0.151685,LoadingResponse,1.000000,0.000000,0.000000,ambiguous_stair,
343,2026-05-14 23:08:24,17.150000,2026-5-14_stair2_left.csv,stair2,0.000000,0.000000,2012.000000,0.000000,0.000000,0.000000,0.000000,0.000000,1544.000000,238.000000,0.000000,0.000000,0.000000,0.000000,0.000000,0.000000,0.000000,0.000000,3794.000000,2012.000000,1782.000000,0.000000,3794.000000,0.000000,51.759963,52.008044,0.071121,-0.300338,0.000000,0.000000,LoadingResponse,1.000000,0.000000,0.000000,ambiguous_stair,
344,2026-05-14 23:08:24,17.200000,2026-5-14_stair2_left.csv,stair2,0.000000,0.000000,1786.000000,0.000000,0.000000,0.000000,0.000000,0.000000,1302.000000,53.000000,0.000000,0.000000,0.000000,0.000000,0.000000,0.000000,0.000000,0.000000,3141.000000,1786.000000,1355.000000,0.000000,3141.000000,0.000000,50.856520,50.408551,0.063700,-0.277642,-0.148431,0.453934,LoadingResponse,1.000000,0.000000,0.000000,ambiguous_stair,
345,2026-05-14 23:08:24,17.250000,2026-5-14_stair2_left.csv,stair2,0.000000,0.000000,1713.000000,0.000000,0.000000,0.000000,0.000000,0.000000,1166.000000,28.000000,0.000000,0.000000,0.000000,0.000000,0.000000,0.000000,0.000000,0.000000,2907.000000,1713.000000,1194.000000,0.000000,2907.000000,0.000000,50.369185,50.155961,0.062528,-0.265398,-0.023440,0.244861,LoadingResponse,1.000000,0.000000,0.000000,ambiguous_stair,
346,2026-05-14 23:08:24,17.300000,2026-5-14_stair2_left.csv,stair2,0.000000,0.000000,1713.000000,0.000000,0.000000,0.000000,0.000000,0.000000,1166.000000,28.000000,0.000000,0.000000,0.000000,0.000000,0.000000,0.000000,0.000000,0.000000,2907.000000,1713.000000,1194.000000,0.000000,2907.000000,0.000000,50.369185,50.155961,0.062528,-0.265398,0.000000,0.000000,LoadingResponse,1.000000,0.000000,0.000000,ambiguous_stair,
347,2026-05-14 23:08:24,17.350000,2026-5-14_stair2_left.csv,stair2,0.000000,0.000000,1629.000000,0.000000,0.000000,0.000000,0.000000,0.000000,1161.000000,0.000000,0.000000,0.000000,0.000000,0.000000,0.000000,0.000000,0.000000,0.000000,2790.000000,1629.000000,1161.000000,0.000000,2790.000000,0.000000,50.496484,49.820000,0.060969,-0.268597,-0.031177,-0.063961,LoadingResponse,1.000000,0.000000,0.000000,ambiguous_stair,
348,2026-05-14 23:08:24,17.400000,2026-5-14_stair2_left.csv,stair2,0.000000,0.000000,1653.000000,0.000000,0.000000,0.000000,0.000000,0.000000,1148.000000,0.000000,0.000000,0.000000,0.000000,0.000000,0.000000,0.000000,0.000000,0.000000,2801.000000,1653.000000,1148.000000,0.000000,2801.000000,0.000000,50.348447,49.820000,0.060969,-0.264877,0.000000,0.074381,LoadingResponse,1.000000,0.000000,0.000000,ambiguous_stair,
349,2026-05-14 23:08:24,17.450000,2026-5-14_stair2_left.csv,stair2,0.000000,0.000000,1653.000000,0.000000,0.000000,0.000000,0.000000,0.000000,1148.000000,0.000000,0.000000,0.000000,0.000000,0.000000,0.000000,0.000000,0.000000,0.000000,2801.000000,1653.000000,1148.000000,0.000000,2801.000000,0.000000,50.348447,49.820000,0.060969,-0.264877,0.000000,0.000000,LoadingResponse,1.000000,0.000000,0.000000,ambiguous_stair,
350,2026-05-14 23:08:24,17.500000,2026-5-14_stair2_left.csv,stair2,0.000000,0.000000,1666.000000,0.000000,0.000000,0.000000,0.000000,0.000000,1174.000000,0.000000,0.000000,0.000000,0.000000,0.000000,0.000000,0.000000,0.000000,0.000000,2840.000000,1666.000000,1174.000000,0.000000,2840.000000,0.000000,50.431641,49.820000,0.060969,-0.266967,0.000000,-0.041801,LoadingResponse,1.000000,0.000000,0.000000,ambiguous_stair,
351,2026-05-14 23:08:24,17.550000,2026-5-14_stair2_left.csv,stair2,0.000000,0.000000,1682.000000,0.000000,0.000000,0.000000,0.000000,0.000000,1159.000000,0.000000,0.000000,0.000000,0.000000,0.000000,0.000000,0.000000,0.000000,0.000000,2841.000000,1682.000000,1159.000000,0.000000,2841.000000,0.000000,50.303657,49.820000,0.060969,-0.263752,0.000000,0.064305,LoadingResponse,1.000000,0.000000,0.000000,ambiguous_stair,
352,2026-05-14 23:08:24,17.600000,2026-5-14_stair2_left.csv,stair2,0.000000,0.000000,1636.000000,0.000000,0.000000,0.000000,0.000000,0.000000,1162.000000,0.000000,0.000000,0.000000,0.000000,0.000000,0.000000,0.000000,0.000000,0.000000,2798.000000,1636.000000,1162.000000,0.000000,2798.000000,0.000000,50.476848,49.820000,0.060969,-0.268103,0.000000,-0.087020,LoadingResponse,1.000000,0.000000,0.000000,ambiguous_stair,
353,2026-05-14 23:08:24,17.650000,2026-5-14_stair2_left.csv,stair2,0.000000,0.000000,1636.000000,0.000000,0.000000,0.000000,0.000000,0.000000,1162.000000,0.000000,0.000000,0.000000,0.000000,0.000000,0.000000,0.000000,0.000000,0.000000,2798.000000,1636.000000,1162.000000,0.000000,2798.000000,0.000000,50.476848,49.820000,0.060969,-0.268103,0.000000,0.000000,LoadingResponse,1.000000,0.000000,0.000000,ambiguous_stair,
354,2026-05-14 23:08:24,17.700000,2026-5-14_stair2_left.csv,stair2,0.000000,0.000000,1634.000000,0.000000,0.000000,0.000000,0.000000,0.000000,1137.000000,0.000000,0.000000,0.000000,0.000000,0.000000,0.000000,0.000000,0.000000,0.000000,2771.000000,1634.000000,1137.000000,0.000000,2771.000000,0.000000,50.359477,49.820000,0.060969,-0.265155,-0.000000,0.058973,LoadingResponse,1.000000,0.000000,0.000000,ambiguous_stair,
355,2026-05-14 23:08:24,17.750000,2026-5-14_stair2_left.csv,stair2,0.000000,0.000000,1635.000000,0.000000,0.000000,0.000000,0.000000,0.000000,1140.000000,0.000000,0.000000,0.000000,0.000000,0.000000,0.000000,0.000000,0.000000,0.000000,2775.000000,1635.000000,1140.000000,0.000000,2775.000000,0.000000,50.371027,49.820000,0.060969,-0.265445,0.000000,-0.005803,LoadingResponse,1.000000,0.000000,0.000000,ambiguous_stair,
356,2026-05-14 23:08:24,17.800000,2026-5-14_stair2_left.csv,stair2,0.000000,0.000000,1669.000000,0.000000,0.000000,0.000000,0.000000,0.000000,1144.000000,6.000000,0.000000,0.000000,0.000000,0.000000,0.000000,0.000000,0.000000,0.000000,2819.000000,1669.000000,1150.000000,0.000000,2819.000000,0.000000,50.303448,49.894239,0.061313,-0.263747,0.006889,0.033955,LoadingResponse,1.000000,0.000000,0.000000,ambiguous_stair,
357,2026-05-14 23:08:25,17.850000,2026-5-14_stair2_left.csv,stair2,0.000000,0.000000,1669.000000,0.000000,0.000000,0.000000,0.000000,0.000000,1144.000000,6.000000,0.000000,0.000000,0.000000,0.000000,0.000000,0.000000,0.000000,0.000000,2819.000000,1669.000000,1150.000000,0.000000,2819.000000,0.000000,50.303448,49.894239,0.061313,-0.263747,0.000000,0.000000,LoadingResponse,1.000000,0.000000,0.000000,ambiguous_stair,
358,2026-05-14 23:08:25,17.900000,2026-5-14_stair2_left.csv,stair2,0.000000,0.000000,1669.000000,0.000000,0.000000,0.000000,0.000000,0.000000,1144.000000,6.000000,0.000000,0.000000,0.000000,0.000000,0.000000,0.000000,0.000000,0.000000,2819.000000,1669.000000,1150.000000,0.000000,2819.000000,0.000000,50.303448,49.894239,0.061313,-0.263747,0.000000,0.000000,LoadingResponse,1.000000,0.000000,0.000000,ambiguous_stair,
359,2026-05-14 23:08:25,17.950000,2026-5-14_stair2_left.csv,stair2,0.000000,0.000000,1755.000000,0.000000,0.000000,0.000000,0.000000,0.000000,1217.000000,44.000000,0.000000,0.000000,0.000000,0.000000,0.000000,0.000000,0.000000,0.000000,3016.000000,1755.000000,1261.000000,0.000000,3016.000000,0.000000,50.543060,50.328859,0.063330,-0.269767,0.040332,-0.120393,LoadingResponse,1.000000,0.000000,0.000000,ambiguous_stair,
360,2026-05-14 23:08:25,18.000000,2026-5-14_stair2_left.csv,stair2,0.000000,0.000000,1780.000000,0.000000,0.000000,0.000000,0.000000,0.000000,1231.000000,68.000000,0.000000,0.000000,0.000000,0.000000,0.000000,0.000000,0.000000,0.000000,3079.000000,1780.000000,1299.000000,0.000000,3079.000000,0.000000,50.632390,50.590328,0.064543,-0.272011,0.024264,-0.044884,LoadingResponse,1.000000,0.000000,0.000000,ambiguous_stair,
361,2026-05-14 23:08:25,18.050000,2026-5-14_stair2_left.csv,stair2,0.000000,0.000000,1796.000000,0.000000,0.000000,0.000000,0.000000,0.000000,1236.000000,82.000000,0.000000,0.000000,0.000000,0.000000,0.000000,0.000000,0.000000,0.000000,3114.000000,1796.000000,1318.000000,0.000000,3114.000000,0.000000,50.664464,50.738484,0.065231,-0.272817,0.013749,-0.016115,LoadingResponse,1.000000,0.000000,0.000000,ambiguous_stair,
362,2026-05-14 23:08:25,18.100000,2026-5-14_stair2_left.csv,stair2,0.000000,0.000000,1796.000000,0.000000,0.000000,0.000000,0.000000,0.000000,1236.000000,82.000000,0.000000,0.000000,0.000000,0.000000,0.000000,0.000000,0.000000,0.000000,3114.000000,1796.000000,1318.000000,0.000000,3114.000000,0.000000,50.664464,50.738484,0.065231,-0.272817,0.000000,0.000000,LoadingResponse,1.000000,0.000000,0.000000,ambiguous_stair,
363,2026-05-14 23:08:25,18.150000,2026-5-14_stair2_left.csv,stair2,0.000000,0.000000,1821.000000,0.000000,0.000000,0.000000,0.000000,0.000000,1270.000000,105.000000,0.000000,0.000000,0.000000,0.000000,0.000000,0.000000,0.000000,0.000000,3196.000000,1821.000000,1375.000000,0.000000,3196.000000,0.000000,50.829014,50.965932,0.066286,-0.276950,0.021107,-0.082678,LoadingResponse,1.000000,0.000000,0.000000,ambiguous_stair,
364,2026-05-14 23:08:25,18.200000,2026-5-14_stair2_left.csv,stair2,0.000000,0.000000,1848.000000,0.000000,0.000000,0.000000,0.000000,0.000000,1308.000000,119.000000,0.000000,0.000000,0.000000,0.000000,0.000000,0.000000,0.000000,0.000000,3275.000000,1848.000000,1427.000000,0.000000,3275.000000,0.000000,50.958757,51.087395,0.066849,-0.280210,0.011272,-0.065189,LoadingResponse,1.000000,0.000000,0.000000,ambiguous_stair,
365,2026-05-14 23:08:25,18.250000,2026-5-14_stair2_left.csv,stair2,0.000000,0.000000,1848.000000,0.000000,0.000000,0.000000,0.000000,0.000000,1308.000000,119.000000,0.000000,0.000000,0.000000,0.000000,0.000000,0.000000,0.000000,0.000000,3275.000000,1848.000000,1427.000000,0.000000,3275.000000,0.000000,50.958757,51.087395,0.066849,-0.280210,0.000000,0.000000,LoadingResponse,1.000000,0.000000,0.000000,ambiguous_stair,
366,2026-05-14 23:08:25,18.300000,2026-5-14_stair2_left.csv,stair2,0.000000,0.000000,1911.000000,0.000000,0.000000,0.000000,0.000000,0.000000,1384.000000,180.000000,0.000000,0.000000,0.000000,0.000000,0.000000,0.000000,0.000000,0.000000,3475.000000,1911.000000,1564.000000,0.000000,3475.000000,0.000000,51.297197,51.626734,0.069352,-0.288712,0.050050,-0.170049,LoadingResponse,1.000000,0.000000,0.000000,ambiguous_stair,
367,2026-05-14 23:08:25,18.350000,2026-5-14_stair2_left.csv,stair2,0.000000,0.000000,1931.000000,0.000000,0.000000,0.000000,0.000000,0.000000,1385.000000,191.000000,0.000000,0.000000,0.000000,0.000000,0.000000,0.000000,0.000000,0.000000,3507.000000,1931.000000,1576.000000,0.000000,3507.000000,0.000000,51.281038,51.719652,0.069783,-0.288306,0.008623,0.008119,LoadingResponse,1.000000,0.000000,0.000000,ambiguous_stair,
368,2026-05-14 23:08:25,18.400000,2026-5-14_stair2_left.csv,stair2,0.000000,0.000000,1934.000000,0.000000,0.000000,0.000000,0.000000,0.000000,1372.000000,179.000000,0.000000,0.000000,0.000000,0.000000,0.000000,0.000000,0.000000,0.000000,3485.000000,1934.000000,1551.000000,0.000000,3485.000000,0.000000,51.178735,51.611541,0.069281,-0.285736,-0.010033,0.051402,LoadingResponse,1.000000,0.000000,0.000000,ambiguous_stair,
369,2026-05-14 23:08:25,18.450000,2026-5-14_stair2_left.csv,stair2,0.000000,0.000000,1934.000000,0.000000,0.000000,0.000000,0.000000,0.000000,1372.000000,179.000000,0.000000,0.000000,0.000000,0.000000,0.000000,0.000000,0.000000,0.000000,3485.000000,1934.000000,1551.000000,0.000000,3485.000000,0.000000,51.178735,51.611541,0.069281,-0.285736,0.000000,0.000000,LoadingResponse,1.000000,0.000000,0.000000,ambiguous_stair,
370,2026-05-14 23:08:25,18.500000,2026-5-14_stair2_left.csv,stair2,0.000000,0.000000,1973.000000,0.000000,0.000000,0.000000,0.000000,0.000000,1383.000000,179.000000,0.000000,0.000000,0.000000,0.000000,0.000000,0.000000,0.000000,0.000000,3535.000000,1973.000000,1562.000000,0.000000,3535.000000,0.000000,51.103644,51.586201,0.069164,-0.283850,-0.002352,0.037729,LoadingResponse,1.000000,0.000000,0.000000,ambiguous_stair,
371,2026-05-14 23:08:25,18.550000,2026-5-14_stair2_left.csv,stair2,0.000000,0.000000,1998.000000,0.000000,0.000000,0.000000,0.000000,0.000000,1372.000000,190.000000,0.000000,0.000000,0.000000,0.000000,0.000000,0.000000,0.000000,0.000000,3560.000000,1998.000000,1562.000000,0.000000,3560.000000,0.000000,51.030444,51.681573,0.069606,-0.282011,0.008850,0.036779,LoadingResponse,1.000000,0.000000,0.000000,ambiguous_stair,
372,2026-05-14 23:08:25,18.600000,2026-5-14_stair2_left.csv,stair2,0.000000,0.000000,2033.000000,0.000000,0.000000,0.000000,0.000000,0.000000,1406.000000,202.000000,0.000000,0.000000,0.000000,0.000000,0.000000,0.000000,0.000000,0.000000,3641.000000,2033.000000,1608.000000,0.000000,3641.000000,0.000000,51.098215,51.755117,0.069948,-0.283713,0.006825,-0.034051,LoadingResponse,1.000000,0.000000,0.000000,ambiguous_stair,
373,2026-05-14 23:08:25,18.650000,2026-5-14_stair2_left.csv,stair2,0.000000,0.000000,2033.000000,0.000000,0.000000,0.000000,0.000000,0.000000,1406.000000,202.000000,0.000000,0.000000,0.000000,0.000000,0.000000,0.000000,0.000000,0.000000,3641.000000,2033.000000,1608.000000,0.000000,3641.000000,0.000000,51.098215,51.755117,0.069948,-0.283713,0.000000,0.000000,LoadingResponse,1.000000,0.000000,0.000000,ambiguous_stair,
374,2026-05-14 23:08:25,18.700000,2026-5-14_stair2_left.csv,stair2,0.000000,0.000000,2046.000000,0.000000,0.000000,0.000000,0.000000,0.000000,1396.000000,213.000000,0.000000,0.000000,0.000000,0.000000,0.000000,0.000000,0.000000,0.000000,3655.000000,2046.000000,1609.000000,0.000000,3655.000000,0.000000,51.064763,51.852679,0.070400,-0.282873,0.009054,0.016808,LoadingResponse,1.000000,0.000000,0.000000,ambiguous_stair,
375,2026-05-14 23:08:25,18.750000,2026-5-14_stair2_left.csv,stair2,0.000000,0.000000,2046.000000,0.000000,0.000000,0.000000,0.000000,0.000000,1396.000000,213.000000,0.000000,0.000000,0.000000,0.000000,0.000000,0.000000,0.000000,0.000000,3655.000000,2046.000000,1609.000000,0.000000,3655.000000,0.000000,51.064763,51.852679,0.070400,-0.282873,0.000000,0.000000,LoadingResponse,1.000000,0.000000,0.000000,ambiguous_stair,
376,2026-05-14 23:08:25,18.800000,2026-5-14_stair2_left.csv,stair2,0.000000,0.000000,2094.000000,0.000000,0.000000,0.000000,0.000000,0.000000,1456.000000,228.000000,0.000000,0.000000,0.000000,0.000000,0.000000,0.000000,0.000000,0.000000,3778.000000,2094.000000,1684.000000,0.000000,3778.000000,0.000000,51.194971,51.924987,0.070736,-0.286144,0.006710,-0.065423,LoadingResponse,1.000000,0.000000,0.000000,ambiguous_stair,
377,2026-05-14 23:08:26,18.850000,2026-5-14_stair2_left.csv,stair2,0.000000,0.000000,2094.000000,0.000000,0.000000,0.000000,0.000000,0.000000,1456.000000,228.000000,0.000000,0.000000,0.000000,0.000000,0.000000,0.000000,0.000000,0.000000,3778.000000,2094.000000,1684.000000,0.000000,3778.000000,0.000000,51.194971,51.924987,0.070736,-0.286144,0.000000,0.000000,LoadingResponse,1.000000,0.000000,0.000000,ambiguous_stair,
378,2026-05-14 23:08:26,18.900000,2026-5-14_stair2_left.csv,stair2,0.000000,0.000000,2133.000000,0.000000,0.000000,0.000000,0.000000,0.000000,1506.000000,266.000000,0.000000,0.000000,0.000000,0.000000,0.000000,0.000000,0.000000,0.000000,3905.000000,2133.000000,1772.000000,0.000000,3905.000000,0.000000,51.384604,52.195949,0.071993,-0.290908,0.025145,-0.095281,LoadingResponse,1.000000,0.000000,0.000000,ambiguous_stair,
379,2026-05-14 23:08:26,18.950000,2026-5-14_stair2_left.csv,stair2,0.000000,0.000000,2172.000000,11.000000,0.000000,0.000000,0.000000,0.000000,1548.000000,304.000000,0.000000,0.000000,0.000000,0.000000,0.000000,0.000000,0.000000,0.000000,4035.000000,2183.000000,1852.000000,0.000000,4035.000000,0.000000,51.507430,52.542974,0.073603,-0.293994,0.032204,-0.061714,LoadingResponse,1.000000,0.000000,0.000000,ambiguous_stair,
380,2026-05-14 23:08:26,19.000000,2026-5-14_stair2_left.csv,stair2,0.000000,0.000000,2227.000000,82.000000,0.000000,0.000000,0.000000,0.000000,1625.000000,377.000000,0.000000,0.000000,0.000000,0.000000,0.000000,0.000000,0.000000,0.000000,4311.000000,2309.000000,2002.000000,0.000000,4311.000000,0.000000,51.635041,53.533737,0.078200,-0.297200,0.091942,-0.064118,LoadingResponse,1.000000,0.000000,0.000000,ambiguous_stair,
381,2026-05-14 23:08:26,19.050000,2026-5-14_stair2_left.csv,stair2,0.000000,0.000000,2227.000000,82.000000,0.000000,0.000000,0.000000,0.000000,1625.000000,377.000000,0.000000,0.000000,0.000000,0.000000,0.000000,0.000000,0.000000,0.000000,4311.000000,2309.000000,2002.000000,0.000000,4311.000000,0.000000,51.635041,53.533737,0.078200,-0.297200,0.000000,0.000000,LoadingResponse,1.000000,0.000000,0.000000,ambiguous_stair,
382,2026-05-14 23:08:26,19.100000,2026-5-14_stair2_left.csv,stair2,0.000000,0.000000,2244.000000,85.000000,0.000000,0.000000,0.000000,0.000000,1616.000000,379.000000,0.000000,0.000000,0.000000,0.000000,0.000000,0.000000,0.000000,0.000000,4324.000000,2329.000000,1995.000000,0.000000,4324.000000,0.000000,51.563915,53.562905,0.078336,-0.295413,0.002707,0.035737,LoadingResponse,1.000000,0.000000,0.000000,ambiguous_stair,
383,2026-05-14 23:08:26,19.150000,2026-5-14_stair2_left.csv,stair2,0.000000,0.000000,2234.000000,86.000000,0.000000,0.000000,0.000000,0.000000,1619.000000,381.000000,0.000000,0.000000,0.000000,0.000000,0.000000,0.000000,0.000000,0.000000,4320.000000,2320.000000,2000.000000,0.000000,4320.000000,0.000000,51.601296,53.590593,0.078464,-0.296352,0.002569,-0.018782,LoadingResponse,1.000000,0.000000,0.000000,ambiguous_stair,
384,2026-05-14 23:08:26,19.200000,2026-5-14_stair2_left.csv,stair2,0.000000,0.000000,2244.000000,74.000000,0.000000,0.000000,0.000000,0.000000,1590.000000,343.000000,0.000000,0.000000,0.000000,0.000000,0.000000,0.000000,0.000000,0.000000,4251.000000,2318.000000,1933.000000,0.000000,4251.000000,0.000000,51.406763,53.241538,0.076845,-0.291465,-0.032392,0.097743,LoadingResponse,1.000000,0.000000,0.000000,ambiguous_stair,
385,2026-05-14 23:08:26,19.250000,2026-5-14_stair2_left.csv,stair2,0.000000,0.000000,2244.000000,74.000000,0.000000,0.000000,0.000000,0.000000,1590.000000,343.000000,0.000000,0.000000,0.000000,0.000000,0.000000,0.000000,0.000000,0.000000,4251.000000,2318.000000,1933.000000,0.000000,4251.000000,0.000000,51.406763,53.241538,0.076845,-0.291465,0.000000,0.000000,LoadingResponse,1.000000,0.000000,0.000000,ambiguous_stair,
386,2026-05-14 23:08:26,19.300000,2026-5-14_stair2_left.csv,stair2,0.000000,0.000000,2127.000000,0.000000,0.000000,0.000000,0.000000,0.000000,1344.000000,182.000000,0.000000,0.000000,0.000000,0.000000,0.000000,0.000000,0.000000,0.000000,3653.000000,2127.000000,1526.000000,0.000000,3653.000000,0.000000,50.534459,51.557794,0.069032,-0.269551,-0.156250,0.438289,LoadingResponse,1.000000,0.000000,0.000000,ambiguous_stair,
387,2026-05-14 23:08:26,19.350000,2026-5-14_stair2_left.csv,stair2,0.000000,0.000000,1883.000000,0.000000,0.000000,0.000000,0.000000,0.000000,1127.000000,0.000000,0.000000,0.000000,0.000000,0.000000,0.000000,0.000000,0.000000,0.000000,3010.000000,1883.000000,1127.000000,0.000000,3010.000000,0.000000,49.512535,49.820000,0.060969,-0.243877,-0.161265,0.513465,LoadingResponse,1.000000,0.000000,0.000000,ambiguous_stair,
388,2026-05-14 23:08:26,19.400000,2026-5-14_stair2_left.csv,stair2,0.000000,0.000000,1883.000000,0.000000,0.000000,0.000000,0.000000,0.000000,1127.000000,0.000000,0.000000,0.000000,0.000000,0.000000,0.000000,0.000000,0.000000,0.000000,3010.000000,1883.000000,1127.000000,0.000000,3010.000000,0.000000,49.512535,49.820000,0.060969,-0.243877,0.000000,0.000000,LoadingResponse,1.000000,0.000000,0.000000,ambiguous_stair,
389,2026-05-14 23:08:26,19.450000,2026-5-14_stair2_left.csv,stair2,0.000000,0.000000,1725.000000,0.000000,0.000000,0.000000,0.000000,0.000000,1003.000000,0.000000,0.000000,0.000000,0.000000,0.000000,0.000000,0.000000,0.000000,0.000000,2728.000000,1725.000000,1003.000000,0.000000,2728.000000,0.000000,49.353303,49.820000,0.060969,-0.239877,0.000000,0.080006,LoadingResponse,1.000000,0.000000,0.000000,ambiguous_stair,
390,2026-05-14 23:08:26,19.500000,2026-5-14_stair2_left.csv,stair2,0.000000,0.000000,1574.000000,0.000000,0.000000,0.000000,0.000000,0.000000,859.000000,0.000000,0.000000,0.000000,0.000000,0.000000,0.000000,0.000000,0.000000,0.000000,2433.000000,1574.000000,859.000000,0.000000,2433.000000,0.000000,49.008734,49.820000,0.060969,-0.231221,0.000000,0.173128,LoadingResponse,1.000000,0.000000,0.000000,ambiguous_stair,
391,2026-05-14 23:08:26,19.550000,2026-5-14_stair2_left.csv,stair2,0.000000,0.000000,1574.000000,0.000000,0.000000,0.000000,0.000000,0.000000,859.000000,0.000000,0.000000,0.000000,0.000000,0.000000,0.000000,0.000000,0.000000,0.000000,2433.000000,1574.000000,859.000000,0.000000,2433.000000,0.000000,49.008734,49.820000,0.060969,-0.231221,0.000000,0.000000,LoadingResponse,1.000000,0.000000,0.000000,ambiguous_stair,
392,2026-05-14 23:08:26,19.600000,2026-5-14_stair2_left.csv,stair2,0.000000,0.000000,1574.000000,0.000000,0.000000,0.000000,0.000000,0.000000,859.000000,0.000000,0.000000,0.000000,0.000000,0.000000,0.000000,0.000000,0.000000,0.000000,2433.000000,1574.000000,859.000000,0.000000,2433.000000,0.000000,49.008734,49.820000,0.060969,-0.231221,0.000000,0.000000,LoadingResponse,1.000000,0.000000,0.000000,ambiguous_stair,
393,2026-05-14 23:08:26,19.650000,2026-5-14_stair2_left.csv,stair2,0.000000,0.000000,1232.000000,0.000000,0.000000,0.000000,0.000000,0.000000,572.000000,0.000000,0.000000,0.000000,0.000000,0.000000,0.000000,0.000000,0.000000,0.000000,1804.000000,1232.000000,572.000000,0.000000,1804.000000,0.000000,48.159756,49.820000,0.060969,-0.209892,0.000000,0.426569,LoadingResponse,1.000000,0.000000,0.000000,ambiguous_stair,
394,2026-05-14 23:08:26,19.700000,2026-5-14_stair2_left.csv,stair2,0.000000,0.000000,1217.000000,0.000000,0.000000,0.000000,0.000000,0.000000,596.000000,0.000000,0.000000,0.000000,0.000000,0.000000,0.000000,0.000000,0.000000,0.000000,1813.000000,1217.000000,596.000000,0.000000,1813.000000,0.000000,48.434903,49.820000,0.060969,-0.216805,0.000000,-0.138248,LoadingResponse,1.000000,0.000000,0.000000,ambiguous_stair,
395,2026-05-14 23:08:26,19.750000,2026-5-14_stair2_left.csv,stair2,0.000000,0.000000,1192.000000,0.000000,0.000000,0.000000,0.000000,0.000000,539.000000,0.000000,0.000000,0.000000,0.000000,0.000000,0.000000,0.000000,0.000000,0.000000,1731.000000,1192.000000,539.000000,0.000000,1731.000000,0.000000,0.000000,0.000000,0.000000,0.000000,0.000000,0.000000,Swing,0.000000,0.000000,0.000000,ambiguous_stair,cop_invalid
396,2026-05-14 23:08:26,19.800000,2026-5-14_stair2_left.csv,stair2,0.000000,0.000000,1192.000000,0.000000,0.000000,0.000000,0.000000,0.000000,539.000000,0.000000,0.000000,0.000000,0.000000,0.000000,0.000000,0.000000,0.000000,0.000000,1731.000000,1192.000000,539.000000,0.000000,1731.000000,0.000000,0.000000,0.000000,0.000000,0.000000,0.000000,0.000000,Swing,0.000000,0.000000,0.000000,ambiguous_stair,cop_invalid
397,2026-05-14 23:08:27,19.850000,2026-5-14_stair2_left.csv,stair2,0.000000,0.000000,1185.000000,0.000000,0.000000,0.000000,0.000000,0.000000,550.000000,0.000000,0.000000,0.000000,0.000000,0.000000,0.000000,0.000000,0.000000,0.000000,1735.000000,1185.000000,550.000000,0.000000,1735.000000,0.000000,0.000000,0.000000,0.000000,0.000000,0.000000,0.000000,Swing,0.000000,0.000000,0.000000,ambiguous_stair,cop_invalid
398,2026-05-14 23:08:27,19.900000,2026-5-14_stair2_left.csv,stair2,0.000000,0.000000,1197.000000,0.000000,0.000000,0.000000,0.000000,0.000000,553.000000,0.000000,0.000000,0.000000,0.000000,0.000000,0.000000,0.000000,0.000000,0.000000,1750.000000,1197.000000,553.000000,0.000000,1750.000000,0.000000,0.000000,0.000000,0.000000,0.000000,0.000000,0.000000,Swing,0.000000,0.000000,0.000000,ambiguous_stair,cop_invalid
399,2026-05-14 23:08:27,19.950000,2026-5-14_stair2_left.csv,stair2,0.000000,0.000000,1197.000000,0.000000,0.000000,0.000000,0.000000,0.000000,553.000000,0.000000,0.000000,0.000000,0.000000,0.000000,0.000000,0.000000,0.000000,0.000000,1750.000000,1197.000000,553.000000,0.000000,1750.000000,0.000000,0.000000,0.000000,0.000000,0.000000,0.000000,0.000000,Swing,0.000000,0.000000,0.000000,ambiguous_stair,cop_invalid
400,2026-05-14 23:08:27,20.000000,2026-5-14_stair2_left.csv,stair2,0.000000,0.000000,1200.000000,0.000000,0.000000,0.000000,0.000000,0.000000,555.000000,0.000000,0.000000,0.000000,0.000000,0.000000,0.000000,0.000000,0.000000,0.000000,1755.000000,1200.000000,555.000000,0.000000,1755.000000,0.000000,0.000000,0.000000,0.000000,0.000000,0.000000,0.000000,Swing,0.000000,0.000000,0.000000,ambiguous_stair,cop_invalid
401,2026-05-14 23:08:27,20.050000,2026-5-14_stair2_left.csv,stair2,0.000000,0.000000,1174.000000,0.000000,0.000000,0.000000,0.000000,0.000000,523.000000,0.000000,0.000000,0.000000,0.000000,0.000000,0.000000,0.000000,0.000000,0.000000,1697.000000,1174.000000,523.000000,0.000000,1697.000000,0.000000,0.000000,0.000000,0.000000,0.000000,0.000000,0.000000,Swing,0.000000,0.000000,0.000000,ambiguous_stair,cop_invalid
402,2026-05-14 23:08:27,20.100000,2026-5-14_stair2_left.csv,stair2,0.000000,0.000000,1149.000000,0.000000,0.000000,0.000000,0.000000,0.000000,499.000000,0.000000,0.000000,0.000000,0.000000,0.000000,0.000000,0.000000,0.000000,0.000000,1648.000000,1149.000000,499.000000,0.000000,1648.000000,0.000000,0.000000,0.000000,0.000000,0.000000,0.000000,0.000000,Swing,0.000000,0.000000,0.000000,ambiguous_stair,cop_invalid
403,2026-05-14 23:08:27,20.150000,2026-5-14_stair2_left.csv,stair2,0.000000,0.000000,1149.000000,0.000000,0.000000,0.000000,0.000000,0.000000,499.000000,0.000000,0.000000,0.000000,0.000000,0.000000,0.000000,0.000000,0.000000,0.000000,1648.000000,1149.000000,499.000000,0.000000,1648.000000,0.000000,0.000000,0.000000,0.000000,0.000000,0.000000,0.000000,Swing,0.000000,0.000000,0.000000,ambiguous_stair,cop_invalid
404,2026-05-14 23:08:27,20.200000,2026-5-14_stair2_left.csv,stair2,0.000000,0.000000,1161.000000,0.000000,0.000000,0.000000,0.000000,0.000000,477.000000,0.000000,0.000000,0.000000,0.000000,0.000000,0.000000,0.000000,0.000000,0.000000,1638.000000,1161.000000,477.000000,0.000000,1638.000000,0.000000,0.000000,0.000000,0.000000,0.000000,0.000000,0.000000,Swing,0.000000,0.000000,0.000000,ambiguous_stair,cop_invalid
405,2026-05-14 23:08:27,20.250000,2026-5-14_stair2_left.csv,stair2,0.000000,0.000000,1127.000000,0.000000,0.000000,0.000000,0.000000,0.000000,477.000000,0.000000,0.000000,0.000000,0.000000,0.000000,0.000000,0.000000,0.000000,0.000000,1604.000000,1127.000000,477.000000,0.000000,1604.000000,0.000000,0.000000,0.000000,0.000000,0.000000,0.000000,0.000000,Swing,0.000000,0.000000,0.000000,ambiguous_stair,cop_invalid
406,2026-05-14 23:08:27,20.300000,2026-5-14_stair2_left.csv,stair2,0.000000,0.000000,1105.000000,0.000000,0.000000,0.000000,0.000000,0.000000,488.000000,0.000000,0.000000,0.000000,0.000000,0.000000,0.000000,0.000000,0.000000,0.000000,1593.000000,1105.000000,488.000000,0.000000,1593.000000,0.000000,0.000000,0.000000,0.000000,0.000000,0.000000,0.000000,Swing,0.000000,0.000000,0.000000,ambiguous_stair,cop_invalid
407,2026-05-14 23:08:27,20.350000,2026-5-14_stair2_left.csv,stair2,0.000000,0.000000,1105.000000,0.000000,0.000000,0.000000,0.000000,0.000000,488.000000,0.000000,0.000000,0.000000,0.000000,0.000000,0.000000,0.000000,0.000000,0.000000,1593.000000,1105.000000,488.000000,0.000000,1593.000000,0.000000,0.000000,0.000000,0.000000,0.000000,0.000000,0.000000,Swing,0.000000,0.000000,0.000000,ambiguous_stair,cop_invalid
408,2026-05-14 23:08:27,20.400000,2026-5-14_stair2_left.csv,stair2,0.000000,0.000000,1080.000000,0.000000,0.000000,0.000000,0.000000,0.000000,453.000000,0.000000,0.000000,0.000000,0.000000,0.000000,0.000000,0.000000,0.000000,0.000000,1533.000000,1080.000000,453.000000,0.000000,1533.000000,0.000000,0.000000,0.000000,0.000000,0.000000,0.000000,0.000000,Swing,0.000000,0.000000,0.000000,ambiguous_stair,cop_invalid
409,2026-05-14 23:08:27,20.450000,2026-5-14_stair2_left.csv,stair2,0.000000,0.000000,1035.000000,0.000000,0.000000,0.000000,0.000000,0.000000,432.000000,0.000000,0.000000,0.000000,0.000000,0.000000,0.000000,0.000000,0.000000,0.000000,1467.000000,1035.000000,432.000000,0.000000,1467.000000,0.000000,0.000000,0.000000,0.000000,0.000000,0.000000,0.000000,Swing,0.000000,0.000000,0.000000,ambiguous_stair,cop_invalid
410,2026-05-14 23:08:27,20.500000,2026-5-14_stair2_left.csv,stair2,0.000000,0.000000,1035.000000,0.000000,0.000000,0.000000,0.000000,0.000000,432.000000,0.000000,0.000000,0.000000,0.000000,0.000000,0.000000,0.000000,0.000000,0.000000,1467.000000,1035.000000,432.000000,0.000000,1467.000000,0.000000,0.000000,0.000000,0.000000,0.000000,0.000000,0.000000,Swing,0.000000,0.000000,0.000000,ambiguous_stair,cop_invalid
411,2026-05-14 23:08:27,20.550000,2026-5-14_stair2_left.csv,stair2,0.000000,0.000000,1048.000000,0.000000,0.000000,0.000000,0.000000,0.000000,397.000000,0.000000,0.000000,0.000000,0.000000,0.000000,0.000000,0.000000,0.000000,0.000000,1445.000000,1048.000000,397.000000,0.000000,1445.000000,0.000000,0.000000,0.000000,0.000000,0.000000,0.000000,0.000000,Swing,0.000000,0.000000,0.000000,ambiguous_stair,cop_invalid
412,2026-05-14 23:08:27,20.600000,2026-5-14_stair2_left.csv,stair2,0.000000,0.000000,1047.000000,0.000000,0.000000,0.000000,0.000000,0.000000,418.000000,0.000000,0.000000,0.000000,0.000000,0.000000,0.000000,0.000000,0.000000,0.000000,1465.000000,1047.000000,418.000000,0.000000,1465.000000,0.000000,0.000000,0.000000,0.000000,0.000000,0.000000,0.000000,Swing,0.000000,0.000000,0.000000,ambiguous_stair,cop_invalid
413,2026-05-14 23:08:27,20.650000,2026-5-14_stair2_left.csv,stair2,0.000000,0.000000,1026.000000,0.000000,0.000000,0.000000,0.000000,0.000000,384.000000,0.000000,0.000000,0.000000,0.000000,0.000000,0.000000,0.000000,0.000000,0.000000,1410.000000,1026.000000,384.000000,0.000000,1410.000000,0.000000,0.000000,0.000000,0.000000,0.000000,0.000000,0.000000,Swing,0.000000,0.000000,0.000000,ambiguous_stair,cop_invalid
414,2026-05-14 23:08:27,20.700000,2026-5-14_stair2_left.csv,stair2,0.000000,0.000000,1026.000000,0.000000,0.000000,0.000000,0.000000,0.000000,384.000000,0.000000,0.000000,0.000000,0.000000,0.000000,0.000000,0.000000,0.000000,0.000000,1410.000000,1026.000000,384.000000,0.000000,1410.000000,0.000000,0.000000,0.000000,0.000000,0.000000,0.000000,0.000000,Swing,0.000000,0.000000,0.000000,ambiguous_stair,cop_invalid
415,2026-05-14 23:08:27,20.750000,2026-5-14_stair2_left.csv,stair2,0.000000,0.000000,1026.000000,0.000000,0.000000,0.000000,0.000000,0.000000,384.000000,0.000000,0.000000,0.000000,0.000000,0.000000,0.000000,0.000000,0.000000,0.000000,1410.000000,1026.000000,384.000000,0.000000,1410.000000,0.000000,0.000000,0.000000,0.000000,0.000000,0.000000,0.000000,Swing,0.000000,0.000000,0.000000,ambiguous_stair,cop_invalid
416,2026-05-14 23:08:27,20.800000,2026-5-14_stair2_left.csv,stair2,0.000000,0.000000,1046.000000,0.000000,0.000000,0.000000,0.000000,0.000000,381.000000,0.000000,0.000000,0.000000,0.000000,0.000000,0.000000,0.000000,0.000000,0.000000,1427.000000,1046.000000,381.000000,0.000000,1427.000000,0.000000,0.000000,0.000000,0.000000,0.000000,0.000000,0.000000,Swing,0.000000,0.000000,0.000000,ambiguous_stair,cop_invalid
417,2026-05-14 23:08:28,20.850000,2026-5-14_stair2_left.csv,stair2,0.000000,0.000000,1026.000000,0.000000,0.000000,0.000000,0.000000,0.000000,384.000000,0.000000,0.000000,0.000000,0.000000,0.000000,0.000000,0.000000,0.000000,0.000000,1410.000000,1026.000000,384.000000,0.000000,1410.000000,0.000000,0.000000,0.000000,0.000000,0.000000,0.000000,0.000000,Swing,0.000000,0.000000,0.000000,ambiguous_stair,cop_invalid
418,2026-05-14 23:08:28,20.900000,2026-5-14_stair2_left.csv,stair2,0.000000,0.000000,1003.000000,0.000000,0.000000,0.000000,0.000000,0.000000,351.000000,0.000000,0.000000,0.000000,0.000000,0.000000,0.000000,0.000000,0.000000,0.000000,1354.000000,1003.000000,351.000000,0.000000,1354.000000,0.000000,0.000000,0.000000,0.000000,0.000000,0.000000,0.000000,Swing,0.000000,0.000000,0.000000,ambiguous_stair,cop_invalid
419,2026-05-14 23:08:28,20.950000,2026-5-14_stair2_left.csv,stair2,0.000000,0.000000,1003.000000,0.000000,0.000000,0.000000,0.000000,0.000000,351.000000,0.000000,0.000000,0.000000,0.000000,0.000000,0.000000,0.000000,0.000000,0.000000,1354.000000,1003.000000,351.000000,0.000000,1354.000000,0.000000,0.000000,0.000000,0.000000,0.000000,0.000000,0.000000,Swing,0.000000,0.000000,0.000000,ambiguous_stair,cop_invalid
420,2026-05-14 23:08:28,21.000000,2026-5-14_stair2_left.csv,stair2,0.000000,0.000000,1003.000000,0.000000,0.000000,0.000000,0.000000,0.000000,359.000000,0.000000,0.000000,0.000000,0.000000,0.000000,0.000000,0.000000,0.000000,0.000000,1362.000000,1003.000000,359.000000,0.000000,1362.000000,0.000000,0.000000,0.000000,0.000000,0.000000,0.000000,0.000000,Swing,0.000000,0.000000,0.000000,ambiguous_stair,cop_invalid
421,2026-05-14 23:08:28,21.050000,2026-5-14_stair2_left.csv,stair2,0.000000,0.000000,798.000000,0.000000,0.000000,0.000000,0.000000,0.000000,190.000000,0.000000,0.000000,0.000000,0.000000,0.000000,0.000000,0.000000,0.000000,0.000000,988.000000,798.000000,190.000000,0.000000,988.000000,0.000000,0.000000,0.000000,0.000000,0.000000,0.000000,0.000000,Swing,0.000000,0.000000,0.000000,ambiguous_stair,cop_invalid
422,2026-05-14 23:08:28,21.100000,2026-5-14_stair2_left.csv,stair2,0.000000,0.000000,798.000000,0.000000,0.000000,0.000000,0.000000,0.000000,190.000000,0.000000,0.000000,0.000000,0.000000,0.000000,0.000000,0.000000,0.000000,0.000000,988.000000,798.000000,190.000000,0.000000,988.000000,0.000000,0.000000,0.000000,0.000000,0.000000,0.000000,0.000000,Swing,0.000000,0.000000,0.000000,ambiguous_stair,cop_invalid
423,2026-05-14 23:08:28,21.150000,2026-5-14_stair2_left.csv,stair2,0.000000,0.000000,369.000000,0.000000,0.000000,0.000000,0.000000,0.000000,0.000000,0.000000,0.000000,0.000000,0.000000,0.000000,0.000000,0.000000,0.000000,0.000000,369.000000,369.000000,0.000000,0.000000,369.000000,0.000000,0.000000,0.000000,0.000000,0.000000,0.000000,0.000000,Swing,0.000000,0.000000,0.000000,ambiguous_stair,cop_invalid
424,2026-05-14 23:08:28,21.200000,2026-5-14_stair2_left.csv,stair2,0.000000,0.000000,14.000000,0.000000,0.000000,0.000000,0.000000,0.000000,0.000000,0.000000,0.000000,0.000000,0.000000,0.000000,0.000000,0.000000,0.000000,0.000000,14.000000,14.000000,0.000000,0.000000,14.000000,0.000000,0.000000,0.000000,0.000000,0.000000,0.000000,0.000000,Swing,0.000000,0.000000,0.000000,ambiguous_stair,cop_invalid|low_pressure
425,2026-05-14 23:08:28,21.250000,2026-5-14_stair2_left.csv,stair2,0.000000,0.000000,14.000000,0.000000,0.000000,0.000000,0.000000,0.000000,0.000000,0.000000,0.000000,0.000000,0.000000,0.000000,0.000000,0.000000,0.000000,0.000000,14.000000,14.000000,0.000000,0.000000,14.000000,0.000000,0.000000,0.000000,0.000000,0.000000,0.000000,0.000000,Swing,0.000000,0.000000,0.000000,ambiguous_stair,cop_invalid|low_pressure
426,2026-05-14 23:08:28,21.300000,2026-5-14_stair2_left.csv,stair2,0.000000,0.000000,0.000000,0.000000,0.000000,0.000000,0.000000,0.000000,0.000000,0.000000,0.000000,0.000000,0.000000,0.000000,0.000000,0.000000,0.000000,0.000000,0.000000,0.000000,0.000000,0.000000,0.000000,0.000000,0.000000,0.000000,0.000000,0.000000,0.000000,0.000000,Swing,0.000000,0.000000,0.000000,ambiguous_stair,cop_invalid|low_pressure
427,2026-05-14 23:08:28,21.350000,2026-5-14_stair2_left.csv,stair2,0.000000,0.000000,0.000000,0.000000,0.000000,0.000000,0.000000,0.000000,0.000000,0.000000,0.000000,0.000000,0.000000,0.000000,0.000000,0.000000,0.000000,0.000000,0.000000,0.000000,0.000000,0.000000,0.000000,0.000000,0.000000,0.000000,0.000000,0.000000,0.000000,0.000000,Swing,0.000000,0.000000,0.000000,ambiguous_stair,cop_invalid|low_pressure
428,2026-05-14 23:08:28,21.400000,2026-5-14_stair2_left.csv,stair2,0.000000,0.000000,64.000000,0.000000,0.000000,0.000000,0.000000,0.000000,0.000000,0.000000,0.000000,0.000000,0.000000,0.000000,0.000000,0.000000,0.000000,0.000000,64.000000,64.000000,0.000000,0.000000,64.000000,0.000000,0.000000,0.000000,0.000000,0.000000,0.000000,0.000000,Swing,0.000000,0.000000,0.000000,ambiguous_stair,cop_invalid|low_pressure
429,2026-05-14 23:08:28,21.450000,2026-5-14_stair2_left.csv,stair2,0.000000,0.000000,64.000000,0.000000,0.000000,0.000000,0.000000,0.000000,0.000000,0.000000,0.000000,0.000000,0.000000,0.000000,0.000000,0.000000,0.000000,0.000000,64.000000,64.000000,0.000000,0.000000,64.000000,0.000000,0.000000,0.000000,0.000000,0.000000,0.000000,0.000000,Swing,0.000000,0.000000,0.000000,ambiguous_stair,cop_invalid|low_pressure
430,2026-05-14 23:08:28,21.500000,2026-5-14_stair2_left.csv,stair2,0.000000,0.000000,116.000000,0.000000,0.000000,0.000000,0.000000,0.000000,0.000000,0.000000,0.000000,0.000000,0.000000,0.000000,0.000000,0.000000,0.000000,0.000000,116.000000,116.000000,0.000000,0.000000,116.000000,0.000000,0.000000,0.000000,0.000000,0.000000,0.000000,0.000000,Swing,0.000000,0.000000,0.000000,ambiguous_stair,cop_invalid|low_pressure
431,2026-05-14 23:08:28,21.550000,2026-5-14_stair2_left.csv,stair2,0.000000,0.000000,161.000000,0.000000,0.000000,0.000000,0.000000,0.000000,23.000000,0.000000,0.000000,0.000000,0.000000,0.000000,0.000000,0.000000,0.000000,0.000000,184.000000,161.000000,23.000000,0.000000,184.000000,0.000000,0.000000,0.000000,0.000000,0.000000,0.000000,0.000000,Swing,0.000000,0.000000,0.000000,ambiguous_stair,cop_invalid|low_pressure
432,2026-05-14 23:08:28,21.600000,2026-5-14_stair2_left.csv,stair2,0.000000,0.000000,350.000000,0.000000,0.000000,0.000000,0.000000,0.000000,242.000000,0.000000,0.000000,0.000000,0.000000,0.000000,0.000000,0.000000,0.000000,0.000000,592.000000,350.000000,242.000000,0.000000,592.000000,0.000000,0.000000,0.000000,0.000000,0.000000,0.000000,0.000000,Swing,0.000000,0.000000,0.000000,ambiguous_stair,cop_invalid
433,2026-05-14 23:08:28,21.650000,2026-5-14_stair2_left.csv,stair2,0.000000,0.000000,350.000000,0.000000,0.000000,0.000000,0.000000,0.000000,242.000000,0.000000,0.000000,0.000000,0.000000,0.000000,0.000000,0.000000,0.000000,0.000000,592.000000,350.000000,242.000000,0.000000,592.000000,0.000000,0.000000,0.000000,0.000000,0.000000,0.000000,0.000000,Swing,0.000000,0.000000,0.000000,ambiguous_stair,cop_invalid
434,2026-05-14 23:08:28,21.700000,2026-5-14_stair2_left.csv,stair2,0.000000,0.000000,473.000000,0.000000,0.000000,0.000000,0.000000,0.000000,760.000000,0.000000,0.000000,0.000000,0.000000,0.000000,0.000000,0.000000,0.000000,0.000000,1233.000000,473.000000,760.000000,0.000000,1233.000000,0.000000,0.000000,0.000000,0.000000,0.000000,0.000000,0.000000,Swing,0.000000,0.000000,0.000000,ambiguous_stair,cop_invalid
435,2026-05-14 23:08:28,21.750000,2026-5-14_stair2_left.csv,stair2,0.000000,0.000000,4055.000000,1749.000000,0.000000,0.000000,0.000000,0.000000,4974.000000,2975.000000,0.000000,0.000000,0.000000,0.000000,1022.000000,82.000000,0.000000,0.000000,14857.000000,5804.000000,7949.000000,1104.000000,14857.000000,0.000000,0.000000,0.000000,0.000000,0.000000,0.000000,0.000000,Swing,0.000000,0.000000,0.000000,ambiguous_stair,cop_invalid
436,2026-05-14 23:08:28,21.800000,2026-5-14_stair2_left.csv,stair2,0.000000,0.000000,4055.000000,1749.000000,0.000000,0.000000,0.000000,0.000000,4974.000000,2975.000000,0.000000,0.000000,0.000000,0.000000,1022.000000,82.000000,0.000000,0.000000,14857.000000,5804.000000,7949.000000,1104.000000,14857.000000,0.000000,0.000000,0.000000,0.000000,0.000000,0.000000,0.000000,Swing,0.000000,0.000000,0.000000,ambiguous_stair,cop_invalid
437,2026-05-14 23:08:29,21.850000,2026-5-14_stair2_left.csv,stair2,0.000000,0.000000,5329.000000,2646.000000,0.000000,0.000000,0.000000,0.000000,5773.000000,3968.000000,0.000000,0.000000,0.000000,0.000000,1667.000000,1002.000000,0.000000,0.000000,20385.000000,7975.000000,9741.000000,2669.000000,20385.000000,0.000000,55.693684,71.904878,0.163441,-0.399163,0.000000,0.000000,InitialContact,0.000000,0.000000,0.000000,ambiguous_stair,
438,2026-05-14 23:08:29,21.900000,2026-5-14_stair2_left.csv,stair2,0.000000,0.000000,5329.000000,2646.000000,0.000000,0.000000,0.000000,0.000000,5773.000000,3968.000000,0.000000,0.000000,0.000000,0.000000,1667.000000,1002.000000,0.000000,0.000000,20385.000000,7975.000000,9741.000000,2669.000000,20385.000000,0.000000,55.693684,71.904878,0.163441,-0.399163,0.000000,0.000000,InitialContact,0.076923,0.000000,0.000000,ambiguous_stair,
439,2026-05-14 23:08:29,21.950000,2026-5-14_stair2_left.csv,stair2,0.000000,0.000000,5423.000000,2691.000000,0.000000,0.000000,0.000000,0.000000,5816.000000,4014.000000,0.000000,0.000000,0.000000,0.000000,1685.000000,1096.000000,0.000000,0.000000,20725.000000,8114.000000,9830.000000,2781.000000,20725.000000,0.000000,55.711472,72.226448,0.164933,-0.399610,0.029841,-0.008938,LoadingResponse,0.153846,0.000000,0.000000,ambiguous_stair,
440,2026-05-14 23:08:29,22.000000,2026-5-14_stair2_left.csv,stair2,0.000000,0.000000,5423.000000,2691.000000,0.000000,0.000000,0.000000,0.000000,5816.000000,4014.000000,0.000000,0.000000,0.000000,0.000000,1685.000000,1096.000000,0.000000,0.000000,20725.000000,8114.000000,9830.000000,2781.000000,20725.000000,0.000000,55.711472,72.226448,0.164933,-0.399610,0.000000,0.000000,LoadingResponse,0.230769,0.000000,0.000000,ambiguous_stair,
441,2026-05-14 23:08:29,22.050000,2026-5-14_stair2_left.csv,stair2,0.000000,0.000000,5040.000000,2521.000000,0.000000,0.000000,0.000000,0.000000,5041.000000,3385.000000,0.000000,0.000000,163.000000,0.000000,1583.000000,1512.000000,732.000000,0.000000,19977.000000,7561.000000,8426.000000,3990.000000,19977.000000,0.000000,56.217855,79.673638,0.199488,-0.412331,0.691090,-0.254432,LoadingResponse,0.307692,0.805142,0.805142,ambiguous_stair,
442,2026-05-14 23:08:29,22.100000,2026-5-14_stair2_left.csv,stair2,1741.000000,0.000000,2328.000000,0.000000,0.000000,0.000000,2305.000000,0.000000,2247.000000,0.000000,0.000000,125.000000,3004.000000,0.000000,598.000000,1580.000000,1674.000000,0.000000,15602.000000,4069.000000,4677.000000,6856.000000,11556.000000,4046.000000,48.425666,141.156607,0.484765,-0.216572,5.705547,3.915181,MidStance,0.384615,9.833823,1.500000,ambiguous_stair,
443,2026-05-14 23:08:29,22.150000,2026-5-14_stair2_left.csv,stair2,1741.000000,0.000000,2328.000000,0.000000,0.000000,0.000000,2305.000000,0.000000,2247.000000,0.000000,0.000000,125.000000,3004.000000,0.000000,598.000000,1580.000000,1674.000000,0.000000,15602.000000,4069.000000,4677.000000,6856.000000,11556.000000,4046.000000,48.425666,141.156607,0.484765,-0.216572,0.000000,0.000000,MidStance,0.461538,9.833823,1.500000,ambiguous_stair,
444,2026-05-14 23:08:29,22.200000,2026-5-14_stair2_left.csv,stair2,1741.000000,0.000000,2328.000000,0.000000,0.000000,0.000000,2305.000000,0.000000,2247.000000,0.000000,0.000000,125.000000,3004.000000,0.000000,598.000000,1580.000000,1674.000000,0.000000,15602.000000,4069.000000,4677.000000,6856.000000,11556.000000,4046.000000,48.425666,141.156607,0.484765,-0.216572,0.000000,0.000000,MidStance,0.538462,9.833823,1.500000,ambiguous_stair,
445,2026-05-14 23:08:29,22.250000,2026-5-14_stair2_left.csv,stair2,3172.000000,0.000000,1766.000000,0.000000,0.000000,0.000000,2973.000000,0.000000,1644.000000,0.000000,0.000000,0.000000,3052.000000,0.000000,0.000000,514.000000,559.000000,0.000000,13680.000000,4938.000000,4617.000000,4125.000000,7535.000000,6145.000000,39.088420,152.361833,0.536757,0.018002,1.039832,4.691494,MidStance,0.615385,10.093344,1.500000,ambiguous_stair,
446,2026-05-14 23:08:29,22.300000,2026-5-14_stair2_left.csv,stair2,3172.000000,0.000000,1766.000000,0.000000,0.000000,0.000000,2973.000000,0.000000,1644.000000,0.000000,0.000000,0.000000,3052.000000,0.000000,0.000000,514.000000,559.000000,0.000000,13680.000000,4938.000000,4617.000000,4125.000000,7535.000000,6145.000000,39.088420,152.361833,0.536757,0.018002,0.000000,0.000000,MidStance,0.692308,10.093344,1.500000,ambiguous_stair,
447,2026-05-14 23:08:29,22.350000,2026-5-14_stair2_left.csv,stair2,4023.000000,706.000000,1140.000000,0.000000,0.000000,0.000000,2417.000000,0.000000,791.000000,0.000000,0.000000,0.000000,1325.000000,0.000000,0.000000,0.000000,0.000000,0.000000,10402.000000,5869.000000,3208.000000,1325.000000,3256.000000,7146.000000,27.989089,165.134063,0.596019,0.296845,1.185248,5.576853,MidStance,0.769231,8.949668,1.500000,ambiguous_stair,
448,2026-05-14 23:08:29,22.400000,2026-5-14_stair2_left.csv,stair2,4023.000000,706.000000,1140.000000,0.000000,0.000000,0.000000,2417.000000,0.000000,791.000000,0.000000,0.000000,0.000000,1325.000000,0.000000,0.000000,0.000000,0.000000,0.000000,10402.000000,5869.000000,3208.000000,1325.000000,3256.000000,7146.000000,27.989089,165.134063,0.596019,0.296845,0.000000,0.000000,MidStance,0.846154,8.949668,1.500000,ambiguous_stair,
449,2026-05-14 23:08:29,22.450000,2026-5-14_stair2_left.csv,stair2,4570.000000,1123.000000,894.000000,0.000000,0.000000,0.000000,2496.000000,0.000000,580.000000,0.000000,0.000000,0.000000,1030.000000,0.000000,0.000000,0.000000,0.000000,0.000000,10693.000000,6587.000000,3076.000000,1030.000000,2504.000000,8189.000000,24.758724,173.206642,0.633476,0.378000,0.749126,1.623095,MidStance,0.923077,10.028363,1.500000,ambiguous_stair,
450,2026-05-14 23:08:29,22.500000,2026-5-14_stair2_left.csv,stair2,4570.000000,1123.000000,894.000000,0.000000,0.000000,0.000000,2496.000000,0.000000,580.000000,0.000000,0.000000,0.000000,1030.000000,0.000000,0.000000,0.000000,0.000000,0.000000,10693.000000,6587.000000,3076.000000,1030.000000,2504.000000,8189.000000,24.758724,173.206642,0.633476,0.378000,0.000000,0.000000,MidStance,1.000000,10.028363,1.500000,ambiguous_stair,
451,2026-05-14 23:08:29,22.550000,2026-5-14_stair2_left.csv,stair2,4570.000000,1123.000000,894.000000,0.000000,0.000000,0.000000,2496.000000,0.000000,580.000000,0.000000,0.000000,0.000000,1030.000000,0.000000,0.000000,0.000000,0.000000,0.000000,10693.000000,6587.000000,3076.000000,1030.000000,2504.000000,8189.000000,24.758724,173.206642,0.633476,0.378000,0.000000,0.000000,MidStance,1.000000,10.028363,1.500000,ambiguous_stair,
452,2026-05-14 23:08:29,22.600000,2026-5-14_stair2_left.csv,stair2,6062.000000,1853.000000,709.000000,0.000000,0.000000,0.000000,3132.000000,0.000000,0.000000,0.000000,0.000000,0.000000,1233.000000,647.000000,0.000000,0.000000,0.000000,0.000000,13636.000000,8624.000000,3132.000000,1880.000000,1942.000000,11694.000000,21.834130,188.281479,0.703422,0.451473,1.398927,1.469461,PreSwing,1.000000,14.760991,1.500000,ambiguous_stair,
453,2026-05-14 23:08:29,22.650000,2026-5-14_stair2_left.csv,stair2,6062.000000,1853.000000,709.000000,0.000000,0.000000,0.000000,3132.000000,0.000000,0.000000,0.000000,0.000000,0.000000,1233.000000,647.000000,0.000000,0.000000,0.000000,0.000000,13636.000000,8624.000000,3132.000000,1880.000000,1942.000000,11694.000000,21.834130,188.281479,0.703422,0.451473,0.000000,0.000000,PreSwing,1.000000,14.760991,1.500000,ambiguous_stair,
454,2026-05-14 23:08:29,22.700000,2026-5-14_stair2_left.csv,stair2,6642.000000,1993.000000,574.000000,0.000000,0.000000,0.000000,3667.000000,347.000000,0.000000,0.000000,0.000000,0.000000,1595.000000,1049.000000,0.000000,0.000000,0.000000,0.000000,15867.000000,9209.000000,4014.000000,2644.000000,2169.000000,13698.000000,22.586168,191.760311,0.719563,0.432580,0.322831,-0.377861,PreSwing,1.000000,17.705736,1.500000,ambiguous_stair,
455,2026-05-14 23:08:29,22.750000,2026-5-14_stair2_left.csv,stair2,6642.000000,1993.000000,574.000000,0.000000,0.000000,0.000000,3667.000000,347.000000,0.000000,0.000000,0.000000,0.000000,1595.000000,1049.000000,0.000000,0.000000,0.000000,0.000000,15867.000000,9209.000000,4014.000000,2644.000000,2169.000000,13698.000000,22.586168,191.760311,0.719563,0.432580,0.000000,0.000000,PreSwing,1.000000,17.705736,1.500000,ambiguous_stair,
456,2026-05-14 23:08:29,22.800000,2026-5-14_stair2_left.csv,stair2,6695.000000,2106.000000,481.000000,0.000000,0.000000,0.000000,3682.000000,291.000000,0.000000,0.000000,0.000000,0.000000,1558.000000,1059.000000,0.000000,0.000000,0.000000,0.000000,15872.000000,9282.000000,3973.000000,2617.000000,2039.000000,13833.000000,22.284951,192.728630,0.724056,0.440147,0.089859,0.151346,PreSwing,1.000000,17.858798,1.500000,ambiguous_stair,
457,2026-05-14 23:08:30,22.850000,2026-5-14_stair2_left.csv,stair2,6426.000000,2084.000000,313.000000,0.000000,0.000000,0.000000,3534.000000,372.000000,0.000000,0.000000,0.000000,0.000000,1525.000000,1005.000000,0.000000,0.000000,0.000000,0.000000,15259.000000,8823.000000,3906.000000,2530.000000,1838.000000,13421.000000,22.089977,194.453126,0.732058,0.445045,0.160031,0.097965,PreSwing,1.000000,17.421574,1.500000,ambiguous_stair,
458,2026-05-14 23:08:30,22.900000,2026-5-14_stair2_left.csv,stair2,6426.000000,2084.000000,313.000000,0.000000,0.000000,0.000000,3534.000000,372.000000,0.000000,0.000000,0.000000,0.000000,1525.000000,1005.000000,0.000000,0.000000,0.000000,0.000000,15259.000000,8823.000000,3906.000000,2530.000000,1838.000000,13421.000000,22.089977,194.453126,0.732058,0.445045,0.000000,0.000000,PreSwing,1.000000,17.421574,1.500000,ambiguous_stair,
459,2026-05-14 23:08:30,22.950000,2026-5-14_stair2_left.csv,stair2,6754.000000,2379.000000,135.000000,0.000000,0.000000,0.000000,3607.000000,528.000000,0.000000,0.000000,0.000000,0.000000,1551.000000,1109.000000,0.000000,0.000000,0.000000,0.000000,16063.000000,9268.000000,4135.000000,2660.000000,1686.000000,14377.000000,21.604119,197.069836,0.744199,0.457251,0.242828,0.244119,PreSwing,1.000000,18.742861,1.500000,ambiguous_stair,
460,2026-05-14 23:08:30,23.000000,2026-5-14_stair2_left.csv,stair2,6754.000000,2379.000000,135.000000,0.000000,0.000000,0.000000,3607.000000,528.000000,0.000000,0.000000,0.000000,0.000000,1551.000000,1109.000000,0.000000,0.000000,0.000000,0.000000,16063.000000,9268.000000,4135.000000,2660.000000,1686.000000,14377.000000,21.604119,197.069836,0.744199,0.457251,0.000000,0.000000,PreSwing,1.000000,18.742861,1.500000,ambiguous_stair,
461,2026-05-14 23:08:30,23.050000,2026-5-14_stair2_left.csv,stair2,6558.000000,2337.000000,13.000000,0.000000,0.000000,0.000000,3403.000000,485.000000,0.000000,0.000000,0.000000,0.000000,1399.000000,1038.000000,0.000000,0.000000,0.000000,0.000000,15233.000000,8908.000000,3888.000000,2437.000000,1412.000000,13821.000000,21.124844,198.242623,0.749641,0.469292,0.108833,0.240811,PreSwing,1.000000,17.945821,1.500000,ambiguous_stair,
462,2026-05-14 23:08:30,23.100000,2026-5-14_stair2_left.csv,stair2,6558.000000,2337.000000,13.000000,0.000000,0.000000,0.000000,3403.000000,485.000000,0.000000,0.000000,0.000000,0.000000,1399.000000,1038.000000,0.000000,0.000000,0.000000,0.000000,15233.000000,8908.000000,3888.000000,2437.000000,1412.000000,13821.000000,21.124844,198.242623,0.749641,0.469292,0.000000,0.000000,PreSwing,1.000000,17.945821,1.500000,ambiguous_stair,
463,2026-05-14 23:08:30,23.150000,2026-5-14_stair2_left.csv,stair2,5602.000000,1965.000000,0.000000,0.000000,0.000000,0.000000,2737.000000,0.000000,0.000000,0.000000,0.000000,0.000000,942.000000,403.000000,0.000000,0.000000,0.000000,0.000000,11649.000000,7567.000000,2737.000000,1345.000000,942.000000,10707.000000,19.571051,196.226522,0.740286,0.508327,-0.187092,0.780703,PreSwing,1.000000,13.498185,1.500000,ambiguous_stair,
464,2026-05-14 23:08:30,23.200000,2026-5-14_stair2_left.csv,stair2,5602.000000,1965.000000,0.000000,0.000000,0.000000,0.000000,2737.000000,0.000000,0.000000,0.000000,0.000000,0.000000,942.000000,403.000000,0.000000,0.000000,0.000000,0.000000,11649.000000,7567.000000,2737.000000,1345.000000,942.000000,10707.000000,19.571051,196.226522,0.740286,0.508327,0.000000,0.000000,PreSwing,1.000000,13.498185,1.500000,ambiguous_stair,
465,2026-05-14 23:08:30,23.250000,2026-5-14_stair2_left.csv,stair2,5520.000000,1892.000000,0.000000,0.000000,0.000000,0.000000,2866.000000,0.000000,0.000000,0.000000,0.000000,0.000000,992.000000,0.000000,0.000000,0.000000,0.000000,0.000000,11270.000000,7412.000000,2866.000000,992.000000,992.000000,10278.000000,19.285728,194.747730,0.733425,0.515495,-0.137230,0.143360,PreSwing,1.000000,12.899096,1.500000,ambiguous_stair,
466,2026-05-14 23:08:30,23.300000,2026-5-14_stair2_left.csv,stair2,5520.000000,1892.000000,0.000000,0.000000,0.000000,0.000000,2866.000000,0.000000,0.000000,0.000000,0.000000,0.000000,992.000000,0.000000,0.000000,0.000000,0.000000,0.000000,11270.000000,7412.000000,2866.000000,992.000000,992.000000,10278.000000,19.285728,194.747730,0.733425,0.515495,0.000000,0.000000,PreSwing,1.000000,12.899096,1.500000,ambiguous_stair,
467,2026-05-14 23:08:30,23.350000,2026-5-14_stair2_left.csv,stair2,5693.000000,1730.000000,181.000000,0.000000,0.000000,0.000000,2866.000000,0.000000,0.000000,0.000000,0.000000,0.000000,1277.000000,0.000000,0.000000,0.000000,0.000000,0.000000,11747.000000,7604.000000,2866.000000,1277.000000,1458.000000,10289.000000,20.424511,191.805351,0.719772,0.486886,-0.273049,-0.572181,PreSwing,1.000000,13.113370,1.500000,ambiguous_stair,
468,2026-05-14 23:08:30,23.400000,2026-5-14_stair2_left.csv,stair2,2876.000000,273.000000,2219.000000,0.000000,0.000000,0.000000,1635.000000,0.000000,0.000000,0.000000,0.000000,0.000000,1197.000000,0.000000,0.000000,0.000000,131.000000,0.000000,8331.000000,5368.000000,1635.000000,1328.000000,3547.000000,4784.000000,29.520549,152.587629,0.537805,0.258371,-3.639358,-4.570299,MidStance,1.000000,6.164809,1.500000,ambiguous_stair,
469,2026-05-14 23:08:30,23.450000,2026-5-14_stair2_left.csv,stair2,2876.000000,273.000000,2219.000000,0.000000,0.000000,0.000000,1635.000000,0.000000,0.000000,0.000000,0.000000,0.000000,1197.000000,0.000000,0.000000,0.000000,131.000000,0.000000,8331.000000,5368.000000,1635.000000,1328.000000,3547.000000,4784.000000,29.520549,152.587629,0.537805,0.258371,0.000000,0.000000,MidStance,1.000000,6.164809,1.500000,ambiguous_stair,
470,2026-05-14 23:08:30,23.500000,2026-5-14_stair2_left.csv,stair2,786.000000,0.000000,2251.000000,0.000000,0.000000,0.000000,290.000000,0.000000,381.000000,0.000000,0.000000,0.000000,337.000000,0.000000,0.000000,0.000000,67.000000,0.000000,4112.000000,3037.000000,671.000000,404.000000,3036.000000,1076.000000,37.914402,99.604436,0.291966,0.047497,-4.916777,-4.217487,LoadingResponse,1.000000,0.952170,0.952170,ambiguous_stair,
471,2026-05-14 23:08:30,23.550000,2026-5-14_stair2_left.csv,stair2,786.000000,0.000000,2251.000000,0.000000,0.000000,0.000000,290.000000,0.000000,381.000000,0.000000,0.000000,0.000000,337.000000,0.000000,0.000000,0.000000,67.000000,0.000000,4112.000000,3037.000000,671.000000,404.000000,3036.000000,1076.000000,37.914402,99.604436,0.291966,0.047497,0.000000,0.000000,LoadingResponse,1.000000,0.952170,0.952170,ambiguous_stair,
472,2026-05-14 23:08:30,23.600000,2026-5-14_stair2_left.csv,stair2,0.000000,0.000000,2171.000000,1291.000000,0.000000,0.000000,0.000000,0.000000,2387.000000,1428.000000,0.000000,0.000000,0.000000,0.000000,289.000000,421.000000,0.000000,0.000000,7987.000000,3462.000000,3815.000000,710.000000,7987.000000,0.000000,54.552441,69.670600,0.153074,-0.370492,-2.777824,-8.359774,LoadingResponse,1.000000,0.000000,0.000000,ambiguous_stair,
473,2026-05-14 23:08:30,23.650000,2026-5-14_stair2_left.csv,stair2,0.000000,0.000000,2171.000000,1291.000000,0.000000,0.000000,0.000000,0.000000,2387.000000,1428.000000,0.000000,0.000000,0.000000,0.000000,289.000000,421.000000,0.000000,0.000000,7987.000000,3462.000000,3815.000000,710.000000,7987.000000,0.000000,54.552441,69.670600,0.153074,-0.370492,0.000000,0.000000,LoadingResponse,1.000000,0.000000,0.000000,ambiguous_stair,
474,2026-05-14 23:08:30,23.700000,2026-5-14_stair2_left.csv,stair2,0.000000,0.000000,2006.000000,892.000000,0.000000,0.000000,0.000000,0.000000,3756.000000,3060.000000,0.000000,0.000000,0.000000,0.000000,2246.000000,992.000000,0.000000,0.000000,12952.000000,2898.000000,6816.000000,3238.000000,12952.000000,0.000000,60.180068,80.429061,0.202993,-0.511872,0.998372,-2.827598,LoadingResponse,1.000000,0.615900,0.615900,ambiguous_stair,
475,2026-05-14 23:08:30,23.750000,2026-5-14_stair2_left.csv,stair2,0.000000,0.000000,2006.000000,892.000000,0.000000,0.000000,0.000000,0.000000,3756.000000,3060.000000,0.000000,0.000000,0.000000,0.000000,2246.000000,992.000000,0.000000,0.000000,12952.000000,2898.000000,6816.000000,3238.000000,12952.000000,0.000000,60.180068,80.429061,0.202993,-0.511872,0.000000,0.000000,LoadingResponse,1.000000,0.615900,0.615900,ambiguous_stair,
476,2026-05-14 23:08:30,23.800000,2026-5-14_stair2_left.csv,stair2,0.000000,0.000000,1840.000000,495.000000,0.000000,0.000000,0.000000,0.000000,4944.000000,3402.000000,0.000000,0.000000,0.000000,0.000000,2346.000000,623.000000,0.000000,0.000000,13650.000000,2335.000000,8346.000000,2969.000000,13650.000000,0.000000,61.198391,76.426747,0.184423,-0.537455,-0.371410,-0.511656,LoadingResponse,1.000000,0.124848,0.124848,ambiguous_stair,
477,2026-05-14 23:08:31,23.850000,2026-5-14_stair2_left.csv,stair2,0.000000,0.000000,1840.000000,495.000000,0.000000,0.000000,0.000000,0.000000,4944.000000,3402.000000,0.000000,0.000000,0.000000,0.000000,2346.000000,623.000000,0.000000,0.000000,13650.000000,2335.000000,8346.000000,2969.000000,13650.000000,0.000000,61.198391,76.426747,0.184423,-0.537455,0.000000,0.000000,LoadingResponse,1.000000,0.124848,0.124848,ambiguous_stair,
478,2026-05-14 23:08:31,23.900000,2026-5-14_stair2_left.csv,stair2,0.000000,0.000000,2001.000000,378.000000,0.000000,0.000000,0.000000,0.000000,5663.000000,3328.000000,0.000000,0.000000,0.000000,0.000000,2126.000000,463.000000,0.000000,0.000000,13959.000000,2379.000000,8991.000000,2589.000000,13959.000000,0.000000,61.052204,73.078917,0.168889,-0.533782,-0.310675,0.073452,LoadingResponse,1.000000,0.000000,0.000000,ambiguous_stair,
479,2026-05-14 23:08:31,23.950000,2026-5-14_stair2_left.csv,stair2,0.000000,0.000000,3259.000000,583.000000,0.000000,0.000000,0.000000,0.000000,7249.000000,3440.000000,0.000000,0.000000,0.000000,0.000000,1723.000000,306.000000,0.000000,0.000000,16560.000000,3842.000000,10689.000000,2029.000000,16560.000000,0.000000,59.315739,67.422961,0.142646,-0.490158,-0.524866,0.872486,LoadingResponse,1.000000,0.000000,0.000000,ambiguous_stair,
480,2026-05-14 23:08:31,24.000000,2026-5-14_stair2_left.csv,stair2,0.000000,0.000000,3259.000000,583.000000,0.000000,0.000000,0.000000,0.000000,7249.000000,3440.000000,0.000000,0.000000,0.000000,0.000000,1723.000000,306.000000,0.000000,0.000000,16560.000000,3842.000000,10689.000000,2029.000000,16560.000000,0.000000,59.315739,67.422961,0.142646,-0.490158,0.000000,0.000000,LoadingResponse,1.000000,0.000000,0.000000,ambiguous_stair,
481,2026-05-14 23:08:31,24.050000,2026-5-14_stair2_left.csv,stair2,0.000000,0.000000,4794.000000,809.000000,0.000000,0.000000,0.000000,0.000000,8767.000000,4190.000000,0.000000,0.000000,0.000000,0.000000,2111.000000,375.000000,0.000000,0.000000,21046.000000,5603.000000,12957.000000,2486.000000,21046.000000,0.000000,58.489828,66.906484,0.140249,-0.469409,-0.047928,0.414978,LoadingResponse,1.000000,0.000000,0.000000,ambiguous_stair,
482,2026-05-14 23:08:31,24.100000,2026-5-14_stair2_left.csv,stair2,0.000000,0.000000,4794.000000,809.000000,0.000000,0.000000,0.000000,0.000000,8767.000000,4190.000000,0.000000,0.000000,0.000000,0.000000,2111.000000,375.000000,0.000000,0.000000,21046.000000,5603.000000,12957.000000,2486.000000,21046.000000,0.000000,58.489828,66.906484,0.140249,-0.469409,0.000000,0.000000,LoadingResponse,1.000000,0.000000,0.000000,ambiguous_stair,
483,2026-05-14 23:08:31,24.150000,2026-5-14_stair2_left.csv,stair2,0.000000,0.000000,5348.000000,926.000000,0.000000,0.000000,0.000000,0.000000,9285.000000,4816.000000,0.000000,0.000000,0.000000,0.000000,2530.000000,435.000000,0.000000,0.000000,23340.000000,6274.000000,14101.000000,2965.000000,23340.000000,0.000000,58.464888,67.848597,0.144620,-0.468783,0.087427,0.012531,LoadingResponse,1.000000,0.000000,0.000000,ambiguous_stair,
484,2026-05-14 23:08:31,24.200000,2026-5-14_stair2_left.csv,stair2,0.000000,0.000000,5348.000000,926.000000,0.000000,0.000000,0.000000,0.000000,9285.000000,4816.000000,0.000000,0.000000,0.000000,0.000000,2530.000000,435.000000,0.000000,0.000000,23340.000000,6274.000000,14101.000000,2965.000000,23340.000000,0.000000,58.464888,67.848597,0.144620,-0.468783,0.000000,0.000000,LoadingResponse,1.000000,0.000000,0.000000,ambiguous_stair,
485,2026-05-14 23:08:31,24.250000,2026-5-14_stair2_left.csv,stair2,0.000000,0.000000,5276.000000,956.000000,0.000000,0.000000,0.000000,0.000000,9417.000000,5652.000000,0.000000,0.000000,0.000000,0.000000,3222.000000,817.000000,0.000000,0.000000,25340.000000,6232.000000,15069.000000,4039.000000,25340.000000,0.000000,59.170607,71.074604,0.159589,-0.486512,0.299370,-0.354588,LoadingResponse,1.000000,0.000000,0.000000,ambiguous_stair,
486,2026-05-14 23:08:31,24.300000,2026-5-14_stair2_left.csv,stair2,0.000000,0.000000,5276.000000,956.000000,0.000000,0.000000,0.000000,0.000000,9417.000000,5652.000000,0.000000,0.000000,0.000000,0.000000,3222.000000,817.000000,0.000000,0.000000,25340.000000,6232.000000,15069.000000,4039.000000,25340.000000,0.000000,59.170607,71.074604,0.159589,-0.486512,0.000000,0.000000,LoadingResponse,1.000000,0.000000,0.000000,ambiguous_stair,
487,2026-05-14 23:08:31,24.350000,2026-5-14_stair2_left.csv,stair2,0.000000,0.000000,4209.000000,828.000000,0.000000,0.000000,0.000000,0.000000,8394.000000,5869.000000,0.000000,0.000000,0.000000,0.000000,4440.000000,2191.000000,0.000000,0.000000,25931.000000,5037.000000,14263.000000,6631.000000,25931.000000,0.000000,60.923763,79.462763,0.198509,-0.530556,0.778411,-0.880873,LoadingResponse,1.000000,0.992636,0.992636,ambiguous_stair,
488,2026-05-14 23:08:31,24.400000,2026-5-14_stair2_left.csv,stair2,0.000000,0.000000,4209.000000,828.000000,0.000000,0.000000,0.000000,0.000000,8394.000000,5869.000000,0.000000,0.000000,0.000000,0.000000,4440.000000,2191.000000,0.000000,0.000000,25931.000000,5037.000000,14263.000000,6631.000000,25931.000000,0.000000,60.923763,79.462763,0.198509,-0.530556,0.000000,0.000000,LoadingResponse,1.000000,0.992636,0.992636,ambiguous_stair,
489,2026-05-14 23:08:31,24.450000,2026-5-14_stair2_left.csv,stair2,0.000000,0.000000,3628.000000,768.000000,0.000000,0.000000,0.000000,0.000000,7496.000000,5690.000000,0.000000,0.000000,0.000000,0.000000,4999.000000,3277.000000,0.000000,0.000000,25858.000000,4396.000000,13186.000000,8276.000000,25858.000000,0.000000,61.876660,85.079560,0.224571,-0.554495,0.521232,-0.478782,LoadingResponse,1.000000,2.383553,1.500000,ambiguous_stair,
490,2026-05-14 23:08:31,24.500000,2026-5-14_stair2_left.csv,stair2,0.000000,0.000000,3406.000000,718.000000,0.000000,0.000000,0.000000,0.000000,7151.000000,5557.000000,0.000000,0.000000,0.000000,0.000000,5085.000000,3557.000000,0.000000,0.000000,25474.000000,4124.000000,12708.000000,8642.000000,25474.000000,0.000000,62.182769,86.734791,0.232251,-0.562185,0.153603,-0.153804,LoadingResponse,1.000000,2.752774,1.500000,ambiguous_stair,
491,2026-05-14 23:08:31,24.550000,2026-5-14_stair2_left.csv,stair2,0.000000,0.000000,3406.000000,718.000000,0.000000,0.000000,0.000000,0.000000,7151.000000,5557.000000,0.000000,0.000000,0.000000,0.000000,5085.000000,3557.000000,0.000000,0.000000,25474.000000,4124.000000,12708.000000,8642.000000,25474.000000,0.000000,62.182769,86.734791,0.232251,-0.562185,0.000000,0.000000,LoadingResponse,1.000000,2.752774,1.500000,ambiguous_stair,
492,2026-05-14 23:08:31,24.600000,2026-5-14_stair2_left.csv,stair2,0.000000,0.000000,2779.000000,717.000000,0.000000,0.000000,0.000000,0.000000,5850.000000,4526.000000,0.000000,0.000000,0.000000,0.000000,5091.000000,4278.000000,582.000000,0.000000,23823.000000,3496.000000,10376.000000,9951.000000,23823.000000,0.000000,62.983114,94.318423,0.267439,-0.582292,0.703752,-0.402133,LoadingResponse,1.000000,4.308019,1.500000,ambiguous_stair,
493,2026-05-14 23:08:31,24.650000,2026-5-14_stair2_left.csv,stair2,0.000000,0.000000,2779.000000,717.000000,0.000000,0.000000,0.000000,0.000000,5850.000000,4526.000000,0.000000,0.000000,0.000000,0.000000,5091.000000,4278.000000,582.000000,0.000000,23823.000000,3496.000000,10376.000000,9951.000000,23823.000000,0.000000,62.983114,94.318423,0.267439,-0.582292,0.000000,0.000000,LoadingResponse,1.000000,4.308019,1.500000,ambiguous_stair,
494,2026-05-14 23:08:31,24.700000,2026-5-14_stair2_left.csv,stair2,0.000000,0.000000,2466.000000,642.000000,0.000000,0.000000,0.000000,0.000000,5292.000000,3779.000000,0.000000,0.000000,0.000000,0.000000,4902.000000,4861.000000,1293.000000,0.000000,23235.000000,3108.000000,9071.000000,11056.000000,23235.000000,0.000000,63.627091,100.482321,0.296039,-0.598470,0.572002,-0.323566,LoadingResponse,1.000000,5.576006,1.500000,ambiguous_stair,
495,2026-05-14 23:08:31,24.750000,2026-5-14_stair2_left.csv,stair2,0.000000,0.000000,2650.000000,55.000000,0.000000,0.000000,790.000000,0.000000,3484.000000,587.000000,0.000000,131.000000,2738.000000,0.000000,1341.000000,2661.000000,2785.000000,0.000000,17222.000000,2705.000000,4992.000000,9525.000000,16432.000000,790.000000,58.732914,124.039447,0.405343,-0.475516,2.186073,2.459076,MidStance,1.000000,8.026083,1.500000,ambiguous_stair,
496,2026-05-14 23:08:31,24.800000,2026-5-14_stair2_left.csv,stair2,0.000000,0.000000,2650.000000,55.000000,0.000000,0.000000,790.000000,0.000000,3484.000000,587.000000,0.000000,131.000000,2738.000000,0.000000,1341.000000,2661.000000,2785.000000,0.000000,17222.000000,2705.000000,4992.000000,9525.000000,16432.000000,790.000000,58.732914,124.039447,0.405343,-0.475516,0.000000,0.000000,MidStance,1.000000,8.026083,1.500000,ambiguous_stair,
497,2026-05-14 23:08:32,24.850000,2026-5-14_stair2_left.csv,stair2,0.000000,0.000000,2650.000000,55.000000,0.000000,0.000000,790.000000,0.000000,3484.000000,587.000000,0.000000,131.000000,2738.000000,0.000000,1341.000000,2661.000000,2785.000000,0.000000,17222.000000,2705.000000,4992.000000,9525.000000,16432.000000,790.000000,58.732914,124.039447,0.405343,-0.475516,0.000000,0.000000,MidStance,1.000000,8.026083,1.500000,ambiguous_stair,
498,2026-05-14 23:08:32,24.900000,2026-5-14_stair2_left.csv,stair2,941.000000,0.000000,2007.000000,0.000000,0.000000,0.000000,2041.000000,0.000000,2393.000000,0.000000,0.000000,111.000000,2957.000000,0.000000,432.000000,1830.000000,2105.000000,0.000000,14817.000000,2948.000000,4545.000000,7324.000000,11835.000000,2982.000000,51.779377,140.523358,0.481827,-0.300826,1.529687,3.493801,MidStance,1.000000,9.249006,1.500000,ambiguous_stair,
499,2026-05-14 23:08:32,24.950000,2026-5-14_stair2_left.csv,stair2,941.000000,0.000000,2007.000000,0.000000,0.000000,0.000000,2041.000000,0.000000,2393.000000,0.000000,0.000000,111.000000,2957.000000,0.000000,432.000000,1830.000000,2105.000000,0.000000,14817.000000,2948.000000,4545.000000,7324.000000,11835.000000,2982.000000,51.779377,140.523358,0.481827,-0.300826,0.000000,0.000000,MidStance,1.000000,9.249006,1.500000,ambiguous_stair,
500,2026-05-14 23:08:32,25.000000,2026-5-14_stair2_left.csv,stair2,3162.000000,0.000000,1666.000000,0.000000,0.000000,0.000000,2748.000000,0.000000,1407.000000,0.000000,0.000000,0.000000,2538.000000,0.000000,0.000000,287.000000,430.000000,0.000000,12238.000000,4828.000000,4155.000000,3255.000000,6328.000000,5910.000000,37.396285,152.596462,0.537845,0.060513,1.120370,7.226777,MidStance,1.000000,9.056965,1.500000,ambiguous_stair,
501,2026-05-14 23:08:32,25.050000,2026-5-14_stair2_left.csv,stair2,3162.000000,0.000000,1666.000000,0.000000,0.000000,0.000000,2748.000000,0.000000,1407.000000,0.000000,0.000000,0.000000,2538.000000,0.000000,0.000000,287.000000,430.000000,0.000000,12238.000000,4828.000000,4155.000000,3255.000000,6328.000000,5910.000000,37.396285,152.596462,0.537845,0.060513,0.000000,0.000000,MidStance,1.000000,9.056965,1.500000,ambiguous_stair,
502,2026-05-14 23:08:32,25.100000,2026-5-14_stair2_left.csv,stair2,4470.000000,1285.000000,1831.000000,0.000000,0.000000,0.000000,3058.000000,0.000000,956.000000,0.000000,0.000000,0.000000,2121.000000,0.000000,0.000000,0.000000,0.000000,0.000000,13721.000000,7586.000000,4014.000000,2121.000000,4908.000000,8813.000000,29.059065,163.730683,0.589508,0.269964,1.033242,4.189031,MidStance,1.000000,11.620489,1.500000,ambiguous_stair,
503,2026-05-14 23:08:32,25.150000,2026-5-14_stair2_left.csv,stair2,4470.000000,1285.000000,1831.000000,0.000000,0.000000,0.000000,3058.000000,0.000000,956.000000,0.000000,0.000000,0.000000,2121.000000,0.000000,0.000000,0.000000,0.000000,0.000000,13721.000000,7586.000000,4014.000000,2121.000000,4908.000000,8813.000000,29.059065,163.730683,0.589508,0.269964,0.000000,0.000000,MidStance,1.000000,11.620489,1.500000,ambiguous_stair,
504,2026-05-14 23:08:32,25.200000,2026-5-14_stair2_left.csv,stair2,4284.000000,1138.000000,2514.000000,0.000000,0.000000,0.000000,2407.000000,0.000000,1041.000000,0.000000,0.000000,0.000000,1551.000000,0.000000,0.000000,0.000000,0.000000,0.000000,12935.000000,7936.000000,3448.000000,1551.000000,5106.000000,7829.000000,29.394976,153.587552,0.542444,0.261526,-0.941271,-0.168779,MidStance,1.000000,9.695811,1.500000,ambiguous_stair,
505,2026-05-14 23:08:32,25.250000,2026-5-14_stair2_left.csv,stair2,4284.000000,1138.000000,2514.000000,0.000000,0.000000,0.000000,2407.000000,0.000000,1041.000000,0.000000,0.000000,0.000000,1551.000000,0.000000,0.000000,0.000000,0.000000,0.000000,12935.000000,7936.000000,3448.000000,1551.000000,5106.000000,7829.000000,29.394976,153.587552,0.542444,0.261526,0.000000,0.000000,MidStance,1.000000,9.695811,1.500000,ambiguous_stair,
506,2026-05-14 23:08:32,25.300000,2026-5-14_stair2_left.csv,stair2,2663.000000,279.000000,3646.000000,390.000000,0.000000,0.000000,1073.000000,0.000000,1726.000000,0.000000,0.000000,0.000000,464.000000,0.000000,0.000000,0.000000,0.000000,0.000000,10241.000000,6978.000000,2799.000000,464.000000,6226.000000,4015.000000,35.675938,112.716194,0.352803,0.103732,-3.792813,-3.155866,LoadingResponse,1.000000,3.659918,1.500000,ambiguous_stair,
507,2026-05-14 23:08:32,25.350000,2026-5-14_stair2_left.csv,stair2,2663.000000,279.000000,3646.000000,390.000000,0.000000,0.000000,1073.000000,0.000000,1726.000000,0.000000,0.000000,0.000000,464.000000,0.000000,0.000000,0.000000,0.000000,0.000000,10241.000000,6978.000000,2799.000000,464.000000,6226.000000,4015.000000,35.675938,112.716194,0.352803,0.103732,0.000000,0.000000,LoadingResponse,1.000000,3.659918,1.500000,ambiguous_stair,
508,2026-05-14 23:08:32,25.400000,2026-5-14_stair2_left.csv,stair2,961.000000,0.000000,4447.000000,1252.000000,0.000000,0.000000,0.000000,0.000000,2905.000000,470.000000,0.000000,0.000000,0.000000,0.000000,0.000000,0.000000,0.000000,0.000000,10035.000000,6660.000000,3375.000000,0.000000,9074.000000,961.000000,45.874983,69.051577,0.150202,-0.152493,-4.052025,-5.124504,LoadingResponse,1.000000,0.000000,0.000000,ambiguous_stair,
509,2026-05-14 23:08:32,25.450000,2026-5-14_stair2_left.csv,stair2,961.000000,0.000000,4447.000000,1252.000000,0.000000,0.000000,0.000000,0.000000,2905.000000,470.000000,0.000000,0.000000,0.000000,0.000000,0.000000,0.000000,0.000000,0.000000,10035.000000,6660.000000,3375.000000,0.000000,9074.000000,961.000000,45.874983,69.051577,0.150202,-0.152493,0.000000,0.000000,LoadingResponse,1.000000,0.000000,0.000000,ambiguous_stair,
510,2026-05-14 23:08:32,25.500000,2026-5-14_stair2_left.csv,stair2,0.000000,0.000000,4112.000000,1417.000000,0.000000,0.000000,0.000000,0.000000,3559.000000,1343.000000,0.000000,0.000000,0.000000,0.000000,0.000000,4.000000,0.000000,0.000000,10435.000000,5529.000000,4902.000000,4.000000,10435.000000,0.000000,51.773514,59.085334,0.103959,-0.300679,-0.924856,-2.963714,LoadingResponse,1.000000,0.000000,0.000000,ambiguous_stair,
511,2026-05-14 23:08:32,25.550000,2026-5-14_stair2_left.csv,stair2,0.000000,0.000000,4112.000000,1417.000000,0.000000,0.000000,0.000000,0.000000,3559.000000,1343.000000,0.000000,0.000000,0.000000,0.000000,0.000000,4.000000,0.000000,0.000000,10435.000000,5529.000000,4902.000000,4.000000,10435.000000,0.000000,51.773514,59.085334,0.103959,-0.300679,0.000000,0.000000,LoadingResponse,1.000000,0.000000,0.000000,ambiguous_stair,
512,2026-05-14 23:08:32,25.600000,2026-5-14_stair2_left.csv,stair2,0.000000,0.000000,1030.000000,0.000000,0.000000,0.000000,0.000000,0.000000,549.000000,0.000000,0.000000,0.000000,0.000000,0.000000,0.000000,0.000000,0.000000,0.000000,1579.000000,1030.000000,549.000000,0.000000,1579.000000,0.000000,48.881970,49.820000,0.060969,-0.228036,-0.859812,1.452855,LoadingResponse,1.000000,0.000000,0.000000,ambiguous_stair,
513,2026-05-14 23:08:32,25.650000,2026-5-14_stair2_left.csv,stair2,0.000000,0.000000,1030.000000,0.000000,0.000000,0.000000,0.000000,0.000000,549.000000,0.000000,0.000000,0.000000,0.000000,0.000000,0.000000,0.000000,0.000000,0.000000,1579.000000,1030.000000,549.000000,0.000000,1579.000000,0.000000,48.881970,49.820000,0.060969,-0.228036,0.000000,0.000000,LoadingResponse,1.000000,0.000000,0.000000,ambiguous_stair,
514,2026-05-14 23:08:32,25.700000,2026-5-14_stair2_left.csv,stair2,0.000000,0.000000,0.000000,0.000000,0.000000,0.000000,0.000000,0.000000,0.000000,0.000000,0.000000,0.000000,0.000000,0.000000,0.000000,0.000000,0.000000,0.000000,0.000000,0.000000,0.000000,0.000000,0.000000,0.000000,0.000000,0.000000,0.000000,0.000000,0.000000,0.000000,Swing,0.000000,0.000000,0.000000,ambiguous_stair,cop_invalid|low_pressure
515,2026-05-14 23:08:32,25.750000,2026-5-14_stair2_left.csv,stair2,0.000000,0.000000,0.000000,0.000000,0.000000,0.000000,0.000000,0.000000,0.000000,0.000000,0.000000,0.000000,0.000000,0.000000,0.000000,0.000000,0.000000,0.000000,0.000000,0.000000,0.000000,0.000000,0.000000,0.000000,0.000000,0.000000,0.000000,0.000000,0.000000,0.000000,Swing,0.000000,0.000000,0.000000,ambiguous_stair,cop_invalid|low_pressure
516,2026-05-14 23:08:32,25.800000,2026-5-14_stair2_left.csv,stair2,0.000000,0.000000,0.000000,0.000000,0.000000,0.000000,0.000000,0.000000,0.000000,0.000000,0.000000,0.000000,0.000000,0.000000,0.000000,0.000000,0.000000,0.000000,0.000000,0.000000,0.000000,0.000000,0.000000,0.000000,0.000000,0.000000,0.000000,0.000000,0.000000,0.000000,Swing,0.000000,0.000000,0.000000,ambiguous_stair,cop_invalid|low_pressure
517,2026-05-14 23:08:33,25.850000,2026-5-14_stair2_left.csv,stair2,0.000000,0.000000,0.000000,0.000000,0.000000,0.000000,0.000000,0.000000,0.000000,0.000000,0.000000,0.000000,0.000000,0.000000,0.000000,0.000000,0.000000,0.000000,0.000000,0.000000,0.000000,0.000000,0.000000,0.000000,0.000000,0.000000,0.000000,0.000000,0.000000,0.000000,Swing,0.000000,0.000000,0.000000,ambiguous_stair,cop_invalid|low_pressure
518,2026-05-14 23:08:33,25.900000,2026-5-14_stair2_left.csv,stair2,0.000000,0.000000,0.000000,0.000000,0.000000,0.000000,0.000000,0.000000,0.000000,0.000000,0.000000,0.000000,0.000000,0.000000,0.000000,0.000000,0.000000,0.000000,0.000000,0.000000,0.000000,0.000000,0.000000,0.000000,0.000000,0.000000,0.000000,0.000000,0.000000,0.000000,Swing,0.000000,0.000000,0.000000,ambiguous_stair,cop_invalid|low_pressure
519,2026-05-14 23:08:33,25.950000,2026-5-14_stair2_left.csv,stair2,0.000000,0.000000,0.000000,0.000000,0.000000,0.000000,0.000000,0.000000,0.000000,0.000000,0.000000,0.000000,0.000000,0.000000,0.000000,0.000000,0.000000,0.000000,0.000000,0.000000,0.000000,0.000000,0.000000,0.000000,0.000000,0.000000,0.000000,0.000000,0.000000,0.000000,Swing,0.000000,0.000000,0.000000,ambiguous_stair,cop_invalid|low_pressure
520,2026-05-14 23:08:33,26.000000,2026-5-14_stair2_left.csv,stair2,0.000000,0.000000,0.000000,0.000000,0.000000,0.000000,0.000000,0.000000,0.000000,0.000000,0.000000,0.000000,0.000000,0.000000,0.000000,0.000000,0.000000,0.000000,0.000000,0.000000,0.000000,0.000000,0.000000,0.000000,0.000000,0.000000,0.000000,0.000000,0.000000,0.000000,Swing,0.000000,0.000000,0.000000,ambiguous_stair,cop_invalid|low_pressure
521,2026-05-14 23:08:33,26.050000,2026-5-14_stair2_left.csv,stair2,0.000000,0.000000,0.000000,0.000000,0.000000,0.000000,0.000000,0.000000,0.000000,0.000000,0.000000,0.000000,0.000000,0.000000,0.000000,0.000000,0.000000,0.000000,0.000000,0.000000,0.000000,0.000000,0.000000,0.000000,0.000000,0.000000,0.000000,0.000000,0.000000,0.000000,Swing,0.000000,0.000000,0.000000,ambiguous_stair,cop_invalid|low_pressure
522,2026-05-14 23:08:33,26.100000,2026-5-14_stair2_left.csv,stair2,0.000000,0.000000,0.000000,0.000000,0.000000,0.000000,0.000000,0.000000,0.000000,0.000000,0.000000,0.000000,0.000000,0.000000,0.000000,0.000000,0.000000,0.000000,0.000000,0.000000,0.000000,0.000000,0.000000,0.000000,0.000000,0.000000,0.000000,0.000000,0.000000,0.000000,Swing,0.000000,0.000000,0.000000,ambiguous_stair,cop_invalid|low_pressure
523,2026-05-14 23:08:33,26.150000,2026-5-14_stair2_left.csv,stair2,0.000000,0.000000,0.000000,0.000000,0.000000,0.000000,0.000000,0.000000,0.000000,0.000000,0.000000,0.000000,0.000000,0.000000,0.000000,0.000000,0.000000,0.000000,0.000000,0.000000,0.000000,0.000000,0.000000,0.000000,0.000000,0.000000,0.000000,0.000000,0.000000,0.000000,Swing,0.000000,0.000000,0.000000,ambiguous_stair,cop_invalid|low_pressure
524,2026-05-14 23:08:33,26.200000,2026-5-14_stair2_left.csv,stair2,0.000000,0.000000,0.000000,0.000000,0.000000,0.000000,0.000000,0.000000,0.000000,0.000000,0.000000,0.000000,0.000000,0.000000,0.000000,0.000000,0.000000,0.000000,0.000000,0.000000,0.000000,0.000000,0.000000,0.000000,0.000000,0.000000,0.000000,0.000000,0.000000,0.000000,Swing,0.000000,0.000000,0.000000,ambiguous_stair,cop_invalid|low_pressure
525,2026-05-14 23:08:33,26.250000,2026-5-14_stair2_left.csv,stair2,0.000000,0.000000,0.000000,0.000000,0.000000,0.000000,0.000000,0.000000,0.000000,0.000000,0.000000,0.000000,0.000000,0.000000,0.000000,0.000000,0.000000,0.000000,0.000000,0.000000,0.000000,0.000000,0.000000,0.000000,0.000000,0.000000,0.000000,0.000000,0.000000,0.000000,Swing,0.000000,0.000000,0.000000,ambiguous_stair,cop_invalid|low_pressure
526,2026-05-14 23:08:33,26.300000,2026-5-14_stair2_left.csv,stair2,0.000000,0.000000,0.000000,0.000000,0.000000,0.000000,0.000000,0.000000,0.000000,0.000000,0.000000,0.000000,0.000000,0.000000,0.000000,0.000000,0.000000,0.000000,0.000000,0.000000,0.000000,0.000000,0.000000,0.000000,0.000000,0.000000,0.000000,0.000000,0.000000,0.000000,Swing,0.000000,0.000000,0.000000,ambiguous_stair,cop_invalid|low_pressure
527,2026-05-14 23:08:33,26.350000,2026-5-14_stair2_left.csv,stair2,0.000000,0.000000,0.000000,0.000000,0.000000,0.000000,0.000000,0.000000,0.000000,0.000000,0.000000,0.000000,0.000000,0.000000,0.000000,0.000000,0.000000,0.000000,0.000000,0.000000,0.000000,0.000000,0.000000,0.000000,0.000000,0.000000,0.000000,0.000000,0.000000,0.000000,Swing,0.000000,0.000000,0.000000,ambiguous_stair,cop_invalid|low_pressure
528,2026-05-14 23:08:33,26.400000,2026-5-14_stair2_left.csv,stair2,0.000000,0.000000,0.000000,0.000000,0.000000,0.000000,0.000000,0.000000,0.000000,0.000000,0.000000,0.000000,0.000000,0.000000,0.000000,0.000000,0.000000,0.000000,0.000000,0.000000,0.000000,0.000000,0.000000,0.000000,0.000000,0.000000,0.000000,0.000000,0.000000,0.000000,Swing,0.000000,0.000000,0.000000,ambiguous_stair,cop_invalid|low_pressure
529,2026-05-14 23:08:33,26.450000,2026-5-14_stair2_left.csv,stair2,0.000000,0.000000,0.000000,0.000000,0.000000,0.000000,0.000000,0.000000,0.000000,0.000000,0.000000,0.000000,0.000000,0.000000,0.000000,0.000000,0.000000,0.000000,0.000000,0.000000,0.000000,0.000000,0.000000,0.000000,0.000000,0.000000,0.000000,0.000000,0.000000,0.000000,Swing,0.000000,0.000000,0.000000,ambiguous_stair,cop_invalid|low_pressure
530,2026-05-14 23:08:33,26.500000,2026-5-14_stair2_left.csv,stair2,0.000000,0.000000,0.000000,0.000000,0.000000,0.000000,0.000000,0.000000,0.000000,0.000000,0.000000,0.000000,0.000000,0.000000,0.000000,0.000000,0.000000,0.000000,0.000000,0.000000,0.000000,0.000000,0.000000,0.000000,0.000000,0.000000,0.000000,0.000000,0.000000,0.000000,Swing,0.000000,0.000000,0.000000,ambiguous_stair,cop_invalid|low_pressure
531,2026-05-14 23:08:33,26.550000,2026-5-14_stair2_left.csv,stair2,0.000000,0.000000,0.000000,0.000000,0.000000,0.000000,0.000000,0.000000,0.000000,0.000000,0.000000,0.000000,0.000000,0.000000,0.000000,0.000000,0.000000,0.000000,0.000000,0.000000,0.000000,0.000000,0.000000,0.000000,0.000000,0.000000,0.000000,0.000000,0.000000,0.000000,Swing,0.000000,0.000000,0.000000,ambiguous_stair,cop_invalid|low_pressure
532,2026-05-14 23:08:33,26.600000,2026-5-14_stair2_left.csv,stair2,0.000000,0.000000,0.000000,0.000000,0.000000,0.000000,0.000000,0.000000,0.000000,0.000000,0.000000,0.000000,0.000000,0.000000,0.000000,0.000000,0.000000,0.000000,0.000000,0.000000,0.000000,0.000000,0.000000,0.000000,0.000000,0.000000,0.000000,0.000000,0.000000,0.000000,Swing,0.000000,0.000000,0.000000,ambiguous_stair,cop_invalid|low_pressure
533,2026-05-14 23:08:33,26.650000,2026-5-14_stair2_left.csv,stair2,0.000000,0.000000,0.000000,0.000000,0.000000,0.000000,0.000000,0.000000,0.000000,0.000000,0.000000,0.000000,0.000000,0.000000,0.000000,0.000000,0.000000,0.000000,0.000000,0.000000,0.000000,0.000000,0.000000,0.000000,0.000000,0.000000,0.000000,0.000000,0.000000,0.000000,Swing,0.000000,0.000000,0.000000,ambiguous_stair,cop_invalid|low_pressure
534,2026-05-14 23:08:33,26.700000,2026-5-14_stair2_left.csv,stair2,0.000000,0.000000,2113.000000,278.000000,0.000000,0.000000,0.000000,0.000000,2637.000000,754.000000,0.000000,0.000000,0.000000,0.000000,0.000000,0.000000,0.000000,0.000000,5782.000000,2391.000000,3391.000000,0.000000,5782.000000,0.000000,0.000000,0.000000,0.000000,0.000000,0.000000,0.000000,Swing,0.000000,0.000000,0.000000,ambiguous_stair,cop_invalid
535,2026-05-14 23:08:33,26.750000,2026-5-14_stair2_left.csv,stair2,0.000000,0.000000,3691.000000,1806.000000,0.000000,0.000000,0.000000,0.000000,4615.000000,2430.000000,0.000000,0.000000,0.000000,0.000000,1276.000000,959.000000,0.000000,0.000000,14777.000000,5497.000000,7045.000000,2235.000000,14777.000000,0.000000,0.000000,0.000000,0.000000,0.000000,0.000000,0.000000,Swing,0.000000,0.000000,0.000000,ambiguous_stair,cop_invalid
536,2026-05-14 23:08:33,26.800000,2026-5-14_stair2_left.csv,stair2,0.000000,0.000000,3691.000000,1806.000000,0.000000,0.000000,0.000000,0.000000,4615.000000,2430.000000,0.000000,0.000000,0.000000,0.000000,1276.000000,959.000000,0.000000,0.000000,14777.000000,5497.000000,7045.000000,2235.000000,14777.000000,0.000000,56.275507,72.537105,0.166375,-0.413780,0.000000,0.000000,InitialContact,0.000000,0.000000,0.000000,ambiguous_stair,
537,2026-05-14 23:08:34,26.850000,2026-5-14_stair2_left.csv,stair2,0.000000,0.000000,4080.000000,2131.000000,0.000000,0.000000,0.000000,0.000000,5253.000000,2954.000000,0.000000,0.000000,0.000000,0.000000,1902.000000,1842.000000,659.000000,0.000000,18821.000000,6211.000000,8207.000000,4403.000000,18821.000000,0.000000,57.709205,81.245185,0.206780,-0.449798,0.808099,-0.720361,InitialContact,0.076923,1.042382,1.042382,ambiguous_stair,
538,2026-05-14 23:08:34,26.900000,2026-5-14_stair2_left.csv,stair2,0.000000,0.000000,4080.000000,2131.000000,0.000000,0.000000,0.000000,0.000000,5253.000000,2954.000000,0.000000,0.000000,0.000000,0.000000,1902.000000,1842.000000,659.000000,0.000000,18821.000000,6211.000000,8207.000000,4403.000000,18821.000000,0.000000,57.709205,81.245185,0.206780,-0.449798,0.000000,0.000000,LoadingResponse,0.153846,1.042382,1.042382,ambiguous_stair,
539,2026-05-14 23:08:34,26.950000,2026-5-14_stair2_left.csv,stair2,0.000000,0.000000,3954.000000,1869.000000,0.000000,0.000000,0.000000,0.000000,5099.000000,2840.000000,0.000000,0.000000,347.000000,0.000000,1793.000000,1961.000000,1118.000000,0.000000,18981.000000,5823.000000,7939.000000,5219.000000,18981.000000,0.000000,58.115331,86.415207,0.230768,-0.460001,0.479772,-0.204058,LoadingResponse,0.230769,1.992917,1.500000,ambiguous_stair,
540,2026-05-14 23:08:34,27.000000,2026-5-14_stair2_left.csv,stair2,0.000000,0.000000,3954.000000,1869.000000,0.000000,0.000000,0.000000,0.000000,5099.000000,2840.000000,0.000000,0.000000,347.000000,0.000000,1793.000000,1961.000000,1118.000000,0.000000,18981.000000,5823.000000,7939.000000,5219.000000,18981.000000,0.000000,58.115331,86.415207,0.230768,-0.460001,0.000000,0.000000,LoadingResponse,0.307692,1.992917,1.500000,ambiguous_stair,
541,2026-05-14 23:08:34,27.050000,2026-5-14_stair2_left.csv,stair2,0.000000,0.000000,3681.000000,1213.000000,0.000000,0.000000,0.000000,0.000000,4330.000000,1800.000000,0.000000,0.000000,672.000000,0.000000,978.000000,1377.000000,1002.000000,0.000000,15053.000000,4894.000000,6130.000000,4029.000000,15053.000000,0.000000,57.146047,86.177275,0.229664,-0.435650,-0.022080,0.487016,LoadingResponse,0.384615,1.546127,1.500000,ambiguous_stair,
542,2026-05-14 23:08:34,27.100000,2026-5-14_stair2_left.csv,stair2,0.000000,0.000000,3681.000000,1213.000000,0.000000,0.000000,0.000000,0.000000,4330.000000,1800.000000,0.000000,0.000000,672.000000,0.000000,978.000000,1377.000000,1002.000000,0.000000,15053.000000,4894.000000,6130.000000,4029.000000,15053.000000,0.000000,57.146047,86.177275,0.229664,-0.435650,0.000000,0.000000,LoadingResponse,0.461538,1.546127,1.500000,ambiguous_stair,
543,2026-05-14 23:08:34,27.150000,2026-5-14_stair2_left.csv,stair2,0.000000,0.000000,3967.000000,1095.000000,0.000000,0.000000,508.000000,0.000000,3944.000000,1475.000000,0.000000,0.000000,1274.000000,0.000000,741.000000,1303.000000,1315.000000,0.000000,15622.000000,5062.000000,5927.000000,4633.000000,15114.000000,508.000000,55.508472,94.920370,0.270232,-0.394510,0.811349,0.822798,LoadingResponse,0.538462,2.915232,1.500000,ambiguous_stair,
544,2026-05-14 23:08:34,27.200000,2026-5-14_stair2_left.csv,stair2,0.000000,0.000000,3967.000000,1095.000000,0.000000,0.000000,508.000000,0.000000,3944.000000,1475.000000,0.000000,0.000000,1274.000000,0.000000,741.000000,1303.000000,1315.000000,0.000000,15622.000000,5062.000000,5927.000000,4633.000000,15114.000000,508.000000,55.508472,94.920370,0.270232,-0.394510,0.000000,0.000000,LoadingResponse,0.615385,2.915232,1.500000,ambiguous_stair,
545,2026-05-14 23:08:34,27.250000,2026-5-14_stair2_left.csv,stair2,574.000000,0.000000,3363.000000,625.000000,0.000000,0.000000,1040.000000,0.000000,3232.000000,900.000000,0.000000,0.000000,1653.000000,0.000000,502.000000,1355.000000,1367.000000,0.000000,14611.000000,4562.000000,5172.000000,4877.000000,12997.000000,1614.000000,52.973322,109.332232,0.337102,-0.330821,1.337404,1.273785,LoadingResponse,0.692308,4.747210,1.500000,ambiguous_stair,
546,2026-05-14 23:08:34,27.300000,2026-5-14_stair2_left.csv,stair2,574.000000,0.000000,3363.000000,625.000000,0.000000,0.000000,1040.000000,0.000000,3232.000000,900.000000,0.000000,0.000000,1653.000000,0.000000,502.000000,1355.000000,1367.000000,0.000000,14611.000000,4562.000000,5172.000000,4877.000000,12997.000000,1614.000000,52.973322,109.332232,0.337102,-0.330821,0.000000,0.000000,LoadingResponse,0.769231,4.747210,1.500000,ambiguous_stair,
547,2026-05-14 23:08:34,27.350000,2026-5-14_stair2_left.csv,stair2,1607.000000,0.000000,2159.000000,0.000000,0.000000,0.000000,1811.000000,0.000000,1966.000000,0.000000,0.000000,0.000000,2159.000000,0.000000,170.000000,1330.000000,1353.000000,0.000000,12555.000000,3766.000000,3777.000000,5012.000000,9137.000000,3418.000000,47.511585,138.096878,0.470568,-0.193608,2.669325,2.744247,MidStance,0.846154,7.544693,1.500000,ambiguous_stair,
548,2026-05-14 23:08:34,27.400000,2026-5-14_stair2_left.csv,stair2,1607.000000,0.000000,2159.000000,0.000000,0.000000,0.000000,1811.000000,0.000000,1966.000000,0.000000,0.000000,0.000000,2159.000000,0.000000,170.000000,1330.000000,1353.000000,0.000000,12555.000000,3766.000000,3777.000000,5012.000000,9137.000000,3418.000000,47.511585,138.096878,0.470568,-0.193608,0.000000,0.000000,MidStance,0.923077,7.544693,1.500000,ambiguous_stair,
549,2026-05-14 23:08:34,27.450000,2026-5-14_stair2_left.csv,stair2,2014.000000,0.000000,1974.000000,0.000000,0.000000,0.000000,2056.000000,0.000000,1697.000000,0.000000,0.000000,0.000000,2331.000000,0.000000,0.000000,1157.000000,1342.000000,0.000000,12571.000000,3988.000000,3753.000000,4830.000000,8501.000000,4070.000000,45.189229,144.564964,0.500580,-0.135265,0.600231,1.166866,MidStance,1.000000,8.334560,1.500000,ambiguous_stair,
550,2026-05-14 23:08:34,27.500000,2026-5-14_stair2_left.csv,stair2,2014.000000,0.000000,1974.000000,0.000000,0.000000,0.000000,2056.000000,0.000000,1697.000000,0.000000,0.000000,0.000000,2331.000000,0.000000,0.000000,1157.000000,1342.000000,0.000000,12571.000000,3988.000000,3753.000000,4830.000000,8501.000000,4070.000000,45.189229,144.564964,0.500580,-0.135265,0.000000,0.000000,MidStance,1.000000,8.334560,1.500000,ambiguous_stair,
551,2026-05-14 23:08:34,27.550000,2026-5-14_stair2_left.csv,stair2,2183.000000,0.000000,1856.000000,0.000000,0.000000,0.000000,2077.000000,0.000000,1487.000000,0.000000,0.000000,0.000000,2319.000000,0.000000,0.000000,1048.000000,1300.000000,0.000000,12270.000000,4039.000000,3564.000000,4667.000000,8010.000000,4260.000000,44.107775,147.500750,0.514202,-0.108096,0.272437,0.543376,MidStance,1.000000,8.480664,1.500000,ambiguous_stair,
552,2026-05-14 23:08:34,27.600000,2026-5-14_stair2_left.csv,stair2,2183.000000,0.000000,1856.000000,0.000000,0.000000,0.000000,2077.000000,0.000000,1487.000000,0.000000,0.000000,0.000000,2319.000000,0.000000,0.000000,1048.000000,1300.000000,0.000000,12270.000000,4039.000000,3564.000000,4667.000000,8010.000000,4260.000000,44.107775,147.500750,0.514202,-0.108096,0.000000,0.000000,MidStance,1.000000,8.480664,1.500000,ambiguous_stair,
553,2026-05-14 23:08:34,27.650000,2026-5-14_stair2_left.csv,stair2,2125.000000,0.000000,1578.000000,0.000000,0.000000,0.000000,1992.000000,0.000000,1252.000000,0.000000,0.000000,0.000000,2264.000000,0.000000,0.000000,1052.000000,1155.000000,0.000000,11418.000000,3703.000000,3244.000000,4471.000000,7301.000000,4117.000000,43.707618,150.670762,0.528910,-0.098043,0.294173,0.201059,MidStance,1.000000,8.239115,1.500000,ambiguous_stair,
554,2026-05-14 23:08:34,27.700000,2026-5-14_stair2_left.csv,stair2,1809.000000,0.000000,1577.000000,0.000000,0.000000,0.000000,1818.000000,0.000000,1370.000000,0.000000,0.000000,0.000000,2246.000000,0.000000,115.000000,1224.000000,1329.000000,0.000000,11488.000000,3386.000000,3188.000000,4914.000000,7861.000000,3627.000000,46.011405,148.281891,0.517826,-0.155920,-0.221684,-1.157537,MidStance,1.000000,8.026281,1.500000,ambiguous_stair,
555,2026-05-14 23:08:34,27.750000,2026-5-14_stair2_left.csv,stair2,1809.000000,0.000000,1577.000000,0.000000,0.000000,0.000000,1818.000000,0.000000,1370.000000,0.000000,0.000000,0.000000,2246.000000,0.000000,115.000000,1224.000000,1329.000000,0.000000,11488.000000,3386.000000,3188.000000,4914.000000,7861.000000,3627.000000,46.011405,148.281891,0.517826,-0.155920,0.000000,0.000000,MidStance,1.000000,8.026281,1.500000,ambiguous_stair,
556,2026-05-14 23:08:34,27.800000,2026-5-14_stair2_left.csv,stair2,1482.000000,0.000000,2000.000000,0.000000,0.000000,0.000000,1470.000000,0.000000,1760.000000,0.000000,0.000000,0.000000,1950.000000,0.000000,237.000000,1281.000000,1304.000000,0.000000,11484.000000,3482.000000,3230.000000,4772.000000,8532.000000,2952.000000,48.072536,137.571106,0.468129,-0.207701,-0.993948,-1.035614,MidStance,1.000000,6.843156,1.500000,ambiguous_stair,
557,2026-05-14 23:08:35,27.850000,2026-5-14_stair2_left.csv,stair2,1482.000000,0.000000,2000.000000,0.000000,0.000000,0.000000,1470.000000,0.000000,1760.000000,0.000000,0.000000,0.000000,1950.000000,0.000000,237.000000,1281.000000,1304.000000,0.000000,11484.000000,3482.000000,3230.000000,4772.000000,8532.000000,2952.000000,48.072536,137.571106,0.468129,-0.207701,0.000000,0.000000,MidStance,1.000000,6.843156,1.500000,ambiguous_stair,
558,2026-05-14 23:08:35,27.900000,2026-5-14_stair2_left.csv,stair2,822.000000,0.000000,2402.000000,63.000000,0.000000,0.000000,1093.000000,0.000000,2360.000000,359.000000,0.000000,0.000000,1589.000000,0.000000,455.000000,1281.000000,1222.000000,0.000000,11646.000000,3287.000000,3812.000000,4547.000000,9731.000000,1915.000000,51.881618,121.333929,0.392789,-0.303394,-1.506791,-1.913871,LoadingResponse,1.000000,5.125108,1.500000,ambiguous_stair,
559,2026-05-14 23:08:35,27.950000,2026-5-14_stair2_left.csv,stair2,822.000000,0.000000,2402.000000,63.000000,0.000000,0.000000,1093.000000,0.000000,2360.000000,359.000000,0.000000,0.000000,1589.000000,0.000000,455.000000,1281.000000,1222.000000,0.000000,11646.000000,3287.000000,3812.000000,4547.000000,9731.000000,1915.000000,51.881618,121.333929,0.392789,-0.303394,0.000000,0.000000,LoadingResponse,1.000000,5.125108,1.500000,ambiguous_stair,
560,2026-05-14 23:08:35,28.000000,2026-5-14_stair2_left.csv,stair2,494.000000,0.000000,2526.000000,200.000000,0.000000,0.000000,848.000000,0.000000,2527.000000,474.000000,0.000000,0.000000,1488.000000,0.000000,545.000000,1338.000000,1256.000000,0.000000,11696.000000,3220.000000,3849.000000,4627.000000,10354.000000,1342.000000,53.774069,115.249904,0.364560,-0.350938,-0.564590,-0.950861,LoadingResponse,1.000000,4.464274,1.500000,ambiguous_stair,
561,2026-05-14 23:08:35,28.050000,2026-5-14_stair2_left.csv,stair2,494.000000,0.000000,2526.000000,200.000000,0.000000,0.000000,848.000000,0.000000,2527.000000,474.000000,0.000000,0.000000,1488.000000,0.000000,545.000000,1338.000000,1256.000000,0.000000,11696.000000,3220.000000,3849.000000,4627.000000,10354.000000,1342.000000,53.774069,115.249904,0.364560,-0.350938,0.000000,0.000000,LoadingResponse,1.000000,4.464274,1.500000,ambiguous_stair,
562,2026-05-14 23:08:35,28.100000,2026-5-14_stair2_left.csv,stair2,161.000000,0.000000,2939.000000,740.000000,0.000000,0.000000,530.000000,0.000000,3070.000000,980.000000,0.000000,0.000000,1201.000000,0.000000,615.000000,1276.000000,963.000000,0.000000,12475.000000,3840.000000,4580.000000,4055.000000,11784.000000,691.000000,55.086462,100.313085,0.295254,-0.383908,-1.386119,-0.659411,LoadingResponse,1.000000,2.973529,1.500000,ambiguous_stair,
563,2026-05-14 23:08:35,28.150000,2026-5-14_stair2_left.csv,stair2,161.000000,0.000000,2939.000000,740.000000,0.000000,0.000000,530.000000,0.000000,3070.000000,980.000000,0.000000,0.000000,1201.000000,0.000000,615.000000,1276.000000,963.000000,0.000000,12475.000000,3840.000000,4580.000000,4055.000000,11784.000000,691.000000,55.086462,100.313085,0.295254,-0.383908,0.000000,0.000000,LoadingResponse,1.000000,2.973529,1.500000,ambiguous_stair,
564,2026-05-14 23:08:35,28.200000,2026-5-14_stair2_left.csv,stair2,0.000000,0.000000,3381.000000,1075.000000,0.000000,0.000000,110.000000,0.000000,3565.000000,1452.000000,0.000000,0.000000,678.000000,0.000000,602.000000,1040.000000,682.000000,0.000000,12585.000000,4456.000000,5127.000000,3002.000000,12475.000000,110.000000,55.856538,84.869058,0.223594,-0.403254,-1.433187,-0.386924,LoadingResponse,1.000000,1.134646,1.134646,ambiguous_stair,
565,2026-05-14 23:08:35,28.250000,2026-5-14_stair2_left.csv,stair2,0.000000,0.000000,3381.000000,1075.000000,0.000000,0.000000,110.000000,0.000000,3565.000000,1452.000000,0.000000,0.000000,678.000000,0.000000,602.000000,1040.000000,682.000000,0.000000,12585.000000,4456.000000,5127.000000,3002.000000,12475.000000,110.000000,55.856538,84.869058,0.223594,-0.403254,0.000000,0.000000,LoadingResponse,1.000000,1.134646,1.134646,ambiguous_stair,
566,2026-05-14 23:08:35,28.300000,2026-5-14_stair2_left.csv,stair2,0.000000,0.000000,3826.000000,1531.000000,0.000000,0.000000,0.000000,0.000000,4084.000000,1810.000000,0.000000,0.000000,202.000000,0.000000,684.000000,890.000000,387.000000,0.000000,13414.000000,5357.000000,5894.000000,2163.000000,13414.000000,0.000000,55.420872,74.998771,0.177797,-0.392309,-0.915951,0.218900,LoadingResponse,1.000000,0.000000,0.000000,ambiguous_stair,
567,2026-05-14 23:08:35,28.350000,2026-5-14_stair2_left.csv,stair2,0.000000,0.000000,3826.000000,1531.000000,0.000000,0.000000,0.000000,0.000000,4084.000000,1810.000000,0.000000,0.000000,202.000000,0.000000,684.000000,890.000000,387.000000,0.000000,13414.000000,5357.000000,5894.000000,2163.000000,13414.000000,0.000000,55.420872,74.998771,0.177797,-0.392309,0.000000,0.000000,LoadingResponse,1.000000,0.000000,0.000000,ambiguous_stair,
568,2026-05-14 23:08:35,28.400000,2026-5-14_stair2_left.csv,stair2,0.000000,0.000000,3968.000000,1581.000000,0.000000,0.000000,0.000000,0.000000,4322.000000,1925.000000,0.000000,0.000000,0.000000,0.000000,766.000000,654.000000,0.000000,0.000000,13216.000000,5549.000000,6247.000000,1420.000000,13216.000000,0.000000,54.931323,68.224537,0.146365,-0.380011,-0.628641,0.245974,LoadingResponse,1.000000,0.000000,0.000000,ambiguous_stair,
569,2026-05-14 23:08:35,28.450000,2026-5-14_stair2_left.csv,stair2,0.000000,0.000000,3968.000000,1581.000000,0.000000,0.000000,0.000000,0.000000,4322.000000,1925.000000,0.000000,0.000000,0.000000,0.000000,766.000000,654.000000,0.000000,0.000000,13216.000000,5549.000000,6247.000000,1420.000000,13216.000000,0.000000,54.931323,68.224537,0.146365,-0.380011,0.000000,0.000000,LoadingResponse,1.000000,0.000000,0.000000,ambiguous_stair,
570,2026-05-14 23:08:35,28.500000,2026-5-14_stair2_left.csv,stair2,0.000000,0.000000,935.000000,0.000000,0.000000,0.000000,0.000000,0.000000,973.000000,0.000000,0.000000,0.000000,0.000000,0.000000,0.000000,0.000000,0.000000,0.000000,1908.000000,935.000000,973.000000,0.000000,1908.000000,0.000000,52.709911,49.820000,0.060969,-0.324203,-1.707919,1.116147,LoadingResponse,1.000000,0.000000,0.000000,ambiguous_stair,
571,2026-05-14 23:08:35,28.550000,2026-5-14_stair2_left.csv,stair2,0.000000,0.000000,935.000000,0.000000,0.000000,0.000000,0.000000,0.000000,973.000000,0.000000,0.000000,0.000000,0.000000,0.000000,0.000000,0.000000,0.000000,0.000000,1908.000000,935.000000,973.000000,0.000000,1908.000000,0.000000,52.709911,49.820000,0.060969,-0.324203,0.000000,0.000000,LoadingResponse,1.000000,0.000000,0.000000,ambiguous_stair,
572,2026-05-14 23:08:35,28.600000,2026-5-14_stair2_left.csv,stair2,0.000000,0.000000,0.000000,0.000000,0.000000,0.000000,0.000000,0.000000,0.000000,0.000000,0.000000,0.000000,0.000000,0.000000,0.000000,0.000000,0.000000,0.000000,0.000000,0.000000,0.000000,0.000000,0.000000,0.000000,0.000000,0.000000,0.000000,0.000000,0.000000,0.000000,Swing,0.000000,0.000000,0.000000,ambiguous_stair,cop_invalid|low_pressure
573,2026-05-14 23:08:35,28.650000,2026-5-14_stair2_left.csv,stair2,0.000000,0.000000,0.000000,0.000000,0.000000,0.000000,0.000000,0.000000,0.000000,0.000000,0.000000,0.000000,0.000000,0.000000,0.000000,0.000000,0.000000,0.000000,0.000000,0.000000,0.000000,0.000000,0.000000,0.000000,0.000000,0.000000,0.000000,0.000000,0.000000,0.000000,Swing,0.000000,0.000000,0.000000,ambiguous_stair,cop_invalid|low_pressure
574,2026-05-14 23:08:35,28.700000,2026-5-14_stair2_left.csv,stair2,0.000000,0.000000,0.000000,0.000000,0.000000,0.000000,0.000000,0.000000,0.000000,0.000000,0.000000,0.000000,0.000000,0.000000,0.000000,0.000000,0.000000,0.000000,0.000000,0.000000,0.000000,0.000000,0.000000,0.000000,0.000000,0.000000,0.000000,0.000000,0.000000,0.000000,Swing,0.000000,0.000000,0.000000,ambiguous_stair,cop_invalid|low_pressure
575,2026-05-14 23:08:35,28.750000,2026-5-14_stair2_left.csv,stair2,0.000000,0.000000,0.000000,0.000000,0.000000,0.000000,0.000000,0.000000,0.000000,0.000000,0.000000,0.000000,0.000000,0.000000,0.000000,0.000000,0.000000,0.000000,0.000000,0.000000,0.000000,0.000000,0.000000,0.000000,0.000000,0.000000,0.000000,0.000000,0.000000,0.000000,Swing,0.000000,0.000000,0.000000,ambiguous_stair,cop_invalid|low_pressure
576,2026-05-14 23:08:35,28.800000,2026-5-14_stair2_left.csv,stair2,0.000000,0.000000,0.000000,0.000000,0.000000,0.000000,0.000000,0.000000,0.000000,0.000000,0.000000,0.000000,0.000000,0.000000,0.000000,0.000000,0.000000,0.000000,0.000000,0.000000,0.000000,0.000000,0.000000,0.000000,0.000000,0.000000,0.000000,0.000000,0.000000,0.000000,Swing,0.000000,0.000000,0.000000,ambiguous_stair,cop_invalid|low_pressure
577,2026-05-14 23:08:36,28.850000,2026-5-14_stair2_left.csv,stair2,0.000000,0.000000,0.000000,0.000000,0.000000,0.000000,0.000000,0.000000,0.000000,0.000000,0.000000,0.000000,0.000000,0.000000,0.000000,0.000000,0.000000,0.000000,0.000000,0.000000,0.000000,0.000000,0.000000,0.000000,0.000000,0.000000,0.000000,0.000000,0.000000,0.000000,Swing,0.000000,0.000000,0.000000,ambiguous_stair,cop_invalid|low_pressure
578,2026-05-14 23:08:36,28.900000,2026-5-14_stair2_left.csv,stair2,0.000000,0.000000,0.000000,0.000000,0.000000,0.000000,0.000000,0.000000,0.000000,0.000000,0.000000,0.000000,0.000000,0.000000,0.000000,0.000000,0.000000,0.000000,0.000000,0.000000,0.000000,0.000000,0.000000,0.000000,0.000000,0.000000,0.000000,0.000000,0.000000,0.000000,Swing,0.000000,0.000000,0.000000,ambiguous_stair,cop_invalid|low_pressure
579,2026-05-14 23:08:36,28.950000,2026-5-14_stair2_left.csv,stair2,0.000000,0.000000,0.000000,0.000000,0.000000,0.000000,0.000000,0.000000,0.000000,0.000000,0.000000,0.000000,0.000000,0.000000,0.000000,0.000000,0.000000,0.000000,0.000000,0.000000,0.000000,0.000000,0.000000,0.000000,0.000000,0.000000,0.000000,0.000000,0.000000,0.000000,Swing,0.000000,0.000000,0.000000,ambiguous_stair,cop_invalid|low_pressure
580,2026-05-14 23:08:36,29.000000,2026-5-14_stair2_left.csv,stair2,0.000000,0.000000,0.000000,0.000000,0.000000,0.000000,0.000000,0.000000,0.000000,0.000000,0.000000,0.000000,0.000000,0.000000,0.000000,0.000000,0.000000,0.000000,0.000000,0.000000,0.000000,0.000000,0.000000,0.000000,0.000000,0.000000,0.000000,0.000000,0.000000,0.000000,Swing,0.000000,0.000000,0.000000,ambiguous_stair,cop_invalid|low_pressure
581,2026-05-14 23:08:36,29.050000,2026-5-14_stair2_left.csv,stair2,0.000000,0.000000,0.000000,0.000000,0.000000,0.000000,0.000000,0.000000,0.000000,0.000000,0.000000,0.000000,0.000000,0.000000,0.000000,0.000000,0.000000,0.000000,0.000000,0.000000,0.000000,0.000000,0.000000,0.000000,0.000000,0.000000,0.000000,0.000000,0.000000,0.000000,Swing,0.000000,0.000000,0.000000,ambiguous_stair,cop_invalid|low_pressure
582,2026-05-14 23:08:36,29.100000,2026-5-14_stair2_left.csv,stair2,0.000000,0.000000,0.000000,0.000000,0.000000,0.000000,0.000000,0.000000,0.000000,0.000000,0.000000,0.000000,0.000000,0.000000,0.000000,0.000000,0.000000,0.000000,0.000000,0.000000,0.000000,0.000000,0.000000,0.000000,0.000000,0.000000,0.000000,0.000000,0.000000,0.000000,Swing,0.000000,0.000000,0.000000,ambiguous_stair,cop_invalid|low_pressure
583,2026-05-14 23:08:36,29.150000,2026-5-14_stair2_left.csv,stair2,0.000000,0.000000,0.000000,0.000000,0.000000,0.000000,0.000000,0.000000,0.000000,0.000000,0.000000,0.000000,0.000000,0.000000,0.000000,0.000000,0.000000,0.000000,0.000000,0.000000,0.000000,0.000000,0.000000,0.000000,0.000000,0.000000,0.000000,0.000000,0.000000,0.000000,Swing,0.000000,0.000000,0.000000,ambiguous_stair,cop_invalid|low_pressure
584,2026-05-14 23:08:36,29.200000,2026-5-14_stair2_left.csv,stair2,0.000000,0.000000,0.000000,0.000000,0.000000,0.000000,0.000000,0.000000,0.000000,0.000000,0.000000,0.000000,0.000000,0.000000,0.000000,0.000000,0.000000,0.000000,0.000000,0.000000,0.000000,0.000000,0.000000,0.000000,0.000000,0.000000,0.000000,0.000000,0.000000,0.000000,Swing,0.000000,0.000000,0.000000,ambiguous_stair,cop_invalid|low_pressure
585,2026-05-14 23:08:36,29.250000,2026-5-14_stair2_left.csv,stair2,0.000000,0.000000,0.000000,0.000000,0.000000,0.000000,0.000000,0.000000,41.000000,0.000000,0.000000,0.000000,0.000000,0.000000,0.000000,0.000000,0.000000,0.000000,41.000000,0.000000,41.000000,0.000000,41.000000,0.000000,0.000000,0.000000,0.000000,0.000000,0.000000,0.000000,Swing,0.000000,0.000000,0.000000,ambiguous_stair,cop_invalid|low_pressure
586,2026-05-14 23:08:36,29.300000,2026-5-14_stair2_left.csv,stair2,0.000000,0.000000,160.000000,0.000000,0.000000,0.000000,0.000000,0.000000,386.000000,0.000000,0.000000,0.000000,0.000000,0.000000,0.000000,0.000000,0.000000,0.000000,546.000000,160.000000,386.000000,0.000000,546.000000,0.000000,0.000000,0.000000,0.000000,0.000000,0.000000,0.000000,Swing,0.000000,0.000000,0.000000,ambiguous_stair,cop_invalid
587,2026-05-14 23:08:36,29.350000,2026-5-14_stair2_left.csv,stair2,0.000000,0.000000,465.000000,0.000000,0.000000,0.000000,0.000000,0.000000,859.000000,0.000000,0.000000,0.000000,0.000000,0.000000,0.000000,0.000000,0.000000,0.000000,1324.000000,465.000000,859.000000,0.000000,1324.000000,0.000000,0.000000,0.000000,0.000000,0.000000,0.000000,0.000000,Swing,0.000000,0.000000,0.000000,ambiguous_stair,cop_invalid
588,2026-05-14 23:08:36,29.400000,2026-5-14_stair2_left.csv,stair2,0.000000,0.000000,465.000000,0.000000,0.000000,0.000000,0.000000,0.000000,859.000000,0.000000,0.000000,0.000000,0.000000,0.000000,0.000000,0.000000,0.000000,0.000000,1324.000000,465.000000,859.000000,0.000000,1324.000000,0.000000,0.000000,0.000000,0.000000,0.000000,0.000000,0.000000,Swing,0.000000,0.000000,0.000000,ambiguous_stair,cop_invalid
589,2026-05-14 23:08:36,29.450000,2026-5-14_stair2_left.csv,stair2,0.000000,0.000000,465.000000,0.000000,0.000000,0.000000,0.000000,0.000000,859.000000,0.000000,0.000000,0.000000,0.000000,0.000000,0.000000,0.000000,0.000000,0.000000,1324.000000,465.000000,859.000000,0.000000,1324.000000,0.000000,0.000000,0.000000,0.000000,0.000000,0.000000,0.000000,Swing,0.000000,0.000000,0.000000,ambiguous_stair,cop_invalid
590,2026-05-14 23:08:36,29.500000,2026-5-14_stair2_left.csv,stair2,0.000000,0.000000,2638.000000,408.000000,0.000000,0.000000,0.000000,0.000000,2984.000000,608.000000,0.000000,0.000000,0.000000,0.000000,642.000000,1030.000000,186.000000,0.000000,8496.000000,3046.000000,3592.000000,1858.000000,8496.000000,0.000000,0.000000,0.000000,0.000000,0.000000,0.000000,0.000000,Swing,0.000000,0.000000,0.000000,ambiguous_stair,cop_invalid
591,2026-05-14 23:08:36,29.550000,2026-5-14_stair2_left.csv,stair2,0.000000,0.000000,2638.000000,408.000000,0.000000,0.000000,0.000000,0.000000,2984.000000,608.000000,0.000000,0.000000,0.000000,0.000000,642.000000,1030.000000,186.000000,0.000000,8496.000000,3046.000000,3592.000000,1858.000000,8496.000000,0.000000,0.000000,0.000000,0.000000,0.000000,0.000000,0.000000,Swing,0.000000,0.000000,0.000000,ambiguous_stair,cop_invalid
592,2026-05-14 23:08:36,29.600000,2026-5-14_stair2_left.csv,stair2,0.000000,0.000000,2907.000000,316.000000,0.000000,0.000000,234.000000,0.000000,2864.000000,358.000000,0.000000,0.000000,489.000000,0.000000,363.000000,1048.000000,569.000000,0.000000,9148.000000,3223.000000,3456.000000,2469.000000,8914.000000,234.000000,55.569743,86.560407,0.231442,-0.396049,0.000000,0.000000,InitialContact,0.000000,0.973244,0.973244,ambiguous_stair,
593,2026-05-14 23:08:36,29.650000,2026-5-14_stair2_left.csv,stair2,1084.000000,0.000000,3564.000000,458.000000,0.000000,0.000000,851.000000,0.000000,2542.000000,85.000000,0.000000,0.000000,640.000000,0.000000,0.000000,584.000000,150.000000,0.000000,9958.000000,5106.000000,3478.000000,1374.000000,8023.000000,1935.000000,45.755980,95.657116,0.273650,-0.149503,0.844164,4.930920,LoadingResponse,0.055556,1.928670,1.500000,ambiguous_stair,
594,2026-05-14 23:08:36,29.700000,2026-5-14_stair2_left.csv,stair2,1084.000000,0.000000,3564.000000,458.000000,0.000000,0.000000,851.000000,0.000000,2542.000000,85.000000,0.000000,0.000000,640.000000,0.000000,0.000000,584.000000,150.000000,0.000000,9958.000000,5106.000000,3478.000000,1374.000000,8023.000000,1935.000000,45.755980,95.657116,0.273650,-0.149503,0.000000,0.000000,LoadingResponse,0.111111,1.928670,1.500000,ambiguous_stair,
595,2026-05-14 23:08:36,29.750000,2026-5-14_stair2_left.csv,stair2,1084.000000,0.000000,3564.000000,458.000000,0.000000,0.000000,851.000000,0.000000,2542.000000,85.000000,0.000000,0.000000,640.000000,0.000000,0.000000,584.000000,150.000000,0.000000,9958.000000,5106.000000,3478.000000,1374.000000,8023.000000,1935.000000,45.755980,95.657116,0.273650,-0.149503,0.000000,0.000000,LoadingResponse,0.166667,1.928670,1.500000,ambiguous_stair,
596,2026-05-14 23:08:36,29.800000,2026-5-14_stair2_left.csv,stair2,1445.000000,0.000000,3621.000000,484.000000,0.000000,0.000000,928.000000,0.000000,2434.000000,0.000000,0.000000,0.000000,636.000000,0.000000,0.000000,366.000000,0.000000,0.000000,9914.000000,5550.000000,3362.000000,1002.000000,7541.000000,2373.000000,43.098618,97.334186,0.281432,-0.082744,0.155630,1.335190,LoadingResponse,0.222222,2.079696,1.500000,ambiguous_stair,
597,2026-05-14 23:08:37,29.850000,2026-5-14_stair2_left.csv,stair2,1801.000000,0.000000,3475.000000,334.000000,0.000000,0.000000,1209.000000,0.000000,2294.000000,0.000000,0.000000,0.000000,919.000000,0.000000,0.000000,324.000000,126.000000,0.000000,10482.000000,5610.000000,3503.000000,1369.000000,7472.000000,3010.000000,41.878921,107.647636,0.329286,-0.052102,0.957076,0.612836,LoadingResponse,0.277778,3.236226,1.500000,ambiguous_stair,
598,2026-05-14 23:08:37,29.900000,2026-5-14_stair2_left.csv,stair2,1801.000000,0.000000,3475.000000,334.000000,0.000000,0.000000,1209.000000,0.000000,2294.000000,0.000000,0.000000,0.000000,919.000000,0.000000,0.000000,324.000000,126.000000,0.000000,10482.000000,5610.000000,3503.000000,1369.000000,7472.000000,3010.000000,41.878921,107.647636,0.329286,-0.052102,0.000000,0.000000,LoadingResponse,0.333333,3.236226,1.500000,ambiguous_stair,
599,2026-05-14 23:08:37,29.950000,2026-5-14_stair2_left.csv,stair2,2673.000000,290.000000,3345.000000,49.000000,0.000000,0.000000,1932.000000,0.000000,2235.000000,0.000000,0.000000,0.000000,1449.000000,0.000000,0.000000,514.000000,325.000000,0.000000,12812.000000,6357.000000,4167.000000,2288.000000,7917.000000,4895.000000,39.553234,127.005604,0.419105,0.006325,1.796396,1.168540,MidStance,0.388889,6.335531,1.500000,ambiguous_stair,
600,2026-05-14 23:08:37,30.000000,2026-5-14_stair2_left.csv,stair2,2673.000000,290.000000,3345.000000,49.000000,0.000000,0.000000,1932.000000,0.000000,2235.000000,0.000000,0.000000,0.000000,1449.000000,0.000000,0.000000,514.000000,325.000000,0.000000,12812.000000,6357.000000,4167.000000,2288.000000,7917.000000,4895.000000,39.553234,127.005604,0.419105,0.006325,0.000000,0.000000,MidStance,0.444444,6.335531,1.500000,ambiguous_stair,
601,2026-05-14 23:08:37,30.050000,2026-5-14_stair2_left.csv,stair2,2986.000000,617.000000,3132.000000,0.000000,0.000000,0.000000,2069.000000,0.000000,1940.000000,0.000000,0.000000,0.000000,1608.000000,0.000000,0.000000,403.000000,215.000000,0.000000,12970.000000,6735.000000,4009.000000,2226.000000,7298.000000,5672.000000,36.997201,134.847042,0.455489,0.070539,0.727676,1.284277,MidStance,0.500000,7.389606,1.500000,ambiguous_stair,
602,2026-05-14 23:08:37,30.100000,2026-5-14_stair2_left.csv,stair2,2986.000000,617.000000,3132.000000,0.000000,0.000000,0.000000,2069.000000,0.000000,1940.000000,0.000000,0.000000,0.000000,1608.000000,0.000000,0.000000,403.000000,215.000000,0.000000,12970.000000,6735.000000,4009.000000,2226.000000,7298.000000,5672.000000,36.997201,134.847042,0.455489,0.070539,0.000000,0.000000,MidStance,0.555556,7.389606,1.500000,ambiguous_stair,
603,2026-05-14 23:08:37,30.150000,2026-5-14_stair2_left.csv,stair2,2213.000000,120.000000,2335.000000,0.000000,0.000000,0.000000,1657.000000,0.000000,1422.000000,0.000000,0.000000,0.000000,1388.000000,0.000000,0.000000,363.000000,164.000000,0.000000,9662.000000,4668.000000,3079.000000,1915.000000,5672.000000,3990.000000,38.435665,133.544929,0.449448,0.034401,-0.120835,-0.722756,MidStance,0.611111,5.384159,1.500000,ambiguous_stair,
604,2026-05-14 23:08:37,30.200000,2026-5-14_stair2_left.csv,stair2,2213.000000,120.000000,2335.000000,0.000000,0.000000,0.000000,1657.000000,0.000000,1422.000000,0.000000,0.000000,0.000000,1388.000000,0.000000,0.000000,363.000000,164.000000,0.000000,9662.000000,4668.000000,3079.000000,1915.000000,5672.000000,3990.000000,38.435665,133.544929,0.449448,0.034401,0.000000,0.000000,MidStance,0.666667,5.384159,1.500000,ambiguous_stair,
605,2026-05-14 23:08:37,30.250000,2026-5-14_stair2_left.csv,stair2,0.000000,0.000000,3604.000000,1051.000000,0.000000,0.000000,0.000000,0.000000,3835.000000,1319.000000,0.000000,0.000000,18.000000,0.000000,272.000000,630.000000,137.000000,0.000000,10866.000000,4655.000000,5154.000000,1057.000000,10866.000000,0.000000,54.699479,67.150797,0.141383,-0.374186,-6.161297,-8.171744,LoadingResponse,0.722222,0.000000,0.000000,ambiguous_stair,
606,2026-05-14 23:08:37,30.300000,2026-5-14_stair2_left.csv,stair2,0.000000,0.000000,3604.000000,1051.000000,0.000000,0.000000,0.000000,0.000000,3835.000000,1319.000000,0.000000,0.000000,18.000000,0.000000,272.000000,630.000000,137.000000,0.000000,10866.000000,4655.000000,5154.000000,1057.000000,10866.000000,0.000000,54.699479,67.150797,0.141383,-0.374186,0.000000,0.000000,LoadingResponse,0.777778,0.000000,0.000000,ambiguous_stair,
607,2026-05-14 23:08:37,30.350000,2026-5-14_stair2_left.csv,stair2,0.000000,0.000000,4103.000000,1562.000000,0.000000,0.000000,0.000000,0.000000,4599.000000,2064.000000,0.000000,0.000000,0.000000,0.000000,593.000000,820.000000,196.000000,0.000000,13937.000000,5665.000000,6663.000000,1609.000000,13937.000000,0.000000,55.318305,69.893126,0.154107,-0.389733,0.254485,-0.310928,LoadingResponse,0.833333,0.000000,0.000000,ambiguous_stair,
608,2026-05-14 23:08:37,30.400000,2026-5-14_stair2_left.csv,stair2,0.000000,0.000000,4103.000000,1562.000000,0.000000,0.000000,0.000000,0.000000,4599.000000,2064.000000,0.000000,0.000000,0.000000,0.000000,593.000000,820.000000,196.000000,0.000000,13937.000000,5665.000000,6663.000000,1609.000000,13937.000000,0.000000,55.318305,69.893126,0.154107,-0.389733,0.000000,0.000000,LoadingResponse,0.888889,0.000000,0.000000,ambiguous_stair,
609,2026-05-14 23:08:37,30.450000,2026-5-14_stair2_left.csv,stair2,0.000000,0.000000,4312.000000,1776.000000,0.000000,0.000000,0.000000,0.000000,4847.000000,2390.000000,0.000000,0.000000,0.000000,0.000000,808.000000,831.000000,114.000000,0.000000,15078.000000,6088.000000,7237.000000,1753.000000,15078.000000,0.000000,55.368164,69.935205,0.154302,-0.390985,0.003905,-0.025052,LoadingResponse,0.944444,0.000000,0.000000,ambiguous_stair,
610,2026-05-14 23:08:37,30.500000,2026-5-14_stair2_left.csv,stair2,0.000000,0.000000,4312.000000,1776.000000,0.000000,0.000000,0.000000,0.000000,4847.000000,2390.000000,0.000000,0.000000,0.000000,0.000000,808.000000,831.000000,114.000000,0.000000,15078.000000,6088.000000,7237.000000,1753.000000,15078.000000,0.000000,55.368164,69.935205,0.154302,-0.390985,0.000000,0.000000,LoadingResponse,1.000000,0.000000,0.000000,ambiguous_stair,
611,2026-05-14 23:08:37,30.550000,2026-5-14_stair2_left.csv,stair2,0.000000,0.000000,4697.000000,2049.000000,0.000000,0.000000,0.000000,0.000000,5252.000000,2571.000000,0.000000,0.000000,0.000000,0.000000,839.000000,828.000000,66.000000,0.000000,16302.000000,6746.000000,7823.000000,1733.000000,16302.000000,0.000000,55.077120,69.101740,0.150435,-0.383673,-0.077345,0.146235,LoadingResponse,1.000000,0.000000,0.000000,ambiguous_stair,
612,2026-05-14 23:08:37,30.600000,2026-5-14_stair2_left.csv,stair2,0.000000,0.000000,4697.000000,2049.000000,0.000000,0.000000,0.000000,0.000000,5252.000000,2571.000000,0.000000,0.000000,0.000000,0.000000,839.000000,828.000000,66.000000,0.000000,16302.000000,6746.000000,7823.000000,1733.000000,16302.000000,0.000000,55.077120,69.101740,0.150435,-0.383673,0.000000,0.000000,LoadingResponse,1.000000,0.000000,0.000000,ambiguous_stair,
613,2026-05-14 23:08:37,30.650000,2026-5-14_stair2_left.csv,stair2,0.000000,0.000000,4745.000000,2068.000000,0.000000,0.000000,0.000000,0.000000,5338.000000,2644.000000,0.000000,0.000000,0.000000,0.000000,894.000000,882.000000,73.000000,0.000000,16644.000000,6813.000000,7982.000000,1849.000000,16644.000000,0.000000,55.208181,69.522156,0.152386,-0.386966,0.039014,-0.065851,LoadingResponse,1.000000,0.000000,0.000000,ambiguous_stair,
614,2026-05-14 23:08:37,30.700000,2026-5-14_stair2_left.csv,stair2,0.000000,0.000000,4824.000000,2084.000000,0.000000,0.000000,0.000000,0.000000,5504.000000,2695.000000,0.000000,0.000000,0.000000,0.000000,890.000000,879.000000,37.000000,0.000000,16913.000000,6908.000000,8199.000000,1806.000000,16913.000000,0.000000,55.208238,69.017754,0.150045,-0.386967,-0.046808,-0.000029,LoadingResponse,1.000000,0.000000,0.000000,ambiguous_stair,
615,2026-05-14 23:08:37,30.750000,2026-5-14_stair2_left.csv,stair2,0.000000,0.000000,4824.000000,2084.000000,0.000000,0.000000,0.000000,0.000000,5504.000000,2695.000000,0.000000,0.000000,0.000000,0.000000,890.000000,879.000000,37.000000,0.000000,16913.000000,6908.000000,8199.000000,1806.000000,16913.000000,0.000000,55.208238,69.017754,0.150045,-0.386967,0.000000,0.000000,LoadingResponse,1.000000,0.000000,0.000000,ambiguous_stair,
616,2026-05-14 23:08:37,30.800000,2026-5-14_stair2_left.csv,stair2,0.000000,0.000000,4918.000000,2126.000000,0.000000,0.000000,0.000000,0.000000,5579.000000,2834.000000,0.000000,0.000000,0.000000,0.000000,962.000000,962.000000,115.000000,0.000000,17496.000000,7044.000000,8413.000000,2039.000000,17496.000000,0.000000,55.395462,70.132947,0.155220,-0.391671,0.103489,-0.094071,LoadingResponse,1.000000,0.000000,0.000000,ambiguous_stair,
617,2026-05-14 23:08:38,30.850000,2026-5-14_stair2_left.csv,stair2,0.000000,0.000000,4849.000000,2005.000000,0.000000,0.000000,0.000000,0.000000,5371.000000,2679.000000,0.000000,0.000000,0.000000,0.000000,897.000000,942.000000,64.000000,0.000000,16807.000000,6854.000000,8050.000000,1903.000000,16807.000000,0.000000,55.262052,69.581618,0.152662,-0.388319,-0.051163,0.067032,LoadingResponse,1.000000,0.000000,0.000000,ambiguous_stair,
618,2026-05-14 23:08:38,30.900000,2026-5-14_stair2_left.csv,stair2,0.000000,0.000000,4849.000000,2005.000000,0.000000,0.000000,0.000000,0.000000,5371.000000,2679.000000,0.000000,0.000000,0.000000,0.000000,897.000000,942.000000,64.000000,0.000000,16807.000000,6854.000000,8050.000000,1903.000000,16807.000000,0.000000,55.262052,69.581618,0.152662,-0.388319,0.000000,0.000000,LoadingResponse,1.000000,0.000000,0.000000,ambiguous_stair,
619,2026-05-14 23:08:38,30.950000,2026-5-14_stair2_left.csv,stair2,0.000000,0.000000,4644.000000,1862.000000,0.000000,0.000000,0.000000,0.000000,5091.000000,2343.000000,0.000000,0.000000,0.000000,0.000000,802.000000,824.000000,0.000000,0.000000,15566.000000,6506.000000,7434.000000,1626.000000,15566.000000,0.000000,54.976707,68.305597,0.146741,-0.381151,-0.118413,0.143371,LoadingResponse,1.000000,0.000000,0.000000,ambiguous_stair,
620,2026-05-14 23:08:38,31.000000,2026-5-14_stair2_left.csv,stair2,0.000000,0.000000,4644.000000,1862.000000,0.000000,0.000000,0.000000,0.000000,5091.000000,2343.000000,0.000000,0.000000,0.000000,0.000000,802.000000,824.000000,0.000000,0.000000,15566.000000,6506.000000,7434.000000,1626.000000,15566.000000,0.000000,54.976707,68.305597,0.146741,-0.381151,0.000000,0.000000,LoadingResponse,1.000000,0.000000,0.000000,ambiguous_stair,
621,2026-05-14 23:08:38,31.050000,2026-5-14_stair2_left.csv,stair2,0.000000,0.000000,3792.000000,1103.000000,0.000000,0.000000,0.000000,0.000000,4067.000000,1421.000000,0.000000,0.000000,0.000000,0.000000,413.000000,548.000000,0.000000,0.000000,11344.000000,4895.000000,5488.000000,961.000000,11344.000000,0.000000,54.568114,65.115822,0.131941,-0.370886,-0.296007,0.205298,LoadingResponse,1.000000,0.000000,0.000000,ambiguous_stair,
622,2026-05-14 23:08:38,31.100000,2026-5-14_stair2_left.csv,stair2,0.000000,0.000000,3724.000000,875.000000,0.000000,0.000000,0.000000,0.000000,3648.000000,1091.000000,0.000000,0.000000,0.000000,0.000000,196.000000,472.000000,0.000000,0.000000,10006.000000,4599.000000,4739.000000,668.000000,10006.000000,0.000000,53.834033,62.924745,0.121774,-0.352444,-0.203329,0.368839,LoadingResponse,1.000000,0.000000,0.000000,ambiguous_stair,
623,2026-05-14 23:08:38,31.150000,2026-5-14_stair2_left.csv,stair2,0.000000,0.000000,3724.000000,875.000000,0.000000,0.000000,0.000000,0.000000,3648.000000,1091.000000,0.000000,0.000000,0.000000,0.000000,196.000000,472.000000,0.000000,0.000000,10006.000000,4599.000000,4739.000000,668.000000,10006.000000,0.000000,53.834033,62.924745,0.121774,-0.352444,0.000000,0.000000,LoadingResponse,1.000000,0.000000,0.000000,ambiguous_stair,
624,2026-05-14 23:08:38,31.200000,2026-5-14_stair2_left.csv,stair2,0.000000,0.000000,3651.000000,839.000000,0.000000,0.000000,0.000000,0.000000,3530.000000,959.000000,0.000000,0.000000,0.000000,0.000000,108.000000,394.000000,0.000000,0.000000,9481.000000,4490.000000,4489.000000,502.000000,9481.000000,0.000000,53.434573,61.535469,0.115328,-0.342409,-0.128923,0.200708,LoadingResponse,1.000000,0.000000,0.000000,ambiguous_stair,
625,2026-05-14 23:08:38,31.250000,2026-5-14_stair2_left.csv,stair2,0.000000,0.000000,3651.000000,839.000000,0.000000,0.000000,0.000000,0.000000,3530.000000,959.000000,0.000000,0.000000,0.000000,0.000000,108.000000,394.000000,0.000000,0.000000,9481.000000,4490.000000,4489.000000,502.000000,9481.000000,0.000000,53.434573,61.535469,0.115328,-0.342409,0.000000,0.000000,LoadingResponse,1.000000,0.000000,0.000000,ambiguous_stair,
626,2026-05-14 23:08:38,31.300000,2026-5-14_stair2_left.csv,stair2,0.000000,0.000000,3317.000000,584.000000,0.000000,0.000000,0.000000,0.000000,3234.000000,731.000000,0.000000,0.000000,0.000000,0.000000,84.000000,392.000000,0.000000,0.000000,8342.000000,3901.000000,3965.000000,476.000000,8342.000000,0.000000,53.608309,60.891225,0.112339,-0.346773,-0.059785,-0.087293,LoadingResponse,1.000000,0.000000,0.000000,ambiguous_stair,
627,2026-05-14 23:08:38,31.350000,2026-5-14_stair2_left.csv,stair2,0.000000,0.000000,3224.000000,544.000000,0.000000,0.000000,0.000000,0.000000,3130.000000,690.000000,0.000000,0.000000,0.000000,0.000000,66.000000,462.000000,0.000000,0.000000,8116.000000,3768.000000,3820.000000,528.000000,8116.000000,0.000000,53.750705,61.592415,0.115592,-0.350351,0.065070,-0.071547,LoadingResponse,1.000000,0.000000,0.000000,ambiguous_stair,
628,2026-05-14 23:08:38,31.400000,2026-5-14_stair2_left.csv,stair2,0.000000,0.000000,3224.000000,544.000000,0.000000,0.000000,0.000000,0.000000,3130.000000,690.000000,0.000000,0.000000,0.000000,0.000000,66.000000,462.000000,0.000000,0.000000,8116.000000,3768.000000,3820.000000,528.000000,8116.000000,0.000000,53.750705,61.592415,0.115592,-0.350351,0.000000,0.000000,LoadingResponse,1.000000,0.000000,0.000000,ambiguous_stair,
629,2026-05-14 23:08:38,31.450000,2026-5-14_stair2_left.csv,stair2,0.000000,0.000000,3218.000000,558.000000,0.000000,0.000000,0.000000,0.000000,3107.000000,643.000000,0.000000,0.000000,0.000000,0.000000,18.000000,446.000000,0.000000,0.000000,7990.000000,3776.000000,3750.000000,464.000000,7990.000000,0.000000,53.524633,61.009822,0.112889,-0.344671,-0.054064,0.113589,LoadingResponse,1.000000,0.000000,0.000000,ambiguous_stair,
630,2026-05-14 23:08:38,31.500000,2026-5-14_stair2_left.csv,stair2,0.000000,0.000000,3180.000000,486.000000,0.000000,0.000000,0.000000,0.000000,2892.000000,401.000000,0.000000,0.000000,0.000000,0.000000,20.000000,449.000000,0.000000,0.000000,7428.000000,3666.000000,3293.000000,469.000000,7428.000000,0.000000,53.064842,60.442539,0.110257,-0.333120,-0.052643,0.231022,LoadingResponse,1.000000,0.000000,0.000000,ambiguous_stair,
631,2026-05-14 23:08:38,31.550000,2026-5-14_stair2_left.csv,stair2,0.000000,0.000000,3180.000000,486.000000,0.000000,0.000000,0.000000,0.000000,2892.000000,401.000000,0.000000,0.000000,0.000000,0.000000,20.000000,449.000000,0.000000,0.000000,7428.000000,3666.000000,3293.000000,469.000000,7428.000000,0.000000,53.064842,60.442539,0.110257,-0.333120,0.000000,0.000000,LoadingResponse,1.000000,0.000000,0.000000,ambiguous_stair,
632,2026-05-14 23:08:38,31.600000,2026-5-14_stair2_left.csv,stair2,0.000000,0.000000,3129.000000,392.000000,0.000000,0.000000,0.000000,0.000000,2719.000000,332.000000,0.000000,0.000000,0.000000,0.000000,111.000000,532.000000,0.000000,0.000000,7215.000000,3521.000000,3051.000000,643.000000,7215.000000,0.000000,53.336511,62.035845,0.117650,-0.339945,0.147857,-0.136500,LoadingResponse,1.000000,0.000000,0.000000,ambiguous_stair,
633,2026-05-14 23:08:38,31.650000,2026-5-14_stair2_left.csv,stair2,0.000000,0.000000,2954.000000,288.000000,0.000000,0.000000,0.000000,0.000000,2538.000000,283.000000,0.000000,0.000000,0.000000,0.000000,166.000000,566.000000,0.000000,0.000000,6795.000000,3242.000000,2821.000000,732.000000,6795.000000,0.000000,53.694874,63.085701,0.122521,-0.348948,0.097425,-0.180059,LoadingResponse,1.000000,0.000000,0.000000,ambiguous_stair,
634,2026-05-14 23:08:38,31.700000,2026-5-14_stair2_left.csv,stair2,0.000000,0.000000,2954.000000,288.000000,0.000000,0.000000,0.000000,0.000000,2538.000000,283.000000,0.000000,0.000000,0.000000,0.000000,166.000000,566.000000,0.000000,0.000000,6795.000000,3242.000000,2821.000000,732.000000,6795.000000,0.000000,53.694874,63.085701,0.122521,-0.348948,0.000000,0.000000,LoadingResponse,1.000000,0.000000,0.000000,ambiguous_stair,
635,2026-05-14 23:08:38,31.750000,2026-5-14_stair2_left.csv,stair2,0.000000,0.000000,2724.000000,89.000000,0.000000,0.000000,0.000000,0.000000,2368.000000,189.000000,0.000000,0.000000,0.000000,0.000000,78.000000,385.000000,0.000000,0.000000,5833.000000,2813.000000,2557.000000,463.000000,5833.000000,0.000000,53.410103,59.256568,0.104754,-0.341794,-0.355339,0.143083,LoadingResponse,1.000000,0.000000,0.000000,ambiguous_stair,
636,2026-05-14 23:08:38,31.800000,2026-5-14_stair2_left.csv,stair2,0.000000,0.000000,2086.000000,0.000000,0.000000,0.000000,0.000000,0.000000,1807.000000,0.000000,0.000000,0.000000,0.000000,0.000000,0.000000,51.000000,0.000000,0.000000,3944.000000,2086.000000,1807.000000,51.000000,3944.000000,0.000000,51.884561,51.161466,0.067193,-0.303468,-0.751216,0.766507,LoadingResponse,1.000000,0.000000,0.000000,ambiguous_stair,
637,2026-05-14 23:08:39,31.850000,2026-5-14_stair2_left.csv,stair2,0.000000,0.000000,2086.000000,0.000000,0.000000,0.000000,0.000000,0.000000,1807.000000,0.000000,0.000000,0.000000,0.000000,0.000000,0.000000,51.000000,0.000000,0.000000,3944.000000,2086.000000,1807.000000,51.000000,3944.000000,0.000000,51.884561,51.161466,0.067193,-0.303468,0.000000,0.000000,LoadingResponse,1.000000,0.000000,0.000000,ambiguous_stair,
638,2026-05-14 23:08:39,31.900000,2026-5-14_stair2_left.csv,stair2,0.000000,0.000000,2086.000000,0.000000,0.000000,0.000000,0.000000,0.000000,1807.000000,0.000000,0.000000,0.000000,0.000000,0.000000,0.000000,51.000000,0.000000,0.000000,3944.000000,2086.000000,1807.000000,51.000000,3944.000000,0.000000,51.884561,51.161466,0.067193,-0.303468,0.000000,0.000000,LoadingResponse,1.000000,0.000000,0.000000,ambiguous_stair,
639,2026-05-14 23:08:39,31.950000,2026-5-14_stair2_left.csv,stair2,0.000000,0.000000,1084.000000,0.000000,0.000000,0.000000,0.000000,0.000000,745.000000,0.000000,0.000000,0.000000,0.000000,0.000000,0.000000,0.000000,0.000000,0.000000,1829.000000,1084.000000,745.000000,0.000000,1829.000000,0.000000,50.288830,49.820000,0.060969,-0.263380,-0.124486,0.801774,LoadingResponse,1.000000,0.000000,0.000000,ambiguous_stair,
640,2026-05-14 23:08:39,32.000000,2026-5-14_stair2_left.csv,stair2,0.000000,0.000000,1084.000000,0.000000,0.000000,0.000000,0.000000,0.000000,745.000000,0.000000,0.000000,0.000000,0.000000,0.000000,0.000000,0.000000,0.000000,0.000000,1829.000000,1084.000000,745.000000,0.000000,1829.000000,0.000000,50.288830,49.820000,0.060969,-0.263380,0.000000,0.000000,LoadingResponse,1.000000,0.000000,0.000000,ambiguous_stair,
641,2026-05-14 23:08:39,32.050000,2026-5-14_stair2_left.csv,stair2,0.000000,0.000000,1159.000000,0.000000,0.000000,0.000000,0.000000,0.000000,642.000000,0.000000,0.000000,0.000000,0.000000,0.000000,0.000000,0.000000,0.000000,0.000000,1801.000000,1159.000000,642.000000,0.000000,1801.000000,0.000000,0.000000,0.000000,0.000000,0.000000,0.000000,0.000000,Swing,0.000000,0.000000,0.000000,ambiguous_stair,cop_invalid
642,2026-05-14 23:08:39,32.100000,2026-5-14_stair2_left.csv,stair2,0.000000,0.000000,1108.000000,0.000000,0.000000,0.000000,0.000000,0.000000,596.000000,0.000000,0.000000,0.000000,0.000000,0.000000,0.000000,0.000000,0.000000,0.000000,1704.000000,1108.000000,596.000000,0.000000,1704.000000,0.000000,0.000000,0.000000,0.000000,0.000000,0.000000,0.000000,Swing,0.000000,0.000000,0.000000,ambiguous_stair,cop_invalid
643,2026-05-14 23:08:39,32.150000,2026-5-14_stair2_left.csv,stair2,0.000000,0.000000,795.000000,0.000000,0.000000,0.000000,0.000000,0.000000,439.000000,0.000000,0.000000,0.000000,0.000000,0.000000,0.000000,0.000000,0.000000,0.000000,1234.000000,795.000000,439.000000,0.000000,1234.000000,0.000000,0.000000,0.000000,0.000000,0.000000,0.000000,0.000000,Swing,0.000000,0.000000,0.000000,ambiguous_stair,cop_invalid
644,2026-05-14 23:08:39,32.200000,2026-5-14_stair2_left.csv,stair2,0.000000,0.000000,795.000000,0.000000,0.000000,0.000000,0.000000,0.000000,439.000000,0.000000,0.000000,0.000000,0.000000,0.000000,0.000000,0.000000,0.000000,0.000000,1234.000000,795.000000,439.000000,0.000000,1234.000000,0.000000,0.000000,0.000000,0.000000,0.000000,0.000000,0.000000,Swing,0.000000,0.000000,0.000000,ambiguous_stair,cop_invalid
645,2026-05-14 23:08:39,32.250000,2026-5-14_stair2_left.csv,stair2,0.000000,0.000000,795.000000,0.000000,0.000000,0.000000,0.000000,0.000000,439.000000,0.000000,0.000000,0.000000,0.000000,0.000000,0.000000,0.000000,0.000000,0.000000,1234.000000,795.000000,439.000000,0.000000,1234.000000,0.000000,0.000000,0.000000,0.000000,0.000000,0.000000,0.000000,Swing,0.000000,0.000000,0.000000,ambiguous_stair,cop_invalid
646,2026-05-14 23:08:39,32.300000,2026-5-14_stair2_left.csv,stair2,0.000000,0.000000,931.000000,0.000000,0.000000,0.000000,0.000000,0.000000,485.000000,0.000000,0.000000,0.000000,0.000000,0.000000,0.000000,0.000000,0.000000,0.000000,1416.000000,931.000000,485.000000,0.000000,1416.000000,0.000000,0.000000,0.000000,0.000000,0.000000,0.000000,0.000000,Swing,0.000000,0.000000,0.000000,ambiguous_stair,cop_invalid
647,2026-05-14 23:08:39,32.350000,2026-5-14_stair2_left.csv,stair2,0.000000,0.000000,905.000000,0.000000,0.000000,0.000000,0.000000,0.000000,448.000000,0.000000,0.000000,0.000000,0.000000,0.000000,0.000000,0.000000,0.000000,0.000000,1353.000000,905.000000,448.000000,0.000000,1353.000000,0.000000,0.000000,0.000000,0.000000,0.000000,0.000000,0.000000,Swing,0.000000,0.000000,0.000000,ambiguous_stair,cop_invalid
648,2026-05-14 23:08:39,32.400000,2026-5-14_stair2_left.csv,stair2,0.000000,0.000000,905.000000,0.000000,0.000000,0.000000,0.000000,0.000000,448.000000,0.000000,0.000000,0.000000,0.000000,0.000000,0.000000,0.000000,0.000000,0.000000,1353.000000,905.000000,448.000000,0.000000,1353.000000,0.000000,0.000000,0.000000,0.000000,0.000000,0.000000,0.000000,Swing,0.000000,0.000000,0.000000,ambiguous_stair,cop_invalid
649,2026-05-14 23:08:39,32.450000,2026-5-14_stair2_left.csv,stair2,0.000000,0.000000,936.000000,0.000000,0.000000,0.000000,0.000000,0.000000,443.000000,0.000000,0.000000,0.000000,0.000000,0.000000,0.000000,0.000000,0.000000,0.000000,1379.000000,936.000000,443.000000,0.000000,1379.000000,0.000000,0.000000,0.000000,0.000000,0.000000,0.000000,0.000000,Swing,0.000000,0.000000,0.000000,ambiguous_stair,cop_invalid
650,2026-05-14 23:08:39,32.500000,2026-5-14_stair2_left.csv,stair2,0.000000,0.000000,939.000000,0.000000,0.000000,0.000000,0.000000,0.000000,455.000000,0.000000,0.000000,0.000000,0.000000,0.000000,0.000000,0.000000,0.000000,0.000000,1394.000000,939.000000,455.000000,0.000000,1394.000000,0.000000,0.000000,0.000000,0.000000,0.000000,0.000000,0.000000,Swing,0.000000,0.000000,0.000000,ambiguous_stair,cop_invalid
651,2026-05-14 23:08:39,32.550000,2026-5-14_stair2_left.csv,stair2,0.000000,0.000000,939.000000,0.000000,0.000000,0.000000,0.000000,0.000000,443.000000,0.000000,0.000000,0.000000,0.000000,0.000000,0.000000,0.000000,0.000000,0.000000,1382.000000,939.000000,443.000000,0.000000,1382.000000,0.000000,0.000000,0.000000,0.000000,0.000000,0.000000,0.000000,Swing,0.000000,0.000000,0.000000,ambiguous_stair,cop_invalid
652,2026-05-14 23:08:39,32.600000,2026-5-14_stair2_left.csv,stair2,0.000000,0.000000,939.000000,0.000000,0.000000,0.000000,0.000000,0.000000,443.000000,0.000000,0.000000,0.000000,0.000000,0.000000,0.000000,0.000000,0.000000,0.000000,1382.000000,939.000000,443.000000,0.000000,1382.000000,0.000000,0.000000,0.000000,0.000000,0.000000,0.000000,0.000000,Swing,0.000000,0.000000,0.000000,ambiguous_stair,cop_invalid
653,2026-05-14 23:08:39,32.650000,2026-5-14_stair2_left.csv,stair2,0.000000,0.000000,902.000000,0.000000,0.000000,0.000000,0.000000,0.000000,441.000000,0.000000,0.000000,0.000000,0.000000,0.000000,0.000000,0.000000,0.000000,0.000000,1343.000000,902.000000,441.000000,0.000000,1343.000000,0.000000,0.000000,0.000000,0.000000,0.000000,0.000000,0.000000,Swing,0.000000,0.000000,0.000000,ambiguous_stair,cop_invalid
654,2026-05-14 23:08:39,32.700000,2026-5-14_stair2_left.csv,stair2,0.000000,0.000000,902.000000,0.000000,0.000000,0.000000,0.000000,0.000000,441.000000,0.000000,0.000000,0.000000,0.000000,0.000000,0.000000,0.000000,0.000000,0.000000,1343.000000,902.000000,441.000000,0.000000,1343.000000,0.000000,0.000000,0.000000,0.000000,0.000000,0.000000,0.000000,Swing,0.000000,0.000000,0.000000,ambiguous_stair,cop_invalid
655,2026-05-14 23:08:39,32.750000,2026-5-14_stair2_left.csv,stair2,0.000000,0.000000,808.000000,0.000000,0.000000,0.000000,0.000000,0.000000,362.000000,0.000000,0.000000,0.000000,0.000000,0.000000,0.000000,0.000000,0.000000,0.000000,1170.000000,808.000000,362.000000,0.000000,1170.000000,0.000000,0.000000,0.000000,0.000000,0.000000,0.000000,0.000000,Swing,0.000000,0.000000,0.000000,ambiguous_stair,cop_invalid
656,2026-05-14 23:08:39,32.800000,2026-5-14_stair2_left.csv,stair2,0.000000,0.000000,808.000000,0.000000,0.000000,0.000000,0.000000,0.000000,362.000000,0.000000,0.000000,0.000000,0.000000,0.000000,0.000000,0.000000,0.000000,0.000000,1170.000000,808.000000,362.000000,0.000000,1170.000000,0.000000,0.000000,0.000000,0.000000,0.000000,0.000000,0.000000,Swing,0.000000,0.000000,0.000000,ambiguous_stair,cop_invalid
657,2026-05-14 23:08:40,32.850000,2026-5-14_stair2_left.csv,stair2,0.000000,0.000000,811.000000,0.000000,0.000000,0.000000,0.000000,0.000000,361.000000,0.000000,0.000000,0.000000,0.000000,0.000000,0.000000,0.000000,0.000000,0.000000,1172.000000,811.000000,361.000000,0.000000,1172.000000,0.000000,0.000000,0.000000,0.000000,0.000000,0.000000,0.000000,Swing,0.000000,0.000000,0.000000,ambiguous_stair,cop_invalid
658,2026-05-14 23:08:40,32.900000,2026-5-14_stair2_left.csv,stair2,0.000000,0.000000,786.000000,0.000000,0.000000,0.000000,0.000000,0.000000,316.000000,0.000000,0.000000,0.000000,0.000000,0.000000,0.000000,0.000000,0.000000,0.000000,1102.000000,786.000000,316.000000,0.000000,1102.000000,0.000000,0.000000,0.000000,0.000000,0.000000,0.000000,0.000000,Swing,0.000000,0.000000,0.000000,ambiguous_stair,cop_invalid
659,2026-05-14 23:08:40,32.950000,2026-5-14_stair2_left.csv,stair2,0.000000,0.000000,775.000000,0.000000,0.000000,0.000000,0.000000,0.000000,316.000000,0.000000,0.000000,0.000000,0.000000,0.000000,0.000000,0.000000,0.000000,0.000000,1091.000000,775.000000,316.000000,0.000000,1091.000000,0.000000,0.000000,0.000000,0.000000,0.000000,0.000000,0.000000,Swing,0.000000,0.000000,0.000000,ambiguous_stair,cop_invalid
660,2026-05-14 23:08:40,33.000000,2026-5-14_stair2_left.csv,stair2,0.000000,0.000000,785.000000,0.000000,0.000000,0.000000,0.000000,0.000000,319.000000,0.000000,0.000000,0.000000,0.000000,0.000000,0.000000,0.000000,0.000000,0.000000,1104.000000,785.000000,319.000000,0.000000,1104.000000,0.000000,0.000000,0.000000,0.000000,0.000000,0.000000,0.000000,Swing,0.000000,0.000000,0.000000,ambiguous_stair,cop_invalid
661,2026-05-14 23:08:40,33.050000,2026-5-14_stair2_left.csv,stair2,0.000000,0.000000,785.000000,0.000000,0.000000,0.000000,0.000000,0.000000,319.000000,0.000000,0.000000,0.000000,0.000000,0.000000,0.000000,0.000000,0.000000,0.000000,1104.000000,785.000000,319.000000,0.000000,1104.000000,0.000000,0.000000,0.000000,0.000000,0.000000,0.000000,0.000000,Swing,0.000000,0.000000,0.000000,ambiguous_stair,cop_invalid
662,2026-05-14 23:08:40,33.100000,2026-5-14_stair2_left.csv,stair2,0.000000,0.000000,786.000000,0.000000,0.000000,0.000000,0.000000,0.000000,308.000000,0.000000,0.000000,0.000000,0.000000,0.000000,0.000000,0.000000,0.000000,0.000000,1094.000000,786.000000,308.000000,0.000000,1094.000000,0.000000,0.000000,0.000000,0.000000,0.000000,0.000000,0.000000,Swing,0.000000,0.000000,0.000000,ambiguous_stair,cop_invalid
663,2026-05-14 23:08:40,33.150000,2026-5-14_stair2_left.csv,stair2,0.000000,0.000000,854.000000,0.000000,0.000000,0.000000,0.000000,0.000000,384.000000,0.000000,0.000000,0.000000,0.000000,0.000000,0.000000,0.000000,0.000000,0.000000,1238.000000,854.000000,384.000000,0.000000,1238.000000,0.000000,0.000000,0.000000,0.000000,0.000000,0.000000,0.000000,Swing,0.000000,0.000000,0.000000,ambiguous_stair,cop_invalid
664,2026-05-14 23:08:40,33.200000,2026-5-14_stair2_left.csv,stair2,0.000000,0.000000,867.000000,0.000000,0.000000,0.000000,0.000000,0.000000,376.000000,0.000000,0.000000,0.000000,0.000000,0.000000,0.000000,0.000000,0.000000,0.000000,1243.000000,867.000000,376.000000,0.000000,1243.000000,0.000000,0.000000,0.000000,0.000000,0.000000,0.000000,0.000000,Swing,0.000000,0.000000,0.000000,ambiguous_stair,cop_invalid
665,2026-05-14 23:08:40,33.250000,2026-5-14_stair2_left.csv,stair2,0.000000,0.000000,867.000000,0.000000,0.000000,0.000000,0.000000,0.000000,376.000000,0.000000,0.000000,0.000000,0.000000,0.000000,0.000000,0.000000,0.000000,0.000000,1243.000000,867.000000,376.000000,0.000000,1243.000000,0.000000,0.000000,0.000000,0.000000,0.000000,0.000000,0.000000,Swing,0.000000,0.000000,0.000000,ambiguous_stair,cop_invalid
666,2026-05-14 23:08:40,33.300000,2026-5-14_stair2_left.csv,stair2,0.000000,0.000000,795.000000,0.000000,0.000000,0.000000,0.000000,0.000000,319.000000,0.000000,0.000000,0.000000,0.000000,0.000000,0.000000,0.000000,0.000000,0.000000,1114.000000,795.000000,319.000000,0.000000,1114.000000,0.000000,0.000000,0.000000,0.000000,0.000000,0.000000,0.000000,Swing,0.000000,0.000000,0.000000,ambiguous_stair,cop_invalid
667,2026-05-14 23:08:40,33.350000,2026-5-14_stair2_left.csv,stair2,0.000000,0.000000,750.000000,0.000000,0.000000,0.000000,0.000000,0.000000,286.000000,0.000000,0.000000,0.000000,0.000000,0.000000,0.000000,0.000000,0.000000,0.000000,1036.000000,750.000000,286.000000,0.000000,1036.000000,0.000000,0.000000,0.000000,0.000000,0.000000,0.000000,0.000000,Swing,0.000000,0.000000,0.000000,ambiguous_stair,cop_invalid
668,2026-05-14 23:08:40,33.400000,2026-5-14_stair2_left.csv,stair2,0.000000,0.000000,777.000000,0.000000,0.000000,0.000000,0.000000,0.000000,307.000000,0.000000,0.000000,0.000000,0.000000,0.000000,0.000000,0.000000,0.000000,0.000000,1084.000000,777.000000,307.000000,0.000000,1084.000000,0.000000,0.000000,0.000000,0.000000,0.000000,0.000000,0.000000,Swing,0.000000,0.000000,0.000000,ambiguous_stair,cop_invalid
669,2026-05-14 23:08:40,33.450000,2026-5-14_stair2_left.csv,stair2,0.000000,0.000000,777.000000,0.000000,0.000000,0.000000,0.000000,0.000000,307.000000,0.000000,0.000000,0.000000,0.000000,0.000000,0.000000,0.000000,0.000000,0.000000,1084.000000,777.000000,307.000000,0.000000,1084.000000,0.000000,0.000000,0.000000,0.000000,0.000000,0.000000,0.000000,Swing,0.000000,0.000000,0.000000,ambiguous_stair,cop_invalid
670,2026-05-14 23:08:40,33.500000,2026-5-14_stair2_left.csv,stair2,0.000000,0.000000,777.000000,0.000000,0.000000,0.000000,0.000000,0.000000,307.000000,0.000000,0.000000,0.000000,0.000000,0.000000,0.000000,0.000000,0.000000,0.000000,1084.000000,777.000000,307.000000,0.000000,1084.000000,0.000000,0.000000,0.000000,0.000000,0.000000,0.000000,0.000000,Swing,0.000000,0.000000,0.000000,ambiguous_stair,cop_invalid
671,2026-05-14 23:08:40,33.550000,2026-5-14_stair2_left.csv,stair2,0.000000,0.000000,803.000000,0.000000,0.000000,0.000000,0.000000,0.000000,319.000000,0.000000,0.000000,0.000000,0.000000,0.000000,0.000000,0.000000,0.000000,0.000000,1122.000000,803.000000,319.000000,0.000000,1122.000000,0.000000,0.000000,0.000000,0.000000,0.000000,0.000000,0.000000,Swing,0.000000,0.000000,0.000000,ambiguous_stair,cop_invalid
672,2026-05-14 23:08:40,33.600000,2026-5-14_stair2_left.csv,stair2,0.000000,0.000000,799.000000,0.000000,0.000000,0.000000,0.000000,0.000000,308.000000,0.000000,0.000000,0.000000,0.000000,0.000000,0.000000,0.000000,0.000000,0.000000,1107.000000,799.000000,308.000000,0.000000,1107.000000,0.000000,0.000000,0.000000,0.000000,0.000000,0.000000,0.000000,Swing,0.000000,0.000000,0.000000,ambiguous_stair,cop_invalid
673,2026-05-14 23:08:40,33.650000,2026-5-14_stair2_left.csv,stair2,0.000000,0.000000,799.000000,0.000000,0.000000,0.000000,0.000000,0.000000,308.000000,0.000000,0.000000,0.000000,0.000000,0.000000,0.000000,0.000000,0.000000,0.000000,1107.000000,799.000000,308.000000,0.000000,1107.000000,0.000000,0.000000,0.000000,0.000000,0.000000,0.000000,0.000000,Swing,0.000000,0.000000,0.000000,ambiguous_stair,cop_invalid
674,2026-05-14 23:08:40,33.700000,2026-5-14_stair2_left.csv,stair2,0.000000,0.000000,799.000000,0.000000,0.000000,0.000000,0.000000,0.000000,308.000000,0.000000,0.000000,0.000000,0.000000,0.000000,0.000000,0.000000,0.000000,0.000000,1107.000000,799.000000,308.000000,0.000000,1107.000000,0.000000,0.000000,0.000000,0.000000,0.000000,0.000000,0.000000,Swing,0.000000,0.000000,0.000000,ambiguous_stair,cop_invalid
675,2026-05-14 23:08:40,33.750000,2026-5-14_stair2_left.csv,stair2,0.000000,0.000000,763.000000,0.000000,0.000000,0.000000,0.000000,0.000000,273.000000,0.000000,0.000000,0.000000,0.000000,0.000000,0.000000,0.000000,0.000000,0.000000,1036.000000,763.000000,273.000000,0.000000,1036.000000,0.000000,0.000000,0.000000,0.000000,0.000000,0.000000,0.000000,Swing,0.000000,0.000000,0.000000,ambiguous_stair,cop_invalid
676,2026-05-14 23:08:40,33.800000,2026-5-14_stair2_left.csv,stair2,0.000000,0.000000,742.000000,0.000000,0.000000,0.000000,0.000000,0.000000,274.000000,0.000000,0.000000,0.000000,0.000000,0.000000,0.000000,0.000000,0.000000,0.000000,1016.000000,742.000000,274.000000,0.000000,1016.000000,0.000000,0.000000,0.000000,0.000000,0.000000,0.000000,0.000000,Swing,0.000000,0.000000,0.000000,ambiguous_stair,cop_invalid
677,2026-05-14 23:08:41,33.850000,2026-5-14_stair2_left.csv,stair2,0.000000,0.000000,742.000000,0.000000,0.000000,0.000000,0.000000,0.000000,274.000000,0.000000,0.000000,0.000000,0.000000,0.000000,0.000000,0.000000,0.000000,0.000000,1016.000000,742.000000,274.000000,0.000000,1016.000000,0.000000,0.000000,0.000000,0.000000,0.000000,0.000000,0.000000,Swing,0.000000,0.000000,0.000000,ambiguous_stair,cop_invalid
678,2026-05-14 23:08:41,33.900000,2026-5-14_stair2_left.csv,stair2,0.000000,0.000000,718.000000,0.000000,0.000000,0.000000,0.000000,0.000000,239.000000,0.000000,0.000000,0.000000,0.000000,0.000000,0.000000,0.000000,0.000000,0.000000,957.000000,718.000000,239.000000,0.000000,957.000000,0.000000,0.000000,0.000000,0.000000,0.000000,0.000000,0.000000,Swing,0.000000,0.000000,0.000000,ambiguous_stair,cop_invalid
679,2026-05-14 23:08:41,33.950000,2026-5-14_stair2_left.csv,stair2,0.000000,0.000000,685.000000,0.000000,0.000000,0.000000,0.000000,0.000000,228.000000,0.000000,0.000000,0.000000,0.000000,0.000000,0.000000,0.000000,0.000000,0.000000,913.000000,685.000000,228.000000,0.000000,913.000000,0.000000,0.000000,0.000000,0.000000,0.000000,0.000000,0.000000,Swing,0.000000,0.000000,0.000000,ambiguous_stair,cop_invalid
680,2026-05-14 23:08:41,34.000000,2026-5-14_stair2_left.csv,stair2,0.000000,0.000000,637.000000,0.000000,0.000000,0.000000,0.000000,0.000000,204.000000,0.000000,0.000000,0.000000,0.000000,0.000000,0.000000,0.000000,0.000000,0.000000,841.000000,637.000000,204.000000,0.000000,841.000000,0.000000,0.000000,0.000000,0.000000,0.000000,0.000000,0.000000,Swing,0.000000,0.000000,0.000000,ambiguous_stair,cop_invalid
681,2026-05-14 23:08:41,34.050000,2026-5-14_stair2_left.csv,stair2,0.000000,0.000000,637.000000,0.000000,0.000000,0.000000,0.000000,0.000000,204.000000,0.000000,0.000000,0.000000,0.000000,0.000000,0.000000,0.000000,0.000000,0.000000,841.000000,637.000000,204.000000,0.000000,841.000000,0.000000,0.000000,0.000000,0.000000,0.000000,0.000000,0.000000,Swing,0.000000,0.000000,0.000000,ambiguous_stair,cop_invalid
682,2026-05-14 23:08:41,34.100000,2026-5-14_stair2_left.csv,stair2,0.000000,0.000000,458.000000,0.000000,0.000000,0.000000,0.000000,0.000000,113.000000,0.000000,0.000000,0.000000,0.000000,0.000000,0.000000,0.000000,0.000000,0.000000,571.000000,458.000000,113.000000,0.000000,571.000000,0.000000,0.000000,0.000000,0.000000,0.000000,0.000000,0.000000,Swing,0.000000,0.000000,0.000000,ambiguous_stair,cop_invalid
683,2026-05-14 23:08:41,34.150000,2026-5-14_stair2_left.csv,stair2,0.000000,0.000000,245.000000,0.000000,0.000000,0.000000,0.000000,0.000000,0.000000,0.000000,0.000000,0.000000,0.000000,0.000000,0.000000,0.000000,0.000000,0.000000,245.000000,245.000000,0.000000,0.000000,245.000000,0.000000,0.000000,0.000000,0.000000,0.000000,0.000000,0.000000,Swing,0.000000,0.000000,0.000000,ambiguous_stair,cop_invalid
684,2026-05-14 23:08:41,34.200000,2026-5-14_stair2_left.csv,stair2,0.000000,0.000000,245.000000,0.000000,0.000000,0.000000,0.000000,0.000000,0.000000,0.000000,0.000000,0.000000,0.000000,0.000000,0.000000,0.000000,0.000000,0.000000,245.000000,245.000000,0.000000,0.000000,245.000000,0.000000,0.000000,0.000000,0.000000,0.000000,0.000000,0.000000,Swing,0.000000,0.000000,0.000000,ambiguous_stair,cop_invalid
685,2026-05-14 23:08:41,34.250000,2026-5-14_stair2_left.csv,stair2,0.000000,0.000000,0.000000,0.000000,0.000000,0.000000,0.000000,0.000000,0.000000,0.000000,0.000000,0.000000,0.000000,0.000000,0.000000,0.000000,0.000000,0.000000,0.000000,0.000000,0.000000,0.000000,0.000000,0.000000,0.000000,0.000000,0.000000,0.000000,0.000000,0.000000,Swing,0.000000,0.000000,0.000000,ambiguous_stair,cop_invalid|low_pressure
686,2026-05-14 23:08:41,34.300000,2026-5-14_stair2_left.csv,stair2,0.000000,0.000000,0.000000,0.000000,0.000000,0.000000,0.000000,0.000000,0.000000,0.000000,0.000000,0.000000,0.000000,0.000000,0.000000,0.000000,0.000000,0.000000,0.000000,0.000000,0.000000,0.000000,0.000000,0.000000,0.000000,0.000000,0.000000,0.000000,0.000000,0.000000,Swing,0.000000,0.000000,0.000000,ambiguous_stair,cop_invalid|low_pressure
687,2026-05-14 23:08:41,34.350000,2026-5-14_stair2_left.csv,stair2,0.000000,0.000000,0.000000,0.000000,0.000000,0.000000,0.000000,0.000000,0.000000,0.000000,0.000000,0.000000,0.000000,0.000000,0.000000,0.000000,0.000000,0.000000,0.000000,0.000000,0.000000,0.000000,0.000000,0.000000,0.000000,0.000000,0.000000,0.000000,0.000000,0.000000,Swing,0.000000,0.000000,0.000000,ambiguous_stair,cop_invalid|low_pressure
688,2026-05-14 23:08:41,34.400000,2026-5-14_stair2_left.csv,stair2,0.000000,0.000000,0.000000,0.000000,0.000000,0.000000,0.000000,0.000000,0.000000,0.000000,0.000000,0.000000,0.000000,0.000000,0.000000,0.000000,0.000000,0.000000,0.000000,0.000000,0.000000,0.000000,0.000000,0.000000,0.000000,0.000000,0.000000,0.000000,0.000000,0.000000,Swing,0.000000,0.000000,0.000000,ambiguous_stair,cop_invalid|low_pressure
689,2026-05-14 23:08:41,34.450000,2026-5-14_stair2_left.csv,stair2,0.000000,0.000000,0.000000,0.000000,0.000000,0.000000,0.000000,0.000000,61.000000,0.000000,0.000000,0.000000,0.000000,0.000000,0.000000,0.000000,0.000000,0.000000,61.000000,0.000000,61.000000,0.000000,61.000000,0.000000,0.000000,0.000000,0.000000,0.000000,0.000000,0.000000,Swing,0.000000,0.000000,0.000000,ambiguous_stair,cop_invalid|low_pressure
690,2026-05-14 23:08:41,34.500000,2026-5-14_stair2_left.csv,stair2,0.000000,0.000000,991.000000,0.000000,0.000000,0.000000,0.000000,0.000000,1415.000000,0.000000,0.000000,0.000000,0.000000,0.000000,0.000000,0.000000,0.000000,0.000000,2406.000000,991.000000,1415.000000,0.000000,2406.000000,0.000000,0.000000,0.000000,0.000000,0.000000,0.000000,0.000000,Swing,0.000000,0.000000,0.000000,ambiguous_stair,cop_invalid
691,2026-05-14 23:08:41,34.550000,2026-5-14_stair2_left.csv,stair2,0.000000,0.000000,1614.000000,0.000000,0.000000,0.000000,0.000000,0.000000,1928.000000,175.000000,0.000000,0.000000,0.000000,0.000000,197.000000,448.000000,0.000000,0.000000,4362.000000,1614.000000,2103.000000,645.000000,4362.000000,0.000000,0.000000,0.000000,0.000000,0.000000,0.000000,0.000000,Swing,0.000000,0.000000,0.000000,ambiguous_stair,cop_invalid
692,2026-05-14 23:08:41,34.600000,2026-5-14_stair2_left.csv,stair2,0.000000,0.000000,1614.000000,0.000000,0.000000,0.000000,0.000000,0.000000,1928.000000,175.000000,0.000000,0.000000,0.000000,0.000000,197.000000,448.000000,0.000000,0.000000,4362.000000,1614.000000,2103.000000,645.000000,4362.000000,0.000000,56.435958,65.004677,0.131425,-0.417811,0.000000,0.000000,InitialContact,0.000000,0.000000,0.000000,ambiguous_stair,
693,2026-05-14 23:08:41,34.650000,2026-5-14_stair2_left.csv,stair2,0.000000,0.000000,2703.000000,559.000000,0.000000,0.000000,0.000000,0.000000,3162.000000,992.000000,0.000000,0.000000,0.000000,0.000000,838.000000,1088.000000,0.000000,0.000000,9342.000000,3262.000000,4154.000000,1926.000000,9342.000000,0.000000,57.190929,73.911004,0.172750,-0.436778,0.826497,-0.379335,InitialContact,0.055556,0.000000,0.000000,ambiguous_stair,
694,2026-05-14 23:08:41,34.700000,2026-5-14_stair2_left.csv,stair2,0.000000,0.000000,2703.000000,559.000000,0.000000,0.000000,0.000000,0.000000,3162.000000,992.000000,0.000000,0.000000,0.000000,0.000000,838.000000,1088.000000,0.000000,0.000000,9342.000000,3262.000000,4154.000000,1926.000000,9342.000000,0.000000,57.190929,73.911004,0.172750,-0.436778,0.000000,0.000000,InitialContact,0.111111,0.000000,0.000000,ambiguous_stair,
695,2026-05-14 23:08:41,34.750000,2026-5-14_stair2_left.csv,stair2,0.000000,0.000000,4302.000000,1874.000000,0.000000,0.000000,3.000000,0.000000,4717.000000,2665.000000,0.000000,0.000000,927.000000,0.000000,2265.000000,2661.000000,1623.000000,0.000000,21037.000000,6176.000000,7385.000000,7476.000000,21034.000000,3.000000,58.347246,94.717715,0.269292,-0.465827,1.930838,-0.580991,LoadingResponse,0.166667,3.884819,1.500000,ambiguous_stair,
696,2026-05-14 23:08:41,34.800000,2026-5-14_stair2_left.csv,stair2,0.000000,0.000000,4302.000000,1874.000000,0.000000,0.000000,3.000000,0.000000,4717.000000,2665.000000,0.000000,0.000000,927.000000,0.000000,2265.000000,2661.000000,1623.000000,0.000000,21037.000000,6176.000000,7385.000000,7476.000000,21034.000000,3.000000,58.347246,94.717715,0.269292,-0.465827,0.000000,0.000000,LoadingResponse,0.222222,3.884819,1.500000,ambiguous_stair,
697,2026-05-14 23:08:42,34.850000,2026-5-14_stair2_left.csv,stair2,0.000000,0.000000,4754.000000,2272.000000,0.000000,0.000000,359.000000,0.000000,5043.000000,3062.000000,293.000000,225.000000,1296.000000,0.000000,2614.000000,2967.000000,2034.000000,0.000000,24919.000000,7026.000000,8982.000000,8911.000000,24560.000000,359.000000,57.688609,99.138340,0.289803,-0.449280,0.410229,0.330932,LoadingResponse,0.277778,5.658762,1.500000,ambiguous_stair,
698,2026-05-14 23:08:42,34.900000,2026-5-14_stair2_left.csv,stair2,0.000000,0.000000,4754.000000,2272.000000,0.000000,0.000000,359.000000,0.000000,5043.000000,3062.000000,293.000000,225.000000,1296.000000,0.000000,2614.000000,2967.000000,2034.000000,0.000000,24919.000000,7026.000000,8982.000000,8911.000000,24560.000000,359.000000,57.688609,99.138340,0.289803,-0.449280,0.000000,0.000000,LoadingResponse,0.333333,5.658762,1.500000,ambiguous_stair,
699,2026-05-14 23:08:42,34.950000,2026-5-14_stair2_left.csv,stair2,0.000000,0.000000,4833.000000,2403.000000,0.000000,0.000000,811.000000,0.000000,5004.000000,3006.000000,418.000000,176.000000,1357.000000,0.000000,2322.000000,2445.000000,1557.000000,0.000000,24332.000000,7236.000000,9415.000000,7681.000000,23521.000000,811.000000,56.346755,97.730047,0.283269,-0.415570,-0.130688,0.674214,LoadingResponse,0.388889,5.196641,1.500000,ambiguous_stair,
700,2026-05-14 23:08:42,35.000000,2026-5-14_stair2_left.csv,stair2,0.000000,0.000000,4833.000000,2403.000000,0.000000,0.000000,811.000000,0.000000,5004.000000,3006.000000,418.000000,176.000000,1357.000000,0.000000,2322.000000,2445.000000,1557.000000,0.000000,24332.000000,7236.000000,9415.000000,7681.000000,23521.000000,811.000000,56.346755,97.730047,0.283269,-0.415570,0.000000,0.000000,LoadingResponse,0.444444,5.196641,1.500000,ambiguous_stair,
701,2026-05-14 23:08:42,35.050000,2026-5-14_stair2_left.csv,stair2,0.000000,0.000000,4679.000000,2098.000000,0.000000,0.000000,608.000000,0.000000,5017.000000,2814.000000,32.000000,6.000000,942.000000,0.000000,2005.000000,1993.000000,1028.000000,0.000000,21222.000000,6777.000000,8477.000000,5968.000000,20614.000000,608.000000,56.347292,91.121509,0.252605,-0.415583,-0.613264,-0.000270,LoadingResponse,0.500000,3.186630,1.500000,ambiguous_stair,
702,2026-05-14 23:08:42,35.100000,2026-5-14_stair2_left.csv,stair2,0.000000,0.000000,4679.000000,2098.000000,0.000000,0.000000,608.000000,0.000000,5017.000000,2814.000000,32.000000,6.000000,942.000000,0.000000,2005.000000,1993.000000,1028.000000,0.000000,21222.000000,6777.000000,8477.000000,5968.000000,20614.000000,608.000000,56.347292,91.121509,0.252605,-0.415583,0.000000,0.000000,LoadingResponse,0.555556,3.186630,1.500000,ambiguous_stair,
703,2026-05-14 23:08:42,35.150000,2026-5-14_stair2_left.csv,stair2,0.000000,0.000000,5038.000000,2497.000000,0.000000,0.000000,257.000000,0.000000,5557.000000,3114.000000,0.000000,0.000000,445.000000,0.000000,1825.000000,1694.000000,472.000000,0.000000,20899.000000,7535.000000,8928.000000,4436.000000,20642.000000,257.000000,56.046558,81.416915,0.207577,-0.408028,-0.900575,0.151104,LoadingResponse,0.611111,1.191910,1.191910,ambiguous_stair,
704,2026-05-14 23:08:42,35.200000,2026-5-14_stair2_left.csv,stair2,0.000000,0.000000,5038.000000,2497.000000,0.000000,0.000000,257.000000,0.000000,5557.000000,3114.000000,0.000000,0.000000,445.000000,0.000000,1825.000000,1694.000000,472.000000,0.000000,20899.000000,7535.000000,8928.000000,4436.000000,20642.000000,257.000000,56.046558,81.416915,0.207577,-0.408028,0.000000,0.000000,LoadingResponse,0.666667,1.191910,1.191910,ambiguous_stair,
705,2026-05-14 23:08:42,35.250000,2026-5-14_stair2_left.csv,stair2,0.000000,0.000000,5237.000000,2784.000000,0.000000,0.000000,68.000000,0.000000,5850.000000,3345.000000,0.000000,0.000000,282.000000,0.000000,1805.000000,1557.000000,330.000000,0.000000,21258.000000,8021.000000,9263.000000,3974.000000,21190.000000,68.000000,55.975389,77.785138,0.190725,-0.406240,-0.337025,0.035759,LoadingResponse,0.722222,0.471533,0.471533,ambiguous_stair,
706,2026-05-14 23:08:42,35.300000,2026-5-14_stair2_left.csv,stair2,0.000000,0.000000,5237.000000,2784.000000,0.000000,0.000000,68.000000,0.000000,5850.000000,3345.000000,0.000000,0.000000,282.000000,0.000000,1805.000000,1557.000000,330.000000,0.000000,21258.000000,8021.000000,9263.000000,3974.000000,21190.000000,68.000000,55.975389,77.785138,0.190725,-0.406240,0.000000,0.000000,LoadingResponse,0.777778,0.471533,0.471533,ambiguous_stair,
707,2026-05-14 23:08:42,35.350000,2026-5-14_stair2_left.csv,stair2,0.000000,0.000000,5754.000000,3176.000000,0.000000,0.000000,0.000000,0.000000,6089.000000,3438.000000,55.000000,0.000000,161.000000,0.000000,1460.000000,1344.000000,144.000000,0.000000,21621.000000,8930.000000,9582.000000,3109.000000,21621.000000,0.000000,55.107200,73.747213,0.171990,-0.384429,-0.374715,0.436221,LoadingResponse,0.833333,0.000000,0.000000,ambiguous_stair,
708,2026-05-14 23:08:42,35.400000,2026-5-14_stair2_left.csv,stair2,0.000000,0.000000,5754.000000,3176.000000,0.000000,0.000000,0.000000,0.000000,6089.000000,3438.000000,55.000000,0.000000,161.000000,0.000000,1460.000000,1344.000000,144.000000,0.000000,21621.000000,8930.000000,9582.000000,3109.000000,21621.000000,0.000000,55.107200,73.747213,0.171990,-0.384429,0.000000,0.000000,LoadingResponse,0.888889,0.000000,0.000000,ambiguous_stair,
709,2026-05-14 23:08:42,35.450000,2026-5-14_stair2_left.csv,stair2,282.000000,0.000000,5281.000000,2632.000000,0.000000,0.000000,313.000000,0.000000,4919.000000,2170.000000,0.000000,0.000000,230.000000,0.000000,966.000000,989.000000,8.000000,0.000000,17790.000000,8195.000000,7402.000000,2193.000000,17195.000000,595.000000,52.772274,75.243064,0.178930,-0.325770,0.138813,1.173182,LoadingResponse,0.944444,0.000000,0.000000,ambiguous_stair,
710,2026-05-14 23:08:42,35.500000,2026-5-14_stair2_left.csv,stair2,282.000000,0.000000,5281.000000,2632.000000,0.000000,0.000000,313.000000,0.000000,4919.000000,2170.000000,0.000000,0.000000,230.000000,0.000000,966.000000,989.000000,8.000000,0.000000,17790.000000,8195.000000,7402.000000,2193.000000,17195.000000,595.000000,52.772274,75.243064,0.178930,-0.325770,0.000000,0.000000,LoadingResponse,1.000000,0.000000,0.000000,ambiguous_stair,
711,2026-05-14 23:08:42,35.550000,2026-5-14_stair2_left.csv,stair2,2170.000000,60.000000,962.000000,0.000000,0.000000,0.000000,0.000000,0.000000,348.000000,0.000000,0.000000,0.000000,0.000000,0.000000,0.000000,0.000000,0.000000,0.000000,3540.000000,3192.000000,348.000000,0.000000,1310.000000,2230.000000,24.894836,137.620904,0.468360,0.374580,5.788589,14.007003,MidStance,1.000000,2.111128,1.500000,ambiguous_stair,
712,2026-05-14 23:08:42,35.600000,2026-5-14_stair2_left.csv,stair2,2170.000000,60.000000,962.000000,0.000000,0.000000,0.000000,0.000000,0.000000,348.000000,0.000000,0.000000,0.000000,0.000000,0.000000,0.000000,0.000000,0.000000,0.000000,3540.000000,3192.000000,348.000000,0.000000,1310.000000,2230.000000,24.894836,137.620904,0.468360,0.374580,0.000000,0.000000,MidStance,1.000000,2.111128,1.500000,ambiguous_stair,
713,2026-05-14 23:08:42,35.650000,2026-5-14_stair2_left.csv,stair2,2170.000000,60.000000,962.000000,0.000000,0.000000,0.000000,0.000000,0.000000,348.000000,0.000000,0.000000,0.000000,0.000000,0.000000,0.000000,0.000000,0.000000,0.000000,3540.000000,3192.000000,348.000000,0.000000,1310.000000,2230.000000,24.894836,137.620904,0.468360,0.374580,0.000000,0.000000,MidStance,1.000000,2.111128,1.500000,ambiguous_stair,
714,2026-05-14 23:08:42,35.700000,2026-5-14_stair2_left.csv,stair2,0.000000,0.000000,244.000000,0.000000,0.000000,0.000000,0.000000,0.000000,126.000000,0.000000,0.000000,0.000000,0.000000,0.000000,0.000000,0.000000,0.000000,0.000000,370.000000,244.000000,126.000000,0.000000,370.000000,0.000000,48.713351,49.820000,0.060969,-0.223800,-8.147820,-11.967600,LoadingResponse,1.000000,0.000000,0.000000,ambiguous_stair,
715,2026-05-14 23:08:42,35.750000,2026-5-14_stair2_left.csv,stair2,0.000000,0.000000,89.000000,0.000000,0.000000,0.000000,0.000000,0.000000,0.000000,0.000000,0.000000,0.000000,0.000000,0.000000,0.000000,0.000000,0.000000,0.000000,89.000000,89.000000,0.000000,0.000000,89.000000,0.000000,0.000000,0.000000,0.000000,0.000000,0.000000,0.000000,Swing,0.000000,0.000000,0.000000,ambiguous_stair,cop_invalid|low_pressure
716,2026-05-14 23:08:42,35.800000,2026-5-14_stair2_left.csv,stair2,0.000000,0.000000,89.000000,0.000000,0.000000,0.000000,0.000000,0.000000,0.000000,0.000000,0.000000,0.000000,0.000000,0.000000,0.000000,0.000000,0.000000,0.000000,89.000000,89.000000,0.000000,0.000000,89.000000,0.000000,0.000000,0.000000,0.000000,0.000000,0.000000,0.000000,Swing,0.000000,0.000000,0.000000,ambiguous_stair,cop_invalid|low_pressure
717,2026-05-14 23:08:43,35.850000,2026-5-14_stair2_left.csv,stair2,0.000000,0.000000,492.000000,0.000000,0.000000,0.000000,0.000000,0.000000,148.000000,0.000000,0.000000,0.000000,0.000000,0.000000,0.000000,0.000000,0.000000,0.000000,640.000000,492.000000,148.000000,0.000000,640.000000,0.000000,0.000000,0.000000,0.000000,0.000000,0.000000,0.000000,Swing,0.000000,0.000000,0.000000,ambiguous_stair,cop_invalid
718,2026-05-14 23:08:43,35.900000,2026-5-14_stair2_left.csv,stair2,0.000000,0.000000,594.000000,0.000000,0.000000,0.000000,0.000000,0.000000,335.000000,0.000000,0.000000,0.000000,0.000000,0.000000,0.000000,0.000000,0.000000,0.000000,929.000000,594.000000,335.000000,0.000000,929.000000,0.000000,0.000000,0.000000,0.000000,0.000000,0.000000,0.000000,Swing,0.000000,0.000000,0.000000,ambiguous_stair,cop_invalid
719,2026-05-14 23:08:43,35.950000,2026-5-14_stair2_left.csv,stair2,0.000000,0.000000,594.000000,0.000000,0.000000,0.000000,0.000000,0.000000,335.000000,0.000000,0.000000,0.000000,0.000000,0.000000,0.000000,0.000000,0.000000,0.000000,929.000000,594.000000,335.000000,0.000000,929.000000,0.000000,0.000000,0.000000,0.000000,0.000000,0.000000,0.000000,Swing,0.000000,0.000000,0.000000,ambiguous_stair,cop_invalid
720,2026-05-14 23:08:43,36.000000,2026-5-14_stair2_left.csv,stair2,0.000000,0.000000,594.000000,0.000000,0.000000,0.000000,0.000000,0.000000,335.000000,0.000000,0.000000,0.000000,0.000000,0.000000,0.000000,0.000000,0.000000,0.000000,929.000000,594.000000,335.000000,0.000000,929.000000,0.000000,0.000000,0.000000,0.000000,0.000000,0.000000,0.000000,Swing,0.000000,0.000000,0.000000,ambiguous_stair,cop_invalid
721,2026-05-14 23:08:43,36.050000,2026-5-14_stair2_left.csv,stair2,0.000000,0.000000,77.000000,0.000000,0.000000,0.000000,0.000000,0.000000,0.000000,0.000000,0.000000,0.000000,0.000000,0.000000,0.000000,0.000000,0.000000,0.000000,77.000000,77.000000,0.000000,0.000000,77.000000,0.000000,0.000000,0.000000,0.000000,0.000000,0.000000,0.000000,Swing,0.000000,0.000000,0.000000,ambiguous_stair,cop_invalid|low_pressure
722,2026-05-14 23:08:43,36.100000,2026-5-14_stair2_left.csv,stair2,0.000000,0.000000,77.000000,0.000000,0.000000,0.000000,0.000000,0.000000,0.000000,0.000000,0.000000,0.000000,0.000000,0.000000,0.000000,0.000000,0.000000,0.000000,77.000000,77.000000,0.000000,0.000000,77.000000,0.000000,0.000000,0.000000,0.000000,0.000000,0.000000,0.000000,Swing,0.000000,0.000000,0.000000,ambiguous_stair,cop_invalid|low_pressure
723,2026-05-14 23:08:43,36.150000,2026-5-14_stair2_left.csv,stair2,595.000000,0.000000,7173.000000,3202.000000,0.000000,0.000000,0.000000,0.000000,6325.000000,2896.000000,0.000000,0.000000,0.000000,0.000000,0.000000,0.000000,0.000000,0.000000,20191.000000,10970.000000,9221.000000,0.000000,19596.000000,595.000000,0.000000,0.000000,0.000000,0.000000,0.000000,0.000000,Swing,0.000000,0.000000,0.000000,ambiguous_stair,cop_invalid
724,2026-05-14 23:08:43,36.200000,2026-5-14_stair2_left.csv,stair2,595.000000,0.000000,7173.000000,3202.000000,0.000000,0.000000,0.000000,0.000000,6325.000000,2896.000000,0.000000,0.000000,0.000000,0.000000,0.000000,0.000000,0.000000,0.000000,20191.000000,10970.000000,9221.000000,0.000000,19596.000000,595.000000,0.000000,0.000000,0.000000,0.000000,0.000000,0.000000,Swing,0.000000,0.000000,0.000000,ambiguous_stair,cop_invalid
725,2026-05-14 23:08:43,36.250000,2026-5-14_stair2_left.csv,stair2,1243.000000,0.000000,7773.000000,3709.000000,0.000000,0.000000,157.000000,0.000000,6530.000000,3215.000000,0.000000,0.000000,122.000000,0.000000,8.000000,95.000000,0.000000,0.000000,22852.000000,12725.000000,9902.000000,225.000000,21452.000000,1400.000000,49.302251,70.056392,0.154864,-0.238594,0.000000,0.000000,InitialContact,0.000000,0.000000,0.000000,ambiguous_stair,
726,2026-05-14 23:08:43,36.300000,2026-5-14_stair2_left.csv,stair2,1243.000000,0.000000,7773.000000,3709.000000,0.000000,0.000000,157.000000,0.000000,6530.000000,3215.000000,0.000000,0.000000,122.000000,0.000000,8.000000,95.000000,0.000000,0.000000,22852.000000,12725.000000,9902.000000,225.000000,21452.000000,1400.000000,49.302251,70.056392,0.154864,-0.238594,0.000000,0.000000,InitialContact,0.052083,0.000000,0.000000,ambiguous_stair,
727,2026-05-14 23:08:43,36.350000,2026-5-14_stair2_left.csv,stair2,1017.000000,0.000000,7352.000000,3246.000000,0.000000,0.000000,68.000000,0.000000,6146.000000,2899.000000,0.000000,0.000000,80.000000,0.000000,0.000000,152.000000,0.000000,0.000000,20960.000000,11615.000000,9113.000000,232.000000,19875.000000,1085.000000,49.697729,68.486454,0.147580,-0.248530,-0.145688,-0.198708,InitialContact,0.104167,0.000000,0.000000,ambiguous_stair,
728,2026-05-14 23:08:43,36.400000,2026-5-14_stair2_left.csv,stair2,1017.000000,0.000000,7352.000000,3246.000000,0.000000,0.000000,68.000000,0.000000,6146.000000,2899.000000,0.000000,0.000000,80.000000,0.000000,0.000000,152.000000,0.000000,0.000000,20960.000000,11615.000000,9113.000000,232.000000,19875.000000,1085.000000,49.697729,68.486454,0.147580,-0.248530,0.000000,0.000000,LoadingResponse,0.156250,0.000000,0.000000,ambiguous_stair,
729,2026-05-14 23:08:43,36.450000,2026-5-14_stair2_left.csv,stair2,778.000000,0.000000,6569.000000,2579.000000,0.000000,0.000000,0.000000,0.000000,5562.000000,2416.000000,0.000000,0.000000,0.000000,0.000000,0.000000,190.000000,0.000000,0.000000,18094.000000,9926.000000,7978.000000,190.000000,17316.000000,778.000000,50.173513,66.485699,0.138297,-0.260483,-0.185668,-0.239058,LoadingResponse,0.208333,0.000000,0.000000,ambiguous_stair,
730,2026-05-14 23:08:43,36.500000,2026-5-14_stair2_left.csv,stair2,621.000000,0.000000,6901.000000,2906.000000,0.000000,0.000000,0.000000,0.000000,6000.000000,2864.000000,0.000000,0.000000,0.000000,0.000000,340.000000,552.000000,0.000000,0.000000,20184.000000,10428.000000,8864.000000,892.000000,19563.000000,621.000000,51.458551,68.051649,0.145563,-0.292766,0.145318,-0.645667,LoadingResponse,0.260417,0.000000,0.000000,ambiguous_stair,
731,2026-05-14 23:08:43,36.550000,2026-5-14_stair2_left.csv,stair2,621.000000,0.000000,6901.000000,2906.000000,0.000000,0.000000,0.000000,0.000000,6000.000000,2864.000000,0.000000,0.000000,0.000000,0.000000,340.000000,552.000000,0.000000,0.000000,20184.000000,10428.000000,8864.000000,892.000000,19563.000000,621.000000,51.458551,68.051649,0.145563,-0.292766,0.000000,0.000000,LoadingResponse,0.312500,0.000000,0.000000,ambiguous_stair,
732,2026-05-14 23:08:43,36.600000,2026-5-14_stair2_left.csv,stair2,621.000000,0.000000,6901.000000,2906.000000,0.000000,0.000000,0.000000,0.000000,6000.000000,2864.000000,0.000000,0.000000,0.000000,0.000000,340.000000,552.000000,0.000000,0.000000,20184.000000,10428.000000,8864.000000,892.000000,19563.000000,621.000000,51.458551,68.051649,0.145563,-0.292766,0.000000,0.000000,LoadingResponse,0.364583,0.000000,0.000000,ambiguous_stair,
733,2026-05-14 23:08:43,36.650000,2026-5-14_stair2_left.csv,stair2,884.000000,0.000000,6691.000000,3033.000000,0.000000,0.000000,294.000000,0.000000,5737.000000,2893.000000,0.000000,0.000000,322.000000,0.000000,756.000000,996.000000,161.000000,0.000000,21767.000000,10608.000000,8924.000000,2235.000000,20589.000000,1178.000000,51.433202,77.025373,0.187200,-0.292129,0.832751,0.012737,LoadingResponse,0.416667,0.324128,0.324128,ambiguous_stair,
734,2026-05-14 23:08:43,36.700000,2026-5-14_stair2_left.csv,stair2,3481.000000,121.000000,2961.000000,0.000000,0.000000,512.000000,2800.000000,0.000000,2460.000000,0.000000,0.000000,610.000000,2056.000000,0.000000,352.000000,1503.000000,875.000000,0.000000,17731.000000,7075.000000,5870.000000,4786.000000,10817.000000,6914.000000,41.885595,139.630008,0.477682,-0.052270,5.809636,4.797190,MidStance,0.468750,10.915971,1.500000,ambiguous_stair,
735,2026-05-14 23:08:43,36.750000,2026-5-14_stair2_left.csv,stair2,3481.000000,121.000000,2961.000000,0.000000,0.000000,512.000000,2800.000000,0.000000,2460.000000,0.000000,0.000000,610.000000,2056.000000,0.000000,352.000000,1503.000000,875.000000,0.000000,17731.000000,7075.000000,5870.000000,4786.000000,10817.000000,6914.000000,41.885595,139.630008,0.477682,-0.052270,0.000000,0.000000,MidStance,0.520833,10.915971,1.500000,ambiguous_stair,
736,2026-05-14 23:08:43,36.800000,2026-5-14_stair2_left.csv,stair2,3481.000000,121.000000,2961.000000,0.000000,0.000000,512.000000,2800.000000,0.000000,2460.000000,0.000000,0.000000,610.000000,2056.000000,0.000000,352.000000,1503.000000,875.000000,0.000000,17731.000000,7075.000000,5870.000000,4786.000000,10817.000000,6914.000000,41.885595,139.630008,0.477682,-0.052270,0.000000,0.000000,MidStance,0.572917,10.915971,1.500000,ambiguous_stair,
737,2026-05-14 23:08:44,36.850000,2026-5-14_stair2_left.csv,stair2,0.000000,0.000000,507.000000,0.000000,0.000000,0.000000,0.000000,0.000000,581.000000,0.000000,0.000000,0.000000,0.000000,0.000000,0.000000,0.000000,0.000000,0.000000,1088.000000,507.000000,581.000000,0.000000,1088.000000,0.000000,53.277233,49.820000,0.060969,-0.338456,-8.334262,-5.723723,LoadingResponse,0.625000,0.000000,0.000000,ambiguous_stair,
738,2026-05-14 23:08:44,36.900000,2026-5-14_stair2_left.csv,stair2,0.000000,0.000000,507.000000,0.000000,0.000000,0.000000,0.000000,0.000000,581.000000,0.000000,0.000000,0.000000,0.000000,0.000000,0.000000,0.000000,0.000000,0.000000,1088.000000,507.000000,581.000000,0.000000,1088.000000,0.000000,53.277233,49.820000,0.060969,-0.338456,0.000000,0.000000,LoadingResponse,0.677083,0.000000,0.000000,ambiguous_stair,
739,2026-05-14 23:08:44,36.950000,2026-5-14_stair2_left.csv,stair2,0.000000,0.000000,160.000000,0.000000,0.000000,0.000000,0.000000,0.000000,0.000000,0.000000,0.000000,0.000000,0.000000,0.000000,0.000000,0.000000,0.000000,0.000000,160.000000,160.000000,0.000000,0.000000,160.000000,0.000000,0.000000,0.000000,0.000000,0.000000,0.000000,0.000000,Swing,0.000000,0.000000,0.000000,ambiguous_stair,cop_invalid|low_pressure
740,2026-05-14 23:08:44,37.000000,2026-5-14_stair2_left.csv,stair2,0.000000,0.000000,160.000000,0.000000,0.000000,0.000000,0.000000,0.000000,0.000000,0.000000,0.000000,0.000000,0.000000,0.000000,0.000000,0.000000,0.000000,0.000000,160.000000,160.000000,0.000000,0.000000,160.000000,0.000000,0.000000,0.000000,0.000000,0.000000,0.000000,0.000000,Swing,0.000000,0.000000,0.000000,ambiguous_stair,cop_invalid|low_pressure
741,2026-05-14 23:08:44,37.050000,2026-5-14_stair2_left.csv,stair2,0.000000,0.000000,411.000000,0.000000,0.000000,0.000000,0.000000,0.000000,67.000000,0.000000,0.000000,0.000000,0.000000,0.000000,0.000000,0.000000,0.000000,0.000000,478.000000,411.000000,67.000000,0.000000,478.000000,0.000000,0.000000,0.000000,0.000000,0.000000,0.000000,0.000000,Swing,0.000000,0.000000,0.000000,ambiguous_stair,cop_invalid
742,2026-05-14 23:08:44,37.100000,2026-5-14_stair2_left.csv,stair2,0.000000,0.000000,581.000000,0.000000,0.000000,0.000000,0.000000,0.000000,391.000000,0.000000,0.000000,0.000000,0.000000,0.000000,0.000000,0.000000,0.000000,0.000000,972.000000,581.000000,391.000000,0.000000,972.000000,0.000000,0.000000,0.000000,0.000000,0.000000,0.000000,0.000000,Swing,0.000000,0.000000,0.000000,ambiguous_stair,cop_invalid
743,2026-05-14 23:08:44,37.150000,2026-5-14_stair2_left.csv,stair2,0.000000,0.000000,581.000000,0.000000,0.000000,0.000000,0.000000,0.000000,391.000000,0.000000,0.000000,0.000000,0.000000,0.000000,0.000000,0.000000,0.000000,0.000000,972.000000,581.000000,391.000000,0.000000,972.000000,0.000000,0.000000,0.000000,0.000000,0.000000,0.000000,0.000000,Swing,0.000000,0.000000,0.000000,ambiguous_stair,cop_invalid
744,2026-05-14 23:08:44,37.200000,2026-5-14_stair2_left.csv,stair2,0.000000,0.000000,481.000000,0.000000,0.000000,0.000000,0.000000,0.000000,322.000000,0.000000,0.000000,0.000000,0.000000,0.000000,0.000000,0.000000,0.000000,0.000000,803.000000,481.000000,322.000000,0.000000,803.000000,0.000000,0.000000,0.000000,0.000000,0.000000,0.000000,0.000000,Swing,0.000000,0.000000,0.000000,ambiguous_stair,cop_invalid
745,2026-05-14 23:08:44,37.250000,2026-5-14_stair2_left.csv,stair2,0.000000,0.000000,1368.000000,0.000000,0.000000,0.000000,0.000000,0.000000,1575.000000,82.000000,0.000000,0.000000,0.000000,0.000000,66.000000,316.000000,0.000000,0.000000,3407.000000,1368.000000,1657.000000,382.000000,3407.000000,0.000000,0.000000,0.000000,0.000000,0.000000,0.000000,0.000000,Swing,0.000000,0.000000,0.000000,ambiguous_stair,cop_invalid
746,2026-05-14 23:08:44,37.300000,2026-5-14_stair2_left.csv,stair2,0.000000,0.000000,1368.000000,0.000000,0.000000,0.000000,0.000000,0.000000,1575.000000,82.000000,0.000000,0.000000,0.000000,0.000000,66.000000,316.000000,0.000000,0.000000,3407.000000,1368.000000,1657.000000,382.000000,3407.000000,0.000000,0.000000,0.000000,0.000000,0.000000,0.000000,0.000000,Swing,0.000000,0.000000,0.000000,ambiguous_stair,cop_invalid
747,2026-05-14 23:08:44,37.350000,2026-5-14_stair2_left.csv,stair2,416.000000,0.000000,5357.000000,2590.000000,0.000000,0.000000,813.000000,0.000000,5042.000000,2595.000000,0.000000,0.000000,997.000000,0.000000,1404.000000,1722.000000,719.000000,0.000000,21655.000000,8363.000000,8450.000000,4842.000000,20426.000000,1229.000000,53.643475,89.726292,0.246132,-0.347657,0.000000,0.000000,InitialContact,0.000000,2.961721,1.500000,ambiguous_stair,
748,2026-05-14 23:08:44,37.400000,2026-5-14_stair2_left.csv,stair2,416.000000,0.000000,5357.000000,2590.000000,0.000000,0.000000,813.000000,0.000000,5042.000000,2595.000000,0.000000,0.000000,997.000000,0.000000,1404.000000,1722.000000,719.000000,0.000000,21655.000000,8363.000000,8450.000000,4842.000000,20426.000000,1229.000000,53.643475,89.726292,0.246132,-0.347657,0.000000,0.000000,InitialContact,0.055066,2.961721,1.500000,ambiguous_stair,
749,2026-05-14 23:08:44,37.450000,2026-5-14_stair2_left.csv,stair2,764.000000,0.000000,5307.000000,2648.000000,0.000000,0.000000,1242.000000,0.000000,4985.000000,2698.000000,223.000000,144.000000,1594.000000,0.000000,1828.000000,2313.000000,1234.000000,0.000000,24980.000000,8719.000000,9292.000000,6969.000000,22974.000000,2006.000000,53.518272,99.946976,0.293555,-0.344511,0.948467,0.062908,LoadingResponse,0.110132,5.866450,1.500000,ambiguous_stair,
750,2026-05-14 23:08:44,37.500000,2026-5-14_stair2_left.csv,stair2,764.000000,0.000000,5307.000000,2648.000000,0.000000,0.000000,1242.000000,0.000000,4985.000000,2698.000000,223.000000,144.000000,1594.000000,0.000000,1828.000000,2313.000000,1234.000000,0.000000,24980.000000,8719.000000,9292.000000,6969.000000,22974.000000,2006.000000,53.518272,99.946976,0.293555,-0.344511,0.000000,0.000000,LoadingResponse,0.165198,5.866450,1.500000,ambiguous_stair,
751,2026-05-14 23:08:44,37.550000,2026-5-14_stair2_left.csv,stair2,268.000000,0.000000,3183.000000,736.000000,0.000000,0.000000,960.000000,0.000000,3291.000000,1319.000000,0.000000,231.000000,1635.000000,0.000000,1832.000000,2688.000000,1378.000000,0.000000,17521.000000,4187.000000,5801.000000,7533.000000,16293.000000,1228.000000,56.639946,111.922895,0.349123,-0.422935,1.111351,-1.568483,LoadingResponse,0.220264,6.128259,1.500000,ambiguous_stair,
752,2026-05-14 23:08:44,37.600000,2026-5-14_stair2_left.csv,stair2,268.000000,0.000000,3183.000000,736.000000,0.000000,0.000000,960.000000,0.000000,3291.000000,1319.000000,0.000000,231.000000,1635.000000,0.000000,1832.000000,2688.000000,1378.000000,0.000000,17521.000000,4187.000000,5801.000000,7533.000000,16293.000000,1228.000000,56.639946,111.922895,0.349123,-0.422935,0.000000,0.000000,LoadingResponse,0.275330,6.128259,1.500000,ambiguous_stair,
753,2026-05-14 23:08:44,37.650000,2026-5-14_stair2_left.csv,stair2,0.000000,0.000000,2308.000000,137.000000,0.000000,0.000000,1038.000000,0.000000,2811.000000,1129.000000,0.000000,786.000000,2136.000000,0.000000,2491.000000,3587.000000,2274.000000,0.000000,18697.000000,2445.000000,5764.000000,10488.000000,17659.000000,1038.000000,59.425185,125.984977,0.414370,-0.492908,1.304945,-1.399441,MidStance,0.330396,9.062546,1.500000,ambiguous_stair,
754,2026-05-14 23:08:44,37.700000,2026-5-14_stair2_left.csv,stair2,0.000000,0.000000,2308.000000,137.000000,0.000000,0.000000,1038.000000,0.000000,2811.000000,1129.000000,0.000000,786.000000,2136.000000,0.000000,2491.000000,3587.000000,2274.000000,0.000000,18697.000000,2445.000000,5764.000000,10488.000000,17659.000000,1038.000000,59.425185,125.984977,0.414370,-0.492908,0.000000,0.000000,MidStance,0.385463,9.062546,1.500000,ambiguous_stair,
755,2026-05-14 23:08:44,37.750000,2026-5-14_stair2_left.csv,stair2,169.000000,0.000000,2743.000000,637.000000,0.000000,0.000000,1803.000000,0.000000,3087.000000,1668.000000,358.000000,1575.000000,3381.000000,0.000000,3192.000000,4748.000000,3205.000000,0.000000,26566.000000,3549.000000,8491.000000,14526.000000,24594.000000,1972.000000,57.981273,131.359373,0.439307,-0.456633,0.498738,0.725492,MidStance,0.440529,14.246773,1.500000,ambiguous_stair,
756,2026-05-14 23:08:44,37.800000,2026-5-14_stair2_left.csv,stair2,169.000000,0.000000,2743.000000,637.000000,0.000000,0.000000,1803.000000,0.000000,3087.000000,1668.000000,358.000000,1575.000000,3381.000000,0.000000,3192.000000,4748.000000,3205.000000,0.000000,26566.000000,3549.000000,8491.000000,14526.000000,24594.000000,1972.000000,57.981273,131.359373,0.439307,-0.456633,0.000000,0.000000,MidStance,0.495595,14.246773,1.500000,ambiguous_stair,
757,2026-05-14 23:08:45,37.850000,2026-5-14_stair2_left.csv,stair2,169.000000,0.000000,2743.000000,637.000000,0.000000,0.000000,1803.000000,0.000000,3087.000000,1668.000000,358.000000,1575.000000,3381.000000,0.000000,3192.000000,4748.000000,3205.000000,0.000000,26566.000000,3549.000000,8491.000000,14526.000000,24594.000000,1972.000000,57.981273,131.359373,0.439307,-0.456633,0.000000,0.000000,MidStance,0.550661,14.246773,1.500000,ambiguous_stair,
758,2026-05-14 23:08:45,37.900000,2026-5-14_stair2_left.csv,stair2,2004.000000,0.000000,1083.000000,0.000000,0.000000,0.000000,3879.000000,0.000000,1787.000000,0.000000,0.000000,585.000000,5191.000000,0.000000,1513.000000,3472.000000,3704.000000,0.000000,23218.000000,3087.000000,6251.000000,13880.000000,17335.000000,5883.000000,51.476683,160.503405,0.574533,-0.293222,2.704532,3.268228,MidStance,0.605727,18.944584,1.500000,ambiguous_stair,
759,2026-05-14 23:08:45,37.950000,2026-5-14_stair2_left.csv,stair2,2004.000000,0.000000,1083.000000,0.000000,0.000000,0.000000,3879.000000,0.000000,1787.000000,0.000000,0.000000,585.000000,5191.000000,0.000000,1513.000000,3472.000000,3704.000000,0.000000,23218.000000,3087.000000,6251.000000,13880.000000,17335.000000,5883.000000,51.476683,160.503405,0.574533,-0.293222,0.000000,0.000000,MidStance,0.660793,18.944584,1.500000,ambiguous_stair,
760,2026-05-14 23:08:45,38.000000,2026-5-14_stair2_left.csv,stair2,0.000000,0.000000,0.000000,0.000000,0.000000,0.000000,0.000000,0.000000,9.000000,0.000000,0.000000,0.000000,0.000000,0.000000,0.000000,287.000000,0.000000,0.000000,296.000000,0.000000,9.000000,287.000000,296.000000,0.000000,71.125034,150.405743,0.527681,-0.786837,-0.937051,-9.872303,MidStance,0.715859,0.212838,0.212838,ambiguous_stair,
761,2026-05-14 23:08:45,38.050000,2026-5-14_stair2_left.csv,stair2,0.000000,0.000000,0.000000,0.000000,0.000000,0.000000,0.000000,0.000000,9.000000,0.000000,0.000000,0.000000,0.000000,0.000000,0.000000,287.000000,0.000000,0.000000,296.000000,0.000000,9.000000,287.000000,296.000000,0.000000,71.125034,150.405743,0.527681,-0.786837,0.000000,0.000000,MidStance,0.770925,0.212838,0.212838,ambiguous_stair,
762,2026-05-14 23:08:45,38.100000,2026-5-14_stair2_left.csv,stair2,0.000000,0.000000,0.000000,0.000000,0.000000,0.000000,0.000000,0.000000,9.000000,0.000000,0.000000,0.000000,0.000000,0.000000,0.000000,287.000000,0.000000,0.000000,296.000000,0.000000,9.000000,287.000000,296.000000,0.000000,0.000000,0.000000,0.000000,0.000000,0.000000,0.000000,Swing,0.000000,0.000000,0.000000,ambiguous_stair,cop_invalid
763,2026-05-14 23:08:45,38.150000,2026-5-14_stair2_left.csv,stair2,0.000000,0.000000,0.000000,0.000000,0.000000,0.000000,0.000000,0.000000,0.000000,0.000000,0.000000,0.000000,0.000000,0.000000,0.000000,0.000000,0.000000,0.000000,0.000000,0.000000,0.000000,0.000000,0.000000,0.000000,0.000000,0.000000,0.000000,0.000000,0.000000,0.000000,Swing,0.000000,0.000000,0.000000,ambiguous_stair,cop_invalid|low_pressure
764,2026-05-14 23:08:45,38.200000,2026-5-14_stair2_left.csv,stair2,0.000000,0.000000,0.000000,0.000000,0.000000,0.000000,0.000000,0.000000,0.000000,0.000000,0.000000,0.000000,0.000000,0.000000,0.000000,0.000000,0.000000,0.000000,0.000000,0.000000,0.000000,0.000000,0.000000,0.000000,0.000000,0.000000,0.000000,0.000000,0.000000,0.000000,Swing,0.000000,0.000000,0.000000,ambiguous_stair,cop_invalid|low_pressure
765,2026-05-14 23:08:45,38.250000,2026-5-14_stair2_left.csv,stair2,0.000000,0.000000,20.000000,0.000000,0.000000,0.000000,0.000000,0.000000,0.000000,0.000000,0.000000,0.000000,0.000000,0.000000,0.000000,0.000000,0.000000,0.000000,20.000000,20.000000,0.000000,0.000000,20.000000,0.000000,0.000000,0.000000,0.000000,0.000000,0.000000,0.000000,Swing,0.000000,0.000000,0.000000,ambiguous_stair,cop_invalid|low_pressure
766,2026-05-14 23:08:45,38.300000,2026-5-14_stair2_left.csv,stair2,0.000000,0.000000,20.000000,0.000000,0.000000,0.000000,0.000000,0.000000,0.000000,0.000000,0.000000,0.000000,0.000000,0.000000,0.000000,0.000000,0.000000,0.000000,20.000000,20.000000,0.000000,0.000000,20.000000,0.000000,0.000000,0.000000,0.000000,0.000000,0.000000,0.000000,Swing,0.000000,0.000000,0.000000,ambiguous_stair,cop_invalid|low_pressure
767,2026-05-14 23:08:45,38.350000,2026-5-14_stair2_left.csv,stair2,0.000000,0.000000,0.000000,0.000000,0.000000,0.000000,0.000000,0.000000,0.000000,0.000000,0.000000,0.000000,0.000000,0.000000,0.000000,0.000000,0.000000,0.000000,0.000000,0.000000,0.000000,0.000000,0.000000,0.000000,0.000000,0.000000,0.000000,0.000000,0.000000,0.000000,Swing,0.000000,0.000000,0.000000,ambiguous_stair,cop_invalid|low_pressure
768,2026-05-14 23:08:45,38.400000,2026-5-14_stair2_left.csv,stair2,0.000000,0.000000,2385.000000,431.000000,0.000000,0.000000,0.000000,0.000000,2444.000000,495.000000,0.000000,0.000000,0.000000,0.000000,418.000000,663.000000,0.000000,0.000000,6836.000000,2816.000000,2939.000000,1081.000000,6836.000000,0.000000,0.000000,0.000000,0.000000,0.000000,0.000000,0.000000,Swing,0.000000,0.000000,0.000000,ambiguous_stair,cop_invalid
769,2026-05-14 23:08:45,38.450000,2026-5-14_stair2_left.csv,stair2,0.000000,0.000000,2385.000000,431.000000,0.000000,0.000000,0.000000,0.000000,2444.000000,495.000000,0.000000,0.000000,0.000000,0.000000,418.000000,663.000000,0.000000,0.000000,6836.000000,2816.000000,2939.000000,1081.000000,6836.000000,0.000000,0.000000,0.000000,0.000000,0.000000,0.000000,0.000000,Swing,0.000000,0.000000,0.000000,ambiguous_stair,cop_invalid
770,2026-05-14 23:08:45,38.500000,2026-5-14_stair2_left.csv,stair2,313.000000,0.000000,4807.000000,2257.000000,0.000000,0.000000,329.000000,0.000000,3943.000000,1771.000000,0.000000,0.000000,524.000000,0.000000,775.000000,889.000000,420.000000,0.000000,16028.000000,7377.000000,6043.000000,2608.000000,15386.000000,642.000000,52.386434,81.378524,0.207398,-0.316077,0.000000,0.000000,InitialContact,0.000000,0.908203,0.908203,ambiguous_stair,
771,2026-05-14 23:08:45,38.550000,2026-5-14_stair2_left.csv,stair2,313.000000,0.000000,4807.000000,2257.000000,0.000000,0.000000,329.000000,0.000000,3943.000000,1771.000000,0.000000,0.000000,524.000000,0.000000,775.000000,889.000000,420.000000,0.000000,16028.000000,7377.000000,6043.000000,2608.000000,15386.000000,642.000000,52.386434,81.378524,0.207398,-0.316077,0.000000,0.000000,InitialContact,0.057052,0.908203,0.908203,ambiguous_stair,
772,2026-05-14 23:08:45,38.600000,2026-5-14_stair2_left.csv,stair2,999.000000,0.000000,5539.000000,2999.000000,0.000000,0.000000,652.000000,0.000000,4299.000000,2130.000000,0.000000,0.000000,658.000000,0.000000,700.000000,723.000000,326.000000,0.000000,19025.000000,9537.000000,7081.000000,2407.000000,17374.000000,1651.000000,49.780305,84.873915,0.223617,-0.250604,0.324368,1.309448,InitialContact,0.114103,1.716154,1.500000,ambiguous_stair,
773,2026-05-14 23:08:45,38.650000,2026-5-14_stair2_left.csv,stair2,703.000000,0.000000,4887.000000,2114.000000,0.000000,0.000000,315.000000,0.000000,3675.000000,1476.000000,0.000000,0.000000,395.000000,0.000000,501.000000,478.000000,186.000000,0.000000,14730.000000,7704.000000,5466.000000,1560.000000,13712.000000,1018.000000,49.878436,79.060320,0.196642,-0.253070,-0.539495,-0.049306,LoadingResponse,0.171155,0.506978,0.506978,ambiguous_stair,
774,2026-05-14 23:08:45,38.700000,2026-5-14_stair2_left.csv,stair2,703.000000,0.000000,4887.000000,2114.000000,0.000000,0.000000,315.000000,0.000000,3675.000000,1476.000000,0.000000,0.000000,395.000000,0.000000,501.000000,478.000000,186.000000,0.000000,14730.000000,7704.000000,5466.000000,1560.000000,13712.000000,1018.000000,49.878436,79.060320,0.196642,-0.253070,0.000000,0.000000,LoadingResponse,0.228206,0.506978,0.506978,ambiguous_stair,
775,2026-05-14 23:08:45,38.750000,2026-5-14_stair2_left.csv,stair2,303.000000,0.000000,4512.000000,1777.000000,0.000000,0.000000,109.000000,0.000000,3508.000000,1378.000000,0.000000,0.000000,435.000000,0.000000,617.000000,628.000000,244.000000,0.000000,13511.000000,6592.000000,4995.000000,1924.000000,13099.000000,412.000000,51.966970,77.121656,0.187647,-0.305539,-0.179906,-1.049383,LoadingResponse,0.285258,0.213673,0.213673,ambiguous_stair,
776,2026-05-14 23:08:45,38.800000,2026-5-14_stair2_left.csv,stair2,303.000000,0.000000,4512.000000,1777.000000,0.000000,0.000000,109.000000,0.000000,3508.000000,1378.000000,0.000000,0.000000,435.000000,0.000000,617.000000,628.000000,244.000000,0.000000,13511.000000,6592.000000,4995.000000,1924.000000,13099.000000,412.000000,51.966970,77.121656,0.187647,-0.305539,0.000000,0.000000,LoadingResponse,0.342309,0.213673,0.213673,ambiguous_stair,
777,2026-05-14 23:08:46,38.850000,2026-5-14_stair2_left.csv,stair2,0.000000,0.000000,4814.000000,2188.000000,0.000000,0.000000,0.000000,0.000000,4132.000000,2031.000000,0.000000,0.000000,496.000000,0.000000,1221.000000,1140.000000,663.000000,0.000000,16685.000000,7002.000000,6163.000000,3520.000000,16685.000000,0.000000,54.877206,80.408847,0.202899,-0.378651,0.305047,-1.462247,LoadingResponse,0.399361,0.790177,0.790177,ambiguous_stair,
778,2026-05-14 23:08:46,38.900000,2026-5-14_stair2_left.csv,stair2,0.000000,0.000000,4814.000000,2188.000000,0.000000,0.000000,0.000000,0.000000,4132.000000,2031.000000,0.000000,0.000000,496.000000,0.000000,1221.000000,1140.000000,663.000000,0.000000,16685.000000,7002.000000,6163.000000,3520.000000,16685.000000,0.000000,54.877206,80.408847,0.202899,-0.378651,0.000000,0.000000,LoadingResponse,0.456413,0.790177,0.790177,ambiguous_stair,
779,2026-05-14 23:08:46,38.950000,2026-5-14_stair2_left.csv,stair2,1808.000000,0.000000,3493.000000,945.000000,0.000000,0.000000,2491.000000,0.000000,2803.000000,776.000000,39.000000,517.000000,3010.000000,0.000000,1376.000000,2363.000000,2033.000000,0.000000,21654.000000,6246.000000,6626.000000,8782.000000,17355.000000,4299.000000,50.258345,130.593664,0.435754,-0.262614,4.657091,2.320744,MidStance,0.513464,11.453466,1.500000,ambiguous_stair,
780,2026-05-14 23:08:46,39.000000,2026-5-14_stair2_left.csv,stair2,1808.000000,0.000000,3493.000000,945.000000,0.000000,0.000000,2491.000000,0.000000,2803.000000,776.000000,39.000000,517.000000,3010.000000,0.000000,1376.000000,2363.000000,2033.000000,0.000000,21654.000000,6246.000000,6626.000000,8782.000000,17355.000000,4299.000000,50.258345,130.593664,0.435754,-0.262614,0.000000,0.000000,MidStance,0.570516,11.453466,1.500000,ambiguous_stair,
781,2026-05-14 23:08:46,39.050000,2026-5-14_stair2_left.csv,stair2,1808.000000,0.000000,3493.000000,945.000000,0.000000,0.000000,2491.000000,0.000000,2803.000000,776.000000,39.000000,517.000000,3010.000000,0.000000,1376.000000,2363.000000,2033.000000,0.000000,21654.000000,6246.000000,6626.000000,8782.000000,17355.000000,4299.000000,50.258345,130.593664,0.435754,-0.262614,0.000000,0.000000,MidStance,0.627567,11.453466,1.500000,ambiguous_stair,
782,2026-05-14 23:08:46,39.100000,2026-5-14_stair2_left.csv,stair2,2562.000000,318.000000,598.000000,0.000000,0.000000,0.000000,2248.000000,0.000000,534.000000,0.000000,0.000000,0.000000,1660.000000,0.000000,0.000000,364.000000,0.000000,0.000000,8284.000000,3478.000000,2782.000000,2024.000000,3156.000000,5128.000000,32.564763,169.230188,0.615025,0.181893,3.585424,8.890130,MidStance,0.684619,7.452997,1.500000,ambiguous_stair,
783,2026-05-14 23:08:46,39.150000,2026-5-14_stair2_left.csv,stair2,2562.000000,318.000000,598.000000,0.000000,0.000000,0.000000,2248.000000,0.000000,534.000000,0.000000,0.000000,0.000000,1660.000000,0.000000,0.000000,364.000000,0.000000,0.000000,8284.000000,3478.000000,2782.000000,2024.000000,3156.000000,5128.000000,32.564763,169.230188,0.615025,0.181893,0.000000,0.000000,MidStance,0.741670,7.452997,1.500000,ambiguous_stair,
784,2026-05-14 23:08:46,39.200000,2026-5-14_stair2_left.csv,stair2,0.000000,0.000000,0.000000,0.000000,0.000000,0.000000,0.000000,0.000000,0.000000,0.000000,0.000000,0.000000,0.000000,0.000000,0.000000,0.000000,0.000000,0.000000,0.000000,0.000000,0.000000,0.000000,0.000000,0.000000,0.000000,0.000000,0.000000,0.000000,0.000000,0.000000,Swing,0.000000,0.000000,0.000000,ambiguous_stair,cop_invalid|low_pressure
785,2026-05-14 23:08:46,39.250000,2026-5-14_stair2_left.csv,stair2,0.000000,0.000000,0.000000,0.000000,0.000000,0.000000,0.000000,0.000000,0.000000,0.000000,0.000000,0.000000,0.000000,0.000000,0.000000,0.000000,0.000000,0.000000,0.000000,0.000000,0.000000,0.000000,0.000000,0.000000,0.000000,0.000000,0.000000,0.000000,0.000000,0.000000,Swing,0.000000,0.000000,0.000000,ambiguous_stair,cop_invalid|low_pressure
786,2026-05-14 23:08:46,39.300000,2026-5-14_stair2_left.csv,stair2,0.000000,0.000000,0.000000,0.000000,0.000000,0.000000,0.000000,0.000000,0.000000,0.000000,0.000000,0.000000,0.000000,0.000000,0.000000,0.000000,0.000000,0.000000,0.000000,0.000000,0.000000,0.000000,0.000000,0.000000,0.000000,0.000000,0.000000,0.000000,0.000000,0.000000,Swing,0.000000,0.000000,0.000000,ambiguous_stair,cop_invalid|low_pressure
787,2026-05-14 23:08:46,39.350000,2026-5-14_stair2_left.csv,stair2,0.000000,0.000000,35.000000,0.000000,0.000000,0.000000,0.000000,0.000000,0.000000,0.000000,0.000000,0.000000,0.000000,0.000000,0.000000,0.000000,0.000000,0.000000,35.000000,35.000000,0.000000,0.000000,35.000000,0.000000,0.000000,0.000000,0.000000,0.000000,0.000000,0.000000,Swing,0.000000,0.000000,0.000000,ambiguous_stair,cop_invalid|low_pressure
788,2026-05-14 23:08:46,39.400000,2026-5-14_stair2_left.csv,stair2,0.000000,0.000000,35.000000,0.000000,0.000000,0.000000,0.000000,0.000000,0.000000,0.000000,0.000000,0.000000,0.000000,0.000000,0.000000,0.000000,0.000000,0.000000,35.000000,35.000000,0.000000,0.000000,35.000000,0.000000,0.000000,0.000000,0.000000,0.000000,0.000000,0.000000,Swing,0.000000,0.000000,0.000000,ambiguous_stair,cop_invalid|low_pressure
789,2026-05-14 23:08:46,39.450000,2026-5-14_stair2_left.csv,stair2,0.000000,0.000000,239.000000,0.000000,0.000000,0.000000,0.000000,0.000000,0.000000,0.000000,0.000000,0.000000,0.000000,0.000000,0.000000,0.000000,0.000000,0.000000,239.000000,239.000000,0.000000,0.000000,239.000000,0.000000,0.000000,0.000000,0.000000,0.000000,0.000000,0.000000,Swing,0.000000,0.000000,0.000000,ambiguous_stair,cop_invalid
790,2026-05-14 23:08:46,39.500000,2026-5-14_stair2_left.csv,stair2,0.000000,0.000000,239.000000,0.000000,0.000000,0.000000,0.000000,0.000000,0.000000,0.000000,0.000000,0.000000,0.000000,0.000000,0.000000,0.000000,0.000000,0.000000,239.000000,239.000000,0.000000,0.000000,239.000000,0.000000,0.000000,0.000000,0.000000,0.000000,0.000000,0.000000,Swing,0.000000,0.000000,0.000000,ambiguous_stair,cop_invalid
791,2026-05-14 23:08:46,39.550000,2026-5-14_stair2_left.csv,stair2,0.000000,0.000000,47.000000,0.000000,0.000000,0.000000,0.000000,0.000000,0.000000,0.000000,0.000000,0.000000,0.000000,0.000000,0.000000,0.000000,0.000000,0.000000,47.000000,47.000000,0.000000,0.000000,47.000000,0.000000,0.000000,0.000000,0.000000,0.000000,0.000000,0.000000,Swing,0.000000,0.000000,0.000000,ambiguous_stair,cop_invalid|low_pressure
792,2026-05-14 23:08:46,39.600000,2026-5-14_stair2_left.csv,stair2,0.000000,0.000000,47.000000,0.000000,0.000000,0.000000,0.000000,0.000000,0.000000,0.000000,0.000000,0.000000,0.000000,0.000000,0.000000,0.000000,0.000000,0.000000,47.000000,47.000000,0.000000,0.000000,47.000000,0.000000,0.000000,0.000000,0.000000,0.000000,0.000000,0.000000,Swing,0.000000,0.000000,0.000000,ambiguous_stair,cop_invalid|low_pressure
793,2026-05-14 23:08:46,39.650000,2026-5-14_stair2_left.csv,stair2,1065.000000,0.000000,4593.000000,2192.000000,0.000000,0.000000,1475.000000,0.000000,4190.000000,2313.000000,329.000000,91.000000,1981.000000,0.000000,1760.000000,2309.000000,1493.000000,0.000000,23791.000000,7850.000000,8398.000000,7543.000000,21251.000000,2540.000000,0.000000,0.000000,0.000000,0.000000,0.000000,0.000000,Swing,0.000000,0.000000,0.000000,ambiguous_stair,cop_invalid
794,2026-05-14 23:08:46,39.700000,2026-5-14_stair2_left.csv,stair2,1065.000000,0.000000,4593.000000,2192.000000,0.000000,0.000000,1475.000000,0.000000,4190.000000,2313.000000,329.000000,91.000000,1981.000000,0.000000,1760.000000,2309.000000,1493.000000,0.000000,23791.000000,7850.000000,8398.000000,7543.000000,21251.000000,2540.000000,0.000000,0.000000,0.000000,0.000000,0.000000,0.000000,Swing,0.000000,0.000000,0.000000,ambiguous_stair,cop_invalid
795,2026-05-14 23:08:46,39.750000,2026-5-14_stair2_left.csv,stair2,1065.000000,0.000000,4593.000000,2192.000000,0.000000,0.000000,1475.000000,0.000000,4190.000000,2313.000000,329.000000,91.000000,1981.000000,0.000000,1760.000000,2309.000000,1493.000000,0.000000,23791.000000,7850.000000,8398.000000,7543.000000,21251.000000,2540.000000,52.931255,107.941826,0.330651,-0.329764,0.000000,0.000000,LoadingResponse,0.000000,7.412425,1.500000,ambiguous_stair,
796,2026-05-14 23:08:46,39.800000,2026-5-14_stair2_left.csv,stair2,960.000000,0.000000,3552.000000,1181.000000,0.000000,0.000000,1435.000000,0.000000,3200.000000,1397.000000,0.000000,118.000000,2049.000000,0.000000,1613.000000,2367.000000,1552.000000,0.000000,19424.000000,5693.000000,6150.000000,7581.000000,17029.000000,2395.000000,53.385883,116.175767,0.368856,-0.341185,0.764100,-0.228428,LoadingResponse,0.058064,7.586567,1.500000,ambiguous_stair,
797,2026-05-14 23:08:47,39.850000,2026-5-14_stair2_left.csv,stair2,721.000000,0.000000,2286.000000,150.000000,0.000000,0.000000,1439.000000,0.000000,2299.000000,498.000000,0.000000,163.000000,2114.000000,0.000000,1588.000000,2554.000000,1759.000000,0.000000,15571.000000,3157.000000,4399.000000,8015.000000,13411.000000,2160.000000,54.998066,130.035050,0.433162,-0.381687,1.286125,-0.810040,MidStance,0.116128,8.152513,1.500000,ambiguous_stair,
798,2026-05-14 23:08:47,39.900000,2026-5-14_stair2_left.csv,stair2,721.000000,0.000000,2286.000000,150.000000,0.000000,0.000000,1439.000000,0.000000,2299.000000,498.000000,0.000000,163.000000,2114.000000,0.000000,1588.000000,2554.000000,1759.000000,0.000000,15571.000000,3157.000000,4399.000000,8015.000000,13411.000000,2160.000000,54.998066,130.035050,0.433162,-0.381687,0.000000,0.000000,MidStance,0.174192,8.152513,1.500000,ambiguous_stair,
799,2026-05-14 23:08:47,39.950000,2026-5-14_stair2_left.csv,stair2,1136.000000,0.000000,1893.000000,0.000000,0.000000,0.000000,2232.000000,0.000000,2149.000000,406.000000,0.000000,1008.000000,3277.000000,0.000000,2028.000000,3505.000000,2729.000000,0.000000,20363.000000,3029.000000,5795.000000,11539.000000,16995.000000,3368.000000,54.596624,144.085704,0.498356,-0.371602,1.303884,0.201704,MidStance,0.232256,13.406999,1.500000,ambiguous_stair,
800,2026-05-14 23:08:47,40.000000,2026-5-14_stair2_left.csv,stair2,1136.000000,0.000000,1893.000000,0.000000,0.000000,0.000000,2232.000000,0.000000,2149.000000,406.000000,0.000000,1008.000000,3277.000000,0.000000,2028.000000,3505.000000,2729.000000,0.000000,20363.000000,3029.000000,5795.000000,11539.000000,16995.000000,3368.000000,54.596624,144.085704,0.498356,-0.371602,0.000000,0.000000,MidStance,0.290320,13.406999,1.500000,ambiguous_stair,
801,2026-05-14 23:08:47,40.050000,2026-5-14_stair2_left.csv,stair2,1136.000000,0.000000,1893.000000,0.000000,0.000000,0.000000,2232.000000,0.000000,2149.000000,406.000000,0.000000,1008.000000,3277.000000,0.000000,2028.000000,3505.000000,2729.000000,0.000000,20363.000000,3029.000000,5795.000000,11539.000000,16995.000000,3368.000000,54.596624,144.085704,0.498356,-0.371602,0.000000,0.000000,MidStance,0.348384,13.406999,1.500000,ambiguous_stair,
802,2026-05-14 23:08:47,40.100000,2026-5-14_stair2_left.csv,stair2,2378.000000,0.000000,1267.000000,0.000000,0.000000,0.000000,3471.000000,0.000000,1718.000000,0.000000,0.000000,953.000000,4051.000000,0.000000,1439.000000,3264.000000,2748.000000,0.000000,21289.000000,3645.000000,6142.000000,11502.000000,15440.000000,5849.000000,50.054823,157.232017,0.559354,-0.257501,1.219962,2.282026,MidStance,0.406447,16.702321,1.500000,ambiguous_stair,
803,2026-05-14 23:08:47,40.150000,2026-5-14_stair2_left.csv,stair2,2840.000000,0.000000,89.000000,0.000000,0.000000,0.000000,2678.000000,0.000000,311.000000,0.000000,0.000000,0.000000,1898.000000,0.000000,0.000000,336.000000,0.000000,0.000000,8152.000000,2929.000000,2989.000000,2234.000000,2634.000000,5518.000000,31.770995,179.927674,0.664661,0.201834,2.106130,9.186699,TerminalStance,0.464511,8.171065,1.500000,ambiguous_stair,
804,2026-05-14 23:08:47,40.200000,2026-5-14_stair2_left.csv,stair2,2840.000000,0.000000,89.000000,0.000000,0.000000,0.000000,2678.000000,0.000000,311.000000,0.000000,0.000000,0.000000,1898.000000,0.000000,0.000000,336.000000,0.000000,0.000000,8152.000000,2929.000000,2989.000000,2234.000000,2634.000000,5518.000000,31.770995,179.927674,0.664661,0.201834,0.000000,0.000000,TerminalStance,0.522575,8.171065,1.500000,ambiguous_stair,
805,2026-05-14 23:08:47,40.250000,2026-5-14_stair2_left.csv,stair2,2840.000000,0.000000,89.000000,0.000000,0.000000,0.000000,2678.000000,0.000000,311.000000,0.000000,0.000000,0.000000,1898.000000,0.000000,0.000000,336.000000,0.000000,0.000000,8152.000000,2929.000000,2989.000000,2234.000000,2634.000000,5518.000000,31.770995,179.927674,0.664661,0.201834,0.000000,0.000000,TerminalStance,0.580639,8.171065,1.500000,ambiguous_stair,
806,2026-05-14 23:08:47,40.300000,2026-5-14_stair2_left.csv,stair2,0.000000,0.000000,0.000000,0.000000,0.000000,0.000000,0.000000,0.000000,0.000000,0.000000,0.000000,0.000000,0.000000,0.000000,0.000000,0.000000,0.000000,0.000000,0.000000,0.000000,0.000000,0.000000,0.000000,0.000000,0.000000,0.000000,0.000000,0.000000,0.000000,0.000000,Swing,0.000000,0.000000,0.000000,ambiguous_stair,cop_invalid|low_pressure
807,2026-05-14 23:08:47,40.350000,2026-5-14_stair2_left.csv,stair2,0.000000,0.000000,0.000000,0.000000,0.000000,0.000000,0.000000,0.000000,0.000000,0.000000,0.000000,0.000000,0.000000,0.000000,0.000000,0.000000,0.000000,0.000000,0.000000,0.000000,0.000000,0.000000,0.000000,0.000000,0.000000,0.000000,0.000000,0.000000,0.000000,0.000000,Swing,0.000000,0.000000,0.000000,ambiguous_stair,cop_invalid|low_pressure
808,2026-05-14 23:08:47,40.400000,2026-5-14_stair2_left.csv,stair2,0.000000,0.000000,0.000000,0.000000,0.000000,0.000000,0.000000,0.000000,0.000000,0.000000,0.000000,0.000000,0.000000,0.000000,0.000000,0.000000,0.000000,0.000000,0.000000,0.000000,0.000000,0.000000,0.000000,0.000000,0.000000,0.000000,0.000000,0.000000,0.000000,0.000000,Swing,0.000000,0.000000,0.000000,ambiguous_stair,cop_invalid|low_pressure
809,2026-05-14 23:08:47,40.450000,2026-5-14_stair2_left.csv,stair2,0.000000,0.000000,0.000000,0.000000,0.000000,0.000000,0.000000,0.000000,0.000000,0.000000,0.000000,0.000000,0.000000,0.000000,0.000000,0.000000,0.000000,0.000000,0.000000,0.000000,0.000000,0.000000,0.000000,0.000000,0.000000,0.000000,0.000000,0.000000,0.000000,0.000000,Swing,0.000000,0.000000,0.000000,ambiguous_stair,cop_invalid|low_pressure
810,2026-05-14 23:08:47,40.500000,2026-5-14_stair2_left.csv,stair2,0.000000,0.000000,0.000000,0.000000,0.000000,0.000000,0.000000,0.000000,0.000000,0.000000,0.000000,0.000000,0.000000,0.000000,0.000000,0.000000,0.000000,0.000000,0.000000,0.000000,0.000000,0.000000,0.000000,0.000000,0.000000,0.000000,0.000000,0.000000,0.000000,0.000000,Swing,0.000000,0.000000,0.000000,ambiguous_stair,cop_invalid|low_pressure
811,2026-05-14 23:08:47,40.550000,2026-5-14_stair2_left.csv,stair2,0.000000,0.000000,0.000000,0.000000,0.000000,0.000000,0.000000,0.000000,0.000000,0.000000,0.000000,0.000000,0.000000,0.000000,0.000000,0.000000,0.000000,0.000000,0.000000,0.000000,0.000000,0.000000,0.000000,0.000000,0.000000,0.000000,0.000000,0.000000,0.000000,0.000000,Swing,0.000000,0.000000,0.000000,ambiguous_stair,cop_invalid|low_pressure
812,2026-05-14 23:08:47,40.600000,2026-5-14_stair2_left.csv,stair2,0.000000,0.000000,0.000000,0.000000,0.000000,0.000000,0.000000,0.000000,0.000000,0.000000,0.000000,0.000000,0.000000,0.000000,0.000000,0.000000,0.000000,0.000000,0.000000,0.000000,0.000000,0.000000,0.000000,0.000000,0.000000,0.000000,0.000000,0.000000,0.000000,0.000000,Swing,0.000000,0.000000,0.000000,ambiguous_stair,cop_invalid|low_pressure
813,2026-05-14 23:08:47,40.650000,2026-5-14_stair2_left.csv,stair2,0.000000,0.000000,1793.000000,23.000000,0.000000,0.000000,0.000000,0.000000,1357.000000,0.000000,0.000000,0.000000,0.000000,0.000000,97.000000,151.000000,0.000000,0.000000,3421.000000,1816.000000,1357.000000,248.000000,3421.000000,0.000000,0.000000,0.000000,0.000000,0.000000,0.000000,0.000000,Swing,0.000000,0.000000,0.000000,ambiguous_stair,cop_invalid
814,2026-05-14 23:08:47,40.700000,2026-5-14_stair2_left.csv,stair2,0.000000,0.000000,5693.000000,3490.000000,0.000000,0.000000,83.000000,0.000000,4954.000000,3130.000000,134.000000,0.000000,473.000000,0.000000,1554.000000,1237.000000,710.000000,0.000000,21458.000000,9183.000000,8301.000000,3974.000000,21375.000000,83.000000,0.000000,0.000000,0.000000,0.000000,0.000000,0.000000,Swing,0.000000,0.000000,0.000000,ambiguous_stair,cop_invalid
815,2026-05-14 23:08:47,40.750000,2026-5-14_stair2_left.csv,stair2,0.000000,0.000000,5693.000000,3490.000000,0.000000,0.000000,83.000000,0.000000,4954.000000,3130.000000,134.000000,0.000000,473.000000,0.000000,1554.000000,1237.000000,710.000000,0.000000,21458.000000,9183.000000,8301.000000,3974.000000,21375.000000,83.000000,54.470589,80.174985,0.201814,-0.368436,0.000000,0.000000,InitialContact,0.000000,0.968064,0.968064,ambiguous_stair,
816,2026-05-14 23:08:47,40.800000,2026-5-14_stair2_left.csv,stair2,164.000000,0.000000,5824.000000,3773.000000,0.000000,0.000000,270.000000,0.000000,4808.000000,3063.000000,160.000000,0.000000,706.000000,0.000000,1324.000000,1137.000000,694.000000,0.000000,21923.000000,9761.000000,8301.000000,3861.000000,21489.000000,434.000000,53.313947,82.340267,0.211861,-0.339378,0.200936,0.581154,InitialContact,0.061058,1.444558,1.444558,ambiguous_stair,
817,2026-05-14 23:08:48,40.850000,2026-5-14_stair2_left.csv,stair2,164.000000,0.000000,5824.000000,3773.000000,0.000000,0.000000,270.000000,0.000000,4808.000000,3063.000000,160.000000,0.000000,706.000000,0.000000,1324.000000,1137.000000,694.000000,0.000000,21923.000000,9761.000000,8301.000000,3861.000000,21489.000000,434.000000,53.313947,82.340267,0.211861,-0.339378,0.000000,0.000000,LoadingResponse,0.122116,1.444558,1.444558,ambiguous_stair,
818,2026-05-14 23:08:48,40.900000,2026-5-14_stair2_left.csv,stair2,277.000000,0.000000,5331.000000,3029.000000,0.000000,0.000000,309.000000,0.000000,4283.000000,2431.000000,0.000000,0.000000,491.000000,0.000000,972.000000,960.000000,499.000000,0.000000,18582.000000,8637.000000,7023.000000,2922.000000,17996.000000,586.000000,52.622494,80.785803,0.204648,-0.322007,-0.144252,0.347420,LoadingResponse,0.183173,0.947232,0.947232,ambiguous_stair,
819,2026-05-14 23:08:48,40.950000,2026-5-14_stair2_left.csv,stair2,277.000000,0.000000,5331.000000,3029.000000,0.000000,0.000000,309.000000,0.000000,4283.000000,2431.000000,0.000000,0.000000,491.000000,0.000000,972.000000,960.000000,499.000000,0.000000,18582.000000,8637.000000,7023.000000,2922.000000,17996.000000,586.000000,52.622494,80.785803,0.204648,-0.322007,0.000000,0.000000,LoadingResponse,0.244231,0.947232,0.947232,ambiguous_stair,
820,2026-05-14 23:08:48,41.000000,2026-5-14_stair2_left.csv,stair2,342.000000,0.000000,4489.000000,2022.000000,0.000000,0.000000,492.000000,0.000000,3672.000000,1865.000000,0.000000,0.000000,657.000000,0.000000,1016.000000,1063.000000,589.000000,0.000000,16207.000000,6853.000000,6029.000000,3325.000000,15373.000000,834.000000,52.952001,87.087162,0.233886,-0.330285,0.584759,-0.165560,LoadingResponse,0.305289,1.806164,1.500000,ambiguous_stair,
821,2026-05-14 23:08:48,41.050000,2026-5-14_stair2_left.csv,stair2,342.000000,0.000000,4489.000000,2022.000000,0.000000,0.000000,492.000000,0.000000,3672.000000,1865.000000,0.000000,0.000000,657.000000,0.000000,1016.000000,1063.000000,589.000000,0.000000,16207.000000,6853.000000,6029.000000,3325.000000,15373.000000,834.000000,52.952001,87.087162,0.233886,-0.330285,0.000000,0.000000,LoadingResponse,0.366347,1.806164,1.500000,ambiguous_stair,
822,2026-05-14 23:08:48,41.100000,2026-5-14_stair2_left.csv,stair2,599.000000,0.000000,4381.000000,2060.000000,0.000000,0.000000,832.000000,0.000000,3547.000000,1873.000000,0.000000,0.000000,1192.000000,0.000000,1202.000000,1331.000000,1002.000000,0.000000,18019.000000,7040.000000,6252.000000,4727.000000,16588.000000,1431.000000,52.624975,97.547045,0.282419,-0.322069,0.970665,0.164314,LoadingResponse,0.427405,3.816716,1.500000,ambiguous_stair,
823,2026-05-14 23:08:48,41.150000,2026-5-14_stair2_left.csv,stair2,599.000000,0.000000,4381.000000,2060.000000,0.000000,0.000000,832.000000,0.000000,3547.000000,1873.000000,0.000000,0.000000,1192.000000,0.000000,1202.000000,1331.000000,1002.000000,0.000000,18019.000000,7040.000000,6252.000000,4727.000000,16588.000000,1431.000000,52.624975,97.547045,0.282419,-0.322069,0.000000,0.000000,LoadingResponse,0.488463,3.816716,1.500000,ambiguous_stair,
824,2026-05-14 23:08:48,41.200000,2026-5-14_stair2_left.csv,stair2,3789.000000,1134.000000,1790.000000,0.000000,0.000000,0.000000,3531.000000,0.000000,1576.000000,0.000000,0.000000,0.000000,3345.000000,0.000000,665.000000,1463.000000,1240.000000,0.000000,18533.000000,6713.000000,5107.000000,6713.000000,10079.000000,8454.000000,39.826409,160.220806,0.573222,-0.000538,5.816051,6.430632,MidStance,0.549520,15.071629,1.500000,ambiguous_stair,
825,2026-05-14 23:08:48,41.250000,2026-5-14_stair2_left.csv,stair2,3789.000000,1134.000000,1790.000000,0.000000,0.000000,0.000000,3531.000000,0.000000,1576.000000,0.000000,0.000000,0.000000,3345.000000,0.000000,665.000000,1463.000000,1240.000000,0.000000,18533.000000,6713.000000,5107.000000,6713.000000,10079.000000,8454.000000,39.826409,160.220806,0.573222,-0.000538,0.000000,0.000000,MidStance,0.610578,15.071629,1.500000,ambiguous_stair,
826,2026-05-14 23:08:48,41.300000,2026-5-14_stair2_left.csv,stair2,2486.000000,580.000000,4.000000,0.000000,0.000000,0.000000,1060.000000,0.000000,0.000000,0.000000,0.000000,0.000000,69.000000,0.000000,0.000000,0.000000,0.000000,0.000000,4199.000000,3070.000000,1060.000000,69.000000,73.000000,4126.000000,16.719869,193.444958,0.727380,0.579956,3.083162,11.609868,TerminalStance,0.671636,4.753479,1.500000,ambiguous_stair,
827,2026-05-14 23:08:48,41.350000,2026-5-14_stair2_left.csv,stair2,2486.000000,580.000000,4.000000,0.000000,0.000000,0.000000,1060.000000,0.000000,0.000000,0.000000,0.000000,0.000000,69.000000,0.000000,0.000000,0.000000,0.000000,0.000000,4199.000000,3070.000000,1060.000000,69.000000,73.000000,4126.000000,16.719869,193.444958,0.727380,0.579956,0.000000,0.000000,TerminalStance,0.732694,4.753479,1.500000,ambiguous_stair,
828,2026-05-14 23:08:48,41.400000,2026-5-14_stair2_left.csv,stair2,0.000000,0.000000,0.000000,0.000000,0.000000,0.000000,0.000000,0.000000,0.000000,0.000000,0.000000,0.000000,0.000000,0.000000,0.000000,0.000000,0.000000,0.000000,0.000000,0.000000,0.000000,0.000000,0.000000,0.000000,0.000000,0.000000,0.000000,0.000000,0.000000,0.000000,Swing,0.000000,0.000000,0.000000,ambiguous_stair,cop_invalid|low_pressure
829,2026-05-14 23:08:48,41.450000,2026-5-14_stair2_left.csv,stair2,0.000000,0.000000,0.000000,0.000000,0.000000,0.000000,0.000000,0.000000,0.000000,0.000000,0.000000,0.000000,0.000000,0.000000,0.000000,0.000000,0.000000,0.000000,0.000000,0.000000,0.000000,0.000000,0.000000,0.000000,0.000000,0.000000,0.000000,0.000000,0.000000,0.000000,Swing,0.000000,0.000000,0.000000,ambiguous_stair,cop_invalid|low_pressure
830,2026-05-14 23:08:48,41.500000,2026-5-14_stair2_left.csv,stair2,0.000000,0.000000,0.000000,0.000000,0.000000,0.000000,0.000000,0.000000,0.000000,0.000000,0.000000,0.000000,0.000000,0.000000,0.000000,0.000000,0.000000,0.000000,0.000000,0.000000,0.000000,0.000000,0.000000,0.000000,0.000000,0.000000,0.000000,0.000000,0.000000,0.000000,Swing,0.000000,0.000000,0.000000,ambiguous_stair,cop_invalid|low_pressure
831,2026-05-14 23:08:48,41.550000,2026-5-14_stair2_left.csv,stair2,0.000000,0.000000,0.000000,0.000000,0.000000,0.000000,0.000000,0.000000,0.000000,0.000000,0.000000,0.000000,0.000000,0.000000,0.000000,0.000000,0.000000,0.000000,0.000000,0.000000,0.000000,0.000000,0.000000,0.000000,0.000000,0.000000,0.000000,0.000000,0.000000,0.000000,Swing,0.000000,0.000000,0.000000,ambiguous_stair,cop_invalid|low_pressure
832,2026-05-14 23:08:48,41.600000,2026-5-14_stair2_left.csv,stair2,0.000000,0.000000,0.000000,0.000000,0.000000,0.000000,0.000000,0.000000,0.000000,0.000000,0.000000,0.000000,0.000000,0.000000,0.000000,0.000000,0.000000,0.000000,0.000000,0.000000,0.000000,0.000000,0.000000,0.000000,0.000000,0.000000,0.000000,0.000000,0.000000,0.000000,Swing,0.000000,0.000000,0.000000,ambiguous_stair,cop_invalid|low_pressure
833,2026-05-14 23:08:48,41.650000,2026-5-14_stair2_left.csv,stair2,0.000000,0.000000,0.000000,0.000000,0.000000,0.000000,0.000000,0.000000,0.000000,0.000000,0.000000,0.000000,0.000000,0.000000,0.000000,0.000000,0.000000,0.000000,0.000000,0.000000,0.000000,0.000000,0.000000,0.000000,0.000000,0.000000,0.000000,0.000000,0.000000,0.000000,Swing,0.000000,0.000000,0.000000,ambiguous_stair,cop_invalid|low_pressure
834,2026-05-14 23:08:48,41.700000,2026-5-14_stair2_left.csv,stair2,0.000000,0.000000,0.000000,0.000000,0.000000,0.000000,0.000000,0.000000,0.000000,0.000000,0.000000,0.000000,0.000000,0.000000,0.000000,0.000000,0.000000,0.000000,0.000000,0.000000,0.000000,0.000000,0.000000,0.000000,0.000000,0.000000,0.000000,0.000000,0.000000,0.000000,Swing,0.000000,0.000000,0.000000,ambiguous_stair,cop_invalid|low_pressure
835,2026-05-14 23:08:48,41.750000,2026-5-14_stair2_left.csv,stair2,0.000000,0.000000,992.000000,0.000000,0.000000,0.000000,0.000000,0.000000,1284.000000,120.000000,0.000000,0.000000,0.000000,0.000000,355.000000,398.000000,0.000000,0.000000,3149.000000,992.000000,1404.000000,753.000000,3149.000000,0.000000,0.000000,0.000000,0.000000,0.000000,0.000000,0.000000,Swing,0.000000,0.000000,0.000000,ambiguous_stair,cop_invalid
836,2026-05-14 23:08:48,41.800000,2026-5-14_stair2_left.csv,stair2,0.000000,0.000000,992.000000,0.000000,0.000000,0.000000,0.000000,0.000000,1284.000000,120.000000,0.000000,0.000000,0.000000,0.000000,355.000000,398.000000,0.000000,0.000000,3149.000000,992.000000,1404.000000,753.000000,3149.000000,0.000000,0.000000,0.000000,0.000000,0.000000,0.000000,0.000000,Swing,0.000000,0.000000,0.000000,ambiguous_stair,cop_invalid
837,2026-05-14 23:08:49,41.850000,2026-5-14_stair2_left.csv,stair2,0.000000,0.000000,3473.000000,1885.000000,0.000000,0.000000,0.000000,0.000000,4003.000000,2237.000000,0.000000,0.000000,309.000000,0.000000,1520.000000,1415.000000,721.000000,0.000000,15563.000000,5358.000000,6240.000000,3965.000000,15563.000000,0.000000,57.076898,84.415095,0.221488,-0.433913,0.000000,0.000000,InitialContact,0.000000,1.335342,1.335342,ambiguous_stair,
838,2026-05-14 23:08:49,41.900000,2026-5-14_stair2_left.csv,stair2,209.000000,0.000000,4807.000000,3030.000000,0.000000,0.000000,1039.000000,0.000000,4259.000000,3150.000000,676.000000,0.000000,2026.000000,0.000000,2460.000000,2398.000000,1951.000000,0.000000,26005.000000,8046.000000,9124.000000,8835.000000,24757.000000,1248.000000,55.277189,103.826400,0.311555,-0.388700,1.801346,0.904263,LoadingResponse,0.062103,7.075252,1.500000,ambiguous_stair,
839,2026-05-14 23:08:49,41.950000,2026-5-14_stair2_left.csv,stair2,209.000000,0.000000,4807.000000,3030.000000,0.000000,0.000000,1039.000000,0.000000,4259.000000,3150.000000,676.000000,0.000000,2026.000000,0.000000,2460.000000,2398.000000,1951.000000,0.000000,26005.000000,8046.000000,9124.000000,8835.000000,24757.000000,1248.000000,55.277189,103.826400,0.311555,-0.388700,0.000000,0.000000,LoadingResponse,0.124206,7.075252,1.500000,ambiguous_stair,
840,2026-05-14 23:08:49,42.000000,2026-5-14_stair2_left.csv,stair2,209.000000,0.000000,4807.000000,3030.000000,0.000000,0.000000,1039.000000,0.000000,4259.000000,3150.000000,676.000000,0.000000,2026.000000,0.000000,2460.000000,2398.000000,1951.000000,0.000000,26005.000000,8046.000000,9124.000000,8835.000000,24757.000000,1248.000000,55.277189,103.826400,0.311555,-0.388700,0.000000,0.000000,LoadingResponse,0.186308,7.075252,1.500000,ambiguous_stair,
841,2026-05-14 23:08:49,42.050000,2026-5-14_stair2_left.csv,stair2,460.000000,0.000000,3612.000000,1551.000000,0.000000,0.000000,1199.000000,0.000000,3152.000000,1769.000000,145.000000,0.000000,1987.000000,0.000000,1910.000000,2215.000000,1702.000000,0.000000,19702.000000,5623.000000,6265.000000,7814.000000,18043.000000,1659.000000,54.826633,112.137209,0.350117,-0.377381,0.771233,0.226382,LoadingResponse,0.248411,6.931618,1.500000,ambiguous_stair,
842,2026-05-14 23:08:49,42.100000,2026-5-14_stair2_left.csv,stair2,595.000000,0.000000,2285.000000,411.000000,0.000000,0.000000,1331.000000,0.000000,2184.000000,654.000000,0.000000,0.000000,2061.000000,0.000000,1618.000000,2138.000000,1630.000000,0.000000,14907.000000,3291.000000,4169.000000,7447.000000,12981.000000,1926.000000,54.851114,126.833921,0.418309,-0.377996,1.363837,-0.012300,MidStance,0.310514,7.346950,1.500000,ambiguous_stair,
843,2026-05-14 23:08:49,42.150000,2026-5-14_stair2_left.csv,stair2,595.000000,0.000000,2285.000000,411.000000,0.000000,0.000000,1331.000000,0.000000,2184.000000,654.000000,0.000000,0.000000,2061.000000,0.000000,1618.000000,2138.000000,1630.000000,0.000000,14907.000000,3291.000000,4169.000000,7447.000000,12981.000000,1926.000000,54.851114,126.833921,0.418309,-0.377996,0.000000,0.000000,MidStance,0.372617,7.346950,1.500000,ambiguous_stair,
844,2026-05-14 23:08:49,42.200000,2026-5-14_stair2_left.csv,stair2,2235.000000,0.000000,1516.000000,0.000000,0.000000,0.000000,2844.000000,0.000000,1769.000000,0.000000,0.000000,485.000000,3695.000000,0.000000,1354.000000,2587.000000,2500.000000,0.000000,18985.000000,3751.000000,5098.000000,10136.000000,13906.000000,5079.000000,49.847441,153.689805,0.542919,-0.252291,2.492194,2.514092,MidStance,0.434720,14.249395,1.500000,ambiguous_stair,
845,2026-05-14 23:08:49,42.250000,2026-5-14_stair2_left.csv,stair2,2235.000000,0.000000,1516.000000,0.000000,0.000000,0.000000,2844.000000,0.000000,1769.000000,0.000000,0.000000,485.000000,3695.000000,0.000000,1354.000000,2587.000000,2500.000000,0.000000,18985.000000,3751.000000,5098.000000,10136.000000,13906.000000,5079.000000,49.847441,153.689805,0.542919,-0.252291,0.000000,0.000000,MidStance,0.496822,14.249395,1.500000,ambiguous_stair,
846,2026-05-14 23:08:49,42.300000,2026-5-14_stair2_left.csv,stair2,2235.000000,0.000000,1516.000000,0.000000,0.000000,0.000000,2844.000000,0.000000,1769.000000,0.000000,0.000000,485.000000,3695.000000,0.000000,1354.000000,2587.000000,2500.000000,0.000000,18985.000000,3751.000000,5098.000000,10136.000000,13906.000000,5079.000000,49.847441,153.689805,0.542919,-0.252291,0.000000,0.000000,MidStance,0.558925,14.249395,1.500000,ambiguous_stair,
847,2026-05-14 23:08:49,42.350000,2026-5-14_stair2_left.csv,stair2,5176.000000,2033.000000,849.000000,0.000000,0.000000,0.000000,4431.000000,0.000000,738.000000,0.000000,0.000000,0.000000,3865.000000,0.000000,0.000000,661.000000,650.000000,0.000000,18403.000000,8058.000000,5169.000000,5176.000000,6763.000000,11640.000000,31.494184,179.317942,0.661832,0.208788,2.378261,9.221584,TerminalStance,0.621028,18.338362,1.500000,ambiguous_stair,
848,2026-05-14 23:08:49,42.400000,2026-5-14_stair2_left.csv,stair2,5176.000000,2033.000000,849.000000,0.000000,0.000000,0.000000,4431.000000,0.000000,738.000000,0.000000,0.000000,0.000000,3865.000000,0.000000,0.000000,661.000000,650.000000,0.000000,18403.000000,8058.000000,5169.000000,5176.000000,6763.000000,11640.000000,31.494184,179.317942,0.661832,0.208788,0.000000,0.000000,TerminalStance,0.683131,18.338362,1.500000,ambiguous_stair,
849,2026-05-14 23:08:49,42.450000,2026-5-14_stair2_left.csv,stair2,4379.000000,2060.000000,128.000000,0.000000,0.000000,0.000000,2428.000000,0.000000,0.000000,0.000000,0.000000,0.000000,848.000000,0.000000,0.000000,35.000000,0.000000,0.000000,9878.000000,6567.000000,2428.000000,883.000000,1011.000000,8867.000000,19.414758,194.433414,0.731966,0.512253,1.402698,6.069301,TerminalStance,0.745233,11.276086,1.500000,ambiguous_stair,
850,2026-05-14 23:08:49,42.500000,2026-5-14_stair2_left.csv,stair2,4379.000000,2060.000000,128.000000,0.000000,0.000000,0.000000,2428.000000,0.000000,0.000000,0.000000,0.000000,0.000000,848.000000,0.000000,0.000000,35.000000,0.000000,0.000000,9878.000000,6567.000000,2428.000000,883.000000,1011.000000,8867.000000,19.414758,194.433414,0.731966,0.512253,0.000000,0.000000,TerminalStance,0.807336,11.276086,1.500000,ambiguous_stair,
851,2026-05-14 23:08:49,42.550000,2026-5-14_stair2_left.csv,stair2,0.000000,0.000000,0.000000,0.000000,0.000000,0.000000,0.000000,0.000000,0.000000,0.000000,0.000000,0.000000,0.000000,0.000000,0.000000,0.000000,0.000000,0.000000,0.000000,0.000000,0.000000,0.000000,0.000000,0.000000,0.000000,0.000000,0.000000,0.000000,0.000000,0.000000,Swing,0.000000,0.000000,0.000000,ambiguous_stair,cop_invalid|low_pressure
852,2026-05-14 23:08:49,42.600000,2026-5-14_stair2_left.csv,stair2,0.000000,0.000000,0.000000,0.000000,0.000000,0.000000,0.000000,0.000000,0.000000,0.000000,0.000000,0.000000,0.000000,0.000000,0.000000,0.000000,0.000000,0.000000,0.000000,0.000000,0.000000,0.000000,0.000000,0.000000,0.000000,0.000000,0.000000,0.000000,0.000000,0.000000,Swing,0.000000,0.000000,0.000000,ambiguous_stair,cop_invalid|low_pressure
853,2026-05-14 23:08:49,42.650000,2026-5-14_stair2_left.csv,stair2,0.000000,0.000000,0.000000,0.000000,0.000000,0.000000,0.000000,0.000000,0.000000,0.000000,0.000000,0.000000,0.000000,0.000000,0.000000,0.000000,0.000000,0.000000,0.000000,0.000000,0.000000,0.000000,0.000000,0.000000,0.000000,0.000000,0.000000,0.000000,0.000000,0.000000,Swing,0.000000,0.000000,0.000000,ambiguous_stair,cop_invalid|low_pressure
854,2026-05-14 23:08:49,42.700000,2026-5-14_stair2_left.csv,stair2,0.000000,0.000000,0.000000,0.000000,0.000000,0.000000,0.000000,0.000000,0.000000,0.000000,0.000000,0.000000,0.000000,0.000000,0.000000,0.000000,0.000000,0.000000,0.000000,0.000000,0.000000,0.000000,0.000000,0.000000,0.000000,0.000000,0.000000,0.000000,0.000000,0.000000,Swing,0.000000,0.000000,0.000000,ambiguous_stair,cop_invalid|low_pressure
855,2026-05-14 23:08:49,42.750000,2026-5-14_stair2_left.csv,stair2,0.000000,0.000000,0.000000,0.000000,0.000000,0.000000,0.000000,0.000000,0.000000,0.000000,0.000000,0.000000,0.000000,0.000000,0.000000,0.000000,0.000000,0.000000,0.000000,0.000000,0.000000,0.000000,0.000000,0.000000,0.000000,0.000000,0.000000,0.000000,0.000000,0.000000,Swing,0.000000,0.000000,0.000000,ambiguous_stair,cop_invalid|low_pressure
856,2026-05-14 23:08:49,42.800000,2026-5-14_stair2_left.csv,stair2,0.000000,0.000000,0.000000,0.000000,0.000000,0.000000,0.000000,0.000000,0.000000,0.000000,0.000000,0.000000,0.000000,0.000000,0.000000,0.000000,0.000000,0.000000,0.000000,0.000000,0.000000,0.000000,0.000000,0.000000,0.000000,0.000000,0.000000,0.000000,0.000000,0.000000,Swing,0.000000,0.000000,0.000000,ambiguous_stair,cop_invalid|low_pressure
857,2026-05-14 23:08:50,42.850000,2026-5-14_stair2_left.csv,stair2,0.000000,0.000000,0.000000,0.000000,0.000000,0.000000,0.000000,0.000000,0.000000,0.000000,0.000000,0.000000,0.000000,0.000000,0.000000,0.000000,0.000000,0.000000,0.000000,0.000000,0.000000,0.000000,0.000000,0.000000,0.000000,0.000000,0.000000,0.000000,0.000000,0.000000,Swing,0.000000,0.000000,0.000000,ambiguous_stair,cop_invalid|low_pressure
858,2026-05-14 23:08:50,42.900000,2026-5-14_stair2_left.csv,stair2,0.000000,0.000000,0.000000,0.000000,0.000000,0.000000,0.000000,0.000000,0.000000,0.000000,0.000000,0.000000,0.000000,0.000000,0.000000,0.000000,0.000000,0.000000,0.000000,0.000000,0.000000,0.000000,0.000000,0.000000,0.000000,0.000000,0.000000,0.000000,0.000000,0.000000,Swing,0.000000,0.000000,0.000000,ambiguous_stair,cop_invalid|low_pressure
859,2026-05-14 23:08:50,42.950000,2026-5-14_stair2_left.csv,stair2,0.000000,0.000000,2532.000000,0.000000,0.000000,0.000000,0.000000,0.000000,2508.000000,352.000000,0.000000,0.000000,0.000000,0.000000,0.000000,0.000000,0.000000,0.000000,5392.000000,2532.000000,2860.000000,0.000000,5392.000000,0.000000,0.000000,0.000000,0.000000,0.000000,0.000000,0.000000,Swing,0.000000,0.000000,0.000000,ambiguous_stair,cop_invalid
860,2026-05-14 23:08:50,43.000000,2026-5-14_stair2_left.csv,stair2,0.000000,0.000000,2532.000000,0.000000,0.000000,0.000000,0.000000,0.000000,2508.000000,352.000000,0.000000,0.000000,0.000000,0.000000,0.000000,0.000000,0.000000,0.000000,5392.000000,2532.000000,2860.000000,0.000000,5392.000000,0.000000,0.000000,0.000000,0.000000,0.000000,0.000000,0.000000,Swing,0.000000,0.000000,0.000000,ambiguous_stair,cop_invalid
861,2026-05-14 23:08:50,43.050000,2026-5-14_stair2_left.csv,stair2,0.000000,0.000000,7818.000000,4795.000000,0.000000,0.000000,0.000000,0.000000,7032.000000,4555.000000,0.000000,0.000000,0.000000,0.000000,342.000000,0.000000,0.000000,0.000000,24542.000000,12613.000000,11587.000000,342.000000,24542.000000,0.000000,52.198245,64.074561,0.127109,-0.311349,0.000000,0.000000,InitialContact,0.000000,0.000000,0.000000,ambiguous_stair,
862,2026-05-14 23:08:50,43.100000,2026-5-14_stair2_left.csv,stair2,0.000000,0.000000,7818.000000,4795.000000,0.000000,0.000000,0.000000,0.000000,7032.000000,4555.000000,0.000000,0.000000,0.000000,0.000000,342.000000,0.000000,0.000000,0.000000,24542.000000,12613.000000,11587.000000,342.000000,24542.000000,0.000000,52.198245,64.074561,0.127109,-0.311349,0.000000,0.000000,InitialContact,0.062182,0.000000,0.000000,ambiguous_stair,
863,2026-05-14 23:08:50,43.150000,2026-5-14_stair2_left.csv,stair2,0.000000,0.000000,7420.000000,5029.000000,0.000000,0.000000,0.000000,0.000000,6494.000000,4549.000000,0.000000,0.000000,0.000000,0.000000,769.000000,138.000000,0.000000,0.000000,24399.000000,12449.000000,11043.000000,907.000000,24399.000000,0.000000,52.391321,66.283947,0.137361,-0.316200,0.205028,-0.097011,LoadingResponse,0.124364,0.000000,0.000000,ambiguous_stair,
864,2026-05-14 23:08:50,43.200000,2026-5-14_stair2_left.csv,stair2,0.000000,0.000000,5952.000000,3979.000000,0.000000,0.000000,0.000000,0.000000,5351.000000,3633.000000,0.000000,0.000000,0.000000,0.000000,961.000000,445.000000,0.000000,0.000000,20321.000000,9931.000000,8984.000000,1406.000000,20321.000000,0.000000,53.072637,68.435589,0.147344,-0.333316,0.199670,-0.342327,LoadingResponse,0.186545,0.000000,0.000000,ambiguous_stair,
865,2026-05-14 23:08:50,43.250000,2026-5-14_stair2_left.csv,stair2,0.000000,0.000000,5952.000000,3979.000000,0.000000,0.000000,0.000000,0.000000,5351.000000,3633.000000,0.000000,0.000000,0.000000,0.000000,961.000000,445.000000,0.000000,0.000000,20321.000000,9931.000000,8984.000000,1406.000000,20321.000000,0.000000,53.072637,68.435589,0.147344,-0.333316,0.000000,0.000000,LoadingResponse,0.248727,0.000000,0.000000,ambiguous_stair,
866,2026-05-14 23:08:50,43.300000,2026-5-14_stair2_left.csv,stair2,0.000000,0.000000,3283.000000,943.000000,0.000000,0.000000,309.000000,0.000000,3035.000000,964.000000,0.000000,0.000000,820.000000,0.000000,720.000000,983.000000,434.000000,0.000000,11491.000000,4226.000000,4308.000000,2957.000000,11182.000000,309.000000,54.677601,87.640654,0.236454,-0.373636,1.782207,-0.806413,LoadingResponse,0.310909,1.341629,1.341629,ambiguous_stair,
867,2026-05-14 23:08:50,43.350000,2026-5-14_stair2_left.csv,stair2,0.000000,0.000000,3283.000000,943.000000,0.000000,0.000000,309.000000,0.000000,3035.000000,964.000000,0.000000,0.000000,820.000000,0.000000,720.000000,983.000000,434.000000,0.000000,11491.000000,4226.000000,4308.000000,2957.000000,11182.000000,309.000000,54.677601,87.640654,0.236454,-0.373636,0.000000,0.000000,LoadingResponse,0.373091,1.341629,1.341629,ambiguous_stair,
868,2026-05-14 23:08:50,43.400000,2026-5-14_stair2_left.csv,stair2,429.000000,0.000000,2006.000000,0.000000,0.000000,0.000000,1036.000000,0.000000,2089.000000,0.000000,0.000000,0.000000,1693.000000,0.000000,612.000000,1439.000000,1090.000000,0.000000,10394.000000,2435.000000,3125.000000,4834.000000,8929.000000,1465.000000,53.552898,124.794895,0.408848,-0.345381,3.447869,0.565106,MidStance,0.435273,4.919334,1.500000,ambiguous_stair,
869,2026-05-14 23:08:50,43.450000,2026-5-14_stair2_left.csv,stair2,429.000000,0.000000,2006.000000,0.000000,0.000000,0.000000,1036.000000,0.000000,2089.000000,0.000000,0.000000,0.000000,1693.000000,0.000000,612.000000,1439.000000,1090.000000,0.000000,10394.000000,2435.000000,3125.000000,4834.000000,8929.000000,1465.000000,53.552898,124.794895,0.408848,-0.345381,0.000000,0.000000,MidStance,0.497455,4.919334,1.500000,ambiguous_stair,
870,2026-05-14 23:08:50,43.500000,2026-5-14_stair2_left.csv,stair2,429.000000,0.000000,2006.000000,0.000000,0.000000,0.000000,1036.000000,0.000000,2089.000000,0.000000,0.000000,0.000000,1693.000000,0.000000,612.000000,1439.000000,1090.000000,0.000000,10394.000000,2435.000000,3125.000000,4834.000000,8929.000000,1465.000000,53.552898,124.794895,0.408848,-0.345381,0.000000,0.000000,MidStance,0.559636,4.919334,1.500000,ambiguous_stair,
871,2026-05-14 23:08:50,43.550000,2026-5-14_stair2_left.csv,stair2,2939.000000,47.000000,1788.000000,0.000000,0.000000,0.000000,4246.000000,0.000000,1841.000000,0.000000,0.000000,370.000000,5157.000000,0.000000,914.000000,2229.000000,2820.000000,0.000000,22351.000000,4774.000000,6457.000000,11120.000000,15119.000000,7232.000000,46.885039,158.921944,0.567195,-0.177868,3.166950,3.350262,MidStance,0.621818,17.897969,1.500000,ambiguous_stair,
872,2026-05-14 23:08:50,43.600000,2026-5-14_stair2_left.csv,stair2,2939.000000,47.000000,1788.000000,0.000000,0.000000,0.000000,4246.000000,0.000000,1841.000000,0.000000,0.000000,370.000000,5157.000000,0.000000,914.000000,2229.000000,2820.000000,0.000000,22351.000000,4774.000000,6457.000000,11120.000000,15119.000000,7232.000000,46.885039,158.921944,0.567195,-0.177868,0.000000,0.000000,MidStance,0.684000,17.897969,1.500000,ambiguous_stair,
873,2026-05-14 23:08:50,43.650000,2026-5-14_stair2_left.csv,stair2,2771.000000,885.000000,589.000000,0.000000,0.000000,0.000000,2521.000000,0.000000,312.000000,0.000000,0.000000,0.000000,1824.000000,0.000000,0.000000,457.000000,0.000000,0.000000,9359.000000,4245.000000,2833.000000,2281.000000,3182.000000,6177.000000,30.429076,176.857194,0.650414,0.235546,1.664370,8.268289,TerminalStance,0.746182,9.105131,1.500000,ambiguous_stair,
874,2026-05-14 23:08:50,43.700000,2026-5-14_stair2_left.csv,stair2,2771.000000,885.000000,589.000000,0.000000,0.000000,0.000000,2521.000000,0.000000,312.000000,0.000000,0.000000,0.000000,1824.000000,0.000000,0.000000,457.000000,0.000000,0.000000,9359.000000,4245.000000,2833.000000,2281.000000,3182.000000,6177.000000,30.429076,176.857194,0.650414,0.235546,0.000000,0.000000,TerminalStance,0.808364,9.105131,1.500000,ambiguous_stair,
875,2026-05-14 23:08:50,43.750000,2026-5-14_stair2_left.csv,stair2,2771.000000,885.000000,589.000000,0.000000,0.000000,0.000000,2521.000000,0.000000,312.000000,0.000000,0.000000,0.000000,1824.000000,0.000000,0.000000,457.000000,0.000000,0.000000,9359.000000,4245.000000,2833.000000,2281.000000,3182.000000,6177.000000,30.429076,176.857194,0.650414,0.235546,0.000000,0.000000,PreSwing,0.870546,9.105131,1.500000,ambiguous_stair,
876,2026-05-14 23:08:50,43.800000,2026-5-14_stair2_left.csv,stair2,633.000000,0.000000,0.000000,0.000000,0.000000,0.000000,0.000000,0.000000,0.000000,0.000000,0.000000,0.000000,0.000000,0.000000,0.000000,0.000000,0.000000,0.000000,633.000000,633.000000,0.000000,0.000000,0.000000,633.000000,12.080000,188.140000,0.702765,0.696521,1.047031,9.219483,PreSwing,0.932727,0.684364,0.684364,ambiguous_stair,
877,2026-05-14 23:08:51,43.850000,2026-5-14_stair2_left.csv,stair2,633.000000,0.000000,0.000000,0.000000,0.000000,0.000000,0.000000,0.000000,0.000000,0.000000,0.000000,0.000000,0.000000,0.000000,0.000000,0.000000,0.000000,0.000000,633.000000,633.000000,0.000000,0.000000,0.000000,633.000000,12.080000,188.140000,0.702765,0.696521,0.000000,0.000000,PreSwing,0.994909,0.684364,0.684364,ambiguous_stair,
878,2026-05-14 23:08:51,43.900000,2026-5-14_stair2_left.csv,stair2,0.000000,0.000000,0.000000,0.000000,0.000000,0.000000,0.000000,0.000000,0.000000,0.000000,0.000000,0.000000,0.000000,0.000000,0.000000,0.000000,0.000000,0.000000,0.000000,0.000000,0.000000,0.000000,0.000000,0.000000,0.000000,0.000000,0.000000,0.000000,0.000000,0.000000,Swing,0.000000,0.000000,0.000000,ambiguous_stair,cop_invalid|low_pressure
879,2026-05-14 23:08:51,43.950000,2026-5-14_stair2_left.csv,stair2,0.000000,0.000000,0.000000,0.000000,0.000000,0.000000,0.000000,0.000000,0.000000,0.000000,0.000000,0.000000,0.000000,0.000000,0.000000,0.000000,0.000000,0.000000,0.000000,0.000000,0.000000,0.000000,0.000000,0.000000,0.000000,0.000000,0.000000,0.000000,0.000000,0.000000,Swing,0.000000,0.000000,0.000000,ambiguous_stair,cop_invalid|low_pressure
880,2026-05-14 23:08:51,44.000000,2026-5-14_stair2_left.csv,stair2,0.000000,0.000000,0.000000,0.000000,0.000000,0.000000,0.000000,0.000000,0.000000,0.000000,0.000000,0.000000,0.000000,0.000000,0.000000,0.000000,0.000000,0.000000,0.000000,0.000000,0.000000,0.000000,0.000000,0.000000,0.000000,0.000000,0.000000,0.000000,0.000000,0.000000,Swing,0.000000,0.000000,0.000000,ambiguous_stair,cop_invalid|low_pressure
881,2026-05-14 23:08:51,44.050000,2026-5-14_stair2_left.csv,stair2,0.000000,0.000000,0.000000,0.000000,0.000000,0.000000,0.000000,0.000000,0.000000,0.000000,0.000000,0.000000,0.000000,0.000000,0.000000,0.000000,0.000000,0.000000,0.000000,0.000000,0.000000,0.000000,0.000000,0.000000,0.000000,0.000000,0.000000,0.000000,0.000000,0.000000,Swing,0.000000,0.000000,0.000000,ambiguous_stair,cop_invalid|low_pressure
882,2026-05-14 23:08:51,44.100000,2026-5-14_stair2_left.csv,stair2,0.000000,0.000000,0.000000,0.000000,0.000000,0.000000,0.000000,0.000000,0.000000,0.000000,0.000000,0.000000,0.000000,0.000000,0.000000,0.000000,0.000000,0.000000,0.000000,0.000000,0.000000,0.000000,0.000000,0.000000,0.000000,0.000000,0.000000,0.000000,0.000000,0.000000,Swing,0.000000,0.000000,0.000000,ambiguous_stair,cop_invalid|low_pressure
883,2026-05-14 23:08:51,44.150000,2026-5-14_stair2_left.csv,stair2,0.000000,0.000000,0.000000,0.000000,0.000000,0.000000,0.000000,0.000000,0.000000,0.000000,0.000000,0.000000,0.000000,0.000000,0.000000,0.000000,0.000000,0.000000,0.000000,0.000000,0.000000,0.000000,0.000000,0.000000,0.000000,0.000000,0.000000,0.000000,0.000000,0.000000,Swing,0.000000,0.000000,0.000000,ambiguous_stair,cop_invalid|low_pressure
884,2026-05-14 23:08:51,44.200000,2026-5-14_stair2_left.csv,stair2,0.000000,0.000000,5193.000000,2093.000000,0.000000,0.000000,0.000000,0.000000,6219.000000,3170.000000,0.000000,0.000000,0.000000,0.000000,742.000000,142.000000,0.000000,0.000000,17559.000000,7286.000000,9389.000000,884.000000,17559.000000,0.000000,0.000000,0.000000,0.000000,0.000000,0.000000,0.000000,Swing,0.000000,0.000000,0.000000,ambiguous_stair,cop_invalid
885,2026-05-14 23:08:51,44.250000,2026-5-14_stair2_left.csv,stair2,0.000000,0.000000,5193.000000,2093.000000,0.000000,0.000000,0.000000,0.000000,6219.000000,3170.000000,0.000000,0.000000,0.000000,0.000000,742.000000,142.000000,0.000000,0.000000,17559.000000,7286.000000,9389.000000,884.000000,17559.000000,0.000000,0.000000,0.000000,0.000000,0.000000,0.000000,0.000000,Swing,0.000000,0.000000,0.000000,ambiguous_stair,cop_invalid
886,2026-05-14 23:08:51,44.300000,2026-5-14_stair2_left.csv,stair2,0.000000,0.000000,5193.000000,2093.000000,0.000000,0.000000,0.000000,0.000000,6219.000000,3170.000000,0.000000,0.000000,0.000000,0.000000,742.000000,142.000000,0.000000,0.000000,17559.000000,7286.000000,9389.000000,884.000000,17559.000000,0.000000,54.696269,64.042903,0.126962,-0.374105,0.000000,0.000000,InitialContact,0.000000,0.000000,0.000000,ambiguous_stair,
887,2026-05-14 23:08:51,44.350000,2026-5-14_stair2_left.csv,stair2,0.000000,0.000000,7982.000000,5000.000000,0.000000,0.000000,0.000000,0.000000,8176.000000,5998.000000,0.000000,0.000000,0.000000,0.000000,2301.000000,1543.000000,261.000000,0.000000,31261.000000,12982.000000,14174.000000,4105.000000,31261.000000,0.000000,55.134099,73.468888,0.170698,-0.385105,0.874720,-0.219987,InitialContact,0.061480,0.000000,0.000000,ambiguous_stair,
888,2026-05-14 23:08:51,44.400000,2026-5-14_stair2_left.csv,stair2,0.000000,0.000000,7982.000000,5000.000000,0.000000,0.000000,0.000000,0.000000,8176.000000,5998.000000,0.000000,0.000000,0.000000,0.000000,2301.000000,1543.000000,261.000000,0.000000,31261.000000,12982.000000,14174.000000,4105.000000,31261.000000,0.000000,55.134099,73.468888,0.170698,-0.385105,0.000000,0.000000,LoadingResponse,0.122960,0.000000,0.000000,ambiguous_stair,
889,2026-05-14 23:08:51,44.450000,2026-5-14_stair2_left.csv,stair2,0.000000,0.000000,7267.000000,4709.000000,0.000000,0.000000,0.000000,0.000000,7477.000000,5653.000000,0.000000,0.000000,0.000000,0.000000,2476.000000,1862.000000,562.000000,0.000000,30006.000000,11976.000000,13130.000000,4900.000000,30006.000000,0.000000,55.684238,76.613395,0.185289,-0.398926,0.291806,-0.276417,LoadingResponse,0.184440,0.328189,0.328189,ambiguous_stair,
890,2026-05-14 23:08:51,44.500000,2026-5-14_stair2_left.csv,stair2,0.000000,0.000000,7267.000000,4709.000000,0.000000,0.000000,0.000000,0.000000,7477.000000,5653.000000,0.000000,0.000000,0.000000,0.000000,2476.000000,1862.000000,562.000000,0.000000,30006.000000,11976.000000,13130.000000,4900.000000,30006.000000,0.000000,55.684238,76.613395,0.185289,-0.398926,0.000000,0.000000,LoadingResponse,0.245919,0.328189,0.328189,ambiguous_stair,
891,2026-05-14 23:08:51,44.550000,2026-5-14_stair2_left.csv,stair2,0.000000,0.000000,7267.000000,4709.000000,0.000000,0.000000,0.000000,0.000000,7477.000000,5653.000000,0.000000,0.000000,0.000000,0.000000,2476.000000,1862.000000,562.000000,0.000000,30006.000000,11976.000000,13130.000000,4900.000000,30006.000000,0.000000,55.684238,76.613395,0.185289,-0.398926,0.000000,0.000000,LoadingResponse,0.307399,0.328189,0.328189,ambiguous_stair,
892,2026-05-14 23:08:51,44.600000,2026-5-14_stair2_left.csv,stair2,0.000000,0.000000,4081.000000,2168.000000,0.000000,0.000000,0.000000,0.000000,4546.000000,3053.000000,282.000000,82.000000,1641.000000,0.000000,3009.000000,3397.000000,2737.000000,0.000000,24996.000000,6249.000000,7963.000000,10784.000000,24996.000000,0.000000,59.126936,104.897493,0.316525,-0.485415,2.624731,-1.729782,LoadingResponse,0.368879,7.057644,1.500000,ambiguous_stair,
893,2026-05-14 23:08:51,44.650000,2026-5-14_stair2_left.csv,stair2,0.000000,0.000000,4081.000000,2168.000000,0.000000,0.000000,0.000000,0.000000,4546.000000,3053.000000,282.000000,82.000000,1641.000000,0.000000,3009.000000,3397.000000,2737.000000,0.000000,24996.000000,6249.000000,7963.000000,10784.000000,24996.000000,0.000000,59.126936,104.897493,0.316525,-0.485415,0.000000,0.000000,LoadingResponse,0.430359,7.057644,1.500000,ambiguous_stair,
894,2026-05-14 23:08:51,44.700000,2026-5-14_stair2_left.csv,stair2,0.000000,0.000000,4081.000000,2168.000000,0.000000,0.000000,0.000000,0.000000,4546.000000,3053.000000,282.000000,82.000000,1641.000000,0.000000,3009.000000,3397.000000,2737.000000,0.000000,24996.000000,6249.000000,7963.000000,10784.000000,24996.000000,0.000000,59.126936,104.897493,0.316525,-0.485415,0.000000,0.000000,LoadingResponse,0.491839,7.057644,1.500000,ambiguous_stair,
895,2026-05-14 23:08:51,44.750000,2026-5-14_stair2_left.csv,stair2,1708.000000,0.000000,1958.000000,0.000000,0.000000,0.000000,4023.000000,0.000000,2154.000000,0.000000,0.000000,184.000000,6398.000000,0.000000,1494.000000,2797.000000,4411.000000,0.000000,25127.000000,3666.000000,6361.000000,15100.000000,19396.000000,5731.000000,51.543648,157.299039,0.559665,-0.294904,4.862801,3.810219,MidStance,0.553319,19.729590,1.500000,ambiguous_stair,
896,2026-05-14 23:08:51,44.800000,2026-5-14_stair2_left.csv,stair2,1708.000000,0.000000,1958.000000,0.000000,0.000000,0.000000,4023.000000,0.000000,2154.000000,0.000000,0.000000,184.000000,6398.000000,0.000000,1494.000000,2797.000000,4411.000000,0.000000,25127.000000,3666.000000,6361.000000,15100.000000,19396.000000,5731.000000,51.543648,157.299039,0.559665,-0.294904,0.000000,0.000000,MidStance,0.614798,19.729590,1.500000,ambiguous_stair,
897,2026-05-14 23:08:52,44.850000,2026-5-14_stair2_left.csv,stair2,1708.000000,0.000000,1958.000000,0.000000,0.000000,0.000000,4023.000000,0.000000,2154.000000,0.000000,0.000000,184.000000,6398.000000,0.000000,1494.000000,2797.000000,4411.000000,0.000000,25127.000000,3666.000000,6361.000000,15100.000000,19396.000000,5731.000000,51.543648,157.299039,0.559665,-0.294904,0.000000,0.000000,MidStance,0.676278,19.729590,1.500000,ambiguous_stair,
898,2026-05-14 23:08:52,44.900000,2026-5-14_stair2_left.csv,stair2,2254.000000,0.000000,1386.000000,0.000000,0.000000,0.000000,4335.000000,0.000000,1487.000000,0.000000,0.000000,0.000000,5488.000000,0.000000,572.000000,1453.000000,2433.000000,0.000000,19408.000000,3640.000000,5822.000000,9946.000000,12819.000000,6589.000000,46.181315,163.041788,0.586311,-0.160189,0.532920,2.694301,MidStance,0.737758,16.308583,1.500000,ambiguous_stair,
899,2026-05-14 23:08:52,44.950000,2026-5-14_stair2_left.csv,stair2,2254.000000,0.000000,1386.000000,0.000000,0.000000,0.000000,4335.000000,0.000000,1487.000000,0.000000,0.000000,0.000000,5488.000000,0.000000,572.000000,1453.000000,2433.000000,0.000000,19408.000000,3640.000000,5822.000000,9946.000000,12819.000000,6589.000000,46.181315,163.041788,0.586311,-0.160189,0.000000,0.000000,MidStance,0.799238,16.308583,1.500000,ambiguous_stair,
900,2026-05-14 23:08:52,45.000000,2026-5-14_stair2_left.csv,stair2,2254.000000,0.000000,1386.000000,0.000000,0.000000,0.000000,4335.000000,0.000000,1487.000000,0.000000,0.000000,0.000000,5488.000000,0.000000,572.000000,1453.000000,2433.000000,0.000000,19408.000000,3640.000000,5822.000000,9946.000000,12819.000000,6589.000000,46.181315,163.041788,0.586311,-0.160189,0.000000,0.000000,MidStance,0.860718,16.308583,1.500000,ambiguous_stair,
901,2026-05-14 23:08:52,45.050000,2026-5-14_stair2_left.csv,stair2,2254.000000,0.000000,1386.000000,0.000000,0.000000,0.000000,4335.000000,0.000000,1487.000000,0.000000,0.000000,0.000000,5488.000000,0.000000,572.000000,1453.000000,2433.000000,0.000000,19408.000000,3640.000000,5822.000000,9946.000000,12819.000000,6589.000000,46.181315,163.041788,0.586311,-0.160189,0.000000,0.000000,MidStance,0.922198,16.308583,1.500000,ambiguous_stair,
902,2026-05-14 23:08:52,45.100000,2026-5-14_stair2_left.csv,stair2,2254.000000,0.000000,1386.000000,0.000000,0.000000,0.000000,4335.000000,0.000000,1487.000000,0.000000,0.000000,0.000000,5488.000000,0.000000,572.000000,1453.000000,2433.000000,0.000000,19408.000000,3640.000000,5822.000000,9946.000000,12819.000000,6589.000000,46.181315,163.041788,0.586311,-0.160189,0.000000,0.000000,MidStance,0.983677,16.308583,1.500000,ambiguous_stair,
903,2026-05-14 23:08:52,45.150000,2026-5-14_stair2_left.csv,stair2,2254.000000,0.000000,1386.000000,0.000000,0.000000,0.000000,4335.000000,0.000000,1487.000000,0.000000,0.000000,0.000000,5488.000000,0.000000,572.000000,1453.000000,2433.000000,0.000000,19408.000000,3640.000000,5822.000000,9946.000000,12819.000000,6589.000000,46.181315,163.041788,0.586311,-0.160189,0.000000,0.000000,MidStance,1.000000,16.308583,1.500000,ambiguous_stair,
904,2026-05-14 23:08:52,45.200000,2026-5-14_stair2_left.csv,stair2,2254.000000,0.000000,1386.000000,0.000000,0.000000,0.000000,4335.000000,0.000000,1487.000000,0.000000,0.000000,0.000000,5488.000000,0.000000,572.000000,1453.000000,2433.000000,0.000000,19408.000000,3640.000000,5822.000000,9946.000000,12819.000000,6589.000000,46.181315,163.041788,0.586311,-0.160189,0.000000,0.000000,MidStance,1.000000,16.308583,1.500000,ambiguous_stair,
905,2026-05-14 23:08:52,45.250000,2026-5-14_stair2_left.csv,stair2,2254.000000,0.000000,1386.000000,0.000000,0.000000,0.000000,4335.000000,0.000000,1487.000000,0.000000,0.000000,0.000000,5488.000000,0.000000,572.000000,1453.000000,2433.000000,0.000000,19408.000000,3640.000000,5822.000000,9946.000000,12819.000000,6589.000000,46.181315,163.041788,0.586311,-0.160189,0.000000,0.000000,MidStance,1.000000,16.308583,1.500000,ambiguous_stair,
906,2026-05-14 23:08:52,45.300000,2026-5-14_stair2_left.csv,stair2,2254.000000,0.000000,1386.000000,0.000000,0.000000,0.000000,4335.000000,0.000000,1487.000000,0.000000,0.000000,0.000000,5488.000000,0.000000,572.000000,1453.000000,2433.000000,0.000000,19408.000000,3640.000000,5822.000000,9946.000000,12819.000000,6589.000000,46.181315,163.041788,0.586311,-0.160189,0.000000,0.000000,MidStance,1.000000,16.308583,1.500000,ambiguous_stair,
907,2026-05-14 23:08:52,45.350000,2026-5-14_stair2_left.csv,stair2,2254.000000,0.000000,1386.000000,0.000000,0.000000,0.000000,4335.000000,0.000000,1487.000000,0.000000,0.000000,0.000000,5488.000000,0.000000,572.000000,1453.000000,2433.000000,0.000000,19408.000000,3640.000000,5822.000000,9946.000000,12819.000000,6589.000000,46.181315,163.041788,0.586311,-0.160189,0.000000,0.000000,MidStance,1.000000,16.308583,1.500000,ambiguous_stair,
908,2026-05-14 23:08:52,45.400000,2026-5-14_stair2_left.csv,stair2,2254.000000,0.000000,1386.000000,0.000000,0.000000,0.000000,4335.000000,0.000000,1487.000000,0.000000,0.000000,0.000000,5488.000000,0.000000,572.000000,1453.000000,2433.000000,0.000000,19408.000000,3640.000000,5822.000000,9946.000000,12819.000000,6589.000000,46.181315,163.041788,0.586311,-0.160189,0.000000,0.000000,MidStance,1.000000,16.308583,1.500000,ambiguous_stair,
909,2026-05-14 23:08:52,45.450000,2026-5-14_stair2_left.csv,stair2,2254.000000,0.000000,1386.000000,0.000000,0.000000,0.000000,4335.000000,0.000000,1487.000000,0.000000,0.000000,0.000000,5488.000000,0.000000,572.000000,1453.000000,2433.000000,0.000000,19408.000000,3640.000000,5822.000000,9946.000000,12819.000000,6589.000000,46.181315,163.041788,0.586311,-0.160189,0.000000,0.000000,MidStance,1.000000,16.308583,1.500000,ambiguous_stair,
910,2026-05-14 23:08:52,45.500000,2026-5-14_stair2_left.csv,stair2,2254.000000,0.000000,1386.000000,0.000000,0.000000,0.000000,4335.000000,0.000000,1487.000000,0.000000,0.000000,0.000000,5488.000000,0.000000,572.000000,1453.000000,2433.000000,0.000000,19408.000000,3640.000000,5822.000000,9946.000000,12819.000000,6589.000000,46.181315,163.041788,0.586311,-0.160189,0.000000,0.000000,MidStance,1.000000,16.308583,1.500000,ambiguous_stair,
911,2026-05-14 23:08:52,45.550000,2026-5-14_stair2_left.csv,stair2,2254.000000,0.000000,1386.000000,0.000000,0.000000,0.000000,4335.000000,0.000000,1487.000000,0.000000,0.000000,0.000000,5488.000000,0.000000,572.000000,1453.000000,2433.000000,0.000000,19408.000000,3640.000000,5822.000000,9946.000000,12819.000000,6589.000000,46.181315,163.041788,0.586311,-0.160189,0.000000,0.000000,MidStance,1.000000,16.308583,1.500000,ambiguous_stair,
912,2026-05-14 23:08:52,45.600000,2026-5-14_stair2_left.csv,stair2,2254.000000,0.000000,1386.000000,0.000000,0.000000,0.000000,4335.000000,0.000000,1487.000000,0.000000,0.000000,0.000000,5488.000000,0.000000,572.000000,1453.000000,2433.000000,0.000000,19408.000000,3640.000000,5822.000000,9946.000000,12819.000000,6589.000000,46.181315,163.041788,0.586311,-0.160189,0.000000,0.000000,MidStance,1.000000,16.308583,1.500000,ambiguous_stair,
913,2026-05-14 23:08:52,45.650000,2026-5-14_stair2_left.csv,stair2,2254.000000,0.000000,1386.000000,0.000000,0.000000,0.000000,4335.000000,0.000000,1487.000000,0.000000,0.000000,0.000000,5488.000000,0.000000,572.000000,1453.000000,2433.000000,0.000000,19408.000000,3640.000000,5822.000000,9946.000000,12819.000000,6589.000000,46.181315,163.041788,0.586311,-0.160189,0.000000,0.000000,MidStance,1.000000,16.308583,1.500000,ambiguous_stair,
914,2026-05-14 23:08:52,45.700000,2026-5-14_stair2_left.csv,stair2,2254.000000,0.000000,1386.000000,0.000000,0.000000,0.000000,4335.000000,0.000000,1487.000000,0.000000,0.000000,0.000000,5488.000000,0.000000,572.000000,1453.000000,2433.000000,0.000000,19408.000000,3640.000000,5822.000000,9946.000000,12819.000000,6589.000000,46.181315,163.041788,0.586311,-0.160189,0.000000,0.000000,MidStance,1.000000,16.308583,1.500000,ambiguous_stair,
915,2026-05-14 23:08:52,45.750000,2026-5-14_stair2_left.csv,stair2,2254.000000,0.000000,1386.000000,0.000000,0.000000,0.000000,4335.000000,0.000000,1487.000000,0.000000,0.000000,0.000000,5488.000000,0.000000,572.000000,1453.000000,2433.000000,0.000000,19408.000000,3640.000000,5822.000000,9946.000000,12819.000000,6589.000000,46.181315,163.041788,0.586311,-0.160189,0.000000,0.000000,MidStance,1.000000,16.308583,1.500000,ambiguous_stair,
916,2026-05-14 23:08:52,45.800000,2026-5-14_stair2_left.csv,stair2,2254.000000,0.000000,1386.000000,0.000000,0.000000,0.000000,4335.000000,0.000000,1487.000000,0.000000,0.000000,0.000000,5488.000000,0.000000,572.000000,1453.000000,2433.000000,0.000000,19408.000000,3640.000000,5822.000000,9946.000000,12819.000000,6589.000000,46.181315,163.041788,0.586311,-0.160189,0.000000,0.000000,MidStance,1.000000,16.308583,1.500000,ambiguous_stair,
917,2026-05-14 23:08:53,45.850000,2026-5-14_stair2_left.csv,stair2,2254.000000,0.000000,1386.000000,0.000000,0.000000,0.000000,4335.000000,0.000000,1487.000000,0.000000,0.000000,0.000000,5488.000000,0.000000,572.000000,1453.000000,2433.000000,0.000000,19408.000000,3640.000000,5822.000000,9946.000000,12819.000000,6589.000000,46.181315,163.041788,0.586311,-0.160189,0.000000,0.000000,MidStance,1.000000,16.308583,1.500000,ambiguous_stair,
918,2026-05-14 23:08:53,45.900000,2026-5-14_stair2_left.csv,stair2,2254.000000,0.000000,1386.000000,0.000000,0.000000,0.000000,4335.000000,0.000000,1487.000000,0.000000,0.000000,0.000000,5488.000000,0.000000,572.000000,1453.000000,2433.000000,0.000000,19408.000000,3640.000000,5822.000000,9946.000000,12819.000000,6589.000000,46.181315,163.041788,0.586311,-0.160189,0.000000,0.000000,MidStance,1.000000,16.308583,1.500000,ambiguous_stair,
919,2026-05-14 23:08:53,45.950000,2026-5-14_stair2_left.csv,stair2,2254.000000,0.000000,1386.000000,0.000000,0.000000,0.000000,4335.000000,0.000000,1487.000000,0.000000,0.000000,0.000000,5488.000000,0.000000,572.000000,1453.000000,2433.000000,0.000000,19408.000000,3640.000000,5822.000000,9946.000000,12819.000000,6589.000000,46.181315,163.041788,0.586311,-0.160189,0.000000,0.000000,MidStance,1.000000,16.308583,1.500000,ambiguous_stair,
920,2026-05-14 23:08:53,46.000000,2026-5-14_stair2_left.csv,stair2,2254.000000,0.000000,1386.000000,0.000000,0.000000,0.000000,4335.000000,0.000000,1487.000000,0.000000,0.000000,0.000000,5488.000000,0.000000,572.000000,1453.000000,2433.000000,0.000000,19408.000000,3640.000000,5822.000000,9946.000000,12819.000000,6589.000000,46.181315,163.041788,0.586311,-0.160189,0.000000,0.000000,MidStance,1.000000,16.308583,1.500000,ambiguous_stair,
921,2026-05-14 23:08:53,46.050000,2026-5-14_stair2_left.csv,stair2,2254.000000,0.000000,1386.000000,0.000000,0.000000,0.000000,4335.000000,0.000000,1487.000000,0.000000,0.000000,0.000000,5488.000000,0.000000,572.000000,1453.000000,2433.000000,0.000000,19408.000000,3640.000000,5822.000000,9946.000000,12819.000000,6589.000000,46.181315,163.041788,0.586311,-0.160189,0.000000,0.000000,MidStance,1.000000,16.308583,1.500000,ambiguous_stair,
922,2026-05-14 23:08:53,46.100000,2026-5-14_stair2_left.csv,stair2,2254.000000,0.000000,1386.000000,0.000000,0.000000,0.000000,4335.000000,0.000000,1487.000000,0.000000,0.000000,0.000000,5488.000000,0.000000,572.000000,1453.000000,2433.000000,0.000000,19408.000000,3640.000000,5822.000000,9946.000000,12819.000000,6589.000000,46.181315,163.041788,0.586311,-0.160189,0.000000,0.000000,MidStance,1.000000,16.308583,1.500000,ambiguous_stair,
923,2026-05-14 23:08:53,46.150000,2026-5-14_stair2_left.csv,stair2,2254.000000,0.000000,1386.000000,0.000000,0.000000,0.000000,4335.000000,0.000000,1487.000000,0.000000,0.000000,0.000000,5488.000000,0.000000,572.000000,1453.000000,2433.000000,0.000000,19408.000000,3640.000000,5822.000000,9946.000000,12819.000000,6589.000000,46.181315,163.041788,0.586311,-0.160189,0.000000,0.000000,MidStance,1.000000,16.308583,1.500000,ambiguous_stair,
924,2026-05-14 23:08:53,46.200000,2026-5-14_stair2_left.csv,stair2,2254.000000,0.000000,1386.000000,0.000000,0.000000,0.000000,4335.000000,0.000000,1487.000000,0.000000,0.000000,0.000000,5488.000000,0.000000,572.000000,1453.000000,2433.000000,0.000000,19408.000000,3640.000000,5822.000000,9946.000000,12819.000000,6589.000000,46.181315,163.041788,0.586311,-0.160189,0.000000,0.000000,MidStance,1.000000,16.308583,1.500000,ambiguous_stair,
925,2026-05-14 23:08:53,46.250000,2026-5-14_stair2_left.csv,stair2,2254.000000,0.000000,1386.000000,0.000000,0.000000,0.000000,4335.000000,0.000000,1487.000000,0.000000,0.000000,0.000000,5488.000000,0.000000,572.000000,1453.000000,2433.000000,0.000000,19408.000000,3640.000000,5822.000000,9946.000000,12819.000000,6589.000000,46.181315,163.041788,0.586311,-0.160189,0.000000,0.000000,MidStance,1.000000,16.308583,1.500000,ambiguous_stair,
926,2026-05-14 23:08:53,46.300000,2026-5-14_stair2_left.csv,stair2,2254.000000,0.000000,1386.000000,0.000000,0.000000,0.000000,4335.000000,0.000000,1487.000000,0.000000,0.000000,0.000000,5488.000000,0.000000,572.000000,1453.000000,2433.000000,0.000000,19408.000000,3640.000000,5822.000000,9946.000000,12819.000000,6589.000000,46.181315,163.041788,0.586311,-0.160189,0.000000,0.000000,MidStance,1.000000,16.308583,1.500000,ambiguous_stair,
927,2026-05-14 23:08:53,46.350000,2026-5-14_stair2_left.csv,stair2,2254.000000,0.000000,1386.000000,0.000000,0.000000,0.000000,4335.000000,0.000000,1487.000000,0.000000,0.000000,0.000000,5488.000000,0.000000,572.000000,1453.000000,2433.000000,0.000000,19408.000000,3640.000000,5822.000000,9946.000000,12819.000000,6589.000000,46.181315,163.041788,0.586311,-0.160189,0.000000,0.000000,MidStance,1.000000,16.308583,1.500000,ambiguous_stair,
928,2026-05-14 23:08:53,46.400000,2026-5-14_stair2_left.csv,stair2,2254.000000,0.000000,1386.000000,0.000000,0.000000,0.000000,4335.000000,0.000000,1487.000000,0.000000,0.000000,0.000000,5488.000000,0.000000,572.000000,1453.000000,2433.000000,0.000000,19408.000000,3640.000000,5822.000000,9946.000000,12819.000000,6589.000000,46.181315,163.041788,0.586311,-0.160189,0.000000,0.000000,MidStance,1.000000,16.308583,1.500000,ambiguous_stair,
929,2026-05-14 23:08:53,46.450000,2026-5-14_stair2_left.csv,stair2,2254.000000,0.000000,1386.000000,0.000000,0.000000,0.000000,4335.000000,0.000000,1487.000000,0.000000,0.000000,0.000000,5488.000000,0.000000,572.000000,1453.000000,2433.000000,0.000000,19408.000000,3640.000000,5822.000000,9946.000000,12819.000000,6589.000000,46.181315,163.041788,0.586311,-0.160189,0.000000,0.000000,MidStance,1.000000,16.308583,1.500000,ambiguous_stair,
930,2026-05-14 23:08:53,46.500000,2026-5-14_stair2_left.csv,stair2,2254.000000,0.000000,1386.000000,0.000000,0.000000,0.000000,4335.000000,0.000000,1487.000000,0.000000,0.000000,0.000000,5488.000000,0.000000,572.000000,1453.000000,2433.000000,0.000000,19408.000000,3640.000000,5822.000000,9946.000000,12819.000000,6589.000000,46.181315,163.041788,0.586311,-0.160189,0.000000,0.000000,MidStance,1.000000,16.308583,1.500000,ambiguous_stair,
931,2026-05-14 23:08:53,46.550000,2026-5-14_stair2_left.csv,stair2,2254.000000,0.000000,1386.000000,0.000000,0.000000,0.000000,4335.000000,0.000000,1487.000000,0.000000,0.000000,0.000000,5488.000000,0.000000,572.000000,1453.000000,2433.000000,0.000000,19408.000000,3640.000000,5822.000000,9946.000000,12819.000000,6589.000000,46.181315,163.041788,0.586311,-0.160189,0.000000,0.000000,MidStance,1.000000,16.308583,1.500000,ambiguous_stair,
932,2026-05-14 23:08:53,46.600000,2026-5-14_stair2_left.csv,stair2,2254.000000,0.000000,1386.000000,0.000000,0.000000,0.000000,4335.000000,0.000000,1487.000000,0.000000,0.000000,0.000000,5488.000000,0.000000,572.000000,1453.000000,2433.000000,0.000000,19408.000000,3640.000000,5822.000000,9946.000000,12819.000000,6589.000000,46.181315,163.041788,0.586311,-0.160189,0.000000,0.000000,MidStance,1.000000,16.308583,1.500000,ambiguous_stair,
933,2026-05-14 23:08:53,46.650000,2026-5-14_stair2_left.csv,stair2,2254.000000,0.000000,1386.000000,0.000000,0.000000,0.000000,4335.000000,0.000000,1487.000000,0.000000,0.000000,0.000000,5488.000000,0.000000,572.000000,1453.000000,2433.000000,0.000000,19408.000000,3640.000000,5822.000000,9946.000000,12819.000000,6589.000000,46.181315,163.041788,0.586311,-0.160189,0.000000,0.000000,MidStance,1.000000,16.308583,1.500000,ambiguous_stair,
934,2026-05-14 23:08:53,46.700000,2026-5-14_stair2_left.csv,stair2,2254.000000,0.000000,1386.000000,0.000000,0.000000,0.000000,4335.000000,0.000000,1487.000000,0.000000,0.000000,0.000000,5488.000000,0.000000,572.000000,1453.000000,2433.000000,0.000000,19408.000000,3640.000000,5822.000000,9946.000000,12819.000000,6589.000000,46.181315,163.041788,0.586311,-0.160189,0.000000,0.000000,MidStance,1.000000,16.308583,1.500000,ambiguous_stair,
935,2026-05-14 23:08:53,46.750000,2026-5-14_stair2_left.csv,stair2,2254.000000,0.000000,1386.000000,0.000000,0.000000,0.000000,4335.000000,0.000000,1487.000000,0.000000,0.000000,0.000000,5488.000000,0.000000,572.000000,1453.000000,2433.000000,0.000000,19408.000000,3640.000000,5822.000000,9946.000000,12819.000000,6589.000000,46.181315,163.041788,0.586311,-0.160189,0.000000,0.000000,MidStance,1.000000,16.308583,1.500000,ambiguous_stair,
936,2026-05-14 23:08:53,46.800000,2026-5-14_stair2_left.csv,stair2,2254.000000,0.000000,1386.000000,0.000000,0.000000,0.000000,4335.000000,0.000000,1487.000000,0.000000,0.000000,0.000000,5488.000000,0.000000,572.000000,1453.000000,2433.000000,0.000000,19408.000000,3640.000000,5822.000000,9946.000000,12819.000000,6589.000000,46.181315,163.041788,0.586311,-0.160189,0.000000,0.000000,MidStance,1.000000,16.308583,1.500000,ambiguous_stair,
937,2026-05-14 23:08:54,46.850000,2026-5-14_stair2_left.csv,stair2,2254.000000,0.000000,1386.000000,0.000000,0.000000,0.000000,4335.000000,0.000000,1487.000000,0.000000,0.000000,0.000000,5488.000000,0.000000,572.000000,1453.000000,2433.000000,0.000000,19408.000000,3640.000000,5822.000000,9946.000000,12819.000000,6589.000000,46.181315,163.041788,0.586311,-0.160189,0.000000,0.000000,MidStance,1.000000,16.308583,1.500000,ambiguous_stair,
938,2026-05-14 23:08:54,46.900000,2026-5-14_stair2_left.csv,stair2,2254.000000,0.000000,1386.000000,0.000000,0.000000,0.000000,4335.000000,0.000000,1487.000000,0.000000,0.000000,0.000000,5488.000000,0.000000,572.000000,1453.000000,2433.000000,0.000000,19408.000000,3640.000000,5822.000000,9946.000000,12819.000000,6589.000000,46.181315,163.041788,0.586311,-0.160189,0.000000,0.000000,MidStance,1.000000,16.308583,1.500000,ambiguous_stair,
939,2026-05-14 23:08:54,46.950000,2026-5-14_stair2_left.csv,stair2,2254.000000,0.000000,1386.000000,0.000000,0.000000,0.000000,4335.000000,0.000000,1487.000000,0.000000,0.000000,0.000000,5488.000000,0.000000,572.000000,1453.000000,2433.000000,0.000000,19408.000000,3640.000000,5822.000000,9946.000000,12819.000000,6589.000000,46.181315,163.041788,0.586311,-0.160189,0.000000,0.000000,MidStance,1.000000,16.308583,1.500000,ambiguous_stair,
940,2026-05-14 23:08:54,47.000000,2026-5-14_stair2_left.csv,stair2,2254.000000,0.000000,1386.000000,0.000000,0.000000,0.000000,4335.000000,0.000000,1487.000000,0.000000,0.000000,0.000000,5488.000000,0.000000,572.000000,1453.000000,2433.000000,0.000000,19408.000000,3640.000000,5822.000000,9946.000000,12819.000000,6589.000000,46.181315,163.041788,0.586311,-0.160189,0.000000,0.000000,MidStance,1.000000,16.308583,1.500000,ambiguous_stair,
941,2026-05-14 23:08:54,47.050000,2026-5-14_stair2_left.csv,stair2,2254.000000,0.000000,1386.000000,0.000000,0.000000,0.000000,4335.000000,0.000000,1487.000000,0.000000,0.000000,0.000000,5488.000000,0.000000,572.000000,1453.000000,2433.000000,0.000000,19408.000000,3640.000000,5822.000000,9946.000000,12819.000000,6589.000000,46.181315,163.041788,0.586311,-0.160189,0.000000,0.000000,MidStance,1.000000,16.308583,1.500000,ambiguous_stair,
942,2026-05-14 23:08:54,47.100000,2026-5-14_stair2_left.csv,stair2,2254.000000,0.000000,1386.000000,0.000000,0.000000,0.000000,4335.000000,0.000000,1487.000000,0.000000,0.000000,0.000000,5488.000000,0.000000,572.000000,1453.000000,2433.000000,0.000000,19408.000000,3640.000000,5822.000000,9946.000000,12819.000000,6589.000000,46.181315,163.041788,0.586311,-0.160189,0.000000,0.000000,MidStance,1.000000,16.308583,1.500000,ambiguous_stair,
943,2026-05-14 23:08:54,47.150000,2026-5-14_stair2_left.csv,stair2,2254.000000,0.000000,1386.000000,0.000000,0.000000,0.000000,4335.000000,0.000000,1487.000000,0.000000,0.000000,0.000000,5488.000000,0.000000,572.000000,1453.000000,2433.000000,0.000000,19408.000000,3640.000000,5822.000000,9946.000000,12819.000000,6589.000000,46.181315,163.041788,0.586311,-0.160189,0.000000,0.000000,MidStance,1.000000,16.308583,1.500000,ambiguous_stair,
944,2026-05-14 23:08:54,47.200000,2026-5-14_stair2_left.csv,stair2,2254.000000,0.000000,1386.000000,0.000000,0.000000,0.000000,4335.000000,0.000000,1487.000000,0.000000,0.000000,0.000000,5488.000000,0.000000,572.000000,1453.000000,2433.000000,0.000000,19408.000000,3640.000000,5822.000000,9946.000000,12819.000000,6589.000000,46.181315,163.041788,0.586311,-0.160189,0.000000,0.000000,MidStance,1.000000,16.308583,1.500000,ambiguous_stair,
945,2026-05-14 23:08:54,47.250000,2026-5-14_stair2_left.csv,stair2,2254.000000,0.000000,1386.000000,0.000000,0.000000,0.000000,4335.000000,0.000000,1487.000000,0.000000,0.000000,0.000000,5488.000000,0.000000,572.000000,1453.000000,2433.000000,0.000000,19408.000000,3640.000000,5822.000000,9946.000000,12819.000000,6589.000000,46.181315,163.041788,0.586311,-0.160189,0.000000,0.000000,MidStance,1.000000,16.308583,1.500000,ambiguous_stair,
946,2026-05-14 23:08:54,47.300000,2026-5-14_stair2_left.csv,stair2,2254.000000,0.000000,1386.000000,0.000000,0.000000,0.000000,4335.000000,0.000000,1487.000000,0.000000,0.000000,0.000000,5488.000000,0.000000,572.000000,1453.000000,2433.000000,0.000000,19408.000000,3640.000000,5822.000000,9946.000000,12819.000000,6589.000000,46.181315,163.041788,0.586311,-0.160189,0.000000,0.000000,MidStance,1.000000,16.308583,1.500000,ambiguous_stair,
947,2026-05-14 23:08:54,47.350000,2026-5-14_stair2_left.csv,stair2,2254.000000,0.000000,1386.000000,0.000000,0.000000,0.000000,4335.000000,0.000000,1487.000000,0.000000,0.000000,0.000000,5488.000000,0.000000,572.000000,1453.000000,2433.000000,0.000000,19408.000000,3640.000000,5822.000000,9946.000000,12819.000000,6589.000000,46.181315,163.041788,0.586311,-0.160189,0.000000,0.000000,MidStance,1.000000,16.308583,1.500000,ambiguous_stair,
948,2026-05-14 23:08:54,47.400000,2026-5-14_stair2_left.csv,stair2,2254.000000,0.000000,1386.000000,0.000000,0.000000,0.000000,4335.000000,0.000000,1487.000000,0.000000,0.000000,0.000000,5488.000000,0.000000,572.000000,1453.000000,2433.000000,0.000000,19408.000000,3640.000000,5822.000000,9946.000000,12819.000000,6589.000000,46.181315,163.041788,0.586311,-0.160189,0.000000,0.000000,MidStance,1.000000,16.308583,1.500000,ambiguous_stair,
949,2026-05-14 23:08:54,47.450000,2026-5-14_stair2_left.csv,stair2,2254.000000,0.000000,1386.000000,0.000000,0.000000,0.000000,4335.000000,0.000000,1487.000000,0.000000,0.000000,0.000000,5488.000000,0.000000,572.000000,1453.000000,2433.000000,0.000000,19408.000000,3640.000000,5822.000000,9946.000000,12819.000000,6589.000000,46.181315,163.041788,0.586311,-0.160189,0.000000,0.000000,MidStance,1.000000,16.308583,1.500000,ambiguous_stair,
950,2026-05-14 23:08:54,47.500000,2026-5-14_stair2_left.csv,stair2,2254.000000,0.000000,1386.000000,0.000000,0.000000,0.000000,4335.000000,0.000000,1487.000000,0.000000,0.000000,0.000000,5488.000000,0.000000,572.000000,1453.000000,2433.000000,0.000000,19408.000000,3640.000000,5822.000000,9946.000000,12819.000000,6589.000000,46.181315,163.041788,0.586311,-0.160189,0.000000,0.000000,MidStance,1.000000,16.308583,1.500000,ambiguous_stair,
951,2026-05-14 23:08:54,47.550000,2026-5-14_stair2_left.csv,stair2,2254.000000,0.000000,1386.000000,0.000000,0.000000,0.000000,4335.000000,0.000000,1487.000000,0.000000,0.000000,0.000000,5488.000000,0.000000,572.000000,1453.000000,2433.000000,0.000000,19408.000000,3640.000000,5822.000000,9946.000000,12819.000000,6589.000000,46.181315,163.041788,0.586311,-0.160189,0.000000,0.000000,MidStance,1.000000,16.308583,1.500000,ambiguous_stair,
952,2026-05-14 23:08:54,47.600000,2026-5-14_stair2_left.csv,stair2,2254.000000,0.000000,1386.000000,0.000000,0.000000,0.000000,4335.000000,0.000000,1487.000000,0.000000,0.000000,0.000000,5488.000000,0.000000,572.000000,1453.000000,2433.000000,0.000000,19408.000000,3640.000000,5822.000000,9946.000000,12819.000000,6589.000000,46.181315,163.041788,0.586311,-0.160189,0.000000,0.000000,MidStance,1.000000,16.308583,1.500000,ambiguous_stair,
953,2026-05-14 23:08:54,47.650000,2026-5-14_stair2_left.csv,stair2,2254.000000,0.000000,1386.000000,0.000000,0.000000,0.000000,4335.000000,0.000000,1487.000000,0.000000,0.000000,0.000000,5488.000000,0.000000,572.000000,1453.000000,2433.000000,0.000000,19408.000000,3640.000000,5822.000000,9946.000000,12819.000000,6589.000000,46.181315,163.041788,0.586311,-0.160189,0.000000,0.000000,MidStance,1.000000,16.308583,1.500000,ambiguous_stair,
954,2026-05-14 23:08:54,47.700000,2026-5-14_stair2_left.csv,stair2,2254.000000,0.000000,1386.000000,0.000000,0.000000,0.000000,4335.000000,0.000000,1487.000000,0.000000,0.000000,0.000000,5488.000000,0.000000,572.000000,1453.000000,2433.000000,0.000000,19408.000000,3640.000000,5822.000000,9946.000000,12819.000000,6589.000000,46.181315,163.041788,0.586311,-0.160189,0.000000,0.000000,MidStance,1.000000,16.308583,1.500000,ambiguous_stair,
955,2026-05-14 23:08:54,47.750000,2026-5-14_stair2_left.csv,stair2,2254.000000,0.000000,1386.000000,0.000000,0.000000,0.000000,4335.000000,0.000000,1487.000000,0.000000,0.000000,0.000000,5488.000000,0.000000,572.000000,1453.000000,2433.000000,0.000000,19408.000000,3640.000000,5822.000000,9946.000000,12819.000000,6589.000000,46.181315,163.041788,0.586311,-0.160189,0.000000,0.000000,MidStance,1.000000,16.308583,1.500000,ambiguous_stair,
956,2026-05-14 23:08:54,47.800000,2026-5-14_stair2_left.csv,stair2,2254.000000,0.000000,1386.000000,0.000000,0.000000,0.000000,4335.000000,0.000000,1487.000000,0.000000,0.000000,0.000000,5488.000000,0.000000,572.000000,1453.000000,2433.000000,0.000000,19408.000000,3640.000000,5822.000000,9946.000000,12819.000000,6589.000000,46.181315,163.041788,0.586311,-0.160189,0.000000,0.000000,MidStance,1.000000,16.308583,1.500000,ambiguous_stair,
957,2026-05-14 23:08:55,47.850000,2026-5-14_stair2_left.csv,stair2,2254.000000,0.000000,1386.000000,0.000000,0.000000,0.000000,4335.000000,0.000000,1487.000000,0.000000,0.000000,0.000000,5488.000000,0.000000,572.000000,1453.000000,2433.000000,0.000000,19408.000000,3640.000000,5822.000000,9946.000000,12819.000000,6589.000000,46.181315,163.041788,0.586311,-0.160189,0.000000,0.000000,MidStance,1.000000,16.308583,1.500000,ambiguous_stair,
958,2026-05-14 23:08:55,47.900000,2026-5-14_stair2_left.csv,stair2,2254.000000,0.000000,1386.000000,0.000000,0.000000,0.000000,4335.000000,0.000000,1487.000000,0.000000,0.000000,0.000000,5488.000000,0.000000,572.000000,1453.000000,2433.000000,0.000000,19408.000000,3640.000000,5822.000000,9946.000000,12819.000000,6589.000000,46.181315,163.041788,0.586311,-0.160189,0.000000,0.000000,MidStance,1.000000,16.308583,1.500000,ambiguous_stair,
959,2026-05-14 23:08:55,47.950000,2026-5-14_stair2_left.csv,stair2,2254.000000,0.000000,1386.000000,0.000000,0.000000,0.000000,4335.000000,0.000000,1487.000000,0.000000,0.000000,0.000000,5488.000000,0.000000,572.000000,1453.000000,2433.000000,0.000000,19408.000000,3640.000000,5822.000000,9946.000000,12819.000000,6589.000000,46.181315,163.041788,0.586311,-0.160189,0.000000,0.000000,MidStance,1.000000,16.308583,1.500000,ambiguous_stair,
960,2026-05-14 23:08:55,48.000000,2026-5-14_stair2_left.csv,stair2,2254.000000,0.000000,1386.000000,0.000000,0.000000,0.000000,4335.000000,0.000000,1487.000000,0.000000,0.000000,0.000000,5488.000000,0.000000,572.000000,1453.000000,2433.000000,0.000000,19408.000000,3640.000000,5822.000000,9946.000000,12819.000000,6589.000000,46.181315,163.041788,0.586311,-0.160189,0.000000,0.000000,MidStance,1.000000,16.308583,1.500000,ambiguous_stair,
961,2026-05-14 23:08:55,48.050000,2026-5-14_stair2_left.csv,stair2,2254.000000,0.000000,1386.000000,0.000000,0.000000,0.000000,4335.000000,0.000000,1487.000000,0.000000,0.000000,0.000000,5488.000000,0.000000,572.000000,1453.000000,2433.000000,0.000000,19408.000000,3640.000000,5822.000000,9946.000000,12819.000000,6589.000000,46.181315,163.041788,0.586311,-0.160189,0.000000,0.000000,MidStance,1.000000,16.308583,1.500000,ambiguous_stair,
962,2026-05-14 23:08:55,48.100000,2026-5-14_stair2_left.csv,stair2,2254.000000,0.000000,1386.000000,0.000000,0.000000,0.000000,4335.000000,0.000000,1487.000000,0.000000,0.000000,0.000000,5488.000000,0.000000,572.000000,1453.000000,2433.000000,0.000000,19408.000000,3640.000000,5822.000000,9946.000000,12819.000000,6589.000000,46.181315,163.041788,0.586311,-0.160189,0.000000,0.000000,MidStance,1.000000,16.308583,1.500000,ambiguous_stair,
963,2026-05-14 23:08:55,48.150000,2026-5-14_stair2_left.csv,stair2,2254.000000,0.000000,1386.000000,0.000000,0.000000,0.000000,4335.000000,0.000000,1487.000000,0.000000,0.000000,0.000000,5488.000000,0.000000,572.000000,1453.000000,2433.000000,0.000000,19408.000000,3640.000000,5822.000000,9946.000000,12819.000000,6589.000000,46.181315,163.041788,0.586311,-0.160189,0.000000,0.000000,MidStance,1.000000,16.308583,1.500000,ambiguous_stair,
964,2026-05-14 23:08:55,48.200000,2026-5-14_stair2_left.csv,stair2,2254.000000,0.000000,1386.000000,0.000000,0.000000,0.000000,4335.000000,0.000000,1487.000000,0.000000,0.000000,0.000000,5488.000000,0.000000,572.000000,1453.000000,2433.000000,0.000000,19408.000000,3640.000000,5822.000000,9946.000000,12819.000000,6589.000000,46.181315,163.041788,0.586311,-0.160189,0.000000,0.000000,MidStance,1.000000,16.308583,1.500000,ambiguous_stair,
965,2026-05-14 23:08:55,48.250000,2026-5-14_stair2_left.csv,stair2,2254.000000,0.000000,1386.000000,0.000000,0.000000,0.000000,4335.000000,0.000000,1487.000000,0.000000,0.000000,0.000000,5488.000000,0.000000,572.000000,1453.000000,2433.000000,0.000000,19408.000000,3640.000000,5822.000000,9946.000000,12819.000000,6589.000000,46.181315,163.041788,0.586311,-0.160189,0.000000,0.000000,MidStance,1.000000,16.308583,1.500000,ambiguous_stair,
966,2026-05-14 23:08:55,48.300000,2026-5-14_stair2_left.csv,stair2,2254.000000,0.000000,1386.000000,0.000000,0.000000,0.000000,4335.000000,0.000000,1487.000000,0.000000,0.000000,0.000000,5488.000000,0.000000,572.000000,1453.000000,2433.000000,0.000000,19408.000000,3640.000000,5822.000000,9946.000000,12819.000000,6589.000000,46.181315,163.041788,0.586311,-0.160189,0.000000,0.000000,MidStance,1.000000,16.308583,1.500000,ambiguous_stair,
967,2026-05-14 23:08:55,48.350000,2026-5-14_stair2_left.csv,stair2,2254.000000,0.000000,1386.000000,0.000000,0.000000,0.000000,4335.000000,0.000000,1487.000000,0.000000,0.000000,0.000000,5488.000000,0.000000,572.000000,1453.000000,2433.000000,0.000000,19408.000000,3640.000000,5822.000000,9946.000000,12819.000000,6589.000000,46.181315,163.041788,0.586311,-0.160189,0.000000,0.000000,MidStance,1.000000,16.308583,1.500000,ambiguous_stair,
968,2026-05-14 23:08:55,48.400000,2026-5-14_stair2_left.csv,stair2,2254.000000,0.000000,1386.000000,0.000000,0.000000,0.000000,4335.000000,0.000000,1487.000000,0.000000,0.000000,0.000000,5488.000000,0.000000,572.000000,1453.000000,2433.000000,0.000000,19408.000000,3640.000000,5822.000000,9946.000000,12819.000000,6589.000000,46.181315,163.041788,0.586311,-0.160189,0.000000,0.000000,MidStance,1.000000,16.308583,1.500000,ambiguous_stair,
969,2026-05-14 23:08:55,48.450000,2026-5-14_stair2_left.csv,stair2,2254.000000,0.000000,1386.000000,0.000000,0.000000,0.000000,4335.000000,0.000000,1487.000000,0.000000,0.000000,0.000000,5488.000000,0.000000,572.000000,1453.000000,2433.000000,0.000000,19408.000000,3640.000000,5822.000000,9946.000000,12819.000000,6589.000000,46.181315,163.041788,0.586311,-0.160189,0.000000,0.000000,MidStance,1.000000,16.308583,1.500000,ambiguous_stair,
970,2026-05-14 23:08:55,48.500000,2026-5-14_stair2_left.csv,stair2,2254.000000,0.000000,1386.000000,0.000000,0.000000,0.000000,4335.000000,0.000000,1487.000000,0.000000,0.000000,0.000000,5488.000000,0.000000,572.000000,1453.000000,2433.000000,0.000000,19408.000000,3640.000000,5822.000000,9946.000000,12819.000000,6589.000000,46.181315,163.041788,0.586311,-0.160189,0.000000,0.000000,MidStance,1.000000,16.308583,1.500000,ambiguous_stair,
971,2026-05-14 23:08:55,48.550000,2026-5-14_stair2_left.csv,stair2,2254.000000,0.000000,1386.000000,0.000000,0.000000,0.000000,4335.000000,0.000000,1487.000000,0.000000,0.000000,0.000000,5488.000000,0.000000,572.000000,1453.000000,2433.000000,0.000000,19408.000000,3640.000000,5822.000000,9946.000000,12819.000000,6589.000000,46.181315,163.041788,0.586311,-0.160189,0.000000,0.000000,MidStance,1.000000,16.308583,1.500000,ambiguous_stair,
972,2026-05-14 23:08:55,48.600000,2026-5-14_stair2_left.csv,stair2,2254.000000,0.000000,1386.000000,0.000000,0.000000,0.000000,4335.000000,0.000000,1487.000000,0.000000,0.000000,0.000000,5488.000000,0.000000,572.000000,1453.000000,2433.000000,0.000000,19408.000000,3640.000000,5822.000000,9946.000000,12819.000000,6589.000000,46.181315,163.041788,0.586311,-0.160189,0.000000,0.000000,MidStance,1.000000,16.308583,1.500000,ambiguous_stair,
973,2026-05-14 23:08:55,48.650000,2026-5-14_stair2_left.csv,stair2,2254.000000,0.000000,1386.000000,0.000000,0.000000,0.000000,4335.000000,0.000000,1487.000000,0.000000,0.000000,0.000000,5488.000000,0.000000,572.000000,1453.000000,2433.000000,0.000000,19408.000000,3640.000000,5822.000000,9946.000000,12819.000000,6589.000000,46.181315,163.041788,0.586311,-0.160189,0.000000,0.000000,MidStance,1.000000,16.308583,1.500000,ambiguous_stair,
974,2026-05-14 23:08:55,48.700000,2026-5-14_stair2_left.csv,stair2,2254.000000,0.000000,1386.000000,0.000000,0.000000,0.000000,4335.000000,0.000000,1487.000000,0.000000,0.000000,0.000000,5488.000000,0.000000,572.000000,1453.000000,2433.000000,0.000000,19408.000000,3640.000000,5822.000000,9946.000000,12819.000000,6589.000000,46.181315,163.041788,0.586311,-0.160189,0.000000,0.000000,MidStance,1.000000,16.308583,1.500000,ambiguous_stair,
975,2026-05-14 23:08:55,48.750000,2026-5-14_stair2_left.csv,stair2,2254.000000,0.000000,1386.000000,0.000000,0.000000,0.000000,4335.000000,0.000000,1487.000000,0.000000,0.000000,0.000000,5488.000000,0.000000,572.000000,1453.000000,2433.000000,0.000000,19408.000000,3640.000000,5822.000000,9946.000000,12819.000000,6589.000000,46.181315,163.041788,0.586311,-0.160189,0.000000,0.000000,MidStance,1.000000,16.308583,1.500000,ambiguous_stair,
976,2026-05-14 23:08:55,48.800000,2026-5-14_stair2_left.csv,stair2,2254.000000,0.000000,1386.000000,0.000000,0.000000,0.000000,4335.000000,0.000000,1487.000000,0.000000,0.000000,0.000000,5488.000000,0.000000,572.000000,1453.000000,2433.000000,0.000000,19408.000000,3640.000000,5822.000000,9946.000000,12819.000000,6589.000000,46.181315,163.041788,0.586311,-0.160189,0.000000,0.000000,MidStance,1.000000,16.308583,1.500000,ambiguous_stair,
977,2026-05-14 23:08:56,48.850000,2026-5-14_stair2_left.csv,stair2,2254.000000,0.000000,1386.000000,0.000000,0.000000,0.000000,4335.000000,0.000000,1487.000000,0.000000,0.000000,0.000000,5488.000000,0.000000,572.000000,1453.000000,2433.000000,0.000000,19408.000000,3640.000000,5822.000000,9946.000000,12819.000000,6589.000000,46.181315,163.041788,0.586311,-0.160189,0.000000,0.000000,MidStance,1.000000,16.308583,1.500000,ambiguous_stair,
978,2026-05-14 23:08:56,48.900000,2026-5-14_stair2_left.csv,stair2,2254.000000,0.000000,1386.000000,0.000000,0.000000,0.000000,4335.000000,0.000000,1487.000000,0.000000,0.000000,0.000000,5488.000000,0.000000,572.000000,1453.000000,2433.000000,0.000000,19408.000000,3640.000000,5822.000000,9946.000000,12819.000000,6589.000000,46.181315,163.041788,0.586311,-0.160189,0.000000,0.000000,MidStance,1.000000,16.308583,1.500000,ambiguous_stair,
979,2026-05-14 23:08:56,48.950000,2026-5-14_stair2_left.csv,stair2,2254.000000,0.000000,1386.000000,0.000000,0.000000,0.000000,4335.000000,0.000000,1487.000000,0.000000,0.000000,0.000000,5488.000000,0.000000,572.000000,1453.000000,2433.000000,0.000000,19408.000000,3640.000000,5822.000000,9946.000000,12819.000000,6589.000000,46.181315,163.041788,0.586311,-0.160189,0.000000,0.000000,MidStance,1.000000,16.308583,1.500000,ambiguous_stair,
980,2026-05-14 23:08:56,49.000000,2026-5-14_stair2_left.csv,stair2,2254.000000,0.000000,1386.000000,0.000000,0.000000,0.000000,4335.000000,0.000000,1487.000000,0.000000,0.000000,0.000000,5488.000000,0.000000,572.000000,1453.000000,2433.000000,0.000000,19408.000000,3640.000000,5822.000000,9946.000000,12819.000000,6589.000000,46.181315,163.041788,0.586311,-0.160189,0.000000,0.000000,MidStance,1.000000,16.308583,1.500000,ambiguous_stair,
981,2026-05-14 23:08:56,49.050000,2026-5-14_stair2_left.csv,stair2,2254.000000,0.000000,1386.000000,0.000000,0.000000,0.000000,4335.000000,0.000000,1487.000000,0.000000,0.000000,0.000000,5488.000000,0.000000,572.000000,1453.000000,2433.000000,0.000000,19408.000000,3640.000000,5822.000000,9946.000000,12819.000000,6589.000000,46.181315,163.041788,0.586311,-0.160189,0.000000,0.000000,MidStance,1.000000,16.308583,1.500000,ambiguous_stair,
982,2026-05-14 23:08:56,49.100000,2026-5-14_stair2_left.csv,stair2,2254.000000,0.000000,1386.000000,0.000000,0.000000,0.000000,4335.000000,0.000000,1487.000000,0.000000,0.000000,0.000000,5488.000000,0.000000,572.000000,1453.000000,2433.000000,0.000000,19408.000000,3640.000000,5822.000000,9946.000000,12819.000000,6589.000000,46.181315,163.041788,0.586311,-0.160189,0.000000,0.000000,MidStance,1.000000,16.308583,1.500000,ambiguous_stair,
983,2026-05-14 23:08:56,49.150000,2026-5-14_stair2_left.csv,stair2,2254.000000,0.000000,1386.000000,0.000000,0.000000,0.000000,4335.000000,0.000000,1487.000000,0.000000,0.000000,0.000000,5488.000000,0.000000,572.000000,1453.000000,2433.000000,0.000000,19408.000000,3640.000000,5822.000000,9946.000000,12819.000000,6589.000000,46.181315,163.041788,0.586311,-0.160189,0.000000,0.000000,MidStance,1.000000,16.308583,1.500000,ambiguous_stair,
984,2026-05-14 23:08:56,49.200000,2026-5-14_stair2_left.csv,stair2,2254.000000,0.000000,1386.000000,0.000000,0.000000,0.000000,4335.000000,0.000000,1487.000000,0.000000,0.000000,0.000000,5488.000000,0.000000,572.000000,1453.000000,2433.000000,0.000000,19408.000000,3640.000000,5822.000000,9946.000000,12819.000000,6589.000000,46.181315,163.041788,0.586311,-0.160189,0.000000,0.000000,MidStance,1.000000,16.308583,1.500000,ambiguous_stair,
985,2026-05-14 23:08:56,49.250000,2026-5-14_stair2_left.csv,stair2,2254.000000,0.000000,1386.000000,0.000000,0.000000,0.000000,4335.000000,0.000000,1487.000000,0.000000,0.000000,0.000000,5488.000000,0.000000,572.000000,1453.000000,2433.000000,0.000000,19408.000000,3640.000000,5822.000000,9946.000000,12819.000000,6589.000000,46.181315,163.041788,0.586311,-0.160189,0.000000,0.000000,MidStance,1.000000,16.308583,1.500000,ambiguous_stair,
986,2026-05-14 23:08:56,49.300000,2026-5-14_stair2_left.csv,stair2,2254.000000,0.000000,1386.000000,0.000000,0.000000,0.000000,4335.000000,0.000000,1487.000000,0.000000,0.000000,0.000000,5488.000000,0.000000,572.000000,1453.000000,2433.000000,0.000000,19408.000000,3640.000000,5822.000000,9946.000000,12819.000000,6589.000000,46.181315,163.041788,0.586311,-0.160189,0.000000,0.000000,MidStance,1.000000,16.308583,1.500000,ambiguous_stair,
987,2026-05-14 23:08:56,49.350000,2026-5-14_stair2_left.csv,stair2,2254.000000,0.000000,1386.000000,0.000000,0.000000,0.000000,4335.000000,0.000000,1487.000000,0.000000,0.000000,0.000000,5488.000000,0.000000,572.000000,1453.000000,2433.000000,0.000000,19408.000000,3640.000000,5822.000000,9946.000000,12819.000000,6589.000000,46.181315,163.041788,0.586311,-0.160189,0.000000,0.000000,MidStance,1.000000,16.308583,1.500000,ambiguous_stair,
988,2026-05-14 23:08:56,49.400000,2026-5-14_stair2_left.csv,stair2,2254.000000,0.000000,1386.000000,0.000000,0.000000,0.000000,4335.000000,0.000000,1487.000000,0.000000,0.000000,0.000000,5488.000000,0.000000,572.000000,1453.000000,2433.000000,0.000000,19408.000000,3640.000000,5822.000000,9946.000000,12819.000000,6589.000000,46.181315,163.041788,0.586311,-0.160189,0.000000,0.000000,MidStance,1.000000,16.308583,1.500000,ambiguous_stair,
989,2026-05-14 23:08:56,49.450000,2026-5-14_stair2_left.csv,stair2,2254.000000,0.000000,1386.000000,0.000000,0.000000,0.000000,4335.000000,0.000000,1487.000000,0.000000,0.000000,0.000000,5488.000000,0.000000,572.000000,1453.000000,2433.000000,0.000000,19408.000000,3640.000000,5822.000000,9946.000000,12819.000000,6589.000000,46.181315,163.041788,0.586311,-0.160189,0.000000,0.000000,MidStance,1.000000,16.308583,1.500000,ambiguous_stair,
990,2026-05-14 23:08:56,49.500000,2026-5-14_stair2_left.csv,stair2,2254.000000,0.000000,1386.000000,0.000000,0.000000,0.000000,4335.000000,0.000000,1487.000000,0.000000,0.000000,0.000000,5488.000000,0.000000,572.000000,1453.000000,2433.000000,0.000000,19408.000000,3640.000000,5822.000000,9946.000000,12819.000000,6589.000000,46.181315,163.041788,0.586311,-0.160189,0.000000,0.000000,MidStance,1.000000,16.308583,1.500000,ambiguous_stair,
991,2026-05-14 23:08:56,49.550000,2026-5-14_stair2_left.csv,stair2,2254.000000,0.000000,1386.000000,0.000000,0.000000,0.000000,4335.000000,0.000000,1487.000000,0.000000,0.000000,0.000000,5488.000000,0.000000,572.000000,1453.000000,2433.000000,0.000000,19408.000000,3640.000000,5822.000000,9946.000000,12819.000000,6589.000000,46.181315,163.041788,0.586311,-0.160189,0.000000,0.000000,MidStance,1.000000,16.308583,1.500000,ambiguous_stair,
992,2026-05-14 23:08:56,49.600000,2026-5-14_stair2_left.csv,stair2,2254.000000,0.000000,1386.000000,0.000000,0.000000,0.000000,4335.000000,0.000000,1487.000000,0.000000,0.000000,0.000000,5488.000000,0.000000,572.000000,1453.000000,2433.000000,0.000000,19408.000000,3640.000000,5822.000000,9946.000000,12819.000000,6589.000000,46.181315,163.041788,0.586311,-0.160189,0.000000,0.000000,MidStance,1.000000,16.308583,1.500000,ambiguous_stair,
993,2026-05-14 23:08:56,49.650000,2026-5-14_stair2_left.csv,stair2,2254.000000,0.000000,1386.000000,0.000000,0.000000,0.000000,4335.000000,0.000000,1487.000000,0.000000,0.000000,0.000000,5488.000000,0.000000,572.000000,1453.000000,2433.000000,0.000000,19408.000000,3640.000000,5822.000000,9946.000000,12819.000000,6589.000000,46.181315,163.041788,0.586311,-0.160189,0.000000,0.000000,MidStance,1.000000,16.308583,1.500000,ambiguous_stair,
994,2026-05-14 23:08:56,49.700000,2026-5-14_stair2_left.csv,stair2,2254.000000,0.000000,1386.000000,0.000000,0.000000,0.000000,4335.000000,0.000000,1487.000000,0.000000,0.000000,0.000000,5488.000000,0.000000,572.000000,1453.000000,2433.000000,0.000000,19408.000000,3640.000000,5822.000000,9946.000000,12819.000000,6589.000000,46.181315,163.041788,0.586311,-0.160189,0.000000,0.000000,MidStance,1.000000,16.308583,1.500000,ambiguous_stair,
995,2026-05-14 23:08:56,49.750000,2026-5-14_stair2_left.csv,stair2,2254.000000,0.000000,1386.000000,0.000000,0.000000,0.000000,4335.000000,0.000000,1487.000000,0.000000,0.000000,0.000000,5488.000000,0.000000,572.000000,1453.000000,2433.000000,0.000000,19408.000000,3640.000000,5822.000000,9946.000000,12819.000000,6589.000000,46.181315,163.041788,0.586311,-0.160189,0.000000,0.000000,MidStance,1.000000,16.308583,1.500000,ambiguous_stair,
996,2026-05-14 23:08:56,49.800000,2026-5-14_stair2_left.csv,stair2,2254.000000,0.000000,1386.000000,0.000000,0.000000,0.000000,4335.000000,0.000000,1487.000000,0.000000,0.000000,0.000000,5488.000000,0.000000,572.000000,1453.000000,2433.000000,0.000000,19408.000000,3640.000000,5822.000000,9946.000000,12819.000000,6589.000000,46.181315,163.041788,0.586311,-0.160189,0.000000,0.000000,MidStance,1.000000,16.308583,1.500000,ambiguous_stair,
997,2026-05-14 23:08:57,49.850000,2026-5-14_stair2_left.csv,stair2,2254.000000,0.000000,1386.000000,0.000000,0.000000,0.000000,4335.000000,0.000000,1487.000000,0.000000,0.000000,0.000000,5488.000000,0.000000,572.000000,1453.000000,2433.000000,0.000000,19408.000000,3640.000000,5822.000000,9946.000000,12819.000000,6589.000000,46.181315,163.041788,0.586311,-0.160189,0.000000,0.000000,MidStance,1.000000,16.308583,1.500000,ambiguous_stair,
998,2026-05-14 23:08:57,49.900000,2026-5-14_stair2_left.csv,stair2,2254.000000,0.000000,1386.000000,0.000000,0.000000,0.000000,4335.000000,0.000000,1487.000000,0.000000,0.000000,0.000000,5488.000000,0.000000,572.000000,1453.000000,2433.000000,0.000000,19408.000000,3640.000000,5822.000000,9946.000000,12819.000000,6589.000000,46.181315,163.041788,0.586311,-0.160189,0.000000,0.000000,MidStance,1.000000,16.308583,1.500000,ambiguous_stair,
999,2026-05-14 23:08:57,49.950000,2026-5-14_stair2_left.csv,stair2,2254.000000,0.000000,1386.000000,0.000000,0.000000,0.000000,4335.000000,0.000000,1487.000000,0.000000,0.000000,0.000000,5488.000000,0.000000,572.000000,1453.000000,2433.000000,0.000000,19408.000000,3640.000000,5822.000000,9946.000000,12819.000000,6589.000000,46.181315,163.041788,0.586311,-0.160189,0.000000,0.000000,MidStance,1.000000,16.308583,1.500000,ambiguous_stair,
1000,2026-05-14 23:08:57,50.000000,2026-5-14_stair2_left.csv,stair2,2254.000000,0.000000,1386.000000,0.000000,0.000000,0.000000,4335.000000,0.000000,1487.000000,0.000000,0.000000,0.000000,5488.000000,0.000000,572.000000,1453.000000,2433.000000,0.000000,19408.000000,3640.000000,5822.000000,9946.000000,12819.000000,6589.000000,46.181315,163.041788,0.586311,-0.160189,0.000000,0.000000,MidStance,1.000000,16.308583,1.500000,ambiguous_stair,
1001,2026-05-14 23:08:57,50.050000,2026-5-14_stair2_left.csv,stair2,2254.000000,0.000000,1386.000000,0.000000,0.000000,0.000000,4335.000000,0.000000,1487.000000,0.000000,0.000000,0.000000,5488.000000,0.000000,572.000000,1453.000000,2433.000000,0.000000,19408.000000,3640.000000,5822.000000,9946.000000,12819.000000,6589.000000,46.181315,163.041788,0.586311,-0.160189,0.000000,0.000000,MidStance,1.000000,16.308583,1.500000,ambiguous_stair,
1002,2026-05-14 23:08:57,50.100000,2026-5-14_stair2_left.csv,stair2,2254.000000,0.000000,1386.000000,0.000000,0.000000,0.000000,4335.000000,0.000000,1487.000000,0.000000,0.000000,0.000000,5488.000000,0.000000,572.000000,1453.000000,2433.000000,0.000000,19408.000000,3640.000000,5822.000000,9946.000000,12819.000000,6589.000000,46.181315,163.041788,0.586311,-0.160189,0.000000,0.000000,MidStance,1.000000,16.308583,1.500000,ambiguous_stair,
1003,2026-05-14 23:08:57,50.150000,2026-5-14_stair2_left.csv,stair2,2254.000000,0.000000,1386.000000,0.000000,0.000000,0.000000,4335.000000,0.000000,1487.000000,0.000000,0.000000,0.000000,5488.000000,0.000000,572.000000,1453.000000,2433.000000,0.000000,19408.000000,3640.000000,5822.000000,9946.000000,12819.000000,6589.000000,46.181315,163.041788,0.586311,-0.160189,0.000000,0.000000,MidStance,1.000000,16.308583,1.500000,ambiguous_stair,
1004,2026-05-14 23:08:57,50.200000,2026-5-14_stair2_left.csv,stair2,2254.000000,0.000000,1386.000000,0.000000,0.000000,0.000000,4335.000000,0.000000,1487.000000,0.000000,0.000000,0.000000,5488.000000,0.000000,572.000000,1453.000000,2433.000000,0.000000,19408.000000,3640.000000,5822.000000,9946.000000,12819.000000,6589.000000,46.181315,163.041788,0.586311,-0.160189,0.000000,0.000000,MidStance,1.000000,16.308583,1.500000,ambiguous_stair,
1005,2026-05-14 23:08:57,50.250000,2026-5-14_stair2_left.csv,stair2,2254.000000,0.000000,1386.000000,0.000000,0.000000,0.000000,4335.000000,0.000000,1487.000000,0.000000,0.000000,0.000000,5488.000000,0.000000,572.000000,1453.000000,2433.000000,0.000000,19408.000000,3640.000000,5822.000000,9946.000000,12819.000000,6589.000000,46.181315,163.041788,0.586311,-0.160189,0.000000,0.000000,MidStance,1.000000,16.308583,1.500000,ambiguous_stair,
1006,2026-05-14 23:08:57,50.300000,2026-5-14_stair2_left.csv,stair2,2254.000000,0.000000,1386.000000,0.000000,0.000000,0.000000,4335.000000,0.000000,1487.000000,0.000000,0.000000,0.000000,5488.000000,0.000000,572.000000,1453.000000,2433.000000,0.000000,19408.000000,3640.000000,5822.000000,9946.000000,12819.000000,6589.000000,46.181315,163.041788,0.586311,-0.160189,0.000000,0.000000,MidStance,1.000000,16.308583,1.500000,ambiguous_stair,
1007,2026-05-14 23:08:57,50.350000,2026-5-14_stair2_left.csv,stair2,2254.000000,0.000000,1386.000000,0.000000,0.000000,0.000000,4335.000000,0.000000,1487.000000,0.000000,0.000000,0.000000,5488.000000,0.000000,572.000000,1453.000000,2433.000000,0.000000,19408.000000,3640.000000,5822.000000,9946.000000,12819.000000,6589.000000,46.181315,163.041788,0.586311,-0.160189,0.000000,0.000000,MidStance,1.000000,16.308583,1.500000,ambiguous_stair,
1008,2026-05-14 23:08:57,50.400000,2026-5-14_stair2_left.csv,stair2,2254.000000,0.000000,1386.000000,0.000000,0.000000,0.000000,4335.000000,0.000000,1487.000000,0.000000,0.000000,0.000000,5488.000000,0.000000,572.000000,1453.000000,2433.000000,0.000000,19408.000000,3640.000000,5822.000000,9946.000000,12819.000000,6589.000000,46.181315,163.041788,0.586311,-0.160189,0.000000,0.000000,MidStance,1.000000,16.308583,1.500000,ambiguous_stair,
1009,2026-05-14 23:08:57,50.450000,2026-5-14_stair2_left.csv,stair2,2254.000000,0.000000,1386.000000,0.000000,0.000000,0.000000,4335.000000,0.000000,1487.000000,0.000000,0.000000,0.000000,5488.000000,0.000000,572.000000,1453.000000,2433.000000,0.000000,19408.000000,3640.000000,5822.000000,9946.000000,12819.000000,6589.000000,46.181315,163.041788,0.586311,-0.160189,0.000000,0.000000,MidStance,1.000000,16.308583,1.500000,ambiguous_stair,
1010,2026-05-14 23:08:57,50.500000,2026-5-14_stair2_left.csv,stair2,2254.000000,0.000000,1386.000000,0.000000,0.000000,0.000000,4335.000000,0.000000,1487.000000,0.000000,0.000000,0.000000,5488.000000,0.000000,572.000000,1453.000000,2433.000000,0.000000,19408.000000,3640.000000,5822.000000,9946.000000,12819.000000,6589.000000,46.181315,163.041788,0.586311,-0.160189,0.000000,0.000000,MidStance,1.000000,16.308583,1.500000,ambiguous_stair,
1011,2026-05-14 23:08:57,50.550000,2026-5-14_stair2_left.csv,stair2,2254.000000,0.000000,1386.000000,0.000000,0.000000,0.000000,4335.000000,0.000000,1487.000000,0.000000,0.000000,0.000000,5488.000000,0.000000,572.000000,1453.000000,2433.000000,0.000000,19408.000000,3640.000000,5822.000000,9946.000000,12819.000000,6589.000000,46.181315,163.041788,0.586311,-0.160189,0.000000,0.000000,MidStance,1.000000,16.308583,1.500000,ambiguous_stair,
1012,2026-05-14 23:08:57,50.600000,2026-5-14_stair2_left.csv,stair2,2254.000000,0.000000,1386.000000,0.000000,0.000000,0.000000,4335.000000,0.000000,1487.000000,0.000000,0.000000,0.000000,5488.000000,0.000000,572.000000,1453.000000,2433.000000,0.000000,19408.000000,3640.000000,5822.000000,9946.000000,12819.000000,6589.000000,46.181315,163.041788,0.586311,-0.160189,0.000000,0.000000,MidStance,1.000000,16.308583,1.500000,ambiguous_stair,
1013,2026-05-14 23:08:57,50.650000,2026-5-14_stair2_left.csv,stair2,2254.000000,0.000000,1386.000000,0.000000,0.000000,0.000000,4335.000000,0.000000,1487.000000,0.000000,0.000000,0.000000,5488.000000,0.000000,572.000000,1453.000000,2433.000000,0.000000,19408.000000,3640.000000,5822.000000,9946.000000,12819.000000,6589.000000,46.181315,163.041788,0.586311,-0.160189,0.000000,0.000000,MidStance,1.000000,16.308583,1.500000,ambiguous_stair,
1014,2026-05-14 23:08:57,50.700000,2026-5-14_stair2_left.csv,stair2,2254.000000,0.000000,1386.000000,0.000000,0.000000,0.000000,4335.000000,0.000000,1487.000000,0.000000,0.000000,0.000000,5488.000000,0.000000,572.000000,1453.000000,2433.000000,0.000000,19408.000000,3640.000000,5822.000000,9946.000000,12819.000000,6589.000000,46.181315,163.041788,0.586311,-0.160189,0.000000,0.000000,MidStance,1.000000,16.308583,1.500000,ambiguous_stair,
1015,2026-05-14 23:08:57,50.750000,2026-5-14_stair2_left.csv,stair2,2254.000000,0.000000,1386.000000,0.000000,0.000000,0.000000,4335.000000,0.000000,1487.000000,0.000000,0.000000,0.000000,5488.000000,0.000000,572.000000,1453.000000,2433.000000,0.000000,19408.000000,3640.000000,5822.000000,9946.000000,12819.000000,6589.000000,46.181315,163.041788,0.586311,-0.160189,0.000000,0.000000,MidStance,1.000000,16.308583,1.500000,ambiguous_stair,
1016,2026-05-14 23:08:57,50.800000,2026-5-14_stair2_left.csv,stair2,2254.000000,0.000000,1386.000000,0.000000,0.000000,0.000000,4335.000000,0.000000,1487.000000,0.000000,0.000000,0.000000,5488.000000,0.000000,572.000000,1453.000000,2433.000000,0.000000,19408.000000,3640.000000,5822.000000,9946.000000,12819.000000,6589.000000,46.181315,163.041788,0.586311,-0.160189,0.000000,0.000000,MidStance,1.000000,16.308583,1.500000,ambiguous_stair,
1017,2026-05-14 23:08:58,50.850000,2026-5-14_stair2_left.csv,stair2,2254.000000,0.000000,1386.000000,0.000000,0.000000,0.000000,4335.000000,0.000000,1487.000000,0.000000,0.000000,0.000000,5488.000000,0.000000,572.000000,1453.000000,2433.000000,0.000000,19408.000000,3640.000000,5822.000000,9946.000000,12819.000000,6589.000000,46.181315,163.041788,0.586311,-0.160189,0.000000,0.000000,MidStance,1.000000,16.308583,1.500000,ambiguous_stair,
1018,2026-05-14 23:08:58,50.900000,2026-5-14_stair2_left.csv,stair2,2254.000000,0.000000,1386.000000,0.000000,0.000000,0.000000,4335.000000,0.000000,1487.000000,0.000000,0.000000,0.000000,5488.000000,0.000000,572.000000,1453.000000,2433.000000,0.000000,19408.000000,3640.000000,5822.000000,9946.000000,12819.000000,6589.000000,46.181315,163.041788,0.586311,-0.160189,0.000000,0.000000,MidStance,1.000000,16.308583,1.500000,ambiguous_stair,
1019,2026-05-14 23:08:58,50.950000,2026-5-14_stair2_left.csv,stair2,2254.000000,0.000000,1386.000000,0.000000,0.000000,0.000000,4335.000000,0.000000,1487.000000,0.000000,0.000000,0.000000,5488.000000,0.000000,572.000000,1453.000000,2433.000000,0.000000,19408.000000,3640.000000,5822.000000,9946.000000,12819.000000,6589.000000,46.181315,163.041788,0.586311,-0.160189,0.000000,0.000000,MidStance,1.000000,16.308583,1.500000,ambiguous_stair,
1020,2026-05-14 23:08:58,51.000000,2026-5-14_stair2_left.csv,stair2,2254.000000,0.000000,1386.000000,0.000000,0.000000,0.000000,4335.000000,0.000000,1487.000000,0.000000,0.000000,0.000000,5488.000000,0.000000,572.000000,1453.000000,2433.000000,0.000000,19408.000000,3640.000000,5822.000000,9946.000000,12819.000000,6589.000000,46.181315,163.041788,0.586311,-0.160189,0.000000,0.000000,MidStance,1.000000,16.308583,1.500000,ambiguous_stair,
1021,2026-05-14 23:08:58,51.050000,2026-5-14_stair2_left.csv,stair2,2254.000000,0.000000,1386.000000,0.000000,0.000000,0.000000,4335.000000,0.000000,1487.000000,0.000000,0.000000,0.000000,5488.000000,0.000000,572.000000,1453.000000,2433.000000,0.000000,19408.000000,3640.000000,5822.000000,9946.000000,12819.000000,6589.000000,46.181315,163.041788,0.586311,-0.160189,0.000000,0.000000,MidStance,1.000000,16.308583,1.500000,ambiguous_stair,
1022,2026-05-14 23:08:58,51.100000,2026-5-14_stair2_left.csv,stair2,2254.000000,0.000000,1386.000000,0.000000,0.000000,0.000000,4335.000000,0.000000,1487.000000,0.000000,0.000000,0.000000,5488.000000,0.000000,572.000000,1453.000000,2433.000000,0.000000,19408.000000,3640.000000,5822.000000,9946.000000,12819.000000,6589.000000,46.181315,163.041788,0.586311,-0.160189,0.000000,0.000000,MidStance,1.000000,16.308583,1.500000,ambiguous_stair,
1023,2026-05-14 23:08:58,51.150000,2026-5-14_stair2_left.csv,stair2,2254.000000,0.000000,1386.000000,0.000000,0.000000,0.000000,4335.000000,0.000000,1487.000000,0.000000,0.000000,0.000000,5488.000000,0.000000,572.000000,1453.000000,2433.000000,0.000000,19408.000000,3640.000000,5822.000000,9946.000000,12819.000000,6589.000000,46.181315,163.041788,0.586311,-0.160189,0.000000,0.000000,MidStance,1.000000,16.308583,1.500000,ambiguous_stair,
1024,2026-05-14 23:08:58,51.200000,2026-5-14_stair2_left.csv,stair2,2254.000000,0.000000,1386.000000,0.000000,0.000000,0.000000,4335.000000,0.000000,1487.000000,0.000000,0.000000,0.000000,5488.000000,0.000000,572.000000,1453.000000,2433.000000,0.000000,19408.000000,3640.000000,5822.000000,9946.000000,12819.000000,6589.000000,46.181315,163.041788,0.586311,-0.160189,0.000000,0.000000,MidStance,1.000000,16.308583,1.500000,ambiguous_stair,
1025,2026-05-14 23:08:58,51.250000,2026-5-14_stair2_left.csv,stair2,2254.000000,0.000000,1386.000000,0.000000,0.000000,0.000000,4335.000000,0.000000,1487.000000,0.000000,0.000000,0.000000,5488.000000,0.000000,572.000000,1453.000000,2433.000000,0.000000,19408.000000,3640.000000,5822.000000,9946.000000,12819.000000,6589.000000,46.181315,163.041788,0.586311,-0.160189,0.000000,0.000000,MidStance,1.000000,16.308583,1.500000,ambiguous_stair,
1026,2026-05-14 23:08:58,51.300000,2026-5-14_stair2_left.csv,stair2,2254.000000,0.000000,1386.000000,0.000000,0.000000,0.000000,4335.000000,0.000000,1487.000000,0.000000,0.000000,0.000000,5488.000000,0.000000,572.000000,1453.000000,2433.000000,0.000000,19408.000000,3640.000000,5822.000000,9946.000000,12819.000000,6589.000000,46.181315,163.041788,0.586311,-0.160189,0.000000,0.000000,MidStance,1.000000,16.308583,1.500000,ambiguous_stair,
1027,2026-05-14 23:08:58,51.350000,2026-5-14_stair2_left.csv,stair2,2254.000000,0.000000,1386.000000,0.000000,0.000000,0.000000,4335.000000,0.000000,1487.000000,0.000000,0.000000,0.000000,5488.000000,0.000000,572.000000,1453.000000,2433.000000,0.000000,19408.000000,3640.000000,5822.000000,9946.000000,12819.000000,6589.000000,46.181315,163.041788,0.586311,-0.160189,0.000000,0.000000,MidStance,1.000000,16.308583,1.500000,ambiguous_stair,
1028,2026-05-14 23:08:58,51.400000,2026-5-14_stair2_left.csv,stair2,2254.000000,0.000000,1386.000000,0.000000,0.000000,0.000000,4335.000000,0.000000,1487.000000,0.000000,0.000000,0.000000,5488.000000,0.000000,572.000000,1453.000000,2433.000000,0.000000,19408.000000,3640.000000,5822.000000,9946.000000,12819.000000,6589.000000,46.181315,163.041788,0.586311,-0.160189,0.000000,0.000000,MidStance,1.000000,16.308583,1.500000,ambiguous_stair,
1029,2026-05-14 23:08:58,51.450000,2026-5-14_stair2_left.csv,stair2,2254.000000,0.000000,1386.000000,0.000000,0.000000,0.000000,4335.000000,0.000000,1487.000000,0.000000,0.000000,0.000000,5488.000000,0.000000,572.000000,1453.000000,2433.000000,0.000000,19408.000000,3640.000000,5822.000000,9946.000000,12819.000000,6589.000000,46.181315,163.041788,0.586311,-0.160189,0.000000,0.000000,MidStance,1.000000,16.308583,1.500000,ambiguous_stair,
1030,2026-05-14 23:08:58,51.500000,2026-5-14_stair2_left.csv,stair2,2254.000000,0.000000,1386.000000,0.000000,0.000000,0.000000,4335.000000,0.000000,1487.000000,0.000000,0.000000,0.000000,5488.000000,0.000000,572.000000,1453.000000,2433.000000,0.000000,19408.000000,3640.000000,5822.000000,9946.000000,12819.000000,6589.000000,46.181315,163.041788,0.586311,-0.160189,0.000000,0.000000,MidStance,1.000000,16.308583,1.500000,ambiguous_stair,
1031,2026-05-14 23:08:58,51.550000,2026-5-14_stair2_left.csv,stair2,2254.000000,0.000000,1386.000000,0.000000,0.000000,0.000000,4335.000000,0.000000,1487.000000,0.000000,0.000000,0.000000,5488.000000,0.000000,572.000000,1453.000000,2433.000000,0.000000,19408.000000,3640.000000,5822.000000,9946.000000,12819.000000,6589.000000,46.181315,163.041788,0.586311,-0.160189,0.000000,0.000000,MidStance,1.000000,16.308583,1.500000,ambiguous_stair,
1032,2026-05-14 23:08:58,51.600000,2026-5-14_stair2_left.csv,stair2,2254.000000,0.000000,1386.000000,0.000000,0.000000,0.000000,4335.000000,0.000000,1487.000000,0.000000,0.000000,0.000000,5488.000000,0.000000,572.000000,1453.000000,2433.000000,0.000000,19408.000000,3640.000000,5822.000000,9946.000000,12819.000000,6589.000000,46.181315,163.041788,0.586311,-0.160189,0.000000,0.000000,MidStance,1.000000,16.308583,1.500000,ambiguous_stair,
1033,2026-05-14 23:08:58,51.650000,2026-5-14_stair2_left.csv,stair2,2254.000000,0.000000,1386.000000,0.000000,0.000000,0.000000,4335.000000,0.000000,1487.000000,0.000000,0.000000,0.000000,5488.000000,0.000000,572.000000,1453.000000,2433.000000,0.000000,19408.000000,3640.000000,5822.000000,9946.000000,12819.000000,6589.000000,46.181315,163.041788,0.586311,-0.160189,0.000000,0.000000,MidStance,1.000000,16.308583,1.500000,ambiguous_stair,
1034,2026-05-14 23:08:58,51.700000,2026-5-14_stair2_left.csv,stair2,2254.000000,0.000000,1386.000000,0.000000,0.000000,0.000000,4335.000000,0.000000,1487.000000,0.000000,0.000000,0.000000,5488.000000,0.000000,572.000000,1453.000000,2433.000000,0.000000,19408.000000,3640.000000,5822.000000,9946.000000,12819.000000,6589.000000,46.181315,163.041788,0.586311,-0.160189,0.000000,0.000000,MidStance,1.000000,16.308583,1.500000,ambiguous_stair,
1035,2026-05-14 23:08:58,51.750000,2026-5-14_stair2_left.csv,stair2,2254.000000,0.000000,1386.000000,0.000000,0.000000,0.000000,4335.000000,0.000000,1487.000000,0.000000,0.000000,0.000000,5488.000000,0.000000,572.000000,1453.000000,2433.000000,0.000000,19408.000000,3640.000000,5822.000000,9946.000000,12819.000000,6589.000000,46.181315,163.041788,0.586311,-0.160189,0.000000,0.000000,MidStance,1.000000,16.308583,1.500000,ambiguous_stair,
1036,2026-05-14 23:08:58,51.800000,2026-5-14_stair2_left.csv,stair2,2254.000000,0.000000,1386.000000,0.000000,0.000000,0.000000,4335.000000,0.000000,1487.000000,0.000000,0.000000,0.000000,5488.000000,0.000000,572.000000,1453.000000,2433.000000,0.000000,19408.000000,3640.000000,5822.000000,9946.000000,12819.000000,6589.000000,46.181315,163.041788,0.586311,-0.160189,0.000000,0.000000,MidStance,1.000000,16.308583,1.500000,ambiguous_stair,
1037,2026-05-14 23:08:59,51.850000,2026-5-14_stair2_left.csv,stair2,2254.000000,0.000000,1386.000000,0.000000,0.000000,0.000000,4335.000000,0.000000,1487.000000,0.000000,0.000000,0.000000,5488.000000,0.000000,572.000000,1453.000000,2433.000000,0.000000,19408.000000,3640.000000,5822.000000,9946.000000,12819.000000,6589.000000,46.181315,163.041788,0.586311,-0.160189,0.000000,0.000000,MidStance,1.000000,16.308583,1.500000,ambiguous_stair,
1038,2026-05-14 23:08:59,51.900000,2026-5-14_stair2_left.csv,stair2,2254.000000,0.000000,1386.000000,0.000000,0.000000,0.000000,4335.000000,0.000000,1487.000000,0.000000,0.000000,0.000000,5488.000000,0.000000,572.000000,1453.000000,2433.000000,0.000000,19408.000000,3640.000000,5822.000000,9946.000000,12819.000000,6589.000000,46.181315,163.041788,0.586311,-0.160189,0.000000,0.000000,MidStance,1.000000,16.308583,1.500000,ambiguous_stair,
1039,2026-05-14 23:08:59,51.950000,2026-5-14_stair2_left.csv,stair2,2254.000000,0.000000,1386.000000,0.000000,0.000000,0.000000,4335.000000,0.000000,1487.000000,0.000000,0.000000,0.000000,5488.000000,0.000000,572.000000,1453.000000,2433.000000,0.000000,19408.000000,3640.000000,5822.000000,9946.000000,12819.000000,6589.000000,46.181315,163.041788,0.586311,-0.160189,0.000000,0.000000,MidStance,1.000000,16.308583,1.500000,ambiguous_stair,
1040,2026-05-14 23:08:59,52.000000,2026-5-14_stair2_left.csv,stair2,2254.000000,0.000000,1386.000000,0.000000,0.000000,0.000000,4335.000000,0.000000,1487.000000,0.000000,0.000000,0.000000,5488.000000,0.000000,572.000000,1453.000000,2433.000000,0.000000,19408.000000,3640.000000,5822.000000,9946.000000,12819.000000,6589.000000,46.181315,163.041788,0.586311,-0.160189,0.000000,0.000000,MidStance,1.000000,16.308583,1.500000,ambiguous_stair,
1041,2026-05-14 23:08:59,52.050000,2026-5-14_stair2_left.csv,stair2,2254.000000,0.000000,1386.000000,0.000000,0.000000,0.000000,4335.000000,0.000000,1487.000000,0.000000,0.000000,0.000000,5488.000000,0.000000,572.000000,1453.000000,2433.000000,0.000000,19408.000000,3640.000000,5822.000000,9946.000000,12819.000000,6589.000000,46.181315,163.041788,0.586311,-0.160189,0.000000,0.000000,MidStance,1.000000,16.308583,1.500000,ambiguous_stair,
1042,2026-05-14 23:08:59,52.100000,2026-5-14_stair2_left.csv,stair2,2254.000000,0.000000,1386.000000,0.000000,0.000000,0.000000,4335.000000,0.000000,1487.000000,0.000000,0.000000,0.000000,5488.000000,0.000000,572.000000,1453.000000,2433.000000,0.000000,19408.000000,3640.000000,5822.000000,9946.000000,12819.000000,6589.000000,46.181315,163.041788,0.586311,-0.160189,0.000000,0.000000,MidStance,1.000000,16.308583,1.500000,ambiguous_stair,
1043,2026-05-14 23:08:59,52.150000,2026-5-14_stair2_left.csv,stair2,2254.000000,0.000000,1386.000000,0.000000,0.000000,0.000000,4335.000000,0.000000,1487.000000,0.000000,0.000000,0.000000,5488.000000,0.000000,572.000000,1453.000000,2433.000000,0.000000,19408.000000,3640.000000,5822.000000,9946.000000,12819.000000,6589.000000,46.181315,163.041788,0.586311,-0.160189,0.000000,0.000000,MidStance,1.000000,16.308583,1.500000,ambiguous_stair,
1044,2026-05-14 23:08:59,52.200000,2026-5-14_stair2_left.csv,stair2,2254.000000,0.000000,1386.000000,0.000000,0.000000,0.000000,4335.000000,0.000000,1487.000000,0.000000,0.000000,0.000000,5488.000000,0.000000,572.000000,1453.000000,2433.000000,0.000000,19408.000000,3640.000000,5822.000000,9946.000000,12819.000000,6589.000000,46.181315,163.041788,0.586311,-0.160189,0.000000,0.000000,MidStance,1.000000,16.308583,1.500000,ambiguous_stair,
1045,2026-05-14 23:08:59,52.250000,2026-5-14_stair2_left.csv,stair2,2254.000000,0.000000,1386.000000,0.000000,0.000000,0.000000,4335.000000,0.000000,1487.000000,0.000000,0.000000,0.000000,5488.000000,0.000000,572.000000,1453.000000,2433.000000,0.000000,19408.000000,3640.000000,5822.000000,9946.000000,12819.000000,6589.000000,46.181315,163.041788,0.586311,-0.160189,0.000000,0.000000,MidStance,1.000000,16.308583,1.500000,ambiguous_stair,
1046,2026-05-14 23:08:59,52.300000,2026-5-14_stair2_left.csv,stair2,2254.000000,0.000000,1386.000000,0.000000,0.000000,0.000000,4335.000000,0.000000,1487.000000,0.000000,0.000000,0.000000,5488.000000,0.000000,572.000000,1453.000000,2433.000000,0.000000,19408.000000,3640.000000,5822.000000,9946.000000,12819.000000,6589.000000,46.181315,163.041788,0.586311,-0.160189,0.000000,0.000000,MidStance,1.000000,16.308583,1.500000,ambiguous_stair,
1047,2026-05-14 23:08:59,52.350000,2026-5-14_stair2_left.csv,stair2,2254.000000,0.000000,1386.000000,0.000000,0.000000,0.000000,4335.000000,0.000000,1487.000000,0.000000,0.000000,0.000000,5488.000000,0.000000,572.000000,1453.000000,2433.000000,0.000000,19408.000000,3640.000000,5822.000000,9946.000000,12819.000000,6589.000000,46.181315,163.041788,0.586311,-0.160189,0.000000,0.000000,MidStance,1.000000,16.308583,1.500000,ambiguous_stair,
1048,2026-05-14 23:08:59,52.400000,2026-5-14_stair2_left.csv,stair2,2254.000000,0.000000,1386.000000,0.000000,0.000000,0.000000,4335.000000,0.000000,1487.000000,0.000000,0.000000,0.000000,5488.000000,0.000000,572.000000,1453.000000,2433.000000,0.000000,19408.000000,3640.000000,5822.000000,9946.000000,12819.000000,6589.000000,46.181315,163.041788,0.586311,-0.160189,0.000000,0.000000,MidStance,1.000000,16.308583,1.500000,ambiguous_stair,
1049,2026-05-14 23:08:59,52.450000,2026-5-14_stair2_left.csv,stair2,2254.000000,0.000000,1386.000000,0.000000,0.000000,0.000000,4335.000000,0.000000,1487.000000,0.000000,0.000000,0.000000,5488.000000,0.000000,572.000000,1453.000000,2433.000000,0.000000,19408.000000,3640.000000,5822.000000,9946.000000,12819.000000,6589.000000,46.181315,163.041788,0.586311,-0.160189,0.000000,0.000000,MidStance,1.000000,16.308583,1.500000,ambiguous_stair,
1050,2026-05-14 23:08:59,52.500000,2026-5-14_stair2_left.csv,stair2,2254.000000,0.000000,1386.000000,0.000000,0.000000,0.000000,4335.000000,0.000000,1487.000000,0.000000,0.000000,0.000000,5488.000000,0.000000,572.000000,1453.000000,2433.000000,0.000000,19408.000000,3640.000000,5822.000000,9946.000000,12819.000000,6589.000000,46.181315,163.041788,0.586311,-0.160189,0.000000,0.000000,MidStance,1.000000,16.308583,1.500000,ambiguous_stair,
1051,2026-05-14 23:08:59,52.550000,2026-5-14_stair2_left.csv,stair2,2254.000000,0.000000,1386.000000,0.000000,0.000000,0.000000,4335.000000,0.000000,1487.000000,0.000000,0.000000,0.000000,5488.000000,0.000000,572.000000,1453.000000,2433.000000,0.000000,19408.000000,3640.000000,5822.000000,9946.000000,12819.000000,6589.000000,46.181315,163.041788,0.586311,-0.160189,0.000000,0.000000,MidStance,1.000000,16.308583,1.500000,ambiguous_stair,
1052,2026-05-14 23:08:59,52.600000,2026-5-14_stair2_left.csv,stair2,9.000000,0.000000,3145.000000,966.000000,0.000000,0.000000,1038.000000,0.000000,2357.000000,686.000000,0.000000,0.000000,2034.000000,0.000000,9224.000000,30983.000000,43520.000000,38.000000,94000.000000,4120.000000,4081.000000,85799.000000,92953.000000,1047.000000,67.298796,160.072347,0.572533,-0.690712,-0.275561,-10.610466,MidStance,1.000000,76.309897,1.500000,ambiguous_stair,
1053,2026-05-14 23:08:59,52.650000,2026-5-14_stair2_left.csv,stair2,9.000000,0.000000,3145.000000,966.000000,0.000000,0.000000,1038.000000,0.000000,2357.000000,686.000000,0.000000,0.000000,2034.000000,0.000000,9224.000000,30983.000000,43520.000000,38.000000,94000.000000,4120.000000,4081.000000,85799.000000,92953.000000,1047.000000,67.298796,160.072347,0.572533,-0.690712,0.000000,0.000000,MidStance,1.000000,76.309897,1.500000,ambiguous_stair,
1054,2026-05-14 23:08:59,52.700000,2026-5-14_stair2_left.csv,stair2,1783.000000,0.000000,1962.000000,0.000000,0.000000,0.000000,2785.000000,0.000000,1087.000000,0.000000,0.000000,0.000000,2362.000000,0.000000,410.000000,617.000000,628.000000,0.000000,11634.000000,3745.000000,3872.000000,4017.000000,7066.000000,4568.000000,42.104092,147.623966,0.514773,-0.057759,-1.155195,12.659065,MidStance,1.000000,8.054836,1.500000,ambiguous_stair,
1055,2026-05-14 23:08:59,52.750000,2026-5-14_stair2_left.csv,stair2,1783.000000,0.000000,1962.000000,0.000000,0.000000,0.000000,2785.000000,0.000000,1087.000000,0.000000,0.000000,0.000000,2362.000000,0.000000,410.000000,617.000000,628.000000,0.000000,11634.000000,3745.000000,3872.000000,4017.000000,7066.000000,4568.000000,42.104092,147.623966,0.514773,-0.057759,0.000000,0.000000,MidStance,1.000000,8.054836,1.500000,ambiguous_stair,
1056,2026-05-14 23:08:59,52.800000,2026-5-14_stair2_left.csv,stair2,1783.000000,0.000000,1962.000000,0.000000,0.000000,0.000000,2785.000000,0.000000,1087.000000,0.000000,0.000000,0.000000,2362.000000,0.000000,410.000000,617.000000,628.000000,0.000000,11634.000000,3745.000000,3872.000000,4017.000000,7066.000000,4568.000000,42.104092,147.623966,0.514773,-0.057759,0.000000,0.000000,MidStance,1.000000,8.054836,1.500000,ambiguous_stair,
1057,2026-05-14 23:09:00,52.850000,2026-5-14_stair2_left.csv,stair2,1783.000000,0.000000,1962.000000,0.000000,0.000000,0.000000,2785.000000,0.000000,1087.000000,0.000000,0.000000,0.000000,2362.000000,0.000000,410.000000,617.000000,628.000000,0.000000,11634.000000,3745.000000,3872.000000,4017.000000,7066.000000,4568.000000,42.104092,147.623966,0.514773,-0.057759,0.000000,0.000000,MidStance,1.000000,8.054836,1.500000,ambiguous_stair,
1058,2026-05-14 23:09:00,52.900000,2026-5-14_stair2_left.csv,stair2,1783.000000,0.000000,1962.000000,0.000000,0.000000,0.000000,2785.000000,0.000000,1087.000000,0.000000,0.000000,0.000000,2362.000000,0.000000,410.000000,617.000000,628.000000,0.000000,11634.000000,3745.000000,3872.000000,4017.000000,7066.000000,4568.000000,42.104092,147.623966,0.514773,-0.057759,0.000000,0.000000,MidStance,1.000000,8.054836,1.500000,ambiguous_stair,
1059,2026-05-14 23:09:00,52.950000,2026-5-14_stair2_left.csv,stair2,0.000000,0.000000,0.000000,0.000000,0.000000,0.000000,0.000000,0.000000,0.000000,0.000000,0.000000,0.000000,0.000000,0.000000,0.000000,0.000000,0.000000,0.000000,0.000000,0.000000,0.000000,0.000000,0.000000,0.000000,0.000000,0.000000,0.000000,0.000000,0.000000,0.000000,Swing,0.000000,0.000000,0.000000,ambiguous_stair,cop_invalid|low_pressure
1060,2026-05-14 23:09:00,53.000000,2026-5-14_stair2_left.csv,stair2,0.000000,0.000000,0.000000,0.000000,0.000000,0.000000,0.000000,0.000000,0.000000,0.000000,0.000000,0.000000,0.000000,0.000000,0.000000,0.000000,0.000000,0.000000,0.000000,0.000000,0.000000,0.000000,0.000000,0.000000,0.000000,0.000000,0.000000,0.000000,0.000000,0.000000,Swing,0.000000,0.000000,0.000000,ambiguous_stair,cop_invalid|low_pressure
1061,2026-05-14 23:09:00,53.050000,2026-5-14_stair2_left.csv,stair2,0.000000,0.000000,0.000000,0.000000,0.000000,0.000000,0.000000,0.000000,0.000000,0.000000,0.000000,0.000000,0.000000,0.000000,0.000000,0.000000,0.000000,0.000000,0.000000,0.000000,0.000000,0.000000,0.000000,0.000000,0.000000,0.000000,0.000000,0.000000,0.000000,0.000000,Swing,0.000000,0.000000,0.000000,ambiguous_stair,cop_invalid|low_pressure
1062,2026-05-14 23:09:00,53.100000,2026-5-14_stair2_left.csv,stair2,0.000000,0.000000,0.000000,0.000000,0.000000,0.000000,0.000000,0.000000,0.000000,0.000000,0.000000,0.000000,0.000000,0.000000,0.000000,0.000000,0.000000,0.000000,0.000000,0.000000,0.000000,0.000000,0.000000,0.000000,0.000000,0.000000,0.000000,0.000000,0.000000,0.000000,Swing,0.000000,0.000000,0.000000,ambiguous_stair,cop_invalid|low_pressure
1063,2026-05-14 23:09:00,53.150000,2026-5-14_stair2_left.csv,stair2,0.000000,0.000000,0.000000,0.000000,0.000000,0.000000,0.000000,0.000000,0.000000,0.000000,0.000000,0.000000,0.000000,0.000000,0.000000,0.000000,0.000000,0.000000,0.000000,0.000000,0.000000,0.000000,0.000000,0.000000,0.000000,0.000000,0.000000,0.000000,0.000000,0.000000,Swing,0.000000,0.000000,0.000000,ambiguous_stair,cop_invalid|low_pressure
1064,2026-05-14 23:09:00,53.200000,2026-5-14_stair2_left.csv,stair2,866.000000,0.000000,4195.000000,2115.000000,0.000000,0.000000,1604.000000,0.000000,4146.000000,2276.000000,420.000000,206.000000,2370.000000,0.000000,1459.000000,2845.000000,2507.000000,0.000000,25009.000000,7176.000000,8652.000000,9181.000000,22539.000000,2470.000000,0.000000,0.000000,0.000000,0.000000,0.000000,0.000000,Swing,0.000000,0.000000,0.000000,ambiguous_stair,cop_invalid
1065,2026-05-14 23:09:00,53.250000,2026-5-14_stair2_left.csv,stair2,866.000000,0.000000,4195.000000,2115.000000,0.000000,0.000000,1604.000000,0.000000,4146.000000,2276.000000,420.000000,206.000000,2370.000000,0.000000,1459.000000,2845.000000,2507.000000,0.000000,25009.000000,7176.000000,8652.000000,9181.000000,22539.000000,2470.000000,0.000000,0.000000,0.000000,0.000000,0.000000,0.000000,Swing,0.000000,0.000000,0.000000,ambiguous_stair,cop_invalid
1066,2026-05-14 23:09:00,53.300000,2026-5-14_stair2_left.csv,stair2,2819.000000,0.000000,3820.000000,1755.000000,0.000000,0.000000,3238.000000,0.000000,2932.000000,1281.000000,414.000000,334.000000,3678.000000,0.000000,1601.000000,3318.000000,3293.000000,0.000000,28483.000000,8394.000000,8199.000000,11890.000000,22426.000000,6057.000000,49.995403,135.010005,0.456245,-0.256008,0.000000,0.000000,MidStance,0.000000,16.272618,1.500000,ambiguous_stair,
1067,2026-05-14 23:09:00,53.350000,2026-5-14_stair2_left.csv,stair2,2819.000000,0.000000,3820.000000,1755.000000,0.000000,0.000000,3238.000000,0.000000,2932.000000,1281.000000,414.000000,334.000000,3678.000000,0.000000,1601.000000,3318.000000,3293.000000,0.000000,28483.000000,8394.000000,8199.000000,11890.000000,22426.000000,6057.000000,49.995403,135.010005,0.456245,-0.256008,0.000000,0.000000,MidStance,0.061480,16.272618,1.500000,ambiguous_stair,
1068,2026-05-14 23:09:00,53.400000,2026-5-14_stair2_left.csv,stair2,3388.000000,0.000000,3424.000000,1345.000000,0.000000,0.000000,3436.000000,0.000000,2440.000000,834.000000,219.000000,259.000000,3446.000000,0.000000,1414.000000,2723.000000,2685.000000,0.000000,25613.000000,8157.000000,7188.000000,10268.000000,18789.000000,6824.000000,47.699606,139.246907,0.475904,-0.198332,0.393179,1.153522,MidStance,0.122960,15.674311,1.500000,ambiguous_stair,
1069,2026-05-14 23:09:00,53.450000,2026-5-14_stair2_left.csv,stair2,3388.000000,0.000000,3424.000000,1345.000000,0.000000,0.000000,3436.000000,0.000000,2440.000000,834.000000,219.000000,259.000000,3446.000000,0.000000,1414.000000,2723.000000,2685.000000,0.000000,25613.000000,8157.000000,7188.000000,10268.000000,18789.000000,6824.000000,47.699606,139.246907,0.475904,-0.198332,0.000000,0.000000,MidStance,0.184440,15.674311,1.500000,ambiguous_stair,
1070,2026-05-14 23:09:00,53.500000,2026-5-14_stair2_left.csv,stair2,1941.000000,0.000000,875.000000,0.000000,0.000000,0.000000,2439.000000,0.000000,789.000000,0.000000,0.000000,0.000000,3160.000000,0.000000,647.000000,1295.000000,1978.000000,0.000000,13124.000000,2816.000000,3228.000000,7080.000000,8744.000000,4380.000000,46.849473,163.788539,0.589776,-0.176975,2.277434,0.427148,MidStance,0.245919,11.122169,1.500000,ambiguous_stair,
1071,2026-05-14 23:09:00,53.550000,2026-5-14_stair2_left.csv,stair2,1941.000000,0.000000,875.000000,0.000000,0.000000,0.000000,2439.000000,0.000000,789.000000,0.000000,0.000000,0.000000,3160.000000,0.000000,647.000000,1295.000000,1978.000000,0.000000,13124.000000,2816.000000,3228.000000,7080.000000,8744.000000,4380.000000,46.849473,163.788539,0.589776,-0.176975,0.000000,0.000000,MidStance,0.307399,11.122169,1.500000,ambiguous_stair,
1072,2026-05-14 23:09:00,53.600000,2026-5-14_stair2_left.csv,stair2,1941.000000,0.000000,875.000000,0.000000,0.000000,0.000000,2439.000000,0.000000,789.000000,0.000000,0.000000,0.000000,3160.000000,0.000000,647.000000,1295.000000,1978.000000,0.000000,13124.000000,2816.000000,3228.000000,7080.000000,8744.000000,4380.000000,46.849473,163.788539,0.589776,-0.176975,0.000000,0.000000,MidStance,0.368879,11.122169,1.500000,ambiguous_stair,
1073,2026-05-14 23:09:00,53.650000,2026-5-14_stair2_left.csv,stair2,2082.000000,0.000000,1587.000000,0.000000,0.000000,0.000000,2129.000000,0.000000,1214.000000,0.000000,0.000000,0.000000,2458.000000,0.000000,591.000000,1408.000000,1669.000000,0.000000,13138.000000,3669.000000,3343.000000,6126.000000,8927.000000,4211.000000,46.525929,151.840566,0.534338,-0.168846,-1.108758,0.162565,MidStance,0.430359,9.627730,1.500000,ambiguous_stair,
1074,2026-05-14 23:09:00,53.700000,2026-5-14_stair2_left.csv,stair2,2082.000000,0.000000,1587.000000,0.000000,0.000000,0.000000,2129.000000,0.000000,1214.000000,0.000000,0.000000,0.000000,2458.000000,0.000000,591.000000,1408.000000,1669.000000,0.000000,13138.000000,3669.000000,3343.000000,6126.000000,8927.000000,4211.000000,46.525929,151.840566,0.534338,-0.168846,0.000000,0.000000,MidStance,0.491839,9.627730,1.500000,ambiguous_stair,
1075,2026-05-14 23:09:00,53.750000,2026-5-14_stair2_left.csv,stair2,4099.000000,537.000000,2425.000000,0.000000,0.000000,0.000000,2856.000000,0.000000,1130.000000,0.000000,0.000000,0.000000,1940.000000,0.000000,513.000000,535.000000,137.000000,0.000000,14172.000000,7061.000000,3986.000000,3125.000000,6680.000000,7492.000000,34.690675,151.131209,0.531047,0.128484,-0.065827,5.946617,MidStance,0.553319,10.288992,1.500000,ambiguous_stair,
1076,2026-05-14 23:09:00,53.800000,2026-5-14_stair2_left.csv,stair2,4099.000000,537.000000,2425.000000,0.000000,0.000000,0.000000,2856.000000,0.000000,1130.000000,0.000000,0.000000,0.000000,1940.000000,0.000000,513.000000,535.000000,137.000000,0.000000,14172.000000,7061.000000,3986.000000,3125.000000,6680.000000,7492.000000,34.690675,151.131209,0.531047,0.128484,0.000000,0.000000,MidStance,0.614798,10.288992,1.500000,ambiguous_stair,
1077,2026-05-14 23:09:01,53.850000,2026-5-14_stair2_left.csv,stair2,0.000000,0.000000,0.000000,0.000000,0.000000,0.000000,0.000000,0.000000,0.000000,0.000000,0.000000,0.000000,0.000000,0.000000,0.000000,0.000000,0.000000,0.000000,0.000000,0.000000,0.000000,0.000000,0.000000,0.000000,0.000000,0.000000,0.000000,0.000000,0.000000,0.000000,Swing,0.000000,0.000000,0.000000,ambiguous_stair,cop_invalid|low_pressure
1078,2026-05-14 23:09:01,53.900000,2026-5-14_stair2_left.csv,stair2,0.000000,0.000000,0.000000,0.000000,0.000000,0.000000,0.000000,0.000000,0.000000,0.000000,0.000000,0.000000,0.000000,0.000000,0.000000,0.000000,0.000000,0.000000,0.000000,0.000000,0.000000,0.000000,0.000000,0.000000,0.000000,0.000000,0.000000,0.000000,0.000000,0.000000,Swing,0.000000,0.000000,0.000000,ambiguous_stair,cop_invalid|low_pressure
1079,2026-05-14 23:09:01,53.950000,2026-5-14_stair2_left.csv,stair2,0.000000,0.000000,0.000000,0.000000,0.000000,0.000000,0.000000,0.000000,0.000000,0.000000,0.000000,0.000000,0.000000,0.000000,0.000000,0.000000,0.000000,0.000000,0.000000,0.000000,0.000000,0.000000,0.000000,0.000000,0.000000,0.000000,0.000000,0.000000,0.000000,0.000000,Swing,0.000000,0.000000,0.000000,ambiguous_stair,cop_invalid|low_pressure
1080,2026-05-14 23:09:01,54.000000,2026-5-14_stair2_left.csv,stair2,0.000000,0.000000,0.000000,0.000000,0.000000,0.000000,0.000000,0.000000,0.000000,0.000000,0.000000,0.000000,0.000000,0.000000,0.000000,0.000000,0.000000,0.000000,0.000000,0.000000,0.000000,0.000000,0.000000,0.000000,0.000000,0.000000,0.000000,0.000000,0.000000,0.000000,Swing,0.000000,0.000000,0.000000,ambiguous_stair,cop_invalid|low_pressure
1081,2026-05-14 23:09:01,54.050000,2026-5-14_stair2_left.csv,stair2,0.000000,0.000000,0.000000,0.000000,0.000000,0.000000,0.000000,0.000000,0.000000,0.000000,0.000000,0.000000,0.000000,0.000000,0.000000,0.000000,0.000000,0.000000,0.000000,0.000000,0.000000,0.000000,0.000000,0.000000,0.000000,0.000000,0.000000,0.000000,0.000000,0.000000,Swing,0.000000,0.000000,0.000000,ambiguous_stair,cop_invalid|low_pressure
1082,2026-05-14 23:09:01,54.100000,2026-5-14_stair2_left.csv,stair2,0.000000,0.000000,0.000000,0.000000,0.000000,0.000000,0.000000,0.000000,0.000000,0.000000,0.000000,0.000000,0.000000,0.000000,0.000000,0.000000,0.000000,0.000000,0.000000,0.000000,0.000000,0.000000,0.000000,0.000000,0.000000,0.000000,0.000000,0.000000,0.000000,0.000000,Swing,0.000000,0.000000,0.000000,ambiguous_stair,cop_invalid|low_pressure
1083,2026-05-14 23:09:01,54.150000,2026-5-14_stair2_left.csv,stair2,0.000000,0.000000,0.000000,0.000000,0.000000,0.000000,463.000000,0.000000,0.000000,0.000000,0.000000,0.000000,1484.000000,0.000000,0.000000,384.000000,918.000000,0.000000,3249.000000,0.000000,463.000000,2786.000000,2786.000000,463.000000,0.000000,0.000000,0.000000,0.000000,0.000000,0.000000,Swing,0.000000,0.000000,0.000000,ambiguous_stair,cop_invalid
1084,2026-05-14 23:09:01,54.200000,2026-5-14_stair2_left.csv,stair2,0.000000,0.000000,0.000000,0.000000,0.000000,0.000000,463.000000,0.000000,0.000000,0.000000,0.000000,0.000000,1484.000000,0.000000,0.000000,384.000000,918.000000,0.000000,3249.000000,0.000000,463.000000,2786.000000,2786.000000,463.000000,0.000000,0.000000,0.000000,0.000000,0.000000,0.000000,Swing,0.000000,0.000000,0.000000,ambiguous_stair,cop_invalid
1085,2026-05-14 23:09:01,54.250000,2026-5-14_stair2_left.csv,stair2,1504.000000,0.000000,3397.000000,1245.000000,0.000000,0.000000,2229.000000,0.000000,3260.000000,1380.000000,249.000000,433.000000,2774.000000,0.000000,1083.000000,2692.000000,2469.000000,0.000000,22715.000000,6146.000000,7551.000000,9018.000000,18982.000000,3733.000000,52.008655,126.845845,0.418364,-0.306586,0.000000,0.000000,MidStance,0.000000,11.197740,1.500000,ambiguous_stair,
1086,2026-05-14 23:09:01,54.300000,2026-5-14_stair2_left.csv,stair2,1504.000000,0.000000,3397.000000,1245.000000,0.000000,0.000000,2229.000000,0.000000,3260.000000,1380.000000,249.000000,433.000000,2774.000000,0.000000,1083.000000,2692.000000,2469.000000,0.000000,22715.000000,6146.000000,7551.000000,9018.000000,18982.000000,3733.000000,52.008655,126.845845,0.418364,-0.306586,0.000000,0.000000,MidStance,0.064052,11.197740,1.500000,ambiguous_stair,
1087,2026-05-14 23:09:01,54.350000,2026-5-14_stair2_left.csv,stair2,3420.000000,0.000000,3651.000000,1347.000000,0.000000,0.000000,3498.000000,0.000000,2772.000000,1013.000000,374.000000,521.000000,3545.000000,0.000000,1319.000000,2849.000000,2950.000000,0.000000,27259.000000,8418.000000,8178.000000,10663.000000,20341.000000,6918.000000,48.149453,138.031802,0.470266,-0.209633,1.038044,1.939054,MidStance,0.128103,16.363766,1.500000,ambiguous_stair,
1088,2026-05-14 23:09:01,54.400000,2026-5-14_stair2_left.csv,stair2,3420.000000,0.000000,3651.000000,1347.000000,0.000000,0.000000,3498.000000,0.000000,2772.000000,1013.000000,374.000000,521.000000,3545.000000,0.000000,1319.000000,2849.000000,2950.000000,0.000000,27259.000000,8418.000000,8178.000000,10663.000000,20341.000000,6918.000000,48.149453,138.031802,0.470266,-0.209633,0.000000,0.000000,MidStance,0.192155,16.363766,1.500000,ambiguous_stair,
1089,2026-05-14 23:09:01,54.450000,2026-5-14_stair2_left.csv,stair2,2886.000000,0.000000,2075.000000,166.000000,0.000000,0.000000,2778.000000,0.000000,1468.000000,0.000000,0.000000,0.000000,2579.000000,0.000000,752.000000,1648.000000,1695.000000,0.000000,16047.000000,5127.000000,4246.000000,6674.000000,10383.000000,5664.000000,44.851918,149.745618,0.524618,-0.126791,1.087028,1.656845,MidStance,0.256207,11.436896,1.500000,ambiguous_stair,
1090,2026-05-14 23:09:01,54.500000,2026-5-14_stair2_left.csv,stair2,2886.000000,0.000000,2075.000000,166.000000,0.000000,0.000000,2778.000000,0.000000,1468.000000,0.000000,0.000000,0.000000,2579.000000,0.000000,752.000000,1648.000000,1695.000000,0.000000,16047.000000,5127.000000,4246.000000,6674.000000,10383.000000,5664.000000,44.851918,149.745618,0.524618,-0.126791,0.000000,0.000000,MidStance,0.320258,11.436896,1.500000,ambiguous_stair,
1091,2026-05-14 23:09:01,54.550000,2026-5-14_stair2_left.csv,stair2,2607.000000,0.000000,1480.000000,0.000000,0.000000,0.000000,2518.000000,0.000000,1033.000000,0.000000,0.000000,0.000000,2459.000000,0.000000,685.000000,1320.000000,1367.000000,0.000000,13469.000000,4087.000000,3551.000000,5831.000000,8344.000000,5125.000000,44.025597,155.434620,0.551014,-0.106032,0.527933,0.415185,MidStance,0.384310,10.334816,1.500000,ambiguous_stair,
1092,2026-05-14 23:09:01,54.600000,2026-5-14_stair2_left.csv,stair2,2607.000000,0.000000,1480.000000,0.000000,0.000000,0.000000,2518.000000,0.000000,1033.000000,0.000000,0.000000,0.000000,2459.000000,0.000000,685.000000,1320.000000,1367.000000,0.000000,13469.000000,4087.000000,3551.000000,5831.000000,8344.000000,5125.000000,44.025597,155.434620,0.551014,-0.106032,0.000000,0.000000,MidStance,0.448362,10.334816,1.500000,ambiguous_stair,
1093,2026-05-14 23:09:01,54.650000,2026-5-14_stair2_left.csv,stair2,1999.000000,0.000000,1479.000000,0.000000,0.000000,0.000000,1859.000000,0.000000,1096.000000,0.000000,0.000000,0.000000,1880.000000,0.000000,712.000000,1521.000000,1193.000000,0.000000,11739.000000,3478.000000,2955.000000,5306.000000,7881.000000,3858.000000,46.399939,149.133425,0.521777,-0.165681,-0.584743,-1.192987,MidStance,0.512413,8.297569,1.500000,ambiguous_stair,
1094,2026-05-14 23:09:01,54.700000,2026-5-14_stair2_left.csv,stair2,1999.000000,0.000000,1479.000000,0.000000,0.000000,0.000000,1859.000000,0.000000,1096.000000,0.000000,0.000000,0.000000,1880.000000,0.000000,712.000000,1521.000000,1193.000000,0.000000,11739.000000,3478.000000,2955.000000,5306.000000,7881.000000,3858.000000,46.399939,149.133425,0.521777,-0.165681,0.000000,0.000000,MidStance,0.576465,8.297569,1.500000,ambiguous_stair,
1095,2026-05-14 23:09:01,54.750000,2026-5-14_stair2_left.csv,stair2,2509.000000,0.000000,2378.000000,0.000000,0.000000,0.000000,2166.000000,0.000000,1298.000000,0.000000,0.000000,0.000000,2030.000000,0.000000,520.000000,1077.000000,1146.000000,0.000000,13124.000000,4887.000000,3464.000000,4773.000000,8449.000000,4675.000000,43.383894,143.825235,0.497148,-0.089911,-0.492594,1.515410,MidStance,0.640517,8.608039,1.500000,ambiguous_stair,
1096,2026-05-14 23:09:01,54.800000,2026-5-14_stair2_left.csv,stair2,2509.000000,0.000000,2378.000000,0.000000,0.000000,0.000000,2166.000000,0.000000,1298.000000,0.000000,0.000000,0.000000,2030.000000,0.000000,520.000000,1077.000000,1146.000000,0.000000,13124.000000,4887.000000,3464.000000,4773.000000,8449.000000,4675.000000,43.383894,143.825235,0.497148,-0.089911,0.000000,0.000000,MidStance,0.704568,8.608039,1.500000,ambiguous_stair,
1097,2026-05-14 23:09:02,54.850000,2026-5-14_stair2_left.csv,stair2,2652.000000,291.000000,626.000000,0.000000,0.000000,0.000000,747.000000,0.000000,0.000000,0.000000,0.000000,0.000000,0.000000,0.000000,0.000000,0.000000,0.000000,0.000000,4316.000000,3569.000000,747.000000,0.000000,626.000000,3690.000000,19.105093,170.731622,0.621992,0.520033,2.496881,12.198870,MidStance,0.768620,3.945228,1.500000,ambiguous_stair,
1098,2026-05-14 23:09:02,54.900000,2026-5-14_stair2_left.csv,stair2,2652.000000,291.000000,626.000000,0.000000,0.000000,0.000000,747.000000,0.000000,0.000000,0.000000,0.000000,0.000000,0.000000,0.000000,0.000000,0.000000,0.000000,0.000000,4316.000000,3569.000000,747.000000,0.000000,626.000000,3690.000000,19.105093,170.731622,0.621992,0.520033,0.000000,0.000000,MidStance,0.832672,3.945228,1.500000,ambiguous_stair,
1099,2026-05-14 23:09:02,54.950000,2026-5-14_stair2_left.csv,stair2,0.000000,0.000000,0.000000,0.000000,0.000000,0.000000,0.000000,0.000000,0.000000,0.000000,0.000000,0.000000,0.000000,0.000000,0.000000,0.000000,0.000000,0.000000,0.000000,0.000000,0.000000,0.000000,0.000000,0.000000,0.000000,0.000000,0.000000,0.000000,0.000000,0.000000,Swing,0.000000,0.000000,0.000000,ambiguous_stair,cop_invalid|low_pressure
1100,2026-05-14 23:09:02,55.000000,2026-5-14_stair2_left.csv,stair2,0.000000,0.000000,0.000000,0.000000,0.000000,0.000000,0.000000,0.000000,0.000000,0.000000,0.000000,0.000000,0.000000,0.000000,0.000000,0.000000,0.000000,0.000000,0.000000,0.000000,0.000000,0.000000,0.000000,0.000000,0.000000,0.000000,0.000000,0.000000,0.000000,0.000000,Swing,0.000000,0.000000,0.000000,ambiguous_stair,cop_invalid|low_pressure
1101,2026-05-14 23:09:02,55.050000,2026-5-14_stair2_left.csv,stair2,0.000000,0.000000,0.000000,0.000000,0.000000,0.000000,0.000000,0.000000,0.000000,0.000000,0.000000,0.000000,0.000000,0.000000,0.000000,0.000000,0.000000,0.000000,0.000000,0.000000,0.000000,0.000000,0.000000,0.000000,0.000000,0.000000,0.000000,0.000000,0.000000,0.000000,Swing,0.000000,0.000000,0.000000,ambiguous_stair,cop_invalid|low_pressure
1102,2026-05-14 23:09:02,55.100000,2026-5-14_stair2_left.csv,stair2,0.000000,0.000000,0.000000,0.000000,0.000000,0.000000,0.000000,0.000000,0.000000,0.000000,0.000000,0.000000,0.000000,0.000000,0.000000,0.000000,0.000000,0.000000,0.000000,0.000000,0.000000,0.000000,0.000000,0.000000,0.000000,0.000000,0.000000,0.000000,0.000000,0.000000,Swing,0.000000,0.000000,0.000000,ambiguous_stair,cop_invalid|low_pressure
1103,2026-05-14 23:09:02,55.150000,2026-5-14_stair2_left.csv,stair2,0.000000,0.000000,0.000000,0.000000,0.000000,0.000000,0.000000,0.000000,0.000000,0.000000,0.000000,0.000000,0.000000,0.000000,0.000000,0.000000,0.000000,0.000000,0.000000,0.000000,0.000000,0.000000,0.000000,0.000000,0.000000,0.000000,0.000000,0.000000,0.000000,0.000000,Swing,0.000000,0.000000,0.000000,ambiguous_stair,cop_invalid|low_pressure
1104,2026-05-14 23:09:02,55.200000,2026-5-14_stair2_left.csv,stair2,0.000000,0.000000,0.000000,0.000000,0.000000,0.000000,0.000000,0.000000,0.000000,0.000000,0.000000,0.000000,0.000000,0.000000,0.000000,0.000000,0.000000,0.000000,0.000000,0.000000,0.000000,0.000000,0.000000,0.000000,0.000000,0.000000,0.000000,0.000000,0.000000,0.000000,Swing,0.000000,0.000000,0.000000,ambiguous_stair,cop_invalid|low_pressure
1105,2026-05-14 23:09:02,55.250000,2026-5-14_stair2_left.csv,stair2,0.000000,0.000000,0.000000,0.000000,0.000000,0.000000,0.000000,0.000000,0.000000,0.000000,0.000000,0.000000,0.000000,0.000000,0.000000,0.000000,0.000000,0.000000,0.000000,0.000000,0.000000,0.000000,0.000000,0.000000,0.000000,0.000000,0.000000,0.000000,0.000000,0.000000,Swing,0.000000,0.000000,0.000000,ambiguous_stair,cop_invalid|low_pressure
1106,2026-05-14 23:09:02,55.300000,2026-5-14_stair2_left.csv,stair2,0.000000,0.000000,0.000000,0.000000,0.000000,0.000000,254.000000,0.000000,0.000000,0.000000,0.000000,0.000000,1191.000000,0.000000,99.000000,1632.000000,1714.000000,0.000000,4890.000000,0.000000,254.000000,4636.000000,4636.000000,254.000000,0.000000,0.000000,0.000000,0.000000,0.000000,0.000000,Swing,0.000000,0.000000,0.000000,ambiguous_stair,cop_invalid
1107,2026-05-14 23:09:02,55.350000,2026-5-14_stair2_left.csv,stair2,803.000000,0.000000,4249.000000,2598.000000,0.000000,0.000000,1584.000000,0.000000,3577.000000,2508.000000,703.000000,329.000000,2454.000000,0.000000,2321.000000,4195.000000,3942.000000,0.000000,29263.000000,7650.000000,8701.000000,12912.000000,26876.000000,2387.000000,0.000000,0.000000,0.000000,0.000000,0.000000,0.000000,Swing,0.000000,0.000000,0.000000,ambiguous_stair,cop_invalid
1108,2026-05-14 23:09:02,55.400000,2026-5-14_stair2_left.csv,stair2,803.000000,0.000000,4249.000000,2598.000000,0.000000,0.000000,1584.000000,0.000000,3577.000000,2508.000000,703.000000,329.000000,2454.000000,0.000000,2321.000000,4195.000000,3942.000000,0.000000,29263.000000,7650.000000,8701.000000,12912.000000,26876.000000,2387.000000,55.713253,120.622901,0.389490,-0.399655,0.000000,0.000000,LoadingResponse,0.000000,12.678240,1.500000,ambiguous_stair,
1109,2026-05-14 23:09:02,55.450000,2026-5-14_stair2_left.csv,stair2,803.000000,0.000000,4249.000000,2598.000000,0.000000,0.000000,1584.000000,0.000000,3577.000000,2508.000000,703.000000,329.000000,2454.000000,0.000000,2321.000000,4195.000000,3942.000000,0.000000,29263.000000,7650.000000,8701.000000,12912.000000,26876.000000,2387.000000,55.713253,120.622901,0.389490,-0.399655,0.000000,0.000000,LoadingResponse,0.063735,12.678240,1.500000,ambiguous_stair,
1110,2026-05-14 23:09:02,55.500000,2026-5-14_stair2_left.csv,stair2,583.000000,0.000000,4019.000000,2456.000000,0.000000,0.000000,1277.000000,0.000000,3130.000000,2218.000000,486.000000,31.000000,1880.000000,0.000000,2134.000000,3368.000000,2957.000000,0.000000,24539.000000,7058.000000,7142.000000,10339.000000,22679.000000,1860.000000,55.508636,115.983610,0.367964,-0.394514,-0.430521,0.102810,LoadingResponse,0.127470,9.539120,1.500000,ambiguous_stair,
1111,2026-05-14 23:09:02,55.550000,2026-5-14_stair2_left.csv,stair2,583.000000,0.000000,4019.000000,2456.000000,0.000000,0.000000,1277.000000,0.000000,3130.000000,2218.000000,486.000000,31.000000,1880.000000,0.000000,2134.000000,3368.000000,2957.000000,0.000000,24539.000000,7058.000000,7142.000000,10339.000000,22679.000000,1860.000000,55.508636,115.983610,0.367964,-0.394514,0.000000,0.000000,LoadingResponse,0.191206,9.539120,1.500000,ambiguous_stair,
1112,2026-05-14 23:09:02,55.600000,2026-5-14_stair2_left.csv,stair2,397.000000,0.000000,1870.000000,503.000000,0.000000,0.000000,1101.000000,0.000000,1605.000000,575.000000,0.000000,145.000000,1751.000000,0.000000,1864.000000,3170.000000,2802.000000,0.000000,15783.000000,2770.000000,3426.000000,9587.000000,14285.000000,1498.000000,57.987236,135.208427,0.457166,-0.456783,1.784040,-1.245371,MidStance,0.254941,9.047035,1.500000,ambiguous_stair,
1113,2026-05-14 23:09:02,55.650000,2026-5-14_stair2_left.csv,stair2,397.000000,0.000000,1870.000000,503.000000,0.000000,0.000000,1101.000000,0.000000,1605.000000,575.000000,0.000000,145.000000,1751.000000,0.000000,1864.000000,3170.000000,2802.000000,0.000000,15783.000000,2770.000000,3426.000000,9587.000000,14285.000000,1498.000000,57.987236,135.208427,0.457166,-0.456783,0.000000,0.000000,MidStance,0.318676,9.047035,1.500000,ambiguous_stair,
1114,2026-05-14 23:09:02,55.700000,2026-5-14_stair2_left.csv,stair2,412.000000,0.000000,1132.000000,0.000000,0.000000,0.000000,1255.000000,0.000000,1073.000000,0.000000,0.000000,577.000000,2138.000000,0.000000,1545.000000,3226.000000,3011.000000,0.000000,14369.000000,1544.000000,2905.000000,9920.000000,12702.000000,1667.000000,58.147332,150.342774,0.527389,-0.460805,1.404449,-0.080441,MidStance,0.382411,10.323303,1.500000,ambiguous_stair,
1115,2026-05-14 23:09:02,55.750000,2026-5-14_stair2_left.csv,stair2,412.000000,0.000000,1132.000000,0.000000,0.000000,0.000000,1255.000000,0.000000,1073.000000,0.000000,0.000000,577.000000,2138.000000,0.000000,1545.000000,3226.000000,3011.000000,0.000000,14369.000000,1544.000000,2905.000000,9920.000000,12702.000000,1667.000000,58.147332,150.342774,0.527389,-0.460805,0.000000,0.000000,MidStance,0.446146,10.323303,1.500000,ambiguous_stair,
1116,2026-05-14 23:09:02,55.800000,2026-5-14_stair2_left.csv,stair2,2188.000000,0.000000,1553.000000,0.000000,0.000000,0.000000,2743.000000,0.000000,874.000000,0.000000,0.000000,0.000000,3156.000000,0.000000,830.000000,1550.000000,2563.000000,0.000000,15457.000000,3741.000000,3617.000000,8099.000000,10526.000000,4931.000000,47.282425,159.248777,0.568712,-0.187851,0.826466,5.459067,MidStance,0.509882,12.425951,1.500000,ambiguous_stair,
1117,2026-05-14 23:09:03,55.850000,2026-5-14_stair2_left.csv,stair2,2188.000000,0.000000,1553.000000,0.000000,0.000000,0.000000,2743.000000,0.000000,874.000000,0.000000,0.000000,0.000000,3156.000000,0.000000,830.000000,1550.000000,2563.000000,0.000000,15457.000000,3741.000000,3617.000000,8099.000000,10526.000000,4931.000000,47.282425,159.248777,0.568712,-0.187851,0.000000,0.000000,MidStance,0.573617,12.425951,1.500000,ambiguous_stair,
1118,2026-05-14 23:09:03,55.900000,2026-5-14_stair2_left.csv,stair2,2777.000000,162.000000,428.000000,0.000000,0.000000,0.000000,1437.000000,0.000000,0.000000,0.000000,0.000000,0.000000,956.000000,0.000000,11.000000,670.000000,466.000000,0.000000,6907.000000,3367.000000,1437.000000,2103.000000,2531.000000,4376.000000,32.510636,177.027760,0.651205,0.183252,1.649869,7.422077,TerminalStance,0.637352,6.730948,1.500000,ambiguous_stair,
1119,2026-05-14 23:09:03,55.950000,2026-5-14_stair2_left.csv,stair2,2777.000000,162.000000,428.000000,0.000000,0.000000,0.000000,1437.000000,0.000000,0.000000,0.000000,0.000000,0.000000,956.000000,0.000000,11.000000,670.000000,466.000000,0.000000,6907.000000,3367.000000,1437.000000,2103.000000,2531.000000,4376.000000,32.510636,177.027760,0.651205,0.183252,0.000000,0.000000,TerminalStance,0.701087,6.730948,1.500000,ambiguous_stair,
1120,2026-05-14 23:09:03,56.000000,2026-5-14_stair2_left.csv,stair2,0.000000,0.000000,0.000000,0.000000,0.000000,0.000000,0.000000,0.000000,0.000000,0.000000,0.000000,0.000000,0.000000,0.000000,0.000000,0.000000,0.000000,0.000000,0.000000,0.000000,0.000000,0.000000,0.000000,0.000000,0.000000,0.000000,0.000000,0.000000,0.000000,0.000000,Swing,0.000000,0.000000,0.000000,ambiguous_stair,cop_invalid|low_pressure
1121,2026-05-14 23:09:03,56.050000,2026-5-14_stair2_left.csv,stair2,0.000000,0.000000,0.000000,0.000000,0.000000,0.000000,0.000000,0.000000,0.000000,0.000000,0.000000,0.000000,0.000000,0.000000,0.000000,0.000000,0.000000,0.000000,0.000000,0.000000,0.000000,0.000000,0.000000,0.000000,0.000000,0.000000,0.000000,0.000000,0.000000,0.000000,Swing,0.000000,0.000000,0.000000,ambiguous_stair,cop_invalid|low_pressure
1122,2026-05-14 23:09:03,56.100000,2026-5-14_stair2_left.csv,stair2,0.000000,0.000000,0.000000,0.000000,0.000000,0.000000,0.000000,0.000000,0.000000,0.000000,0.000000,0.000000,0.000000,0.000000,0.000000,0.000000,0.000000,0.000000,0.000000,0.000000,0.000000,0.000000,0.000000,0.000000,0.000000,0.000000,0.000000,0.000000,0.000000,0.000000,Swing,0.000000,0.000000,0.000000,ambiguous_stair,cop_invalid|low_pressure
1123,2026-05-14 23:09:03,56.150000,2026-5-14_stair2_left.csv,stair2,0.000000,0.000000,0.000000,0.000000,0.000000,0.000000,0.000000,0.000000,0.000000,0.000000,0.000000,0.000000,0.000000,0.000000,0.000000,0.000000,0.000000,0.000000,0.000000,0.000000,0.000000,0.000000,0.000000,0.000000,0.000000,0.000000,0.000000,0.000000,0.000000,0.000000,Swing,0.000000,0.000000,0.000000,ambiguous_stair,cop_invalid|low_pressure
1124,2026-05-14 23:09:03,56.200000,2026-5-14_stair2_left.csv,stair2,0.000000,0.000000,0.000000,0.000000,0.000000,0.000000,0.000000,0.000000,0.000000,0.000000,0.000000,0.000000,0.000000,0.000000,0.000000,0.000000,0.000000,0.000000,0.000000,0.000000,0.000000,0.000000,0.000000,0.000000,0.000000,0.000000,0.000000,0.000000,0.000000,0.000000,Swing,0.000000,0.000000,0.000000,ambiguous_stair,cop_invalid|low_pressure
1125,2026-05-14 23:09:03,56.250000,2026-5-14_stair2_left.csv,stair2,0.000000,0.000000,0.000000,0.000000,0.000000,0.000000,0.000000,0.000000,0.000000,0.000000,0.000000,0.000000,0.000000,0.000000,0.000000,0.000000,0.000000,0.000000,0.000000,0.000000,0.000000,0.000000,0.000000,0.000000,0.000000,0.000000,0.000000,0.000000,0.000000,0.000000,Swing,0.000000,0.000000,0.000000,ambiguous_stair,cop_invalid|low_pressure
1126,2026-05-14 23:09:03,56.300000,2026-5-14_stair2_left.csv,stair2,0.000000,0.000000,7540.000000,2621.000000,0.000000,0.000000,0.000000,0.000000,7131.000000,3485.000000,0.000000,0.000000,0.000000,0.000000,614.000000,149.000000,0.000000,0.000000,21540.000000,10161.000000,10616.000000,763.000000,21540.000000,0.000000,0.000000,0.000000,0.000000,0.000000,0.000000,0.000000,Swing,0.000000,0.000000,0.000000,ambiguous_stair,cop_invalid
1127,2026-05-14 23:09:03,56.350000,2026-5-14_stair2_left.csv,stair2,0.000000,0.000000,5601.000000,4877.000000,0.000000,0.000000,0.000000,0.000000,6787.000000,5132.000000,369.000000,0.000000,39.000000,0.000000,3124.000000,3735.000000,2564.000000,0.000000,32228.000000,10478.000000,12288.000000,9462.000000,32228.000000,0.000000,0.000000,0.000000,0.000000,0.000000,0.000000,0.000000,Swing,0.000000,0.000000,0.000000,ambiguous_stair,cop_invalid
1128,2026-05-14 23:09:03,56.400000,2026-5-14_stair2_left.csv,stair2,0.000000,0.000000,5601.000000,4877.000000,0.000000,0.000000,0.000000,0.000000,6787.000000,5132.000000,369.000000,0.000000,39.000000,0.000000,3124.000000,3735.000000,2564.000000,0.000000,32228.000000,10478.000000,12288.000000,9462.000000,32228.000000,0.000000,57.963723,91.360416,0.253714,-0.456192,0.000000,0.000000,LoadingResponse,0.000000,4.913142,1.500000,ambiguous_stair,
1129,2026-05-14 23:09:03,56.450000,2026-5-14_stair2_left.csv,stair2,0.000000,0.000000,6843.000000,6095.000000,0.000000,0.000000,0.000000,0.000000,6438.000000,5502.000000,1270.000000,0.000000,1688.000000,0.000000,2771.000000,3134.000000,2357.000000,0.000000,36098.000000,12938.000000,13210.000000,9950.000000,36098.000000,0.000000,55.866407,93.291966,0.262676,-0.403502,0.179246,1.053795,LoadingResponse,0.065138,6.172202,1.500000,ambiguous_stair,
1130,2026-05-14 23:09:03,56.500000,2026-5-14_stair2_left.csv,stair2,0.000000,0.000000,6843.000000,6095.000000,0.000000,0.000000,0.000000,0.000000,6438.000000,5502.000000,1270.000000,0.000000,1688.000000,0.000000,2771.000000,3134.000000,2357.000000,0.000000,36098.000000,12938.000000,13210.000000,9950.000000,36098.000000,0.000000,55.866407,93.291966,0.262676,-0.403502,0.000000,0.000000,LoadingResponse,0.130277,6.172202,1.500000,ambiguous_stair,
1131,2026-05-14 23:09:03,56.550000,2026-5-14_stair2_left.csv,stair2,0.000000,0.000000,1710.000000,560.000000,0.000000,0.000000,515.000000,0.000000,2535.000000,627.000000,38.000000,0.000000,1732.000000,0.000000,1909.000000,3083.000000,2330.000000,0.000000,15039.000000,2270.000000,3715.000000,9054.000000,14524.000000,515.000000,60.488978,124.910741,0.409385,-0.519633,2.934185,-2.322608,MidStance,0.195415,7.134465,1.500000,ambiguous_stair,
1132,2026-05-14 23:09:03,56.600000,2026-5-14_stair2_left.csv,stair2,0.000000,0.000000,1710.000000,560.000000,0.000000,0.000000,515.000000,0.000000,2535.000000,627.000000,38.000000,0.000000,1732.000000,0.000000,1909.000000,3083.000000,2330.000000,0.000000,15039.000000,2270.000000,3715.000000,9054.000000,14524.000000,515.000000,60.488978,124.910741,0.409385,-0.519633,0.000000,0.000000,MidStance,0.260554,7.134465,1.500000,ambiguous_stair,
1133,2026-05-14 23:09:03,56.650000,2026-5-14_stair2_left.csv,stair2,0.000000,0.000000,899.000000,0.000000,0.000000,0.000000,489.000000,0.000000,1974.000000,316.000000,0.000000,429.000000,2351.000000,0.000000,2314.000000,4229.000000,3484.000000,0.000000,16485.000000,899.000000,3208.000000,12378.000000,15996.000000,489.000000,62.816516,142.594350,0.491436,-0.578106,1.641018,-1.169470,MidStance,0.325692,10.617807,1.500000,ambiguous_stair,
1134,2026-05-14 23:09:03,56.700000,2026-5-14_stair2_left.csv,stair2,0.000000,0.000000,899.000000,0.000000,0.000000,0.000000,489.000000,0.000000,1974.000000,316.000000,0.000000,429.000000,2351.000000,0.000000,2314.000000,4229.000000,3484.000000,0.000000,16485.000000,899.000000,3208.000000,12378.000000,15996.000000,489.000000,62.816516,142.594350,0.491436,-0.578106,0.000000,0.000000,MidStance,0.390830,10.617807,1.500000,ambiguous_stair,
1135,2026-05-14 23:09:03,56.750000,2026-5-14_stair2_left.csv,stair2,0.000000,0.000000,819.000000,0.000000,0.000000,0.000000,1426.000000,0.000000,1892.000000,158.000000,39.000000,1507.000000,4380.000000,0.000000,2612.000000,6008.000000,5822.000000,0.000000,24663.000000,819.000000,5022.000000,18822.000000,23237.000000,1426.000000,61.195954,154.319429,0.545840,-0.537394,1.088073,0.814250,MidStance,0.455969,18.660089,1.500000,ambiguous_stair,
1136,2026-05-14 23:09:03,56.800000,2026-5-14_stair2_left.csv,stair2,0.000000,0.000000,819.000000,0.000000,0.000000,0.000000,1426.000000,0.000000,1892.000000,158.000000,39.000000,1507.000000,4380.000000,0.000000,2612.000000,6008.000000,5822.000000,0.000000,24663.000000,819.000000,5022.000000,18822.000000,23237.000000,1426.000000,61.195954,154.319429,0.545840,-0.537394,0.000000,0.000000,MidStance,0.521107,18.660089,1.500000,ambiguous_stair,
1137,2026-05-14 23:09:04,56.850000,2026-5-14_stair2_left.csv,stair2,421.000000,0.000000,137.000000,0.000000,0.000000,0.000000,2935.000000,0.000000,1013.000000,0.000000,0.000000,0.000000,5575.000000,0.000000,459.000000,1924.000000,4243.000000,433.000000,17140.000000,558.000000,3948.000000,12634.000000,13784.000000,3356.000000,54.271922,174.066258,0.637464,-0.363445,1.832482,3.478976,MidStance,0.586245,16.216028,1.500000,ambiguous_stair,
1138,2026-05-14 23:09:04,56.900000,2026-5-14_stair2_left.csv,stair2,421.000000,0.000000,137.000000,0.000000,0.000000,0.000000,2935.000000,0.000000,1013.000000,0.000000,0.000000,0.000000,5575.000000,0.000000,459.000000,1924.000000,4243.000000,433.000000,17140.000000,558.000000,3948.000000,12634.000000,13784.000000,3356.000000,54.271922,174.066258,0.637464,-0.363445,0.000000,0.000000,MidStance,0.651384,16.216028,1.500000,ambiguous_stair,
1139,2026-05-14 23:09:04,56.950000,2026-5-14_stair2_left.csv,stair2,421.000000,0.000000,137.000000,0.000000,0.000000,0.000000,2935.000000,0.000000,1013.000000,0.000000,0.000000,0.000000,5575.000000,0.000000,459.000000,1924.000000,4243.000000,433.000000,17140.000000,558.000000,3948.000000,12634.000000,13784.000000,3356.000000,54.271922,174.066258,0.637464,-0.363445,0.000000,0.000000,MidStance,0.716522,16.216028,1.500000,ambiguous_stair,
1140,2026-05-14 23:09:04,57.000000,2026-5-14_stair2_left.csv,stair2,0.000000,0.000000,0.000000,0.000000,0.000000,0.000000,0.000000,0.000000,0.000000,0.000000,0.000000,0.000000,0.000000,0.000000,0.000000,0.000000,0.000000,0.000000,0.000000,0.000000,0.000000,0.000000,0.000000,0.000000,0.000000,0.000000,0.000000,0.000000,0.000000,0.000000,Swing,0.000000,0.000000,0.000000,ambiguous_stair,cop_invalid|low_pressure
1141,2026-05-14 23:09:04,57.050000,2026-5-14_stair2_left.csv,stair2,0.000000,0.000000,0.000000,0.000000,0.000000,0.000000,0.000000,0.000000,0.000000,0.000000,0.000000,0.000000,0.000000,0.000000,0.000000,0.000000,0.000000,0.000000,0.000000,0.000000,0.000000,0.000000,0.000000,0.000000,0.000000,0.000000,0.000000,0.000000,0.000000,0.000000,Swing,0.000000,0.000000,0.000000,ambiguous_stair,cop_invalid|low_pressure
1142,2026-05-14 23:09:04,57.100000,2026-5-14_stair2_left.csv,stair2,0.000000,0.000000,0.000000,0.000000,0.000000,0.000000,0.000000,0.000000,0.000000,0.000000,0.000000,0.000000,0.000000,0.000000,0.000000,0.000000,0.000000,0.000000,0.000000,0.000000,0.000000,0.000000,0.000000,0.000000,0.000000,0.000000,0.000000,0.000000,0.000000,0.000000,Swing,0.000000,0.000000,0.000000,ambiguous_stair,cop_invalid|low_pressure
1143,2026-05-14 23:09:04,57.150000,2026-5-14_stair2_left.csv,stair2,0.000000,0.000000,0.000000,0.000000,0.000000,0.000000,0.000000,0.000000,0.000000,0.000000,0.000000,0.000000,0.000000,0.000000,0.000000,0.000000,0.000000,0.000000,0.000000,0.000000,0.000000,0.000000,0.000000,0.000000,0.000000,0.000000,0.000000,0.000000,0.000000,0.000000,Swing,0.000000,0.000000,0.000000,ambiguous_stair,cop_invalid|low_pressure
1144,2026-05-14 23:09:04,57.200000,2026-5-14_stair2_left.csv,stair2,0.000000,0.000000,0.000000,0.000000,0.000000,0.000000,0.000000,0.000000,0.000000,0.000000,0.000000,0.000000,0.000000,0.000000,0.000000,0.000000,0.000000,0.000000,0.000000,0.000000,0.000000,0.000000,0.000000,0.000000,0.000000,0.000000,0.000000,0.000000,0.000000,0.000000,Swing,0.000000,0.000000,0.000000,ambiguous_stair,cop_invalid|low_pressure
1145,2026-05-14 23:09:04,57.250000,2026-5-14_stair2_left.csv,stair2,0.000000,0.000000,0.000000,0.000000,0.000000,0.000000,0.000000,0.000000,0.000000,0.000000,0.000000,0.000000,0.000000,0.000000,0.000000,0.000000,0.000000,0.000000,0.000000,0.000000,0.000000,0.000000,0.000000,0.000000,0.000000,0.000000,0.000000,0.000000,0.000000,0.000000,Swing,0.000000,0.000000,0.000000,ambiguous_stair,cop_invalid|low_pressure
1146,2026-05-14 23:09:04,57.300000,2026-5-14_stair2_left.csv,stair2,0.000000,0.000000,0.000000,0.000000,0.000000,0.000000,0.000000,0.000000,0.000000,0.000000,0.000000,0.000000,0.000000,0.000000,0.000000,0.000000,0.000000,0.000000,0.000000,0.000000,0.000000,0.000000,0.000000,0.000000,0.000000,0.000000,0.000000,0.000000,0.000000,0.000000,Swing,0.000000,0.000000,0.000000,ambiguous_stair,cop_invalid|low_pressure
1147,2026-05-14 23:09:04,57.350000,2026-5-14_stair2_left.csv,stair2,0.000000,0.000000,0.000000,0.000000,0.000000,0.000000,0.000000,0.000000,0.000000,0.000000,0.000000,0.000000,0.000000,0.000000,3.000000,0.000000,0.000000,0.000000,3.000000,0.000000,0.000000,3.000000,3.000000,0.000000,0.000000,0.000000,0.000000,0.000000,0.000000,0.000000,Swing,0.000000,0.000000,0.000000,ambiguous_stair,cop_invalid|low_pressure
1148,2026-05-14 23:09:04,57.400000,2026-5-14_stair2_left.csv,stair2,0.000000,0.000000,3440.000000,2037.000000,0.000000,0.000000,0.000000,0.000000,3319.000000,1457.000000,0.000000,0.000000,0.000000,0.000000,1008.000000,894.000000,153.000000,0.000000,12308.000000,5477.000000,4776.000000,2055.000000,12308.000000,0.000000,0.000000,0.000000,0.000000,0.000000,0.000000,0.000000,Swing,0.000000,0.000000,0.000000,ambiguous_stair,cop_invalid
1149,2026-05-14 23:09:04,57.450000,2026-5-14_stair2_left.csv,stair2,0.000000,0.000000,3440.000000,2037.000000,0.000000,0.000000,0.000000,0.000000,3319.000000,1457.000000,0.000000,0.000000,0.000000,0.000000,1008.000000,894.000000,153.000000,0.000000,12308.000000,5477.000000,4776.000000,2055.000000,12308.000000,0.000000,0.000000,0.000000,0.000000,0.000000,0.000000,0.000000,Swing,0.000000,0.000000,0.000000,ambiguous_stair,cop_invalid
1150,2026-05-14 23:09:04,57.500000,2026-5-14_stair2_left.csv,stair2,0.000000,0.000000,4564.000000,2788.000000,0.000000,0.000000,99.000000,0.000000,4055.000000,2796.000000,202.000000,0.000000,1319.000000,0.000000,1757.000000,1903.000000,1708.000000,0.000000,21191.000000,7352.000000,7152.000000,6687.000000,21092.000000,99.000000,56.212936,95.139869,0.271250,-0.412208,0.000000,0.000000,LoadingResponse,0.000000,3.999102,1.500000,ambiguous_stair,
1151,2026-05-14 23:09:04,57.550000,2026-5-14_stair2_left.csv,stair2,0.000000,0.000000,4564.000000,2788.000000,0.000000,0.000000,99.000000,0.000000,4055.000000,2796.000000,202.000000,0.000000,1319.000000,0.000000,1757.000000,1903.000000,1708.000000,0.000000,21191.000000,7352.000000,7152.000000,6687.000000,21092.000000,99.000000,56.212936,95.139869,0.271250,-0.412208,0.000000,0.000000,LoadingResponse,0.066306,3.999102,1.500000,ambiguous_stair,
1152,2026-05-14 23:09:04,57.600000,2026-5-14_stair2_left.csv,stair2,0.000000,0.000000,4564.000000,2788.000000,0.000000,0.000000,99.000000,0.000000,4055.000000,2796.000000,202.000000,0.000000,1319.000000,0.000000,1757.000000,1903.000000,1708.000000,0.000000,21191.000000,7352.000000,7152.000000,6687.000000,21092.000000,99.000000,56.212936,95.139869,0.271250,-0.412208,0.000000,0.000000,LoadingResponse,0.132612,3.999102,1.500000,ambiguous_stair,
1153,2026-05-14 23:09:04,57.650000,2026-5-14_stair2_left.csv,stair2,181.000000,0.000000,3356.000000,1868.000000,0.000000,0.000000,961.000000,0.000000,2978.000000,1794.000000,429.000000,0.000000,2077.000000,0.000000,1773.000000,2332.000000,2257.000000,0.000000,20006.000000,5405.000000,6162.000000,8439.000000,18864.000000,1142.000000,55.910157,113.787570,0.357775,-0.404601,1.730484,0.152131,LoadingResponse,0.198919,7.355403,1.500000,ambiguous_stair,
1154,2026-05-14 23:09:04,57.700000,2026-5-14_stair2_left.csv,stair2,181.000000,0.000000,3356.000000,1868.000000,0.000000,0.000000,961.000000,0.000000,2978.000000,1794.000000,429.000000,0.000000,2077.000000,0.000000,1773.000000,2332.000000,2257.000000,0.000000,20006.000000,5405.000000,6162.000000,8439.000000,18864.000000,1142.000000,55.910157,113.787570,0.357775,-0.404601,0.000000,0.000000,LoadingResponse,0.265225,7.355403,1.500000,ambiguous_stair,
1155,2026-05-14 23:09:04,57.750000,2026-5-14_stair2_left.csv,stair2,0.000000,0.000000,4349.000000,2850.000000,0.000000,0.000000,469.000000,0.000000,4130.000000,2907.000000,687.000000,0.000000,1923.000000,0.000000,2171.000000,2422.000000,2435.000000,0.000000,24343.000000,7199.000000,8193.000000,8951.000000,23874.000000,469.000000,56.620391,103.956698,0.312160,-0.422444,-0.912293,-0.356857,LoadingResponse,0.331531,6.653504,1.500000,ambiguous_stair,
1156,2026-05-14 23:09:04,57.800000,2026-5-14_stair2_left.csv,stair2,0.000000,0.000000,4349.000000,2850.000000,0.000000,0.000000,469.000000,0.000000,4130.000000,2907.000000,687.000000,0.000000,1923.000000,0.000000,2171.000000,2422.000000,2435.000000,0.000000,24343.000000,7199.000000,8193.000000,8951.000000,23874.000000,469.000000,56.620391,103.956698,0.312160,-0.422444,0.000000,0.000000,LoadingResponse,0.397837,6.653504,1.500000,ambiguous_stair,
1157,2026-05-14 23:09:05,57.850000,2026-5-14_stair2_left.csv,stair2,0.000000,0.000000,4706.000000,3070.000000,0.000000,0.000000,249.000000,0.000000,4366.000000,3103.000000,566.000000,0.000000,1615.000000,0.000000,2101.000000,2237.000000,2101.000000,0.000000,24114.000000,7776.000000,8284.000000,8054.000000,23865.000000,249.000000,56.412532,98.783086,0.288155,-0.417222,-0.480105,0.104439,LoadingResponse,0.464143,5.393753,1.500000,ambiguous_stair,
1158,2026-05-14 23:09:05,57.900000,2026-5-14_stair2_left.csv,stair2,0.000000,0.000000,4706.000000,3070.000000,0.000000,0.000000,249.000000,0.000000,4366.000000,3103.000000,566.000000,0.000000,1615.000000,0.000000,2101.000000,2237.000000,2101.000000,0.000000,24114.000000,7776.000000,8284.000000,8054.000000,23865.000000,249.000000,56.412532,98.783086,0.288155,-0.417222,0.000000,0.000000,LoadingResponse,0.530450,5.393753,1.500000,ambiguous_stair,
1159,2026-05-14 23:09:05,57.950000,2026-5-14_stair2_left.csv,stair2,0.000000,0.000000,5048.000000,2950.000000,0.000000,0.000000,0.000000,0.000000,4764.000000,3134.000000,0.000000,0.000000,270.000000,0.000000,1407.000000,1091.000000,703.000000,0.000000,19367.000000,7998.000000,7898.000000,3471.000000,19367.000000,0.000000,55.158726,78.606537,0.194537,-0.385724,-1.872360,0.629974,LoadingResponse,0.596756,0.582241,0.582241,ambiguous_stair,
1160,2026-05-14 23:09:05,58.000000,2026-5-14_stair2_left.csv,stair2,0.000000,0.000000,5048.000000,2950.000000,0.000000,0.000000,0.000000,0.000000,4764.000000,3134.000000,0.000000,0.000000,270.000000,0.000000,1407.000000,1091.000000,703.000000,0.000000,19367.000000,7998.000000,7898.000000,3471.000000,19367.000000,0.000000,55.158726,78.606537,0.194537,-0.385724,0.000000,0.000000,LoadingResponse,0.663062,0.582241,0.582241,ambiguous_stair,
1161,2026-05-14 23:09:05,58.050000,2026-5-14_stair2_left.csv,stair2,0.000000,0.000000,4394.000000,2457.000000,0.000000,0.000000,0.000000,0.000000,4165.000000,2587.000000,0.000000,0.000000,0.000000,0.000000,976.000000,544.000000,89.000000,0.000000,15212.000000,6851.000000,6752.000000,1609.000000,15212.000000,0.000000,54.163882,70.352217,0.156237,-0.360731,-0.765991,0.499858,LoadingResponse,0.729368,0.000000,0.000000,ambiguous_stair,
1162,2026-05-14 23:09:05,58.100000,2026-5-14_stair2_left.csv,stair2,0.000000,0.000000,4394.000000,2457.000000,0.000000,0.000000,0.000000,0.000000,4165.000000,2587.000000,0.000000,0.000000,0.000000,0.000000,976.000000,544.000000,89.000000,0.000000,15212.000000,6851.000000,6752.000000,1609.000000,15212.000000,0.000000,54.163882,70.352217,0.156237,-0.360731,0.000000,0.000000,LoadingResponse,0.795674,0.000000,0.000000,ambiguous_stair,
1163,2026-05-14 23:09:05,58.150000,2026-5-14_stair2_left.csv,stair2,0.000000,0.000000,3389.000000,1698.000000,0.000000,0.000000,0.000000,0.000000,3005.000000,1619.000000,0.000000,0.000000,0.000000,0.000000,648.000000,457.000000,0.000000,0.000000,10816.000000,5087.000000,4624.000000,1105.000000,10816.000000,0.000000,53.697302,69.053127,0.150209,-0.349009,-0.120554,0.234433,LoadingResponse,0.861981,0.000000,0.000000,ambiguous_stair,
1164,2026-05-14 23:09:05,58.200000,2026-5-14_stair2_left.csv,stair2,0.000000,0.000000,3389.000000,1698.000000,0.000000,0.000000,0.000000,0.000000,3005.000000,1619.000000,0.000000,0.000000,0.000000,0.000000,648.000000,457.000000,0.000000,0.000000,10816.000000,5087.000000,4624.000000,1105.000000,10816.000000,0.000000,53.697302,69.053127,0.150209,-0.349009,0.000000,0.000000,LoadingResponse,0.928287,0.000000,0.000000,ambiguous_stair,
1165,2026-05-14 23:09:05,58.250000,2026-5-14_stair2_left.csv,stair2,0.000000,0.000000,2379.000000,869.000000,0.000000,0.000000,0.000000,0.000000,1913.000000,640.000000,0.000000,0.000000,0.000000,0.000000,389.000000,323.000000,0.000000,0.000000,6513.000000,3248.000000,2553.000000,712.000000,6513.000000,0.000000,53.079191,67.186409,0.141548,-0.333480,-0.173229,0.310570,LoadingResponse,0.994593,0.000000,0.000000,ambiguous_stair,
1166,2026-05-14 23:09:05,58.300000,2026-5-14_stair2_left.csv,stair2,0.000000,0.000000,2379.000000,869.000000,0.000000,0.000000,0.000000,0.000000,1913.000000,640.000000,0.000000,0.000000,0.000000,0.000000,389.000000,323.000000,0.000000,0.000000,6513.000000,3248.000000,2553.000000,712.000000,6513.000000,0.000000,53.079191,67.186409,0.141548,-0.333480,0.000000,0.000000,LoadingResponse,1.000000,0.000000,0.000000,ambiguous_stair,
1167,2026-05-14 23:09:05,58.350000,2026-5-14_stair2_left.csv,stair2,0.000000,0.000000,1754.000000,382.000000,0.000000,0.000000,0.000000,0.000000,1212.000000,96.000000,0.000000,0.000000,0.000000,0.000000,0.000000,97.000000,0.000000,0.000000,3541.000000,2136.000000,1308.000000,97.000000,3541.000000,0.000000,50.233725,57.370246,0.096002,-0.261995,-0.910928,1.429703,LoadingResponse,1.000000,0.000000,0.000000,ambiguous_stair,
1168,2026-05-14 23:09:05,58.400000,2026-5-14_stair2_left.csv,stair2,0.000000,0.000000,1754.000000,382.000000,0.000000,0.000000,0.000000,0.000000,1212.000000,96.000000,0.000000,0.000000,0.000000,0.000000,0.000000,97.000000,0.000000,0.000000,3541.000000,2136.000000,1308.000000,97.000000,3541.000000,0.000000,50.233725,57.370246,0.096002,-0.261995,0.000000,0.000000,LoadingResponse,1.000000,0.000000,0.000000,ambiguous_stair,
1169,2026-05-14 23:09:05,58.450000,2026-5-14_stair2_left.csv,stair2,0.000000,0.000000,1643.000000,223.000000,0.000000,0.000000,0.000000,0.000000,1085.000000,0.000000,0.000000,0.000000,0.000000,0.000000,0.000000,0.000000,0.000000,0.000000,2951.000000,1866.000000,1085.000000,0.000000,2951.000000,0.000000,49.353382,52.455798,0.073199,-0.239879,-0.456055,0.442328,LoadingResponse,1.000000,0.000000,0.000000,ambiguous_stair,
1170,2026-05-14 23:09:05,58.500000,2026-5-14_stair2_left.csv,stair2,0.000000,0.000000,1274.000000,34.000000,0.000000,0.000000,0.000000,0.000000,777.000000,0.000000,0.000000,0.000000,0.000000,0.000000,0.000000,0.000000,0.000000,0.000000,2085.000000,1308.000000,777.000000,0.000000,2085.000000,0.000000,49.471094,50.388787,0.063608,-0.242836,-0.191816,-0.059144,LoadingResponse,1.000000,0.000000,0.000000,ambiguous_stair,
1171,2026-05-14 23:09:05,58.550000,2026-5-14_stair2_left.csv,stair2,0.000000,0.000000,1274.000000,34.000000,0.000000,0.000000,0.000000,0.000000,777.000000,0.000000,0.000000,0.000000,0.000000,0.000000,0.000000,0.000000,0.000000,0.000000,2085.000000,1308.000000,777.000000,0.000000,2085.000000,0.000000,49.471094,50.388787,0.063608,-0.242836,0.000000,0.000000,LoadingResponse,1.000000,0.000000,0.000000,ambiguous_stair,
1172,2026-05-14 23:09:05,58.600000,2026-5-14_stair2_left.csv,stair2,0.000000,0.000000,1249.000000,0.000000,0.000000,0.000000,0.000000,0.000000,751.000000,0.000000,0.000000,0.000000,0.000000,0.000000,0.000000,0.000000,0.000000,0.000000,2000.000000,1249.000000,751.000000,0.000000,2000.000000,0.000000,49.538045,49.820000,0.060969,-0.244518,-0.052783,-0.033640,LoadingResponse,1.000000,0.000000,0.000000,ambiguous_stair,
1173,2026-05-14 23:09:05,58.650000,2026-5-14_stair2_left.csv,stair2,0.000000,0.000000,1520.000000,131.000000,0.000000,0.000000,0.000000,0.000000,978.000000,0.000000,0.000000,0.000000,0.000000,0.000000,0.000000,0.000000,0.000000,0.000000,2629.000000,1651.000000,978.000000,0.000000,2629.000000,0.000000,49.455588,51.558030,0.069033,-0.242447,0.161287,0.041431,LoadingResponse,1.000000,0.000000,0.000000,ambiguous_stair,
1174,2026-05-14 23:09:05,58.700000,2026-5-14_stair2_left.csv,stair2,0.000000,0.000000,1520.000000,131.000000,0.000000,0.000000,0.000000,0.000000,978.000000,0.000000,0.000000,0.000000,0.000000,0.000000,0.000000,0.000000,0.000000,0.000000,2629.000000,1651.000000,978.000000,0.000000,2629.000000,0.000000,49.455588,51.558030,0.069033,-0.242447,0.000000,0.000000,LoadingResponse,1.000000,0.000000,0.000000,ambiguous_stair,
1175,2026-05-14 23:09:05,58.750000,2026-5-14_stair2_left.csv,stair2,0.000000,0.000000,1684.000000,203.000000,0.000000,0.000000,0.000000,0.000000,1163.000000,77.000000,0.000000,0.000000,0.000000,0.000000,0.000000,0.000000,0.000000,0.000000,3127.000000,1887.000000,1240.000000,0.000000,3127.000000,0.000000,50.034525,52.943249,0.075461,-0.256991,0.128547,-0.290887,LoadingResponse,1.000000,0.000000,0.000000,ambiguous_stair,
1176,2026-05-14 23:09:05,58.800000,2026-5-14_stair2_left.csv,stair2,0.000000,0.000000,1684.000000,203.000000,0.000000,0.000000,0.000000,0.000000,1163.000000,77.000000,0.000000,0.000000,0.000000,0.000000,0.000000,0.000000,0.000000,0.000000,3127.000000,1887.000000,1240.000000,0.000000,3127.000000,0.000000,50.034525,52.943249,0.075461,-0.256991,0.000000,0.000000,LoadingResponse,1.000000,0.000000,0.000000,ambiguous_stair,
1177,2026-05-14 23:09:06,58.850000,2026-5-14_stair2_left.csv,stair2,0.000000,0.000000,2262.000000,527.000000,0.000000,0.000000,0.000000,0.000000,1594.000000,399.000000,0.000000,0.000000,0.000000,0.000000,0.000000,0.000000,0.000000,0.000000,4782.000000,2789.000000,1993.000000,0.000000,4782.000000,0.000000,50.511633,56.574262,0.092308,-0.268977,0.336954,-0.239723,LoadingResponse,1.000000,0.000000,0.000000,ambiguous_stair,
1178,2026-05-14 23:09:06,58.900000,2026-5-14_stair2_left.csv,stair2,0.000000,0.000000,2496.000000,759.000000,0.000000,0.000000,0.000000,0.000000,1806.000000,601.000000,0.000000,0.000000,0.000000,0.000000,0.000000,0.000000,0.000000,0.000000,5662.000000,3255.000000,2407.000000,0.000000,5662.000000,0.000000,50.708458,58.198100,0.099843,-0.273922,0.150690,-0.098895,LoadingResponse,1.000000,0.000000,0.000000,ambiguous_stair,
1179,2026-05-14 23:09:06,58.950000,2026-5-14_stair2_left.csv,stair2,0.000000,0.000000,2496.000000,759.000000,0.000000,0.000000,0.000000,0.000000,1806.000000,601.000000,0.000000,0.000000,0.000000,0.000000,0.000000,0.000000,0.000000,0.000000,5662.000000,3255.000000,2407.000000,0.000000,5662.000000,0.000000,50.708458,58.198100,0.099843,-0.273922,0.000000,0.000000,LoadingResponse,1.000000,0.000000,0.000000,ambiguous_stair,
1180,2026-05-14 23:09:06,59.000000,2026-5-14_stair2_left.csv,stair2,0.000000,0.000000,2956.000000,1053.000000,0.000000,0.000000,0.000000,0.000000,2343.000000,949.000000,0.000000,0.000000,0.000000,0.000000,39.000000,0.000000,0.000000,0.000000,7340.000000,4009.000000,3292.000000,39.000000,7340.000000,0.000000,51.405308,59.701913,0.106820,-0.291428,0.139552,-0.350132,LoadingResponse,1.000000,0.000000,0.000000,ambiguous_stair,
1181,2026-05-14 23:09:06,59.050000,2026-5-14_stair2_left.csv,stair2,0.000000,0.000000,2956.000000,1053.000000,0.000000,0.000000,0.000000,0.000000,2343.000000,949.000000,0.000000,0.000000,0.000000,0.000000,39.000000,0.000000,0.000000,0.000000,7340.000000,4009.000000,3292.000000,39.000000,7340.000000,0.000000,51.405308,59.701913,0.106820,-0.291428,0.000000,0.000000,LoadingResponse,1.000000,0.000000,0.000000,ambiguous_stair,
1182,2026-05-14 23:09:06,59.100000,2026-5-14_stair2_left.csv,stair2,0.000000,0.000000,3322.000000,1319.000000,0.000000,0.000000,0.000000,0.000000,2803.000000,1176.000000,0.000000,0.000000,0.000000,0.000000,59.000000,0.000000,0.000000,0.000000,8679.000000,4641.000000,3979.000000,59.000000,8679.000000,0.000000,51.680863,60.318385,0.109681,-0.298351,0.057208,-0.138453,LoadingResponse,1.000000,0.000000,0.000000,ambiguous_stair,
1183,2026-05-14 23:09:06,59.150000,2026-5-14_stair2_left.csv,stair2,0.000000,0.000000,3451.000000,1437.000000,0.000000,0.000000,0.000000,0.000000,2959.000000,1323.000000,0.000000,0.000000,0.000000,0.000000,131.000000,0.000000,0.000000,0.000000,9301.000000,4888.000000,4282.000000,131.000000,9301.000000,0.000000,51.925167,61.146709,0.113524,-0.304489,0.076868,-0.122751,LoadingResponse,1.000000,0.000000,0.000000,ambiguous_stair,
1184,2026-05-14 23:09:06,59.200000,2026-5-14_stair2_left.csv,stair2,0.000000,0.000000,3451.000000,1437.000000,0.000000,0.000000,0.000000,0.000000,2959.000000,1323.000000,0.000000,0.000000,0.000000,0.000000,131.000000,0.000000,0.000000,0.000000,9301.000000,4888.000000,4282.000000,131.000000,9301.000000,0.000000,51.925167,61.146709,0.113524,-0.304489,0.000000,0.000000,LoadingResponse,1.000000,0.000000,0.000000,ambiguous_stair,
1185,2026-05-14 23:09:06,59.250000,2026-5-14_stair2_left.csv,stair2,0.000000,0.000000,3601.000000,1576.000000,0.000000,0.000000,0.000000,0.000000,3129.000000,1433.000000,0.000000,0.000000,0.000000,0.000000,327.000000,97.000000,0.000000,0.000000,10163.000000,5177.000000,4562.000000,424.000000,10163.000000,0.000000,52.440823,63.367608,0.123829,-0.317443,0.206097,-0.259091,LoadingResponse,1.000000,0.000000,0.000000,ambiguous_stair,
1186,2026-05-14 23:09:06,59.300000,2026-5-14_stair2_left.csv,stair2,0.000000,0.000000,3601.000000,1576.000000,0.000000,0.000000,0.000000,0.000000,3129.000000,1433.000000,0.000000,0.000000,0.000000,0.000000,327.000000,97.000000,0.000000,0.000000,10163.000000,5177.000000,4562.000000,424.000000,10163.000000,0.000000,52.440823,63.367608,0.123829,-0.317443,0.000000,0.000000,LoadingResponse,1.000000,0.000000,0.000000,ambiguous_stair,
1187,2026-05-14 23:09:06,59.350000,2026-5-14_stair2_left.csv,stair2,0.000000,0.000000,3579.000000,1554.000000,0.000000,0.000000,0.000000,0.000000,3092.000000,1483.000000,0.000000,0.000000,0.000000,0.000000,375.000000,209.000000,0.000000,0.000000,10292.000000,5133.000000,4575.000000,584.000000,10292.000000,0.000000,52.784274,64.744914,0.130220,-0.326071,0.127812,-0.172567,LoadingResponse,1.000000,0.000000,0.000000,ambiguous_stair,
1188,2026-05-14 23:09:06,59.400000,2026-5-14_stair2_left.csv,stair2,0.000000,0.000000,3491.000000,1538.000000,0.000000,0.000000,0.000000,0.000000,3069.000000,1448.000000,0.000000,0.000000,0.000000,0.000000,380.000000,236.000000,0.000000,0.000000,10162.000000,5029.000000,4517.000000,616.000000,10162.000000,0.000000,52.899385,65.070533,0.131730,-0.328963,0.030217,-0.057837,LoadingResponse,1.000000,0.000000,0.000000,ambiguous_stair,
1189,2026-05-14 23:09:06,59.450000,2026-5-14_stair2_left.csv,stair2,0.000000,0.000000,3476.000000,1477.000000,0.000000,0.000000,0.000000,0.000000,3019.000000,1423.000000,0.000000,0.000000,0.000000,0.000000,406.000000,285.000000,0.000000,0.000000,10086.000000,4953.000000,4442.000000,691.000000,10086.000000,0.000000,53.035423,65.570726,0.134051,-0.332381,0.046417,-0.068352,LoadingResponse,1.000000,0.000000,0.000000,ambiguous_stair,
1190,2026-05-14 23:09:06,59.500000,2026-5-14_stair2_left.csv,stair2,0.000000,0.000000,3476.000000,1477.000000,0.000000,0.000000,0.000000,0.000000,3019.000000,1423.000000,0.000000,0.000000,0.000000,0.000000,406.000000,285.000000,0.000000,0.000000,10086.000000,4953.000000,4442.000000,691.000000,10086.000000,0.000000,53.035423,65.570726,0.134051,-0.332381,0.000000,0.000000,LoadingResponse,1.000000,0.000000,0.000000,ambiguous_stair,
1191,2026-05-14 23:09:06,59.550000,2026-5-14_stair2_left.csv,stair2,0.000000,0.000000,3435.000000,1450.000000,0.000000,0.000000,0.000000,0.000000,3012.000000,1414.000000,0.000000,0.000000,0.000000,0.000000,419.000000,297.000000,0.000000,0.000000,10027.000000,4885.000000,4426.000000,716.000000,10027.000000,0.000000,53.142595,65.752201,0.134893,-0.335073,0.016841,-0.053848,LoadingResponse,1.000000,0.000000,0.000000,ambiguous_stair,
1192,2026-05-14 23:09:06,59.600000,2026-5-14_stair2_left.csv,stair2,0.000000,0.000000,3396.000000,1447.000000,0.000000,0.000000,0.000000,0.000000,3026.000000,1404.000000,0.000000,0.000000,0.000000,0.000000,434.000000,323.000000,0.000000,0.000000,10030.000000,4843.000000,4430.000000,757.000000,10030.000000,0.000000,53.268610,66.074814,0.136390,-0.338239,0.029938,-0.063316,LoadingResponse,1.000000,0.000000,0.000000,ambiguous_stair,
1193,2026-05-14 23:09:06,59.650000,2026-5-14_stair2_left.csv,stair2,0.000000,0.000000,3396.000000,1447.000000,0.000000,0.000000,0.000000,0.000000,3026.000000,1404.000000,0.000000,0.000000,0.000000,0.000000,434.000000,323.000000,0.000000,0.000000,10030.000000,4843.000000,4430.000000,757.000000,10030.000000,0.000000,53.268610,66.074814,0.136390,-0.338239,0.000000,0.000000,LoadingResponse,1.000000,0.000000,0.000000,ambiguous_stair,
1194,2026-05-14 23:09:06,59.700000,2026-5-14_stair2_left.csv,stair2,0.000000,0.000000,3402.000000,1462.000000,0.000000,0.000000,0.000000,0.000000,3034.000000,1421.000000,0.000000,0.000000,0.000000,0.000000,483.000000,350.000000,0.000000,0.000000,10152.000000,4864.000000,4455.000000,833.000000,10152.000000,0.000000,53.388827,66.599905,0.138827,-0.341259,0.048728,-0.060403,LoadingResponse,1.000000,0.000000,0.000000,ambiguous_stair,
1195,2026-05-14 23:09:06,59.750000,2026-5-14_stair2_left.csv,stair2,0.000000,0.000000,3430.000000,1477.000000,0.000000,0.000000,0.000000,0.000000,3025.000000,1423.000000,0.000000,0.000000,0.000000,0.000000,474.000000,352.000000,0.000000,0.000000,10181.000000,4907.000000,4448.000000,826.000000,10181.000000,0.000000,53.318279,66.569451,0.138685,-0.339487,-0.002826,0.035447,LoadingResponse,1.000000,0.000000,0.000000,ambiguous_stair,
1196,2026-05-14 23:09:06,59.800000,2026-5-14_stair2_left.csv,stair2,0.000000,0.000000,3430.000000,1477.000000,0.000000,0.000000,0.000000,0.000000,3025.000000,1423.000000,0.000000,0.000000,0.000000,0.000000,474.000000,352.000000,0.000000,0.000000,10181.000000,4907.000000,4448.000000,826.000000,10181.000000,0.000000,53.318279,66.569451,0.138685,-0.339487,0.000000,0.000000,LoadingResponse,1.000000,0.000000,0.000000,ambiguous_stair,
1197,2026-05-14 23:09:07,59.850000,2026-5-14_stair2_left.csv,stair2,0.000000,0.000000,3458.000000,1468.000000,0.000000,0.000000,0.000000,0.000000,3056.000000,1440.000000,0.000000,0.000000,0.000000,0.000000,488.000000,355.000000,0.000000,0.000000,10265.000000,4926.000000,4496.000000,843.000000,10265.000000,0.000000,53.371388,66.584433,0.138755,-0.340821,0.001390,-0.026685,LoadingResponse,1.000000,0.000000,0.000000,ambiguous_stair,
1198,2026-05-14 23:09:07,59.900000,2026-5-14_stair2_left.csv,stair2,0.000000,0.000000,3469.000000,1468.000000,0.000000,0.000000,0.000000,0.000000,3074.000000,1467.000000,0.000000,0.000000,0.000000,0.000000,510.000000,366.000000,0.000000,0.000000,10354.000000,4937.000000,4541.000000,876.000000,10354.000000,0.000000,53.455444,66.788789,0.139703,-0.342933,0.018964,-0.042234,LoadingResponse,1.000000,0.000000,0.000000,ambiguous_stair,
1199,2026-05-14 23:09:07,59.950000,2026-5-14_stair2_left.csv,stair2,0.000000,0.000000,3469.000000,1468.000000,0.000000,0.000000,0.000000,0.000000,3074.000000,1467.000000,0.000000,0.000000,0.000000,0.000000,510.000000,366.000000,0.000000,0.000000,10354.000000,4937.000000,4541.000000,876.000000,10354.000000,0.000000,53.455444,66.788789,0.139703,-0.342933,0.000000,0.000000,LoadingResponse,1.000000,0.000000,0.000000,ambiguous_stair,
1200,2026-05-14 23:09:07,60.000000,2026-5-14_stair2_left.csv,stair2,0.000000,0.000000,3497.000000,1495.000000,0.000000,0.000000,0.000000,0.000000,3102.000000,1494.000000,0.000000,0.000000,0.000000,0.000000,499.000000,366.000000,0.000000,0.000000,10453.000000,4992.000000,4596.000000,865.000000,10453.000000,0.000000,53.429821,66.735320,0.139455,-0.342289,-0.004962,0.012874,LoadingResponse,1.000000,0.000000,0.000000,ambiguous_stair,
1201,2026-05-14 23:09:07,60.050000,2026-5-14_stair2_left.csv,stair2,0.000000,0.000000,3415.000000,1463.000000,0.000000,0.000000,0.000000,0.000000,3078.000000,1450.000000,0.000000,0.000000,0.000000,0.000000,496.000000,364.000000,0.000000,0.000000,10266.000000,4878.000000,4528.000000,860.000000,10266.000000,0.000000,53.491853,66.744754,0.139499,-0.343848,0.000875,-0.031168,LoadingResponse,1.000000,0.000000,0.000000,ambiguous_stair,
1202,2026-05-14 23:09:07,60.100000,2026-5-14_stair2_left.csv,stair2,0.000000,0.000000,3415.000000,1463.000000,0.000000,0.000000,0.000000,0.000000,3078.000000,1450.000000,0.000000,0.000000,0.000000,0.000000,496.000000,364.000000,0.000000,0.000000,10266.000000,4878.000000,4528.000000,860.000000,10266.000000,0.000000,53.491853,66.744754,0.139499,-0.343848,0.000000,0.000000,LoadingResponse,1.000000,0.000000,0.000000,ambiguous_stair,
1203,2026-05-14 23:09:07,60.150000,2026-5-14_stair2_left.csv,stair2,0.000000,0.000000,3415.000000,1463.000000,0.000000,0.000000,0.000000,0.000000,3078.000000,1450.000000,0.000000,0.000000,0.000000,0.000000,496.000000,364.000000,0.000000,0.000000,10266.000000,4878.000000,4528.000000,860.000000,10266.000000,0.000000,53.491853,66.744754,0.139499,-0.343848,0.000000,0.000000,LoadingResponse,1.000000,0.000000,0.000000,ambiguous_stair,
1204,2026-05-14 23:09:07,60.200000,2026-5-14_stair2_left.csv,stair2,0.000000,0.000000,3415.000000,1463.000000,0.000000,0.000000,0.000000,0.000000,3078.000000,1450.000000,0.000000,0.000000,0.000000,0.000000,496.000000,364.000000,0.000000,0.000000,10266.000000,4878.000000,4528.000000,860.000000,10266.000000,0.000000,53.491853,66.744754,0.139499,-0.343848,0.000000,0.000000,LoadingResponse,1.000000,0.000000,0.000000,ambiguous_stair,
1205,2026-05-14 23:09:07,60.250000,2026-5-14_stair2_left.csv,stair2,0.000000,0.000000,3415.000000,1463.000000,0.000000,0.000000,0.000000,0.000000,3078.000000,1450.000000,0.000000,0.000000,0.000000,0.000000,496.000000,364.000000,0.000000,0.000000,10266.000000,4878.000000,4528.000000,860.000000,10266.000000,0.000000,53.491853,66.744754,0.139499,-0.343848,0.000000,0.000000,LoadingResponse,1.000000,0.000000,0.000000,ambiguous_stair,
1206,2026-05-14 23:09:07,60.300000,2026-5-14_stair2_left.csv,stair2,0.000000,0.000000,3415.000000,1463.000000,0.000000,0.000000,0.000000,0.000000,3078.000000,1450.000000,0.000000,0.000000,0.000000,0.000000,496.000000,364.000000,0.000000,0.000000,10266.000000,4878.000000,4528.000000,860.000000,10266.000000,0.000000,53.491853,66.744754,0.139499,-0.343848,0.000000,0.000000,LoadingResponse,1.000000,0.000000,0.000000,ambiguous_stair,
1207,2026-05-14 23:09:07,60.350000,2026-5-14_stair2_left.csv,stair2,0.000000,0.000000,3415.000000,1463.000000,0.000000,0.000000,0.000000,0.000000,3078.000000,1450.000000,0.000000,0.000000,0.000000,0.000000,496.000000,364.000000,0.000000,0.000000,10266.000000,4878.000000,4528.000000,860.000000,10266.000000,0.000000,53.491853,66.744754,0.139499,-0.343848,0.000000,0.000000,LoadingResponse,1.000000,0.000000,0.000000,ambiguous_stair,
1208,2026-05-14 23:09:07,60.400000,2026-5-14_stair2_left.csv,stair2,0.000000,0.000000,3415.000000,1463.000000,0.000000,0.000000,0.000000,0.000000,3078.000000,1450.000000,0.000000,0.000000,0.000000,0.000000,496.000000,364.000000,0.000000,0.000000,10266.000000,4878.000000,4528.000000,860.000000,10266.000000,0.000000,53.491853,66.744754,0.139499,-0.343848,0.000000,0.000000,LoadingResponse,1.000000,0.000000,0.000000,ambiguous_stair,
1209,2026-05-14 23:09:07,60.450000,2026-5-14_stair2_left.csv,stair2,0.000000,0.000000,3415.000000,1463.000000,0.000000,0.000000,0.000000,0.000000,3078.000000,1450.000000,0.000000,0.000000,0.000000,0.000000,496.000000,364.000000,0.000000,0.000000,10266.000000,4878.000000,4528.000000,860.000000,10266.000000,0.000000,53.491853,66.744754,0.139499,-0.343848,0.000000,0.000000,LoadingResponse,1.000000,0.000000,0.000000,ambiguous_stair,
1210,2026-05-14 23:09:07,60.500000,2026-5-14_stair2_left.csv,stair2,0.000000,0.000000,3415.000000,1463.000000,0.000000,0.000000,0.000000,0.000000,3078.000000,1450.000000,0.000000,0.000000,0.000000,0.000000,496.000000,364.000000,0.000000,0.000000,10266.000000,4878.000000,4528.000000,860.000000,10266.000000,0.000000,53.491853,66.744754,0.139499,-0.343848,0.000000,0.000000,LoadingResponse,1.000000,0.000000,0.000000,ambiguous_stair,
1211,2026-05-14 23:09:07,60.550000,2026-5-14_stair2_left.csv,stair2,0.000000,0.000000,3415.000000,1463.000000,0.000000,0.000000,0.000000,0.000000,3078.000000,1450.000000,0.000000,0.000000,0.000000,0.000000,496.000000,364.000000,0.000000,0.000000,10266.000000,4878.000000,4528.000000,860.000000,10266.000000,0.000000,53.491853,66.744754,0.139499,-0.343848,0.000000,0.000000,LoadingResponse,1.000000,0.000000,0.000000,ambiguous_stair,
1212,2026-05-14 23:09:07,60.600000,2026-5-14_stair2_left.csv,stair2,0.000000,0.000000,3415.000000,1463.000000,0.000000,0.000000,0.000000,0.000000,3078.000000,1450.000000,0.000000,0.000000,0.000000,0.000000,496.000000,364.000000,0.000000,0.000000,10266.000000,4878.000000,4528.000000,860.000000,10266.000000,0.000000,53.491853,66.744754,0.139499,-0.343848,0.000000,0.000000,LoadingResponse,1.000000,0.000000,0.000000,ambiguous_stair,
1213,2026-05-14 23:09:07,60.650000,2026-5-14_stair2_left.csv,stair2,0.000000,0.000000,3415.000000,1463.000000,0.000000,0.000000,0.000000,0.000000,3078.000000,1450.000000,0.000000,0.000000,0.000000,0.000000,496.000000,364.000000,0.000000,0.000000,10266.000000,4878.000000,4528.000000,860.000000,10266.000000,0.000000,53.491853,66.744754,0.139499,-0.343848,0.000000,0.000000,LoadingResponse,1.000000,0.000000,0.000000,ambiguous_stair,
1214,2026-05-14 23:09:07,60.700000,2026-5-14_stair2_left.csv,stair2,0.000000,0.000000,3415.000000,1463.000000,0.000000,0.000000,0.000000,0.000000,3078.000000,1450.000000,0.000000,0.000000,0.000000,0.000000,496.000000,364.000000,0.000000,0.000000,10266.000000,4878.000000,4528.000000,860.000000,10266.000000,0.000000,53.491853,66.744754,0.139499,-0.343848,0.000000,0.000000,LoadingResponse,1.000000,0.000000,0.000000,ambiguous_stair,
1215,2026-05-14 23:09:07,60.750000,2026-5-14_stair2_left.csv,stair2,0.000000,0.000000,3415.000000,1463.000000,0.000000,0.000000,0.000000,0.000000,3078.000000,1450.000000,0.000000,0.000000,0.000000,0.000000,496.000000,364.000000,0.000000,0.000000,10266.000000,4878.000000,4528.000000,860.000000,10266.000000,0.000000,53.491853,66.744754,0.139499,-0.343848,0.000000,0.000000,LoadingResponse,1.000000,0.000000,0.000000,ambiguous_stair,
1216,2026-05-14 23:09:07,60.800000,2026-5-14_stair2_left.csv,stair2,0.000000,0.000000,3415.000000,1463.000000,0.000000,0.000000,0.000000,0.000000,3078.000000,1450.000000,0.000000,0.000000,0.000000,0.000000,496.000000,364.000000,0.000000,0.000000,10266.000000,4878.000000,4528.000000,860.000000,10266.000000,0.000000,53.491853,66.744754,0.139499,-0.343848,0.000000,0.000000,LoadingResponse,1.000000,0.000000,0.000000,ambiguous_stair,
1217,2026-05-14 23:09:08,60.850000,2026-5-14_stair2_left.csv,stair2,0.000000,0.000000,3415.000000,1463.000000,0.000000,0.000000,0.000000,0.000000,3078.000000,1450.000000,0.000000,0.000000,0.000000,0.000000,496.000000,364.000000,0.000000,0.000000,10266.000000,4878.000000,4528.000000,860.000000,10266.000000,0.000000,53.491853,66.744754,0.139499,-0.343848,0.000000,0.000000,LoadingResponse,1.000000,0.000000,0.000000,ambiguous_stair,
1218,2026-05-14 23:09:08,60.900000,2026-5-14_stair2_left.csv,stair2,0.000000,0.000000,3415.000000,1463.000000,0.000000,0.000000,0.000000,0.000000,3078.000000,1450.000000,0.000000,0.000000,0.000000,0.000000,496.000000,364.000000,0.000000,0.000000,10266.000000,4878.000000,4528.000000,860.000000,10266.000000,0.000000,53.491853,66.744754,0.139499,-0.343848,0.000000,0.000000,LoadingResponse,1.000000,0.000000,0.000000,ambiguous_stair,
1219,2026-05-14 23:09:08,60.950000,2026-5-14_stair2_left.csv,stair2,0.000000,0.000000,3415.000000,1463.000000,0.000000,0.000000,0.000000,0.000000,3078.000000,1450.000000,0.000000,0.000000,0.000000,0.000000,496.000000,364.000000,0.000000,0.000000,10266.000000,4878.000000,4528.000000,860.000000,10266.000000,0.000000,53.491853,66.744754,0.139499,-0.343848,0.000000,0.000000,LoadingResponse,1.000000,0.000000,0.000000,ambiguous_stair,
1220,2026-05-14 23:09:08,61.000000,2026-5-14_stair2_left.csv,stair2,0.000000,0.000000,3415.000000,1463.000000,0.000000,0.000000,0.000000,0.000000,3078.000000,1450.000000,0.000000,0.000000,0.000000,0.000000,496.000000,364.000000,0.000000,0.000000,10266.000000,4878.000000,4528.000000,860.000000,10266.000000,0.000000,53.491853,66.744754,0.139499,-0.343848,0.000000,0.000000,LoadingResponse,1.000000,0.000000,0.000000,ambiguous_stair,
1221,2026-05-14 23:09:08,61.050000,2026-5-14_stair2_left.csv,stair2,0.000000,0.000000,3415.000000,1463.000000,0.000000,0.000000,0.000000,0.000000,3078.000000,1450.000000,0.000000,0.000000,0.000000,0.000000,496.000000,364.000000,0.000000,0.000000,10266.000000,4878.000000,4528.000000,860.000000,10266.000000,0.000000,53.491853,66.744754,0.139499,-0.343848,0.000000,0.000000,LoadingResponse,1.000000,0.000000,0.000000,ambiguous_stair,
1222,2026-05-14 23:09:08,61.100000,2026-5-14_stair2_left.csv,stair2,0.000000,0.000000,3415.000000,1463.000000,0.000000,0.000000,0.000000,0.000000,3078.000000,1450.000000,0.000000,0.000000,0.000000,0.000000,496.000000,364.000000,0.000000,0.000000,10266.000000,4878.000000,4528.000000,860.000000,10266.000000,0.000000,53.491853,66.744754,0.139499,-0.343848,0.000000,0.000000,LoadingResponse,1.000000,0.000000,0.000000,ambiguous_stair,
1223,2026-05-14 23:09:08,61.150000,2026-5-14_stair2_left.csv,stair2,0.000000,0.000000,3415.000000,1463.000000,0.000000,0.000000,0.000000,0.000000,3078.000000,1450.000000,0.000000,0.000000,0.000000,0.000000,496.000000,364.000000,0.000000,0.000000,10266.000000,4878.000000,4528.000000,860.000000,10266.000000,0.000000,53.491853,66.744754,0.139499,-0.343848,0.000000,0.000000,LoadingResponse,1.000000,0.000000,0.000000,ambiguous_stair,
1224,2026-05-14 23:09:08,61.200000,2026-5-14_stair2_left.csv,stair2,0.000000,0.000000,3415.000000,1463.000000,0.000000,0.000000,0.000000,0.000000,3078.000000,1450.000000,0.000000,0.000000,0.000000,0.000000,496.000000,364.000000,0.000000,0.000000,10266.000000,4878.000000,4528.000000,860.000000,10266.000000,0.000000,53.491853,66.744754,0.139499,-0.343848,0.000000,0.000000,LoadingResponse,1.000000,0.000000,0.000000,ambiguous_stair,
1225,2026-05-14 23:09:08,61.250000,2026-5-14_stair2_left.csv,stair2,0.000000,0.000000,3415.000000,1463.000000,0.000000,0.000000,0.000000,0.000000,3078.000000,1450.000000,0.000000,0.000000,0.000000,0.000000,496.000000,364.000000,0.000000,0.000000,10266.000000,4878.000000,4528.000000,860.000000,10266.000000,0.000000,53.491853,66.744754,0.139499,-0.343848,0.000000,0.000000,LoadingResponse,1.000000,0.000000,0.000000,ambiguous_stair,
1226,2026-05-14 23:09:08,61.300000,2026-5-14_stair2_left.csv,stair2,0.000000,0.000000,3415.000000,1463.000000,0.000000,0.000000,0.000000,0.000000,3078.000000,1450.000000,0.000000,0.000000,0.000000,0.000000,496.000000,364.000000,0.000000,0.000000,10266.000000,4878.000000,4528.000000,860.000000,10266.000000,0.000000,53.491853,66.744754,0.139499,-0.343848,0.000000,0.000000,LoadingResponse,1.000000,0.000000,0.000000,ambiguous_stair,
1227,2026-05-14 23:09:08,61.350000,2026-5-14_stair2_left.csv,stair2,0.000000,0.000000,3415.000000,1463.000000,0.000000,0.000000,0.000000,0.000000,3078.000000,1450.000000,0.000000,0.000000,0.000000,0.000000,496.000000,364.000000,0.000000,0.000000,10266.000000,4878.000000,4528.000000,860.000000,10266.000000,0.000000,53.491853,66.744754,0.139499,-0.343848,0.000000,0.000000,LoadingResponse,1.000000,0.000000,0.000000,ambiguous_stair,
1228,2026-05-14 23:09:08,61.400000,2026-5-14_stair2_left.csv,stair2,0.000000,0.000000,3415.000000,1463.000000,0.000000,0.000000,0.000000,0.000000,3078.000000,1450.000000,0.000000,0.000000,0.000000,0.000000,496.000000,364.000000,0.000000,0.000000,10266.000000,4878.000000,4528.000000,860.000000,10266.000000,0.000000,53.491853,66.744754,0.139499,-0.343848,0.000000,0.000000,LoadingResponse,1.000000,0.000000,0.000000,ambiguous_stair,
1229,2026-05-14 23:09:08,61.450000,2026-5-14_stair2_left.csv,stair2,0.000000,0.000000,3415.000000,1463.000000,0.000000,0.000000,0.000000,0.000000,3078.000000,1450.000000,0.000000,0.000000,0.000000,0.000000,496.000000,364.000000,0.000000,0.000000,10266.000000,4878.000000,4528.000000,860.000000,10266.000000,0.000000,53.491853,66.744754,0.139499,-0.343848,0.000000,0.000000,LoadingResponse,1.000000,0.000000,0.000000,ambiguous_stair,
1230,2026-05-14 23:09:08,61.500000,2026-5-14_stair2_left.csv,stair2,0.000000,0.000000,3415.000000,1463.000000,0.000000,0.000000,0.000000,0.000000,3078.000000,1450.000000,0.000000,0.000000,0.000000,0.000000,496.000000,364.000000,0.000000,0.000000,10266.000000,4878.000000,4528.000000,860.000000,10266.000000,0.000000,53.491853,66.744754,0.139499,-0.343848,0.000000,0.000000,LoadingResponse,1.000000,0.000000,0.000000,ambiguous_stair,
1231,2026-05-14 23:09:08,61.550000,2026-5-14_stair2_left.csv,stair2,0.000000,0.000000,3415.000000,1463.000000,0.000000,0.000000,0.000000,0.000000,3078.000000,1450.000000,0.000000,0.000000,0.000000,0.000000,496.000000,364.000000,0.000000,0.000000,10266.000000,4878.000000,4528.000000,860.000000,10266.000000,0.000000,53.491853,66.744754,0.139499,-0.343848,0.000000,0.000000,LoadingResponse,1.000000,0.000000,0.000000,ambiguous_stair,
1232,2026-05-14 23:09:08,61.600000,2026-5-14_stair2_left.csv,stair2,0.000000,0.000000,3415.000000,1463.000000,0.000000,0.000000,0.000000,0.000000,3078.000000,1450.000000,0.000000,0.000000,0.000000,0.000000,496.000000,364.000000,0.000000,0.000000,10266.000000,4878.000000,4528.000000,860.000000,10266.000000,0.000000,53.491853,66.744754,0.139499,-0.343848,0.000000,0.000000,LoadingResponse,1.000000,0.000000,0.000000,ambiguous_stair,
1233,2026-05-14 23:09:08,61.650000,2026-5-14_stair2_left.csv,stair2,0.000000,0.000000,3415.000000,1463.000000,0.000000,0.000000,0.000000,0.000000,3078.000000,1450.000000,0.000000,0.000000,0.000000,0.000000,496.000000,364.000000,0.000000,0.000000,10266.000000,4878.000000,4528.000000,860.000000,10266.000000,0.000000,53.491853,66.744754,0.139499,-0.343848,0.000000,0.000000,LoadingResponse,1.000000,0.000000,0.000000,ambiguous_stair,
1234,2026-05-14 23:09:08,61.700000,2026-5-14_stair2_left.csv,stair2,0.000000,0.000000,3415.000000,1463.000000,0.000000,0.000000,0.000000,0.000000,3078.000000,1450.000000,0.000000,0.000000,0.000000,0.000000,496.000000,364.000000,0.000000,0.000000,10266.000000,4878.000000,4528.000000,860.000000,10266.000000,0.000000,53.491853,66.744754,0.139499,-0.343848,0.000000,0.000000,LoadingResponse,1.000000,0.000000,0.000000,ambiguous_stair,
1235,2026-05-14 23:09:08,61.750000,2026-5-14_stair2_left.csv,stair2,0.000000,0.000000,3415.000000,1463.000000,0.000000,0.000000,0.000000,0.000000,3078.000000,1450.000000,0.000000,0.000000,0.000000,0.000000,496.000000,364.000000,0.000000,0.000000,10266.000000,4878.000000,4528.000000,860.000000,10266.000000,0.000000,53.491853,66.744754,0.139499,-0.343848,0.000000,0.000000,LoadingResponse,1.000000,0.000000,0.000000,ambiguous_stair,
1236,2026-05-14 23:09:08,61.800000,2026-5-14_stair2_left.csv,stair2,0.000000,0.000000,3415.000000,1463.000000,0.000000,0.000000,0.000000,0.000000,3078.000000,1450.000000,0.000000,0.000000,0.000000,0.000000,496.000000,364.000000,0.000000,0.000000,10266.000000,4878.000000,4528.000000,860.000000,10266.000000,0.000000,53.491853,66.744754,0.139499,-0.343848,0.000000,0.000000,LoadingResponse,1.000000,0.000000,0.000000,ambiguous_stair,
1237,2026-05-14 23:09:09,61.850000,2026-5-14_stair2_left.csv,stair2,0.000000,0.000000,3415.000000,1463.000000,0.000000,0.000000,0.000000,0.000000,3078.000000,1450.000000,0.000000,0.000000,0.000000,0.000000,496.000000,364.000000,0.000000,0.000000,10266.000000,4878.000000,4528.000000,860.000000,10266.000000,0.000000,53.491853,66.744754,0.139499,-0.343848,0.000000,0.000000,LoadingResponse,1.000000,0.000000,0.000000,ambiguous_stair,
1238,2026-05-14 23:09:09,61.900000,2026-5-14_stair2_left.csv,stair2,0.000000,0.000000,3415.000000,1463.000000,0.000000,0.000000,0.000000,0.000000,3078.000000,1450.000000,0.000000,0.000000,0.000000,0.000000,496.000000,364.000000,0.000000,0.000000,10266.000000,4878.000000,4528.000000,860.000000,10266.000000,0.000000,53.491853,66.744754,0.139499,-0.343848,0.000000,0.000000,LoadingResponse,1.000000,0.000000,0.000000,ambiguous_stair,
1239,2026-05-14 23:09:09,61.950000,2026-5-14_stair2_left.csv,stair2,0.000000,0.000000,3415.000000,1463.000000,0.000000,0.000000,0.000000,0.000000,3078.000000,1450.000000,0.000000,0.000000,0.000000,0.000000,496.000000,364.000000,0.000000,0.000000,10266.000000,4878.000000,4528.000000,860.000000,10266.000000,0.000000,53.491853,66.744754,0.139499,-0.343848,0.000000,0.000000,LoadingResponse,1.000000,0.000000,0.000000,ambiguous_stair,
1240,2026-05-14 23:09:09,62.000000,2026-5-14_stair2_left.csv,stair2,0.000000,0.000000,3415.000000,1463.000000,0.000000,0.000000,0.000000,0.000000,3078.000000,1450.000000,0.000000,0.000000,0.000000,0.000000,496.000000,364.000000,0.000000,0.000000,10266.000000,4878.000000,4528.000000,860.000000,10266.000000,0.000000,53.491853,66.744754,0.139499,-0.343848,0.000000,0.000000,LoadingResponse,1.000000,0.000000,0.000000,ambiguous_stair,
1241,2026-05-14 23:09:09,62.050000,2026-5-14_stair2_left.csv,stair2,0.000000,0.000000,3415.000000,1463.000000,0.000000,0.000000,0.000000,0.000000,3078.000000,1450.000000,0.000000,0.000000,0.000000,0.000000,496.000000,364.000000,0.000000,0.000000,10266.000000,4878.000000,4528.000000,860.000000,10266.000000,0.000000,53.491853,66.744754,0.139499,-0.343848,0.000000,0.000000,LoadingResponse,1.000000,0.000000,0.000000,ambiguous_stair,
1242,2026-05-14 23:09:09,62.100000,2026-5-14_stair2_left.csv,stair2,0.000000,0.000000,3415.000000,1463.000000,0.000000,0.000000,0.000000,0.000000,3078.000000,1450.000000,0.000000,0.000000,0.000000,0.000000,496.000000,364.000000,0.000000,0.000000,10266.000000,4878.000000,4528.000000,860.000000,10266.000000,0.000000,53.491853,66.744754,0.139499,-0.343848,0.000000,0.000000,LoadingResponse,1.000000,0.000000,0.000000,ambiguous_stair,
1243,2026-05-14 23:09:09,62.150000,2026-5-14_stair2_left.csv,stair2,0.000000,0.000000,3415.000000,1463.000000,0.000000,0.000000,0.000000,0.000000,3078.000000,1450.000000,0.000000,0.000000,0.000000,0.000000,496.000000,364.000000,0.000000,0.000000,10266.000000,4878.000000,4528.000000,860.000000,10266.000000,0.000000,53.491853,66.744754,0.139499,-0.343848,0.000000,0.000000,LoadingResponse,1.000000,0.000000,0.000000,ambiguous_stair,
1244,2026-05-14 23:09:09,62.200000,2026-5-14_stair2_left.csv,stair2,0.000000,0.000000,3415.000000,1463.000000,0.000000,0.000000,0.000000,0.000000,3078.000000,1450.000000,0.000000,0.000000,0.000000,0.000000,496.000000,364.000000,0.000000,0.000000,10266.000000,4878.000000,4528.000000,860.000000,10266.000000,0.000000,53.491853,66.744754,0.139499,-0.343848,0.000000,0.000000,LoadingResponse,1.000000,0.000000,0.000000,ambiguous_stair,
1245,2026-05-14 23:09:09,62.250000,2026-5-14_stair2_left.csv,stair2,0.000000,0.000000,3415.000000,1463.000000,0.000000,0.000000,0.000000,0.000000,3078.000000,1450.000000,0.000000,0.000000,0.000000,0.000000,496.000000,364.000000,0.000000,0.000000,10266.000000,4878.000000,4528.000000,860.000000,10266.000000,0.000000,53.491853,66.744754,0.139499,-0.343848,0.000000,0.000000,LoadingResponse,1.000000,0.000000,0.000000,ambiguous_stair,
1246,2026-05-14 23:09:09,62.300000,2026-5-14_stair2_left.csv,stair2,0.000000,0.000000,3415.000000,1463.000000,0.000000,0.000000,0.000000,0.000000,3078.000000,1450.000000,0.000000,0.000000,0.000000,0.000000,496.000000,364.000000,0.000000,0.000000,10266.000000,4878.000000,4528.000000,860.000000,10266.000000,0.000000,53.491853,66.744754,0.139499,-0.343848,0.000000,0.000000,LoadingResponse,1.000000,0.000000,0.000000,ambiguous_stair,
1247,2026-05-14 23:09:09,62.350000,2026-5-14_stair2_left.csv,stair2,0.000000,0.000000,3415.000000,1463.000000,0.000000,0.000000,0.000000,0.000000,3078.000000,1450.000000,0.000000,0.000000,0.000000,0.000000,496.000000,364.000000,0.000000,0.000000,10266.000000,4878.000000,4528.000000,860.000000,10266.000000,0.000000,53.491853,66.744754,0.139499,-0.343848,0.000000,0.000000,LoadingResponse,1.000000,0.000000,0.000000,ambiguous_stair,
1248,2026-05-14 23:09:09,62.400000,2026-5-14_stair2_left.csv,stair2,0.000000,0.000000,3415.000000,1463.000000,0.000000,0.000000,0.000000,0.000000,3078.000000,1450.000000,0.000000,0.000000,0.000000,0.000000,496.000000,364.000000,0.000000,0.000000,10266.000000,4878.000000,4528.000000,860.000000,10266.000000,0.000000,53.491853,66.744754,0.139499,-0.343848,0.000000,0.000000,LoadingResponse,1.000000,0.000000,0.000000,ambiguous_stair,
1249,2026-05-14 23:09:09,62.450000,2026-5-14_stair2_left.csv,stair2,0.000000,0.000000,3415.000000,1463.000000,0.000000,0.000000,0.000000,0.000000,3078.000000,1450.000000,0.000000,0.000000,0.000000,0.000000,496.000000,364.000000,0.000000,0.000000,10266.000000,4878.000000,4528.000000,860.000000,10266.000000,0.000000,53.491853,66.744754,0.139499,-0.343848,0.000000,0.000000,LoadingResponse,1.000000,0.000000,0.000000,ambiguous_stair,
1250,2026-05-14 23:09:09,62.500000,2026-5-14_stair2_left.csv,stair2,0.000000,0.000000,3415.000000,1463.000000,0.000000,0.000000,0.000000,0.000000,3078.000000,1450.000000,0.000000,0.000000,0.000000,0.000000,496.000000,364.000000,0.000000,0.000000,10266.000000,4878.000000,4528.000000,860.000000,10266.000000,0.000000,53.491853,66.744754,0.139499,-0.343848,0.000000,0.000000,LoadingResponse,1.000000,0.000000,0.000000,ambiguous_stair,
1251,2026-05-14 23:09:09,62.550000,2026-5-14_stair2_left.csv,stair2,0.000000,0.000000,3415.000000,1463.000000,0.000000,0.000000,0.000000,0.000000,3078.000000,1450.000000,0.000000,0.000000,0.000000,0.000000,496.000000,364.000000,0.000000,0.000000,10266.000000,4878.000000,4528.000000,860.000000,10266.000000,0.000000,53.491853,66.744754,0.139499,-0.343848,0.000000,0.000000,LoadingResponse,1.000000,0.000000,0.000000,ambiguous_stair,
1252,2026-05-14 23:09:09,62.600000,2026-5-14_stair2_left.csv,stair2,0.000000,0.000000,3415.000000,1463.000000,0.000000,0.000000,0.000000,0.000000,3078.000000,1450.000000,0.000000,0.000000,0.000000,0.000000,496.000000,364.000000,0.000000,0.000000,10266.000000,4878.000000,4528.000000,860.000000,10266.000000,0.000000,53.491853,66.744754,0.139499,-0.343848,0.000000,0.000000,LoadingResponse,1.000000,0.000000,0.000000,ambiguous_stair,
1253,2026-05-14 23:09:09,62.650000,2026-5-14_stair2_left.csv,stair2,0.000000,0.000000,3415.000000,1463.000000,0.000000,0.000000,0.000000,0.000000,3078.000000,1450.000000,0.000000,0.000000,0.000000,0.000000,496.000000,364.000000,0.000000,0.000000,10266.000000,4878.000000,4528.000000,860.000000,10266.000000,0.000000,53.491853,66.744754,0.139499,-0.343848,0.000000,0.000000,LoadingResponse,1.000000,0.000000,0.000000,ambiguous_stair,
1254,2026-05-14 23:09:09,62.700000,2026-5-14_stair2_left.csv,stair2,0.000000,0.000000,3415.000000,1463.000000,0.000000,0.000000,0.000000,0.000000,3078.000000,1450.000000,0.000000,0.000000,0.000000,0.000000,496.000000,364.000000,0.000000,0.000000,10266.000000,4878.000000,4528.000000,860.000000,10266.000000,0.000000,53.491853,66.744754,0.139499,-0.343848,0.000000,0.000000,LoadingResponse,1.000000,0.000000,0.000000,ambiguous_stair,
1255,2026-05-14 23:09:09,62.750000,2026-5-14_stair2_left.csv,stair2,0.000000,0.000000,3415.000000,1463.000000,0.000000,0.000000,0.000000,0.000000,3078.000000,1450.000000,0.000000,0.000000,0.000000,0.000000,496.000000,364.000000,0.000000,0.000000,10266.000000,4878.000000,4528.000000,860.000000,10266.000000,0.000000,53.491853,66.744754,0.139499,-0.343848,0.000000,0.000000,LoadingResponse,1.000000,0.000000,0.000000,ambiguous_stair,
1256,2026-05-14 23:09:09,62.800000,2026-5-14_stair2_left.csv,stair2,0.000000,0.000000,3415.000000,1463.000000,0.000000,0.000000,0.000000,0.000000,3078.000000,1450.000000,0.000000,0.000000,0.000000,0.000000,496.000000,364.000000,0.000000,0.000000,10266.000000,4878.000000,4528.000000,860.000000,10266.000000,0.000000,53.491853,66.744754,0.139499,-0.343848,0.000000,0.000000,LoadingResponse,1.000000,0.000000,0.000000,ambiguous_stair,
1257,2026-05-14 23:09:10,62.850000,2026-5-14_stair2_left.csv,stair2,0.000000,0.000000,3415.000000,1463.000000,0.000000,0.000000,0.000000,0.000000,3078.000000,1450.000000,0.000000,0.000000,0.000000,0.000000,496.000000,364.000000,0.000000,0.000000,10266.000000,4878.000000,4528.000000,860.000000,10266.000000,0.000000,53.491853,66.744754,0.139499,-0.343848,0.000000,0.000000,LoadingResponse,1.000000,0.000000,0.000000,ambiguous_stair,
1258,2026-05-14 23:09:10,62.900000,2026-5-14_stair2_left.csv,stair2,0.000000,0.000000,3415.000000,1463.000000,0.000000,0.000000,0.000000,0.000000,3078.000000,1450.000000,0.000000,0.000000,0.000000,0.000000,496.000000,364.000000,0.000000,0.000000,10266.000000,4878.000000,4528.000000,860.000000,10266.000000,0.000000,53.491853,66.744754,0.139499,-0.343848,0.000000,0.000000,LoadingResponse,1.000000,0.000000,0.000000,ambiguous_stair,
1259,2026-05-14 23:09:10,62.950000,2026-5-14_stair2_left.csv,stair2,0.000000,0.000000,3415.000000,1463.000000,0.000000,0.000000,0.000000,0.000000,3078.000000,1450.000000,0.000000,0.000000,0.000000,0.000000,496.000000,364.000000,0.000000,0.000000,10266.000000,4878.000000,4528.000000,860.000000,10266.000000,0.000000,53.491853,66.744754,0.139499,-0.343848,0.000000,0.000000,LoadingResponse,1.000000,0.000000,0.000000,ambiguous_stair,
1260,2026-05-14 23:09:10,63.000000,2026-5-14_stair2_left.csv,stair2,0.000000,0.000000,3415.000000,1463.000000,0.000000,0.000000,0.000000,0.000000,3078.000000,1450.000000,0.000000,0.000000,0.000000,0.000000,496.000000,364.000000,0.000000,0.000000,10266.000000,4878.000000,4528.000000,860.000000,10266.000000,0.000000,53.491853,66.744754,0.139499,-0.343848,0.000000,0.000000,LoadingResponse,1.000000,0.000000,0.000000,ambiguous_stair,
1261,2026-05-14 23:09:10,63.050000,2026-5-14_stair2_left.csv,stair2,0.000000,0.000000,3415.000000,1463.000000,0.000000,0.000000,0.000000,0.000000,3078.000000,1450.000000,0.000000,0.000000,0.000000,0.000000,496.000000,364.000000,0.000000,0.000000,10266.000000,4878.000000,4528.000000,860.000000,10266.000000,0.000000,53.491853,66.744754,0.139499,-0.343848,0.000000,0.000000,LoadingResponse,1.000000,0.000000,0.000000,ambiguous_stair,
1262,2026-05-14 23:09:10,63.100000,2026-5-14_stair2_left.csv,stair2,0.000000,0.000000,3415.000000,1463.000000,0.000000,0.000000,0.000000,0.000000,3078.000000,1450.000000,0.000000,0.000000,0.000000,0.000000,496.000000,364.000000,0.000000,0.000000,10266.000000,4878.000000,4528.000000,860.000000,10266.000000,0.000000,53.491853,66.744754,0.139499,-0.343848,0.000000,0.000000,LoadingResponse,1.000000,0.000000,0.000000,ambiguous_stair,
1263,2026-05-14 23:09:10,63.150000,2026-5-14_stair2_left.csv,stair2,0.000000,0.000000,3415.000000,1463.000000,0.000000,0.000000,0.000000,0.000000,3078.000000,1450.000000,0.000000,0.000000,0.000000,0.000000,496.000000,364.000000,0.000000,0.000000,10266.000000,4878.000000,4528.000000,860.000000,10266.000000,0.000000,53.491853,66.744754,0.139499,-0.343848,0.000000,0.000000,LoadingResponse,1.000000,0.000000,0.000000,ambiguous_stair,
1264,2026-05-14 23:09:10,63.200000,2026-5-14_stair2_left.csv,stair2,0.000000,0.000000,3415.000000,1463.000000,0.000000,0.000000,0.000000,0.000000,3078.000000,1450.000000,0.000000,0.000000,0.000000,0.000000,496.000000,364.000000,0.000000,0.000000,10266.000000,4878.000000,4528.000000,860.000000,10266.000000,0.000000,53.491853,66.744754,0.139499,-0.343848,0.000000,0.000000,LoadingResponse,1.000000,0.000000,0.000000,ambiguous_stair,
1265,2026-05-14 23:09:10,63.250000,2026-5-14_stair2_left.csv,stair2,0.000000,0.000000,3415.000000,1463.000000,0.000000,0.000000,0.000000,0.000000,3078.000000,1450.000000,0.000000,0.000000,0.000000,0.000000,496.000000,364.000000,0.000000,0.000000,10266.000000,4878.000000,4528.000000,860.000000,10266.000000,0.000000,53.491853,66.744754,0.139499,-0.343848,0.000000,0.000000,LoadingResponse,1.000000,0.000000,0.000000,ambiguous_stair,
1266,2026-05-14 23:09:10,63.300000,2026-5-14_stair2_left.csv,stair2,0.000000,0.000000,3415.000000,1463.000000,0.000000,0.000000,0.000000,0.000000,3078.000000,1450.000000,0.000000,0.000000,0.000000,0.000000,496.000000,364.000000,0.000000,0.000000,10266.000000,4878.000000,4528.000000,860.000000,10266.000000,0.000000,53.491853,66.744754,0.139499,-0.343848,0.000000,0.000000,LoadingResponse,1.000000,0.000000,0.000000,ambiguous_stair,
1267,2026-05-14 23:09:10,63.350000,2026-5-14_stair2_left.csv,stair2,0.000000,0.000000,3415.000000,1463.000000,0.000000,0.000000,0.000000,0.000000,3078.000000,1450.000000,0.000000,0.000000,0.000000,0.000000,496.000000,364.000000,0.000000,0.000000,10266.000000,4878.000000,4528.000000,860.000000,10266.000000,0.000000,53.491853,66.744754,0.139499,-0.343848,0.000000,0.000000,LoadingResponse,1.000000,0.000000,0.000000,ambiguous_stair,
1268,2026-05-14 23:09:10,63.400000,2026-5-14_stair2_left.csv,stair2,0.000000,0.000000,3415.000000,1463.000000,0.000000,0.000000,0.000000,0.000000,3078.000000,1450.000000,0.000000,0.000000,0.000000,0.000000,496.000000,364.000000,0.000000,0.000000,10266.000000,4878.000000,4528.000000,860.000000,10266.000000,0.000000,53.491853,66.744754,0.139499,-0.343848,0.000000,0.000000,LoadingResponse,1.000000,0.000000,0.000000,ambiguous_stair,
1269,2026-05-14 23:09:10,63.450000,2026-5-14_stair2_left.csv,stair2,0.000000,0.000000,3415.000000,1463.000000,0.000000,0.000000,0.000000,0.000000,3078.000000,1450.000000,0.000000,0.000000,0.000000,0.000000,496.000000,364.000000,0.000000,0.000000,10266.000000,4878.000000,4528.000000,860.000000,10266.000000,0.000000,53.491853,66.744754,0.139499,-0.343848,0.000000,0.000000,LoadingResponse,1.000000,0.000000,0.000000,ambiguous_stair,
1270,2026-05-14 23:09:10,63.500000,2026-5-14_stair2_left.csv,stair2,0.000000,0.000000,3415.000000,1463.000000,0.000000,0.000000,0.000000,0.000000,3078.000000,1450.000000,0.000000,0.000000,0.000000,0.000000,496.000000,364.000000,0.000000,0.000000,10266.000000,4878.000000,4528.000000,860.000000,10266.000000,0.000000,53.491853,66.744754,0.139499,-0.343848,0.000000,0.000000,LoadingResponse,1.000000,0.000000,0.000000,ambiguous_stair,
1271,2026-05-14 23:09:10,63.550000,2026-5-14_stair2_left.csv,stair2,0.000000,0.000000,3415.000000,1463.000000,0.000000,0.000000,0.000000,0.000000,3078.000000,1450.000000,0.000000,0.000000,0.000000,0.000000,496.000000,364.000000,0.000000,0.000000,10266.000000,4878.000000,4528.000000,860.000000,10266.000000,0.000000,53.491853,66.744754,0.139499,-0.343848,0.000000,0.000000,LoadingResponse,1.000000,0.000000,0.000000,ambiguous_stair,
1272,2026-05-14 23:09:10,63.600000,2026-5-14_stair2_left.csv,stair2,0.000000,0.000000,3415.000000,1463.000000,0.000000,0.000000,0.000000,0.000000,3078.000000,1450.000000,0.000000,0.000000,0.000000,0.000000,496.000000,364.000000,0.000000,0.000000,10266.000000,4878.000000,4528.000000,860.000000,10266.000000,0.000000,53.491853,66.744754,0.139499,-0.343848,0.000000,0.000000,LoadingResponse,1.000000,0.000000,0.000000,ambiguous_stair,
1273,2026-05-14 23:09:10,63.650000,2026-5-14_stair2_left.csv,stair2,0.000000,0.000000,3415.000000,1463.000000,0.000000,0.000000,0.000000,0.000000,3078.000000,1450.000000,0.000000,0.000000,0.000000,0.000000,496.000000,364.000000,0.000000,0.000000,10266.000000,4878.000000,4528.000000,860.000000,10266.000000,0.000000,53.491853,66.744754,0.139499,-0.343848,0.000000,0.000000,LoadingResponse,1.000000,0.000000,0.000000,ambiguous_stair,
1274,2026-05-14 23:09:10,63.700000,2026-5-14_stair2_left.csv,stair2,0.000000,0.000000,3415.000000,1463.000000,0.000000,0.000000,0.000000,0.000000,3078.000000,1450.000000,0.000000,0.000000,0.000000,0.000000,496.000000,364.000000,0.000000,0.000000,10266.000000,4878.000000,4528.000000,860.000000,10266.000000,0.000000,53.491853,66.744754,0.139499,-0.343848,0.000000,0.000000,LoadingResponse,1.000000,0.000000,0.000000,ambiguous_stair,
1275,2026-05-14 23:09:10,63.750000,2026-5-14_stair2_left.csv,stair2,0.000000,0.000000,3415.000000,1463.000000,0.000000,0.000000,0.000000,0.000000,3078.000000,1450.000000,0.000000,0.000000,0.000000,0.000000,496.000000,364.000000,0.000000,0.000000,10266.000000,4878.000000,4528.000000,860.000000,10266.000000,0.000000,53.491853,66.744754,0.139499,-0.343848,0.000000,0.000000,LoadingResponse,1.000000,0.000000,0.000000,ambiguous_stair,
1276,2026-05-14 23:09:10,63.800000,2026-5-14_stair2_left.csv,stair2,0.000000,0.000000,3415.000000,1463.000000,0.000000,0.000000,0.000000,0.000000,3078.000000,1450.000000,0.000000,0.000000,0.000000,0.000000,496.000000,364.000000,0.000000,0.000000,10266.000000,4878.000000,4528.000000,860.000000,10266.000000,0.000000,53.491853,66.744754,0.139499,-0.343848,0.000000,0.000000,LoadingResponse,1.000000,0.000000,0.000000,ambiguous_stair,
1277,2026-05-14 23:09:11,63.850000,2026-5-14_stair2_left.csv,stair2,0.000000,0.000000,3415.000000,1463.000000,0.000000,0.000000,0.000000,0.000000,3078.000000,1450.000000,0.000000,0.000000,0.000000,0.000000,496.000000,364.000000,0.000000,0.000000,10266.000000,4878.000000,4528.000000,860.000000,10266.000000,0.000000,53.491853,66.744754,0.139499,-0.343848,0.000000,0.000000,LoadingResponse,1.000000,0.000000,0.000000,ambiguous_stair,
1278,2026-05-14 23:09:11,63.900000,2026-5-14_stair2_left.csv,stair2,0.000000,0.000000,3415.000000,1463.000000,0.000000,0.000000,0.000000,0.000000,3078.000000,1450.000000,0.000000,0.000000,0.000000,0.000000,496.000000,364.000000,0.000000,0.000000,10266.000000,4878.000000,4528.000000,860.000000,10266.000000,0.000000,53.491853,66.744754,0.139499,-0.343848,0.000000,0.000000,LoadingResponse,1.000000,0.000000,0.000000,ambiguous_stair,
1279,2026-05-14 23:09:11,63.950000,2026-5-14_stair2_left.csv,stair2,0.000000,0.000000,3415.000000,1463.000000,0.000000,0.000000,0.000000,0.000000,3078.000000,1450.000000,0.000000,0.000000,0.000000,0.000000,496.000000,364.000000,0.000000,0.000000,10266.000000,4878.000000,4528.000000,860.000000,10266.000000,0.000000,53.491853,66.744754,0.139499,-0.343848,0.000000,0.000000,LoadingResponse,1.000000,0.000000,0.000000,ambiguous_stair,
1280,2026-05-14 23:09:11,64.000000,2026-5-14_stair2_left.csv,stair2,0.000000,0.000000,3415.000000,1463.000000,0.000000,0.000000,0.000000,0.000000,3078.000000,1450.000000,0.000000,0.000000,0.000000,0.000000,496.000000,364.000000,0.000000,0.000000,10266.000000,4878.000000,4528.000000,860.000000,10266.000000,0.000000,53.491853,66.744754,0.139499,-0.343848,0.000000,0.000000,LoadingResponse,1.000000,0.000000,0.000000,ambiguous_stair,
1281,2026-05-14 23:09:11,64.050000,2026-5-14_stair2_left.csv,stair2,0.000000,0.000000,3415.000000,1463.000000,0.000000,0.000000,0.000000,0.000000,3078.000000,1450.000000,0.000000,0.000000,0.000000,0.000000,496.000000,364.000000,0.000000,0.000000,10266.000000,4878.000000,4528.000000,860.000000,10266.000000,0.000000,53.491853,66.744754,0.139499,-0.343848,0.000000,0.000000,LoadingResponse,1.000000,0.000000,0.000000,ambiguous_stair,
1282,2026-05-14 23:09:11,64.100000,2026-5-14_stair2_left.csv,stair2,0.000000,0.000000,3415.000000,1463.000000,0.000000,0.000000,0.000000,0.000000,3078.000000,1450.000000,0.000000,0.000000,0.000000,0.000000,496.000000,364.000000,0.000000,0.000000,10266.000000,4878.000000,4528.000000,860.000000,10266.000000,0.000000,53.491853,66.744754,0.139499,-0.343848,0.000000,0.000000,LoadingResponse,1.000000,0.000000,0.000000,ambiguous_stair,
1283,2026-05-14 23:09:11,64.150000,2026-5-14_stair2_left.csv,stair2,0.000000,0.000000,3415.000000,1463.000000,0.000000,0.000000,0.000000,0.000000,3078.000000,1450.000000,0.000000,0.000000,0.000000,0.000000,496.000000,364.000000,0.000000,0.000000,10266.000000,4878.000000,4528.000000,860.000000,10266.000000,0.000000,53.491853,66.744754,0.139499,-0.343848,0.000000,0.000000,LoadingResponse,1.000000,0.000000,0.000000,ambiguous_stair,
1284,2026-05-14 23:09:11,64.200000,2026-5-14_stair2_left.csv,stair2,0.000000,0.000000,3415.000000,1463.000000,0.000000,0.000000,0.000000,0.000000,3078.000000,1450.000000,0.000000,0.000000,0.000000,0.000000,496.000000,364.000000,0.000000,0.000000,10266.000000,4878.000000,4528.000000,860.000000,10266.000000,0.000000,53.491853,66.744754,0.139499,-0.343848,0.000000,0.000000,LoadingResponse,1.000000,0.000000,0.000000,ambiguous_stair,
1285,2026-05-14 23:09:11,64.250000,2026-5-14_stair2_left.csv,stair2,0.000000,0.000000,3415.000000,1463.000000,0.000000,0.000000,0.000000,0.000000,3078.000000,1450.000000,0.000000,0.000000,0.000000,0.000000,496.000000,364.000000,0.000000,0.000000,10266.000000,4878.000000,4528.000000,860.000000,10266.000000,0.000000,53.491853,66.744754,0.139499,-0.343848,0.000000,0.000000,LoadingResponse,1.000000,0.000000,0.000000,ambiguous_stair,
1286,2026-05-14 23:09:11,64.300000,2026-5-14_stair2_left.csv,stair2,0.000000,0.000000,3415.000000,1463.000000,0.000000,0.000000,0.000000,0.000000,3078.000000,1450.000000,0.000000,0.000000,0.000000,0.000000,496.000000,364.000000,0.000000,0.000000,10266.000000,4878.000000,4528.000000,860.000000,10266.000000,0.000000,53.491853,66.744754,0.139499,-0.343848,0.000000,0.000000,LoadingResponse,1.000000,0.000000,0.000000,ambiguous_stair,
1287,2026-05-14 23:09:11,64.350000,2026-5-14_stair2_left.csv,stair2,0.000000,0.000000,3415.000000,1463.000000,0.000000,0.000000,0.000000,0.000000,3078.000000,1450.000000,0.000000,0.000000,0.000000,0.000000,496.000000,364.000000,0.000000,0.000000,10266.000000,4878.000000,4528.000000,860.000000,10266.000000,0.000000,53.491853,66.744754,0.139499,-0.343848,0.000000,0.000000,LoadingResponse,1.000000,0.000000,0.000000,ambiguous_stair,
1288,2026-05-14 23:09:11,64.400000,2026-5-14_stair2_left.csv,stair2,0.000000,0.000000,3415.000000,1463.000000,0.000000,0.000000,0.000000,0.000000,3078.000000,1450.000000,0.000000,0.000000,0.000000,0.000000,496.000000,364.000000,0.000000,0.000000,10266.000000,4878.000000,4528.000000,860.000000,10266.000000,0.000000,53.491853,66.744754,0.139499,-0.343848,0.000000,0.000000,LoadingResponse,1.000000,0.000000,0.000000,ambiguous_stair,
1289,2026-05-14 23:09:11,64.450000,2026-5-14_stair2_left.csv,stair2,0.000000,0.000000,3415.000000,1463.000000,0.000000,0.000000,0.000000,0.000000,3078.000000,1450.000000,0.000000,0.000000,0.000000,0.000000,496.000000,364.000000,0.000000,0.000000,10266.000000,4878.000000,4528.000000,860.000000,10266.000000,0.000000,53.491853,66.744754,0.139499,-0.343848,0.000000,0.000000,LoadingResponse,1.000000,0.000000,0.000000,ambiguous_stair,
1290,2026-05-14 23:09:11,64.500000,2026-5-14_stair2_left.csv,stair2,0.000000,0.000000,3415.000000,1463.000000,0.000000,0.000000,0.000000,0.000000,3078.000000,1450.000000,0.000000,0.000000,0.000000,0.000000,496.000000,364.000000,0.000000,0.000000,10266.000000,4878.000000,4528.000000,860.000000,10266.000000,0.000000,53.491853,66.744754,0.139499,-0.343848,0.000000,0.000000,LoadingResponse,1.000000,0.000000,0.000000,ambiguous_stair,
1291,2026-05-14 23:09:11,64.550000,2026-5-14_stair2_left.csv,stair2,0.000000,0.000000,3415.000000,1463.000000,0.000000,0.000000,0.000000,0.000000,3078.000000,1450.000000,0.000000,0.000000,0.000000,0.000000,496.000000,364.000000,0.000000,0.000000,10266.000000,4878.000000,4528.000000,860.000000,10266.000000,0.000000,53.491853,66.744754,0.139499,-0.343848,0.000000,0.000000,LoadingResponse,1.000000,0.000000,0.000000,ambiguous_stair,
1292,2026-05-14 23:09:11,64.600000,2026-5-14_stair2_left.csv,stair2,0.000000,0.000000,3415.000000,1463.000000,0.000000,0.000000,0.000000,0.000000,3078.000000,1450.000000,0.000000,0.000000,0.000000,0.000000,496.000000,364.000000,0.000000,0.000000,10266.000000,4878.000000,4528.000000,860.000000,10266.000000,0.000000,53.491853,66.744754,0.139499,-0.343848,0.000000,0.000000,LoadingResponse,1.000000,0.000000,0.000000,ambiguous_stair,
1293,2026-05-14 23:09:11,64.650000,2026-5-14_stair2_left.csv,stair2,0.000000,0.000000,3415.000000,1463.000000,0.000000,0.000000,0.000000,0.000000,3078.000000,1450.000000,0.000000,0.000000,0.000000,0.000000,496.000000,364.000000,0.000000,0.000000,10266.000000,4878.000000,4528.000000,860.000000,10266.000000,0.000000,53.491853,66.744754,0.139499,-0.343848,0.000000,0.000000,LoadingResponse,1.000000,0.000000,0.000000,ambiguous_stair,
1294,2026-05-14 23:09:11,64.700000,2026-5-14_stair2_left.csv,stair2,0.000000,0.000000,3415.000000,1463.000000,0.000000,0.000000,0.000000,0.000000,3078.000000,1450.000000,0.000000,0.000000,0.000000,0.000000,496.000000,364.000000,0.000000,0.000000,10266.000000,4878.000000,4528.000000,860.000000,10266.000000,0.000000,53.491853,66.744754,0.139499,-0.343848,0.000000,0.000000,LoadingResponse,1.000000,0.000000,0.000000,ambiguous_stair,
1295,2026-05-14 23:09:11,64.750000,2026-5-14_stair2_left.csv,stair2,0.000000,0.000000,3415.000000,1463.000000,0.000000,0.000000,0.000000,0.000000,3078.000000,1450.000000,0.000000,0.000000,0.000000,0.000000,496.000000,364.000000,0.000000,0.000000,10266.000000,4878.000000,4528.000000,860.000000,10266.000000,0.000000,53.491853,66.744754,0.139499,-0.343848,0.000000,0.000000,LoadingResponse,1.000000,0.000000,0.000000,ambiguous_stair,
1296,2026-05-14 23:09:11,64.800000,2026-5-14_stair2_left.csv,stair2,0.000000,0.000000,3415.000000,1463.000000,0.000000,0.000000,0.000000,0.000000,3078.000000,1450.000000,0.000000,0.000000,0.000000,0.000000,496.000000,364.000000,0.000000,0.000000,10266.000000,4878.000000,4528.000000,860.000000,10266.000000,0.000000,53.491853,66.744754,0.139499,-0.343848,0.000000,0.000000,LoadingResponse,1.000000,0.000000,0.000000,ambiguous_stair,
1297,2026-05-14 23:09:12,64.850000,2026-5-14_stair2_left.csv,stair2,0.000000,0.000000,3415.000000,1463.000000,0.000000,0.000000,0.000000,0.000000,3078.000000,1450.000000,0.000000,0.000000,0.000000,0.000000,496.000000,364.000000,0.000000,0.000000,10266.000000,4878.000000,4528.000000,860.000000,10266.000000,0.000000,53.491853,66.744754,0.139499,-0.343848,0.000000,0.000000,LoadingResponse,1.000000,0.000000,0.000000,ambiguous_stair,
1298,2026-05-14 23:09:12,64.900000,2026-5-14_stair2_left.csv,stair2,0.000000,0.000000,3415.000000,1463.000000,0.000000,0.000000,0.000000,0.000000,3078.000000,1450.000000,0.000000,0.000000,0.000000,0.000000,496.000000,364.000000,0.000000,0.000000,10266.000000,4878.000000,4528.000000,860.000000,10266.000000,0.000000,53.491853,66.744754,0.139499,-0.343848,0.000000,0.000000,LoadingResponse,1.000000,0.000000,0.000000,ambiguous_stair,
1299,2026-05-14 23:09:12,64.950000,2026-5-14_stair2_left.csv,stair2,0.000000,0.000000,3415.000000,1463.000000,0.000000,0.000000,0.000000,0.000000,3078.000000,1450.000000,0.000000,0.000000,0.000000,0.000000,496.000000,364.000000,0.000000,0.000000,10266.000000,4878.000000,4528.000000,860.000000,10266.000000,0.000000,53.491853,66.744754,0.139499,-0.343848,0.000000,0.000000,LoadingResponse,1.000000,0.000000,0.000000,ambiguous_stair,
1300,2026-05-14 23:09:12,65.000000,2026-5-14_stair2_left.csv,stair2,0.000000,0.000000,3415.000000,1463.000000,0.000000,0.000000,0.000000,0.000000,3078.000000,1450.000000,0.000000,0.000000,0.000000,0.000000,496.000000,364.000000,0.000000,0.000000,10266.000000,4878.000000,4528.000000,860.000000,10266.000000,0.000000,53.491853,66.744754,0.139499,-0.343848,0.000000,0.000000,LoadingResponse,1.000000,0.000000,0.000000,ambiguous_stair,
1301,2026-05-14 23:09:12,65.050000,2026-5-14_stair2_left.csv,stair2,0.000000,0.000000,3415.000000,1463.000000,0.000000,0.000000,0.000000,0.000000,3078.000000,1450.000000,0.000000,0.000000,0.000000,0.000000,496.000000,364.000000,0.000000,0.000000,10266.000000,4878.000000,4528.000000,860.000000,10266.000000,0.000000,53.491853,66.744754,0.139499,-0.343848,0.000000,0.000000,LoadingResponse,1.000000,0.000000,0.000000,ambiguous_stair,
1302,2026-05-14 23:09:12,65.100000,2026-5-14_stair2_left.csv,stair2,0.000000,0.000000,3415.000000,1463.000000,0.000000,0.000000,0.000000,0.000000,3078.000000,1450.000000,0.000000,0.000000,0.000000,0.000000,496.000000,364.000000,0.000000,0.000000,10266.000000,4878.000000,4528.000000,860.000000,10266.000000,0.000000,53.491853,66.744754,0.139499,-0.343848,0.000000,0.000000,LoadingResponse,1.000000,0.000000,0.000000,ambiguous_stair,
1303,2026-05-14 23:09:12,65.150000,2026-5-14_stair2_left.csv,stair2,0.000000,0.000000,3415.000000,1463.000000,0.000000,0.000000,0.000000,0.000000,3078.000000,1450.000000,0.000000,0.000000,0.000000,0.000000,496.000000,364.000000,0.000000,0.000000,10266.000000,4878.000000,4528.000000,860.000000,10266.000000,0.000000,53.491853,66.744754,0.139499,-0.343848,0.000000,0.000000,LoadingResponse,1.000000,0.000000,0.000000,ambiguous_stair,
1304,2026-05-14 23:09:12,65.200000,2026-5-14_stair2_left.csv,stair2,0.000000,0.000000,3415.000000,1463.000000,0.000000,0.000000,0.000000,0.000000,3078.000000,1450.000000,0.000000,0.000000,0.000000,0.000000,496.000000,364.000000,0.000000,0.000000,10266.000000,4878.000000,4528.000000,860.000000,10266.000000,0.000000,53.491853,66.744754,0.139499,-0.343848,0.000000,0.000000,LoadingResponse,1.000000,0.000000,0.000000,ambiguous_stair,
1305,2026-05-14 23:09:12,65.250000,2026-5-14_stair2_left.csv,stair2,0.000000,0.000000,3415.000000,1463.000000,0.000000,0.000000,0.000000,0.000000,3078.000000,1450.000000,0.000000,0.000000,0.000000,0.000000,496.000000,364.000000,0.000000,0.000000,10266.000000,4878.000000,4528.000000,860.000000,10266.000000,0.000000,53.491853,66.744754,0.139499,-0.343848,0.000000,0.000000,LoadingResponse,1.000000,0.000000,0.000000,ambiguous_stair,
1306,2026-05-14 23:09:12,65.300000,2026-5-14_stair2_left.csv,stair2,0.000000,0.000000,3415.000000,1463.000000,0.000000,0.000000,0.000000,0.000000,3078.000000,1450.000000,0.000000,0.000000,0.000000,0.000000,496.000000,364.000000,0.000000,0.000000,10266.000000,4878.000000,4528.000000,860.000000,10266.000000,0.000000,53.491853,66.744754,0.139499,-0.343848,0.000000,0.000000,LoadingResponse,1.000000,0.000000,0.000000,ambiguous_stair,
1307,2026-05-14 23:09:12,65.350000,2026-5-14_stair2_left.csv,stair2,0.000000,0.000000,3415.000000,1463.000000,0.000000,0.000000,0.000000,0.000000,3078.000000,1450.000000,0.000000,0.000000,0.000000,0.000000,496.000000,364.000000,0.000000,0.000000,10266.000000,4878.000000,4528.000000,860.000000,10266.000000,0.000000,53.491853,66.744754,0.139499,-0.343848,0.000000,0.000000,LoadingResponse,1.000000,0.000000,0.000000,ambiguous_stair,
1308,2026-05-14 23:09:12,65.400000,2026-5-14_stair2_left.csv,stair2,0.000000,0.000000,3415.000000,1463.000000,0.000000,0.000000,0.000000,0.000000,3078.000000,1450.000000,0.000000,0.000000,0.000000,0.000000,496.000000,364.000000,0.000000,0.000000,10266.000000,4878.000000,4528.000000,860.000000,10266.000000,0.000000,53.491853,66.744754,0.139499,-0.343848,0.000000,0.000000,LoadingResponse,1.000000,0.000000,0.000000,ambiguous_stair,
1309,2026-05-14 23:09:12,65.450000,2026-5-14_stair2_left.csv,stair2,0.000000,0.000000,3415.000000,1463.000000,0.000000,0.000000,0.000000,0.000000,3078.000000,1450.000000,0.000000,0.000000,0.000000,0.000000,496.000000,364.000000,0.000000,0.000000,10266.000000,4878.000000,4528.000000,860.000000,10266.000000,0.000000,53.491853,66.744754,0.139499,-0.343848,0.000000,0.000000,LoadingResponse,1.000000,0.000000,0.000000,ambiguous_stair,
1310,2026-05-14 23:09:12,65.500000,2026-5-14_stair2_left.csv,stair2,0.000000,0.000000,3415.000000,1463.000000,0.000000,0.000000,0.000000,0.000000,3078.000000,1450.000000,0.000000,0.000000,0.000000,0.000000,496.000000,364.000000,0.000000,0.000000,10266.000000,4878.000000,4528.000000,860.000000,10266.000000,0.000000,53.491853,66.744754,0.139499,-0.343848,0.000000,0.000000,LoadingResponse,1.000000,0.000000,0.000000,ambiguous_stair,
1311,2026-05-14 23:09:12,65.550000,2026-5-14_stair2_left.csv,stair2,0.000000,0.000000,3415.000000,1463.000000,0.000000,0.000000,0.000000,0.000000,3078.000000,1450.000000,0.000000,0.000000,0.000000,0.000000,496.000000,364.000000,0.000000,0.000000,10266.000000,4878.000000,4528.000000,860.000000,10266.000000,0.000000,53.491853,66.744754,0.139499,-0.343848,0.000000,0.000000,LoadingResponse,1.000000,0.000000,0.000000,ambiguous_stair,
1312,2026-05-14 23:09:12,65.600000,2026-5-14_stair2_left.csv,stair2,0.000000,0.000000,3415.000000,1463.000000,0.000000,0.000000,0.000000,0.000000,3078.000000,1450.000000,0.000000,0.000000,0.000000,0.000000,496.000000,364.000000,0.000000,0.000000,10266.000000,4878.000000,4528.000000,860.000000,10266.000000,0.000000,53.491853,66.744754,0.139499,-0.343848,0.000000,0.000000,LoadingResponse,1.000000,0.000000,0.000000,ambiguous_stair,
1313,2026-05-14 23:09:12,65.650000,2026-5-14_stair2_left.csv,stair2,0.000000,0.000000,3415.000000,1463.000000,0.000000,0.000000,0.000000,0.000000,3078.000000,1450.000000,0.000000,0.000000,0.000000,0.000000,496.000000,364.000000,0.000000,0.000000,10266.000000,4878.000000,4528.000000,860.000000,10266.000000,0.000000,53.491853,66.744754,0.139499,-0.343848,0.000000,0.000000,LoadingResponse,1.000000,0.000000,0.000000,ambiguous_stair,
1314,2026-05-14 23:09:12,65.700000,2026-5-14_stair2_left.csv,stair2,0.000000,0.000000,3415.000000,1463.000000,0.000000,0.000000,0.000000,0.000000,3078.000000,1450.000000,0.000000,0.000000,0.000000,0.000000,496.000000,364.000000,0.000000,0.000000,10266.000000,4878.000000,4528.000000,860.000000,10266.000000,0.000000,53.491853,66.744754,0.139499,-0.343848,0.000000,0.000000,LoadingResponse,1.000000,0.000000,0.000000,ambiguous_stair,
1315,2026-05-14 23:09:12,65.750000,2026-5-14_stair2_left.csv,stair2,0.000000,0.000000,3415.000000,1463.000000,0.000000,0.000000,0.000000,0.000000,3078.000000,1450.000000,0.000000,0.000000,0.000000,0.000000,496.000000,364.000000,0.000000,0.000000,10266.000000,4878.000000,4528.000000,860.000000,10266.000000,0.000000,53.491853,66.744754,0.139499,-0.343848,0.000000,0.000000,LoadingResponse,1.000000,0.000000,0.000000,ambiguous_stair,
1316,2026-05-14 23:09:12,65.800000,2026-5-14_stair2_left.csv,stair2,0.000000,0.000000,3415.000000,1463.000000,0.000000,0.000000,0.000000,0.000000,3078.000000,1450.000000,0.000000,0.000000,0.000000,0.000000,496.000000,364.000000,0.000000,0.000000,10266.000000,4878.000000,4528.000000,860.000000,10266.000000,0.000000,53.491853,66.744754,0.139499,-0.343848,0.000000,0.000000,LoadingResponse,1.000000,0.000000,0.000000,ambiguous_stair,
1317,2026-05-14 23:09:13,65.850000,2026-5-14_stair2_left.csv,stair2,0.000000,0.000000,3415.000000,1463.000000,0.000000,0.000000,0.000000,0.000000,3078.000000,1450.000000,0.000000,0.000000,0.000000,0.000000,496.000000,364.000000,0.000000,0.000000,10266.000000,4878.000000,4528.000000,860.000000,10266.000000,0.000000,53.491853,66.744754,0.139499,-0.343848,0.000000,0.000000,LoadingResponse,1.000000,0.000000,0.000000,ambiguous_stair,
1318,2026-05-14 23:09:13,65.900000,2026-5-14_stair2_left.csv,stair2,0.000000,0.000000,3415.000000,1463.000000,0.000000,0.000000,0.000000,0.000000,3078.000000,1450.000000,0.000000,0.000000,0.000000,0.000000,496.000000,364.000000,0.000000,0.000000,10266.000000,4878.000000,4528.000000,860.000000,10266.000000,0.000000,53.491853,66.744754,0.139499,-0.343848,0.000000,0.000000,LoadingResponse,1.000000,0.000000,0.000000,ambiguous_stair,
1319,2026-05-14 23:09:13,65.950000,2026-5-14_stair2_left.csv,stair2,0.000000,0.000000,3415.000000,1463.000000,0.000000,0.000000,0.000000,0.000000,3078.000000,1450.000000,0.000000,0.000000,0.000000,0.000000,496.000000,364.000000,0.000000,0.000000,10266.000000,4878.000000,4528.000000,860.000000,10266.000000,0.000000,53.491853,66.744754,0.139499,-0.343848,0.000000,0.000000,LoadingResponse,1.000000,0.000000,0.000000,ambiguous_stair,
1320,2026-05-14 23:09:13,66.000000,2026-5-14_stair2_left.csv,stair2,0.000000,0.000000,3415.000000,1463.000000,0.000000,0.000000,0.000000,0.000000,3078.000000,1450.000000,0.000000,0.000000,0.000000,0.000000,496.000000,364.000000,0.000000,0.000000,10266.000000,4878.000000,4528.000000,860.000000,10266.000000,0.000000,53.491853,66.744754,0.139499,-0.343848,0.000000,0.000000,LoadingResponse,1.000000,0.000000,0.000000,ambiguous_stair,
1321,2026-05-14 23:09:13,66.050000,2026-5-14_stair2_left.csv,stair2,0.000000,0.000000,3415.000000,1463.000000,0.000000,0.000000,0.000000,0.000000,3078.000000,1450.000000,0.000000,0.000000,0.000000,0.000000,496.000000,364.000000,0.000000,0.000000,10266.000000,4878.000000,4528.000000,860.000000,10266.000000,0.000000,53.491853,66.744754,0.139499,-0.343848,0.000000,0.000000,LoadingResponse,1.000000,0.000000,0.000000,ambiguous_stair,
1322,2026-05-14 23:09:13,66.100000,2026-5-14_stair2_left.csv,stair2,0.000000,0.000000,3415.000000,1463.000000,0.000000,0.000000,0.000000,0.000000,3078.000000,1450.000000,0.000000,0.000000,0.000000,0.000000,496.000000,364.000000,0.000000,0.000000,10266.000000,4878.000000,4528.000000,860.000000,10266.000000,0.000000,53.491853,66.744754,0.139499,-0.343848,0.000000,0.000000,LoadingResponse,1.000000,0.000000,0.000000,ambiguous_stair,
1323,2026-05-14 23:09:13,66.150000,2026-5-14_stair2_left.csv,stair2,0.000000,0.000000,3415.000000,1463.000000,0.000000,0.000000,0.000000,0.000000,3078.000000,1450.000000,0.000000,0.000000,0.000000,0.000000,496.000000,364.000000,0.000000,0.000000,10266.000000,4878.000000,4528.000000,860.000000,10266.000000,0.000000,53.491853,66.744754,0.139499,-0.343848,0.000000,0.000000,LoadingResponse,1.000000,0.000000,0.000000,ambiguous_stair,
1324,2026-05-14 23:09:13,66.200000,2026-5-14_stair2_left.csv,stair2,0.000000,0.000000,3415.000000,1463.000000,0.000000,0.000000,0.000000,0.000000,3078.000000,1450.000000,0.000000,0.000000,0.000000,0.000000,496.000000,364.000000,0.000000,0.000000,10266.000000,4878.000000,4528.000000,860.000000,10266.000000,0.000000,53.491853,66.744754,0.139499,-0.343848,0.000000,0.000000,LoadingResponse,1.000000,0.000000,0.000000,ambiguous_stair,
1325,2026-05-14 23:09:13,66.250000,2026-5-14_stair2_left.csv,stair2,0.000000,0.000000,3415.000000,1463.000000,0.000000,0.000000,0.000000,0.000000,3078.000000,1450.000000,0.000000,0.000000,0.000000,0.000000,496.000000,364.000000,0.000000,0.000000,10266.000000,4878.000000,4528.000000,860.000000,10266.000000,0.000000,53.491853,66.744754,0.139499,-0.343848,0.000000,0.000000,LoadingResponse,1.000000,0.000000,0.000000,ambiguous_stair,
1326,2026-05-14 23:09:13,66.300000,2026-5-14_stair2_left.csv,stair2,0.000000,0.000000,3415.000000,1463.000000,0.000000,0.000000,0.000000,0.000000,3078.000000,1450.000000,0.000000,0.000000,0.000000,0.000000,496.000000,364.000000,0.000000,0.000000,10266.000000,4878.000000,4528.000000,860.000000,10266.000000,0.000000,53.491853,66.744754,0.139499,-0.343848,0.000000,0.000000,LoadingResponse,1.000000,0.000000,0.000000,ambiguous_stair,
1327,2026-05-14 23:09:13,66.350000,2026-5-14_stair2_left.csv,stair2,0.000000,0.000000,3415.000000,1463.000000,0.000000,0.000000,0.000000,0.000000,3078.000000,1450.000000,0.000000,0.000000,0.000000,0.000000,496.000000,364.000000,0.000000,0.000000,10266.000000,4878.000000,4528.000000,860.000000,10266.000000,0.000000,53.491853,66.744754,0.139499,-0.343848,0.000000,0.000000,LoadingResponse,1.000000,0.000000,0.000000,ambiguous_stair,
1328,2026-05-14 23:09:13,66.400000,2026-5-14_stair2_left.csv,stair2,0.000000,0.000000,3415.000000,1463.000000,0.000000,0.000000,0.000000,0.000000,3078.000000,1450.000000,0.000000,0.000000,0.000000,0.000000,496.000000,364.000000,0.000000,0.000000,10266.000000,4878.000000,4528.000000,860.000000,10266.000000,0.000000,53.491853,66.744754,0.139499,-0.343848,0.000000,0.000000,LoadingResponse,1.000000,0.000000,0.000000,ambiguous_stair,
1329,2026-05-14 23:09:13,66.450000,2026-5-14_stair2_left.csv,stair2,0.000000,0.000000,3415.000000,1463.000000,0.000000,0.000000,0.000000,0.000000,3078.000000,1450.000000,0.000000,0.000000,0.000000,0.000000,496.000000,364.000000,0.000000,0.000000,10266.000000,4878.000000,4528.000000,860.000000,10266.000000,0.000000,53.491853,66.744754,0.139499,-0.343848,0.000000,0.000000,LoadingResponse,1.000000,0.000000,0.000000,ambiguous_stair,
1330,2026-05-14 23:09:13,66.500000,2026-5-14_stair2_left.csv,stair2,0.000000,0.000000,3415.000000,1463.000000,0.000000,0.000000,0.000000,0.000000,3078.000000,1450.000000,0.000000,0.000000,0.000000,0.000000,496.000000,364.000000,0.000000,0.000000,10266.000000,4878.000000,4528.000000,860.000000,10266.000000,0.000000,53.491853,66.744754,0.139499,-0.343848,0.000000,0.000000,LoadingResponse,1.000000,0.000000,0.000000,ambiguous_stair,
1331,2026-05-14 23:09:13,66.550000,2026-5-14_stair2_left.csv,stair2,0.000000,0.000000,3415.000000,1463.000000,0.000000,0.000000,0.000000,0.000000,3078.000000,1450.000000,0.000000,0.000000,0.000000,0.000000,496.000000,364.000000,0.000000,0.000000,10266.000000,4878.000000,4528.000000,860.000000,10266.000000,0.000000,53.491853,66.744754,0.139499,-0.343848,0.000000,0.000000,LoadingResponse,1.000000,0.000000,0.000000,ambiguous_stair,
1332,2026-05-14 23:09:13,66.600000,2026-5-14_stair2_left.csv,stair2,0.000000,0.000000,3415.000000,1463.000000,0.000000,0.000000,0.000000,0.000000,3078.000000,1450.000000,0.000000,0.000000,0.000000,0.000000,496.000000,364.000000,0.000000,0.000000,10266.000000,4878.000000,4528.000000,860.000000,10266.000000,0.000000,53.491853,66.744754,0.139499,-0.343848,0.000000,0.000000,LoadingResponse,1.000000,0.000000,0.000000,ambiguous_stair,
1333,2026-05-14 23:09:13,66.650000,2026-5-14_stair2_left.csv,stair2,0.000000,0.000000,3415.000000,1463.000000,0.000000,0.000000,0.000000,0.000000,3078.000000,1450.000000,0.000000,0.000000,0.000000,0.000000,496.000000,364.000000,0.000000,0.000000,10266.000000,4878.000000,4528.000000,860.000000,10266.000000,0.000000,53.491853,66.744754,0.139499,-0.343848,0.000000,0.000000,LoadingResponse,1.000000,0.000000,0.000000,ambiguous_stair,
1334,2026-05-14 23:09:13,66.700000,2026-5-14_stair2_left.csv,stair2,0.000000,0.000000,3415.000000,1463.000000,0.000000,0.000000,0.000000,0.000000,3078.000000,1450.000000,0.000000,0.000000,0.000000,0.000000,496.000000,364.000000,0.000000,0.000000,10266.000000,4878.000000,4528.000000,860.000000,10266.000000,0.000000,53.491853,66.744754,0.139499,-0.343848,0.000000,0.000000,LoadingResponse,1.000000,0.000000,0.000000,ambiguous_stair,
1335,2026-05-14 23:09:13,66.750000,2026-5-14_stair2_left.csv,stair2,0.000000,0.000000,3415.000000,1463.000000,0.000000,0.000000,0.000000,0.000000,3078.000000,1450.000000,0.000000,0.000000,0.000000,0.000000,496.000000,364.000000,0.000000,0.000000,10266.000000,4878.000000,4528.000000,860.000000,10266.000000,0.000000,53.491853,66.744754,0.139499,-0.343848,0.000000,0.000000,LoadingResponse,1.000000,0.000000,0.000000,ambiguous_stair,
1336,2026-05-14 23:09:13,66.800000,2026-5-14_stair2_left.csv,stair2,0.000000,0.000000,3415.000000,1463.000000,0.000000,0.000000,0.000000,0.000000,3078.000000,1450.000000,0.000000,0.000000,0.000000,0.000000,496.000000,364.000000,0.000000,0.000000,10266.000000,4878.000000,4528.000000,860.000000,10266.000000,0.000000,53.491853,66.744754,0.139499,-0.343848,0.000000,0.000000,LoadingResponse,1.000000,0.000000,0.000000,ambiguous_stair,
1337,2026-05-14 23:09:14,66.850000,2026-5-14_stair2_left.csv,stair2,0.000000,0.000000,3415.000000,1463.000000,0.000000,0.000000,0.000000,0.000000,3078.000000,1450.000000,0.000000,0.000000,0.000000,0.000000,496.000000,364.000000,0.000000,0.000000,10266.000000,4878.000000,4528.000000,860.000000,10266.000000,0.000000,53.491853,66.744754,0.139499,-0.343848,0.000000,0.000000,LoadingResponse,1.000000,0.000000,0.000000,ambiguous_stair,
1338,2026-05-14 23:09:14,66.900000,2026-5-14_stair2_left.csv,stair2,0.000000,0.000000,3415.000000,1463.000000,0.000000,0.000000,0.000000,0.000000,3078.000000,1450.000000,0.000000,0.000000,0.000000,0.000000,496.000000,364.000000,0.000000,0.000000,10266.000000,4878.000000,4528.000000,860.000000,10266.000000,0.000000,53.491853,66.744754,0.139499,-0.343848,0.000000,0.000000,LoadingResponse,1.000000,0.000000,0.000000,ambiguous_stair,
1339,2026-05-14 23:09:14,66.950000,2026-5-14_stair2_left.csv,stair2,0.000000,0.000000,3415.000000,1463.000000,0.000000,0.000000,0.000000,0.000000,3078.000000,1450.000000,0.000000,0.000000,0.000000,0.000000,496.000000,364.000000,0.000000,0.000000,10266.000000,4878.000000,4528.000000,860.000000,10266.000000,0.000000,53.491853,66.744754,0.139499,-0.343848,0.000000,0.000000,LoadingResponse,1.000000,0.000000,0.000000,ambiguous_stair,
1340,2026-05-14 23:09:14,67.000000,2026-5-14_stair2_left.csv,stair2,0.000000,0.000000,3415.000000,1463.000000,0.000000,0.000000,0.000000,0.000000,3078.000000,1450.000000,0.000000,0.000000,0.000000,0.000000,496.000000,364.000000,0.000000,0.000000,10266.000000,4878.000000,4528.000000,860.000000,10266.000000,0.000000,53.491853,66.744754,0.139499,-0.343848,0.000000,0.000000,LoadingResponse,1.000000,0.000000,0.000000,ambiguous_stair,
1341,2026-05-14 23:09:14,67.050000,2026-5-14_stair2_left.csv,stair2,0.000000,0.000000,3415.000000,1463.000000,0.000000,0.000000,0.000000,0.000000,3078.000000,1450.000000,0.000000,0.000000,0.000000,0.000000,496.000000,364.000000,0.000000,0.000000,10266.000000,4878.000000,4528.000000,860.000000,10266.000000,0.000000,53.491853,66.744754,0.139499,-0.343848,0.000000,0.000000,LoadingResponse,1.000000,0.000000,0.000000,ambiguous_stair,
1342,2026-05-14 23:09:14,67.100000,2026-5-14_stair2_left.csv,stair2,0.000000,0.000000,3415.000000,1463.000000,0.000000,0.000000,0.000000,0.000000,3078.000000,1450.000000,0.000000,0.000000,0.000000,0.000000,496.000000,364.000000,0.000000,0.000000,10266.000000,4878.000000,4528.000000,860.000000,10266.000000,0.000000,53.491853,66.744754,0.139499,-0.343848,0.000000,0.000000,LoadingResponse,1.000000,0.000000,0.000000,ambiguous_stair,
1343,2026-05-14 23:09:14,67.150000,2026-5-14_stair2_left.csv,stair2,0.000000,0.000000,3415.000000,1463.000000,0.000000,0.000000,0.000000,0.000000,3078.000000,1450.000000,0.000000,0.000000,0.000000,0.000000,496.000000,364.000000,0.000000,0.000000,10266.000000,4878.000000,4528.000000,860.000000,10266.000000,0.000000,53.491853,66.744754,0.139499,-0.343848,0.000000,0.000000,LoadingResponse,1.000000,0.000000,0.000000,ambiguous_stair,
1344,2026-05-14 23:09:14,67.200000,2026-5-14_stair2_left.csv,stair2,0.000000,0.000000,3415.000000,1463.000000,0.000000,0.000000,0.000000,0.000000,3078.000000,1450.000000,0.000000,0.000000,0.000000,0.000000,496.000000,364.000000,0.000000,0.000000,10266.000000,4878.000000,4528.000000,860.000000,10266.000000,0.000000,53.491853,66.744754,0.139499,-0.343848,0.000000,0.000000,LoadingResponse,1.000000,0.000000,0.000000,ambiguous_stair,
1345,2026-05-14 23:09:14,67.250000,2026-5-14_stair2_left.csv,stair2,0.000000,0.000000,3415.000000,1463.000000,0.000000,0.000000,0.000000,0.000000,3078.000000,1450.000000,0.000000,0.000000,0.000000,0.000000,496.000000,364.000000,0.000000,0.000000,10266.000000,4878.000000,4528.000000,860.000000,10266.000000,0.000000,53.491853,66.744754,0.139499,-0.343848,0.000000,0.000000,LoadingResponse,1.000000,0.000000,0.000000,ambiguous_stair,
1346,2026-05-14 23:09:14,67.300000,2026-5-14_stair2_left.csv,stair2,0.000000,0.000000,3415.000000,1463.000000,0.000000,0.000000,0.000000,0.000000,3078.000000,1450.000000,0.000000,0.000000,0.000000,0.000000,496.000000,364.000000,0.000000,0.000000,10266.000000,4878.000000,4528.000000,860.000000,10266.000000,0.000000,53.491853,66.744754,0.139499,-0.343848,0.000000,0.000000,LoadingResponse,1.000000,0.000000,0.000000,ambiguous_stair,
1347,2026-05-14 23:09:14,67.350000,2026-5-14_stair2_left.csv,stair2,0.000000,0.000000,3415.000000,1463.000000,0.000000,0.000000,0.000000,0.000000,3078.000000,1450.000000,0.000000,0.000000,0.000000,0.000000,496.000000,364.000000,0.000000,0.000000,10266.000000,4878.000000,4528.000000,860.000000,10266.000000,0.000000,53.491853,66.744754,0.139499,-0.343848,0.000000,0.000000,LoadingResponse,1.000000,0.000000,0.000000,ambiguous_stair,
1348,2026-05-14 23:09:14,67.400000,2026-5-14_stair2_left.csv,stair2,0.000000,0.000000,3415.000000,1463.000000,0.000000,0.000000,0.000000,0.000000,3078.000000,1450.000000,0.000000,0.000000,0.000000,0.000000,496.000000,364.000000,0.000000,0.000000,10266.000000,4878.000000,4528.000000,860.000000,10266.000000,0.000000,53.491853,66.744754,0.139499,-0.343848,0.000000,0.000000,LoadingResponse,1.000000,0.000000,0.000000,ambiguous_stair,
1349,2026-05-14 23:09:14,67.450000,2026-5-14_stair2_left.csv,stair2,0.000000,0.000000,3415.000000,1463.000000,0.000000,0.000000,0.000000,0.000000,3078.000000,1450.000000,0.000000,0.000000,0.000000,0.000000,496.000000,364.000000,0.000000,0.000000,10266.000000,4878.000000,4528.000000,860.000000,10266.000000,0.000000,53.491853,66.744754,0.139499,-0.343848,0.000000,0.000000,LoadingResponse,1.000000,0.000000,0.000000,ambiguous_stair,
1350,2026-05-14 23:09:14,67.500000,2026-5-14_stair2_left.csv,stair2,0.000000,0.000000,3415.000000,1463.000000,0.000000,0.000000,0.000000,0.000000,3078.000000,1450.000000,0.000000,0.000000,0.000000,0.000000,496.000000,364.000000,0.000000,0.000000,10266.000000,4878.000000,4528.000000,860.000000,10266.000000,0.000000,53.491853,66.744754,0.139499,-0.343848,0.000000,0.000000,LoadingResponse,1.000000,0.000000,0.000000,ambiguous_stair,
1351,2026-05-14 23:09:14,67.550000,2026-5-14_stair2_left.csv,stair2,0.000000,0.000000,3415.000000,1463.000000,0.000000,0.000000,0.000000,0.000000,3078.000000,1450.000000,0.000000,0.000000,0.000000,0.000000,496.000000,364.000000,0.000000,0.000000,10266.000000,4878.000000,4528.000000,860.000000,10266.000000,0.000000,53.491853,66.744754,0.139499,-0.343848,0.000000,0.000000,LoadingResponse,1.000000,0.000000,0.000000,ambiguous_stair,
1352,2026-05-14 23:09:14,67.600000,2026-5-14_stair2_left.csv,stair2,0.000000,0.000000,3415.000000,1463.000000,0.000000,0.000000,0.000000,0.000000,3078.000000,1450.000000,0.000000,0.000000,0.000000,0.000000,496.000000,364.000000,0.000000,0.000000,10266.000000,4878.000000,4528.000000,860.000000,10266.000000,0.000000,53.491853,66.744754,0.139499,-0.343848,0.000000,0.000000,LoadingResponse,1.000000,0.000000,0.000000,ambiguous_stair,
1353,2026-05-14 23:09:14,67.650000,2026-5-14_stair2_left.csv,stair2,0.000000,0.000000,3415.000000,1463.000000,0.000000,0.000000,0.000000,0.000000,3078.000000,1450.000000,0.000000,0.000000,0.000000,0.000000,496.000000,364.000000,0.000000,0.000000,10266.000000,4878.000000,4528.000000,860.000000,10266.000000,0.000000,53.491853,66.744754,0.139499,-0.343848,0.000000,0.000000,LoadingResponse,1.000000,0.000000,0.000000,ambiguous_stair,
1354,2026-05-14 23:09:14,67.700000,2026-5-14_stair2_left.csv,stair2,0.000000,0.000000,3415.000000,1463.000000,0.000000,0.000000,0.000000,0.000000,3078.000000,1450.000000,0.000000,0.000000,0.000000,0.000000,496.000000,364.000000,0.000000,0.000000,10266.000000,4878.000000,4528.000000,860.000000,10266.000000,0.000000,53.491853,66.744754,0.139499,-0.343848,0.000000,0.000000,LoadingResponse,1.000000,0.000000,0.000000,ambiguous_stair,
1355,2026-05-14 23:09:14,67.750000,2026-5-14_stair2_left.csv,stair2,0.000000,0.000000,3415.000000,1463.000000,0.000000,0.000000,0.000000,0.000000,3078.000000,1450.000000,0.000000,0.000000,0.000000,0.000000,496.000000,364.000000,0.000000,0.000000,10266.000000,4878.000000,4528.000000,860.000000,10266.000000,0.000000,53.491853,66.744754,0.139499,-0.343848,0.000000,0.000000,LoadingResponse,1.000000,0.000000,0.000000,ambiguous_stair,
1356,2026-05-14 23:09:14,67.800000,2026-5-14_stair2_left.csv,stair2,0.000000,0.000000,3415.000000,1463.000000,0.000000,0.000000,0.000000,0.000000,3078.000000,1450.000000,0.000000,0.000000,0.000000,0.000000,496.000000,364.000000,0.000000,0.000000,10266.000000,4878.000000,4528.000000,860.000000,10266.000000,0.000000,53.491853,66.744754,0.139499,-0.343848,0.000000,0.000000,LoadingResponse,1.000000,0.000000,0.000000,ambiguous_stair,
1357,2026-05-14 23:09:15,67.850000,2026-5-14_stair2_left.csv,stair2,0.000000,0.000000,3415.000000,1463.000000,0.000000,0.000000,0.000000,0.000000,3078.000000,1450.000000,0.000000,0.000000,0.000000,0.000000,496.000000,364.000000,0.000000,0.000000,10266.000000,4878.000000,4528.000000,860.000000,10266.000000,0.000000,53.491853,66.744754,0.139499,-0.343848,0.000000,0.000000,LoadingResponse,1.000000,0.000000,0.000000,ambiguous_stair,
1358,2026-05-14 23:09:15,67.900000,2026-5-14_stair2_left.csv,stair2,0.000000,0.000000,3415.000000,1463.000000,0.000000,0.000000,0.000000,0.000000,3078.000000,1450.000000,0.000000,0.000000,0.000000,0.000000,496.000000,364.000000,0.000000,0.000000,10266.000000,4878.000000,4528.000000,860.000000,10266.000000,0.000000,53.491853,66.744754,0.139499,-0.343848,0.000000,0.000000,LoadingResponse,1.000000,0.000000,0.000000,ambiguous_stair,
1359,2026-05-14 23:09:15,67.950000,2026-5-14_stair2_left.csv,stair2,0.000000,0.000000,3415.000000,1463.000000,0.000000,0.000000,0.000000,0.000000,3078.000000,1450.000000,0.000000,0.000000,0.000000,0.000000,496.000000,364.000000,0.000000,0.000000,10266.000000,4878.000000,4528.000000,860.000000,10266.000000,0.000000,53.491853,66.744754,0.139499,-0.343848,0.000000,0.000000,LoadingResponse,1.000000,0.000000,0.000000,ambiguous_stair,
1360,2026-05-14 23:09:15,68.000000,2026-5-14_stair2_left.csv,stair2,0.000000,0.000000,3415.000000,1463.000000,0.000000,0.000000,0.000000,0.000000,3078.000000,1450.000000,0.000000,0.000000,0.000000,0.000000,496.000000,364.000000,0.000000,0.000000,10266.000000,4878.000000,4528.000000,860.000000,10266.000000,0.000000,53.491853,66.744754,0.139499,-0.343848,0.000000,0.000000,LoadingResponse,1.000000,0.000000,0.000000,ambiguous_stair,
1361,2026-05-14 23:09:15,68.050000,2026-5-14_stair2_left.csv,stair2,0.000000,0.000000,3415.000000,1463.000000,0.000000,0.000000,0.000000,0.000000,3078.000000,1450.000000,0.000000,0.000000,0.000000,0.000000,496.000000,364.000000,0.000000,0.000000,10266.000000,4878.000000,4528.000000,860.000000,10266.000000,0.000000,53.491853,66.744754,0.139499,-0.343848,0.000000,0.000000,LoadingResponse,1.000000,0.000000,0.000000,ambiguous_stair,
1362,2026-05-14 23:09:15,68.100000,2026-5-14_stair2_left.csv,stair2,0.000000,0.000000,3415.000000,1463.000000,0.000000,0.000000,0.000000,0.000000,3078.000000,1450.000000,0.000000,0.000000,0.000000,0.000000,496.000000,364.000000,0.000000,0.000000,10266.000000,4878.000000,4528.000000,860.000000,10266.000000,0.000000,53.491853,66.744754,0.139499,-0.343848,0.000000,0.000000,LoadingResponse,1.000000,0.000000,0.000000,ambiguous_stair,
1363,2026-05-14 23:09:15,68.150000,2026-5-14_stair2_left.csv,stair2,0.000000,0.000000,3415.000000,1463.000000,0.000000,0.000000,0.000000,0.000000,3078.000000,1450.000000,0.000000,0.000000,0.000000,0.000000,496.000000,364.000000,0.000000,0.000000,10266.000000,4878.000000,4528.000000,860.000000,10266.000000,0.000000,53.491853,66.744754,0.139499,-0.343848,0.000000,0.000000,LoadingResponse,1.000000,0.000000,0.000000,ambiguous_stair,
1364,2026-05-14 23:09:15,68.200000,2026-5-14_stair2_left.csv,stair2,0.000000,0.000000,3415.000000,1463.000000,0.000000,0.000000,0.000000,0.000000,3078.000000,1450.000000,0.000000,0.000000,0.000000,0.000000,496.000000,364.000000,0.000000,0.000000,10266.000000,4878.000000,4528.000000,860.000000,10266.000000,0.000000,53.491853,66.744754,0.139499,-0.343848,0.000000,0.000000,LoadingResponse,1.000000,0.000000,0.000000,ambiguous_stair,
1365,2026-05-14 23:09:15,68.250000,2026-5-14_stair2_left.csv,stair2,0.000000,0.000000,3415.000000,1463.000000,0.000000,0.000000,0.000000,0.000000,3078.000000,1450.000000,0.000000,0.000000,0.000000,0.000000,496.000000,364.000000,0.000000,0.000000,10266.000000,4878.000000,4528.000000,860.000000,10266.000000,0.000000,53.491853,66.744754,0.139499,-0.343848,0.000000,0.000000,LoadingResponse,1.000000,0.000000,0.000000,ambiguous_stair,
1366,2026-05-14 23:09:15,68.300000,2026-5-14_stair2_left.csv,stair2,0.000000,0.000000,3415.000000,1463.000000,0.000000,0.000000,0.000000,0.000000,3078.000000,1450.000000,0.000000,0.000000,0.000000,0.000000,496.000000,364.000000,0.000000,0.000000,10266.000000,4878.000000,4528.000000,860.000000,10266.000000,0.000000,53.491853,66.744754,0.139499,-0.343848,0.000000,0.000000,LoadingResponse,1.000000,0.000000,0.000000,ambiguous_stair,
1367,2026-05-14 23:09:15,68.350000,2026-5-14_stair2_left.csv,stair2,0.000000,0.000000,3415.000000,1463.000000,0.000000,0.000000,0.000000,0.000000,3078.000000,1450.000000,0.000000,0.000000,0.000000,0.000000,496.000000,364.000000,0.000000,0.000000,10266.000000,4878.000000,4528.000000,860.000000,10266.000000,0.000000,53.491853,66.744754,0.139499,-0.343848,0.000000,0.000000,LoadingResponse,1.000000,0.000000,0.000000,ambiguous_stair,
1368,2026-05-14 23:09:15,68.400000,2026-5-14_stair2_left.csv,stair2,0.000000,0.000000,3415.000000,1463.000000,0.000000,0.000000,0.000000,0.000000,3078.000000,1450.000000,0.000000,0.000000,0.000000,0.000000,496.000000,364.000000,0.000000,0.000000,10266.000000,4878.000000,4528.000000,860.000000,10266.000000,0.000000,53.491853,66.744754,0.139499,-0.343848,0.000000,0.000000,LoadingResponse,1.000000,0.000000,0.000000,ambiguous_stair,
1369,2026-05-14 23:09:15,68.450000,2026-5-14_stair2_left.csv,stair2,0.000000,0.000000,3415.000000,1463.000000,0.000000,0.000000,0.000000,0.000000,3078.000000,1450.000000,0.000000,0.000000,0.000000,0.000000,496.000000,364.000000,0.000000,0.000000,10266.000000,4878.000000,4528.000000,860.000000,10266.000000,0.000000,53.491853,66.744754,0.139499,-0.343848,0.000000,0.000000,LoadingResponse,1.000000,0.000000,0.000000,ambiguous_stair,
1370,2026-05-14 23:09:15,68.500000,2026-5-14_stair2_left.csv,stair2,0.000000,0.000000,3415.000000,1463.000000,0.000000,0.000000,0.000000,0.000000,3078.000000,1450.000000,0.000000,0.000000,0.000000,0.000000,496.000000,364.000000,0.000000,0.000000,10266.000000,4878.000000,4528.000000,860.000000,10266.000000,0.000000,53.491853,66.744754,0.139499,-0.343848,0.000000,0.000000,LoadingResponse,1.000000,0.000000,0.000000,ambiguous_stair,
1371,2026-05-14 23:09:15,68.550000,2026-5-14_stair2_left.csv,stair2,0.000000,0.000000,3415.000000,1463.000000,0.000000,0.000000,0.000000,0.000000,3078.000000,1450.000000,0.000000,0.000000,0.000000,0.000000,496.000000,364.000000,0.000000,0.000000,10266.000000,4878.000000,4528.000000,860.000000,10266.000000,0.000000,53.491853,66.744754,0.139499,-0.343848,0.000000,0.000000,LoadingResponse,1.000000,0.000000,0.000000,ambiguous_stair,
1372,2026-05-14 23:09:15,68.600000,2026-5-14_stair2_left.csv,stair2,0.000000,0.000000,3415.000000,1463.000000,0.000000,0.000000,0.000000,0.000000,3078.000000,1450.000000,0.000000,0.000000,0.000000,0.000000,496.000000,364.000000,0.000000,0.000000,10266.000000,4878.000000,4528.000000,860.000000,10266.000000,0.000000,53.491853,66.744754,0.139499,-0.343848,0.000000,0.000000,LoadingResponse,1.000000,0.000000,0.000000,ambiguous_stair,
1373,2026-05-14 23:09:15,68.650000,2026-5-14_stair2_left.csv,stair2,0.000000,0.000000,3415.000000,1463.000000,0.000000,0.000000,0.000000,0.000000,3078.000000,1450.000000,0.000000,0.000000,0.000000,0.000000,496.000000,364.000000,0.000000,0.000000,10266.000000,4878.000000,4528.000000,860.000000,10266.000000,0.000000,53.491853,66.744754,0.139499,-0.343848,0.000000,0.000000,LoadingResponse,1.000000,0.000000,0.000000,ambiguous_stair,
1374,2026-05-14 23:09:15,68.700000,2026-5-14_stair2_left.csv,stair2,0.000000,0.000000,3415.000000,1463.000000,0.000000,0.000000,0.000000,0.000000,3078.000000,1450.000000,0.000000,0.000000,0.000000,0.000000,496.000000,364.000000,0.000000,0.000000,10266.000000,4878.000000,4528.000000,860.000000,10266.000000,0.000000,53.491853,66.744754,0.139499,-0.343848,0.000000,0.000000,LoadingResponse,1.000000,0.000000,0.000000,ambiguous_stair,
1375,2026-05-14 23:09:15,68.750000,2026-5-14_stair2_left.csv,stair2,0.000000,0.000000,3415.000000,1463.000000,0.000000,0.000000,0.000000,0.000000,3078.000000,1450.000000,0.000000,0.000000,0.000000,0.000000,496.000000,364.000000,0.000000,0.000000,10266.000000,4878.000000,4528.000000,860.000000,10266.000000,0.000000,53.491853,66.744754,0.139499,-0.343848,0.000000,0.000000,LoadingResponse,1.000000,0.000000,0.000000,ambiguous_stair,
1376,2026-05-14 23:09:15,68.800000,2026-5-14_stair2_left.csv,stair2,0.000000,0.000000,3415.000000,1463.000000,0.000000,0.000000,0.000000,0.000000,3078.000000,1450.000000,0.000000,0.000000,0.000000,0.000000,496.000000,364.000000,0.000000,0.000000,10266.000000,4878.000000,4528.000000,860.000000,10266.000000,0.000000,53.491853,66.744754,0.139499,-0.343848,0.000000,0.000000,LoadingResponse,1.000000,0.000000,0.000000,ambiguous_stair,
1377,2026-05-14 23:09:16,68.850000,2026-5-14_stair2_left.csv,stair2,0.000000,0.000000,3415.000000,1463.000000,0.000000,0.000000,0.000000,0.000000,3078.000000,1450.000000,0.000000,0.000000,0.000000,0.000000,496.000000,364.000000,0.000000,0.000000,10266.000000,4878.000000,4528.000000,860.000000,10266.000000,0.000000,53.491853,66.744754,0.139499,-0.343848,0.000000,0.000000,LoadingResponse,1.000000,0.000000,0.000000,ambiguous_stair,
1378,2026-05-14 23:09:16,68.900000,2026-5-14_stair2_left.csv,stair2,0.000000,0.000000,3415.000000,1463.000000,0.000000,0.000000,0.000000,0.000000,3078.000000,1450.000000,0.000000,0.000000,0.000000,0.000000,496.000000,364.000000,0.000000,0.000000,10266.000000,4878.000000,4528.000000,860.000000,10266.000000,0.000000,53.491853,66.744754,0.139499,-0.343848,0.000000,0.000000,LoadingResponse,1.000000,0.000000,0.000000,ambiguous_stair,
1379,2026-05-14 23:09:16,68.950000,2026-5-14_stair2_left.csv,stair2,0.000000,0.000000,3415.000000,1463.000000,0.000000,0.000000,0.000000,0.000000,3078.000000,1450.000000,0.000000,0.000000,0.000000,0.000000,496.000000,364.000000,0.000000,0.000000,10266.000000,4878.000000,4528.000000,860.000000,10266.000000,0.000000,53.491853,66.744754,0.139499,-0.343848,0.000000,0.000000,LoadingResponse,1.000000,0.000000,0.000000,ambiguous_stair,
1380,2026-05-14 23:09:16,69.000000,2026-5-14_stair2_left.csv,stair2,0.000000,0.000000,3415.000000,1463.000000,0.000000,0.000000,0.000000,0.000000,3078.000000,1450.000000,0.000000,0.000000,0.000000,0.000000,496.000000,364.000000,0.000000,0.000000,10266.000000,4878.000000,4528.000000,860.000000,10266.000000,0.000000,53.491853,66.744754,0.139499,-0.343848,0.000000,0.000000,LoadingResponse,1.000000,0.000000,0.000000,ambiguous_stair,
1381,2026-05-14 23:09:16,69.050000,2026-5-14_stair2_left.csv,stair2,0.000000,0.000000,3415.000000,1463.000000,0.000000,0.000000,0.000000,0.000000,3078.000000,1450.000000,0.000000,0.000000,0.000000,0.000000,496.000000,364.000000,0.000000,0.000000,10266.000000,4878.000000,4528.000000,860.000000,10266.000000,0.000000,53.491853,66.744754,0.139499,-0.343848,0.000000,0.000000,LoadingResponse,1.000000,0.000000,0.000000,ambiguous_stair,
1382,2026-05-14 23:09:16,69.100000,2026-5-14_stair2_left.csv,stair2,0.000000,0.000000,3415.000000,1463.000000,0.000000,0.000000,0.000000,0.000000,3078.000000,1450.000000,0.000000,0.000000,0.000000,0.000000,496.000000,364.000000,0.000000,0.000000,10266.000000,4878.000000,4528.000000,860.000000,10266.000000,0.000000,53.491853,66.744754,0.139499,-0.343848,0.000000,0.000000,LoadingResponse,1.000000,0.000000,0.000000,ambiguous_stair,
1383,2026-05-14 23:09:16,69.150000,2026-5-14_stair2_left.csv,stair2,0.000000,0.000000,3415.000000,1463.000000,0.000000,0.000000,0.000000,0.000000,3078.000000,1450.000000,0.000000,0.000000,0.000000,0.000000,496.000000,364.000000,0.000000,0.000000,10266.000000,4878.000000,4528.000000,860.000000,10266.000000,0.000000,53.491853,66.744754,0.139499,-0.343848,0.000000,0.000000,LoadingResponse,1.000000,0.000000,0.000000,ambiguous_stair,
1384,2026-05-14 23:09:16,69.200000,2026-5-14_stair2_left.csv,stair2,0.000000,0.000000,3415.000000,1463.000000,0.000000,0.000000,0.000000,0.000000,3078.000000,1450.000000,0.000000,0.000000,0.000000,0.000000,496.000000,364.000000,0.000000,0.000000,10266.000000,4878.000000,4528.000000,860.000000,10266.000000,0.000000,53.491853,66.744754,0.139499,-0.343848,0.000000,0.000000,LoadingResponse,1.000000,0.000000,0.000000,ambiguous_stair,
1385,2026-05-14 23:09:16,69.250000,2026-5-14_stair2_left.csv,stair2,0.000000,0.000000,3415.000000,1463.000000,0.000000,0.000000,0.000000,0.000000,3078.000000,1450.000000,0.000000,0.000000,0.000000,0.000000,496.000000,364.000000,0.000000,0.000000,10266.000000,4878.000000,4528.000000,860.000000,10266.000000,0.000000,53.491853,66.744754,0.139499,-0.343848,0.000000,0.000000,LoadingResponse,1.000000,0.000000,0.000000,ambiguous_stair,
1386,2026-05-14 23:09:16,69.300000,2026-5-14_stair2_left.csv,stair2,0.000000,0.000000,3415.000000,1463.000000,0.000000,0.000000,0.000000,0.000000,3078.000000,1450.000000,0.000000,0.000000,0.000000,0.000000,496.000000,364.000000,0.000000,0.000000,10266.000000,4878.000000,4528.000000,860.000000,10266.000000,0.000000,53.491853,66.744754,0.139499,-0.343848,0.000000,0.000000,LoadingResponse,1.000000,0.000000,0.000000,ambiguous_stair,
1387,2026-05-14 23:09:16,69.350000,2026-5-14_stair2_left.csv,stair2,0.000000,0.000000,3415.000000,1463.000000,0.000000,0.000000,0.000000,0.000000,3078.000000,1450.000000,0.000000,0.000000,0.000000,0.000000,496.000000,364.000000,0.000000,0.000000,10266.000000,4878.000000,4528.000000,860.000000,10266.000000,0.000000,53.491853,66.744754,0.139499,-0.343848,0.000000,0.000000,LoadingResponse,1.000000,0.000000,0.000000,ambiguous_stair,
1388,2026-05-14 23:09:16,69.400000,2026-5-14_stair2_left.csv,stair2,0.000000,0.000000,3415.000000,1463.000000,0.000000,0.000000,0.000000,0.000000,3078.000000,1450.000000,0.000000,0.000000,0.000000,0.000000,496.000000,364.000000,0.000000,0.000000,10266.000000,4878.000000,4528.000000,860.000000,10266.000000,0.000000,53.491853,66.744754,0.139499,-0.343848,0.000000,0.000000,LoadingResponse,1.000000,0.000000,0.000000,ambiguous_stair,
1389,2026-05-14 23:09:16,69.450000,2026-5-14_stair2_left.csv,stair2,0.000000,0.000000,3415.000000,1463.000000,0.000000,0.000000,0.000000,0.000000,3078.000000,1450.000000,0.000000,0.000000,0.000000,0.000000,496.000000,364.000000,0.000000,0.000000,10266.000000,4878.000000,4528.000000,860.000000,10266.000000,0.000000,53.491853,66.744754,0.139499,-0.343848,0.000000,0.000000,LoadingResponse,1.000000,0.000000,0.000000,ambiguous_stair,
1390,2026-05-14 23:09:16,69.500000,2026-5-14_stair2_left.csv,stair2,0.000000,0.000000,3415.000000,1463.000000,0.000000,0.000000,0.000000,0.000000,3078.000000,1450.000000,0.000000,0.000000,0.000000,0.000000,496.000000,364.000000,0.000000,0.000000,10266.000000,4878.000000,4528.000000,860.000000,10266.000000,0.000000,53.491853,66.744754,0.139499,-0.343848,0.000000,0.000000,LoadingResponse,1.000000,0.000000,0.000000,ambiguous_stair,
1391,2026-05-14 23:09:16,69.550000,2026-5-14_stair2_left.csv,stair2,0.000000,0.000000,3415.000000,1463.000000,0.000000,0.000000,0.000000,0.000000,3078.000000,1450.000000,0.000000,0.000000,0.000000,0.000000,496.000000,364.000000,0.000000,0.000000,10266.000000,4878.000000,4528.000000,860.000000,10266.000000,0.000000,53.491853,66.744754,0.139499,-0.343848,0.000000,0.000000,LoadingResponse,1.000000,0.000000,0.000000,ambiguous_stair,
1392,2026-05-14 23:09:16,69.600000,2026-5-14_stair2_left.csv,stair2,0.000000,0.000000,3415.000000,1463.000000,0.000000,0.000000,0.000000,0.000000,3078.000000,1450.000000,0.000000,0.000000,0.000000,0.000000,496.000000,364.000000,0.000000,0.000000,10266.000000,4878.000000,4528.000000,860.000000,10266.000000,0.000000,53.491853,66.744754,0.139499,-0.343848,0.000000,0.000000,LoadingResponse,1.000000,0.000000,0.000000,ambiguous_stair,
1393,2026-05-14 23:09:16,69.650000,2026-5-14_stair2_left.csv,stair2,0.000000,0.000000,3415.000000,1463.000000,0.000000,0.000000,0.000000,0.000000,3078.000000,1450.000000,0.000000,0.000000,0.000000,0.000000,496.000000,364.000000,0.000000,0.000000,10266.000000,4878.000000,4528.000000,860.000000,10266.000000,0.000000,53.491853,66.744754,0.139499,-0.343848,0.000000,0.000000,LoadingResponse,1.000000,0.000000,0.000000,ambiguous_stair,
1394,2026-05-14 23:09:16,69.700000,2026-5-14_stair2_left.csv,stair2,0.000000,0.000000,3415.000000,1463.000000,0.000000,0.000000,0.000000,0.000000,3078.000000,1450.000000,0.000000,0.000000,0.000000,0.000000,496.000000,364.000000,0.000000,0.000000,10266.000000,4878.000000,4528.000000,860.000000,10266.000000,0.000000,53.491853,66.744754,0.139499,-0.343848,0.000000,0.000000,LoadingResponse,1.000000,0.000000,0.000000,ambiguous_stair,
1395,2026-05-14 23:09:16,69.750000,2026-5-14_stair2_left.csv,stair2,0.000000,0.000000,3415.000000,1463.000000,0.000000,0.000000,0.000000,0.000000,3078.000000,1450.000000,0.000000,0.000000,0.000000,0.000000,496.000000,364.000000,0.000000,0.000000,10266.000000,4878.000000,4528.000000,860.000000,10266.000000,0.000000,53.491853,66.744754,0.139499,-0.343848,0.000000,0.000000,LoadingResponse,1.000000,0.000000,0.000000,ambiguous_stair,
1396,2026-05-14 23:09:16,69.800000,2026-5-14_stair2_left.csv,stair2,0.000000,0.000000,3415.000000,1463.000000,0.000000,0.000000,0.000000,0.000000,3078.000000,1450.000000,0.000000,0.000000,0.000000,0.000000,496.000000,364.000000,0.000000,0.000000,10266.000000,4878.000000,4528.000000,860.000000,10266.000000,0.000000,53.491853,66.744754,0.139499,-0.343848,0.000000,0.000000,LoadingResponse,1.000000,0.000000,0.000000,ambiguous_stair,
1397,2026-05-14 23:09:17,69.850000,2026-5-14_stair2_left.csv,stair2,0.000000,0.000000,3415.000000,1463.000000,0.000000,0.000000,0.000000,0.000000,3078.000000,1450.000000,0.000000,0.000000,0.000000,0.000000,496.000000,364.000000,0.000000,0.000000,10266.000000,4878.000000,4528.000000,860.000000,10266.000000,0.000000,53.491853,66.744754,0.139499,-0.343848,0.000000,0.000000,LoadingResponse,1.000000,0.000000,0.000000,ambiguous_stair,
1398,2026-05-14 23:09:17,69.900000,2026-5-14_stair2_left.csv,stair2,0.000000,0.000000,3415.000000,1463.000000,0.000000,0.000000,0.000000,0.000000,3078.000000,1450.000000,0.000000,0.000000,0.000000,0.000000,496.000000,364.000000,0.000000,0.000000,10266.000000,4878.000000,4528.000000,860.000000,10266.000000,0.000000,53.491853,66.744754,0.139499,-0.343848,0.000000,0.000000,LoadingResponse,1.000000,0.000000,0.000000,ambiguous_stair,
1399,2026-05-14 23:09:17,69.950000,2026-5-14_stair2_left.csv,stair2,0.000000,0.000000,3415.000000,1463.000000,0.000000,0.000000,0.000000,0.000000,3078.000000,1450.000000,0.000000,0.000000,0.000000,0.000000,496.000000,364.000000,0.000000,0.000000,10266.000000,4878.000000,4528.000000,860.000000,10266.000000,0.000000,53.491853,66.744754,0.139499,-0.343848,0.000000,0.000000,LoadingResponse,1.000000,0.000000,0.000000,ambiguous_stair,
1400,2026-05-14 23:09:17,70.000000,2026-5-14_stair2_left.csv,stair2,0.000000,0.000000,3415.000000,1463.000000,0.000000,0.000000,0.000000,0.000000,3078.000000,1450.000000,0.000000,0.000000,0.000000,0.000000,496.000000,364.000000,0.000000,0.000000,10266.000000,4878.000000,4528.000000,860.000000,10266.000000,0.000000,53.491853,66.744754,0.139499,-0.343848,0.000000,0.000000,LoadingResponse,1.000000,0.000000,0.000000,ambiguous_stair,
1401,2026-05-14 23:09:17,70.050000,2026-5-14_stair2_left.csv,stair2,0.000000,0.000000,3415.000000,1463.000000,0.000000,0.000000,0.000000,0.000000,3078.000000,1450.000000,0.000000,0.000000,0.000000,0.000000,496.000000,364.000000,0.000000,0.000000,10266.000000,4878.000000,4528.000000,860.000000,10266.000000,0.000000,53.491853,66.744754,0.139499,-0.343848,0.000000,0.000000,LoadingResponse,1.000000,0.000000,0.000000,ambiguous_stair,
1402,2026-05-14 23:09:17,70.100000,2026-5-14_stair2_left.csv,stair2,0.000000,0.000000,3415.000000,1463.000000,0.000000,0.000000,0.000000,0.000000,3078.000000,1450.000000,0.000000,0.000000,0.000000,0.000000,496.000000,364.000000,0.000000,0.000000,10266.000000,4878.000000,4528.000000,860.000000,10266.000000,0.000000,53.491853,66.744754,0.139499,-0.343848,0.000000,0.000000,LoadingResponse,1.000000,0.000000,0.000000,ambiguous_stair,
1403,2026-05-14 23:09:17,70.150000,2026-5-14_stair2_left.csv,stair2,0.000000,0.000000,3415.000000,1463.000000,0.000000,0.000000,0.000000,0.000000,3078.000000,1450.000000,0.000000,0.000000,0.000000,0.000000,496.000000,364.000000,0.000000,0.000000,10266.000000,4878.000000,4528.000000,860.000000,10266.000000,0.000000,53.491853,66.744754,0.139499,-0.343848,0.000000,0.000000,LoadingResponse,1.000000,0.000000,0.000000,ambiguous_stair,
1404,2026-05-14 23:09:17,70.200000,2026-5-14_stair2_left.csv,stair2,0.000000,0.000000,3415.000000,1463.000000,0.000000,0.000000,0.000000,0.000000,3078.000000,1450.000000,0.000000,0.000000,0.000000,0.000000,496.000000,364.000000,0.000000,0.000000,10266.000000,4878.000000,4528.000000,860.000000,10266.000000,0.000000,53.491853,66.744754,0.139499,-0.343848,0.000000,0.000000,LoadingResponse,1.000000,0.000000,0.000000,ambiguous_stair,
1405,2026-05-14 23:09:17,70.250000,2026-5-14_stair2_left.csv,stair2,0.000000,0.000000,3415.000000,1463.000000,0.000000,0.000000,0.000000,0.000000,3078.000000,1450.000000,0.000000,0.000000,0.000000,0.000000,496.000000,364.000000,0.000000,0.000000,10266.000000,4878.000000,4528.000000,860.000000,10266.000000,0.000000,53.491853,66.744754,0.139499,-0.343848,0.000000,0.000000,LoadingResponse,1.000000,0.000000,0.000000,ambiguous_stair,
1406,2026-05-14 23:09:17,70.300000,2026-5-14_stair2_left.csv,stair2,0.000000,0.000000,3415.000000,1463.000000,0.000000,0.000000,0.000000,0.000000,3078.000000,1450.000000,0.000000,0.000000,0.000000,0.000000,496.000000,364.000000,0.000000,0.000000,10266.000000,4878.000000,4528.000000,860.000000,10266.000000,0.000000,53.491853,66.744754,0.139499,-0.343848,0.000000,0.000000,LoadingResponse,1.000000,0.000000,0.000000,ambiguous_stair,
1407,2026-05-14 23:09:17,70.350000,2026-5-14_stair2_left.csv,stair2,0.000000,0.000000,3415.000000,1463.000000,0.000000,0.000000,0.000000,0.000000,3078.000000,1450.000000,0.000000,0.000000,0.000000,0.000000,496.000000,364.000000,0.000000,0.000000,10266.000000,4878.000000,4528.000000,860.000000,10266.000000,0.000000,53.491853,66.744754,0.139499,-0.343848,0.000000,0.000000,LoadingResponse,1.000000,0.000000,0.000000,ambiguous_stair,
1408,2026-05-14 23:09:17,70.400000,2026-5-14_stair2_left.csv,stair2,0.000000,0.000000,3415.000000,1463.000000,0.000000,0.000000,0.000000,0.000000,3078.000000,1450.000000,0.000000,0.000000,0.000000,0.000000,496.000000,364.000000,0.000000,0.000000,10266.000000,4878.000000,4528.000000,860.000000,10266.000000,0.000000,53.491853,66.744754,0.139499,-0.343848,0.000000,0.000000,LoadingResponse,1.000000,0.000000,0.000000,ambiguous_stair,
1409,2026-05-14 23:09:17,70.450000,2026-5-14_stair2_left.csv,stair2,0.000000,0.000000,3415.000000,1463.000000,0.000000,0.000000,0.000000,0.000000,3078.000000,1450.000000,0.000000,0.000000,0.000000,0.000000,496.000000,364.000000,0.000000,0.000000,10266.000000,4878.000000,4528.000000,860.000000,10266.000000,0.000000,53.491853,66.744754,0.139499,-0.343848,0.000000,0.000000,LoadingResponse,1.000000,0.000000,0.000000,ambiguous_stair,
1410,2026-05-14 23:09:17,70.500000,2026-5-14_stair2_left.csv,stair2,0.000000,0.000000,3415.000000,1463.000000,0.000000,0.000000,0.000000,0.000000,3078.000000,1450.000000,0.000000,0.000000,0.000000,0.000000,496.000000,364.000000,0.000000,0.000000,10266.000000,4878.000000,4528.000000,860.000000,10266.000000,0.000000,53.491853,66.744754,0.139499,-0.343848,0.000000,0.000000,LoadingResponse,1.000000,0.000000,0.000000,ambiguous_stair,
1411,2026-05-14 23:09:17,70.550000,2026-5-14_stair2_left.csv,stair2,0.000000,0.000000,3415.000000,1463.000000,0.000000,0.000000,0.000000,0.000000,3078.000000,1450.000000,0.000000,0.000000,0.000000,0.000000,496.000000,364.000000,0.000000,0.000000,10266.000000,4878.000000,4528.000000,860.000000,10266.000000,0.000000,53.491853,66.744754,0.139499,-0.343848,0.000000,0.000000,LoadingResponse,1.000000,0.000000,0.000000,ambiguous_stair,
1412,2026-05-14 23:09:17,70.600000,2026-5-14_stair2_left.csv,stair2,0.000000,0.000000,3415.000000,1463.000000,0.000000,0.000000,0.000000,0.000000,3078.000000,1450.000000,0.000000,0.000000,0.000000,0.000000,496.000000,364.000000,0.000000,0.000000,10266.000000,4878.000000,4528.000000,860.000000,10266.000000,0.000000,53.491853,66.744754,0.139499,-0.343848,0.000000,0.000000,LoadingResponse,1.000000,0.000000,0.000000,ambiguous_stair,
1413,2026-05-14 23:09:17,70.650000,2026-5-14_stair2_left.csv,stair2,0.000000,0.000000,3415.000000,1463.000000,0.000000,0.000000,0.000000,0.000000,3078.000000,1450.000000,0.000000,0.000000,0.000000,0.000000,496.000000,364.000000,0.000000,0.000000,10266.000000,4878.000000,4528.000000,860.000000,10266.000000,0.000000,53.491853,66.744754,0.139499,-0.343848,0.000000,0.000000,LoadingResponse,1.000000,0.000000,0.000000,ambiguous_stair,
1414,2026-05-14 23:09:17,70.700000,2026-5-14_stair2_left.csv,stair2,0.000000,0.000000,3415.000000,1463.000000,0.000000,0.000000,0.000000,0.000000,3078.000000,1450.000000,0.000000,0.000000,0.000000,0.000000,496.000000,364.000000,0.000000,0.000000,10266.000000,4878.000000,4528.000000,860.000000,10266.000000,0.000000,53.491853,66.744754,0.139499,-0.343848,0.000000,0.000000,LoadingResponse,1.000000,0.000000,0.000000,ambiguous_stair,
1415,2026-05-14 23:09:17,70.750000,2026-5-14_stair2_left.csv,stair2,0.000000,0.000000,3415.000000,1463.000000,0.000000,0.000000,0.000000,0.000000,3078.000000,1450.000000,0.000000,0.000000,0.000000,0.000000,496.000000,364.000000,0.000000,0.000000,10266.000000,4878.000000,4528.000000,860.000000,10266.000000,0.000000,53.491853,66.744754,0.139499,-0.343848,0.000000,0.000000,LoadingResponse,1.000000,0.000000,0.000000,ambiguous_stair,
1416,2026-05-14 23:09:17,70.800000,2026-5-14_stair2_left.csv,stair2,0.000000,0.000000,3415.000000,1463.000000,0.000000,0.000000,0.000000,0.000000,3078.000000,1450.000000,0.000000,0.000000,0.000000,0.000000,496.000000,364.000000,0.000000,0.000000,10266.000000,4878.000000,4528.000000,860.000000,10266.000000,0.000000,53.491853,66.744754,0.139499,-0.343848,0.000000,0.000000,LoadingResponse,1.000000,0.000000,0.000000,ambiguous_stair,
1417,2026-05-14 23:09:18,70.850000,2026-5-14_stair2_left.csv,stair2,0.000000,0.000000,3415.000000,1463.000000,0.000000,0.000000,0.000000,0.000000,3078.000000,1450.000000,0.000000,0.000000,0.000000,0.000000,496.000000,364.000000,0.000000,0.000000,10266.000000,4878.000000,4528.000000,860.000000,10266.000000,0.000000,53.491853,66.744754,0.139499,-0.343848,0.000000,0.000000,LoadingResponse,1.000000,0.000000,0.000000,ambiguous_stair,
1418,2026-05-14 23:09:18,70.900000,2026-5-14_stair2_left.csv,stair2,0.000000,0.000000,3415.000000,1463.000000,0.000000,0.000000,0.000000,0.000000,3078.000000,1450.000000,0.000000,0.000000,0.000000,0.000000,496.000000,364.000000,0.000000,0.000000,10266.000000,4878.000000,4528.000000,860.000000,10266.000000,0.000000,53.491853,66.744754,0.139499,-0.343848,0.000000,0.000000,LoadingResponse,1.000000,0.000000,0.000000,ambiguous_stair,
1419,2026-05-14 23:09:18,70.950000,2026-5-14_stair2_left.csv,stair2,0.000000,0.000000,3415.000000,1463.000000,0.000000,0.000000,0.000000,0.000000,3078.000000,1450.000000,0.000000,0.000000,0.000000,0.000000,496.000000,364.000000,0.000000,0.000000,10266.000000,4878.000000,4528.000000,860.000000,10266.000000,0.000000,53.491853,66.744754,0.139499,-0.343848,0.000000,0.000000,LoadingResponse,1.000000,0.000000,0.000000,ambiguous_stair,
1420,2026-05-14 23:09:18,71.000000,2026-5-14_stair2_left.csv,stair2,0.000000,0.000000,3415.000000,1463.000000,0.000000,0.000000,0.000000,0.000000,3078.000000,1450.000000,0.000000,0.000000,0.000000,0.000000,496.000000,364.000000,0.000000,0.000000,10266.000000,4878.000000,4528.000000,860.000000,10266.000000,0.000000,53.491853,66.744754,0.139499,-0.343848,0.000000,0.000000,LoadingResponse,1.000000,0.000000,0.000000,ambiguous_stair,
1421,2026-05-14 23:09:18,71.050000,2026-5-14_stair2_left.csv,stair2,0.000000,0.000000,3415.000000,1463.000000,0.000000,0.000000,0.000000,0.000000,3078.000000,1450.000000,0.000000,0.000000,0.000000,0.000000,496.000000,364.000000,0.000000,0.000000,10266.000000,4878.000000,4528.000000,860.000000,10266.000000,0.000000,53.491853,66.744754,0.139499,-0.343848,0.000000,0.000000,LoadingResponse,1.000000,0.000000,0.000000,ambiguous_stair,
1422,2026-05-14 23:09:18,71.100000,2026-5-14_stair2_left.csv,stair2,0.000000,0.000000,3415.000000,1463.000000,0.000000,0.000000,0.000000,0.000000,3078.000000,1450.000000,0.000000,0.000000,0.000000,0.000000,496.000000,364.000000,0.000000,0.000000,10266.000000,4878.000000,4528.000000,860.000000,10266.000000,0.000000,53.491853,66.744754,0.139499,-0.343848,0.000000,0.000000,LoadingResponse,1.000000,0.000000,0.000000,ambiguous_stair,
1423,2026-05-14 23:09:18,71.150000,2026-5-14_stair2_left.csv,stair2,0.000000,0.000000,3415.000000,1463.000000,0.000000,0.000000,0.000000,0.000000,3078.000000,1450.000000,0.000000,0.000000,0.000000,0.000000,496.000000,364.000000,0.000000,0.000000,10266.000000,4878.000000,4528.000000,860.000000,10266.000000,0.000000,53.491853,66.744754,0.139499,-0.343848,0.000000,0.000000,LoadingResponse,1.000000,0.000000,0.000000,ambiguous_stair,
1424,2026-05-14 23:09:18,71.200000,2026-5-14_stair2_left.csv,stair2,0.000000,0.000000,3415.000000,1463.000000,0.000000,0.000000,0.000000,0.000000,3078.000000,1450.000000,0.000000,0.000000,0.000000,0.000000,496.000000,364.000000,0.000000,0.000000,10266.000000,4878.000000,4528.000000,860.000000,10266.000000,0.000000,53.491853,66.744754,0.139499,-0.343848,0.000000,0.000000,LoadingResponse,1.000000,0.000000,0.000000,ambiguous_stair,
1425,2026-05-14 23:09:18,71.250000,2026-5-14_stair2_left.csv,stair2,0.000000,0.000000,3415.000000,1463.000000,0.000000,0.000000,0.000000,0.000000,3078.000000,1450.000000,0.000000,0.000000,0.000000,0.000000,496.000000,364.000000,0.000000,0.000000,10266.000000,4878.000000,4528.000000,860.000000,10266.000000,0.000000,53.491853,66.744754,0.139499,-0.343848,0.000000,0.000000,LoadingResponse,1.000000,0.000000,0.000000,ambiguous_stair,
1426,2026-05-14 23:09:18,71.300000,2026-5-14_stair2_left.csv,stair2,0.000000,0.000000,3415.000000,1463.000000,0.000000,0.000000,0.000000,0.000000,3078.000000,1450.000000,0.000000,0.000000,0.000000,0.000000,496.000000,364.000000,0.000000,0.000000,10266.000000,4878.000000,4528.000000,860.000000,10266.000000,0.000000,53.491853,66.744754,0.139499,-0.343848,0.000000,0.000000,LoadingResponse,1.000000,0.000000,0.000000,ambiguous_stair,
1427,2026-05-14 23:09:18,71.350000,2026-5-14_stair2_left.csv,stair2,0.000000,0.000000,3415.000000,1463.000000,0.000000,0.000000,0.000000,0.000000,3078.000000,1450.000000,0.000000,0.000000,0.000000,0.000000,496.000000,364.000000,0.000000,0.000000,10266.000000,4878.000000,4528.000000,860.000000,10266.000000,0.000000,53.491853,66.744754,0.139499,-0.343848,0.000000,0.000000,LoadingResponse,1.000000,0.000000,0.000000,ambiguous_stair,
1428,2026-05-14 23:09:18,71.400000,2026-5-14_stair2_left.csv,stair2,0.000000,0.000000,3415.000000,1463.000000,0.000000,0.000000,0.000000,0.000000,3078.000000,1450.000000,0.000000,0.000000,0.000000,0.000000,496.000000,364.000000,0.000000,0.000000,10266.000000,4878.000000,4528.000000,860.000000,10266.000000,0.000000,53.491853,66.744754,0.139499,-0.343848,0.000000,0.000000,LoadingResponse,1.000000,0.000000,0.000000,ambiguous_stair,
1429,2026-05-14 23:09:18,71.450000,2026-5-14_stair2_left.csv,stair2,0.000000,0.000000,3415.000000,1463.000000,0.000000,0.000000,0.000000,0.000000,3078.000000,1450.000000,0.000000,0.000000,0.000000,0.000000,496.000000,364.000000,0.000000,0.000000,10266.000000,4878.000000,4528.000000,860.000000,10266.000000,0.000000,53.491853,66.744754,0.139499,-0.343848,0.000000,0.000000,LoadingResponse,1.000000,0.000000,0.000000,ambiguous_stair,
1430,2026-05-14 23:09:18,71.500000,2026-5-14_stair2_left.csv,stair2,0.000000,0.000000,3415.000000,1463.000000,0.000000,0.000000,0.000000,0.000000,3078.000000,1450.000000,0.000000,0.000000,0.000000,0.000000,496.000000,364.000000,0.000000,0.000000,10266.000000,4878.000000,4528.000000,860.000000,10266.000000,0.000000,53.491853,66.744754,0.139499,-0.343848,0.000000,0.000000,LoadingResponse,1.000000,0.000000,0.000000,ambiguous_stair,
1431,2026-05-14 23:09:18,71.550000,2026-5-14_stair2_left.csv,stair2,0.000000,0.000000,3415.000000,1463.000000,0.000000,0.000000,0.000000,0.000000,3078.000000,1450.000000,0.000000,0.000000,0.000000,0.000000,496.000000,364.000000,0.000000,0.000000,10266.000000,4878.000000,4528.000000,860.000000,10266.000000,0.000000,53.491853,66.744754,0.139499,-0.343848,0.000000,0.000000,LoadingResponse,1.000000,0.000000,0.000000,ambiguous_stair,
1432,2026-05-14 23:09:18,71.600000,2026-5-14_stair2_left.csv,stair2,0.000000,0.000000,3415.000000,1463.000000,0.000000,0.000000,0.000000,0.000000,3078.000000,1450.000000,0.000000,0.000000,0.000000,0.000000,496.000000,364.000000,0.000000,0.000000,10266.000000,4878.000000,4528.000000,860.000000,10266.000000,0.000000,53.491853,66.744754,0.139499,-0.343848,0.000000,0.000000,LoadingResponse,1.000000,0.000000,0.000000,ambiguous_stair,
1433,2026-05-14 23:09:18,71.650000,2026-5-14_stair2_left.csv,stair2,0.000000,0.000000,3415.000000,1463.000000,0.000000,0.000000,0.000000,0.000000,3078.000000,1450.000000,0.000000,0.000000,0.000000,0.000000,496.000000,364.000000,0.000000,0.000000,10266.000000,4878.000000,4528.000000,860.000000,10266.000000,0.000000,53.491853,66.744754,0.139499,-0.343848,0.000000,0.000000,LoadingResponse,1.000000,0.000000,0.000000,ambiguous_stair,
1434,2026-05-14 23:09:18,71.700000,2026-5-14_stair2_left.csv,stair2,0.000000,0.000000,3415.000000,1463.000000,0.000000,0.000000,0.000000,0.000000,3078.000000,1450.000000,0.000000,0.000000,0.000000,0.000000,496.000000,364.000000,0.000000,0.000000,10266.000000,4878.000000,4528.000000,860.000000,10266.000000,0.000000,53.491853,66.744754,0.139499,-0.343848,0.000000,0.000000,LoadingResponse,1.000000,0.000000,0.000000,ambiguous_stair,
1435,2026-05-14 23:09:18,71.750000,2026-5-14_stair2_left.csv,stair2,0.000000,0.000000,3415.000000,1463.000000,0.000000,0.000000,0.000000,0.000000,3078.000000,1450.000000,0.000000,0.000000,0.000000,0.000000,496.000000,364.000000,0.000000,0.000000,10266.000000,4878.000000,4528.000000,860.000000,10266.000000,0.000000,53.491853,66.744754,0.139499,-0.343848,0.000000,0.000000,LoadingResponse,1.000000,0.000000,0.000000,ambiguous_stair,
1436,2026-05-14 23:09:18,71.800000,2026-5-14_stair2_left.csv,stair2,0.000000,0.000000,3415.000000,1463.000000,0.000000,0.000000,0.000000,0.000000,3078.000000,1450.000000,0.000000,0.000000,0.000000,0.000000,496.000000,364.000000,0.000000,0.000000,10266.000000,4878.000000,4528.000000,860.000000,10266.000000,0.000000,53.491853,66.744754,0.139499,-0.343848,0.000000,0.000000,LoadingResponse,1.000000,0.000000,0.000000,ambiguous_stair,
1437,2026-05-14 23:09:19,71.850000,2026-5-14_stair2_left.csv,stair2,0.000000,0.000000,3415.000000,1463.000000,0.000000,0.000000,0.000000,0.000000,3078.000000,1450.000000,0.000000,0.000000,0.000000,0.000000,496.000000,364.000000,0.000000,0.000000,10266.000000,4878.000000,4528.000000,860.000000,10266.000000,0.000000,53.491853,66.744754,0.139499,-0.343848,0.000000,0.000000,LoadingResponse,1.000000,0.000000,0.000000,ambiguous_stair,
1438,2026-05-14 23:09:19,71.900000,2026-5-14_stair2_left.csv,stair2,0.000000,0.000000,3415.000000,1463.000000,0.000000,0.000000,0.000000,0.000000,3078.000000,1450.000000,0.000000,0.000000,0.000000,0.000000,496.000000,364.000000,0.000000,0.000000,10266.000000,4878.000000,4528.000000,860.000000,10266.000000,0.000000,53.491853,66.744754,0.139499,-0.343848,0.000000,0.000000,LoadingResponse,1.000000,0.000000,0.000000,ambiguous_stair,
1439,2026-05-14 23:09:19,71.950000,2026-5-14_stair2_left.csv,stair2,0.000000,0.000000,3415.000000,1463.000000,0.000000,0.000000,0.000000,0.000000,3078.000000,1450.000000,0.000000,0.000000,0.000000,0.000000,496.000000,364.000000,0.000000,0.000000,10266.000000,4878.000000,4528.000000,860.000000,10266.000000,0.000000,53.491853,66.744754,0.139499,-0.343848,0.000000,0.000000,LoadingResponse,1.000000,0.000000,0.000000,ambiguous_stair,
1440,2026-05-14 23:09:19,72.000000,2026-5-14_stair2_left.csv,stair2,0.000000,0.000000,3415.000000,1463.000000,0.000000,0.000000,0.000000,0.000000,3078.000000,1450.000000,0.000000,0.000000,0.000000,0.000000,496.000000,364.000000,0.000000,0.000000,10266.000000,4878.000000,4528.000000,860.000000,10266.000000,0.000000,53.491853,66.744754,0.139499,-0.343848,0.000000,0.000000,LoadingResponse,1.000000,0.000000,0.000000,ambiguous_stair,
1441,2026-05-14 23:09:19,72.050000,2026-5-14_stair2_left.csv,stair2,0.000000,0.000000,3415.000000,1463.000000,0.000000,0.000000,0.000000,0.000000,3078.000000,1450.000000,0.000000,0.000000,0.000000,0.000000,496.000000,364.000000,0.000000,0.000000,10266.000000,4878.000000,4528.000000,860.000000,10266.000000,0.000000,53.491853,66.744754,0.139499,-0.343848,0.000000,0.000000,LoadingResponse,1.000000,0.000000,0.000000,ambiguous_stair,
1442,2026-05-14 23:09:19,72.100000,2026-5-14_stair2_left.csv,stair2,0.000000,0.000000,3415.000000,1463.000000,0.000000,0.000000,0.000000,0.000000,3078.000000,1450.000000,0.000000,0.000000,0.000000,0.000000,496.000000,364.000000,0.000000,0.000000,10266.000000,4878.000000,4528.000000,860.000000,10266.000000,0.000000,53.491853,66.744754,0.139499,-0.343848,0.000000,0.000000,LoadingResponse,1.000000,0.000000,0.000000,ambiguous_stair,
1443,2026-05-14 23:09:19,72.150000,2026-5-14_stair2_left.csv,stair2,0.000000,0.000000,3415.000000,1463.000000,0.000000,0.000000,0.000000,0.000000,3078.000000,1450.000000,0.000000,0.000000,0.000000,0.000000,496.000000,364.000000,0.000000,0.000000,10266.000000,4878.000000,4528.000000,860.000000,10266.000000,0.000000,53.491853,66.744754,0.139499,-0.343848,0.000000,0.000000,LoadingResponse,1.000000,0.000000,0.000000,ambiguous_stair,
1444,2026-05-14 23:09:19,72.200000,2026-5-14_stair2_left.csv,stair2,0.000000,0.000000,3415.000000,1463.000000,0.000000,0.000000,0.000000,0.000000,3078.000000,1450.000000,0.000000,0.000000,0.000000,0.000000,496.000000,364.000000,0.000000,0.000000,10266.000000,4878.000000,4528.000000,860.000000,10266.000000,0.000000,53.491853,66.744754,0.139499,-0.343848,0.000000,0.000000,LoadingResponse,1.000000,0.000000,0.000000,ambiguous_stair,
1445,2026-05-14 23:09:19,72.250000,2026-5-14_stair2_left.csv,stair2,0.000000,0.000000,3415.000000,1463.000000,0.000000,0.000000,0.000000,0.000000,3078.000000,1450.000000,0.000000,0.000000,0.000000,0.000000,496.000000,364.000000,0.000000,0.000000,10266.000000,4878.000000,4528.000000,860.000000,10266.000000,0.000000,53.491853,66.744754,0.139499,-0.343848,0.000000,0.000000,LoadingResponse,1.000000,0.000000,0.000000,ambiguous_stair,
1446,2026-05-14 23:09:19,72.300000,2026-5-14_stair2_left.csv,stair2,0.000000,0.000000,3415.000000,1463.000000,0.000000,0.000000,0.000000,0.000000,3078.000000,1450.000000,0.000000,0.000000,0.000000,0.000000,496.000000,364.000000,0.000000,0.000000,10266.000000,4878.000000,4528.000000,860.000000,10266.000000,0.000000,53.491853,66.744754,0.139499,-0.343848,0.000000,0.000000,LoadingResponse,1.000000,0.000000,0.000000,ambiguous_stair,
1447,2026-05-14 23:09:19,72.350000,2026-5-14_stair2_left.csv,stair2,0.000000,0.000000,3415.000000,1463.000000,0.000000,0.000000,0.000000,0.000000,3078.000000,1450.000000,0.000000,0.000000,0.000000,0.000000,496.000000,364.000000,0.000000,0.000000,10266.000000,4878.000000,4528.000000,860.000000,10266.000000,0.000000,53.491853,66.744754,0.139499,-0.343848,0.000000,0.000000,LoadingResponse,1.000000,0.000000,0.000000,ambiguous_stair,
1448,2026-05-14 23:09:19,72.400000,2026-5-14_stair2_left.csv,stair2,0.000000,0.000000,3415.000000,1463.000000,0.000000,0.000000,0.000000,0.000000,3078.000000,1450.000000,0.000000,0.000000,0.000000,0.000000,496.000000,364.000000,0.000000,0.000000,10266.000000,4878.000000,4528.000000,860.000000,10266.000000,0.000000,53.491853,66.744754,0.139499,-0.343848,0.000000,0.000000,LoadingResponse,1.000000,0.000000,0.000000,ambiguous_stair,
1449,2026-05-14 23:09:19,72.450000,2026-5-14_stair2_left.csv,stair2,0.000000,0.000000,3415.000000,1463.000000,0.000000,0.000000,0.000000,0.000000,3078.000000,1450.000000,0.000000,0.000000,0.000000,0.000000,496.000000,364.000000,0.000000,0.000000,10266.000000,4878.000000,4528.000000,860.000000,10266.000000,0.000000,53.491853,66.744754,0.139499,-0.343848,0.000000,0.000000,LoadingResponse,1.000000,0.000000,0.000000,ambiguous_stair,
1450,2026-05-14 23:09:19,72.500000,2026-5-14_stair2_left.csv,stair2,0.000000,0.000000,3415.000000,1463.000000,0.000000,0.000000,0.000000,0.000000,3078.000000,1450.000000,0.000000,0.000000,0.000000,0.000000,496.000000,364.000000,0.000000,0.000000,10266.000000,4878.000000,4528.000000,860.000000,10266.000000,0.000000,53.491853,66.744754,0.139499,-0.343848,0.000000,0.000000,LoadingResponse,1.000000,0.000000,0.000000,ambiguous_stair,
1451,2026-05-14 23:09:19,72.550000,2026-5-14_stair2_left.csv,stair2,0.000000,0.000000,3415.000000,1463.000000,0.000000,0.000000,0.000000,0.000000,3078.000000,1450.000000,0.000000,0.000000,0.000000,0.000000,496.000000,364.000000,0.000000,0.000000,10266.000000,4878.000000,4528.000000,860.000000,10266.000000,0.000000,53.491853,66.744754,0.139499,-0.343848,0.000000,0.000000,LoadingResponse,1.000000,0.000000,0.000000,ambiguous_stair,
1452,2026-05-14 23:09:19,72.600000,2026-5-14_stair2_left.csv,stair2,0.000000,0.000000,3415.000000,1463.000000,0.000000,0.000000,0.000000,0.000000,3078.000000,1450.000000,0.000000,0.000000,0.000000,0.000000,496.000000,364.000000,0.000000,0.000000,10266.000000,4878.000000,4528.000000,860.000000,10266.000000,0.000000,53.491853,66.744754,0.139499,-0.343848,0.000000,0.000000,LoadingResponse,1.000000,0.000000,0.000000,ambiguous_stair,
1453,2026-05-14 23:09:19,72.650000,2026-5-14_stair2_left.csv,stair2,0.000000,0.000000,3415.000000,1463.000000,0.000000,0.000000,0.000000,0.000000,3078.000000,1450.000000,0.000000,0.000000,0.000000,0.000000,496.000000,364.000000,0.000000,0.000000,10266.000000,4878.000000,4528.000000,860.000000,10266.000000,0.000000,53.491853,66.744754,0.139499,-0.343848,0.000000,0.000000,LoadingResponse,1.000000,0.000000,0.000000,ambiguous_stair,
1454,2026-05-14 23:09:19,72.700000,2026-5-14_stair2_left.csv,stair2,0.000000,0.000000,3415.000000,1463.000000,0.000000,0.000000,0.000000,0.000000,3078.000000,1450.000000,0.000000,0.000000,0.000000,0.000000,496.000000,364.000000,0.000000,0.000000,10266.000000,4878.000000,4528.000000,860.000000,10266.000000,0.000000,53.491853,66.744754,0.139499,-0.343848,0.000000,0.000000,LoadingResponse,1.000000,0.000000,0.000000,ambiguous_stair,
1455,2026-05-14 23:09:19,72.750000,2026-5-14_stair2_left.csv,stair2,0.000000,0.000000,3415.000000,1463.000000,0.000000,0.000000,0.000000,0.000000,3078.000000,1450.000000,0.000000,0.000000,0.000000,0.000000,496.000000,364.000000,0.000000,0.000000,10266.000000,4878.000000,4528.000000,860.000000,10266.000000,0.000000,53.491853,66.744754,0.139499,-0.343848,0.000000,0.000000,LoadingResponse,1.000000,0.000000,0.000000,ambiguous_stair,
1456,2026-05-14 23:09:19,72.800000,2026-5-14_stair2_left.csv,stair2,0.000000,0.000000,3415.000000,1463.000000,0.000000,0.000000,0.000000,0.000000,3078.000000,1450.000000,0.000000,0.000000,0.000000,0.000000,496.000000,364.000000,0.000000,0.000000,10266.000000,4878.000000,4528.000000,860.000000,10266.000000,0.000000,53.491853,66.744754,0.139499,-0.343848,0.000000,0.000000,LoadingResponse,1.000000,0.000000,0.000000,ambiguous_stair,
1457,2026-05-14 23:09:20,72.850000,2026-5-14_stair2_left.csv,stair2,0.000000,0.000000,3415.000000,1463.000000,0.000000,0.000000,0.000000,0.000000,3078.000000,1450.000000,0.000000,0.000000,0.000000,0.000000,496.000000,364.000000,0.000000,0.000000,10266.000000,4878.000000,4528.000000,860.000000,10266.000000,0.000000,53.491853,66.744754,0.139499,-0.343848,0.000000,0.000000,LoadingResponse,1.000000,0.000000,0.000000,ambiguous_stair,
1458,2026-05-14 23:09:20,72.900000,2026-5-14_stair2_left.csv,stair2,0.000000,0.000000,3415.000000,1463.000000,0.000000,0.000000,0.000000,0.000000,3078.000000,1450.000000,0.000000,0.000000,0.000000,0.000000,496.000000,364.000000,0.000000,0.000000,10266.000000,4878.000000,4528.000000,860.000000,10266.000000,0.000000,53.491853,66.744754,0.139499,-0.343848,0.000000,0.000000,LoadingResponse,1.000000,0.000000,0.000000,ambiguous_stair,
1459,2026-05-14 23:09:20,72.950000,2026-5-14_stair2_left.csv,stair2,0.000000,0.000000,3415.000000,1463.000000,0.000000,0.000000,0.000000,0.000000,3078.000000,1450.000000,0.000000,0.000000,0.000000,0.000000,496.000000,364.000000,0.000000,0.000000,10266.000000,4878.000000,4528.000000,860.000000,10266.000000,0.000000,53.491853,66.744754,0.139499,-0.343848,0.000000,0.000000,LoadingResponse,1.000000,0.000000,0.000000,ambiguous_stair,
1460,2026-05-14 23:09:20,73.000000,2026-5-14_stair2_left.csv,stair2,0.000000,0.000000,3415.000000,1463.000000,0.000000,0.000000,0.000000,0.000000,3078.000000,1450.000000,0.000000,0.000000,0.000000,0.000000,496.000000,364.000000,0.000000,0.000000,10266.000000,4878.000000,4528.000000,860.000000,10266.000000,0.000000,53.491853,66.744754,0.139499,-0.343848,0.000000,0.000000,LoadingResponse,1.000000,0.000000,0.000000,ambiguous_stair,
1461,2026-05-14 23:09:20,73.050000,2026-5-14_stair2_left.csv,stair2,0.000000,0.000000,3415.000000,1463.000000,0.000000,0.000000,0.000000,0.000000,3078.000000,1450.000000,0.000000,0.000000,0.000000,0.000000,496.000000,364.000000,0.000000,0.000000,10266.000000,4878.000000,4528.000000,860.000000,10266.000000,0.000000,53.491853,66.744754,0.139499,-0.343848,0.000000,0.000000,LoadingResponse,1.000000,0.000000,0.000000,ambiguous_stair,
1462,2026-05-14 23:09:20,73.100000,2026-5-14_stair2_left.csv,stair2,0.000000,0.000000,3415.000000,1463.000000,0.000000,0.000000,0.000000,0.000000,3078.000000,1450.000000,0.000000,0.000000,0.000000,0.000000,496.000000,364.000000,0.000000,0.000000,10266.000000,4878.000000,4528.000000,860.000000,10266.000000,0.000000,53.491853,66.744754,0.139499,-0.343848,0.000000,0.000000,LoadingResponse,1.000000,0.000000,0.000000,ambiguous_stair,
1463,2026-05-14 23:09:20,73.150000,2026-5-14_stair2_left.csv,stair2,0.000000,0.000000,3415.000000,1463.000000,0.000000,0.000000,0.000000,0.000000,3078.000000,1450.000000,0.000000,0.000000,0.000000,0.000000,496.000000,364.000000,0.000000,0.000000,10266.000000,4878.000000,4528.000000,860.000000,10266.000000,0.000000,53.491853,66.744754,0.139499,-0.343848,0.000000,0.000000,LoadingResponse,1.000000,0.000000,0.000000,ambiguous_stair,
1464,2026-05-14 23:09:20,73.200000,2026-5-14_stair2_left.csv,stair2,0.000000,0.000000,3415.000000,1463.000000,0.000000,0.000000,0.000000,0.000000,3078.000000,1450.000000,0.000000,0.000000,0.000000,0.000000,496.000000,364.000000,0.000000,0.000000,10266.000000,4878.000000,4528.000000,860.000000,10266.000000,0.000000,53.491853,66.744754,0.139499,-0.343848,0.000000,0.000000,LoadingResponse,1.000000,0.000000,0.000000,ambiguous_stair,
1465,2026-05-14 23:09:20,73.250000,2026-5-14_stair2_left.csv,stair2,0.000000,0.000000,3415.000000,1463.000000,0.000000,0.000000,0.000000,0.000000,3078.000000,1450.000000,0.000000,0.000000,0.000000,0.000000,496.000000,364.000000,0.000000,0.000000,10266.000000,4878.000000,4528.000000,860.000000,10266.000000,0.000000,53.491853,66.744754,0.139499,-0.343848,0.000000,0.000000,LoadingResponse,1.000000,0.000000,0.000000,ambiguous_stair,
1466,2026-05-14 23:09:20,73.300000,2026-5-14_stair2_left.csv,stair2,0.000000,0.000000,3415.000000,1463.000000,0.000000,0.000000,0.000000,0.000000,3078.000000,1450.000000,0.000000,0.000000,0.000000,0.000000,496.000000,364.000000,0.000000,0.000000,10266.000000,4878.000000,4528.000000,860.000000,10266.000000,0.000000,53.491853,66.744754,0.139499,-0.343848,0.000000,0.000000,LoadingResponse,1.000000,0.000000,0.000000,ambiguous_stair,
1467,2026-05-14 23:09:20,73.350000,2026-5-14_stair2_left.csv,stair2,0.000000,0.000000,3415.000000,1463.000000,0.000000,0.000000,0.000000,0.000000,3078.000000,1450.000000,0.000000,0.000000,0.000000,0.000000,496.000000,364.000000,0.000000,0.000000,10266.000000,4878.000000,4528.000000,860.000000,10266.000000,0.000000,53.491853,66.744754,0.139499,-0.343848,0.000000,0.000000,LoadingResponse,1.000000,0.000000,0.000000,ambiguous_stair,
1468,2026-05-14 23:09:20,73.400000,2026-5-14_stair2_left.csv,stair2,0.000000,0.000000,3415.000000,1463.000000,0.000000,0.000000,0.000000,0.000000,3078.000000,1450.000000,0.000000,0.000000,0.000000,0.000000,496.000000,364.000000,0.000000,0.000000,10266.000000,4878.000000,4528.000000,860.000000,10266.000000,0.000000,53.491853,66.744754,0.139499,-0.343848,0.000000,0.000000,LoadingResponse,1.000000,0.000000,0.000000,ambiguous_stair,
1469,2026-05-14 23:09:20,73.450000,2026-5-14_stair2_left.csv,stair2,0.000000,0.000000,3415.000000,1463.000000,0.000000,0.000000,0.000000,0.000000,3078.000000,1450.000000,0.000000,0.000000,0.000000,0.000000,496.000000,364.000000,0.000000,0.000000,10266.000000,4878.000000,4528.000000,860.000000,10266.000000,0.000000,53.491853,66.744754,0.139499,-0.343848,0.000000,0.000000,LoadingResponse,1.000000,0.000000,0.000000,ambiguous_stair,
1470,2026-05-14 23:09:20,73.500000,2026-5-14_stair2_left.csv,stair2,0.000000,0.000000,3415.000000,1463.000000,0.000000,0.000000,0.000000,0.000000,3078.000000,1450.000000,0.000000,0.000000,0.000000,0.000000,496.000000,364.000000,0.000000,0.000000,10266.000000,4878.000000,4528.000000,860.000000,10266.000000,0.000000,53.491853,66.744754,0.139499,-0.343848,0.000000,0.000000,LoadingResponse,1.000000,0.000000,0.000000,ambiguous_stair,
1471,2026-05-14 23:09:20,73.550000,2026-5-14_stair2_left.csv,stair2,0.000000,0.000000,3415.000000,1463.000000,0.000000,0.000000,0.000000,0.000000,3078.000000,1450.000000,0.000000,0.000000,0.000000,0.000000,496.000000,364.000000,0.000000,0.000000,10266.000000,4878.000000,4528.000000,860.000000,10266.000000,0.000000,53.491853,66.744754,0.139499,-0.343848,0.000000,0.000000,LoadingResponse,1.000000,0.000000,0.000000,ambiguous_stair,
1472,2026-05-14 23:09:20,73.600000,2026-5-14_stair2_left.csv,stair2,0.000000,0.000000,3415.000000,1463.000000,0.000000,0.000000,0.000000,0.000000,3078.000000,1450.000000,0.000000,0.000000,0.000000,0.000000,496.000000,364.000000,0.000000,0.000000,10266.000000,4878.000000,4528.000000,860.000000,10266.000000,0.000000,53.491853,66.744754,0.139499,-0.343848,0.000000,0.000000,LoadingResponse,1.000000,0.000000,0.000000,ambiguous_stair,
1473,2026-05-14 23:09:20,73.650000,2026-5-14_stair2_left.csv,stair2,0.000000,0.000000,3415.000000,1463.000000,0.000000,0.000000,0.000000,0.000000,3078.000000,1450.000000,0.000000,0.000000,0.000000,0.000000,496.000000,364.000000,0.000000,0.000000,10266.000000,4878.000000,4528.000000,860.000000,10266.000000,0.000000,53.491853,66.744754,0.139499,-0.343848,0.000000,0.000000,LoadingResponse,1.000000,0.000000,0.000000,ambiguous_stair,
1474,2026-05-14 23:09:20,73.700000,2026-5-14_stair2_left.csv,stair2,0.000000,0.000000,3415.000000,1463.000000,0.000000,0.000000,0.000000,0.000000,3078.000000,1450.000000,0.000000,0.000000,0.000000,0.000000,496.000000,364.000000,0.000000,0.000000,10266.000000,4878.000000,4528.000000,860.000000,10266.000000,0.000000,53.491853,66.744754,0.139499,-0.343848,0.000000,0.000000,LoadingResponse,1.000000,0.000000,0.000000,ambiguous_stair,
1475,2026-05-14 23:09:20,73.750000,2026-5-14_stair2_left.csv,stair2,0.000000,0.000000,3415.000000,1463.000000,0.000000,0.000000,0.000000,0.000000,3078.000000,1450.000000,0.000000,0.000000,0.000000,0.000000,496.000000,364.000000,0.000000,0.000000,10266.000000,4878.000000,4528.000000,860.000000,10266.000000,0.000000,53.491853,66.744754,0.139499,-0.343848,0.000000,0.000000,LoadingResponse,1.000000,0.000000,0.000000,ambiguous_stair,
1476,2026-05-14 23:09:20,73.800000,2026-5-14_stair2_left.csv,stair2,0.000000,0.000000,3415.000000,1463.000000,0.000000,0.000000,0.000000,0.000000,3078.000000,1450.000000,0.000000,0.000000,0.000000,0.000000,496.000000,364.000000,0.000000,0.000000,10266.000000,4878.000000,4528.000000,860.000000,10266.000000,0.000000,53.491853,66.744754,0.139499,-0.343848,0.000000,0.000000,LoadingResponse,1.000000,0.000000,0.000000,ambiguous_stair,
1477,2026-05-14 23:09:21,73.850000,2026-5-14_stair2_left.csv,stair2,0.000000,0.000000,3415.000000,1463.000000,0.000000,0.000000,0.000000,0.000000,3078.000000,1450.000000,0.000000,0.000000,0.000000,0.000000,496.000000,364.000000,0.000000,0.000000,10266.000000,4878.000000,4528.000000,860.000000,10266.000000,0.000000,53.491853,66.744754,0.139499,-0.343848,0.000000,0.000000,LoadingResponse,1.000000,0.000000,0.000000,ambiguous_stair,
1478,2026-05-14 23:09:21,73.900000,2026-5-14_stair2_left.csv,stair2,0.000000,0.000000,3415.000000,1463.000000,0.000000,0.000000,0.000000,0.000000,3078.000000,1450.000000,0.000000,0.000000,0.000000,0.000000,496.000000,364.000000,0.000000,0.000000,10266.000000,4878.000000,4528.000000,860.000000,10266.000000,0.000000,53.491853,66.744754,0.139499,-0.343848,0.000000,0.000000,LoadingResponse,1.000000,0.000000,0.000000,ambiguous_stair,
1479,2026-05-14 23:09:21,73.950000,2026-5-14_stair2_left.csv,stair2,0.000000,0.000000,3415.000000,1463.000000,0.000000,0.000000,0.000000,0.000000,3078.000000,1450.000000,0.000000,0.000000,0.000000,0.000000,496.000000,364.000000,0.000000,0.000000,10266.000000,4878.000000,4528.000000,860.000000,10266.000000,0.000000,53.491853,66.744754,0.139499,-0.343848,0.000000,0.000000,LoadingResponse,1.000000,0.000000,0.000000,ambiguous_stair,
1480,2026-05-14 23:09:21,74.000000,2026-5-14_stair2_left.csv,stair2,0.000000,0.000000,3415.000000,1463.000000,0.000000,0.000000,0.000000,0.000000,3078.000000,1450.000000,0.000000,0.000000,0.000000,0.000000,496.000000,364.000000,0.000000,0.000000,10266.000000,4878.000000,4528.000000,860.000000,10266.000000,0.000000,53.491853,66.744754,0.139499,-0.343848,0.000000,0.000000,LoadingResponse,1.000000,0.000000,0.000000,ambiguous_stair,
1481,2026-05-14 23:09:21,74.050000,2026-5-14_stair2_left.csv,stair2,0.000000,0.000000,3415.000000,1463.000000,0.000000,0.000000,0.000000,0.000000,3078.000000,1450.000000,0.000000,0.000000,0.000000,0.000000,496.000000,364.000000,0.000000,0.000000,10266.000000,4878.000000,4528.000000,860.000000,10266.000000,0.000000,53.491853,66.744754,0.139499,-0.343848,0.000000,0.000000,LoadingResponse,1.000000,0.000000,0.000000,ambiguous_stair,
1482,2026-05-14 23:09:21,74.100000,2026-5-14_stair2_left.csv,stair2,0.000000,0.000000,3415.000000,1463.000000,0.000000,0.000000,0.000000,0.000000,3078.000000,1450.000000,0.000000,0.000000,0.000000,0.000000,496.000000,364.000000,0.000000,0.000000,10266.000000,4878.000000,4528.000000,860.000000,10266.000000,0.000000,53.491853,66.744754,0.139499,-0.343848,0.000000,0.000000,LoadingResponse,1.000000,0.000000,0.000000,ambiguous_stair,
1483,2026-05-14 23:09:21,74.150000,2026-5-14_stair2_left.csv,stair2,0.000000,0.000000,3415.000000,1463.000000,0.000000,0.000000,0.000000,0.000000,3078.000000,1450.000000,0.000000,0.000000,0.000000,0.000000,496.000000,364.000000,0.000000,0.000000,10266.000000,4878.000000,4528.000000,860.000000,10266.000000,0.000000,53.491853,66.744754,0.139499,-0.343848,0.000000,0.000000,LoadingResponse,1.000000,0.000000,0.000000,ambiguous_stair,
1484,2026-05-14 23:09:21,74.200000,2026-5-14_stair2_left.csv,stair2,0.000000,0.000000,3415.000000,1463.000000,0.000000,0.000000,0.000000,0.000000,3078.000000,1450.000000,0.000000,0.000000,0.000000,0.000000,496.000000,364.000000,0.000000,0.000000,10266.000000,4878.000000,4528.000000,860.000000,10266.000000,0.000000,53.491853,66.744754,0.139499,-0.343848,0.000000,0.000000,LoadingResponse,1.000000,0.000000,0.000000,ambiguous_stair,
1485,2026-05-14 23:09:21,74.250000,2026-5-14_stair2_left.csv,stair2,0.000000,0.000000,3415.000000,1463.000000,0.000000,0.000000,0.000000,0.000000,3078.000000,1450.000000,0.000000,0.000000,0.000000,0.000000,496.000000,364.000000,0.000000,0.000000,10266.000000,4878.000000,4528.000000,860.000000,10266.000000,0.000000,53.491853,66.744754,0.139499,-0.343848,0.000000,0.000000,LoadingResponse,1.000000,0.000000,0.000000,ambiguous_stair,
1486,2026-05-14 23:09:21,74.300000,2026-5-14_stair2_left.csv,stair2,0.000000,0.000000,3415.000000,1463.000000,0.000000,0.000000,0.000000,0.000000,3078.000000,1450.000000,0.000000,0.000000,0.000000,0.000000,496.000000,364.000000,0.000000,0.000000,10266.000000,4878.000000,4528.000000,860.000000,10266.000000,0.000000,53.491853,66.744754,0.139499,-0.343848,0.000000,0.000000,LoadingResponse,1.000000,0.000000,0.000000,ambiguous_stair,
1487,2026-05-14 23:09:21,74.350000,2026-5-14_stair2_left.csv,stair2,0.000000,0.000000,3415.000000,1463.000000,0.000000,0.000000,0.000000,0.000000,3078.000000,1450.000000,0.000000,0.000000,0.000000,0.000000,496.000000,364.000000,0.000000,0.000000,10266.000000,4878.000000,4528.000000,860.000000,10266.000000,0.000000,53.491853,66.744754,0.139499,-0.343848,0.000000,0.000000,LoadingResponse,1.000000,0.000000,0.000000,ambiguous_stair,
1488,2026-05-14 23:09:21,74.400000,2026-5-14_stair2_left.csv,stair2,0.000000,0.000000,3415.000000,1463.000000,0.000000,0.000000,0.000000,0.000000,3078.000000,1450.000000,0.000000,0.000000,0.000000,0.000000,496.000000,364.000000,0.000000,0.000000,10266.000000,4878.000000,4528.000000,860.000000,10266.000000,0.000000,53.491853,66.744754,0.139499,-0.343848,0.000000,0.000000,LoadingResponse,1.000000,0.000000,0.000000,ambiguous_stair,
1489,2026-05-14 23:09:21,74.450000,2026-5-14_stair2_left.csv,stair2,0.000000,0.000000,3415.000000,1463.000000,0.000000,0.000000,0.000000,0.000000,3078.000000,1450.000000,0.000000,0.000000,0.000000,0.000000,496.000000,364.000000,0.000000,0.000000,10266.000000,4878.000000,4528.000000,860.000000,10266.000000,0.000000,53.491853,66.744754,0.139499,-0.343848,0.000000,0.000000,LoadingResponse,1.000000,0.000000,0.000000,ambiguous_stair,
1490,2026-05-14 23:09:21,74.500000,2026-5-14_stair2_left.csv,stair2,0.000000,0.000000,3415.000000,1463.000000,0.000000,0.000000,0.000000,0.000000,3078.000000,1450.000000,0.000000,0.000000,0.000000,0.000000,496.000000,364.000000,0.000000,0.000000,10266.000000,4878.000000,4528.000000,860.000000,10266.000000,0.000000,53.491853,66.744754,0.139499,-0.343848,0.000000,0.000000,LoadingResponse,1.000000,0.000000,0.000000,ambiguous_stair,
1491,2026-05-14 23:09:21,74.550000,2026-5-14_stair2_left.csv,stair2,0.000000,0.000000,3415.000000,1463.000000,0.000000,0.000000,0.000000,0.000000,3078.000000,1450.000000,0.000000,0.000000,0.000000,0.000000,496.000000,364.000000,0.000000,0.000000,10266.000000,4878.000000,4528.000000,860.000000,10266.000000,0.000000,53.491853,66.744754,0.139499,-0.343848,0.000000,0.000000,LoadingResponse,1.000000,0.000000,0.000000,ambiguous_stair,
1492,2026-05-14 23:09:21,74.600000,2026-5-14_stair2_left.csv,stair2,0.000000,0.000000,3415.000000,1463.000000,0.000000,0.000000,0.000000,0.000000,3078.000000,1450.000000,0.000000,0.000000,0.000000,0.000000,496.000000,364.000000,0.000000,0.000000,10266.000000,4878.000000,4528.000000,860.000000,10266.000000,0.000000,53.491853,66.744754,0.139499,-0.343848,0.000000,0.000000,LoadingResponse,1.000000,0.000000,0.000000,ambiguous_stair,
1493,2026-05-14 23:09:21,74.650000,2026-5-14_stair2_left.csv,stair2,0.000000,0.000000,3415.000000,1463.000000,0.000000,0.000000,0.000000,0.000000,3078.000000,1450.000000,0.000000,0.000000,0.000000,0.000000,496.000000,364.000000,0.000000,0.000000,10266.000000,4878.000000,4528.000000,860.000000,10266.000000,0.000000,53.491853,66.744754,0.139499,-0.343848,0.000000,0.000000,LoadingResponse,1.000000,0.000000,0.000000,ambiguous_stair,
1494,2026-05-14 23:09:21,74.700000,2026-5-14_stair2_left.csv,stair2,0.000000,0.000000,3415.000000,1463.000000,0.000000,0.000000,0.000000,0.000000,3078.000000,1450.000000,0.000000,0.000000,0.000000,0.000000,496.000000,364.000000,0.000000,0.000000,10266.000000,4878.000000,4528.000000,860.000000,10266.000000,0.000000,53.491853,66.744754,0.139499,-0.343848,0.000000,0.000000,LoadingResponse,1.000000,0.000000,0.000000,ambiguous_stair,
1495,2026-05-14 23:09:21,74.750000,2026-5-14_stair2_left.csv,stair2,0.000000,0.000000,3415.000000,1463.000000,0.000000,0.000000,0.000000,0.000000,3078.000000,1450.000000,0.000000,0.000000,0.000000,0.000000,496.000000,364.000000,0.000000,0.000000,10266.000000,4878.000000,4528.000000,860.000000,10266.000000,0.000000,53.491853,66.744754,0.139499,-0.343848,0.000000,0.000000,LoadingResponse,1.000000,0.000000,0.000000,ambiguous_stair,
1496,2026-05-14 23:09:21,74.800000,2026-5-14_stair2_left.csv,stair2,0.000000,0.000000,3415.000000,1463.000000,0.000000,0.000000,0.000000,0.000000,3078.000000,1450.000000,0.000000,0.000000,0.000000,0.000000,496.000000,364.000000,0.000000,0.000000,10266.000000,4878.000000,4528.000000,860.000000,10266.000000,0.000000,53.491853,66.744754,0.139499,-0.343848,0.000000,0.000000,LoadingResponse,1.000000,0.000000,0.000000,ambiguous_stair,
1497,2026-05-14 23:09:22,74.850000,2026-5-14_stair2_left.csv,stair2,0.000000,0.000000,3415.000000,1463.000000,0.000000,0.000000,0.000000,0.000000,3078.000000,1450.000000,0.000000,0.000000,0.000000,0.000000,496.000000,364.000000,0.000000,0.000000,10266.000000,4878.000000,4528.000000,860.000000,10266.000000,0.000000,53.491853,66.744754,0.139499,-0.343848,0.000000,0.000000,LoadingResponse,1.000000,0.000000,0.000000,ambiguous_stair,
1498,2026-05-14 23:09:22,74.900000,2026-5-14_stair2_left.csv,stair2,0.000000,0.000000,3415.000000,1463.000000,0.000000,0.000000,0.000000,0.000000,3078.000000,1450.000000,0.000000,0.000000,0.000000,0.000000,496.000000,364.000000,0.000000,0.000000,10266.000000,4878.000000,4528.000000,860.000000,10266.000000,0.000000,53.491853,66.744754,0.139499,-0.343848,0.000000,0.000000,LoadingResponse,1.000000,0.000000,0.000000,ambiguous_stair,
1499,2026-05-14 23:09:22,74.950000,2026-5-14_stair2_left.csv,stair2,0.000000,0.000000,3415.000000,1463.000000,0.000000,0.000000,0.000000,0.000000,3078.000000,1450.000000,0.000000,0.000000,0.000000,0.000000,496.000000,364.000000,0.000000,0.000000,10266.000000,4878.000000,4528.000000,860.000000,10266.000000,0.000000,53.491853,66.744754,0.139499,-0.343848,0.000000,0.000000,LoadingResponse,1.000000,0.000000,0.000000,ambiguous_stair,
1500,2026-05-14 23:09:22,75.000000,2026-5-14_stair2_left.csv,stair2,0.000000,0.000000,3415.000000,1463.000000,0.000000,0.000000,0.000000,0.000000,3078.000000,1450.000000,0.000000,0.000000,0.000000,0.000000,496.000000,364.000000,0.000000,0.000000,10266.000000,4878.000000,4528.000000,860.000000,10266.000000,0.000000,53.491853,66.744754,0.139499,-0.343848,0.000000,0.000000,LoadingResponse,1.000000,0.000000,0.000000,ambiguous_stair,
1501,2026-05-14 23:09:22,75.050000,2026-5-14_stair2_left.csv,stair2,0.000000,0.000000,3415.000000,1463.000000,0.000000,0.000000,0.000000,0.000000,3078.000000,1450.000000,0.000000,0.000000,0.000000,0.000000,496.000000,364.000000,0.000000,0.000000,10266.000000,4878.000000,4528.000000,860.000000,10266.000000,0.000000,53.491853,66.744754,0.139499,-0.343848,0.000000,0.000000,LoadingResponse,1.000000,0.000000,0.000000,ambiguous_stair,
1502,2026-05-14 23:09:22,75.100000,2026-5-14_stair2_left.csv,stair2,0.000000,0.000000,3415.000000,1463.000000,0.000000,0.000000,0.000000,0.000000,3078.000000,1450.000000,0.000000,0.000000,0.000000,0.000000,496.000000,364.000000,0.000000,0.000000,10266.000000,4878.000000,4528.000000,860.000000,10266.000000,0.000000,53.491853,66.744754,0.139499,-0.343848,0.000000,0.000000,LoadingResponse,1.000000,0.000000,0.000000,ambiguous_stair,
1503,2026-05-14 23:09:22,75.150000,2026-5-14_stair2_left.csv,stair2,0.000000,0.000000,3415.000000,1463.000000,0.000000,0.000000,0.000000,0.000000,3078.000000,1450.000000,0.000000,0.000000,0.000000,0.000000,496.000000,364.000000,0.000000,0.000000,10266.000000,4878.000000,4528.000000,860.000000,10266.000000,0.000000,53.491853,66.744754,0.139499,-0.343848,0.000000,0.000000,LoadingResponse,1.000000,0.000000,0.000000,ambiguous_stair,
1504,2026-05-14 23:09:22,75.200000,2026-5-14_stair2_left.csv,stair2,0.000000,0.000000,3415.000000,1463.000000,0.000000,0.000000,0.000000,0.000000,3078.000000,1450.000000,0.000000,0.000000,0.000000,0.000000,496.000000,364.000000,0.000000,0.000000,10266.000000,4878.000000,4528.000000,860.000000,10266.000000,0.000000,53.491853,66.744754,0.139499,-0.343848,0.000000,0.000000,LoadingResponse,1.000000,0.000000,0.000000,ambiguous_stair,
1505,2026-05-14 23:09:22,75.250000,2026-5-14_stair2_left.csv,stair2,0.000000,0.000000,3415.000000,1463.000000,0.000000,0.000000,0.000000,0.000000,3078.000000,1450.000000,0.000000,0.000000,0.000000,0.000000,496.000000,364.000000,0.000000,0.000000,10266.000000,4878.000000,4528.000000,860.000000,10266.000000,0.000000,53.491853,66.744754,0.139499,-0.343848,0.000000,0.000000,LoadingResponse,1.000000,0.000000,0.000000,ambiguous_stair,
1506,2026-05-14 23:09:22,75.300000,2026-5-14_stair2_left.csv,stair2,0.000000,0.000000,3415.000000,1463.000000,0.000000,0.000000,0.000000,0.000000,3078.000000,1450.000000,0.000000,0.000000,0.000000,0.000000,496.000000,364.000000,0.000000,0.000000,10266.000000,4878.000000,4528.000000,860.000000,10266.000000,0.000000,53.491853,66.744754,0.139499,-0.343848,0.000000,0.000000,LoadingResponse,1.000000,0.000000,0.000000,ambiguous_stair,
1507,2026-05-14 23:09:22,75.350000,2026-5-14_stair2_left.csv,stair2,0.000000,0.000000,3415.000000,1463.000000,0.000000,0.000000,0.000000,0.000000,3078.000000,1450.000000,0.000000,0.000000,0.000000,0.000000,496.000000,364.000000,0.000000,0.000000,10266.000000,4878.000000,4528.000000,860.000000,10266.000000,0.000000,53.491853,66.744754,0.139499,-0.343848,0.000000,0.000000,LoadingResponse,1.000000,0.000000,0.000000,ambiguous_stair,
1508,2026-05-14 23:09:22,75.400000,2026-5-14_stair2_left.csv,stair2,0.000000,0.000000,3415.000000,1463.000000,0.000000,0.000000,0.000000,0.000000,3078.000000,1450.000000,0.000000,0.000000,0.000000,0.000000,496.000000,364.000000,0.000000,0.000000,10266.000000,4878.000000,4528.000000,860.000000,10266.000000,0.000000,53.491853,66.744754,0.139499,-0.343848,0.000000,0.000000,LoadingResponse,1.000000,0.000000,0.000000,ambiguous_stair,
1509,2026-05-14 23:09:22,75.450000,2026-5-14_stair2_left.csv,stair2,0.000000,0.000000,3415.000000,1463.000000,0.000000,0.000000,0.000000,0.000000,3078.000000,1450.000000,0.000000,0.000000,0.000000,0.000000,496.000000,364.000000,0.000000,0.000000,10266.000000,4878.000000,4528.000000,860.000000,10266.000000,0.000000,53.491853,66.744754,0.139499,-0.343848,0.000000,0.000000,LoadingResponse,1.000000,0.000000,0.000000,ambiguous_stair,
1510,2026-05-14 23:09:22,75.500000,2026-5-14_stair2_left.csv,stair2,0.000000,0.000000,3415.000000,1463.000000,0.000000,0.000000,0.000000,0.000000,3078.000000,1450.000000,0.000000,0.000000,0.000000,0.000000,496.000000,364.000000,0.000000,0.000000,10266.000000,4878.000000,4528.000000,860.000000,10266.000000,0.000000,53.491853,66.744754,0.139499,-0.343848,0.000000,0.000000,LoadingResponse,1.000000,0.000000,0.000000,ambiguous_stair,
1511,2026-05-14 23:09:22,75.550000,2026-5-14_stair2_left.csv,stair2,0.000000,0.000000,3415.000000,1463.000000,0.000000,0.000000,0.000000,0.000000,3078.000000,1450.000000,0.000000,0.000000,0.000000,0.000000,496.000000,364.000000,0.000000,0.000000,10266.000000,4878.000000,4528.000000,860.000000,10266.000000,0.000000,53.491853,66.744754,0.139499,-0.343848,0.000000,0.000000,LoadingResponse,1.000000,0.000000,0.000000,ambiguous_stair,
1512,2026-05-14 23:09:22,75.600000,2026-5-14_stair2_left.csv,stair2,0.000000,0.000000,3415.000000,1463.000000,0.000000,0.000000,0.000000,0.000000,3078.000000,1450.000000,0.000000,0.000000,0.000000,0.000000,496.000000,364.000000,0.000000,0.000000,10266.000000,4878.000000,4528.000000,860.000000,10266.000000,0.000000,53.491853,66.744754,0.139499,-0.343848,0.000000,0.000000,LoadingResponse,1.000000,0.000000,0.000000,ambiguous_stair,
1513,2026-05-14 23:09:22,75.650000,2026-5-14_stair2_left.csv,stair2,0.000000,0.000000,3415.000000,1463.000000,0.000000,0.000000,0.000000,0.000000,3078.000000,1450.000000,0.000000,0.000000,0.000000,0.000000,496.000000,364.000000,0.000000,0.000000,10266.000000,4878.000000,4528.000000,860.000000,10266.000000,0.000000,53.491853,66.744754,0.139499,-0.343848,0.000000,0.000000,LoadingResponse,1.000000,0.000000,0.000000,ambiguous_stair,
1514,2026-05-14 23:09:22,75.700000,2026-5-14_stair2_left.csv,stair2,0.000000,0.000000,3415.000000,1463.000000,0.000000,0.000000,0.000000,0.000000,3078.000000,1450.000000,0.000000,0.000000,0.000000,0.000000,496.000000,364.000000,0.000000,0.000000,10266.000000,4878.000000,4528.000000,860.000000,10266.000000,0.000000,53.491853,66.744754,0.139499,-0.343848,0.000000,0.000000,LoadingResponse,1.000000,0.000000,0.000000,ambiguous_stair,
1515,2026-05-14 23:09:22,75.750000,2026-5-14_stair2_left.csv,stair2,0.000000,0.000000,3415.000000,1463.000000,0.000000,0.000000,0.000000,0.000000,3078.000000,1450.000000,0.000000,0.000000,0.000000,0.000000,496.000000,364.000000,0.000000,0.000000,10266.000000,4878.000000,4528.000000,860.000000,10266.000000,0.000000,53.491853,66.744754,0.139499,-0.343848,0.000000,0.000000,LoadingResponse,1.000000,0.000000,0.000000,ambiguous_stair,
1516,2026-05-14 23:09:22,75.800000,2026-5-14_stair2_left.csv,stair2,0.000000,0.000000,3415.000000,1463.000000,0.000000,0.000000,0.000000,0.000000,3078.000000,1450.000000,0.000000,0.000000,0.000000,0.000000,496.000000,364.000000,0.000000,0.000000,10266.000000,4878.000000,4528.000000,860.000000,10266.000000,0.000000,53.491853,66.744754,0.139499,-0.343848,0.000000,0.000000,LoadingResponse,1.000000,0.000000,0.000000,ambiguous_stair,
1517,2026-05-14 23:09:23,75.850000,2026-5-14_stair2_left.csv,stair2,0.000000,0.000000,3415.000000,1463.000000,0.000000,0.000000,0.000000,0.000000,3078.000000,1450.000000,0.000000,0.000000,0.000000,0.000000,496.000000,364.000000,0.000000,0.000000,10266.000000,4878.000000,4528.000000,860.000000,10266.000000,0.000000,53.491853,66.744754,0.139499,-0.343848,0.000000,0.000000,LoadingResponse,1.000000,0.000000,0.000000,ambiguous_stair,
1518,2026-05-14 23:09:23,75.900000,2026-5-14_stair2_left.csv,stair2,0.000000,0.000000,3415.000000,1463.000000,0.000000,0.000000,0.000000,0.000000,3078.000000,1450.000000,0.000000,0.000000,0.000000,0.000000,496.000000,364.000000,0.000000,0.000000,10266.000000,4878.000000,4528.000000,860.000000,10266.000000,0.000000,53.491853,66.744754,0.139499,-0.343848,0.000000,0.000000,LoadingResponse,1.000000,0.000000,0.000000,ambiguous_stair,
1519,2026-05-14 23:09:23,75.950000,2026-5-14_stair2_left.csv,stair2,0.000000,0.000000,3415.000000,1463.000000,0.000000,0.000000,0.000000,0.000000,3078.000000,1450.000000,0.000000,0.000000,0.000000,0.000000,496.000000,364.000000,0.000000,0.000000,10266.000000,4878.000000,4528.000000,860.000000,10266.000000,0.000000,53.491853,66.744754,0.139499,-0.343848,0.000000,0.000000,LoadingResponse,1.000000,0.000000,0.000000,ambiguous_stair,
1520,2026-05-14 23:09:23,76.000000,2026-5-14_stair2_left.csv,stair2,0.000000,0.000000,3415.000000,1463.000000,0.000000,0.000000,0.000000,0.000000,3078.000000,1450.000000,0.000000,0.000000,0.000000,0.000000,496.000000,364.000000,0.000000,0.000000,10266.000000,4878.000000,4528.000000,860.000000,10266.000000,0.000000,53.491853,66.744754,0.139499,-0.343848,0.000000,0.000000,LoadingResponse,1.000000,0.000000,0.000000,ambiguous_stair,
1521,2026-05-14 23:09:23,76.050000,2026-5-14_stair2_left.csv,stair2,0.000000,0.000000,3415.000000,1463.000000,0.000000,0.000000,0.000000,0.000000,3078.000000,1450.000000,0.000000,0.000000,0.000000,0.000000,496.000000,364.000000,0.000000,0.000000,10266.000000,4878.000000,4528.000000,860.000000,10266.000000,0.000000,53.491853,66.744754,0.139499,-0.343848,0.000000,0.000000,LoadingResponse,1.000000,0.000000,0.000000,ambiguous_stair,
1522,2026-05-14 23:09:23,76.100000,2026-5-14_stair2_left.csv,stair2,0.000000,0.000000,3415.000000,1463.000000,0.000000,0.000000,0.000000,0.000000,3078.000000,1450.000000,0.000000,0.000000,0.000000,0.000000,496.000000,364.000000,0.000000,0.000000,10266.000000,4878.000000,4528.000000,860.000000,10266.000000,0.000000,53.491853,66.744754,0.139499,-0.343848,0.000000,0.000000,LoadingResponse,1.000000,0.000000,0.000000,ambiguous_stair,
1523,2026-05-14 23:09:23,76.150000,2026-5-14_stair2_left.csv,stair2,0.000000,0.000000,3415.000000,1463.000000,0.000000,0.000000,0.000000,0.000000,3078.000000,1450.000000,0.000000,0.000000,0.000000,0.000000,496.000000,364.000000,0.000000,0.000000,10266.000000,4878.000000,4528.000000,860.000000,10266.000000,0.000000,53.491853,66.744754,0.139499,-0.343848,0.000000,0.000000,LoadingResponse,1.000000,0.000000,0.000000,ambiguous_stair,
1524,2026-05-14 23:09:23,76.200000,2026-5-14_stair2_left.csv,stair2,0.000000,0.000000,3415.000000,1463.000000,0.000000,0.000000,0.000000,0.000000,3078.000000,1450.000000,0.000000,0.000000,0.000000,0.000000,496.000000,364.000000,0.000000,0.000000,10266.000000,4878.000000,4528.000000,860.000000,10266.000000,0.000000,53.491853,66.744754,0.139499,-0.343848,0.000000,0.000000,LoadingResponse,1.000000,0.000000,0.000000,ambiguous_stair,
1525,2026-05-14 23:09:23,76.250000,2026-5-14_stair2_left.csv,stair2,0.000000,0.000000,3415.000000,1463.000000,0.000000,0.000000,0.000000,0.000000,3078.000000,1450.000000,0.000000,0.000000,0.000000,0.000000,496.000000,364.000000,0.000000,0.000000,10266.000000,4878.000000,4528.000000,860.000000,10266.000000,0.000000,53.491853,66.744754,0.139499,-0.343848,0.000000,0.000000,LoadingResponse,1.000000,0.000000,0.000000,ambiguous_stair,
1526,2026-05-14 23:09:23,76.300000,2026-5-14_stair2_left.csv,stair2,0.000000,0.000000,3415.000000,1463.000000,0.000000,0.000000,0.000000,0.000000,3078.000000,1450.000000,0.000000,0.000000,0.000000,0.000000,496.000000,364.000000,0.000000,0.000000,10266.000000,4878.000000,4528.000000,860.000000,10266.000000,0.000000,53.491853,66.744754,0.139499,-0.343848,0.000000,0.000000,LoadingResponse,1.000000,0.000000,0.000000,ambiguous_stair,
1527,2026-05-14 23:09:23,76.350000,2026-5-14_stair2_left.csv,stair2,0.000000,0.000000,3415.000000,1463.000000,0.000000,0.000000,0.000000,0.000000,3078.000000,1450.000000,0.000000,0.000000,0.000000,0.000000,496.000000,364.000000,0.000000,0.000000,10266.000000,4878.000000,4528.000000,860.000000,10266.000000,0.000000,53.491853,66.744754,0.139499,-0.343848,0.000000,0.000000,LoadingResponse,1.000000,0.000000,0.000000,ambiguous_stair,
1528,2026-05-14 23:09:23,76.400000,2026-5-14_stair2_left.csv,stair2,0.000000,0.000000,3415.000000,1463.000000,0.000000,0.000000,0.000000,0.000000,3078.000000,1450.000000,0.000000,0.000000,0.000000,0.000000,496.000000,364.000000,0.000000,0.000000,10266.000000,4878.000000,4528.000000,860.000000,10266.000000,0.000000,53.491853,66.744754,0.139499,-0.343848,0.000000,0.000000,LoadingResponse,1.000000,0.000000,0.000000,ambiguous_stair,
1529,2026-05-14 23:09:23,76.450000,2026-5-14_stair2_left.csv,stair2,0.000000,0.000000,3415.000000,1463.000000,0.000000,0.000000,0.000000,0.000000,3078.000000,1450.000000,0.000000,0.000000,0.000000,0.000000,496.000000,364.000000,0.000000,0.000000,10266.000000,4878.000000,4528.000000,860.000000,10266.000000,0.000000,53.491853,66.744754,0.139499,-0.343848,0.000000,0.000000,LoadingResponse,1.000000,0.000000,0.000000,ambiguous_stair,
1530,2026-05-14 23:09:23,76.500000,2026-5-14_stair2_left.csv,stair2,0.000000,0.000000,3415.000000,1463.000000,0.000000,0.000000,0.000000,0.000000,3078.000000,1450.000000,0.000000,0.000000,0.000000,0.000000,496.000000,364.000000,0.000000,0.000000,10266.000000,4878.000000,4528.000000,860.000000,10266.000000,0.000000,53.491853,66.744754,0.139499,-0.343848,0.000000,0.000000,LoadingResponse,1.000000,0.000000,0.000000,ambiguous_stair,
1531,2026-05-14 23:09:23,76.550000,2026-5-14_stair2_left.csv,stair2,0.000000,0.000000,3415.000000,1463.000000,0.000000,0.000000,0.000000,0.000000,3078.000000,1450.000000,0.000000,0.000000,0.000000,0.000000,496.000000,364.000000,0.000000,0.000000,10266.000000,4878.000000,4528.000000,860.000000,10266.000000,0.000000,53.491853,66.744754,0.139499,-0.343848,0.000000,0.000000,LoadingResponse,1.000000,0.000000,0.000000,ambiguous_stair,
1532,2026-05-14 23:09:23,76.600000,2026-5-14_stair2_left.csv,stair2,0.000000,0.000000,3415.000000,1463.000000,0.000000,0.000000,0.000000,0.000000,3078.000000,1450.000000,0.000000,0.000000,0.000000,0.000000,496.000000,364.000000,0.000000,0.000000,10266.000000,4878.000000,4528.000000,860.000000,10266.000000,0.000000,53.491853,66.744754,0.139499,-0.343848,0.000000,0.000000,LoadingResponse,1.000000,0.000000,0.000000,ambiguous_stair,
1533,2026-05-14 23:09:23,76.650000,2026-5-14_stair2_left.csv,stair2,0.000000,0.000000,3415.000000,1463.000000,0.000000,0.000000,0.000000,0.000000,3078.000000,1450.000000,0.000000,0.000000,0.000000,0.000000,496.000000,364.000000,0.000000,0.000000,10266.000000,4878.000000,4528.000000,860.000000,10266.000000,0.000000,53.491853,66.744754,0.139499,-0.343848,0.000000,0.000000,LoadingResponse,1.000000,0.000000,0.000000,ambiguous_stair,
1534,2026-05-14 23:09:23,76.700000,2026-5-14_stair2_left.csv,stair2,0.000000,0.000000,3415.000000,1463.000000,0.000000,0.000000,0.000000,0.000000,3078.000000,1450.000000,0.000000,0.000000,0.000000,0.000000,496.000000,364.000000,0.000000,0.000000,10266.000000,4878.000000,4528.000000,860.000000,10266.000000,0.000000,53.491853,66.744754,0.139499,-0.343848,0.000000,0.000000,LoadingResponse,1.000000,0.000000,0.000000,ambiguous_stair,
1535,2026-05-14 23:09:23,76.750000,2026-5-14_stair2_left.csv,stair2,0.000000,0.000000,3415.000000,1463.000000,0.000000,0.000000,0.000000,0.000000,3078.000000,1450.000000,0.000000,0.000000,0.000000,0.000000,496.000000,364.000000,0.000000,0.000000,10266.000000,4878.000000,4528.000000,860.000000,10266.000000,0.000000,53.491853,66.744754,0.139499,-0.343848,0.000000,0.000000,LoadingResponse,1.000000,0.000000,0.000000,ambiguous_stair,
1536,2026-05-14 23:09:23,76.800000,2026-5-14_stair2_left.csv,stair2,0.000000,0.000000,3415.000000,1463.000000,0.000000,0.000000,0.000000,0.000000,3078.000000,1450.000000,0.000000,0.000000,0.000000,0.000000,496.000000,364.000000,0.000000,0.000000,10266.000000,4878.000000,4528.000000,860.000000,10266.000000,0.000000,53.491853,66.744754,0.139499,-0.343848,0.000000,0.000000,LoadingResponse,1.000000,0.000000,0.000000,ambiguous_stair,
1537,2026-05-14 23:09:24,76.850000,2026-5-14_stair2_left.csv,stair2,0.000000,0.000000,3415.000000,1463.000000,0.000000,0.000000,0.000000,0.000000,3078.000000,1450.000000,0.000000,0.000000,0.000000,0.000000,496.000000,364.000000,0.000000,0.000000,10266.000000,4878.000000,4528.000000,860.000000,10266.000000,0.000000,53.491853,66.744754,0.139499,-0.343848,0.000000,0.000000,LoadingResponse,1.000000,0.000000,0.000000,ambiguous_stair,
1538,2026-05-14 23:09:24,76.900000,2026-5-14_stair2_left.csv,stair2,0.000000,0.000000,3415.000000,1463.000000,0.000000,0.000000,0.000000,0.000000,3078.000000,1450.000000,0.000000,0.000000,0.000000,0.000000,496.000000,364.000000,0.000000,0.000000,10266.000000,4878.000000,4528.000000,860.000000,10266.000000,0.000000,53.491853,66.744754,0.139499,-0.343848,0.000000,0.000000,LoadingResponse,1.000000,0.000000,0.000000,ambiguous_stair,
1539,2026-05-14 23:09:24,76.950000,2026-5-14_stair2_left.csv,stair2,0.000000,0.000000,3415.000000,1463.000000,0.000000,0.000000,0.000000,0.000000,3078.000000,1450.000000,0.000000,0.000000,0.000000,0.000000,496.000000,364.000000,0.000000,0.000000,10266.000000,4878.000000,4528.000000,860.000000,10266.000000,0.000000,53.491853,66.744754,0.139499,-0.343848,0.000000,0.000000,LoadingResponse,1.000000,0.000000,0.000000,ambiguous_stair,
1540,2026-05-14 23:09:24,77.000000,2026-5-14_stair2_left.csv,stair2,0.000000,0.000000,3415.000000,1463.000000,0.000000,0.000000,0.000000,0.000000,3078.000000,1450.000000,0.000000,0.000000,0.000000,0.000000,496.000000,364.000000,0.000000,0.000000,10266.000000,4878.000000,4528.000000,860.000000,10266.000000,0.000000,53.491853,66.744754,0.139499,-0.343848,0.000000,0.000000,LoadingResponse,1.000000,0.000000,0.000000,ambiguous_stair,
1541,2026-05-14 23:09:24,77.050000,2026-5-14_stair2_left.csv,stair2,0.000000,0.000000,3415.000000,1463.000000,0.000000,0.000000,0.000000,0.000000,3078.000000,1450.000000,0.000000,0.000000,0.000000,0.000000,496.000000,364.000000,0.000000,0.000000,10266.000000,4878.000000,4528.000000,860.000000,10266.000000,0.000000,53.491853,66.744754,0.139499,-0.343848,0.000000,0.000000,LoadingResponse,1.000000,0.000000,0.000000,ambiguous_stair,
1542,2026-05-14 23:09:24,77.100000,2026-5-14_stair2_left.csv,stair2,0.000000,0.000000,3415.000000,1463.000000,0.000000,0.000000,0.000000,0.000000,3078.000000,1450.000000,0.000000,0.000000,0.000000,0.000000,496.000000,364.000000,0.000000,0.000000,10266.000000,4878.000000,4528.000000,860.000000,10266.000000,0.000000,53.491853,66.744754,0.139499,-0.343848,0.000000,0.000000,LoadingResponse,1.000000,0.000000,0.000000,ambiguous_stair,
1543,2026-05-14 23:09:24,77.150000,2026-5-14_stair2_left.csv,stair2,0.000000,0.000000,3415.000000,1463.000000,0.000000,0.000000,0.000000,0.000000,3078.000000,1450.000000,0.000000,0.000000,0.000000,0.000000,496.000000,364.000000,0.000000,0.000000,10266.000000,4878.000000,4528.000000,860.000000,10266.000000,0.000000,53.491853,66.744754,0.139499,-0.343848,0.000000,0.000000,LoadingResponse,1.000000,0.000000,0.000000,ambiguous_stair,
1544,2026-05-14 23:09:24,77.200000,2026-5-14_stair2_left.csv,stair2,0.000000,0.000000,3415.000000,1463.000000,0.000000,0.000000,0.000000,0.000000,3078.000000,1450.000000,0.000000,0.000000,0.000000,0.000000,496.000000,364.000000,0.000000,0.000000,10266.000000,4878.000000,4528.000000,860.000000,10266.000000,0.000000,53.491853,66.744754,0.139499,-0.343848,0.000000,0.000000,LoadingResponse,1.000000,0.000000,0.000000,ambiguous_stair,
1545,2026-05-14 23:09:24,77.250000,2026-5-14_stair2_left.csv,stair2,0.000000,0.000000,3415.000000,1463.000000,0.000000,0.000000,0.000000,0.000000,3078.000000,1450.000000,0.000000,0.000000,0.000000,0.000000,496.000000,364.000000,0.000000,0.000000,10266.000000,4878.000000,4528.000000,860.000000,10266.000000,0.000000,53.491853,66.744754,0.139499,-0.343848,0.000000,0.000000,LoadingResponse,1.000000,0.000000,0.000000,ambiguous_stair,
1546,2026-05-14 23:09:24,77.300000,2026-5-14_stair2_left.csv,stair2,0.000000,0.000000,3415.000000,1463.000000,0.000000,0.000000,0.000000,0.000000,3078.000000,1450.000000,0.000000,0.000000,0.000000,0.000000,496.000000,364.000000,0.000000,0.000000,10266.000000,4878.000000,4528.000000,860.000000,10266.000000,0.000000,53.491853,66.744754,0.139499,-0.343848,0.000000,0.000000,LoadingResponse,1.000000,0.000000,0.000000,ambiguous_stair,
1547,2026-05-14 23:09:24,77.350000,2026-5-14_stair2_left.csv,stair2,0.000000,0.000000,3415.000000,1463.000000,0.000000,0.000000,0.000000,0.000000,3078.000000,1450.000000,0.000000,0.000000,0.000000,0.000000,496.000000,364.000000,0.000000,0.000000,10266.000000,4878.000000,4528.000000,860.000000,10266.000000,0.000000,53.491853,66.744754,0.139499,-0.343848,0.000000,0.000000,LoadingResponse,1.000000,0.000000,0.000000,ambiguous_stair,
1548,2026-05-14 23:09:24,77.400000,2026-5-14_stair2_left.csv,stair2,0.000000,0.000000,3415.000000,1463.000000,0.000000,0.000000,0.000000,0.000000,3078.000000,1450.000000,0.000000,0.000000,0.000000,0.000000,496.000000,364.000000,0.000000,0.000000,10266.000000,4878.000000,4528.000000,860.000000,10266.000000,0.000000,53.491853,66.744754,0.139499,-0.343848,0.000000,0.000000,LoadingResponse,1.000000,0.000000,0.000000,ambiguous_stair,
1549,2026-05-14 23:09:24,77.450000,2026-5-14_stair2_left.csv,stair2,0.000000,0.000000,3415.000000,1463.000000,0.000000,0.000000,0.000000,0.000000,3078.000000,1450.000000,0.000000,0.000000,0.000000,0.000000,496.000000,364.000000,0.000000,0.000000,10266.000000,4878.000000,4528.000000,860.000000,10266.000000,0.000000,53.491853,66.744754,0.139499,-0.343848,0.000000,0.000000,LoadingResponse,1.000000,0.000000,0.000000,ambiguous_stair,
1550,2026-05-14 23:09:24,77.500000,2026-5-14_stair2_left.csv,stair2,0.000000,0.000000,3415.000000,1463.000000,0.000000,0.000000,0.000000,0.000000,3078.000000,1450.000000,0.000000,0.000000,0.000000,0.000000,496.000000,364.000000,0.000000,0.000000,10266.000000,4878.000000,4528.000000,860.000000,10266.000000,0.000000,53.491853,66.744754,0.139499,-0.343848,0.000000,0.000000,LoadingResponse,1.000000,0.000000,0.000000,ambiguous_stair,
1551,2026-05-14 23:09:24,77.550000,2026-5-14_stair2_left.csv,stair2,0.000000,0.000000,3415.000000,1463.000000,0.000000,0.000000,0.000000,0.000000,3078.000000,1450.000000,0.000000,0.000000,0.000000,0.000000,496.000000,364.000000,0.000000,0.000000,10266.000000,4878.000000,4528.000000,860.000000,10266.000000,0.000000,53.491853,66.744754,0.139499,-0.343848,0.000000,0.000000,LoadingResponse,1.000000,0.000000,0.000000,ambiguous_stair,
1552,2026-05-14 23:09:24,77.600000,2026-5-14_stair2_left.csv,stair2,0.000000,0.000000,3415.000000,1463.000000,0.000000,0.000000,0.000000,0.000000,3078.000000,1450.000000,0.000000,0.000000,0.000000,0.000000,496.000000,364.000000,0.000000,0.000000,10266.000000,4878.000000,4528.000000,860.000000,10266.000000,0.000000,53.491853,66.744754,0.139499,-0.343848,0.000000,0.000000,LoadingResponse,1.000000,0.000000,0.000000,ambiguous_stair,
1553,2026-05-14 23:09:24,77.650000,2026-5-14_stair2_left.csv,stair2,0.000000,0.000000,3415.000000,1463.000000,0.000000,0.000000,0.000000,0.000000,3078.000000,1450.000000,0.000000,0.000000,0.000000,0.000000,496.000000,364.000000,0.000000,0.000000,10266.000000,4878.000000,4528.000000,860.000000,10266.000000,0.000000,53.491853,66.744754,0.139499,-0.343848,0.000000,0.000000,LoadingResponse,1.000000,0.000000,0.000000,ambiguous_stair,
1554,2026-05-14 23:09:24,77.700000,2026-5-14_stair2_left.csv,stair2,0.000000,0.000000,3415.000000,1463.000000,0.000000,0.000000,0.000000,0.000000,3078.000000,1450.000000,0.000000,0.000000,0.000000,0.000000,496.000000,364.000000,0.000000,0.000000,10266.000000,4878.000000,4528.000000,860.000000,10266.000000,0.000000,53.491853,66.744754,0.139499,-0.343848,0.000000,0.000000,LoadingResponse,1.000000,0.000000,0.000000,ambiguous_stair,
1555,2026-05-14 23:09:24,77.750000,2026-5-14_stair2_left.csv,stair2,0.000000,0.000000,3415.000000,1463.000000,0.000000,0.000000,0.000000,0.000000,3078.000000,1450.000000,0.000000,0.000000,0.000000,0.000000,496.000000,364.000000,0.000000,0.000000,10266.000000,4878.000000,4528.000000,860.000000,10266.000000,0.000000,53.491853,66.744754,0.139499,-0.343848,0.000000,0.000000,LoadingResponse,1.000000,0.000000,0.000000,ambiguous_stair,
1556,2026-05-14 23:09:24,77.800000,2026-5-14_stair2_left.csv,stair2,0.000000,0.000000,3415.000000,1463.000000,0.000000,0.000000,0.000000,0.000000,3078.000000,1450.000000,0.000000,0.000000,0.000000,0.000000,496.000000,364.000000,0.000000,0.000000,10266.000000,4878.000000,4528.000000,860.000000,10266.000000,0.000000,53.491853,66.744754,0.139499,-0.343848,0.000000,0.000000,LoadingResponse,1.000000,0.000000,0.000000,ambiguous_stair,
1557,2026-05-14 23:09:25,77.850000,2026-5-14_stair2_left.csv,stair2,0.000000,0.000000,3415.000000,1463.000000,0.000000,0.000000,0.000000,0.000000,3078.000000,1450.000000,0.000000,0.000000,0.000000,0.000000,496.000000,364.000000,0.000000,0.000000,10266.000000,4878.000000,4528.000000,860.000000,10266.000000,0.000000,53.491853,66.744754,0.139499,-0.343848,0.000000,0.000000,LoadingResponse,1.000000,0.000000,0.000000,ambiguous_stair,
1558,2026-05-14 23:09:25,77.900000,2026-5-14_stair2_left.csv,stair2,0.000000,0.000000,3415.000000,1463.000000,0.000000,0.000000,0.000000,0.000000,3078.000000,1450.000000,0.000000,0.000000,0.000000,0.000000,496.000000,364.000000,0.000000,0.000000,10266.000000,4878.000000,4528.000000,860.000000,10266.000000,0.000000,53.491853,66.744754,0.139499,-0.343848,0.000000,0.000000,LoadingResponse,1.000000,0.000000,0.000000,ambiguous_stair,
1559,2026-05-14 23:09:25,77.950000,2026-5-14_stair2_left.csv,stair2,0.000000,0.000000,3415.000000,1463.000000,0.000000,0.000000,0.000000,0.000000,3078.000000,1450.000000,0.000000,0.000000,0.000000,0.000000,496.000000,364.000000,0.000000,0.000000,10266.000000,4878.000000,4528.000000,860.000000,10266.000000,0.000000,53.491853,66.744754,0.139499,-0.343848,0.000000,0.000000,LoadingResponse,1.000000,0.000000,0.000000,ambiguous_stair,
1560,2026-05-14 23:09:25,78.000000,2026-5-14_stair2_left.csv,stair2,0.000000,0.000000,3415.000000,1463.000000,0.000000,0.000000,0.000000,0.000000,3078.000000,1450.000000,0.000000,0.000000,0.000000,0.000000,496.000000,364.000000,0.000000,0.000000,10266.000000,4878.000000,4528.000000,860.000000,10266.000000,0.000000,53.491853,66.744754,0.139499,-0.343848,0.000000,0.000000,LoadingResponse,1.000000,0.000000,0.000000,ambiguous_stair,
1561,2026-05-14 23:09:25,78.050000,2026-5-14_stair2_left.csv,stair2,0.000000,0.000000,3415.000000,1463.000000,0.000000,0.000000,0.000000,0.000000,3078.000000,1450.000000,0.000000,0.000000,0.000000,0.000000,496.000000,364.000000,0.000000,0.000000,10266.000000,4878.000000,4528.000000,860.000000,10266.000000,0.000000,53.491853,66.744754,0.139499,-0.343848,0.000000,0.000000,LoadingResponse,1.000000,0.000000,0.000000,ambiguous_stair,
1562,2026-05-14 23:09:25,78.100000,2026-5-14_stair2_left.csv,stair2,0.000000,0.000000,3415.000000,1463.000000,0.000000,0.000000,0.000000,0.000000,3078.000000,1450.000000,0.000000,0.000000,0.000000,0.000000,496.000000,364.000000,0.000000,0.000000,10266.000000,4878.000000,4528.000000,860.000000,10266.000000,0.000000,53.491853,66.744754,0.139499,-0.343848,0.000000,0.000000,LoadingResponse,1.000000,0.000000,0.000000,ambiguous_stair,
1563,2026-05-14 23:09:25,78.150000,2026-5-14_stair2_left.csv,stair2,0.000000,0.000000,3415.000000,1463.000000,0.000000,0.000000,0.000000,0.000000,3078.000000,1450.000000,0.000000,0.000000,0.000000,0.000000,496.000000,364.000000,0.000000,0.000000,10266.000000,4878.000000,4528.000000,860.000000,10266.000000,0.000000,53.491853,66.744754,0.139499,-0.343848,0.000000,0.000000,LoadingResponse,1.000000,0.000000,0.000000,ambiguous_stair,
1564,2026-05-14 23:09:25,78.200000,2026-5-14_stair2_left.csv,stair2,0.000000,0.000000,3415.000000,1463.000000,0.000000,0.000000,0.000000,0.000000,3078.000000,1450.000000,0.000000,0.000000,0.000000,0.000000,496.000000,364.000000,0.000000,0.000000,10266.000000,4878.000000,4528.000000,860.000000,10266.000000,0.000000,53.491853,66.744754,0.139499,-0.343848,0.000000,0.000000,LoadingResponse,1.000000,0.000000,0.000000,ambiguous_stair,
1565,2026-05-14 23:09:25,78.250000,2026-5-14_stair2_left.csv,stair2,0.000000,0.000000,3415.000000,1463.000000,0.000000,0.000000,0.000000,0.000000,3078.000000,1450.000000,0.000000,0.000000,0.000000,0.000000,496.000000,364.000000,0.000000,0.000000,10266.000000,4878.000000,4528.000000,860.000000,10266.000000,0.000000,53.491853,66.744754,0.139499,-0.343848,0.000000,0.000000,LoadingResponse,1.000000,0.000000,0.000000,ambiguous_stair,
1566,2026-05-14 23:09:25,78.300000,2026-5-14_stair2_left.csv,stair2,0.000000,0.000000,3415.000000,1463.000000,0.000000,0.000000,0.000000,0.000000,3078.000000,1450.000000,0.000000,0.000000,0.000000,0.000000,496.000000,364.000000,0.000000,0.000000,10266.000000,4878.000000,4528.000000,860.000000,10266.000000,0.000000,53.491853,66.744754,0.139499,-0.343848,0.000000,0.000000,LoadingResponse,1.000000,0.000000,0.000000,ambiguous_stair,
1567,2026-05-14 23:09:25,78.350000,2026-5-14_stair2_left.csv,stair2,0.000000,0.000000,3415.000000,1463.000000,0.000000,0.000000,0.000000,0.000000,3078.000000,1450.000000,0.000000,0.000000,0.000000,0.000000,496.000000,364.000000,0.000000,0.000000,10266.000000,4878.000000,4528.000000,860.000000,10266.000000,0.000000,53.491853,66.744754,0.139499,-0.343848,0.000000,0.000000,LoadingResponse,1.000000,0.000000,0.000000,ambiguous_stair,
1568,2026-05-14 23:09:25,78.400000,2026-5-14_stair2_left.csv,stair2,0.000000,0.000000,3415.000000,1463.000000,0.000000,0.000000,0.000000,0.000000,3078.000000,1450.000000,0.000000,0.000000,0.000000,0.000000,496.000000,364.000000,0.000000,0.000000,10266.000000,4878.000000,4528.000000,860.000000,10266.000000,0.000000,53.491853,66.744754,0.139499,-0.343848,0.000000,0.000000,LoadingResponse,1.000000,0.000000,0.000000,ambiguous_stair,
1569,2026-05-14 23:09:25,78.450000,2026-5-14_stair2_left.csv,stair2,0.000000,0.000000,3415.000000,1463.000000,0.000000,0.000000,0.000000,0.000000,3078.000000,1450.000000,0.000000,0.000000,0.000000,0.000000,496.000000,364.000000,0.000000,0.000000,10266.000000,4878.000000,4528.000000,860.000000,10266.000000,0.000000,53.491853,66.744754,0.139499,-0.343848,0.000000,0.000000,LoadingResponse,1.000000,0.000000,0.000000,ambiguous_stair,
