sample_index,timestamp,time_s,source_file,activity_hint,L1_g,L2_g,L3_g,L4_g,L5_g,L6_g,L7_g,L8_g,L9_g,L10_g,L11_g,L12_g,L13_g,L14_g,L15_g,L16_g,L17_g,L18_g,total_g,p_fore_g,p_arch_g,p_heel_g,p_medial_g,p_lateral_g,cop_x_mm,cop_y_mm,cop_ap_norm,cop_ml_norm,cop_ap_dot_norm_s,cop_ml_dot_norm_s,gait_state,stance_phase,tau_proxy_pf_nm,tau_proxy_pf_nm_clipped,activity_pred,quality_flags
0,2026-05-14 22:58:51,0.000000,2026-5-14_levelground 2_left.csv,level_walking,0.000000,0.000000,2847.000000,621.000000,0.000000,0.000000,0.000000,0.000000,1386.000000,369.000000,0.000000,0.000000,0.000000,0.000000,0.000000,0.000000,0.000000,0.000000,5223.000000,3468.000000,1755.000000,0.000000,5223.000000,0.000000,0.000000,0.000000,0.000000,0.000000,0.000000,0.000000,Swing,0.000000,0.000000,0.000000,level walking,cop_invalid
1,2026-05-14 22:58:51,0.050000,2026-5-14_levelground 2_left.csv,level_walking,0.000000,0.000000,2847.000000,621.000000,0.000000,0.000000,0.000000,0.000000,1386.000000,369.000000,0.000000,0.000000,0.000000,0.000000,0.000000,0.000000,0.000000,0.000000,5223.000000,3468.000000,1755.000000,0.000000,5223.000000,0.000000,0.000000,0.000000,0.000000,0.000000,0.000000,0.000000,Swing,0.000000,0.000000,0.000000,level walking,cop_invalid
2,2026-05-14 22:58:51,0.100000,2026-5-14_levelground 2_left.csv,level_walking,0.000000,0.000000,2847.000000,621.000000,0.000000,0.000000,0.000000,0.000000,1386.000000,369.000000,0.000000,0.000000,0.000000,0.000000,0.000000,0.000000,0.000000,0.000000,5223.000000,3468.000000,1755.000000,0.000000,5223.000000,0.000000,48.606565,56.431373,0.091645,-0.221117,0.000000,0.000000,InitialContact,0.000000,0.000000,0.000000,level walking,
3,2026-05-14 22:58:51,0.150000,2026-5-14_levelground 2_left.csv,level_walking,0.000000,0.000000,2847.000000,621.000000,0.000000,0.000000,0.000000,0.000000,1386.000000,369.000000,0.000000,0.000000,0.000000,0.000000,0.000000,0.000000,0.000000,0.000000,5223.000000,3468.000000,1755.000000,0.000000,5223.000000,0.000000,48.606565,56.431373,0.091645,-0.221117,0.000000,0.000000,InitialContact,0.076923,0.000000,0.000000,level walking,
4,2026-05-14 22:58:51,0.200000,2026-5-14_levelground 2_left.csv,level_walking,0.000000,0.000000,2847.000000,621.000000,0.000000,0.000000,0.000000,0.000000,1386.000000,369.000000,0.000000,0.000000,0.000000,0.000000,0.000000,0.000000,0.000000,0.000000,5223.000000,3468.000000,1755.000000,0.000000,5223.000000,0.000000,48.606565,56.431373,0.091645,-0.221117,0.000000,0.000000,LoadingResponse,0.153846,0.000000,0.000000,level walking,
5,2026-05-14 22:58:51,0.250000,2026-5-14_levelground 2_left.csv,level_walking,0.000000,0.000000,2847.000000,621.000000,0.000000,0.000000,0.000000,0.000000,1386.000000,369.000000,0.000000,0.000000,0.000000,0.000000,0.000000,0.000000,0.000000,0.000000,5223.000000,3468.000000,1755.000000,0.000000,5223.000000,0.000000,48.606565,56.431373,0.091645,-0.221117,0.000000,0.000000,LoadingResponse,0.230769,0.000000,0.000000,level walking,
6,2026-05-14 22:58:51,0.300000,2026-5-14_levelground 2_left.csv,level_walking,0.000000,0.000000,2847.000000,621.000000,0.000000,0.000000,0.000000,0.000000,1386.000000,369.000000,0.000000,0.000000,0.000000,0.000000,0.000000,0.000000,0.000000,0.000000,5223.000000,3468.000000,1755.000000,0.000000,5223.000000,0.000000,48.606565,56.431373,0.091645,-0.221117,0.000000,0.000000,LoadingResponse,0.307692,0.000000,0.000000,level walking,
7,2026-05-14 22:58:51,0.350000,2026-5-14_levelground 2_left.csv,level_walking,0.000000,0.000000,2847.000000,621.000000,0.000000,0.000000,0.000000,0.000000,1386.000000,369.000000,0.000000,0.000000,0.000000,0.000000,0.000000,0.000000,0.000000,0.000000,5223.000000,3468.000000,1755.000000,0.000000,5223.000000,0.000000,48.606565,56.431373,0.091645,-0.221117,0.000000,0.000000,LoadingResponse,0.384615,0.000000,0.000000,level walking,
8,2026-05-14 22:58:51,0.400000,2026-5-14_levelground 2_left.csv,level_walking,0.000000,0.000000,2847.000000,621.000000,0.000000,0.000000,0.000000,0.000000,1386.000000,369.000000,0.000000,0.000000,0.000000,0.000000,0.000000,0.000000,0.000000,0.000000,5223.000000,3468.000000,1755.000000,0.000000,5223.000000,0.000000,48.606565,56.431373,0.091645,-0.221117,0.000000,0.000000,LoadingResponse,0.461538,0.000000,0.000000,level walking,
9,2026-05-14 22:58:51,0.450000,2026-5-14_levelground 2_left.csv,level_walking,0.000000,0.000000,2847.000000,621.000000,0.000000,0.000000,0.000000,0.000000,1386.000000,369.000000,0.000000,0.000000,0.000000,0.000000,0.000000,0.000000,0.000000,0.000000,5223.000000,3468.000000,1755.000000,0.000000,5223.000000,0.000000,48.606565,56.431373,0.091645,-0.221117,0.000000,0.000000,LoadingResponse,0.538462,0.000000,0.000000,level walking,
10,2026-05-14 22:58:51,0.500000,2026-5-14_levelground 2_left.csv,level_walking,0.000000,0.000000,2847.000000,621.000000,0.000000,0.000000,0.000000,0.000000,1386.000000,369.000000,0.000000,0.000000,0.000000,0.000000,0.000000,0.000000,0.000000,0.000000,5223.000000,3468.000000,1755.000000,0.000000,5223.000000,0.000000,48.606565,56.431373,0.091645,-0.221117,0.000000,0.000000,LoadingResponse,0.615385,0.000000,0.000000,level walking,
11,2026-05-14 22:58:51,0.550000,2026-5-14_levelground 2_left.csv,level_walking,0.000000,0.000000,2847.000000,621.000000,0.000000,0.000000,0.000000,0.000000,1386.000000,369.000000,0.000000,0.000000,0.000000,0.000000,0.000000,0.000000,0.000000,0.000000,5223.000000,3468.000000,1755.000000,0.000000,5223.000000,0.000000,48.606565,56.431373,0.091645,-0.221117,0.000000,0.000000,LoadingResponse,0.692308,0.000000,0.000000,level walking,
12,2026-05-14 22:58:51,0.600000,2026-5-14_levelground 2_left.csv,level_walking,0.000000,0.000000,2847.000000,621.000000,0.000000,0.000000,0.000000,0.000000,1386.000000,369.000000,0.000000,0.000000,0.000000,0.000000,0.000000,0.000000,0.000000,0.000000,5223.000000,3468.000000,1755.000000,0.000000,5223.000000,0.000000,48.606565,56.431373,0.091645,-0.221117,0.000000,0.000000,LoadingResponse,0.769231,0.000000,0.000000,level walking,
13,2026-05-14 22:58:52,0.650000,2026-5-14_levelground 2_left.csv,level_walking,0.000000,0.000000,2847.000000,621.000000,0.000000,0.000000,0.000000,0.000000,1386.000000,369.000000,0.000000,0.000000,0.000000,0.000000,0.000000,0.000000,0.000000,0.000000,5223.000000,3468.000000,1755.000000,0.000000,5223.000000,0.000000,48.606565,56.431373,0.091645,-0.221117,0.000000,0.000000,LoadingResponse,0.846154,0.000000,0.000000,level walking,
14,2026-05-14 22:58:52,0.700000,2026-5-14_levelground 2_left.csv,level_walking,0.000000,0.000000,2847.000000,621.000000,0.000000,0.000000,0.000000,0.000000,1386.000000,369.000000,0.000000,0.000000,0.000000,0.000000,0.000000,0.000000,0.000000,0.000000,5223.000000,3468.000000,1755.000000,0.000000,5223.000000,0.000000,48.606565,56.431373,0.091645,-0.221117,0.000000,0.000000,LoadingResponse,0.923077,0.000000,0.000000,level walking,
15,2026-05-14 22:58:52,0.750000,2026-5-14_levelground 2_left.csv,level_walking,0.000000,0.000000,2847.000000,621.000000,0.000000,0.000000,0.000000,0.000000,1386.000000,369.000000,0.000000,0.000000,0.000000,0.000000,0.000000,0.000000,0.000000,0.000000,5223.000000,3468.000000,1755.000000,0.000000,5223.000000,0.000000,48.606565,56.431373,0.091645,-0.221117,0.000000,0.000000,LoadingResponse,1.000000,0.000000,0.000000,level walking,
16,2026-05-14 22:58:52,0.800000,2026-5-14_levelground 2_left.csv,level_walking,0.000000,0.000000,2847.000000,621.000000,0.000000,0.000000,0.000000,0.000000,1386.000000,369.000000,0.000000,0.000000,0.000000,0.000000,0.000000,0.000000,0.000000,0.000000,5223.000000,3468.000000,1755.000000,0.000000,5223.000000,0.000000,48.606565,56.431373,0.091645,-0.221117,0.000000,0.000000,LoadingResponse,1.000000,0.000000,0.000000,level walking,
17,2026-05-14 22:58:52,0.850000,2026-5-14_levelground 2_left.csv,level_walking,0.000000,0.000000,2847.000000,621.000000,0.000000,0.000000,0.000000,0.000000,1386.000000,369.000000,0.000000,0.000000,0.000000,0.000000,0.000000,0.000000,0.000000,0.000000,5223.000000,3468.000000,1755.000000,0.000000,5223.000000,0.000000,48.606565,56.431373,0.091645,-0.221117,0.000000,0.000000,LoadingResponse,1.000000,0.000000,0.000000,level walking,
18,2026-05-14 22:58:52,0.900000,2026-5-14_levelground 2_left.csv,level_walking,0.000000,0.000000,2847.000000,621.000000,0.000000,0.000000,0.000000,0.000000,1386.000000,369.000000,0.000000,0.000000,0.000000,0.000000,0.000000,0.000000,0.000000,0.000000,5223.000000,3468.000000,1755.000000,0.000000,5223.000000,0.000000,48.606565,56.431373,0.091645,-0.221117,0.000000,0.000000,LoadingResponse,1.000000,0.000000,0.000000,level walking,
19,2026-05-14 22:58:52,0.950000,2026-5-14_levelground 2_left.csv,level_walking,0.000000,0.000000,2847.000000,621.000000,0.000000,0.000000,0.000000,0.000000,1386.000000,369.000000,0.000000,0.000000,0.000000,0.000000,0.000000,0.000000,0.000000,0.000000,5223.000000,3468.000000,1755.000000,0.000000,5223.000000,0.000000,48.606565,56.431373,0.091645,-0.221117,0.000000,0.000000,LoadingResponse,1.000000,0.000000,0.000000,level walking,
20,2026-05-14 22:58:52,1.000000,2026-5-14_levelground 2_left.csv,level_walking,0.000000,0.000000,2847.000000,621.000000,0.000000,0.000000,0.000000,0.000000,1386.000000,369.000000,0.000000,0.000000,0.000000,0.000000,0.000000,0.000000,0.000000,0.000000,5223.000000,3468.000000,1755.000000,0.000000,5223.000000,0.000000,48.606565,56.431373,0.091645,-0.221117,0.000000,0.000000,LoadingResponse,1.000000,0.000000,0.000000,level walking,
21,2026-05-14 22:58:52,1.050000,2026-5-14_levelground 2_left.csv,level_walking,0.000000,0.000000,2847.000000,621.000000,0.000000,0.000000,0.000000,0.000000,1386.000000,369.000000,0.000000,0.000000,0.000000,0.000000,0.000000,0.000000,0.000000,0.000000,5223.000000,3468.000000,1755.000000,0.000000,5223.000000,0.000000,48.606565,56.431373,0.091645,-0.221117,0.000000,0.000000,LoadingResponse,1.000000,0.000000,0.000000,level walking,
22,2026-05-14 22:58:52,1.100000,2026-5-14_levelground 2_left.csv,level_walking,0.000000,0.000000,2847.000000,621.000000,0.000000,0.000000,0.000000,0.000000,1386.000000,369.000000,0.000000,0.000000,0.000000,0.000000,0.000000,0.000000,0.000000,0.000000,5223.000000,3468.000000,1755.000000,0.000000,5223.000000,0.000000,48.606565,56.431373,0.091645,-0.221117,0.000000,0.000000,LoadingResponse,1.000000,0.000000,0.000000,level walking,
23,2026-05-14 22:58:52,1.150000,2026-5-14_levelground 2_left.csv,level_walking,0.000000,0.000000,2847.000000,621.000000,0.000000,0.000000,0.000000,0.000000,1386.000000,369.000000,0.000000,0.000000,0.000000,0.000000,0.000000,0.000000,0.000000,0.000000,5223.000000,3468.000000,1755.000000,0.000000,5223.000000,0.000000,48.606565,56.431373,0.091645,-0.221117,0.000000,0.000000,LoadingResponse,1.000000,0.000000,0.000000,level walking,
24,2026-05-14 22:58:52,1.200000,2026-5-14_levelground 2_left.csv,level_walking,0.000000,0.000000,2847.000000,621.000000,0.000000,0.000000,0.000000,0.000000,1386.000000,369.000000,0.000000,0.000000,0.000000,0.000000,0.000000,0.000000,0.000000,0.000000,5223.000000,3468.000000,1755.000000,0.000000,5223.000000,0.000000,48.606565,56.431373,0.091645,-0.221117,0.000000,0.000000,LoadingResponse,1.000000,0.000000,0.000000,level walking,
25,2026-05-14 22:58:52,1.250000,2026-5-14_levelground 2_left.csv,level_walking,0.000000,0.000000,2847.000000,621.000000,0.000000,0.000000,0.000000,0.000000,1386.000000,369.000000,0.000000,0.000000,0.000000,0.000000,0.000000,0.000000,0.000000,0.000000,5223.000000,3468.000000,1755.000000,0.000000,5223.000000,0.000000,48.606565,56.431373,0.091645,-0.221117,0.000000,0.000000,LoadingResponse,1.000000,0.000000,0.000000,level walking,
26,2026-05-14 22:58:52,1.300000,2026-5-14_levelground 2_left.csv,level_walking,0.000000,0.000000,2847.000000,621.000000,0.000000,0.000000,0.000000,0.000000,1386.000000,369.000000,0.000000,0.000000,0.000000,0.000000,0.000000,0.000000,0.000000,0.000000,5223.000000,3468.000000,1755.000000,0.000000,5223.000000,0.000000,48.606565,56.431373,0.091645,-0.221117,0.000000,0.000000,LoadingResponse,1.000000,0.000000,0.000000,level walking,
27,2026-05-14 22:58:52,1.350000,2026-5-14_levelground 2_left.csv,level_walking,0.000000,0.000000,2847.000000,621.000000,0.000000,0.000000,0.000000,0.000000,1386.000000,369.000000,0.000000,0.000000,0.000000,0.000000,0.000000,0.000000,0.000000,0.000000,5223.000000,3468.000000,1755.000000,0.000000,5223.000000,0.000000,48.606565,56.431373,0.091645,-0.221117,0.000000,0.000000,LoadingResponse,1.000000,0.000000,0.000000,level walking,
28,2026-05-14 22:58:52,1.400000,2026-5-14_levelground 2_left.csv,level_walking,0.000000,0.000000,2847.000000,621.000000,0.000000,0.000000,0.000000,0.000000,1386.000000,369.000000,0.000000,0.000000,0.000000,0.000000,0.000000,0.000000,0.000000,0.000000,5223.000000,3468.000000,1755.000000,0.000000,5223.000000,0.000000,48.606565,56.431373,0.091645,-0.221117,0.000000,0.000000,LoadingResponse,1.000000,0.000000,0.000000,level walking,
29,2026-05-14 22:58:52,1.450000,2026-5-14_levelground 2_left.csv,level_walking,0.000000,0.000000,2847.000000,621.000000,0.000000,0.000000,0.000000,0.000000,1386.000000,369.000000,0.000000,0.000000,0.000000,0.000000,0.000000,0.000000,0.000000,0.000000,5223.000000,3468.000000,1755.000000,0.000000,5223.000000,0.000000,48.606565,56.431373,0.091645,-0.221117,0.000000,0.000000,LoadingResponse,1.000000,0.000000,0.000000,level walking,
30,2026-05-14 22:58:52,1.500000,2026-5-14_levelground 2_left.csv,level_walking,0.000000,0.000000,2847.000000,621.000000,0.000000,0.000000,0.000000,0.000000,1386.000000,369.000000,0.000000,0.000000,0.000000,0.000000,0.000000,0.000000,0.000000,0.000000,5223.000000,3468.000000,1755.000000,0.000000,5223.000000,0.000000,48.606565,56.431373,0.091645,-0.221117,0.000000,0.000000,LoadingResponse,1.000000,0.000000,0.000000,level walking,
31,2026-05-14 22:58:52,1.550000,2026-5-14_levelground 2_left.csv,level_walking,0.000000,0.000000,2847.000000,621.000000,0.000000,0.000000,0.000000,0.000000,1386.000000,369.000000,0.000000,0.000000,0.000000,0.000000,0.000000,0.000000,0.000000,0.000000,5223.000000,3468.000000,1755.000000,0.000000,5223.000000,0.000000,48.606565,56.431373,0.091645,-0.221117,0.000000,0.000000,LoadingResponse,1.000000,0.000000,0.000000,level walking,
32,2026-05-14 22:58:52,1.600000,2026-5-14_levelground 2_left.csv,level_walking,0.000000,0.000000,2847.000000,621.000000,0.000000,0.000000,0.000000,0.000000,1386.000000,369.000000,0.000000,0.000000,0.000000,0.000000,0.000000,0.000000,0.000000,0.000000,5223.000000,3468.000000,1755.000000,0.000000,5223.000000,0.000000,48.606565,56.431373,0.091645,-0.221117,0.000000,0.000000,LoadingResponse,1.000000,0.000000,0.000000,level walking,
33,2026-05-14 22:58:53,1.650000,2026-5-14_levelground 2_left.csv,level_walking,0.000000,0.000000,2847.000000,621.000000,0.000000,0.000000,0.000000,0.000000,1386.000000,369.000000,0.000000,0.000000,0.000000,0.000000,0.000000,0.000000,0.000000,0.000000,5223.000000,3468.000000,1755.000000,0.000000,5223.000000,0.000000,48.606565,56.431373,0.091645,-0.221117,0.000000,0.000000,LoadingResponse,1.000000,0.000000,0.000000,level walking,
34,2026-05-14 22:58:53,1.700000,2026-5-14_levelground 2_left.csv,level_walking,0.000000,0.000000,2847.000000,621.000000,0.000000,0.000000,0.000000,0.000000,1386.000000,369.000000,0.000000,0.000000,0.000000,0.000000,0.000000,0.000000,0.000000,0.000000,5223.000000,3468.000000,1755.000000,0.000000,5223.000000,0.000000,48.606565,56.431373,0.091645,-0.221117,0.000000,0.000000,LoadingResponse,1.000000,0.000000,0.000000,level walking,
35,2026-05-14 22:58:53,1.750000,2026-5-14_levelground 2_left.csv,level_walking,0.000000,0.000000,2847.000000,621.000000,0.000000,0.000000,0.000000,0.000000,1386.000000,369.000000,0.000000,0.000000,0.000000,0.000000,0.000000,0.000000,0.000000,0.000000,5223.000000,3468.000000,1755.000000,0.000000,5223.000000,0.000000,48.606565,56.431373,0.091645,-0.221117,0.000000,0.000000,LoadingResponse,1.000000,0.000000,0.000000,level walking,
36,2026-05-14 22:58:53,1.800000,2026-5-14_levelground 2_left.csv,level_walking,0.000000,0.000000,2847.000000,621.000000,0.000000,0.000000,0.000000,0.000000,1386.000000,369.000000,0.000000,0.000000,0.000000,0.000000,0.000000,0.000000,0.000000,0.000000,5223.000000,3468.000000,1755.000000,0.000000,5223.000000,0.000000,48.606565,56.431373,0.091645,-0.221117,0.000000,0.000000,LoadingResponse,1.000000,0.000000,0.000000,level walking,
37,2026-05-14 22:58:53,1.850000,2026-5-14_levelground 2_left.csv,level_walking,0.000000,0.000000,2847.000000,621.000000,0.000000,0.000000,0.000000,0.000000,1386.000000,369.000000,0.000000,0.000000,0.000000,0.000000,0.000000,0.000000,0.000000,0.000000,5223.000000,3468.000000,1755.000000,0.000000,5223.000000,0.000000,48.606565,56.431373,0.091645,-0.221117,0.000000,0.000000,LoadingResponse,1.000000,0.000000,0.000000,level walking,
38,2026-05-14 22:58:53,1.900000,2026-5-14_levelground 2_left.csv,level_walking,0.000000,0.000000,2847.000000,621.000000,0.000000,0.000000,0.000000,0.000000,1386.000000,369.000000,0.000000,0.000000,0.000000,0.000000,0.000000,0.000000,0.000000,0.000000,5223.000000,3468.000000,1755.000000,0.000000,5223.000000,0.000000,48.606565,56.431373,0.091645,-0.221117,0.000000,0.000000,LoadingResponse,1.000000,0.000000,0.000000,level walking,
39,2026-05-14 22:58:53,1.950000,2026-5-14_levelground 2_left.csv,level_walking,0.000000,0.000000,2847.000000,621.000000,0.000000,0.000000,0.000000,0.000000,1386.000000,369.000000,0.000000,0.000000,0.000000,0.000000,0.000000,0.000000,0.000000,0.000000,5223.000000,3468.000000,1755.000000,0.000000,5223.000000,0.000000,48.606565,56.431373,0.091645,-0.221117,0.000000,0.000000,LoadingResponse,1.000000,0.000000,0.000000,level walking,
40,2026-05-14 22:58:53,2.000000,2026-5-14_levelground 2_left.csv,level_walking,0.000000,0.000000,2847.000000,621.000000,0.000000,0.000000,0.000000,0.000000,1386.000000,369.000000,0.000000,0.000000,0.000000,0.000000,0.000000,0.000000,0.000000,0.000000,5223.000000,3468.000000,1755.000000,0.000000,5223.000000,0.000000,48.606565,56.431373,0.091645,-0.221117,0.000000,0.000000,LoadingResponse,1.000000,0.000000,0.000000,level walking,
41,2026-05-14 22:58:53,2.050000,2026-5-14_levelground 2_left.csv,level_walking,0.000000,0.000000,2847.000000,621.000000,0.000000,0.000000,0.000000,0.000000,1386.000000,369.000000,0.000000,0.000000,0.000000,0.000000,0.000000,0.000000,0.000000,0.000000,5223.000000,3468.000000,1755.000000,0.000000,5223.000000,0.000000,48.606565,56.431373,0.091645,-0.221117,0.000000,0.000000,LoadingResponse,1.000000,0.000000,0.000000,level walking,
42,2026-05-14 22:58:53,2.100000,2026-5-14_levelground 2_left.csv,level_walking,0.000000,0.000000,2847.000000,621.000000,0.000000,0.000000,0.000000,0.000000,1386.000000,369.000000,0.000000,0.000000,0.000000,0.000000,0.000000,0.000000,0.000000,0.000000,5223.000000,3468.000000,1755.000000,0.000000,5223.000000,0.000000,48.606565,56.431373,0.091645,-0.221117,0.000000,0.000000,LoadingResponse,1.000000,0.000000,0.000000,level walking,
43,2026-05-14 22:58:53,2.150000,2026-5-14_levelground 2_left.csv,level_walking,0.000000,0.000000,2847.000000,621.000000,0.000000,0.000000,0.000000,0.000000,1386.000000,369.000000,0.000000,0.000000,0.000000,0.000000,0.000000,0.000000,0.000000,0.000000,5223.000000,3468.000000,1755.000000,0.000000,5223.000000,0.000000,48.606565,56.431373,0.091645,-0.221117,0.000000,0.000000,LoadingResponse,1.000000,0.000000,0.000000,level walking,
44,2026-05-14 22:58:53,2.200000,2026-5-14_levelground 2_left.csv,level_walking,0.000000,0.000000,2847.000000,621.000000,0.000000,0.000000,0.000000,0.000000,1386.000000,369.000000,0.000000,0.000000,0.000000,0.000000,0.000000,0.000000,0.000000,0.000000,5223.000000,3468.000000,1755.000000,0.000000,5223.000000,0.000000,48.606565,56.431373,0.091645,-0.221117,0.000000,0.000000,LoadingResponse,1.000000,0.000000,0.000000,level walking,
45,2026-05-14 22:58:53,2.250000,2026-5-14_levelground 2_left.csv,level_walking,0.000000,0.000000,2847.000000,621.000000,0.000000,0.000000,0.000000,0.000000,1386.000000,369.000000,0.000000,0.000000,0.000000,0.000000,0.000000,0.000000,0.000000,0.000000,5223.000000,3468.000000,1755.000000,0.000000,5223.000000,0.000000,48.606565,56.431373,0.091645,-0.221117,0.000000,0.000000,LoadingResponse,1.000000,0.000000,0.000000,level walking,
46,2026-05-14 22:58:53,2.300000,2026-5-14_levelground 2_left.csv,level_walking,0.000000,0.000000,2847.000000,621.000000,0.000000,0.000000,0.000000,0.000000,1386.000000,369.000000,0.000000,0.000000,0.000000,0.000000,0.000000,0.000000,0.000000,0.000000,5223.000000,3468.000000,1755.000000,0.000000,5223.000000,0.000000,48.606565,56.431373,0.091645,-0.221117,0.000000,0.000000,LoadingResponse,1.000000,0.000000,0.000000,level walking,
47,2026-05-14 22:58:53,2.350000,2026-5-14_levelground 2_left.csv,level_walking,0.000000,0.000000,2847.000000,621.000000,0.000000,0.000000,0.000000,0.000000,1386.000000,369.000000,0.000000,0.000000,0.000000,0.000000,0.000000,0.000000,0.000000,0.000000,5223.000000,3468.000000,1755.000000,0.000000,5223.000000,0.000000,48.606565,56.431373,0.091645,-0.221117,0.000000,0.000000,LoadingResponse,1.000000,0.000000,0.000000,level walking,
48,2026-05-14 22:58:53,2.400000,2026-5-14_levelground 2_left.csv,level_walking,0.000000,0.000000,2847.000000,621.000000,0.000000,0.000000,0.000000,0.000000,1386.000000,369.000000,0.000000,0.000000,0.000000,0.000000,0.000000,0.000000,0.000000,0.000000,5223.000000,3468.000000,1755.000000,0.000000,5223.000000,0.000000,48.606565,56.431373,0.091645,-0.221117,0.000000,0.000000,LoadingResponse,1.000000,0.000000,0.000000,level walking,
49,2026-05-14 22:58:53,2.450000,2026-5-14_levelground 2_left.csv,level_walking,0.000000,0.000000,2847.000000,621.000000,0.000000,0.000000,0.000000,0.000000,1386.000000,369.000000,0.000000,0.000000,0.000000,0.000000,0.000000,0.000000,0.000000,0.000000,5223.000000,3468.000000,1755.000000,0.000000,5223.000000,0.000000,48.606565,56.431373,0.091645,-0.221117,0.000000,0.000000,LoadingResponse,1.000000,0.000000,0.000000,level walking,
50,2026-05-14 22:58:53,2.500000,2026-5-14_levelground 2_left.csv,level_walking,0.000000,0.000000,2847.000000,621.000000,0.000000,0.000000,0.000000,0.000000,1386.000000,369.000000,0.000000,0.000000,0.000000,0.000000,0.000000,0.000000,0.000000,0.000000,5223.000000,3468.000000,1755.000000,0.000000,5223.000000,0.000000,48.606565,56.431373,0.091645,-0.221117,0.000000,0.000000,LoadingResponse,1.000000,0.000000,0.000000,level walking,
51,2026-05-14 22:58:53,2.550000,2026-5-14_levelground 2_left.csv,level_walking,0.000000,0.000000,2847.000000,621.000000,0.000000,0.000000,0.000000,0.000000,1386.000000,369.000000,0.000000,0.000000,0.000000,0.000000,0.000000,0.000000,0.000000,0.000000,5223.000000,3468.000000,1755.000000,0.000000,5223.000000,0.000000,48.606565,56.431373,0.091645,-0.221117,0.000000,0.000000,LoadingResponse,1.000000,0.000000,0.000000,level walking,
52,2026-05-14 22:58:53,2.600000,2026-5-14_levelground 2_left.csv,level_walking,0.000000,0.000000,2847.000000,621.000000,0.000000,0.000000,0.000000,0.000000,1386.000000,369.000000,0.000000,0.000000,0.000000,0.000000,0.000000,0.000000,0.000000,0.000000,5223.000000,3468.000000,1755.000000,0.000000,5223.000000,0.000000,48.606565,56.431373,0.091645,-0.221117,0.000000,0.000000,LoadingResponse,1.000000,0.000000,0.000000,level walking,
53,2026-05-14 22:58:54,2.650000,2026-5-14_levelground 2_left.csv,level_walking,0.000000,0.000000,2847.000000,621.000000,0.000000,0.000000,0.000000,0.000000,1386.000000,369.000000,0.000000,0.000000,0.000000,0.000000,0.000000,0.000000,0.000000,0.000000,5223.000000,3468.000000,1755.000000,0.000000,5223.000000,0.000000,48.606565,56.431373,0.091645,-0.221117,0.000000,0.000000,LoadingResponse,1.000000,0.000000,0.000000,level walking,
54,2026-05-14 22:58:54,2.700000,2026-5-14_levelground 2_left.csv,level_walking,0.000000,0.000000,2847.000000,621.000000,0.000000,0.000000,0.000000,0.000000,1386.000000,369.000000,0.000000,0.000000,0.000000,0.000000,0.000000,0.000000,0.000000,0.000000,5223.000000,3468.000000,1755.000000,0.000000,5223.000000,0.000000,48.606565,56.431373,0.091645,-0.221117,0.000000,0.000000,LoadingResponse,1.000000,0.000000,0.000000,level walking,
55,2026-05-14 22:58:54,2.750000,2026-5-14_levelground 2_left.csv,level_walking,0.000000,0.000000,2847.000000,621.000000,0.000000,0.000000,0.000000,0.000000,1386.000000,369.000000,0.000000,0.000000,0.000000,0.000000,0.000000,0.000000,0.000000,0.000000,5223.000000,3468.000000,1755.000000,0.000000,5223.000000,0.000000,48.606565,56.431373,0.091645,-0.221117,0.000000,0.000000,LoadingResponse,1.000000,0.000000,0.000000,level walking,
56,2026-05-14 22:58:54,2.800000,2026-5-14_levelground 2_left.csv,level_walking,0.000000,0.000000,2847.000000,621.000000,0.000000,0.000000,0.000000,0.000000,1386.000000,369.000000,0.000000,0.000000,0.000000,0.000000,0.000000,0.000000,0.000000,0.000000,5223.000000,3468.000000,1755.000000,0.000000,5223.000000,0.000000,48.606565,56.431373,0.091645,-0.221117,0.000000,0.000000,LoadingResponse,1.000000,0.000000,0.000000,level walking,
57,2026-05-14 22:58:54,2.850000,2026-5-14_levelground 2_left.csv,level_walking,0.000000,0.000000,2847.000000,621.000000,0.000000,0.000000,0.000000,0.000000,1386.000000,369.000000,0.000000,0.000000,0.000000,0.000000,0.000000,0.000000,0.000000,0.000000,5223.000000,3468.000000,1755.000000,0.000000,5223.000000,0.000000,48.606565,56.431373,0.091645,-0.221117,0.000000,0.000000,LoadingResponse,1.000000,0.000000,0.000000,level walking,
58,2026-05-14 22:58:54,2.900000,2026-5-14_levelground 2_left.csv,level_walking,0.000000,0.000000,2847.000000,621.000000,0.000000,0.000000,0.000000,0.000000,1386.000000,369.000000,0.000000,0.000000,0.000000,0.000000,0.000000,0.000000,0.000000,0.000000,5223.000000,3468.000000,1755.000000,0.000000,5223.000000,0.000000,48.606565,56.431373,0.091645,-0.221117,0.000000,0.000000,LoadingResponse,1.000000,0.000000,0.000000,level walking,
59,2026-05-14 22:58:54,2.950000,2026-5-14_levelground 2_left.csv,level_walking,0.000000,0.000000,2847.000000,621.000000,0.000000,0.000000,0.000000,0.000000,1386.000000,369.000000,0.000000,0.000000,0.000000,0.000000,0.000000,0.000000,0.000000,0.000000,5223.000000,3468.000000,1755.000000,0.000000,5223.000000,0.000000,48.606565,56.431373,0.091645,-0.221117,0.000000,0.000000,LoadingResponse,1.000000,0.000000,0.000000,level walking,
60,2026-05-14 22:58:54,3.000000,2026-5-14_levelground 2_left.csv,level_walking,0.000000,0.000000,2847.000000,621.000000,0.000000,0.000000,0.000000,0.000000,1386.000000,369.000000,0.000000,0.000000,0.000000,0.000000,0.000000,0.000000,0.000000,0.000000,5223.000000,3468.000000,1755.000000,0.000000,5223.000000,0.000000,48.606565,56.431373,0.091645,-0.221117,0.000000,0.000000,LoadingResponse,1.000000,0.000000,0.000000,level walking,
61,2026-05-14 22:58:54,3.050000,2026-5-14_levelground 2_left.csv,level_walking,0.000000,0.000000,2847.000000,621.000000,0.000000,0.000000,0.000000,0.000000,1386.000000,369.000000,0.000000,0.000000,0.000000,0.000000,0.000000,0.000000,0.000000,0.000000,5223.000000,3468.000000,1755.000000,0.000000,5223.000000,0.000000,48.606565,56.431373,0.091645,-0.221117,0.000000,0.000000,LoadingResponse,1.000000,0.000000,0.000000,level walking,
62,2026-05-14 22:58:54,3.100000,2026-5-14_levelground 2_left.csv,level_walking,0.000000,0.000000,2847.000000,621.000000,0.000000,0.000000,0.000000,0.000000,1386.000000,369.000000,0.000000,0.000000,0.000000,0.000000,0.000000,0.000000,0.000000,0.000000,5223.000000,3468.000000,1755.000000,0.000000,5223.000000,0.000000,48.606565,56.431373,0.091645,-0.221117,0.000000,0.000000,LoadingResponse,1.000000,0.000000,0.000000,level walking,
63,2026-05-14 22:58:54,3.150000,2026-5-14_levelground 2_left.csv,level_walking,0.000000,0.000000,2847.000000,621.000000,0.000000,0.000000,0.000000,0.000000,1386.000000,369.000000,0.000000,0.000000,0.000000,0.000000,0.000000,0.000000,0.000000,0.000000,5223.000000,3468.000000,1755.000000,0.000000,5223.000000,0.000000,48.606565,56.431373,0.091645,-0.221117,0.000000,0.000000,LoadingResponse,1.000000,0.000000,0.000000,level walking,
64,2026-05-14 22:58:54,3.200000,2026-5-14_levelground 2_left.csv,level_walking,0.000000,0.000000,2847.000000,621.000000,0.000000,0.000000,0.000000,0.000000,1386.000000,369.000000,0.000000,0.000000,0.000000,0.000000,0.000000,0.000000,0.000000,0.000000,5223.000000,3468.000000,1755.000000,0.000000,5223.000000,0.000000,48.606565,56.431373,0.091645,-0.221117,0.000000,0.000000,LoadingResponse,1.000000,0.000000,0.000000,level walking,
65,2026-05-14 22:58:54,3.250000,2026-5-14_levelground 2_left.csv,level_walking,0.000000,0.000000,2847.000000,621.000000,0.000000,0.000000,0.000000,0.000000,1386.000000,369.000000,0.000000,0.000000,0.000000,0.000000,0.000000,0.000000,0.000000,0.000000,5223.000000,3468.000000,1755.000000,0.000000,5223.000000,0.000000,48.606565,56.431373,0.091645,-0.221117,0.000000,0.000000,LoadingResponse,1.000000,0.000000,0.000000,level walking,
66,2026-05-14 22:58:54,3.300000,2026-5-14_levelground 2_left.csv,level_walking,0.000000,0.000000,2847.000000,621.000000,0.000000,0.000000,0.000000,0.000000,1386.000000,369.000000,0.000000,0.000000,0.000000,0.000000,0.000000,0.000000,0.000000,0.000000,5223.000000,3468.000000,1755.000000,0.000000,5223.000000,0.000000,48.606565,56.431373,0.091645,-0.221117,0.000000,0.000000,LoadingResponse,1.000000,0.000000,0.000000,level walking,
67,2026-05-14 22:58:54,3.350000,2026-5-14_levelground 2_left.csv,level_walking,0.000000,0.000000,2847.000000,621.000000,0.000000,0.000000,0.000000,0.000000,1386.000000,369.000000,0.000000,0.000000,0.000000,0.000000,0.000000,0.000000,0.000000,0.000000,5223.000000,3468.000000,1755.000000,0.000000,5223.000000,0.000000,48.606565,56.431373,0.091645,-0.221117,0.000000,0.000000,LoadingResponse,1.000000,0.000000,0.000000,level walking,
68,2026-05-14 22:58:54,3.400000,2026-5-14_levelground 2_left.csv,level_walking,0.000000,0.000000,2847.000000,621.000000,0.000000,0.000000,0.000000,0.000000,1386.000000,369.000000,0.000000,0.000000,0.000000,0.000000,0.000000,0.000000,0.000000,0.000000,5223.000000,3468.000000,1755.000000,0.000000,5223.000000,0.000000,48.606565,56.431373,0.091645,-0.221117,0.000000,0.000000,LoadingResponse,1.000000,0.000000,0.000000,level walking,
69,2026-05-14 22:58:54,3.450000,2026-5-14_levelground 2_left.csv,level_walking,0.000000,0.000000,2847.000000,621.000000,0.000000,0.000000,0.000000,0.000000,1386.000000,369.000000,0.000000,0.000000,0.000000,0.000000,0.000000,0.000000,0.000000,0.000000,5223.000000,3468.000000,1755.000000,0.000000,5223.000000,0.000000,48.606565,56.431373,0.091645,-0.221117,0.000000,0.000000,LoadingResponse,1.000000,0.000000,0.000000,level walking,
70,2026-05-14 22:58:54,3.500000,2026-5-14_levelground 2_left.csv,level_walking,0.000000,0.000000,2847.000000,621.000000,0.000000,0.000000,0.000000,0.000000,1386.000000,369.000000,0.000000,0.000000,0.000000,0.000000,0.000000,0.000000,0.000000,0.000000,5223.000000,3468.000000,1755.000000,0.000000,5223.000000,0.000000,48.606565,56.431373,0.091645,-0.221117,0.000000,0.000000,LoadingResponse,1.000000,0.000000,0.000000,level walking,
71,2026-05-14 22:58:54,3.550000,2026-5-14_levelground 2_left.csv,level_walking,0.000000,0.000000,2847.000000,621.000000,0.000000,0.000000,0.000000,0.000000,1386.000000,369.000000,0.000000,0.000000,0.000000,0.000000,0.000000,0.000000,0.000000,0.000000,5223.000000,3468.000000,1755.000000,0.000000,5223.000000,0.000000,48.606565,56.431373,0.091645,-0.221117,0.000000,0.000000,LoadingResponse,1.000000,0.000000,0.000000,level walking,
72,2026-05-14 22:58:54,3.600000,2026-5-14_levelground 2_left.csv,level_walking,0.000000,0.000000,2847.000000,621.000000,0.000000,0.000000,0.000000,0.000000,1386.000000,369.000000,0.000000,0.000000,0.000000,0.000000,0.000000,0.000000,0.000000,0.000000,5223.000000,3468.000000,1755.000000,0.000000,5223.000000,0.000000,48.606565,56.431373,0.091645,-0.221117,0.000000,0.000000,LoadingResponse,1.000000,0.000000,0.000000,level walking,
73,2026-05-14 22:58:55,3.650000,2026-5-14_levelground 2_left.csv,level_walking,0.000000,0.000000,2847.000000,621.000000,0.000000,0.000000,0.000000,0.000000,1386.000000,369.000000,0.000000,0.000000,0.000000,0.000000,0.000000,0.000000,0.000000,0.000000,5223.000000,3468.000000,1755.000000,0.000000,5223.000000,0.000000,48.606565,56.431373,0.091645,-0.221117,0.000000,0.000000,LoadingResponse,1.000000,0.000000,0.000000,level walking,
74,2026-05-14 22:58:55,3.700000,2026-5-14_levelground 2_left.csv,level_walking,0.000000,0.000000,2847.000000,621.000000,0.000000,0.000000,0.000000,0.000000,1386.000000,369.000000,0.000000,0.000000,0.000000,0.000000,0.000000,0.000000,0.000000,0.000000,5223.000000,3468.000000,1755.000000,0.000000,5223.000000,0.000000,48.606565,56.431373,0.091645,-0.221117,0.000000,0.000000,LoadingResponse,1.000000,0.000000,0.000000,level walking,
75,2026-05-14 22:58:55,3.750000,2026-5-14_levelground 2_left.csv,level_walking,0.000000,0.000000,2847.000000,621.000000,0.000000,0.000000,0.000000,0.000000,1386.000000,369.000000,0.000000,0.000000,0.000000,0.000000,0.000000,0.000000,0.000000,0.000000,5223.000000,3468.000000,1755.000000,0.000000,5223.000000,0.000000,48.606565,56.431373,0.091645,-0.221117,0.000000,0.000000,LoadingResponse,1.000000,0.000000,0.000000,level walking,
76,2026-05-14 22:58:55,3.800000,2026-5-14_levelground 2_left.csv,level_walking,0.000000,0.000000,2847.000000,621.000000,0.000000,0.000000,0.000000,0.000000,1386.000000,369.000000,0.000000,0.000000,0.000000,0.000000,0.000000,0.000000,0.000000,0.000000,5223.000000,3468.000000,1755.000000,0.000000,5223.000000,0.000000,48.606565,56.431373,0.091645,-0.221117,0.000000,0.000000,LoadingResponse,1.000000,0.000000,0.000000,level walking,
77,2026-05-14 22:58:55,3.850000,2026-5-14_levelground 2_left.csv,level_walking,0.000000,0.000000,2847.000000,621.000000,0.000000,0.000000,0.000000,0.000000,1386.000000,369.000000,0.000000,0.000000,0.000000,0.000000,0.000000,0.000000,0.000000,0.000000,5223.000000,3468.000000,1755.000000,0.000000,5223.000000,0.000000,48.606565,56.431373,0.091645,-0.221117,0.000000,0.000000,LoadingResponse,1.000000,0.000000,0.000000,level walking,
78,2026-05-14 22:58:55,3.900000,2026-5-14_levelground 2_left.csv,level_walking,0.000000,0.000000,2847.000000,621.000000,0.000000,0.000000,0.000000,0.000000,1386.000000,369.000000,0.000000,0.000000,0.000000,0.000000,0.000000,0.000000,0.000000,0.000000,5223.000000,3468.000000,1755.000000,0.000000,5223.000000,0.000000,48.606565,56.431373,0.091645,-0.221117,0.000000,0.000000,LoadingResponse,1.000000,0.000000,0.000000,level walking,
79,2026-05-14 22:58:55,3.950000,2026-5-14_levelground 2_left.csv,level_walking,0.000000,0.000000,2847.000000,621.000000,0.000000,0.000000,0.000000,0.000000,1386.000000,369.000000,0.000000,0.000000,0.000000,0.000000,0.000000,0.000000,0.000000,0.000000,5223.000000,3468.000000,1755.000000,0.000000,5223.000000,0.000000,48.606565,56.431373,0.091645,-0.221117,0.000000,0.000000,LoadingResponse,1.000000,0.000000,0.000000,level walking,
80,2026-05-14 22:58:55,4.000000,2026-5-14_levelground 2_left.csv,level_walking,0.000000,0.000000,2847.000000,621.000000,0.000000,0.000000,0.000000,0.000000,1386.000000,369.000000,0.000000,0.000000,0.000000,0.000000,0.000000,0.000000,0.000000,0.000000,5223.000000,3468.000000,1755.000000,0.000000,5223.000000,0.000000,48.606565,56.431373,0.091645,-0.221117,0.000000,0.000000,LoadingResponse,1.000000,0.000000,0.000000,level walking,
81,2026-05-14 22:58:55,4.050000,2026-5-14_levelground 2_left.csv,level_walking,0.000000,0.000000,2847.000000,621.000000,0.000000,0.000000,0.000000,0.000000,1386.000000,369.000000,0.000000,0.000000,0.000000,0.000000,0.000000,0.000000,0.000000,0.000000,5223.000000,3468.000000,1755.000000,0.000000,5223.000000,0.000000,48.606565,56.431373,0.091645,-0.221117,0.000000,0.000000,LoadingResponse,1.000000,0.000000,0.000000,level walking,
82,2026-05-14 22:58:55,4.100000,2026-5-14_levelground 2_left.csv,level_walking,0.000000,0.000000,2847.000000,621.000000,0.000000,0.000000,0.000000,0.000000,1386.000000,369.000000,0.000000,0.000000,0.000000,0.000000,0.000000,0.000000,0.000000,0.000000,5223.000000,3468.000000,1755.000000,0.000000,5223.000000,0.000000,48.606565,56.431373,0.091645,-0.221117,0.000000,0.000000,LoadingResponse,1.000000,0.000000,0.000000,level walking,
83,2026-05-14 22:58:55,4.150000,2026-5-14_levelground 2_left.csv,level_walking,0.000000,0.000000,2847.000000,621.000000,0.000000,0.000000,0.000000,0.000000,1386.000000,369.000000,0.000000,0.000000,0.000000,0.000000,0.000000,0.000000,0.000000,0.000000,5223.000000,3468.000000,1755.000000,0.000000,5223.000000,0.000000,48.606565,56.431373,0.091645,-0.221117,0.000000,0.000000,LoadingResponse,1.000000,0.000000,0.000000,level walking,
84,2026-05-14 22:58:55,4.200000,2026-5-14_levelground 2_left.csv,level_walking,0.000000,0.000000,2847.000000,621.000000,0.000000,0.000000,0.000000,0.000000,1386.000000,369.000000,0.000000,0.000000,0.000000,0.000000,0.000000,0.000000,0.000000,0.000000,5223.000000,3468.000000,1755.000000,0.000000,5223.000000,0.000000,48.606565,56.431373,0.091645,-0.221117,0.000000,0.000000,LoadingResponse,1.000000,0.000000,0.000000,level walking,
85,2026-05-14 22:58:55,4.250000,2026-5-14_levelground 2_left.csv,level_walking,0.000000,0.000000,2847.000000,621.000000,0.000000,0.000000,0.000000,0.000000,1386.000000,369.000000,0.000000,0.000000,0.000000,0.000000,0.000000,0.000000,0.000000,0.000000,5223.000000,3468.000000,1755.000000,0.000000,5223.000000,0.000000,48.606565,56.431373,0.091645,-0.221117,0.000000,0.000000,LoadingResponse,1.000000,0.000000,0.000000,level walking,
86,2026-05-14 22:58:55,4.300000,2026-5-14_levelground 2_left.csv,level_walking,0.000000,0.000000,2847.000000,621.000000,0.000000,0.000000,0.000000,0.000000,1386.000000,369.000000,0.000000,0.000000,0.000000,0.000000,0.000000,0.000000,0.000000,0.000000,5223.000000,3468.000000,1755.000000,0.000000,5223.000000,0.000000,48.606565,56.431373,0.091645,-0.221117,0.000000,0.000000,LoadingResponse,1.000000,0.000000,0.000000,level walking,
87,2026-05-14 22:58:55,4.350000,2026-5-14_levelground 2_left.csv,level_walking,0.000000,0.000000,2847.000000,621.000000,0.000000,0.000000,0.000000,0.000000,1386.000000,369.000000,0.000000,0.000000,0.000000,0.000000,0.000000,0.000000,0.000000,0.000000,5223.000000,3468.000000,1755.000000,0.000000,5223.000000,0.000000,48.606565,56.431373,0.091645,-0.221117,0.000000,0.000000,LoadingResponse,1.000000,0.000000,0.000000,level walking,
88,2026-05-14 22:58:55,4.400000,2026-5-14_levelground 2_left.csv,level_walking,0.000000,0.000000,2847.000000,621.000000,0.000000,0.000000,0.000000,0.000000,1386.000000,369.000000,0.000000,0.000000,0.000000,0.000000,0.000000,0.000000,0.000000,0.000000,5223.000000,3468.000000,1755.000000,0.000000,5223.000000,0.000000,48.606565,56.431373,0.091645,-0.221117,0.000000,0.000000,LoadingResponse,1.000000,0.000000,0.000000,level walking,
89,2026-05-14 22:58:55,4.450000,2026-5-14_levelground 2_left.csv,level_walking,0.000000,0.000000,2847.000000,621.000000,0.000000,0.000000,0.000000,0.000000,1386.000000,369.000000,0.000000,0.000000,0.000000,0.000000,0.000000,0.000000,0.000000,0.000000,5223.000000,3468.000000,1755.000000,0.000000,5223.000000,0.000000,48.606565,56.431373,0.091645,-0.221117,0.000000,0.000000,LoadingResponse,1.000000,0.000000,0.000000,level walking,
90,2026-05-14 22:58:55,4.500000,2026-5-14_levelground 2_left.csv,level_walking,0.000000,0.000000,2847.000000,621.000000,0.000000,0.000000,0.000000,0.000000,1386.000000,369.000000,0.000000,0.000000,0.000000,0.000000,0.000000,0.000000,0.000000,0.000000,5223.000000,3468.000000,1755.000000,0.000000,5223.000000,0.000000,48.606565,56.431373,0.091645,-0.221117,0.000000,0.000000,LoadingResponse,1.000000,0.000000,0.000000,level walking,
91,2026-05-14 22:58:55,4.550000,2026-5-14_levelground 2_left.csv,level_walking,0.000000,0.000000,2847.000000,621.000000,0.000000,0.000000,0.000000,0.000000,1386.000000,369.000000,0.000000,0.000000,0.000000,0.000000,0.000000,0.000000,0.000000,0.000000,5223.000000,3468.000000,1755.000000,0.000000,5223.000000,0.000000,48.606565,56.431373,0.091645,-0.221117,0.000000,0.000000,LoadingResponse,1.000000,0.000000,0.000000,level walking,
92,2026-05-14 22:58:55,4.600000,2026-5-14_levelground 2_left.csv,level_walking,0.000000,0.000000,2847.000000,621.000000,0.000000,0.000000,0.000000,0.000000,1386.000000,369.000000,0.000000,0.000000,0.000000,0.000000,0.000000,0.000000,0.000000,0.000000,5223.000000,3468.000000,1755.000000,0.000000,5223.000000,0.000000,48.606565,56.431373,0.091645,-0.221117,0.000000,0.000000,LoadingResponse,1.000000,0.000000,0.000000,level walking,
93,2026-05-14 22:58:56,4.650000,2026-5-14_levelground 2_left.csv,level_walking,0.000000,0.000000,2847.000000,621.000000,0.000000,0.000000,0.000000,0.000000,1386.000000,369.000000,0.000000,0.000000,0.000000,0.000000,0.000000,0.000000,0.000000,0.000000,5223.000000,3468.000000,1755.000000,0.000000,5223.000000,0.000000,48.606565,56.431373,0.091645,-0.221117,0.000000,0.000000,LoadingResponse,1.000000,0.000000,0.000000,level walking,
94,2026-05-14 22:58:56,4.700000,2026-5-14_levelground 2_left.csv,level_walking,0.000000,0.000000,2847.000000,621.000000,0.000000,0.000000,0.000000,0.000000,1386.000000,369.000000,0.000000,0.000000,0.000000,0.000000,0.000000,0.000000,0.000000,0.000000,5223.000000,3468.000000,1755.000000,0.000000,5223.000000,0.000000,48.606565,56.431373,0.091645,-0.221117,0.000000,0.000000,LoadingResponse,1.000000,0.000000,0.000000,level walking,
95,2026-05-14 22:58:56,4.750000,2026-5-14_levelground 2_left.csv,level_walking,0.000000,0.000000,2847.000000,621.000000,0.000000,0.000000,0.000000,0.000000,1386.000000,369.000000,0.000000,0.000000,0.000000,0.000000,0.000000,0.000000,0.000000,0.000000,5223.000000,3468.000000,1755.000000,0.000000,5223.000000,0.000000,48.606565,56.431373,0.091645,-0.221117,0.000000,0.000000,LoadingResponse,1.000000,0.000000,0.000000,level walking,
96,2026-05-14 22:58:56,4.800000,2026-5-14_levelground 2_left.csv,level_walking,0.000000,0.000000,2847.000000,621.000000,0.000000,0.000000,0.000000,0.000000,1386.000000,369.000000,0.000000,0.000000,0.000000,0.000000,0.000000,0.000000,0.000000,0.000000,5223.000000,3468.000000,1755.000000,0.000000,5223.000000,0.000000,48.606565,56.431373,0.091645,-0.221117,0.000000,0.000000,LoadingResponse,1.000000,0.000000,0.000000,level walking,
97,2026-05-14 22:58:56,4.850000,2026-5-14_levelground 2_left.csv,level_walking,0.000000,0.000000,2847.000000,621.000000,0.000000,0.000000,0.000000,0.000000,1386.000000,369.000000,0.000000,0.000000,0.000000,0.000000,0.000000,0.000000,0.000000,0.000000,5223.000000,3468.000000,1755.000000,0.000000,5223.000000,0.000000,48.606565,56.431373,0.091645,-0.221117,0.000000,0.000000,LoadingResponse,1.000000,0.000000,0.000000,level walking,
98,2026-05-14 22:58:56,4.900000,2026-5-14_levelground 2_left.csv,level_walking,0.000000,0.000000,2847.000000,621.000000,0.000000,0.000000,0.000000,0.000000,1386.000000,369.000000,0.000000,0.000000,0.000000,0.000000,0.000000,0.000000,0.000000,0.000000,5223.000000,3468.000000,1755.000000,0.000000,5223.000000,0.000000,48.606565,56.431373,0.091645,-0.221117,0.000000,0.000000,LoadingResponse,1.000000,0.000000,0.000000,level walking,
99,2026-05-14 22:58:56,4.950000,2026-5-14_levelground 2_left.csv,level_walking,0.000000,0.000000,2847.000000,621.000000,0.000000,0.000000,0.000000,0.000000,1386.000000,369.000000,0.000000,0.000000,0.000000,0.000000,0.000000,0.000000,0.000000,0.000000,5223.000000,3468.000000,1755.000000,0.000000,5223.000000,0.000000,48.606565,56.431373,0.091645,-0.221117,0.000000,0.000000,LoadingResponse,1.000000,0.000000,0.000000,level walking,
100,2026-05-14 22:58:56,5.000000,2026-5-14_levelground 2_left.csv,level_walking,0.000000,0.000000,2847.000000,621.000000,0.000000,0.000000,0.000000,0.000000,1386.000000,369.000000,0.000000,0.000000,0.000000,0.000000,0.000000,0.000000,0.000000,0.000000,5223.000000,3468.000000,1755.000000,0.000000,5223.000000,0.000000,48.606565,56.431373,0.091645,-0.221117,0.000000,0.000000,LoadingResponse,1.000000,0.000000,0.000000,level walking,
101,2026-05-14 22:58:56,5.050000,2026-5-14_levelground 2_left.csv,level_walking,0.000000,0.000000,2847.000000,621.000000,0.000000,0.000000,0.000000,0.000000,1386.000000,369.000000,0.000000,0.000000,0.000000,0.000000,0.000000,0.000000,0.000000,0.000000,5223.000000,3468.000000,1755.000000,0.000000,5223.000000,0.000000,48.606565,56.431373,0.091645,-0.221117,0.000000,0.000000,LoadingResponse,1.000000,0.000000,0.000000,level walking,
102,2026-05-14 22:58:56,5.100000,2026-5-14_levelground 2_left.csv,level_walking,0.000000,0.000000,2847.000000,621.000000,0.000000,0.000000,0.000000,0.000000,1386.000000,369.000000,0.000000,0.000000,0.000000,0.000000,0.000000,0.000000,0.000000,0.000000,5223.000000,3468.000000,1755.000000,0.000000,5223.000000,0.000000,48.606565,56.431373,0.091645,-0.221117,0.000000,0.000000,LoadingResponse,1.000000,0.000000,0.000000,level walking,
103,2026-05-14 22:58:56,5.150000,2026-5-14_levelground 2_left.csv,level_walking,0.000000,0.000000,2847.000000,621.000000,0.000000,0.000000,0.000000,0.000000,1386.000000,369.000000,0.000000,0.000000,0.000000,0.000000,0.000000,0.000000,0.000000,0.000000,5223.000000,3468.000000,1755.000000,0.000000,5223.000000,0.000000,48.606565,56.431373,0.091645,-0.221117,0.000000,0.000000,LoadingResponse,1.000000,0.000000,0.000000,level walking,
104,2026-05-14 22:58:56,5.200000,2026-5-14_levelground 2_left.csv,level_walking,0.000000,0.000000,2847.000000,621.000000,0.000000,0.000000,0.000000,0.000000,1386.000000,369.000000,0.000000,0.000000,0.000000,0.000000,0.000000,0.000000,0.000000,0.000000,5223.000000,3468.000000,1755.000000,0.000000,5223.000000,0.000000,48.606565,56.431373,0.091645,-0.221117,0.000000,0.000000,LoadingResponse,1.000000,0.000000,0.000000,level walking,
105,2026-05-14 22:58:56,5.250000,2026-5-14_levelground 2_left.csv,level_walking,0.000000,0.000000,2847.000000,621.000000,0.000000,0.000000,0.000000,0.000000,1386.000000,369.000000,0.000000,0.000000,0.000000,0.000000,0.000000,0.000000,0.000000,0.000000,5223.000000,3468.000000,1755.000000,0.000000,5223.000000,0.000000,48.606565,56.431373,0.091645,-0.221117,0.000000,0.000000,LoadingResponse,1.000000,0.000000,0.000000,level walking,
106,2026-05-14 22:58:56,5.300000,2026-5-14_levelground 2_left.csv,level_walking,0.000000,0.000000,2847.000000,621.000000,0.000000,0.000000,0.000000,0.000000,1386.000000,369.000000,0.000000,0.000000,0.000000,0.000000,0.000000,0.000000,0.000000,0.000000,5223.000000,3468.000000,1755.000000,0.000000,5223.000000,0.000000,48.606565,56.431373,0.091645,-0.221117,0.000000,0.000000,LoadingResponse,1.000000,0.000000,0.000000,level walking,
107,2026-05-14 22:58:56,5.350000,2026-5-14_levelground 2_left.csv,level_walking,0.000000,0.000000,2847.000000,621.000000,0.000000,0.000000,0.000000,0.000000,1386.000000,369.000000,0.000000,0.000000,0.000000,0.000000,0.000000,0.000000,0.000000,0.000000,5223.000000,3468.000000,1755.000000,0.000000,5223.000000,0.000000,48.606565,56.431373,0.091645,-0.221117,0.000000,0.000000,LoadingResponse,1.000000,0.000000,0.000000,level walking,
108,2026-05-14 22:58:56,5.400000,2026-5-14_levelground 2_left.csv,level_walking,0.000000,0.000000,2847.000000,621.000000,0.000000,0.000000,0.000000,0.000000,1386.000000,369.000000,0.000000,0.000000,0.000000,0.000000,0.000000,0.000000,0.000000,0.000000,5223.000000,3468.000000,1755.000000,0.000000,5223.000000,0.000000,48.606565,56.431373,0.091645,-0.221117,0.000000,0.000000,LoadingResponse,1.000000,0.000000,0.000000,level walking,
109,2026-05-14 22:58:56,5.450000,2026-5-14_levelground 2_left.csv,level_walking,0.000000,0.000000,2847.000000,621.000000,0.000000,0.000000,0.000000,0.000000,1386.000000,369.000000,0.000000,0.000000,0.000000,0.000000,0.000000,0.000000,0.000000,0.000000,5223.000000,3468.000000,1755.000000,0.000000,5223.000000,0.000000,48.606565,56.431373,0.091645,-0.221117,0.000000,0.000000,LoadingResponse,1.000000,0.000000,0.000000,level walking,
110,2026-05-14 22:58:56,5.500000,2026-5-14_levelground 2_left.csv,level_walking,0.000000,0.000000,2847.000000,621.000000,0.000000,0.000000,0.000000,0.000000,1386.000000,369.000000,0.000000,0.000000,0.000000,0.000000,0.000000,0.000000,0.000000,0.000000,5223.000000,3468.000000,1755.000000,0.000000,5223.000000,0.000000,48.606565,56.431373,0.091645,-0.221117,0.000000,0.000000,LoadingResponse,1.000000,0.000000,0.000000,level walking,
111,2026-05-14 22:58:56,5.550000,2026-5-14_levelground 2_left.csv,level_walking,0.000000,0.000000,2847.000000,621.000000,0.000000,0.000000,0.000000,0.000000,1386.000000,369.000000,0.000000,0.000000,0.000000,0.000000,0.000000,0.000000,0.000000,0.000000,5223.000000,3468.000000,1755.000000,0.000000,5223.000000,0.000000,48.606565,56.431373,0.091645,-0.221117,0.000000,0.000000,LoadingResponse,1.000000,0.000000,0.000000,level walking,
112,2026-05-14 22:58:56,5.600000,2026-5-14_levelground 2_left.csv,level_walking,0.000000,0.000000,2847.000000,621.000000,0.000000,0.000000,0.000000,0.000000,1386.000000,369.000000,0.000000,0.000000,0.000000,0.000000,0.000000,0.000000,0.000000,0.000000,5223.000000,3468.000000,1755.000000,0.000000,5223.000000,0.000000,48.606565,56.431373,0.091645,-0.221117,0.000000,0.000000,LoadingResponse,1.000000,0.000000,0.000000,level walking,
113,2026-05-14 22:58:57,5.650000,2026-5-14_levelground 2_left.csv,level_walking,0.000000,0.000000,2847.000000,621.000000,0.000000,0.000000,0.000000,0.000000,1386.000000,369.000000,0.000000,0.000000,0.000000,0.000000,0.000000,0.000000,0.000000,0.000000,5223.000000,3468.000000,1755.000000,0.000000,5223.000000,0.000000,48.606565,56.431373,0.091645,-0.221117,0.000000,0.000000,LoadingResponse,1.000000,0.000000,0.000000,level walking,
114,2026-05-14 22:58:57,5.700000,2026-5-14_levelground 2_left.csv,level_walking,0.000000,0.000000,2847.000000,621.000000,0.000000,0.000000,0.000000,0.000000,1386.000000,369.000000,0.000000,0.000000,0.000000,0.000000,0.000000,0.000000,0.000000,0.000000,5223.000000,3468.000000,1755.000000,0.000000,5223.000000,0.000000,48.606565,56.431373,0.091645,-0.221117,0.000000,0.000000,LoadingResponse,1.000000,0.000000,0.000000,level walking,
115,2026-05-14 22:58:57,5.750000,2026-5-14_levelground 2_left.csv,level_walking,0.000000,0.000000,2847.000000,621.000000,0.000000,0.000000,0.000000,0.000000,1386.000000,369.000000,0.000000,0.000000,0.000000,0.000000,0.000000,0.000000,0.000000,0.000000,5223.000000,3468.000000,1755.000000,0.000000,5223.000000,0.000000,48.606565,56.431373,0.091645,-0.221117,0.000000,0.000000,LoadingResponse,1.000000,0.000000,0.000000,level walking,
116,2026-05-14 22:58:57,5.800000,2026-5-14_levelground 2_left.csv,level_walking,0.000000,0.000000,2847.000000,621.000000,0.000000,0.000000,0.000000,0.000000,1386.000000,369.000000,0.000000,0.000000,0.000000,0.000000,0.000000,0.000000,0.000000,0.000000,5223.000000,3468.000000,1755.000000,0.000000,5223.000000,0.000000,48.606565,56.431373,0.091645,-0.221117,0.000000,0.000000,LoadingResponse,1.000000,0.000000,0.000000,level walking,
117,2026-05-14 22:58:57,5.850000,2026-5-14_levelground 2_left.csv,level_walking,0.000000,0.000000,2847.000000,621.000000,0.000000,0.000000,0.000000,0.000000,1386.000000,369.000000,0.000000,0.000000,0.000000,0.000000,0.000000,0.000000,0.000000,0.000000,5223.000000,3468.000000,1755.000000,0.000000,5223.000000,0.000000,48.606565,56.431373,0.091645,-0.221117,0.000000,0.000000,LoadingResponse,1.000000,0.000000,0.000000,level walking,
118,2026-05-14 22:58:57,5.900000,2026-5-14_levelground 2_left.csv,level_walking,0.000000,0.000000,2847.000000,621.000000,0.000000,0.000000,0.000000,0.000000,1386.000000,369.000000,0.000000,0.000000,0.000000,0.000000,0.000000,0.000000,0.000000,0.000000,5223.000000,3468.000000,1755.000000,0.000000,5223.000000,0.000000,48.606565,56.431373,0.091645,-0.221117,0.000000,0.000000,LoadingResponse,1.000000,0.000000,0.000000,level walking,
119,2026-05-14 22:58:57,5.950000,2026-5-14_levelground 2_left.csv,level_walking,0.000000,0.000000,2847.000000,621.000000,0.000000,0.000000,0.000000,0.000000,1386.000000,369.000000,0.000000,0.000000,0.000000,0.000000,0.000000,0.000000,0.000000,0.000000,5223.000000,3468.000000,1755.000000,0.000000,5223.000000,0.000000,48.606565,56.431373,0.091645,-0.221117,0.000000,0.000000,LoadingResponse,1.000000,0.000000,0.000000,level walking,
120,2026-05-14 22:58:57,6.000000,2026-5-14_levelground 2_left.csv,level_walking,0.000000,0.000000,2847.000000,621.000000,0.000000,0.000000,0.000000,0.000000,1386.000000,369.000000,0.000000,0.000000,0.000000,0.000000,0.000000,0.000000,0.000000,0.000000,5223.000000,3468.000000,1755.000000,0.000000,5223.000000,0.000000,48.606565,56.431373,0.091645,-0.221117,0.000000,0.000000,LoadingResponse,1.000000,0.000000,0.000000,level walking,
121,2026-05-14 22:58:57,6.050000,2026-5-14_levelground 2_left.csv,level_walking,0.000000,0.000000,2847.000000,621.000000,0.000000,0.000000,0.000000,0.000000,1386.000000,369.000000,0.000000,0.000000,0.000000,0.000000,0.000000,0.000000,0.000000,0.000000,5223.000000,3468.000000,1755.000000,0.000000,5223.000000,0.000000,48.606565,56.431373,0.091645,-0.221117,0.000000,0.000000,LoadingResponse,1.000000,0.000000,0.000000,level walking,
122,2026-05-14 22:58:57,6.100000,2026-5-14_levelground 2_left.csv,level_walking,0.000000,0.000000,2847.000000,621.000000,0.000000,0.000000,0.000000,0.000000,1386.000000,369.000000,0.000000,0.000000,0.000000,0.000000,0.000000,0.000000,0.000000,0.000000,5223.000000,3468.000000,1755.000000,0.000000,5223.000000,0.000000,48.606565,56.431373,0.091645,-0.221117,0.000000,0.000000,LoadingResponse,1.000000,0.000000,0.000000,level walking,
123,2026-05-14 22:58:57,6.150000,2026-5-14_levelground 2_left.csv,level_walking,0.000000,0.000000,2847.000000,621.000000,0.000000,0.000000,0.000000,0.000000,1386.000000,369.000000,0.000000,0.000000,0.000000,0.000000,0.000000,0.000000,0.000000,0.000000,5223.000000,3468.000000,1755.000000,0.000000,5223.000000,0.000000,48.606565,56.431373,0.091645,-0.221117,0.000000,0.000000,LoadingResponse,1.000000,0.000000,0.000000,level walking,
124,2026-05-14 22:58:57,6.200000,2026-5-14_levelground 2_left.csv,level_walking,0.000000,0.000000,2847.000000,621.000000,0.000000,0.000000,0.000000,0.000000,1386.000000,369.000000,0.000000,0.000000,0.000000,0.000000,0.000000,0.000000,0.000000,0.000000,5223.000000,3468.000000,1755.000000,0.000000,5223.000000,0.000000,48.606565,56.431373,0.091645,-0.221117,0.000000,0.000000,LoadingResponse,1.000000,0.000000,0.000000,level walking,
125,2026-05-14 22:58:57,6.250000,2026-5-14_levelground 2_left.csv,level_walking,0.000000,0.000000,2847.000000,621.000000,0.000000,0.000000,0.000000,0.000000,1386.000000,369.000000,0.000000,0.000000,0.000000,0.000000,0.000000,0.000000,0.000000,0.000000,5223.000000,3468.000000,1755.000000,0.000000,5223.000000,0.000000,48.606565,56.431373,0.091645,-0.221117,0.000000,0.000000,LoadingResponse,1.000000,0.000000,0.000000,level walking,
126,2026-05-14 22:58:57,6.300000,2026-5-14_levelground 2_left.csv,level_walking,0.000000,0.000000,2847.000000,621.000000,0.000000,0.000000,0.000000,0.000000,1386.000000,369.000000,0.000000,0.000000,0.000000,0.000000,0.000000,0.000000,0.000000,0.000000,5223.000000,3468.000000,1755.000000,0.000000,5223.000000,0.000000,48.606565,56.431373,0.091645,-0.221117,0.000000,0.000000,LoadingResponse,1.000000,0.000000,0.000000,level walking,
127,2026-05-14 22:58:57,6.350000,2026-5-14_levelground 2_left.csv,level_walking,0.000000,0.000000,2847.000000,621.000000,0.000000,0.000000,0.000000,0.000000,1386.000000,369.000000,0.000000,0.000000,0.000000,0.000000,0.000000,0.000000,0.000000,0.000000,5223.000000,3468.000000,1755.000000,0.000000,5223.000000,0.000000,48.606565,56.431373,0.091645,-0.221117,0.000000,0.000000,LoadingResponse,1.000000,0.000000,0.000000,level walking,
128,2026-05-14 22:58:57,6.400000,2026-5-14_levelground 2_left.csv,level_walking,0.000000,0.000000,2847.000000,621.000000,0.000000,0.000000,0.000000,0.000000,1386.000000,369.000000,0.000000,0.000000,0.000000,0.000000,0.000000,0.000000,0.000000,0.000000,5223.000000,3468.000000,1755.000000,0.000000,5223.000000,0.000000,48.606565,56.431373,0.091645,-0.221117,0.000000,0.000000,LoadingResponse,1.000000,0.000000,0.000000,level walking,
129,2026-05-14 22:58:57,6.450000,2026-5-14_levelground 2_left.csv,level_walking,0.000000,0.000000,2847.000000,621.000000,0.000000,0.000000,0.000000,0.000000,1386.000000,369.000000,0.000000,0.000000,0.000000,0.000000,0.000000,0.000000,0.000000,0.000000,5223.000000,3468.000000,1755.000000,0.000000,5223.000000,0.000000,48.606565,56.431373,0.091645,-0.221117,0.000000,0.000000,LoadingResponse,1.000000,0.000000,0.000000,level walking,
130,2026-05-14 22:58:57,6.500000,2026-5-14_levelground 2_left.csv,level_walking,0.000000,0.000000,2847.000000,621.000000,0.000000,0.000000,0.000000,0.000000,1386.000000,369.000000,0.000000,0.000000,0.000000,0.000000,0.000000,0.000000,0.000000,0.000000,5223.000000,3468.000000,1755.000000,0.000000,5223.000000,0.000000,48.606565,56.431373,0.091645,-0.221117,0.000000,0.000000,LoadingResponse,1.000000,0.000000,0.000000,level walking,
131,2026-05-14 22:58:57,6.550000,2026-5-14_levelground 2_left.csv,level_walking,0.000000,0.000000,2847.000000,621.000000,0.000000,0.000000,0.000000,0.000000,1386.000000,369.000000,0.000000,0.000000,0.000000,0.000000,0.000000,0.000000,0.000000,0.000000,5223.000000,3468.000000,1755.000000,0.000000,5223.000000,0.000000,48.606565,56.431373,0.091645,-0.221117,0.000000,0.000000,LoadingResponse,1.000000,0.000000,0.000000,level walking,
132,2026-05-14 22:58:57,6.600000,2026-5-14_levelground 2_left.csv,level_walking,0.000000,0.000000,2847.000000,621.000000,0.000000,0.000000,0.000000,0.000000,1386.000000,369.000000,0.000000,0.000000,0.000000,0.000000,0.000000,0.000000,0.000000,0.000000,5223.000000,3468.000000,1755.000000,0.000000,5223.000000,0.000000,48.606565,56.431373,0.091645,-0.221117,0.000000,0.000000,LoadingResponse,1.000000,0.000000,0.000000,level walking,
133,2026-05-14 22:58:58,6.650000,2026-5-14_levelground 2_left.csv,level_walking,0.000000,0.000000,2847.000000,621.000000,0.000000,0.000000,0.000000,0.000000,1386.000000,369.000000,0.000000,0.000000,0.000000,0.000000,0.000000,0.000000,0.000000,0.000000,5223.000000,3468.000000,1755.000000,0.000000,5223.000000,0.000000,48.606565,56.431373,0.091645,-0.221117,0.000000,0.000000,LoadingResponse,1.000000,0.000000,0.000000,level walking,
134,2026-05-14 22:58:58,6.700000,2026-5-14_levelground 2_left.csv,level_walking,0.000000,0.000000,2847.000000,621.000000,0.000000,0.000000,0.000000,0.000000,1386.000000,369.000000,0.000000,0.000000,0.000000,0.000000,0.000000,0.000000,0.000000,0.000000,5223.000000,3468.000000,1755.000000,0.000000,5223.000000,0.000000,48.606565,56.431373,0.091645,-0.221117,0.000000,0.000000,LoadingResponse,1.000000,0.000000,0.000000,level walking,
135,2026-05-14 22:58:58,6.750000,2026-5-14_levelground 2_left.csv,level_walking,0.000000,0.000000,2847.000000,621.000000,0.000000,0.000000,0.000000,0.000000,1386.000000,369.000000,0.000000,0.000000,0.000000,0.000000,0.000000,0.000000,0.000000,0.000000,5223.000000,3468.000000,1755.000000,0.000000,5223.000000,0.000000,48.606565,56.431373,0.091645,-0.221117,0.000000,0.000000,LoadingResponse,1.000000,0.000000,0.000000,level walking,
136,2026-05-14 22:58:58,6.800000,2026-5-14_levelground 2_left.csv,level_walking,0.000000,0.000000,2847.000000,621.000000,0.000000,0.000000,0.000000,0.000000,1386.000000,369.000000,0.000000,0.000000,0.000000,0.000000,0.000000,0.000000,0.000000,0.000000,5223.000000,3468.000000,1755.000000,0.000000,5223.000000,0.000000,48.606565,56.431373,0.091645,-0.221117,0.000000,0.000000,LoadingResponse,1.000000,0.000000,0.000000,level walking,
137,2026-05-14 22:58:58,6.850000,2026-5-14_levelground 2_left.csv,level_walking,0.000000,0.000000,2847.000000,621.000000,0.000000,0.000000,0.000000,0.000000,1386.000000,369.000000,0.000000,0.000000,0.000000,0.000000,0.000000,0.000000,0.000000,0.000000,5223.000000,3468.000000,1755.000000,0.000000,5223.000000,0.000000,48.606565,56.431373,0.091645,-0.221117,0.000000,0.000000,LoadingResponse,1.000000,0.000000,0.000000,level walking,
138,2026-05-14 22:58:58,6.900000,2026-5-14_levelground 2_left.csv,level_walking,0.000000,0.000000,2847.000000,621.000000,0.000000,0.000000,0.000000,0.000000,1386.000000,369.000000,0.000000,0.000000,0.000000,0.000000,0.000000,0.000000,0.000000,0.000000,5223.000000,3468.000000,1755.000000,0.000000,5223.000000,0.000000,48.606565,56.431373,0.091645,-0.221117,0.000000,0.000000,LoadingResponse,1.000000,0.000000,0.000000,level walking,
139,2026-05-14 22:58:58,6.950000,2026-5-14_levelground 2_left.csv,level_walking,0.000000,0.000000,2847.000000,621.000000,0.000000,0.000000,0.000000,0.000000,1386.000000,369.000000,0.000000,0.000000,0.000000,0.000000,0.000000,0.000000,0.000000,0.000000,5223.000000,3468.000000,1755.000000,0.000000,5223.000000,0.000000,48.606565,56.431373,0.091645,-0.221117,0.000000,0.000000,LoadingResponse,1.000000,0.000000,0.000000,level walking,
140,2026-05-14 22:58:58,7.000000,2026-5-14_levelground 2_left.csv,level_walking,0.000000,0.000000,2847.000000,621.000000,0.000000,0.000000,0.000000,0.000000,1386.000000,369.000000,0.000000,0.000000,0.000000,0.000000,0.000000,0.000000,0.000000,0.000000,5223.000000,3468.000000,1755.000000,0.000000,5223.000000,0.000000,48.606565,56.431373,0.091645,-0.221117,0.000000,0.000000,LoadingResponse,1.000000,0.000000,0.000000,level walking,
141,2026-05-14 22:58:58,7.050000,2026-5-14_levelground 2_left.csv,level_walking,0.000000,0.000000,2847.000000,621.000000,0.000000,0.000000,0.000000,0.000000,1386.000000,369.000000,0.000000,0.000000,0.000000,0.000000,0.000000,0.000000,0.000000,0.000000,5223.000000,3468.000000,1755.000000,0.000000,5223.000000,0.000000,48.606565,56.431373,0.091645,-0.221117,0.000000,0.000000,LoadingResponse,1.000000,0.000000,0.000000,level walking,
142,2026-05-14 22:58:58,7.100000,2026-5-14_levelground 2_left.csv,level_walking,0.000000,0.000000,2847.000000,621.000000,0.000000,0.000000,0.000000,0.000000,1386.000000,369.000000,0.000000,0.000000,0.000000,0.000000,0.000000,0.000000,0.000000,0.000000,5223.000000,3468.000000,1755.000000,0.000000,5223.000000,0.000000,48.606565,56.431373,0.091645,-0.221117,0.000000,0.000000,LoadingResponse,1.000000,0.000000,0.000000,level walking,
143,2026-05-14 22:58:58,7.150000,2026-5-14_levelground 2_left.csv,level_walking,0.000000,0.000000,2847.000000,621.000000,0.000000,0.000000,0.000000,0.000000,1386.000000,369.000000,0.000000,0.000000,0.000000,0.000000,0.000000,0.000000,0.000000,0.000000,5223.000000,3468.000000,1755.000000,0.000000,5223.000000,0.000000,48.606565,56.431373,0.091645,-0.221117,0.000000,0.000000,LoadingResponse,1.000000,0.000000,0.000000,level walking,
144,2026-05-14 22:58:58,7.200000,2026-5-14_levelground 2_left.csv,level_walking,0.000000,0.000000,2847.000000,621.000000,0.000000,0.000000,0.000000,0.000000,1386.000000,369.000000,0.000000,0.000000,0.000000,0.000000,0.000000,0.000000,0.000000,0.000000,5223.000000,3468.000000,1755.000000,0.000000,5223.000000,0.000000,48.606565,56.431373,0.091645,-0.221117,0.000000,0.000000,LoadingResponse,1.000000,0.000000,0.000000,level walking,
145,2026-05-14 22:58:58,7.250000,2026-5-14_levelground 2_left.csv,level_walking,0.000000,0.000000,2847.000000,621.000000,0.000000,0.000000,0.000000,0.000000,1386.000000,369.000000,0.000000,0.000000,0.000000,0.000000,0.000000,0.000000,0.000000,0.000000,5223.000000,3468.000000,1755.000000,0.000000,5223.000000,0.000000,48.606565,56.431373,0.091645,-0.221117,0.000000,0.000000,LoadingResponse,1.000000,0.000000,0.000000,level walking,
146,2026-05-14 22:58:58,7.300000,2026-5-14_levelground 2_left.csv,level_walking,0.000000,0.000000,2847.000000,621.000000,0.000000,0.000000,0.000000,0.000000,1386.000000,369.000000,0.000000,0.000000,0.000000,0.000000,0.000000,0.000000,0.000000,0.000000,5223.000000,3468.000000,1755.000000,0.000000,5223.000000,0.000000,48.606565,56.431373,0.091645,-0.221117,0.000000,0.000000,LoadingResponse,1.000000,0.000000,0.000000,level walking,
147,2026-05-14 22:58:58,7.350000,2026-5-14_levelground 2_left.csv,level_walking,0.000000,0.000000,2847.000000,621.000000,0.000000,0.000000,0.000000,0.000000,1386.000000,369.000000,0.000000,0.000000,0.000000,0.000000,0.000000,0.000000,0.000000,0.000000,5223.000000,3468.000000,1755.000000,0.000000,5223.000000,0.000000,48.606565,56.431373,0.091645,-0.221117,0.000000,0.000000,LoadingResponse,1.000000,0.000000,0.000000,level walking,
148,2026-05-14 22:58:58,7.400000,2026-5-14_levelground 2_left.csv,level_walking,0.000000,0.000000,2847.000000,621.000000,0.000000,0.000000,0.000000,0.000000,1386.000000,369.000000,0.000000,0.000000,0.000000,0.000000,0.000000,0.000000,0.000000,0.000000,5223.000000,3468.000000,1755.000000,0.000000,5223.000000,0.000000,48.606565,56.431373,0.091645,-0.221117,0.000000,0.000000,LoadingResponse,1.000000,0.000000,0.000000,level walking,
149,2026-05-14 22:58:58,7.450000,2026-5-14_levelground 2_left.csv,level_walking,0.000000,0.000000,2847.000000,621.000000,0.000000,0.000000,0.000000,0.000000,1386.000000,369.000000,0.000000,0.000000,0.000000,0.000000,0.000000,0.000000,0.000000,0.000000,5223.000000,3468.000000,1755.000000,0.000000,5223.000000,0.000000,48.606565,56.431373,0.091645,-0.221117,0.000000,0.000000,LoadingResponse,1.000000,0.000000,0.000000,level walking,
150,2026-05-14 22:58:58,7.500000,2026-5-14_levelground 2_left.csv,level_walking,0.000000,0.000000,2847.000000,621.000000,0.000000,0.000000,0.000000,0.000000,1386.000000,369.000000,0.000000,0.000000,0.000000,0.000000,0.000000,0.000000,0.000000,0.000000,5223.000000,3468.000000,1755.000000,0.000000,5223.000000,0.000000,48.606565,56.431373,0.091645,-0.221117,0.000000,0.000000,LoadingResponse,1.000000,0.000000,0.000000,level walking,
151,2026-05-14 22:58:58,7.550000,2026-5-14_levelground 2_left.csv,level_walking,0.000000,0.000000,2847.000000,621.000000,0.000000,0.000000,0.000000,0.000000,1386.000000,369.000000,0.000000,0.000000,0.000000,0.000000,0.000000,0.000000,0.000000,0.000000,5223.000000,3468.000000,1755.000000,0.000000,5223.000000,0.000000,48.606565,56.431373,0.091645,-0.221117,0.000000,0.000000,LoadingResponse,1.000000,0.000000,0.000000,level walking,
152,2026-05-14 22:58:58,7.600000,2026-5-14_levelground 2_left.csv,level_walking,0.000000,0.000000,2847.000000,621.000000,0.000000,0.000000,0.000000,0.000000,1386.000000,369.000000,0.000000,0.000000,0.000000,0.000000,0.000000,0.000000,0.000000,0.000000,5223.000000,3468.000000,1755.000000,0.000000,5223.000000,0.000000,48.606565,56.431373,0.091645,-0.221117,0.000000,0.000000,LoadingResponse,1.000000,0.000000,0.000000,level walking,
153,2026-05-14 22:58:59,7.650000,2026-5-14_levelground 2_left.csv,level_walking,0.000000,0.000000,2847.000000,621.000000,0.000000,0.000000,0.000000,0.000000,1386.000000,369.000000,0.000000,0.000000,0.000000,0.000000,0.000000,0.000000,0.000000,0.000000,5223.000000,3468.000000,1755.000000,0.000000,5223.000000,0.000000,48.606565,56.431373,0.091645,-0.221117,0.000000,0.000000,LoadingResponse,1.000000,0.000000,0.000000,level walking,
154,2026-05-14 22:58:59,7.700000,2026-5-14_levelground 2_left.csv,level_walking,0.000000,0.000000,2847.000000,621.000000,0.000000,0.000000,0.000000,0.000000,1386.000000,369.000000,0.000000,0.000000,0.000000,0.000000,0.000000,0.000000,0.000000,0.000000,5223.000000,3468.000000,1755.000000,0.000000,5223.000000,0.000000,48.606565,56.431373,0.091645,-0.221117,0.000000,0.000000,LoadingResponse,1.000000,0.000000,0.000000,level walking,
155,2026-05-14 22:58:59,7.750000,2026-5-14_levelground 2_left.csv,level_walking,0.000000,0.000000,2847.000000,621.000000,0.000000,0.000000,0.000000,0.000000,1386.000000,369.000000,0.000000,0.000000,0.000000,0.000000,0.000000,0.000000,0.000000,0.000000,5223.000000,3468.000000,1755.000000,0.000000,5223.000000,0.000000,48.606565,56.431373,0.091645,-0.221117,0.000000,0.000000,LoadingResponse,1.000000,0.000000,0.000000,level walking,
156,2026-05-14 22:58:59,7.800000,2026-5-14_levelground 2_left.csv,level_walking,0.000000,0.000000,2847.000000,621.000000,0.000000,0.000000,0.000000,0.000000,1386.000000,369.000000,0.000000,0.000000,0.000000,0.000000,0.000000,0.000000,0.000000,0.000000,5223.000000,3468.000000,1755.000000,0.000000,5223.000000,0.000000,48.606565,56.431373,0.091645,-0.221117,0.000000,0.000000,LoadingResponse,1.000000,0.000000,0.000000,level walking,
157,2026-05-14 22:58:59,7.850000,2026-5-14_levelground 2_left.csv,level_walking,0.000000,0.000000,2847.000000,621.000000,0.000000,0.000000,0.000000,0.000000,1386.000000,369.000000,0.000000,0.000000,0.000000,0.000000,0.000000,0.000000,0.000000,0.000000,5223.000000,3468.000000,1755.000000,0.000000,5223.000000,0.000000,48.606565,56.431373,0.091645,-0.221117,0.000000,0.000000,LoadingResponse,1.000000,0.000000,0.000000,level walking,
158,2026-05-14 22:58:59,7.900000,2026-5-14_levelground 2_left.csv,level_walking,0.000000,0.000000,2847.000000,621.000000,0.000000,0.000000,0.000000,0.000000,1386.000000,369.000000,0.000000,0.000000,0.000000,0.000000,0.000000,0.000000,0.000000,0.000000,5223.000000,3468.000000,1755.000000,0.000000,5223.000000,0.000000,48.606565,56.431373,0.091645,-0.221117,0.000000,0.000000,LoadingResponse,1.000000,0.000000,0.000000,level walking,
159,2026-05-14 22:58:59,7.950000,2026-5-14_levelground 2_left.csv,level_walking,0.000000,0.000000,2847.000000,621.000000,0.000000,0.000000,0.000000,0.000000,1386.000000,369.000000,0.000000,0.000000,0.000000,0.000000,0.000000,0.000000,0.000000,0.000000,5223.000000,3468.000000,1755.000000,0.000000,5223.000000,0.000000,48.606565,56.431373,0.091645,-0.221117,0.000000,0.000000,LoadingResponse,1.000000,0.000000,0.000000,level walking,
160,2026-05-14 22:58:59,8.000000,2026-5-14_levelground 2_left.csv,level_walking,0.000000,0.000000,2847.000000,621.000000,0.000000,0.000000,0.000000,0.000000,1386.000000,369.000000,0.000000,0.000000,0.000000,0.000000,0.000000,0.000000,0.000000,0.000000,5223.000000,3468.000000,1755.000000,0.000000,5223.000000,0.000000,48.606565,56.431373,0.091645,-0.221117,0.000000,0.000000,LoadingResponse,1.000000,0.000000,0.000000,level walking,
161,2026-05-14 22:58:59,8.050000,2026-5-14_levelground 2_left.csv,level_walking,0.000000,0.000000,2847.000000,621.000000,0.000000,0.000000,0.000000,0.000000,1386.000000,369.000000,0.000000,0.000000,0.000000,0.000000,0.000000,0.000000,0.000000,0.000000,5223.000000,3468.000000,1755.000000,0.000000,5223.000000,0.000000,48.606565,56.431373,0.091645,-0.221117,0.000000,0.000000,LoadingResponse,1.000000,0.000000,0.000000,level walking,
162,2026-05-14 22:58:59,8.100000,2026-5-14_levelground 2_left.csv,level_walking,0.000000,0.000000,2847.000000,621.000000,0.000000,0.000000,0.000000,0.000000,1386.000000,369.000000,0.000000,0.000000,0.000000,0.000000,0.000000,0.000000,0.000000,0.000000,5223.000000,3468.000000,1755.000000,0.000000,5223.000000,0.000000,48.606565,56.431373,0.091645,-0.221117,0.000000,0.000000,LoadingResponse,1.000000,0.000000,0.000000,level walking,
163,2026-05-14 22:58:59,8.150000,2026-5-14_levelground 2_left.csv,level_walking,0.000000,0.000000,2847.000000,621.000000,0.000000,0.000000,0.000000,0.000000,1386.000000,369.000000,0.000000,0.000000,0.000000,0.000000,0.000000,0.000000,0.000000,0.000000,5223.000000,3468.000000,1755.000000,0.000000,5223.000000,0.000000,48.606565,56.431373,0.091645,-0.221117,0.000000,0.000000,LoadingResponse,1.000000,0.000000,0.000000,level walking,
164,2026-05-14 22:58:59,8.200000,2026-5-14_levelground 2_left.csv,level_walking,0.000000,0.000000,2847.000000,621.000000,0.000000,0.000000,0.000000,0.000000,1386.000000,369.000000,0.000000,0.000000,0.000000,0.000000,0.000000,0.000000,0.000000,0.000000,5223.000000,3468.000000,1755.000000,0.000000,5223.000000,0.000000,48.606565,56.431373,0.091645,-0.221117,0.000000,0.000000,LoadingResponse,1.000000,0.000000,0.000000,level walking,
165,2026-05-14 22:58:59,8.250000,2026-5-14_levelground 2_left.csv,level_walking,0.000000,0.000000,2847.000000,621.000000,0.000000,0.000000,0.000000,0.000000,1386.000000,369.000000,0.000000,0.000000,0.000000,0.000000,0.000000,0.000000,0.000000,0.000000,5223.000000,3468.000000,1755.000000,0.000000,5223.000000,0.000000,48.606565,56.431373,0.091645,-0.221117,0.000000,0.000000,LoadingResponse,1.000000,0.000000,0.000000,level walking,
166,2026-05-14 22:58:59,8.300000,2026-5-14_levelground 2_left.csv,level_walking,0.000000,0.000000,2847.000000,621.000000,0.000000,0.000000,0.000000,0.000000,1386.000000,369.000000,0.000000,0.000000,0.000000,0.000000,0.000000,0.000000,0.000000,0.000000,5223.000000,3468.000000,1755.000000,0.000000,5223.000000,0.000000,48.606565,56.431373,0.091645,-0.221117,0.000000,0.000000,LoadingResponse,1.000000,0.000000,0.000000,level walking,
167,2026-05-14 22:58:59,8.350000,2026-5-14_levelground 2_left.csv,level_walking,0.000000,0.000000,2847.000000,621.000000,0.000000,0.000000,0.000000,0.000000,1386.000000,369.000000,0.000000,0.000000,0.000000,0.000000,0.000000,0.000000,0.000000,0.000000,5223.000000,3468.000000,1755.000000,0.000000,5223.000000,0.000000,48.606565,56.431373,0.091645,-0.221117,0.000000,0.000000,LoadingResponse,1.000000,0.000000,0.000000,level walking,
168,2026-05-14 22:58:59,8.400000,2026-5-14_levelground 2_left.csv,level_walking,0.000000,0.000000,2847.000000,621.000000,0.000000,0.000000,0.000000,0.000000,1386.000000,369.000000,0.000000,0.000000,0.000000,0.000000,0.000000,0.000000,0.000000,0.000000,5223.000000,3468.000000,1755.000000,0.000000,5223.000000,0.000000,48.606565,56.431373,0.091645,-0.221117,0.000000,0.000000,LoadingResponse,1.000000,0.000000,0.000000,level walking,
169,2026-05-14 22:58:59,8.450000,2026-5-14_levelground 2_left.csv,level_walking,0.000000,0.000000,2847.000000,621.000000,0.000000,0.000000,0.000000,0.000000,1386.000000,369.000000,0.000000,0.000000,0.000000,0.000000,0.000000,0.000000,0.000000,0.000000,5223.000000,3468.000000,1755.000000,0.000000,5223.000000,0.000000,48.606565,56.431373,0.091645,-0.221117,0.000000,0.000000,LoadingResponse,1.000000,0.000000,0.000000,level walking,
170,2026-05-14 22:58:59,8.500000,2026-5-14_levelground 2_left.csv,level_walking,0.000000,0.000000,2847.000000,621.000000,0.000000,0.000000,0.000000,0.000000,1386.000000,369.000000,0.000000,0.000000,0.000000,0.000000,0.000000,0.000000,0.000000,0.000000,5223.000000,3468.000000,1755.000000,0.000000,5223.000000,0.000000,48.606565,56.431373,0.091645,-0.221117,0.000000,0.000000,LoadingResponse,1.000000,0.000000,0.000000,level walking,
171,2026-05-14 22:58:59,8.550000,2026-5-14_levelground 2_left.csv,level_walking,0.000000,0.000000,2847.000000,621.000000,0.000000,0.000000,0.000000,0.000000,1386.000000,369.000000,0.000000,0.000000,0.000000,0.000000,0.000000,0.000000,0.000000,0.000000,5223.000000,3468.000000,1755.000000,0.000000,5223.000000,0.000000,48.606565,56.431373,0.091645,-0.221117,0.000000,0.000000,LoadingResponse,1.000000,0.000000,0.000000,level walking,
172,2026-05-14 22:58:59,8.600000,2026-5-14_levelground 2_left.csv,level_walking,0.000000,0.000000,2847.000000,621.000000,0.000000,0.000000,0.000000,0.000000,1386.000000,369.000000,0.000000,0.000000,0.000000,0.000000,0.000000,0.000000,0.000000,0.000000,5223.000000,3468.000000,1755.000000,0.000000,5223.000000,0.000000,48.606565,56.431373,0.091645,-0.221117,0.000000,0.000000,LoadingResponse,1.000000,0.000000,0.000000,level walking,
173,2026-05-14 22:59:00,8.650000,2026-5-14_levelground 2_left.csv,level_walking,0.000000,0.000000,2847.000000,621.000000,0.000000,0.000000,0.000000,0.000000,1386.000000,369.000000,0.000000,0.000000,0.000000,0.000000,0.000000,0.000000,0.000000,0.000000,5223.000000,3468.000000,1755.000000,0.000000,5223.000000,0.000000,48.606565,56.431373,0.091645,-0.221117,0.000000,0.000000,LoadingResponse,1.000000,0.000000,0.000000,level walking,
174,2026-05-14 22:59:00,8.700000,2026-5-14_levelground 2_left.csv,level_walking,0.000000,0.000000,2847.000000,621.000000,0.000000,0.000000,0.000000,0.000000,1386.000000,369.000000,0.000000,0.000000,0.000000,0.000000,0.000000,0.000000,0.000000,0.000000,5223.000000,3468.000000,1755.000000,0.000000,5223.000000,0.000000,48.606565,56.431373,0.091645,-0.221117,0.000000,0.000000,LoadingResponse,1.000000,0.000000,0.000000,level walking,
175,2026-05-14 22:59:00,8.750000,2026-5-14_levelground 2_left.csv,level_walking,0.000000,0.000000,2847.000000,621.000000,0.000000,0.000000,0.000000,0.000000,1386.000000,369.000000,0.000000,0.000000,0.000000,0.000000,0.000000,0.000000,0.000000,0.000000,5223.000000,3468.000000,1755.000000,0.000000,5223.000000,0.000000,48.606565,56.431373,0.091645,-0.221117,0.000000,0.000000,LoadingResponse,1.000000,0.000000,0.000000,level walking,
176,2026-05-14 22:59:00,8.800000,2026-5-14_levelground 2_left.csv,level_walking,0.000000,0.000000,2847.000000,621.000000,0.000000,0.000000,0.000000,0.000000,1386.000000,369.000000,0.000000,0.000000,0.000000,0.000000,0.000000,0.000000,0.000000,0.000000,5223.000000,3468.000000,1755.000000,0.000000,5223.000000,0.000000,48.606565,56.431373,0.091645,-0.221117,0.000000,0.000000,LoadingResponse,1.000000,0.000000,0.000000,level walking,
177,2026-05-14 22:59:00,8.850000,2026-5-14_levelground 2_left.csv,level_walking,0.000000,0.000000,2847.000000,621.000000,0.000000,0.000000,0.000000,0.000000,1386.000000,369.000000,0.000000,0.000000,0.000000,0.000000,0.000000,0.000000,0.000000,0.000000,5223.000000,3468.000000,1755.000000,0.000000,5223.000000,0.000000,48.606565,56.431373,0.091645,-0.221117,0.000000,0.000000,LoadingResponse,1.000000,0.000000,0.000000,level walking,
178,2026-05-14 22:59:00,8.900000,2026-5-14_levelground 2_left.csv,level_walking,0.000000,0.000000,2847.000000,621.000000,0.000000,0.000000,0.000000,0.000000,1386.000000,369.000000,0.000000,0.000000,0.000000,0.000000,0.000000,0.000000,0.000000,0.000000,5223.000000,3468.000000,1755.000000,0.000000,5223.000000,0.000000,48.606565,56.431373,0.091645,-0.221117,0.000000,0.000000,LoadingResponse,1.000000,0.000000,0.000000,level walking,
179,2026-05-14 22:59:00,8.950000,2026-5-14_levelground 2_left.csv,level_walking,0.000000,0.000000,2847.000000,621.000000,0.000000,0.000000,0.000000,0.000000,1386.000000,369.000000,0.000000,0.000000,0.000000,0.000000,0.000000,0.000000,0.000000,0.000000,5223.000000,3468.000000,1755.000000,0.000000,5223.000000,0.000000,48.606565,56.431373,0.091645,-0.221117,0.000000,0.000000,LoadingResponse,1.000000,0.000000,0.000000,level walking,
180,2026-05-14 22:59:00,9.000000,2026-5-14_levelground 2_left.csv,level_walking,0.000000,0.000000,2847.000000,621.000000,0.000000,0.000000,0.000000,0.000000,1386.000000,369.000000,0.000000,0.000000,0.000000,0.000000,0.000000,0.000000,0.000000,0.000000,5223.000000,3468.000000,1755.000000,0.000000,5223.000000,0.000000,48.606565,56.431373,0.091645,-0.221117,0.000000,0.000000,LoadingResponse,1.000000,0.000000,0.000000,level walking,
181,2026-05-14 22:59:00,9.050000,2026-5-14_levelground 2_left.csv,level_walking,0.000000,0.000000,2847.000000,621.000000,0.000000,0.000000,0.000000,0.000000,1386.000000,369.000000,0.000000,0.000000,0.000000,0.000000,0.000000,0.000000,0.000000,0.000000,5223.000000,3468.000000,1755.000000,0.000000,5223.000000,0.000000,48.606565,56.431373,0.091645,-0.221117,0.000000,0.000000,LoadingResponse,1.000000,0.000000,0.000000,level walking,
182,2026-05-14 22:59:00,9.100000,2026-5-14_levelground 2_left.csv,level_walking,0.000000,0.000000,2847.000000,621.000000,0.000000,0.000000,0.000000,0.000000,1386.000000,369.000000,0.000000,0.000000,0.000000,0.000000,0.000000,0.000000,0.000000,0.000000,5223.000000,3468.000000,1755.000000,0.000000,5223.000000,0.000000,48.606565,56.431373,0.091645,-0.221117,0.000000,0.000000,LoadingResponse,1.000000,0.000000,0.000000,level walking,
183,2026-05-14 22:59:00,9.150000,2026-5-14_levelground 2_left.csv,level_walking,0.000000,0.000000,2847.000000,621.000000,0.000000,0.000000,0.000000,0.000000,1386.000000,369.000000,0.000000,0.000000,0.000000,0.000000,0.000000,0.000000,0.000000,0.000000,5223.000000,3468.000000,1755.000000,0.000000,5223.000000,0.000000,48.606565,56.431373,0.091645,-0.221117,0.000000,0.000000,LoadingResponse,1.000000,0.000000,0.000000,level walking,
184,2026-05-14 22:59:00,9.200000,2026-5-14_levelground 2_left.csv,level_walking,0.000000,0.000000,2847.000000,621.000000,0.000000,0.000000,0.000000,0.000000,1386.000000,369.000000,0.000000,0.000000,0.000000,0.000000,0.000000,0.000000,0.000000,0.000000,5223.000000,3468.000000,1755.000000,0.000000,5223.000000,0.000000,48.606565,56.431373,0.091645,-0.221117,0.000000,0.000000,LoadingResponse,1.000000,0.000000,0.000000,level walking,
185,2026-05-14 22:59:00,9.250000,2026-5-14_levelground 2_left.csv,level_walking,0.000000,0.000000,2847.000000,621.000000,0.000000,0.000000,0.000000,0.000000,1386.000000,369.000000,0.000000,0.000000,0.000000,0.000000,0.000000,0.000000,0.000000,0.000000,5223.000000,3468.000000,1755.000000,0.000000,5223.000000,0.000000,48.606565,56.431373,0.091645,-0.221117,0.000000,0.000000,LoadingResponse,1.000000,0.000000,0.000000,level walking,
186,2026-05-14 22:59:00,9.300000,2026-5-14_levelground 2_left.csv,level_walking,0.000000,0.000000,2847.000000,621.000000,0.000000,0.000000,0.000000,0.000000,1386.000000,369.000000,0.000000,0.000000,0.000000,0.000000,0.000000,0.000000,0.000000,0.000000,5223.000000,3468.000000,1755.000000,0.000000,5223.000000,0.000000,48.606565,56.431373,0.091645,-0.221117,0.000000,0.000000,LoadingResponse,1.000000,0.000000,0.000000,level walking,
187,2026-05-14 22:59:00,9.350000,2026-5-14_levelground 2_left.csv,level_walking,0.000000,0.000000,2847.000000,621.000000,0.000000,0.000000,0.000000,0.000000,1386.000000,369.000000,0.000000,0.000000,0.000000,0.000000,0.000000,0.000000,0.000000,0.000000,5223.000000,3468.000000,1755.000000,0.000000,5223.000000,0.000000,48.606565,56.431373,0.091645,-0.221117,0.000000,0.000000,LoadingResponse,1.000000,0.000000,0.000000,level walking,
188,2026-05-14 22:59:00,9.400000,2026-5-14_levelground 2_left.csv,level_walking,0.000000,0.000000,2847.000000,621.000000,0.000000,0.000000,0.000000,0.000000,1386.000000,369.000000,0.000000,0.000000,0.000000,0.000000,0.000000,0.000000,0.000000,0.000000,5223.000000,3468.000000,1755.000000,0.000000,5223.000000,0.000000,48.606565,56.431373,0.091645,-0.221117,0.000000,0.000000,LoadingResponse,1.000000,0.000000,0.000000,level walking,
189,2026-05-14 22:59:00,9.450000,2026-5-14_levelground 2_left.csv,level_walking,0.000000,0.000000,2847.000000,621.000000,0.000000,0.000000,0.000000,0.000000,1386.000000,369.000000,0.000000,0.000000,0.000000,0.000000,0.000000,0.000000,0.000000,0.000000,5223.000000,3468.000000,1755.000000,0.000000,5223.000000,0.000000,48.606565,56.431373,0.091645,-0.221117,0.000000,0.000000,LoadingResponse,1.000000,0.000000,0.000000,level walking,
190,2026-05-14 22:59:00,9.500000,2026-5-14_levelground 2_left.csv,level_walking,0.000000,0.000000,2847.000000,621.000000,0.000000,0.000000,0.000000,0.000000,1386.000000,369.000000,0.000000,0.000000,0.000000,0.000000,0.000000,0.000000,0.000000,0.000000,5223.000000,3468.000000,1755.000000,0.000000,5223.000000,0.000000,48.606565,56.431373,0.091645,-0.221117,0.000000,0.000000,LoadingResponse,1.000000,0.000000,0.000000,level walking,
191,2026-05-14 22:59:00,9.550000,2026-5-14_levelground 2_left.csv,level_walking,0.000000,0.000000,2847.000000,621.000000,0.000000,0.000000,0.000000,0.000000,1386.000000,369.000000,0.000000,0.000000,0.000000,0.000000,0.000000,0.000000,0.000000,0.000000,5223.000000,3468.000000,1755.000000,0.000000,5223.000000,0.000000,48.606565,56.431373,0.091645,-0.221117,0.000000,0.000000,LoadingResponse,1.000000,0.000000,0.000000,level walking,
192,2026-05-14 22:59:00,9.600000,2026-5-14_levelground 2_left.csv,level_walking,0.000000,0.000000,2847.000000,621.000000,0.000000,0.000000,0.000000,0.000000,1386.000000,369.000000,0.000000,0.000000,0.000000,0.000000,0.000000,0.000000,0.000000,0.000000,5223.000000,3468.000000,1755.000000,0.000000,5223.000000,0.000000,48.606565,56.431373,0.091645,-0.221117,0.000000,0.000000,LoadingResponse,1.000000,0.000000,0.000000,level walking,
193,2026-05-14 22:59:01,9.650000,2026-5-14_levelground 2_left.csv,level_walking,0.000000,0.000000,2847.000000,621.000000,0.000000,0.000000,0.000000,0.000000,1386.000000,369.000000,0.000000,0.000000,0.000000,0.000000,0.000000,0.000000,0.000000,0.000000,5223.000000,3468.000000,1755.000000,0.000000,5223.000000,0.000000,48.606565,56.431373,0.091645,-0.221117,0.000000,0.000000,LoadingResponse,1.000000,0.000000,0.000000,level walking,
194,2026-05-14 22:59:01,9.700000,2026-5-14_levelground 2_left.csv,level_walking,0.000000,0.000000,2847.000000,621.000000,0.000000,0.000000,0.000000,0.000000,1386.000000,369.000000,0.000000,0.000000,0.000000,0.000000,0.000000,0.000000,0.000000,0.000000,5223.000000,3468.000000,1755.000000,0.000000,5223.000000,0.000000,48.606565,56.431373,0.091645,-0.221117,0.000000,0.000000,LoadingResponse,1.000000,0.000000,0.000000,level walking,
195,2026-05-14 22:59:01,9.750000,2026-5-14_levelground 2_left.csv,level_walking,0.000000,0.000000,2847.000000,621.000000,0.000000,0.000000,0.000000,0.000000,1386.000000,369.000000,0.000000,0.000000,0.000000,0.000000,0.000000,0.000000,0.000000,0.000000,5223.000000,3468.000000,1755.000000,0.000000,5223.000000,0.000000,48.606565,56.431373,0.091645,-0.221117,0.000000,0.000000,LoadingResponse,1.000000,0.000000,0.000000,level walking,
196,2026-05-14 22:59:01,9.800000,2026-5-14_levelground 2_left.csv,level_walking,0.000000,0.000000,2847.000000,621.000000,0.000000,0.000000,0.000000,0.000000,1386.000000,369.000000,0.000000,0.000000,0.000000,0.000000,0.000000,0.000000,0.000000,0.000000,5223.000000,3468.000000,1755.000000,0.000000,5223.000000,0.000000,48.606565,56.431373,0.091645,-0.221117,0.000000,0.000000,LoadingResponse,1.000000,0.000000,0.000000,level walking,
197,2026-05-14 22:59:01,9.850000,2026-5-14_levelground 2_left.csv,level_walking,0.000000,0.000000,2847.000000,621.000000,0.000000,0.000000,0.000000,0.000000,1386.000000,369.000000,0.000000,0.000000,0.000000,0.000000,0.000000,0.000000,0.000000,0.000000,5223.000000,3468.000000,1755.000000,0.000000,5223.000000,0.000000,48.606565,56.431373,0.091645,-0.221117,0.000000,0.000000,LoadingResponse,1.000000,0.000000,0.000000,level walking,
198,2026-05-14 22:59:01,9.900000,2026-5-14_levelground 2_left.csv,level_walking,0.000000,0.000000,2847.000000,621.000000,0.000000,0.000000,0.000000,0.000000,1386.000000,369.000000,0.000000,0.000000,0.000000,0.000000,0.000000,0.000000,0.000000,0.000000,5223.000000,3468.000000,1755.000000,0.000000,5223.000000,0.000000,48.606565,56.431373,0.091645,-0.221117,0.000000,0.000000,LoadingResponse,1.000000,0.000000,0.000000,level walking,
199,2026-05-14 22:59:01,9.950000,2026-5-14_levelground 2_left.csv,level_walking,0.000000,0.000000,2847.000000,621.000000,0.000000,0.000000,0.000000,0.000000,1386.000000,369.000000,0.000000,0.000000,0.000000,0.000000,0.000000,0.000000,0.000000,0.000000,5223.000000,3468.000000,1755.000000,0.000000,5223.000000,0.000000,48.606565,56.431373,0.091645,-0.221117,0.000000,0.000000,LoadingResponse,1.000000,0.000000,0.000000,level walking,
200,2026-05-14 22:59:01,10.000000,2026-5-14_levelground 2_left.csv,level_walking,0.000000,0.000000,2847.000000,621.000000,0.000000,0.000000,0.000000,0.000000,1386.000000,369.000000,0.000000,0.000000,0.000000,0.000000,0.000000,0.000000,0.000000,0.000000,5223.000000,3468.000000,1755.000000,0.000000,5223.000000,0.000000,48.606565,56.431373,0.091645,-0.221117,0.000000,0.000000,LoadingResponse,1.000000,0.000000,0.000000,level walking,
201,2026-05-14 22:59:01,10.050000,2026-5-14_levelground 2_left.csv,level_walking,0.000000,0.000000,2847.000000,621.000000,0.000000,0.000000,0.000000,0.000000,1386.000000,369.000000,0.000000,0.000000,0.000000,0.000000,0.000000,0.000000,0.000000,0.000000,5223.000000,3468.000000,1755.000000,0.000000,5223.000000,0.000000,48.606565,56.431373,0.091645,-0.221117,0.000000,0.000000,LoadingResponse,1.000000,0.000000,0.000000,level walking,
202,2026-05-14 22:59:01,10.100000,2026-5-14_levelground 2_left.csv,level_walking,0.000000,0.000000,2847.000000,621.000000,0.000000,0.000000,0.000000,0.000000,1386.000000,369.000000,0.000000,0.000000,0.000000,0.000000,0.000000,0.000000,0.000000,0.000000,5223.000000,3468.000000,1755.000000,0.000000,5223.000000,0.000000,48.606565,56.431373,0.091645,-0.221117,0.000000,0.000000,LoadingResponse,1.000000,0.000000,0.000000,level walking,
203,2026-05-14 22:59:01,10.150000,2026-5-14_levelground 2_left.csv,level_walking,0.000000,0.000000,2847.000000,621.000000,0.000000,0.000000,0.000000,0.000000,1386.000000,369.000000,0.000000,0.000000,0.000000,0.000000,0.000000,0.000000,0.000000,0.000000,5223.000000,3468.000000,1755.000000,0.000000,5223.000000,0.000000,48.606565,56.431373,0.091645,-0.221117,0.000000,0.000000,LoadingResponse,1.000000,0.000000,0.000000,level walking,
204,2026-05-14 22:59:01,10.200000,2026-5-14_levelground 2_left.csv,level_walking,0.000000,0.000000,2847.000000,621.000000,0.000000,0.000000,0.000000,0.000000,1386.000000,369.000000,0.000000,0.000000,0.000000,0.000000,0.000000,0.000000,0.000000,0.000000,5223.000000,3468.000000,1755.000000,0.000000,5223.000000,0.000000,48.606565,56.431373,0.091645,-0.221117,0.000000,0.000000,LoadingResponse,1.000000,0.000000,0.000000,level walking,
205,2026-05-14 22:59:01,10.250000,2026-5-14_levelground 2_left.csv,level_walking,0.000000,0.000000,2847.000000,621.000000,0.000000,0.000000,0.000000,0.000000,1386.000000,369.000000,0.000000,0.000000,0.000000,0.000000,0.000000,0.000000,0.000000,0.000000,5223.000000,3468.000000,1755.000000,0.000000,5223.000000,0.000000,48.606565,56.431373,0.091645,-0.221117,0.000000,0.000000,LoadingResponse,1.000000,0.000000,0.000000,level walking,
206,2026-05-14 22:59:01,10.300000,2026-5-14_levelground 2_left.csv,level_walking,0.000000,0.000000,2847.000000,621.000000,0.000000,0.000000,0.000000,0.000000,1386.000000,369.000000,0.000000,0.000000,0.000000,0.000000,0.000000,0.000000,0.000000,0.000000,5223.000000,3468.000000,1755.000000,0.000000,5223.000000,0.000000,48.606565,56.431373,0.091645,-0.221117,0.000000,0.000000,LoadingResponse,1.000000,0.000000,0.000000,level walking,
207,2026-05-14 22:59:01,10.350000,2026-5-14_levelground 2_left.csv,level_walking,0.000000,0.000000,2847.000000,621.000000,0.000000,0.000000,0.000000,0.000000,1386.000000,369.000000,0.000000,0.000000,0.000000,0.000000,0.000000,0.000000,0.000000,0.000000,5223.000000,3468.000000,1755.000000,0.000000,5223.000000,0.000000,48.606565,56.431373,0.091645,-0.221117,0.000000,0.000000,LoadingResponse,1.000000,0.000000,0.000000,level walking,
208,2026-05-14 22:59:01,10.400000,2026-5-14_levelground 2_left.csv,level_walking,0.000000,0.000000,2847.000000,621.000000,0.000000,0.000000,0.000000,0.000000,1386.000000,369.000000,0.000000,0.000000,0.000000,0.000000,0.000000,0.000000,0.000000,0.000000,5223.000000,3468.000000,1755.000000,0.000000,5223.000000,0.000000,48.606565,56.431373,0.091645,-0.221117,0.000000,0.000000,LoadingResponse,1.000000,0.000000,0.000000,level walking,
209,2026-05-14 22:59:01,10.450000,2026-5-14_levelground 2_left.csv,level_walking,0.000000,0.000000,2847.000000,621.000000,0.000000,0.000000,0.000000,0.000000,1386.000000,369.000000,0.000000,0.000000,0.000000,0.000000,0.000000,0.000000,0.000000,0.000000,5223.000000,3468.000000,1755.000000,0.000000,5223.000000,0.000000,48.606565,56.431373,0.091645,-0.221117,0.000000,0.000000,LoadingResponse,1.000000,0.000000,0.000000,level walking,
210,2026-05-14 22:59:01,10.500000,2026-5-14_levelground 2_left.csv,level_walking,0.000000,0.000000,2847.000000,621.000000,0.000000,0.000000,0.000000,0.000000,1386.000000,369.000000,0.000000,0.000000,0.000000,0.000000,0.000000,0.000000,0.000000,0.000000,5223.000000,3468.000000,1755.000000,0.000000,5223.000000,0.000000,48.606565,56.431373,0.091645,-0.221117,0.000000,0.000000,LoadingResponse,1.000000,0.000000,0.000000,level walking,
211,2026-05-14 22:59:01,10.550000,2026-5-14_levelground 2_left.csv,level_walking,0.000000,0.000000,2847.000000,621.000000,0.000000,0.000000,0.000000,0.000000,1386.000000,369.000000,0.000000,0.000000,0.000000,0.000000,0.000000,0.000000,0.000000,0.000000,5223.000000,3468.000000,1755.000000,0.000000,5223.000000,0.000000,48.606565,56.431373,0.091645,-0.221117,0.000000,0.000000,LoadingResponse,1.000000,0.000000,0.000000,level walking,
212,2026-05-14 22:59:01,10.600000,2026-5-14_levelground 2_left.csv,level_walking,0.000000,0.000000,2847.000000,621.000000,0.000000,0.000000,0.000000,0.000000,1386.000000,369.000000,0.000000,0.000000,0.000000,0.000000,0.000000,0.000000,0.000000,0.000000,5223.000000,3468.000000,1755.000000,0.000000,5223.000000,0.000000,48.606565,56.431373,0.091645,-0.221117,0.000000,0.000000,LoadingResponse,1.000000,0.000000,0.000000,level walking,
213,2026-05-14 22:59:02,10.650000,2026-5-14_levelground 2_left.csv,level_walking,0.000000,0.000000,2847.000000,621.000000,0.000000,0.000000,0.000000,0.000000,1386.000000,369.000000,0.000000,0.000000,0.000000,0.000000,0.000000,0.000000,0.000000,0.000000,5223.000000,3468.000000,1755.000000,0.000000,5223.000000,0.000000,48.606565,56.431373,0.091645,-0.221117,0.000000,0.000000,LoadingResponse,1.000000,0.000000,0.000000,level walking,
214,2026-05-14 22:59:02,10.700000,2026-5-14_levelground 2_left.csv,level_walking,0.000000,0.000000,2847.000000,621.000000,0.000000,0.000000,0.000000,0.000000,1386.000000,369.000000,0.000000,0.000000,0.000000,0.000000,0.000000,0.000000,0.000000,0.000000,5223.000000,3468.000000,1755.000000,0.000000,5223.000000,0.000000,48.606565,56.431373,0.091645,-0.221117,0.000000,0.000000,LoadingResponse,1.000000,0.000000,0.000000,level walking,
215,2026-05-14 22:59:02,10.750000,2026-5-14_levelground 2_left.csv,level_walking,0.000000,0.000000,2847.000000,621.000000,0.000000,0.000000,0.000000,0.000000,1386.000000,369.000000,0.000000,0.000000,0.000000,0.000000,0.000000,0.000000,0.000000,0.000000,5223.000000,3468.000000,1755.000000,0.000000,5223.000000,0.000000,48.606565,56.431373,0.091645,-0.221117,0.000000,0.000000,LoadingResponse,1.000000,0.000000,0.000000,level walking,
216,2026-05-14 22:59:02,10.800000,2026-5-14_levelground 2_left.csv,level_walking,0.000000,0.000000,2847.000000,621.000000,0.000000,0.000000,0.000000,0.000000,1386.000000,369.000000,0.000000,0.000000,0.000000,0.000000,0.000000,0.000000,0.000000,0.000000,5223.000000,3468.000000,1755.000000,0.000000,5223.000000,0.000000,48.606565,56.431373,0.091645,-0.221117,0.000000,0.000000,LoadingResponse,1.000000,0.000000,0.000000,level walking,
217,2026-05-14 22:59:02,10.850000,2026-5-14_levelground 2_left.csv,level_walking,0.000000,0.000000,2847.000000,621.000000,0.000000,0.000000,0.000000,0.000000,1386.000000,369.000000,0.000000,0.000000,0.000000,0.000000,0.000000,0.000000,0.000000,0.000000,5223.000000,3468.000000,1755.000000,0.000000,5223.000000,0.000000,48.606565,56.431373,0.091645,-0.221117,0.000000,0.000000,LoadingResponse,1.000000,0.000000,0.000000,level walking,
218,2026-05-14 22:59:02,10.900000,2026-5-14_levelground 2_left.csv,level_walking,0.000000,0.000000,2847.000000,621.000000,0.000000,0.000000,0.000000,0.000000,1386.000000,369.000000,0.000000,0.000000,0.000000,0.000000,0.000000,0.000000,0.000000,0.000000,5223.000000,3468.000000,1755.000000,0.000000,5223.000000,0.000000,48.606565,56.431373,0.091645,-0.221117,0.000000,0.000000,LoadingResponse,1.000000,0.000000,0.000000,level walking,
219,2026-05-14 22:59:02,10.950000,2026-5-14_levelground 2_left.csv,level_walking,0.000000,0.000000,2847.000000,621.000000,0.000000,0.000000,0.000000,0.000000,1386.000000,369.000000,0.000000,0.000000,0.000000,0.000000,0.000000,0.000000,0.000000,0.000000,5223.000000,3468.000000,1755.000000,0.000000,5223.000000,0.000000,48.606565,56.431373,0.091645,-0.221117,0.000000,0.000000,LoadingResponse,1.000000,0.000000,0.000000,level walking,
220,2026-05-14 22:59:02,11.000000,2026-5-14_levelground 2_left.csv,level_walking,0.000000,0.000000,2847.000000,621.000000,0.000000,0.000000,0.000000,0.000000,1386.000000,369.000000,0.000000,0.000000,0.000000,0.000000,0.000000,0.000000,0.000000,0.000000,5223.000000,3468.000000,1755.000000,0.000000,5223.000000,0.000000,48.606565,56.431373,0.091645,-0.221117,0.000000,0.000000,LoadingResponse,1.000000,0.000000,0.000000,level walking,
221,2026-05-14 22:59:02,11.050000,2026-5-14_levelground 2_left.csv,level_walking,0.000000,0.000000,2847.000000,621.000000,0.000000,0.000000,0.000000,0.000000,1386.000000,369.000000,0.000000,0.000000,0.000000,0.000000,0.000000,0.000000,0.000000,0.000000,5223.000000,3468.000000,1755.000000,0.000000,5223.000000,0.000000,48.606565,56.431373,0.091645,-0.221117,0.000000,0.000000,LoadingResponse,1.000000,0.000000,0.000000,level walking,
222,2026-05-14 22:59:02,11.100000,2026-5-14_levelground 2_left.csv,level_walking,0.000000,0.000000,2847.000000,621.000000,0.000000,0.000000,0.000000,0.000000,1386.000000,369.000000,0.000000,0.000000,0.000000,0.000000,0.000000,0.000000,0.000000,0.000000,5223.000000,3468.000000,1755.000000,0.000000,5223.000000,0.000000,48.606565,56.431373,0.091645,-0.221117,0.000000,0.000000,LoadingResponse,1.000000,0.000000,0.000000,level walking,
223,2026-05-14 22:59:02,11.150000,2026-5-14_levelground 2_left.csv,level_walking,0.000000,0.000000,2847.000000,621.000000,0.000000,0.000000,0.000000,0.000000,1386.000000,369.000000,0.000000,0.000000,0.000000,0.000000,0.000000,0.000000,0.000000,0.000000,5223.000000,3468.000000,1755.000000,0.000000,5223.000000,0.000000,48.606565,56.431373,0.091645,-0.221117,0.000000,0.000000,LoadingResponse,1.000000,0.000000,0.000000,level walking,
224,2026-05-14 22:59:02,11.200000,2026-5-14_levelground 2_left.csv,level_walking,0.000000,0.000000,2847.000000,621.000000,0.000000,0.000000,0.000000,0.000000,1386.000000,369.000000,0.000000,0.000000,0.000000,0.000000,0.000000,0.000000,0.000000,0.000000,5223.000000,3468.000000,1755.000000,0.000000,5223.000000,0.000000,48.606565,56.431373,0.091645,-0.221117,0.000000,0.000000,LoadingResponse,1.000000,0.000000,0.000000,level walking,
225,2026-05-14 22:59:02,11.250000,2026-5-14_levelground 2_left.csv,level_walking,0.000000,0.000000,2847.000000,621.000000,0.000000,0.000000,0.000000,0.000000,1386.000000,369.000000,0.000000,0.000000,0.000000,0.000000,0.000000,0.000000,0.000000,0.000000,5223.000000,3468.000000,1755.000000,0.000000,5223.000000,0.000000,48.606565,56.431373,0.091645,-0.221117,0.000000,0.000000,LoadingResponse,1.000000,0.000000,0.000000,level walking,
226,2026-05-14 22:59:02,11.300000,2026-5-14_levelground 2_left.csv,level_walking,0.000000,0.000000,2847.000000,621.000000,0.000000,0.000000,0.000000,0.000000,1386.000000,369.000000,0.000000,0.000000,0.000000,0.000000,0.000000,0.000000,0.000000,0.000000,5223.000000,3468.000000,1755.000000,0.000000,5223.000000,0.000000,48.606565,56.431373,0.091645,-0.221117,0.000000,0.000000,LoadingResponse,1.000000,0.000000,0.000000,level walking,
227,2026-05-14 22:59:02,11.350000,2026-5-14_levelground 2_left.csv,level_walking,0.000000,0.000000,2847.000000,621.000000,0.000000,0.000000,0.000000,0.000000,1386.000000,369.000000,0.000000,0.000000,0.000000,0.000000,0.000000,0.000000,0.000000,0.000000,5223.000000,3468.000000,1755.000000,0.000000,5223.000000,0.000000,48.606565,56.431373,0.091645,-0.221117,0.000000,0.000000,LoadingResponse,1.000000,0.000000,0.000000,level walking,
228,2026-05-14 22:59:02,11.400000,2026-5-14_levelground 2_left.csv,level_walking,0.000000,0.000000,2847.000000,621.000000,0.000000,0.000000,0.000000,0.000000,1386.000000,369.000000,0.000000,0.000000,0.000000,0.000000,0.000000,0.000000,0.000000,0.000000,5223.000000,3468.000000,1755.000000,0.000000,5223.000000,0.000000,48.606565,56.431373,0.091645,-0.221117,0.000000,0.000000,LoadingResponse,1.000000,0.000000,0.000000,level walking,
229,2026-05-14 22:59:02,11.450000,2026-5-14_levelground 2_left.csv,level_walking,0.000000,0.000000,2847.000000,621.000000,0.000000,0.000000,0.000000,0.000000,1386.000000,369.000000,0.000000,0.000000,0.000000,0.000000,0.000000,0.000000,0.000000,0.000000,5223.000000,3468.000000,1755.000000,0.000000,5223.000000,0.000000,48.606565,56.431373,0.091645,-0.221117,0.000000,0.000000,LoadingResponse,1.000000,0.000000,0.000000,level walking,
230,2026-05-14 22:59:02,11.500000,2026-5-14_levelground 2_left.csv,level_walking,0.000000,0.000000,2847.000000,621.000000,0.000000,0.000000,0.000000,0.000000,1386.000000,369.000000,0.000000,0.000000,0.000000,0.000000,0.000000,0.000000,0.000000,0.000000,5223.000000,3468.000000,1755.000000,0.000000,5223.000000,0.000000,48.606565,56.431373,0.091645,-0.221117,0.000000,0.000000,LoadingResponse,1.000000,0.000000,0.000000,level walking,
231,2026-05-14 22:59:02,11.550000,2026-5-14_levelground 2_left.csv,level_walking,0.000000,0.000000,2847.000000,621.000000,0.000000,0.000000,0.000000,0.000000,1386.000000,369.000000,0.000000,0.000000,0.000000,0.000000,0.000000,0.000000,0.000000,0.000000,5223.000000,3468.000000,1755.000000,0.000000,5223.000000,0.000000,48.606565,56.431373,0.091645,-0.221117,0.000000,0.000000,LoadingResponse,1.000000,0.000000,0.000000,level walking,
232,2026-05-14 22:59:02,11.600000,2026-5-14_levelground 2_left.csv,level_walking,0.000000,0.000000,2847.000000,621.000000,0.000000,0.000000,0.000000,0.000000,1386.000000,369.000000,0.000000,0.000000,0.000000,0.000000,0.000000,0.000000,0.000000,0.000000,5223.000000,3468.000000,1755.000000,0.000000,5223.000000,0.000000,48.606565,56.431373,0.091645,-0.221117,0.000000,0.000000,LoadingResponse,1.000000,0.000000,0.000000,level walking,
233,2026-05-14 22:59:03,11.650000,2026-5-14_levelground 2_left.csv,level_walking,0.000000,0.000000,2847.000000,621.000000,0.000000,0.000000,0.000000,0.000000,1386.000000,369.000000,0.000000,0.000000,0.000000,0.000000,0.000000,0.000000,0.000000,0.000000,5223.000000,3468.000000,1755.000000,0.000000,5223.000000,0.000000,48.606565,56.431373,0.091645,-0.221117,0.000000,0.000000,LoadingResponse,1.000000,0.000000,0.000000,level walking,
234,2026-05-14 22:59:03,11.700000,2026-5-14_levelground 2_left.csv,level_walking,0.000000,0.000000,2847.000000,621.000000,0.000000,0.000000,0.000000,0.000000,1386.000000,369.000000,0.000000,0.000000,0.000000,0.000000,0.000000,0.000000,0.000000,0.000000,5223.000000,3468.000000,1755.000000,0.000000,5223.000000,0.000000,48.606565,56.431373,0.091645,-0.221117,0.000000,0.000000,LoadingResponse,1.000000,0.000000,0.000000,level walking,
235,2026-05-14 22:59:03,11.750000,2026-5-14_levelground 2_left.csv,level_walking,0.000000,0.000000,2847.000000,621.000000,0.000000,0.000000,0.000000,0.000000,1386.000000,369.000000,0.000000,0.000000,0.000000,0.000000,0.000000,0.000000,0.000000,0.000000,5223.000000,3468.000000,1755.000000,0.000000,5223.000000,0.000000,48.606565,56.431373,0.091645,-0.221117,0.000000,0.000000,LoadingResponse,1.000000,0.000000,0.000000,level walking,
236,2026-05-14 22:59:03,11.800000,2026-5-14_levelground 2_left.csv,level_walking,0.000000,0.000000,2847.000000,621.000000,0.000000,0.000000,0.000000,0.000000,1386.000000,369.000000,0.000000,0.000000,0.000000,0.000000,0.000000,0.000000,0.000000,0.000000,5223.000000,3468.000000,1755.000000,0.000000,5223.000000,0.000000,48.606565,56.431373,0.091645,-0.221117,0.000000,0.000000,LoadingResponse,1.000000,0.000000,0.000000,level walking,
237,2026-05-14 22:59:03,11.850000,2026-5-14_levelground 2_left.csv,level_walking,0.000000,0.000000,2847.000000,621.000000,0.000000,0.000000,0.000000,0.000000,1386.000000,369.000000,0.000000,0.000000,0.000000,0.000000,0.000000,0.000000,0.000000,0.000000,5223.000000,3468.000000,1755.000000,0.000000,5223.000000,0.000000,48.606565,56.431373,0.091645,-0.221117,0.000000,0.000000,LoadingResponse,1.000000,0.000000,0.000000,level walking,
238,2026-05-14 22:59:03,11.900000,2026-5-14_levelground 2_left.csv,level_walking,0.000000,0.000000,2847.000000,621.000000,0.000000,0.000000,0.000000,0.000000,1386.000000,369.000000,0.000000,0.000000,0.000000,0.000000,0.000000,0.000000,0.000000,0.000000,5223.000000,3468.000000,1755.000000,0.000000,5223.000000,0.000000,48.606565,56.431373,0.091645,-0.221117,0.000000,0.000000,LoadingResponse,1.000000,0.000000,0.000000,level walking,
239,2026-05-14 22:59:03,11.950000,2026-5-14_levelground 2_left.csv,level_walking,0.000000,0.000000,2847.000000,621.000000,0.000000,0.000000,0.000000,0.000000,1386.000000,369.000000,0.000000,0.000000,0.000000,0.000000,0.000000,0.000000,0.000000,0.000000,5223.000000,3468.000000,1755.000000,0.000000,5223.000000,0.000000,48.606565,56.431373,0.091645,-0.221117,0.000000,0.000000,LoadingResponse,1.000000,0.000000,0.000000,level walking,
240,2026-05-14 22:59:03,12.000000,2026-5-14_levelground 2_left.csv,level_walking,0.000000,0.000000,2847.000000,621.000000,0.000000,0.000000,0.000000,0.000000,1386.000000,369.000000,0.000000,0.000000,0.000000,0.000000,0.000000,0.000000,0.000000,0.000000,5223.000000,3468.000000,1755.000000,0.000000,5223.000000,0.000000,48.606565,56.431373,0.091645,-0.221117,0.000000,0.000000,LoadingResponse,1.000000,0.000000,0.000000,level walking,
241,2026-05-14 22:59:03,12.050000,2026-5-14_levelground 2_left.csv,level_walking,0.000000,0.000000,2847.000000,621.000000,0.000000,0.000000,0.000000,0.000000,1386.000000,369.000000,0.000000,0.000000,0.000000,0.000000,0.000000,0.000000,0.000000,0.000000,5223.000000,3468.000000,1755.000000,0.000000,5223.000000,0.000000,48.606565,56.431373,0.091645,-0.221117,0.000000,0.000000,LoadingResponse,1.000000,0.000000,0.000000,level walking,
242,2026-05-14 22:59:03,12.100000,2026-5-14_levelground 2_left.csv,level_walking,0.000000,0.000000,2847.000000,621.000000,0.000000,0.000000,0.000000,0.000000,1386.000000,369.000000,0.000000,0.000000,0.000000,0.000000,0.000000,0.000000,0.000000,0.000000,5223.000000,3468.000000,1755.000000,0.000000,5223.000000,0.000000,48.606565,56.431373,0.091645,-0.221117,0.000000,0.000000,LoadingResponse,1.000000,0.000000,0.000000,level walking,
243,2026-05-14 22:59:03,12.150000,2026-5-14_levelground 2_left.csv,level_walking,0.000000,0.000000,2847.000000,621.000000,0.000000,0.000000,0.000000,0.000000,1386.000000,369.000000,0.000000,0.000000,0.000000,0.000000,0.000000,0.000000,0.000000,0.000000,5223.000000,3468.000000,1755.000000,0.000000,5223.000000,0.000000,48.606565,56.431373,0.091645,-0.221117,0.000000,0.000000,LoadingResponse,1.000000,0.000000,0.000000,level walking,
244,2026-05-14 22:59:03,12.200000,2026-5-14_levelground 2_left.csv,level_walking,0.000000,0.000000,2847.000000,621.000000,0.000000,0.000000,0.000000,0.000000,1386.000000,369.000000,0.000000,0.000000,0.000000,0.000000,0.000000,0.000000,0.000000,0.000000,5223.000000,3468.000000,1755.000000,0.000000,5223.000000,0.000000,48.606565,56.431373,0.091645,-0.221117,0.000000,0.000000,LoadingResponse,1.000000,0.000000,0.000000,level walking,
245,2026-05-14 22:59:03,12.250000,2026-5-14_levelground 2_left.csv,level_walking,0.000000,0.000000,2847.000000,621.000000,0.000000,0.000000,0.000000,0.000000,1386.000000,369.000000,0.000000,0.000000,0.000000,0.000000,0.000000,0.000000,0.000000,0.000000,5223.000000,3468.000000,1755.000000,0.000000,5223.000000,0.000000,48.606565,56.431373,0.091645,-0.221117,0.000000,0.000000,LoadingResponse,1.000000,0.000000,0.000000,level walking,
246,2026-05-14 22:59:03,12.300000,2026-5-14_levelground 2_left.csv,level_walking,0.000000,0.000000,2847.000000,621.000000,0.000000,0.000000,0.000000,0.000000,1386.000000,369.000000,0.000000,0.000000,0.000000,0.000000,0.000000,0.000000,0.000000,0.000000,5223.000000,3468.000000,1755.000000,0.000000,5223.000000,0.000000,48.606565,56.431373,0.091645,-0.221117,0.000000,0.000000,LoadingResponse,1.000000,0.000000,0.000000,level walking,
247,2026-05-14 22:59:03,12.350000,2026-5-14_levelground 2_left.csv,level_walking,0.000000,0.000000,2847.000000,621.000000,0.000000,0.000000,0.000000,0.000000,1386.000000,369.000000,0.000000,0.000000,0.000000,0.000000,0.000000,0.000000,0.000000,0.000000,5223.000000,3468.000000,1755.000000,0.000000,5223.000000,0.000000,48.606565,56.431373,0.091645,-0.221117,0.000000,0.000000,LoadingResponse,1.000000,0.000000,0.000000,level walking,
248,2026-05-14 22:59:03,12.400000,2026-5-14_levelground 2_left.csv,level_walking,0.000000,0.000000,2847.000000,621.000000,0.000000,0.000000,0.000000,0.000000,1386.000000,369.000000,0.000000,0.000000,0.000000,0.000000,0.000000,0.000000,0.000000,0.000000,5223.000000,3468.000000,1755.000000,0.000000,5223.000000,0.000000,48.606565,56.431373,0.091645,-0.221117,0.000000,0.000000,LoadingResponse,1.000000,0.000000,0.000000,level walking,
249,2026-05-14 22:59:03,12.450000,2026-5-14_levelground 2_left.csv,level_walking,0.000000,0.000000,2847.000000,621.000000,0.000000,0.000000,0.000000,0.000000,1386.000000,369.000000,0.000000,0.000000,0.000000,0.000000,0.000000,0.000000,0.000000,0.000000,5223.000000,3468.000000,1755.000000,0.000000,5223.000000,0.000000,48.606565,56.431373,0.091645,-0.221117,0.000000,0.000000,LoadingResponse,1.000000,0.000000,0.000000,level walking,
250,2026-05-14 22:59:03,12.500000,2026-5-14_levelground 2_left.csv,level_walking,0.000000,0.000000,2847.000000,621.000000,0.000000,0.000000,0.000000,0.000000,1386.000000,369.000000,0.000000,0.000000,0.000000,0.000000,0.000000,0.000000,0.000000,0.000000,5223.000000,3468.000000,1755.000000,0.000000,5223.000000,0.000000,48.606565,56.431373,0.091645,-0.221117,0.000000,0.000000,LoadingResponse,1.000000,0.000000,0.000000,level walking,
251,2026-05-14 22:59:03,12.550000,2026-5-14_levelground 2_left.csv,level_walking,0.000000,0.000000,2847.000000,621.000000,0.000000,0.000000,0.000000,0.000000,1386.000000,369.000000,0.000000,0.000000,0.000000,0.000000,0.000000,0.000000,0.000000,0.000000,5223.000000,3468.000000,1755.000000,0.000000,5223.000000,0.000000,48.606565,56.431373,0.091645,-0.221117,0.000000,0.000000,LoadingResponse,1.000000,0.000000,0.000000,level walking,
252,2026-05-14 22:59:03,12.600000,2026-5-14_levelground 2_left.csv,level_walking,0.000000,0.000000,2847.000000,621.000000,0.000000,0.000000,0.000000,0.000000,1386.000000,369.000000,0.000000,0.000000,0.000000,0.000000,0.000000,0.000000,0.000000,0.000000,5223.000000,3468.000000,1755.000000,0.000000,5223.000000,0.000000,48.606565,56.431373,0.091645,-0.221117,0.000000,0.000000,LoadingResponse,1.000000,0.000000,0.000000,level walking,
253,2026-05-14 22:59:04,12.650000,2026-5-14_levelground 2_left.csv,level_walking,0.000000,0.000000,2847.000000,621.000000,0.000000,0.000000,0.000000,0.000000,1386.000000,369.000000,0.000000,0.000000,0.000000,0.000000,0.000000,0.000000,0.000000,0.000000,5223.000000,3468.000000,1755.000000,0.000000,5223.000000,0.000000,48.606565,56.431373,0.091645,-0.221117,0.000000,0.000000,LoadingResponse,1.000000,0.000000,0.000000,level walking,
254,2026-05-14 22:59:04,12.700000,2026-5-14_levelground 2_left.csv,level_walking,0.000000,0.000000,2847.000000,621.000000,0.000000,0.000000,0.000000,0.000000,1386.000000,369.000000,0.000000,0.000000,0.000000,0.000000,0.000000,0.000000,0.000000,0.000000,5223.000000,3468.000000,1755.000000,0.000000,5223.000000,0.000000,48.606565,56.431373,0.091645,-0.221117,0.000000,0.000000,LoadingResponse,1.000000,0.000000,0.000000,level walking,
255,2026-05-14 22:59:04,12.750000,2026-5-14_levelground 2_left.csv,level_walking,0.000000,0.000000,2847.000000,621.000000,0.000000,0.000000,0.000000,0.000000,1386.000000,369.000000,0.000000,0.000000,0.000000,0.000000,0.000000,0.000000,0.000000,0.000000,5223.000000,3468.000000,1755.000000,0.000000,5223.000000,0.000000,48.606565,56.431373,0.091645,-0.221117,0.000000,0.000000,LoadingResponse,1.000000,0.000000,0.000000,level walking,
256,2026-05-14 22:59:04,12.800000,2026-5-14_levelground 2_left.csv,level_walking,0.000000,0.000000,2847.000000,621.000000,0.000000,0.000000,0.000000,0.000000,1386.000000,369.000000,0.000000,0.000000,0.000000,0.000000,0.000000,0.000000,0.000000,0.000000,5223.000000,3468.000000,1755.000000,0.000000,5223.000000,0.000000,48.606565,56.431373,0.091645,-0.221117,0.000000,0.000000,LoadingResponse,1.000000,0.000000,0.000000,level walking,
257,2026-05-14 22:59:04,12.850000,2026-5-14_levelground 2_left.csv,level_walking,0.000000,0.000000,2847.000000,621.000000,0.000000,0.000000,0.000000,0.000000,1386.000000,369.000000,0.000000,0.000000,0.000000,0.000000,0.000000,0.000000,0.000000,0.000000,5223.000000,3468.000000,1755.000000,0.000000,5223.000000,0.000000,48.606565,56.431373,0.091645,-0.221117,0.000000,0.000000,LoadingResponse,1.000000,0.000000,0.000000,level walking,
258,2026-05-14 22:59:04,12.900000,2026-5-14_levelground 2_left.csv,level_walking,0.000000,0.000000,2847.000000,621.000000,0.000000,0.000000,0.000000,0.000000,1386.000000,369.000000,0.000000,0.000000,0.000000,0.000000,0.000000,0.000000,0.000000,0.000000,5223.000000,3468.000000,1755.000000,0.000000,5223.000000,0.000000,48.606565,56.431373,0.091645,-0.221117,0.000000,0.000000,LoadingResponse,1.000000,0.000000,0.000000,level walking,
259,2026-05-14 22:59:04,12.950000,2026-5-14_levelground 2_left.csv,level_walking,0.000000,0.000000,2847.000000,621.000000,0.000000,0.000000,0.000000,0.000000,1386.000000,369.000000,0.000000,0.000000,0.000000,0.000000,0.000000,0.000000,0.000000,0.000000,5223.000000,3468.000000,1755.000000,0.000000,5223.000000,0.000000,48.606565,56.431373,0.091645,-0.221117,0.000000,0.000000,LoadingResponse,1.000000,0.000000,0.000000,level walking,
260,2026-05-14 22:59:04,13.000000,2026-5-14_levelground 2_left.csv,level_walking,0.000000,0.000000,2847.000000,621.000000,0.000000,0.000000,0.000000,0.000000,1386.000000,369.000000,0.000000,0.000000,0.000000,0.000000,0.000000,0.000000,0.000000,0.000000,5223.000000,3468.000000,1755.000000,0.000000,5223.000000,0.000000,48.606565,56.431373,0.091645,-0.221117,0.000000,0.000000,LoadingResponse,1.000000,0.000000,0.000000,level walking,
261,2026-05-14 22:59:04,13.050000,2026-5-14_levelground 2_left.csv,level_walking,0.000000,0.000000,2847.000000,621.000000,0.000000,0.000000,0.000000,0.000000,1386.000000,369.000000,0.000000,0.000000,0.000000,0.000000,0.000000,0.000000,0.000000,0.000000,5223.000000,3468.000000,1755.000000,0.000000,5223.000000,0.000000,48.606565,56.431373,0.091645,-0.221117,0.000000,0.000000,LoadingResponse,1.000000,0.000000,0.000000,level walking,
262,2026-05-14 22:59:04,13.100000,2026-5-14_levelground 2_left.csv,level_walking,0.000000,0.000000,2847.000000,621.000000,0.000000,0.000000,0.000000,0.000000,1386.000000,369.000000,0.000000,0.000000,0.000000,0.000000,0.000000,0.000000,0.000000,0.000000,5223.000000,3468.000000,1755.000000,0.000000,5223.000000,0.000000,48.606565,56.431373,0.091645,-0.221117,0.000000,0.000000,LoadingResponse,1.000000,0.000000,0.000000,level walking,
263,2026-05-14 22:59:04,13.150000,2026-5-14_levelground 2_left.csv,level_walking,0.000000,0.000000,2847.000000,621.000000,0.000000,0.000000,0.000000,0.000000,1386.000000,369.000000,0.000000,0.000000,0.000000,0.000000,0.000000,0.000000,0.000000,0.000000,5223.000000,3468.000000,1755.000000,0.000000,5223.000000,0.000000,48.606565,56.431373,0.091645,-0.221117,0.000000,0.000000,LoadingResponse,1.000000,0.000000,0.000000,level walking,
264,2026-05-14 22:59:04,13.200000,2026-5-14_levelground 2_left.csv,level_walking,0.000000,0.000000,2847.000000,621.000000,0.000000,0.000000,0.000000,0.000000,1386.000000,369.000000,0.000000,0.000000,0.000000,0.000000,0.000000,0.000000,0.000000,0.000000,5223.000000,3468.000000,1755.000000,0.000000,5223.000000,0.000000,48.606565,56.431373,0.091645,-0.221117,0.000000,0.000000,LoadingResponse,1.000000,0.000000,0.000000,level walking,
265,2026-05-14 22:59:04,13.250000,2026-5-14_levelground 2_left.csv,level_walking,0.000000,0.000000,2847.000000,621.000000,0.000000,0.000000,0.000000,0.000000,1386.000000,369.000000,0.000000,0.000000,0.000000,0.000000,0.000000,0.000000,0.000000,0.000000,5223.000000,3468.000000,1755.000000,0.000000,5223.000000,0.000000,48.606565,56.431373,0.091645,-0.221117,0.000000,0.000000,LoadingResponse,1.000000,0.000000,0.000000,level walking,
266,2026-05-14 22:59:04,13.300000,2026-5-14_levelground 2_left.csv,level_walking,0.000000,0.000000,2847.000000,621.000000,0.000000,0.000000,0.000000,0.000000,1386.000000,369.000000,0.000000,0.000000,0.000000,0.000000,0.000000,0.000000,0.000000,0.000000,5223.000000,3468.000000,1755.000000,0.000000,5223.000000,0.000000,48.606565,56.431373,0.091645,-0.221117,0.000000,0.000000,LoadingResponse,1.000000,0.000000,0.000000,level walking,
267,2026-05-14 22:59:04,13.350000,2026-5-14_levelground 2_left.csv,level_walking,0.000000,0.000000,2847.000000,621.000000,0.000000,0.000000,0.000000,0.000000,1386.000000,369.000000,0.000000,0.000000,0.000000,0.000000,0.000000,0.000000,0.000000,0.000000,5223.000000,3468.000000,1755.000000,0.000000,5223.000000,0.000000,48.606565,56.431373,0.091645,-0.221117,0.000000,0.000000,LoadingResponse,1.000000,0.000000,0.000000,level walking,
268,2026-05-14 22:59:04,13.400000,2026-5-14_levelground 2_left.csv,level_walking,0.000000,0.000000,2847.000000,621.000000,0.000000,0.000000,0.000000,0.000000,1386.000000,369.000000,0.000000,0.000000,0.000000,0.000000,0.000000,0.000000,0.000000,0.000000,5223.000000,3468.000000,1755.000000,0.000000,5223.000000,0.000000,48.606565,56.431373,0.091645,-0.221117,0.000000,0.000000,LoadingResponse,1.000000,0.000000,0.000000,level walking,
269,2026-05-14 22:59:04,13.450000,2026-5-14_levelground 2_left.csv,level_walking,0.000000,0.000000,2847.000000,621.000000,0.000000,0.000000,0.000000,0.000000,1386.000000,369.000000,0.000000,0.000000,0.000000,0.000000,0.000000,0.000000,0.000000,0.000000,5223.000000,3468.000000,1755.000000,0.000000,5223.000000,0.000000,48.606565,56.431373,0.091645,-0.221117,0.000000,0.000000,LoadingResponse,1.000000,0.000000,0.000000,level walking,
270,2026-05-14 22:59:04,13.500000,2026-5-14_levelground 2_left.csv,level_walking,0.000000,0.000000,2847.000000,621.000000,0.000000,0.000000,0.000000,0.000000,1386.000000,369.000000,0.000000,0.000000,0.000000,0.000000,0.000000,0.000000,0.000000,0.000000,5223.000000,3468.000000,1755.000000,0.000000,5223.000000,0.000000,48.606565,56.431373,0.091645,-0.221117,0.000000,0.000000,LoadingResponse,1.000000,0.000000,0.000000,level walking,
271,2026-05-14 22:59:04,13.550000,2026-5-14_levelground 2_left.csv,level_walking,0.000000,0.000000,2847.000000,621.000000,0.000000,0.000000,0.000000,0.000000,1386.000000,369.000000,0.000000,0.000000,0.000000,0.000000,0.000000,0.000000,0.000000,0.000000,5223.000000,3468.000000,1755.000000,0.000000,5223.000000,0.000000,48.606565,56.431373,0.091645,-0.221117,0.000000,0.000000,LoadingResponse,1.000000,0.000000,0.000000,level walking,
272,2026-05-14 22:59:04,13.600000,2026-5-14_levelground 2_left.csv,level_walking,0.000000,0.000000,2847.000000,621.000000,0.000000,0.000000,0.000000,0.000000,1386.000000,369.000000,0.000000,0.000000,0.000000,0.000000,0.000000,0.000000,0.000000,0.000000,5223.000000,3468.000000,1755.000000,0.000000,5223.000000,0.000000,48.606565,56.431373,0.091645,-0.221117,0.000000,0.000000,LoadingResponse,1.000000,0.000000,0.000000,level walking,
273,2026-05-14 22:59:05,13.650000,2026-5-14_levelground 2_left.csv,level_walking,0.000000,0.000000,2847.000000,621.000000,0.000000,0.000000,0.000000,0.000000,1386.000000,369.000000,0.000000,0.000000,0.000000,0.000000,0.000000,0.000000,0.000000,0.000000,5223.000000,3468.000000,1755.000000,0.000000,5223.000000,0.000000,48.606565,56.431373,0.091645,-0.221117,0.000000,0.000000,LoadingResponse,1.000000,0.000000,0.000000,level walking,
274,2026-05-14 22:59:05,13.700000,2026-5-14_levelground 2_left.csv,level_walking,0.000000,0.000000,2847.000000,621.000000,0.000000,0.000000,0.000000,0.000000,1386.000000,369.000000,0.000000,0.000000,0.000000,0.000000,0.000000,0.000000,0.000000,0.000000,5223.000000,3468.000000,1755.000000,0.000000,5223.000000,0.000000,48.606565,56.431373,0.091645,-0.221117,0.000000,0.000000,LoadingResponse,1.000000,0.000000,0.000000,level walking,
275,2026-05-14 22:59:05,13.750000,2026-5-14_levelground 2_left.csv,level_walking,0.000000,0.000000,2847.000000,621.000000,0.000000,0.000000,0.000000,0.000000,1386.000000,369.000000,0.000000,0.000000,0.000000,0.000000,0.000000,0.000000,0.000000,0.000000,5223.000000,3468.000000,1755.000000,0.000000,5223.000000,0.000000,48.606565,56.431373,0.091645,-0.221117,0.000000,0.000000,LoadingResponse,1.000000,0.000000,0.000000,level walking,
276,2026-05-14 22:59:05,13.800000,2026-5-14_levelground 2_left.csv,level_walking,0.000000,0.000000,2847.000000,621.000000,0.000000,0.000000,0.000000,0.000000,1386.000000,369.000000,0.000000,0.000000,0.000000,0.000000,0.000000,0.000000,0.000000,0.000000,5223.000000,3468.000000,1755.000000,0.000000,5223.000000,0.000000,48.606565,56.431373,0.091645,-0.221117,0.000000,0.000000,LoadingResponse,1.000000,0.000000,0.000000,level walking,
277,2026-05-14 22:59:05,13.850000,2026-5-14_levelground 2_left.csv,level_walking,0.000000,0.000000,2847.000000,621.000000,0.000000,0.000000,0.000000,0.000000,1386.000000,369.000000,0.000000,0.000000,0.000000,0.000000,0.000000,0.000000,0.000000,0.000000,5223.000000,3468.000000,1755.000000,0.000000,5223.000000,0.000000,48.606565,56.431373,0.091645,-0.221117,0.000000,0.000000,LoadingResponse,1.000000,0.000000,0.000000,level walking,
278,2026-05-14 22:59:05,13.900000,2026-5-14_levelground 2_left.csv,level_walking,0.000000,0.000000,2847.000000,621.000000,0.000000,0.000000,0.000000,0.000000,1386.000000,369.000000,0.000000,0.000000,0.000000,0.000000,0.000000,0.000000,0.000000,0.000000,5223.000000,3468.000000,1755.000000,0.000000,5223.000000,0.000000,48.606565,56.431373,0.091645,-0.221117,0.000000,0.000000,LoadingResponse,1.000000,0.000000,0.000000,level walking,
279,2026-05-14 22:59:05,13.950000,2026-5-14_levelground 2_left.csv,level_walking,0.000000,0.000000,2847.000000,621.000000,0.000000,0.000000,0.000000,0.000000,1386.000000,369.000000,0.000000,0.000000,0.000000,0.000000,0.000000,0.000000,0.000000,0.000000,5223.000000,3468.000000,1755.000000,0.000000,5223.000000,0.000000,48.606565,56.431373,0.091645,-0.221117,0.000000,0.000000,LoadingResponse,1.000000,0.000000,0.000000,level walking,
280,2026-05-14 22:59:05,14.000000,2026-5-14_levelground 2_left.csv,level_walking,0.000000,0.000000,2847.000000,621.000000,0.000000,0.000000,0.000000,0.000000,1386.000000,369.000000,0.000000,0.000000,0.000000,0.000000,0.000000,0.000000,0.000000,0.000000,5223.000000,3468.000000,1755.000000,0.000000,5223.000000,0.000000,48.606565,56.431373,0.091645,-0.221117,0.000000,0.000000,LoadingResponse,1.000000,0.000000,0.000000,level walking,
281,2026-05-14 22:59:05,14.050000,2026-5-14_levelground 2_left.csv,level_walking,0.000000,0.000000,2847.000000,621.000000,0.000000,0.000000,0.000000,0.000000,1386.000000,369.000000,0.000000,0.000000,0.000000,0.000000,0.000000,0.000000,0.000000,0.000000,5223.000000,3468.000000,1755.000000,0.000000,5223.000000,0.000000,48.606565,56.431373,0.091645,-0.221117,0.000000,0.000000,LoadingResponse,1.000000,0.000000,0.000000,level walking,
282,2026-05-14 22:59:05,14.100000,2026-5-14_levelground 2_left.csv,level_walking,0.000000,0.000000,2847.000000,621.000000,0.000000,0.000000,0.000000,0.000000,1386.000000,369.000000,0.000000,0.000000,0.000000,0.000000,0.000000,0.000000,0.000000,0.000000,5223.000000,3468.000000,1755.000000,0.000000,5223.000000,0.000000,48.606565,56.431373,0.091645,-0.221117,0.000000,0.000000,LoadingResponse,1.000000,0.000000,0.000000,level walking,
283,2026-05-14 22:59:05,14.150000,2026-5-14_levelground 2_left.csv,level_walking,0.000000,0.000000,2847.000000,621.000000,0.000000,0.000000,0.000000,0.000000,1386.000000,369.000000,0.000000,0.000000,0.000000,0.000000,0.000000,0.000000,0.000000,0.000000,5223.000000,3468.000000,1755.000000,0.000000,5223.000000,0.000000,48.606565,56.431373,0.091645,-0.221117,0.000000,0.000000,LoadingResponse,1.000000,0.000000,0.000000,level walking,
284,2026-05-14 22:59:05,14.200000,2026-5-14_levelground 2_left.csv,level_walking,0.000000,0.000000,2847.000000,621.000000,0.000000,0.000000,0.000000,0.000000,1386.000000,369.000000,0.000000,0.000000,0.000000,0.000000,0.000000,0.000000,0.000000,0.000000,5223.000000,3468.000000,1755.000000,0.000000,5223.000000,0.000000,48.606565,56.431373,0.091645,-0.221117,0.000000,0.000000,LoadingResponse,1.000000,0.000000,0.000000,level walking,
285,2026-05-14 22:59:05,14.250000,2026-5-14_levelground 2_left.csv,level_walking,0.000000,0.000000,2847.000000,621.000000,0.000000,0.000000,0.000000,0.000000,1386.000000,369.000000,0.000000,0.000000,0.000000,0.000000,0.000000,0.000000,0.000000,0.000000,5223.000000,3468.000000,1755.000000,0.000000,5223.000000,0.000000,48.606565,56.431373,0.091645,-0.221117,0.000000,0.000000,LoadingResponse,1.000000,0.000000,0.000000,level walking,
286,2026-05-14 22:59:05,14.300000,2026-5-14_levelground 2_left.csv,level_walking,0.000000,0.000000,2847.000000,621.000000,0.000000,0.000000,0.000000,0.000000,1386.000000,369.000000,0.000000,0.000000,0.000000,0.000000,0.000000,0.000000,0.000000,0.000000,5223.000000,3468.000000,1755.000000,0.000000,5223.000000,0.000000,48.606565,56.431373,0.091645,-0.221117,0.000000,0.000000,LoadingResponse,1.000000,0.000000,0.000000,level walking,
287,2026-05-14 22:59:05,14.350000,2026-5-14_levelground 2_left.csv,level_walking,0.000000,0.000000,2847.000000,621.000000,0.000000,0.000000,0.000000,0.000000,1386.000000,369.000000,0.000000,0.000000,0.000000,0.000000,0.000000,0.000000,0.000000,0.000000,5223.000000,3468.000000,1755.000000,0.000000,5223.000000,0.000000,48.606565,56.431373,0.091645,-0.221117,0.000000,0.000000,LoadingResponse,1.000000,0.000000,0.000000,level walking,
288,2026-05-14 22:59:05,14.400000,2026-5-14_levelground 2_left.csv,level_walking,0.000000,0.000000,2847.000000,621.000000,0.000000,0.000000,0.000000,0.000000,1386.000000,369.000000,0.000000,0.000000,0.000000,0.000000,0.000000,0.000000,0.000000,0.000000,5223.000000,3468.000000,1755.000000,0.000000,5223.000000,0.000000,48.606565,56.431373,0.091645,-0.221117,0.000000,0.000000,LoadingResponse,1.000000,0.000000,0.000000,level walking,
289,2026-05-14 22:59:05,14.450000,2026-5-14_levelground 2_left.csv,level_walking,0.000000,0.000000,2847.000000,621.000000,0.000000,0.000000,0.000000,0.000000,1386.000000,369.000000,0.000000,0.000000,0.000000,0.000000,0.000000,0.000000,0.000000,0.000000,5223.000000,3468.000000,1755.000000,0.000000,5223.000000,0.000000,48.606565,56.431373,0.091645,-0.221117,0.000000,0.000000,LoadingResponse,1.000000,0.000000,0.000000,level walking,
290,2026-05-14 22:59:05,14.500000,2026-5-14_levelground 2_left.csv,level_walking,0.000000,0.000000,2847.000000,621.000000,0.000000,0.000000,0.000000,0.000000,1386.000000,369.000000,0.000000,0.000000,0.000000,0.000000,0.000000,0.000000,0.000000,0.000000,5223.000000,3468.000000,1755.000000,0.000000,5223.000000,0.000000,48.606565,56.431373,0.091645,-0.221117,0.000000,0.000000,LoadingResponse,1.000000,0.000000,0.000000,level walking,
291,2026-05-14 22:59:05,14.550000,2026-5-14_levelground 2_left.csv,level_walking,0.000000,0.000000,2847.000000,621.000000,0.000000,0.000000,0.000000,0.000000,1386.000000,369.000000,0.000000,0.000000,0.000000,0.000000,0.000000,0.000000,0.000000,0.000000,5223.000000,3468.000000,1755.000000,0.000000,5223.000000,0.000000,48.606565,56.431373,0.091645,-0.221117,0.000000,0.000000,LoadingResponse,1.000000,0.000000,0.000000,level walking,
292,2026-05-14 22:59:05,14.600000,2026-5-14_levelground 2_left.csv,level_walking,0.000000,0.000000,2847.000000,621.000000,0.000000,0.000000,0.000000,0.000000,1386.000000,369.000000,0.000000,0.000000,0.000000,0.000000,0.000000,0.000000,0.000000,0.000000,5223.000000,3468.000000,1755.000000,0.000000,5223.000000,0.000000,48.606565,56.431373,0.091645,-0.221117,0.000000,0.000000,LoadingResponse,1.000000,0.000000,0.000000,level walking,
293,2026-05-14 22:59:06,14.650000,2026-5-14_levelground 2_left.csv,level_walking,0.000000,0.000000,2847.000000,621.000000,0.000000,0.000000,0.000000,0.000000,1386.000000,369.000000,0.000000,0.000000,0.000000,0.000000,0.000000,0.000000,0.000000,0.000000,5223.000000,3468.000000,1755.000000,0.000000,5223.000000,0.000000,48.606565,56.431373,0.091645,-0.221117,0.000000,0.000000,LoadingResponse,1.000000,0.000000,0.000000,level walking,
294,2026-05-14 22:59:06,14.700000,2026-5-14_levelground 2_left.csv,level_walking,0.000000,0.000000,2847.000000,621.000000,0.000000,0.000000,0.000000,0.000000,1386.000000,369.000000,0.000000,0.000000,0.000000,0.000000,0.000000,0.000000,0.000000,0.000000,5223.000000,3468.000000,1755.000000,0.000000,5223.000000,0.000000,48.606565,56.431373,0.091645,-0.221117,0.000000,0.000000,LoadingResponse,1.000000,0.000000,0.000000,level walking,
295,2026-05-14 22:59:06,14.750000,2026-5-14_levelground 2_left.csv,level_walking,0.000000,0.000000,2847.000000,621.000000,0.000000,0.000000,0.000000,0.000000,1386.000000,369.000000,0.000000,0.000000,0.000000,0.000000,0.000000,0.000000,0.000000,0.000000,5223.000000,3468.000000,1755.000000,0.000000,5223.000000,0.000000,48.606565,56.431373,0.091645,-0.221117,0.000000,0.000000,LoadingResponse,1.000000,0.000000,0.000000,level walking,
296,2026-05-14 22:59:06,14.800000,2026-5-14_levelground 2_left.csv,level_walking,0.000000,0.000000,2847.000000,621.000000,0.000000,0.000000,0.000000,0.000000,1386.000000,369.000000,0.000000,0.000000,0.000000,0.000000,0.000000,0.000000,0.000000,0.000000,5223.000000,3468.000000,1755.000000,0.000000,5223.000000,0.000000,48.606565,56.431373,0.091645,-0.221117,0.000000,0.000000,LoadingResponse,1.000000,0.000000,0.000000,level walking,
297,2026-05-14 22:59:06,14.850000,2026-5-14_levelground 2_left.csv,level_walking,0.000000,0.000000,2847.000000,621.000000,0.000000,0.000000,0.000000,0.000000,1386.000000,369.000000,0.000000,0.000000,0.000000,0.000000,0.000000,0.000000,0.000000,0.000000,5223.000000,3468.000000,1755.000000,0.000000,5223.000000,0.000000,48.606565,56.431373,0.091645,-0.221117,0.000000,0.000000,LoadingResponse,1.000000,0.000000,0.000000,level walking,
298,2026-05-14 22:59:06,14.900000,2026-5-14_levelground 2_left.csv,level_walking,0.000000,0.000000,2847.000000,621.000000,0.000000,0.000000,0.000000,0.000000,1386.000000,369.000000,0.000000,0.000000,0.000000,0.000000,0.000000,0.000000,0.000000,0.000000,5223.000000,3468.000000,1755.000000,0.000000,5223.000000,0.000000,48.606565,56.431373,0.091645,-0.221117,0.000000,0.000000,LoadingResponse,1.000000,0.000000,0.000000,level walking,
299,2026-05-14 22:59:06,14.950000,2026-5-14_levelground 2_left.csv,level_walking,0.000000,0.000000,2847.000000,621.000000,0.000000,0.000000,0.000000,0.000000,1386.000000,369.000000,0.000000,0.000000,0.000000,0.000000,0.000000,0.000000,0.000000,0.000000,5223.000000,3468.000000,1755.000000,0.000000,5223.000000,0.000000,48.606565,56.431373,0.091645,-0.221117,0.000000,0.000000,LoadingResponse,1.000000,0.000000,0.000000,level walking,
300,2026-05-14 22:59:06,15.000000,2026-5-14_levelground 2_left.csv,level_walking,0.000000,0.000000,2847.000000,621.000000,0.000000,0.000000,0.000000,0.000000,1386.000000,369.000000,0.000000,0.000000,0.000000,0.000000,0.000000,0.000000,0.000000,0.000000,5223.000000,3468.000000,1755.000000,0.000000,5223.000000,0.000000,48.606565,56.431373,0.091645,-0.221117,0.000000,0.000000,LoadingResponse,1.000000,0.000000,0.000000,level walking,
301,2026-05-14 22:59:06,15.050000,2026-5-14_levelground 2_left.csv,level_walking,0.000000,0.000000,2847.000000,621.000000,0.000000,0.000000,0.000000,0.000000,1386.000000,369.000000,0.000000,0.000000,0.000000,0.000000,0.000000,0.000000,0.000000,0.000000,5223.000000,3468.000000,1755.000000,0.000000,5223.000000,0.000000,48.606565,56.431373,0.091645,-0.221117,0.000000,0.000000,LoadingResponse,1.000000,0.000000,0.000000,level walking,
302,2026-05-14 22:59:06,15.100000,2026-5-14_levelground 2_left.csv,level_walking,0.000000,0.000000,2847.000000,621.000000,0.000000,0.000000,0.000000,0.000000,1386.000000,369.000000,0.000000,0.000000,0.000000,0.000000,0.000000,0.000000,0.000000,0.000000,5223.000000,3468.000000,1755.000000,0.000000,5223.000000,0.000000,48.606565,56.431373,0.091645,-0.221117,0.000000,0.000000,LoadingResponse,1.000000,0.000000,0.000000,level walking,
303,2026-05-14 22:59:06,15.150000,2026-5-14_levelground 2_left.csv,level_walking,0.000000,0.000000,2847.000000,621.000000,0.000000,0.000000,0.000000,0.000000,1386.000000,369.000000,0.000000,0.000000,0.000000,0.000000,0.000000,0.000000,0.000000,0.000000,5223.000000,3468.000000,1755.000000,0.000000,5223.000000,0.000000,48.606565,56.431373,0.091645,-0.221117,0.000000,0.000000,LoadingResponse,1.000000,0.000000,0.000000,level walking,
304,2026-05-14 22:59:06,15.200000,2026-5-14_levelground 2_left.csv,level_walking,0.000000,0.000000,2847.000000,621.000000,0.000000,0.000000,0.000000,0.000000,1386.000000,369.000000,0.000000,0.000000,0.000000,0.000000,0.000000,0.000000,0.000000,0.000000,5223.000000,3468.000000,1755.000000,0.000000,5223.000000,0.000000,48.606565,56.431373,0.091645,-0.221117,0.000000,0.000000,LoadingResponse,1.000000,0.000000,0.000000,level walking,
305,2026-05-14 22:59:06,15.250000,2026-5-14_levelground 2_left.csv,level_walking,0.000000,0.000000,2847.000000,621.000000,0.000000,0.000000,0.000000,0.000000,1386.000000,369.000000,0.000000,0.000000,0.000000,0.000000,0.000000,0.000000,0.000000,0.000000,5223.000000,3468.000000,1755.000000,0.000000,5223.000000,0.000000,48.606565,56.431373,0.091645,-0.221117,0.000000,0.000000,LoadingResponse,1.000000,0.000000,0.000000,level walking,
306,2026-05-14 22:59:06,15.300000,2026-5-14_levelground 2_left.csv,level_walking,0.000000,0.000000,2847.000000,621.000000,0.000000,0.000000,0.000000,0.000000,1386.000000,369.000000,0.000000,0.000000,0.000000,0.000000,0.000000,0.000000,0.000000,0.000000,5223.000000,3468.000000,1755.000000,0.000000,5223.000000,0.000000,48.606565,56.431373,0.091645,-0.221117,0.000000,0.000000,LoadingResponse,1.000000,0.000000,0.000000,level walking,
307,2026-05-14 22:59:06,15.350000,2026-5-14_levelground 2_left.csv,level_walking,0.000000,0.000000,2847.000000,621.000000,0.000000,0.000000,0.000000,0.000000,1386.000000,369.000000,0.000000,0.000000,0.000000,0.000000,0.000000,0.000000,0.000000,0.000000,5223.000000,3468.000000,1755.000000,0.000000,5223.000000,0.000000,48.606565,56.431373,0.091645,-0.221117,0.000000,0.000000,LoadingResponse,1.000000,0.000000,0.000000,level walking,
308,2026-05-14 22:59:06,15.400000,2026-5-14_levelground 2_left.csv,level_walking,0.000000,0.000000,2847.000000,621.000000,0.000000,0.000000,0.000000,0.000000,1386.000000,369.000000,0.000000,0.000000,0.000000,0.000000,0.000000,0.000000,0.000000,0.000000,5223.000000,3468.000000,1755.000000,0.000000,5223.000000,0.000000,48.606565,56.431373,0.091645,-0.221117,0.000000,0.000000,LoadingResponse,1.000000,0.000000,0.000000,level walking,
309,2026-05-14 22:59:06,15.450000,2026-5-14_levelground 2_left.csv,level_walking,0.000000,0.000000,2847.000000,621.000000,0.000000,0.000000,0.000000,0.000000,1386.000000,369.000000,0.000000,0.000000,0.000000,0.000000,0.000000,0.000000,0.000000,0.000000,5223.000000,3468.000000,1755.000000,0.000000,5223.000000,0.000000,48.606565,56.431373,0.091645,-0.221117,0.000000,0.000000,LoadingResponse,1.000000,0.000000,0.000000,level walking,
310,2026-05-14 22:59:06,15.500000,2026-5-14_levelground 2_left.csv,level_walking,0.000000,0.000000,2847.000000,621.000000,0.000000,0.000000,0.000000,0.000000,1386.000000,369.000000,0.000000,0.000000,0.000000,0.000000,0.000000,0.000000,0.000000,0.000000,5223.000000,3468.000000,1755.000000,0.000000,5223.000000,0.000000,48.606565,56.431373,0.091645,-0.221117,0.000000,0.000000,LoadingResponse,1.000000,0.000000,0.000000,level walking,
311,2026-05-14 22:59:06,15.550000,2026-5-14_levelground 2_left.csv,level_walking,0.000000,0.000000,2847.000000,621.000000,0.000000,0.000000,0.000000,0.000000,1386.000000,369.000000,0.000000,0.000000,0.000000,0.000000,0.000000,0.000000,0.000000,0.000000,5223.000000,3468.000000,1755.000000,0.000000,5223.000000,0.000000,48.606565,56.431373,0.091645,-0.221117,0.000000,0.000000,LoadingResponse,1.000000,0.000000,0.000000,level walking,
312,2026-05-14 22:59:06,15.600000,2026-5-14_levelground 2_left.csv,level_walking,0.000000,0.000000,2847.000000,621.000000,0.000000,0.000000,0.000000,0.000000,1386.000000,369.000000,0.000000,0.000000,0.000000,0.000000,0.000000,0.000000,0.000000,0.000000,5223.000000,3468.000000,1755.000000,0.000000,5223.000000,0.000000,48.606565,56.431373,0.091645,-0.221117,0.000000,0.000000,LoadingResponse,1.000000,0.000000,0.000000,level walking,
313,2026-05-14 22:59:07,15.650000,2026-5-14_levelground 2_left.csv,level_walking,0.000000,0.000000,2847.000000,621.000000,0.000000,0.000000,0.000000,0.000000,1386.000000,369.000000,0.000000,0.000000,0.000000,0.000000,0.000000,0.000000,0.000000,0.000000,5223.000000,3468.000000,1755.000000,0.000000,5223.000000,0.000000,48.606565,56.431373,0.091645,-0.221117,0.000000,0.000000,LoadingResponse,1.000000,0.000000,0.000000,level walking,
314,2026-05-14 22:59:07,15.700000,2026-5-14_levelground 2_left.csv,level_walking,0.000000,0.000000,2847.000000,621.000000,0.000000,0.000000,0.000000,0.000000,1386.000000,369.000000,0.000000,0.000000,0.000000,0.000000,0.000000,0.000000,0.000000,0.000000,5223.000000,3468.000000,1755.000000,0.000000,5223.000000,0.000000,48.606565,56.431373,0.091645,-0.221117,0.000000,0.000000,LoadingResponse,1.000000,0.000000,0.000000,level walking,
315,2026-05-14 22:59:07,15.750000,2026-5-14_levelground 2_left.csv,level_walking,0.000000,0.000000,2847.000000,621.000000,0.000000,0.000000,0.000000,0.000000,1386.000000,369.000000,0.000000,0.000000,0.000000,0.000000,0.000000,0.000000,0.000000,0.000000,5223.000000,3468.000000,1755.000000,0.000000,5223.000000,0.000000,48.606565,56.431373,0.091645,-0.221117,0.000000,0.000000,LoadingResponse,1.000000,0.000000,0.000000,level walking,
316,2026-05-14 22:59:07,15.800000,2026-5-14_levelground 2_left.csv,level_walking,0.000000,0.000000,2847.000000,621.000000,0.000000,0.000000,0.000000,0.000000,1386.000000,369.000000,0.000000,0.000000,0.000000,0.000000,0.000000,0.000000,0.000000,0.000000,5223.000000,3468.000000,1755.000000,0.000000,5223.000000,0.000000,48.606565,56.431373,0.091645,-0.221117,0.000000,0.000000,LoadingResponse,1.000000,0.000000,0.000000,level walking,
317,2026-05-14 22:59:07,15.850000,2026-5-14_levelground 2_left.csv,level_walking,0.000000,0.000000,2847.000000,621.000000,0.000000,0.000000,0.000000,0.000000,1386.000000,369.000000,0.000000,0.000000,0.000000,0.000000,0.000000,0.000000,0.000000,0.000000,5223.000000,3468.000000,1755.000000,0.000000,5223.000000,0.000000,48.606565,56.431373,0.091645,-0.221117,0.000000,0.000000,LoadingResponse,1.000000,0.000000,0.000000,level walking,
318,2026-05-14 22:59:07,15.900000,2026-5-14_levelground 2_left.csv,level_walking,0.000000,0.000000,2847.000000,621.000000,0.000000,0.000000,0.000000,0.000000,1386.000000,369.000000,0.000000,0.000000,0.000000,0.000000,0.000000,0.000000,0.000000,0.000000,5223.000000,3468.000000,1755.000000,0.000000,5223.000000,0.000000,48.606565,56.431373,0.091645,-0.221117,0.000000,0.000000,LoadingResponse,1.000000,0.000000,0.000000,level walking,
319,2026-05-14 22:59:07,15.950000,2026-5-14_levelground 2_left.csv,level_walking,0.000000,0.000000,2847.000000,621.000000,0.000000,0.000000,0.000000,0.000000,1386.000000,369.000000,0.000000,0.000000,0.000000,0.000000,0.000000,0.000000,0.000000,0.000000,5223.000000,3468.000000,1755.000000,0.000000,5223.000000,0.000000,48.606565,56.431373,0.091645,-0.221117,0.000000,0.000000,LoadingResponse,1.000000,0.000000,0.000000,level walking,
320,2026-05-14 22:59:07,16.000000,2026-5-14_levelground 2_left.csv,level_walking,0.000000,0.000000,2847.000000,621.000000,0.000000,0.000000,0.000000,0.000000,1386.000000,369.000000,0.000000,0.000000,0.000000,0.000000,0.000000,0.000000,0.000000,0.000000,5223.000000,3468.000000,1755.000000,0.000000,5223.000000,0.000000,48.606565,56.431373,0.091645,-0.221117,0.000000,0.000000,LoadingResponse,1.000000,0.000000,0.000000,level walking,
321,2026-05-14 22:59:07,16.050000,2026-5-14_levelground 2_left.csv,level_walking,0.000000,0.000000,2847.000000,621.000000,0.000000,0.000000,0.000000,0.000000,1386.000000,369.000000,0.000000,0.000000,0.000000,0.000000,0.000000,0.000000,0.000000,0.000000,5223.000000,3468.000000,1755.000000,0.000000,5223.000000,0.000000,48.606565,56.431373,0.091645,-0.221117,0.000000,0.000000,LoadingResponse,1.000000,0.000000,0.000000,level walking,
322,2026-05-14 22:59:07,16.100000,2026-5-14_levelground 2_left.csv,level_walking,0.000000,0.000000,2847.000000,621.000000,0.000000,0.000000,0.000000,0.000000,1386.000000,369.000000,0.000000,0.000000,0.000000,0.000000,0.000000,0.000000,0.000000,0.000000,5223.000000,3468.000000,1755.000000,0.000000,5223.000000,0.000000,48.606565,56.431373,0.091645,-0.221117,0.000000,0.000000,LoadingResponse,1.000000,0.000000,0.000000,level walking,
323,2026-05-14 22:59:07,16.150000,2026-5-14_levelground 2_left.csv,level_walking,0.000000,0.000000,2847.000000,621.000000,0.000000,0.000000,0.000000,0.000000,1386.000000,369.000000,0.000000,0.000000,0.000000,0.000000,0.000000,0.000000,0.000000,0.000000,5223.000000,3468.000000,1755.000000,0.000000,5223.000000,0.000000,48.606565,56.431373,0.091645,-0.221117,0.000000,0.000000,LoadingResponse,1.000000,0.000000,0.000000,level walking,
324,2026-05-14 22:59:07,16.200000,2026-5-14_levelground 2_left.csv,level_walking,0.000000,0.000000,2847.000000,621.000000,0.000000,0.000000,0.000000,0.000000,1386.000000,369.000000,0.000000,0.000000,0.000000,0.000000,0.000000,0.000000,0.000000,0.000000,5223.000000,3468.000000,1755.000000,0.000000,5223.000000,0.000000,48.606565,56.431373,0.091645,-0.221117,0.000000,0.000000,LoadingResponse,1.000000,0.000000,0.000000,level walking,
325,2026-05-14 22:59:07,16.250000,2026-5-14_levelground 2_left.csv,level_walking,0.000000,0.000000,2847.000000,621.000000,0.000000,0.000000,0.000000,0.000000,1386.000000,369.000000,0.000000,0.000000,0.000000,0.000000,0.000000,0.000000,0.000000,0.000000,5223.000000,3468.000000,1755.000000,0.000000,5223.000000,0.000000,48.606565,56.431373,0.091645,-0.221117,0.000000,0.000000,LoadingResponse,1.000000,0.000000,0.000000,level walking,
326,2026-05-14 22:59:07,16.300000,2026-5-14_levelground 2_left.csv,level_walking,0.000000,0.000000,2847.000000,621.000000,0.000000,0.000000,0.000000,0.000000,1386.000000,369.000000,0.000000,0.000000,0.000000,0.000000,0.000000,0.000000,0.000000,0.000000,5223.000000,3468.000000,1755.000000,0.000000,5223.000000,0.000000,48.606565,56.431373,0.091645,-0.221117,0.000000,0.000000,LoadingResponse,1.000000,0.000000,0.000000,level walking,
327,2026-05-14 22:59:07,16.350000,2026-5-14_levelground 2_left.csv,level_walking,0.000000,0.000000,2847.000000,621.000000,0.000000,0.000000,0.000000,0.000000,1386.000000,369.000000,0.000000,0.000000,0.000000,0.000000,0.000000,0.000000,0.000000,0.000000,5223.000000,3468.000000,1755.000000,0.000000,5223.000000,0.000000,48.606565,56.431373,0.091645,-0.221117,0.000000,0.000000,LoadingResponse,1.000000,0.000000,0.000000,level walking,
328,2026-05-14 22:59:07,16.400000,2026-5-14_levelground 2_left.csv,level_walking,0.000000,0.000000,2847.000000,621.000000,0.000000,0.000000,0.000000,0.000000,1386.000000,369.000000,0.000000,0.000000,0.000000,0.000000,0.000000,0.000000,0.000000,0.000000,5223.000000,3468.000000,1755.000000,0.000000,5223.000000,0.000000,48.606565,56.431373,0.091645,-0.221117,0.000000,0.000000,LoadingResponse,1.000000,0.000000,0.000000,level walking,
329,2026-05-14 22:59:07,16.450000,2026-5-14_levelground 2_left.csv,level_walking,0.000000,0.000000,2847.000000,621.000000,0.000000,0.000000,0.000000,0.000000,1386.000000,369.000000,0.000000,0.000000,0.000000,0.000000,0.000000,0.000000,0.000000,0.000000,5223.000000,3468.000000,1755.000000,0.000000,5223.000000,0.000000,48.606565,56.431373,0.091645,-0.221117,0.000000,0.000000,LoadingResponse,1.000000,0.000000,0.000000,level walking,
330,2026-05-14 22:59:07,16.500000,2026-5-14_levelground 2_left.csv,level_walking,0.000000,0.000000,2847.000000,621.000000,0.000000,0.000000,0.000000,0.000000,1386.000000,369.000000,0.000000,0.000000,0.000000,0.000000,0.000000,0.000000,0.000000,0.000000,5223.000000,3468.000000,1755.000000,0.000000,5223.000000,0.000000,48.606565,56.431373,0.091645,-0.221117,0.000000,0.000000,LoadingResponse,1.000000,0.000000,0.000000,level walking,
331,2026-05-14 22:59:07,16.550000,2026-5-14_levelground 2_left.csv,level_walking,0.000000,0.000000,2847.000000,621.000000,0.000000,0.000000,0.000000,0.000000,1386.000000,369.000000,0.000000,0.000000,0.000000,0.000000,0.000000,0.000000,0.000000,0.000000,5223.000000,3468.000000,1755.000000,0.000000,5223.000000,0.000000,48.606565,56.431373,0.091645,-0.221117,0.000000,0.000000,LoadingResponse,1.000000,0.000000,0.000000,level walking,
332,2026-05-14 22:59:07,16.600000,2026-5-14_levelground 2_left.csv,level_walking,0.000000,0.000000,2847.000000,621.000000,0.000000,0.000000,0.000000,0.000000,1386.000000,369.000000,0.000000,0.000000,0.000000,0.000000,0.000000,0.000000,0.000000,0.000000,5223.000000,3468.000000,1755.000000,0.000000,5223.000000,0.000000,48.606565,56.431373,0.091645,-0.221117,0.000000,0.000000,LoadingResponse,1.000000,0.000000,0.000000,level walking,
333,2026-05-14 22:59:08,16.650000,2026-5-14_levelground 2_left.csv,level_walking,0.000000,0.000000,2847.000000,621.000000,0.000000,0.000000,0.000000,0.000000,1386.000000,369.000000,0.000000,0.000000,0.000000,0.000000,0.000000,0.000000,0.000000,0.000000,5223.000000,3468.000000,1755.000000,0.000000,5223.000000,0.000000,48.606565,56.431373,0.091645,-0.221117,0.000000,0.000000,LoadingResponse,1.000000,0.000000,0.000000,level walking,
334,2026-05-14 22:59:08,16.700000,2026-5-14_levelground 2_left.csv,level_walking,0.000000,0.000000,2847.000000,621.000000,0.000000,0.000000,0.000000,0.000000,1386.000000,369.000000,0.000000,0.000000,0.000000,0.000000,0.000000,0.000000,0.000000,0.000000,5223.000000,3468.000000,1755.000000,0.000000,5223.000000,0.000000,48.606565,56.431373,0.091645,-0.221117,0.000000,0.000000,LoadingResponse,1.000000,0.000000,0.000000,level walking,
335,2026-05-14 22:59:08,16.750000,2026-5-14_levelground 2_left.csv,level_walking,0.000000,0.000000,2847.000000,621.000000,0.000000,0.000000,0.000000,0.000000,1386.000000,369.000000,0.000000,0.000000,0.000000,0.000000,0.000000,0.000000,0.000000,0.000000,5223.000000,3468.000000,1755.000000,0.000000,5223.000000,0.000000,48.606565,56.431373,0.091645,-0.221117,0.000000,0.000000,LoadingResponse,1.000000,0.000000,0.000000,level walking,
336,2026-05-14 22:59:08,16.800000,2026-5-14_levelground 2_left.csv,level_walking,0.000000,0.000000,2847.000000,621.000000,0.000000,0.000000,0.000000,0.000000,1386.000000,369.000000,0.000000,0.000000,0.000000,0.000000,0.000000,0.000000,0.000000,0.000000,5223.000000,3468.000000,1755.000000,0.000000,5223.000000,0.000000,48.606565,56.431373,0.091645,-0.221117,0.000000,0.000000,LoadingResponse,1.000000,0.000000,0.000000,level walking,
337,2026-05-14 22:59:08,16.850000,2026-5-14_levelground 2_left.csv,level_walking,0.000000,0.000000,2847.000000,621.000000,0.000000,0.000000,0.000000,0.000000,1386.000000,369.000000,0.000000,0.000000,0.000000,0.000000,0.000000,0.000000,0.000000,0.000000,5223.000000,3468.000000,1755.000000,0.000000,5223.000000,0.000000,48.606565,56.431373,0.091645,-0.221117,0.000000,0.000000,LoadingResponse,1.000000,0.000000,0.000000,level walking,
338,2026-05-14 22:59:08,16.900000,2026-5-14_levelground 2_left.csv,level_walking,0.000000,0.000000,2847.000000,621.000000,0.000000,0.000000,0.000000,0.000000,1386.000000,369.000000,0.000000,0.000000,0.000000,0.000000,0.000000,0.000000,0.000000,0.000000,5223.000000,3468.000000,1755.000000,0.000000,5223.000000,0.000000,48.606565,56.431373,0.091645,-0.221117,0.000000,0.000000,LoadingResponse,1.000000,0.000000,0.000000,level walking,
339,2026-05-14 22:59:08,16.950000,2026-5-14_levelground 2_left.csv,level_walking,0.000000,0.000000,2847.000000,621.000000,0.000000,0.000000,0.000000,0.000000,1386.000000,369.000000,0.000000,0.000000,0.000000,0.000000,0.000000,0.000000,0.000000,0.000000,5223.000000,3468.000000,1755.000000,0.000000,5223.000000,0.000000,48.606565,56.431373,0.091645,-0.221117,0.000000,0.000000,LoadingResponse,1.000000,0.000000,0.000000,level walking,
340,2026-05-14 22:59:08,17.000000,2026-5-14_levelground 2_left.csv,level_walking,0.000000,0.000000,2847.000000,621.000000,0.000000,0.000000,0.000000,0.000000,1386.000000,369.000000,0.000000,0.000000,0.000000,0.000000,0.000000,0.000000,0.000000,0.000000,5223.000000,3468.000000,1755.000000,0.000000,5223.000000,0.000000,48.606565,56.431373,0.091645,-0.221117,0.000000,0.000000,LoadingResponse,1.000000,0.000000,0.000000,level walking,
341,2026-05-14 22:59:08,17.050000,2026-5-14_levelground 2_left.csv,level_walking,0.000000,0.000000,2847.000000,621.000000,0.000000,0.000000,0.000000,0.000000,1386.000000,369.000000,0.000000,0.000000,0.000000,0.000000,0.000000,0.000000,0.000000,0.000000,5223.000000,3468.000000,1755.000000,0.000000,5223.000000,0.000000,48.606565,56.431373,0.091645,-0.221117,0.000000,0.000000,LoadingResponse,1.000000,0.000000,0.000000,level walking,
342,2026-05-14 22:59:08,17.100000,2026-5-14_levelground 2_left.csv,level_walking,0.000000,0.000000,2847.000000,621.000000,0.000000,0.000000,0.000000,0.000000,1386.000000,369.000000,0.000000,0.000000,0.000000,0.000000,0.000000,0.000000,0.000000,0.000000,5223.000000,3468.000000,1755.000000,0.000000,5223.000000,0.000000,48.606565,56.431373,0.091645,-0.221117,0.000000,0.000000,LoadingResponse,1.000000,0.000000,0.000000,level walking,
343,2026-05-14 22:59:08,17.150000,2026-5-14_levelground 2_left.csv,level_walking,0.000000,0.000000,2847.000000,621.000000,0.000000,0.000000,0.000000,0.000000,1386.000000,369.000000,0.000000,0.000000,0.000000,0.000000,0.000000,0.000000,0.000000,0.000000,5223.000000,3468.000000,1755.000000,0.000000,5223.000000,0.000000,48.606565,56.431373,0.091645,-0.221117,0.000000,0.000000,LoadingResponse,1.000000,0.000000,0.000000,level walking,
344,2026-05-14 22:59:08,17.200000,2026-5-14_levelground 2_left.csv,level_walking,0.000000,0.000000,2847.000000,621.000000,0.000000,0.000000,0.000000,0.000000,1386.000000,369.000000,0.000000,0.000000,0.000000,0.000000,0.000000,0.000000,0.000000,0.000000,5223.000000,3468.000000,1755.000000,0.000000,5223.000000,0.000000,48.606565,56.431373,0.091645,-0.221117,0.000000,0.000000,LoadingResponse,1.000000,0.000000,0.000000,level walking,
345,2026-05-14 22:59:08,17.250000,2026-5-14_levelground 2_left.csv,level_walking,0.000000,0.000000,2847.000000,621.000000,0.000000,0.000000,0.000000,0.000000,1386.000000,369.000000,0.000000,0.000000,0.000000,0.000000,0.000000,0.000000,0.000000,0.000000,5223.000000,3468.000000,1755.000000,0.000000,5223.000000,0.000000,48.606565,56.431373,0.091645,-0.221117,0.000000,0.000000,LoadingResponse,1.000000,0.000000,0.000000,level walking,
346,2026-05-14 22:59:08,17.300000,2026-5-14_levelground 2_left.csv,level_walking,0.000000,0.000000,2847.000000,621.000000,0.000000,0.000000,0.000000,0.000000,1386.000000,369.000000,0.000000,0.000000,0.000000,0.000000,0.000000,0.000000,0.000000,0.000000,5223.000000,3468.000000,1755.000000,0.000000,5223.000000,0.000000,48.606565,56.431373,0.091645,-0.221117,0.000000,0.000000,LoadingResponse,1.000000,0.000000,0.000000,level walking,
347,2026-05-14 22:59:08,17.350000,2026-5-14_levelground 2_left.csv,level_walking,0.000000,0.000000,2847.000000,621.000000,0.000000,0.000000,0.000000,0.000000,1386.000000,369.000000,0.000000,0.000000,0.000000,0.000000,0.000000,0.000000,0.000000,0.000000,5223.000000,3468.000000,1755.000000,0.000000,5223.000000,0.000000,48.606565,56.431373,0.091645,-0.221117,0.000000,0.000000,LoadingResponse,1.000000,0.000000,0.000000,level walking,
348,2026-05-14 22:59:08,17.400000,2026-5-14_levelground 2_left.csv,level_walking,0.000000,0.000000,2847.000000,621.000000,0.000000,0.000000,0.000000,0.000000,1386.000000,369.000000,0.000000,0.000000,0.000000,0.000000,0.000000,0.000000,0.000000,0.000000,5223.000000,3468.000000,1755.000000,0.000000,5223.000000,0.000000,48.606565,56.431373,0.091645,-0.221117,0.000000,0.000000,LoadingResponse,1.000000,0.000000,0.000000,level walking,
349,2026-05-14 22:59:08,17.450000,2026-5-14_levelground 2_left.csv,level_walking,0.000000,0.000000,2847.000000,621.000000,0.000000,0.000000,0.000000,0.000000,1386.000000,369.000000,0.000000,0.000000,0.000000,0.000000,0.000000,0.000000,0.000000,0.000000,5223.000000,3468.000000,1755.000000,0.000000,5223.000000,0.000000,48.606565,56.431373,0.091645,-0.221117,0.000000,0.000000,LoadingResponse,1.000000,0.000000,0.000000,level walking,
350,2026-05-14 22:59:08,17.500000,2026-5-14_levelground 2_left.csv,level_walking,0.000000,0.000000,2847.000000,621.000000,0.000000,0.000000,0.000000,0.000000,1386.000000,369.000000,0.000000,0.000000,0.000000,0.000000,0.000000,0.000000,0.000000,0.000000,5223.000000,3468.000000,1755.000000,0.000000,5223.000000,0.000000,48.606565,56.431373,0.091645,-0.221117,0.000000,0.000000,LoadingResponse,1.000000,0.000000,0.000000,level walking,
351,2026-05-14 22:59:08,17.550000,2026-5-14_levelground 2_left.csv,level_walking,0.000000,0.000000,2847.000000,621.000000,0.000000,0.000000,0.000000,0.000000,1386.000000,369.000000,0.000000,0.000000,0.000000,0.000000,0.000000,0.000000,0.000000,0.000000,5223.000000,3468.000000,1755.000000,0.000000,5223.000000,0.000000,48.606565,56.431373,0.091645,-0.221117,0.000000,0.000000,LoadingResponse,1.000000,0.000000,0.000000,level walking,
352,2026-05-14 22:59:08,17.600000,2026-5-14_levelground 2_left.csv,level_walking,0.000000,0.000000,2847.000000,621.000000,0.000000,0.000000,0.000000,0.000000,1386.000000,369.000000,0.000000,0.000000,0.000000,0.000000,0.000000,0.000000,0.000000,0.000000,5223.000000,3468.000000,1755.000000,0.000000,5223.000000,0.000000,48.606565,56.431373,0.091645,-0.221117,0.000000,0.000000,LoadingResponse,1.000000,0.000000,0.000000,level walking,
353,2026-05-14 22:59:09,17.650000,2026-5-14_levelground 2_left.csv,level_walking,0.000000,0.000000,2847.000000,621.000000,0.000000,0.000000,0.000000,0.000000,1386.000000,369.000000,0.000000,0.000000,0.000000,0.000000,0.000000,0.000000,0.000000,0.000000,5223.000000,3468.000000,1755.000000,0.000000,5223.000000,0.000000,48.606565,56.431373,0.091645,-0.221117,0.000000,0.000000,LoadingResponse,1.000000,0.000000,0.000000,level walking,
354,2026-05-14 22:59:09,17.700000,2026-5-14_levelground 2_left.csv,level_walking,0.000000,0.000000,2847.000000,621.000000,0.000000,0.000000,0.000000,0.000000,1386.000000,369.000000,0.000000,0.000000,0.000000,0.000000,0.000000,0.000000,0.000000,0.000000,5223.000000,3468.000000,1755.000000,0.000000,5223.000000,0.000000,48.606565,56.431373,0.091645,-0.221117,0.000000,0.000000,LoadingResponse,1.000000,0.000000,0.000000,level walking,
355,2026-05-14 22:59:09,17.750000,2026-5-14_levelground 2_left.csv,level_walking,0.000000,0.000000,2847.000000,621.000000,0.000000,0.000000,0.000000,0.000000,1386.000000,369.000000,0.000000,0.000000,0.000000,0.000000,0.000000,0.000000,0.000000,0.000000,5223.000000,3468.000000,1755.000000,0.000000,5223.000000,0.000000,48.606565,56.431373,0.091645,-0.221117,0.000000,0.000000,LoadingResponse,1.000000,0.000000,0.000000,level walking,
356,2026-05-14 22:59:09,17.800000,2026-5-14_levelground 2_left.csv,level_walking,0.000000,0.000000,2847.000000,621.000000,0.000000,0.000000,0.000000,0.000000,1386.000000,369.000000,0.000000,0.000000,0.000000,0.000000,0.000000,0.000000,0.000000,0.000000,5223.000000,3468.000000,1755.000000,0.000000,5223.000000,0.000000,48.606565,56.431373,0.091645,-0.221117,0.000000,0.000000,LoadingResponse,1.000000,0.000000,0.000000,level walking,
357,2026-05-14 22:59:09,17.850000,2026-5-14_levelground 2_left.csv,level_walking,0.000000,0.000000,2847.000000,621.000000,0.000000,0.000000,0.000000,0.000000,1386.000000,369.000000,0.000000,0.000000,0.000000,0.000000,0.000000,0.000000,0.000000,0.000000,5223.000000,3468.000000,1755.000000,0.000000,5223.000000,0.000000,48.606565,56.431373,0.091645,-0.221117,0.000000,0.000000,LoadingResponse,1.000000,0.000000,0.000000,level walking,
358,2026-05-14 22:59:09,17.900000,2026-5-14_levelground 2_left.csv,level_walking,0.000000,0.000000,2847.000000,621.000000,0.000000,0.000000,0.000000,0.000000,1386.000000,369.000000,0.000000,0.000000,0.000000,0.000000,0.000000,0.000000,0.000000,0.000000,5223.000000,3468.000000,1755.000000,0.000000,5223.000000,0.000000,48.606565,56.431373,0.091645,-0.221117,0.000000,0.000000,LoadingResponse,1.000000,0.000000,0.000000,level walking,
359,2026-05-14 22:59:09,17.950000,2026-5-14_levelground 2_left.csv,level_walking,0.000000,0.000000,2847.000000,621.000000,0.000000,0.000000,0.000000,0.000000,1386.000000,369.000000,0.000000,0.000000,0.000000,0.000000,0.000000,0.000000,0.000000,0.000000,5223.000000,3468.000000,1755.000000,0.000000,5223.000000,0.000000,48.606565,56.431373,0.091645,-0.221117,0.000000,0.000000,LoadingResponse,1.000000,0.000000,0.000000,level walking,
360,2026-05-14 22:59:09,18.000000,2026-5-14_levelground 2_left.csv,level_walking,0.000000,0.000000,2847.000000,621.000000,0.000000,0.000000,0.000000,0.000000,1386.000000,369.000000,0.000000,0.000000,0.000000,0.000000,0.000000,0.000000,0.000000,0.000000,5223.000000,3468.000000,1755.000000,0.000000,5223.000000,0.000000,48.606565,56.431373,0.091645,-0.221117,0.000000,0.000000,LoadingResponse,1.000000,0.000000,0.000000,level walking,
361,2026-05-14 22:59:09,18.050000,2026-5-14_levelground 2_left.csv,level_walking,0.000000,0.000000,2847.000000,621.000000,0.000000,0.000000,0.000000,0.000000,1386.000000,369.000000,0.000000,0.000000,0.000000,0.000000,0.000000,0.000000,0.000000,0.000000,5223.000000,3468.000000,1755.000000,0.000000,5223.000000,0.000000,48.606565,56.431373,0.091645,-0.221117,0.000000,0.000000,LoadingResponse,1.000000,0.000000,0.000000,level walking,
362,2026-05-14 22:59:09,18.100000,2026-5-14_levelground 2_left.csv,level_walking,0.000000,0.000000,2847.000000,621.000000,0.000000,0.000000,0.000000,0.000000,1386.000000,369.000000,0.000000,0.000000,0.000000,0.000000,0.000000,0.000000,0.000000,0.000000,5223.000000,3468.000000,1755.000000,0.000000,5223.000000,0.000000,48.606565,56.431373,0.091645,-0.221117,0.000000,0.000000,LoadingResponse,1.000000,0.000000,0.000000,level walking,
363,2026-05-14 22:59:09,18.150000,2026-5-14_levelground 2_left.csv,level_walking,0.000000,0.000000,2847.000000,621.000000,0.000000,0.000000,0.000000,0.000000,1386.000000,369.000000,0.000000,0.000000,0.000000,0.000000,0.000000,0.000000,0.000000,0.000000,5223.000000,3468.000000,1755.000000,0.000000,5223.000000,0.000000,48.606565,56.431373,0.091645,-0.221117,0.000000,0.000000,LoadingResponse,1.000000,0.000000,0.000000,level walking,
364,2026-05-14 22:59:09,18.200000,2026-5-14_levelground 2_left.csv,level_walking,0.000000,0.000000,2847.000000,621.000000,0.000000,0.000000,0.000000,0.000000,1386.000000,369.000000,0.000000,0.000000,0.000000,0.000000,0.000000,0.000000,0.000000,0.000000,5223.000000,3468.000000,1755.000000,0.000000,5223.000000,0.000000,48.606565,56.431373,0.091645,-0.221117,0.000000,0.000000,LoadingResponse,1.000000,0.000000,0.000000,level walking,
365,2026-05-14 22:59:09,18.250000,2026-5-14_levelground 2_left.csv,level_walking,0.000000,0.000000,2847.000000,621.000000,0.000000,0.000000,0.000000,0.000000,1386.000000,369.000000,0.000000,0.000000,0.000000,0.000000,0.000000,0.000000,0.000000,0.000000,5223.000000,3468.000000,1755.000000,0.000000,5223.000000,0.000000,48.606565,56.431373,0.091645,-0.221117,0.000000,0.000000,LoadingResponse,1.000000,0.000000,0.000000,level walking,
366,2026-05-14 22:59:09,18.300000,2026-5-14_levelground 2_left.csv,level_walking,0.000000,0.000000,2847.000000,621.000000,0.000000,0.000000,0.000000,0.000000,1386.000000,369.000000,0.000000,0.000000,0.000000,0.000000,0.000000,0.000000,0.000000,0.000000,5223.000000,3468.000000,1755.000000,0.000000,5223.000000,0.000000,48.606565,56.431373,0.091645,-0.221117,0.000000,0.000000,LoadingResponse,1.000000,0.000000,0.000000,level walking,
367,2026-05-14 22:59:09,18.350000,2026-5-14_levelground 2_left.csv,level_walking,0.000000,0.000000,2847.000000,621.000000,0.000000,0.000000,0.000000,0.000000,1386.000000,369.000000,0.000000,0.000000,0.000000,0.000000,0.000000,0.000000,0.000000,0.000000,5223.000000,3468.000000,1755.000000,0.000000,5223.000000,0.000000,48.606565,56.431373,0.091645,-0.221117,0.000000,0.000000,LoadingResponse,1.000000,0.000000,0.000000,level walking,
368,2026-05-14 22:59:09,18.400000,2026-5-14_levelground 2_left.csv,level_walking,0.000000,0.000000,2847.000000,621.000000,0.000000,0.000000,0.000000,0.000000,1386.000000,369.000000,0.000000,0.000000,0.000000,0.000000,0.000000,0.000000,0.000000,0.000000,5223.000000,3468.000000,1755.000000,0.000000,5223.000000,0.000000,48.606565,56.431373,0.091645,-0.221117,0.000000,0.000000,LoadingResponse,1.000000,0.000000,0.000000,level walking,
369,2026-05-14 22:59:09,18.450000,2026-5-14_levelground 2_left.csv,level_walking,0.000000,0.000000,2847.000000,621.000000,0.000000,0.000000,0.000000,0.000000,1386.000000,369.000000,0.000000,0.000000,0.000000,0.000000,0.000000,0.000000,0.000000,0.000000,5223.000000,3468.000000,1755.000000,0.000000,5223.000000,0.000000,48.606565,56.431373,0.091645,-0.221117,0.000000,0.000000,LoadingResponse,1.000000,0.000000,0.000000,level walking,
370,2026-05-14 22:59:09,18.500000,2026-5-14_levelground 2_left.csv,level_walking,0.000000,0.000000,2847.000000,621.000000,0.000000,0.000000,0.000000,0.000000,1386.000000,369.000000,0.000000,0.000000,0.000000,0.000000,0.000000,0.000000,0.000000,0.000000,5223.000000,3468.000000,1755.000000,0.000000,5223.000000,0.000000,48.606565,56.431373,0.091645,-0.221117,0.000000,0.000000,LoadingResponse,1.000000,0.000000,0.000000,level walking,
371,2026-05-14 22:59:09,18.550000,2026-5-14_levelground 2_left.csv,level_walking,0.000000,0.000000,2847.000000,621.000000,0.000000,0.000000,0.000000,0.000000,1386.000000,369.000000,0.000000,0.000000,0.000000,0.000000,0.000000,0.000000,0.000000,0.000000,5223.000000,3468.000000,1755.000000,0.000000,5223.000000,0.000000,48.606565,56.431373,0.091645,-0.221117,0.000000,0.000000,LoadingResponse,1.000000,0.000000,0.000000,level walking,
372,2026-05-14 22:59:09,18.600000,2026-5-14_levelground 2_left.csv,level_walking,0.000000,0.000000,2847.000000,621.000000,0.000000,0.000000,0.000000,0.000000,1386.000000,369.000000,0.000000,0.000000,0.000000,0.000000,0.000000,0.000000,0.000000,0.000000,5223.000000,3468.000000,1755.000000,0.000000,5223.000000,0.000000,48.606565,56.431373,0.091645,-0.221117,0.000000,0.000000,LoadingResponse,1.000000,0.000000,0.000000,level walking,
373,2026-05-14 22:59:10,18.650000,2026-5-14_levelground 2_left.csv,level_walking,0.000000,0.000000,2847.000000,621.000000,0.000000,0.000000,0.000000,0.000000,1386.000000,369.000000,0.000000,0.000000,0.000000,0.000000,0.000000,0.000000,0.000000,0.000000,5223.000000,3468.000000,1755.000000,0.000000,5223.000000,0.000000,48.606565,56.431373,0.091645,-0.221117,0.000000,0.000000,LoadingResponse,1.000000,0.000000,0.000000,level walking,
374,2026-05-14 22:59:10,18.700000,2026-5-14_levelground 2_left.csv,level_walking,0.000000,0.000000,2847.000000,621.000000,0.000000,0.000000,0.000000,0.000000,1386.000000,369.000000,0.000000,0.000000,0.000000,0.000000,0.000000,0.000000,0.000000,0.000000,5223.000000,3468.000000,1755.000000,0.000000,5223.000000,0.000000,48.606565,56.431373,0.091645,-0.221117,0.000000,0.000000,LoadingResponse,1.000000,0.000000,0.000000,level walking,
375,2026-05-14 22:59:10,18.750000,2026-5-14_levelground 2_left.csv,level_walking,0.000000,0.000000,2847.000000,621.000000,0.000000,0.000000,0.000000,0.000000,1386.000000,369.000000,0.000000,0.000000,0.000000,0.000000,0.000000,0.000000,0.000000,0.000000,5223.000000,3468.000000,1755.000000,0.000000,5223.000000,0.000000,48.606565,56.431373,0.091645,-0.221117,0.000000,0.000000,LoadingResponse,1.000000,0.000000,0.000000,level walking,
376,2026-05-14 22:59:10,18.800000,2026-5-14_levelground 2_left.csv,level_walking,0.000000,0.000000,2847.000000,621.000000,0.000000,0.000000,0.000000,0.000000,1386.000000,369.000000,0.000000,0.000000,0.000000,0.000000,0.000000,0.000000,0.000000,0.000000,5223.000000,3468.000000,1755.000000,0.000000,5223.000000,0.000000,48.606565,56.431373,0.091645,-0.221117,0.000000,0.000000,LoadingResponse,1.000000,0.000000,0.000000,level walking,
377,2026-05-14 22:59:10,18.850000,2026-5-14_levelground 2_left.csv,level_walking,0.000000,0.000000,2847.000000,621.000000,0.000000,0.000000,0.000000,0.000000,1386.000000,369.000000,0.000000,0.000000,0.000000,0.000000,0.000000,0.000000,0.000000,0.000000,5223.000000,3468.000000,1755.000000,0.000000,5223.000000,0.000000,48.606565,56.431373,0.091645,-0.221117,0.000000,0.000000,LoadingResponse,1.000000,0.000000,0.000000,level walking,
378,2026-05-14 22:59:10,18.900000,2026-5-14_levelground 2_left.csv,level_walking,0.000000,0.000000,2847.000000,621.000000,0.000000,0.000000,0.000000,0.000000,1386.000000,369.000000,0.000000,0.000000,0.000000,0.000000,0.000000,0.000000,0.000000,0.000000,5223.000000,3468.000000,1755.000000,0.000000,5223.000000,0.000000,48.606565,56.431373,0.091645,-0.221117,0.000000,0.000000,LoadingResponse,1.000000,0.000000,0.000000,level walking,
379,2026-05-14 22:59:10,18.950000,2026-5-14_levelground 2_left.csv,level_walking,0.000000,0.000000,2847.000000,621.000000,0.000000,0.000000,0.000000,0.000000,1386.000000,369.000000,0.000000,0.000000,0.000000,0.000000,0.000000,0.000000,0.000000,0.000000,5223.000000,3468.000000,1755.000000,0.000000,5223.000000,0.000000,48.606565,56.431373,0.091645,-0.221117,0.000000,0.000000,LoadingResponse,1.000000,0.000000,0.000000,level walking,
380,2026-05-14 22:59:10,19.000000,2026-5-14_levelground 2_left.csv,level_walking,0.000000,0.000000,2847.000000,621.000000,0.000000,0.000000,0.000000,0.000000,1386.000000,369.000000,0.000000,0.000000,0.000000,0.000000,0.000000,0.000000,0.000000,0.000000,5223.000000,3468.000000,1755.000000,0.000000,5223.000000,0.000000,48.606565,56.431373,0.091645,-0.221117,0.000000,0.000000,LoadingResponse,1.000000,0.000000,0.000000,level walking,
381,2026-05-14 22:59:10,19.050000,2026-5-14_levelground 2_left.csv,level_walking,0.000000,0.000000,2847.000000,621.000000,0.000000,0.000000,0.000000,0.000000,1386.000000,369.000000,0.000000,0.000000,0.000000,0.000000,0.000000,0.000000,0.000000,0.000000,5223.000000,3468.000000,1755.000000,0.000000,5223.000000,0.000000,48.606565,56.431373,0.091645,-0.221117,0.000000,0.000000,LoadingResponse,1.000000,0.000000,0.000000,level walking,
382,2026-05-14 22:59:10,19.100000,2026-5-14_levelground 2_left.csv,level_walking,0.000000,0.000000,2847.000000,621.000000,0.000000,0.000000,0.000000,0.000000,1386.000000,369.000000,0.000000,0.000000,0.000000,0.000000,0.000000,0.000000,0.000000,0.000000,5223.000000,3468.000000,1755.000000,0.000000,5223.000000,0.000000,48.606565,56.431373,0.091645,-0.221117,0.000000,0.000000,LoadingResponse,1.000000,0.000000,0.000000,level walking,
383,2026-05-14 22:59:10,19.150000,2026-5-14_levelground 2_left.csv,level_walking,0.000000,0.000000,2847.000000,621.000000,0.000000,0.000000,0.000000,0.000000,1386.000000,369.000000,0.000000,0.000000,0.000000,0.000000,0.000000,0.000000,0.000000,0.000000,5223.000000,3468.000000,1755.000000,0.000000,5223.000000,0.000000,48.606565,56.431373,0.091645,-0.221117,0.000000,0.000000,LoadingResponse,1.000000,0.000000,0.000000,level walking,
384,2026-05-14 22:59:10,19.200000,2026-5-14_levelground 2_left.csv,level_walking,0.000000,0.000000,2847.000000,621.000000,0.000000,0.000000,0.000000,0.000000,1386.000000,369.000000,0.000000,0.000000,0.000000,0.000000,0.000000,0.000000,0.000000,0.000000,5223.000000,3468.000000,1755.000000,0.000000,5223.000000,0.000000,48.606565,56.431373,0.091645,-0.221117,0.000000,0.000000,LoadingResponse,1.000000,0.000000,0.000000,level walking,
385,2026-05-14 22:59:10,19.250000,2026-5-14_levelground 2_left.csv,level_walking,0.000000,0.000000,2847.000000,621.000000,0.000000,0.000000,0.000000,0.000000,1386.000000,369.000000,0.000000,0.000000,0.000000,0.000000,0.000000,0.000000,0.000000,0.000000,5223.000000,3468.000000,1755.000000,0.000000,5223.000000,0.000000,48.606565,56.431373,0.091645,-0.221117,0.000000,0.000000,LoadingResponse,1.000000,0.000000,0.000000,level walking,
386,2026-05-14 22:59:10,19.300000,2026-5-14_levelground 2_left.csv,level_walking,0.000000,0.000000,2847.000000,621.000000,0.000000,0.000000,0.000000,0.000000,1386.000000,369.000000,0.000000,0.000000,0.000000,0.000000,0.000000,0.000000,0.000000,0.000000,5223.000000,3468.000000,1755.000000,0.000000,5223.000000,0.000000,48.606565,56.431373,0.091645,-0.221117,0.000000,0.000000,LoadingResponse,1.000000,0.000000,0.000000,level walking,
387,2026-05-14 22:59:10,19.350000,2026-5-14_levelground 2_left.csv,level_walking,0.000000,0.000000,2847.000000,621.000000,0.000000,0.000000,0.000000,0.000000,1386.000000,369.000000,0.000000,0.000000,0.000000,0.000000,0.000000,0.000000,0.000000,0.000000,5223.000000,3468.000000,1755.000000,0.000000,5223.000000,0.000000,48.606565,56.431373,0.091645,-0.221117,0.000000,0.000000,LoadingResponse,1.000000,0.000000,0.000000,level walking,
388,2026-05-14 22:59:10,19.400000,2026-5-14_levelground 2_left.csv,level_walking,0.000000,0.000000,2847.000000,621.000000,0.000000,0.000000,0.000000,0.000000,1386.000000,369.000000,0.000000,0.000000,0.000000,0.000000,0.000000,0.000000,0.000000,0.000000,5223.000000,3468.000000,1755.000000,0.000000,5223.000000,0.000000,48.606565,56.431373,0.091645,-0.221117,0.000000,0.000000,LoadingResponse,1.000000,0.000000,0.000000,level walking,
389,2026-05-14 22:59:10,19.450000,2026-5-14_levelground 2_left.csv,level_walking,0.000000,0.000000,2847.000000,621.000000,0.000000,0.000000,0.000000,0.000000,1386.000000,369.000000,0.000000,0.000000,0.000000,0.000000,0.000000,0.000000,0.000000,0.000000,5223.000000,3468.000000,1755.000000,0.000000,5223.000000,0.000000,48.606565,56.431373,0.091645,-0.221117,0.000000,0.000000,LoadingResponse,1.000000,0.000000,0.000000,level walking,
390,2026-05-14 22:59:10,19.500000,2026-5-14_levelground 2_left.csv,level_walking,0.000000,0.000000,2847.000000,621.000000,0.000000,0.000000,0.000000,0.000000,1386.000000,369.000000,0.000000,0.000000,0.000000,0.000000,0.000000,0.000000,0.000000,0.000000,5223.000000,3468.000000,1755.000000,0.000000,5223.000000,0.000000,48.606565,56.431373,0.091645,-0.221117,0.000000,0.000000,LoadingResponse,1.000000,0.000000,0.000000,level walking,
391,2026-05-14 22:59:10,19.550000,2026-5-14_levelground 2_left.csv,level_walking,0.000000,0.000000,2847.000000,621.000000,0.000000,0.000000,0.000000,0.000000,1386.000000,369.000000,0.000000,0.000000,0.000000,0.000000,0.000000,0.000000,0.000000,0.000000,5223.000000,3468.000000,1755.000000,0.000000,5223.000000,0.000000,48.606565,56.431373,0.091645,-0.221117,0.000000,0.000000,LoadingResponse,1.000000,0.000000,0.000000,level walking,
392,2026-05-14 22:59:10,19.600000,2026-5-14_levelground 2_left.csv,level_walking,0.000000,0.000000,2847.000000,621.000000,0.000000,0.000000,0.000000,0.000000,1386.000000,369.000000,0.000000,0.000000,0.000000,0.000000,0.000000,0.000000,0.000000,0.000000,5223.000000,3468.000000,1755.000000,0.000000,5223.000000,0.000000,48.606565,56.431373,0.091645,-0.221117,0.000000,0.000000,LoadingResponse,1.000000,0.000000,0.000000,level walking,
393,2026-05-14 22:59:11,19.650000,2026-5-14_levelground 2_left.csv,level_walking,0.000000,0.000000,2847.000000,621.000000,0.000000,0.000000,0.000000,0.000000,1386.000000,369.000000,0.000000,0.000000,0.000000,0.000000,0.000000,0.000000,0.000000,0.000000,5223.000000,3468.000000,1755.000000,0.000000,5223.000000,0.000000,48.606565,56.431373,0.091645,-0.221117,0.000000,0.000000,LoadingResponse,1.000000,0.000000,0.000000,level walking,
394,2026-05-14 22:59:11,19.700000,2026-5-14_levelground 2_left.csv,level_walking,0.000000,0.000000,2847.000000,621.000000,0.000000,0.000000,0.000000,0.000000,1386.000000,369.000000,0.000000,0.000000,0.000000,0.000000,0.000000,0.000000,0.000000,0.000000,5223.000000,3468.000000,1755.000000,0.000000,5223.000000,0.000000,48.606565,56.431373,0.091645,-0.221117,0.000000,0.000000,LoadingResponse,1.000000,0.000000,0.000000,level walking,
395,2026-05-14 22:59:11,19.750000,2026-5-14_levelground 2_left.csv,level_walking,0.000000,0.000000,2847.000000,621.000000,0.000000,0.000000,0.000000,0.000000,1386.000000,369.000000,0.000000,0.000000,0.000000,0.000000,0.000000,0.000000,0.000000,0.000000,5223.000000,3468.000000,1755.000000,0.000000,5223.000000,0.000000,48.606565,56.431373,0.091645,-0.221117,0.000000,0.000000,LoadingResponse,1.000000,0.000000,0.000000,level walking,
396,2026-05-14 22:59:11,19.800000,2026-5-14_levelground 2_left.csv,level_walking,0.000000,0.000000,2847.000000,621.000000,0.000000,0.000000,0.000000,0.000000,1386.000000,369.000000,0.000000,0.000000,0.000000,0.000000,0.000000,0.000000,0.000000,0.000000,5223.000000,3468.000000,1755.000000,0.000000,5223.000000,0.000000,48.606565,56.431373,0.091645,-0.221117,0.000000,0.000000,LoadingResponse,1.000000,0.000000,0.000000,level walking,
397,2026-05-14 22:59:11,19.850000,2026-5-14_levelground 2_left.csv,level_walking,0.000000,0.000000,2847.000000,621.000000,0.000000,0.000000,0.000000,0.000000,1386.000000,369.000000,0.000000,0.000000,0.000000,0.000000,0.000000,0.000000,0.000000,0.000000,5223.000000,3468.000000,1755.000000,0.000000,5223.000000,0.000000,48.606565,56.431373,0.091645,-0.221117,0.000000,0.000000,LoadingResponse,1.000000,0.000000,0.000000,level walking,
398,2026-05-14 22:59:11,19.900000,2026-5-14_levelground 2_left.csv,level_walking,0.000000,0.000000,2847.000000,621.000000,0.000000,0.000000,0.000000,0.000000,1386.000000,369.000000,0.000000,0.000000,0.000000,0.000000,0.000000,0.000000,0.000000,0.000000,5223.000000,3468.000000,1755.000000,0.000000,5223.000000,0.000000,48.606565,56.431373,0.091645,-0.221117,0.000000,0.000000,LoadingResponse,1.000000,0.000000,0.000000,level walking,
399,2026-05-14 22:59:11,19.950000,2026-5-14_levelground 2_left.csv,level_walking,0.000000,0.000000,2847.000000,621.000000,0.000000,0.000000,0.000000,0.000000,1386.000000,369.000000,0.000000,0.000000,0.000000,0.000000,0.000000,0.000000,0.000000,0.000000,5223.000000,3468.000000,1755.000000,0.000000,5223.000000,0.000000,48.606565,56.431373,0.091645,-0.221117,0.000000,0.000000,LoadingResponse,1.000000,0.000000,0.000000,level walking,
400,2026-05-14 22:59:11,20.000000,2026-5-14_levelground 2_left.csv,level_walking,0.000000,0.000000,2847.000000,621.000000,0.000000,0.000000,0.000000,0.000000,1386.000000,369.000000,0.000000,0.000000,0.000000,0.000000,0.000000,0.000000,0.000000,0.000000,5223.000000,3468.000000,1755.000000,0.000000,5223.000000,0.000000,48.606565,56.431373,0.091645,-0.221117,0.000000,0.000000,LoadingResponse,1.000000,0.000000,0.000000,level walking,
401,2026-05-14 22:59:11,20.050000,2026-5-14_levelground 2_left.csv,level_walking,0.000000,0.000000,2847.000000,621.000000,0.000000,0.000000,0.000000,0.000000,1386.000000,369.000000,0.000000,0.000000,0.000000,0.000000,0.000000,0.000000,0.000000,0.000000,5223.000000,3468.000000,1755.000000,0.000000,5223.000000,0.000000,48.606565,56.431373,0.091645,-0.221117,0.000000,0.000000,LoadingResponse,1.000000,0.000000,0.000000,level walking,
402,2026-05-14 22:59:11,20.100000,2026-5-14_levelground 2_left.csv,level_walking,0.000000,0.000000,2847.000000,621.000000,0.000000,0.000000,0.000000,0.000000,1386.000000,369.000000,0.000000,0.000000,0.000000,0.000000,0.000000,0.000000,0.000000,0.000000,5223.000000,3468.000000,1755.000000,0.000000,5223.000000,0.000000,48.606565,56.431373,0.091645,-0.221117,0.000000,0.000000,LoadingResponse,1.000000,0.000000,0.000000,level walking,
403,2026-05-14 22:59:11,20.150000,2026-5-14_levelground 2_left.csv,level_walking,0.000000,0.000000,2847.000000,621.000000,0.000000,0.000000,0.000000,0.000000,1386.000000,369.000000,0.000000,0.000000,0.000000,0.000000,0.000000,0.000000,0.000000,0.000000,5223.000000,3468.000000,1755.000000,0.000000,5223.000000,0.000000,48.606565,56.431373,0.091645,-0.221117,0.000000,0.000000,LoadingResponse,1.000000,0.000000,0.000000,level walking,
404,2026-05-14 22:59:11,20.200000,2026-5-14_levelground 2_left.csv,level_walking,0.000000,0.000000,2847.000000,621.000000,0.000000,0.000000,0.000000,0.000000,1386.000000,369.000000,0.000000,0.000000,0.000000,0.000000,0.000000,0.000000,0.000000,0.000000,5223.000000,3468.000000,1755.000000,0.000000,5223.000000,0.000000,48.606565,56.431373,0.091645,-0.221117,0.000000,0.000000,LoadingResponse,1.000000,0.000000,0.000000,level walking,
405,2026-05-14 22:59:11,20.250000,2026-5-14_levelground 2_left.csv,level_walking,0.000000,0.000000,2847.000000,621.000000,0.000000,0.000000,0.000000,0.000000,1386.000000,369.000000,0.000000,0.000000,0.000000,0.000000,0.000000,0.000000,0.000000,0.000000,5223.000000,3468.000000,1755.000000,0.000000,5223.000000,0.000000,48.606565,56.431373,0.091645,-0.221117,0.000000,0.000000,LoadingResponse,1.000000,0.000000,0.000000,level walking,
406,2026-05-14 22:59:11,20.300000,2026-5-14_levelground 2_left.csv,level_walking,0.000000,0.000000,2847.000000,621.000000,0.000000,0.000000,0.000000,0.000000,1386.000000,369.000000,0.000000,0.000000,0.000000,0.000000,0.000000,0.000000,0.000000,0.000000,5223.000000,3468.000000,1755.000000,0.000000,5223.000000,0.000000,48.606565,56.431373,0.091645,-0.221117,0.000000,0.000000,LoadingResponse,1.000000,0.000000,0.000000,level walking,
407,2026-05-14 22:59:11,20.350000,2026-5-14_levelground 2_left.csv,level_walking,0.000000,0.000000,2847.000000,621.000000,0.000000,0.000000,0.000000,0.000000,1386.000000,369.000000,0.000000,0.000000,0.000000,0.000000,0.000000,0.000000,0.000000,0.000000,5223.000000,3468.000000,1755.000000,0.000000,5223.000000,0.000000,48.606565,56.431373,0.091645,-0.221117,0.000000,0.000000,LoadingResponse,1.000000,0.000000,0.000000,level walking,
408,2026-05-14 22:59:11,20.400000,2026-5-14_levelground 2_left.csv,level_walking,0.000000,0.000000,2847.000000,621.000000,0.000000,0.000000,0.000000,0.000000,1386.000000,369.000000,0.000000,0.000000,0.000000,0.000000,0.000000,0.000000,0.000000,0.000000,5223.000000,3468.000000,1755.000000,0.000000,5223.000000,0.000000,48.606565,56.431373,0.091645,-0.221117,0.000000,0.000000,LoadingResponse,1.000000,0.000000,0.000000,level walking,
409,2026-05-14 22:59:11,20.450000,2026-5-14_levelground 2_left.csv,level_walking,0.000000,0.000000,2847.000000,621.000000,0.000000,0.000000,0.000000,0.000000,1386.000000,369.000000,0.000000,0.000000,0.000000,0.000000,0.000000,0.000000,0.000000,0.000000,5223.000000,3468.000000,1755.000000,0.000000,5223.000000,0.000000,48.606565,56.431373,0.091645,-0.221117,0.000000,0.000000,LoadingResponse,1.000000,0.000000,0.000000,level walking,
410,2026-05-14 22:59:11,20.500000,2026-5-14_levelground 2_left.csv,level_walking,0.000000,0.000000,2847.000000,621.000000,0.000000,0.000000,0.000000,0.000000,1386.000000,369.000000,0.000000,0.000000,0.000000,0.000000,0.000000,0.000000,0.000000,0.000000,5223.000000,3468.000000,1755.000000,0.000000,5223.000000,0.000000,48.606565,56.431373,0.091645,-0.221117,0.000000,0.000000,LoadingResponse,1.000000,0.000000,0.000000,level walking,
411,2026-05-14 22:59:11,20.550000,2026-5-14_levelground 2_left.csv,level_walking,0.000000,0.000000,2847.000000,621.000000,0.000000,0.000000,0.000000,0.000000,1386.000000,369.000000,0.000000,0.000000,0.000000,0.000000,0.000000,0.000000,0.000000,0.000000,5223.000000,3468.000000,1755.000000,0.000000,5223.000000,0.000000,48.606565,56.431373,0.091645,-0.221117,0.000000,0.000000,LoadingResponse,1.000000,0.000000,0.000000,level walking,
412,2026-05-14 22:59:11,20.600000,2026-5-14_levelground 2_left.csv,level_walking,0.000000,0.000000,2847.000000,621.000000,0.000000,0.000000,0.000000,0.000000,1386.000000,369.000000,0.000000,0.000000,0.000000,0.000000,0.000000,0.000000,0.000000,0.000000,5223.000000,3468.000000,1755.000000,0.000000,5223.000000,0.000000,48.606565,56.431373,0.091645,-0.221117,0.000000,0.000000,LoadingResponse,1.000000,0.000000,0.000000,level walking,
413,2026-05-14 22:59:12,20.650000,2026-5-14_levelground 2_left.csv,level_walking,0.000000,0.000000,2847.000000,621.000000,0.000000,0.000000,0.000000,0.000000,1386.000000,369.000000,0.000000,0.000000,0.000000,0.000000,0.000000,0.000000,0.000000,0.000000,5223.000000,3468.000000,1755.000000,0.000000,5223.000000,0.000000,48.606565,56.431373,0.091645,-0.221117,0.000000,0.000000,LoadingResponse,1.000000,0.000000,0.000000,level walking,
414,2026-05-14 22:59:12,20.700000,2026-5-14_levelground 2_left.csv,level_walking,0.000000,0.000000,2847.000000,621.000000,0.000000,0.000000,0.000000,0.000000,1386.000000,369.000000,0.000000,0.000000,0.000000,0.000000,0.000000,0.000000,0.000000,0.000000,5223.000000,3468.000000,1755.000000,0.000000,5223.000000,0.000000,48.606565,56.431373,0.091645,-0.221117,0.000000,0.000000,LoadingResponse,1.000000,0.000000,0.000000,level walking,
415,2026-05-14 22:59:12,20.750000,2026-5-14_levelground 2_left.csv,level_walking,0.000000,0.000000,2847.000000,621.000000,0.000000,0.000000,0.000000,0.000000,1386.000000,369.000000,0.000000,0.000000,0.000000,0.000000,0.000000,0.000000,0.000000,0.000000,5223.000000,3468.000000,1755.000000,0.000000,5223.000000,0.000000,48.606565,56.431373,0.091645,-0.221117,0.000000,0.000000,LoadingResponse,1.000000,0.000000,0.000000,level walking,
416,2026-05-14 22:59:12,20.800000,2026-5-14_levelground 2_left.csv,level_walking,0.000000,0.000000,2847.000000,621.000000,0.000000,0.000000,0.000000,0.000000,1386.000000,369.000000,0.000000,0.000000,0.000000,0.000000,0.000000,0.000000,0.000000,0.000000,5223.000000,3468.000000,1755.000000,0.000000,5223.000000,0.000000,48.606565,56.431373,0.091645,-0.221117,0.000000,0.000000,LoadingResponse,1.000000,0.000000,0.000000,level walking,
417,2026-05-14 22:59:12,20.850000,2026-5-14_levelground 2_left.csv,level_walking,0.000000,0.000000,2847.000000,621.000000,0.000000,0.000000,0.000000,0.000000,1386.000000,369.000000,0.000000,0.000000,0.000000,0.000000,0.000000,0.000000,0.000000,0.000000,5223.000000,3468.000000,1755.000000,0.000000,5223.000000,0.000000,48.606565,56.431373,0.091645,-0.221117,0.000000,0.000000,LoadingResponse,1.000000,0.000000,0.000000,level walking,
418,2026-05-14 22:59:12,20.900000,2026-5-14_levelground 2_left.csv,level_walking,0.000000,0.000000,2847.000000,621.000000,0.000000,0.000000,0.000000,0.000000,1386.000000,369.000000,0.000000,0.000000,0.000000,0.000000,0.000000,0.000000,0.000000,0.000000,5223.000000,3468.000000,1755.000000,0.000000,5223.000000,0.000000,48.606565,56.431373,0.091645,-0.221117,0.000000,0.000000,LoadingResponse,1.000000,0.000000,0.000000,level walking,
419,2026-05-14 22:59:12,20.950000,2026-5-14_levelground 2_left.csv,level_walking,0.000000,0.000000,2847.000000,621.000000,0.000000,0.000000,0.000000,0.000000,1386.000000,369.000000,0.000000,0.000000,0.000000,0.000000,0.000000,0.000000,0.000000,0.000000,5223.000000,3468.000000,1755.000000,0.000000,5223.000000,0.000000,48.606565,56.431373,0.091645,-0.221117,0.000000,0.000000,LoadingResponse,1.000000,0.000000,0.000000,level walking,
420,2026-05-14 22:59:12,21.000000,2026-5-14_levelground 2_left.csv,level_walking,0.000000,0.000000,2847.000000,621.000000,0.000000,0.000000,0.000000,0.000000,1386.000000,369.000000,0.000000,0.000000,0.000000,0.000000,0.000000,0.000000,0.000000,0.000000,5223.000000,3468.000000,1755.000000,0.000000,5223.000000,0.000000,48.606565,56.431373,0.091645,-0.221117,0.000000,0.000000,LoadingResponse,1.000000,0.000000,0.000000,level walking,
421,2026-05-14 22:59:12,21.050000,2026-5-14_levelground 2_left.csv,level_walking,0.000000,0.000000,2847.000000,621.000000,0.000000,0.000000,0.000000,0.000000,1386.000000,369.000000,0.000000,0.000000,0.000000,0.000000,0.000000,0.000000,0.000000,0.000000,5223.000000,3468.000000,1755.000000,0.000000,5223.000000,0.000000,48.606565,56.431373,0.091645,-0.221117,0.000000,0.000000,LoadingResponse,1.000000,0.000000,0.000000,level walking,
422,2026-05-14 22:59:12,21.100000,2026-5-14_levelground 2_left.csv,level_walking,0.000000,0.000000,2847.000000,621.000000,0.000000,0.000000,0.000000,0.000000,1386.000000,369.000000,0.000000,0.000000,0.000000,0.000000,0.000000,0.000000,0.000000,0.000000,5223.000000,3468.000000,1755.000000,0.000000,5223.000000,0.000000,48.606565,56.431373,0.091645,-0.221117,0.000000,0.000000,LoadingResponse,1.000000,0.000000,0.000000,level walking,
423,2026-05-14 22:59:12,21.150000,2026-5-14_levelground 2_left.csv,level_walking,0.000000,0.000000,2847.000000,621.000000,0.000000,0.000000,0.000000,0.000000,1386.000000,369.000000,0.000000,0.000000,0.000000,0.000000,0.000000,0.000000,0.000000,0.000000,5223.000000,3468.000000,1755.000000,0.000000,5223.000000,0.000000,48.606565,56.431373,0.091645,-0.221117,0.000000,0.000000,LoadingResponse,1.000000,0.000000,0.000000,level walking,
424,2026-05-14 22:59:12,21.200000,2026-5-14_levelground 2_left.csv,level_walking,0.000000,0.000000,2847.000000,621.000000,0.000000,0.000000,0.000000,0.000000,1386.000000,369.000000,0.000000,0.000000,0.000000,0.000000,0.000000,0.000000,0.000000,0.000000,5223.000000,3468.000000,1755.000000,0.000000,5223.000000,0.000000,48.606565,56.431373,0.091645,-0.221117,0.000000,0.000000,LoadingResponse,1.000000,0.000000,0.000000,level walking,
425,2026-05-14 22:59:12,21.250000,2026-5-14_levelground 2_left.csv,level_walking,0.000000,0.000000,2847.000000,621.000000,0.000000,0.000000,0.000000,0.000000,1386.000000,369.000000,0.000000,0.000000,0.000000,0.000000,0.000000,0.000000,0.000000,0.000000,5223.000000,3468.000000,1755.000000,0.000000,5223.000000,0.000000,48.606565,56.431373,0.091645,-0.221117,0.000000,0.000000,LoadingResponse,1.000000,0.000000,0.000000,level walking,
426,2026-05-14 22:59:12,21.300000,2026-5-14_levelground 2_left.csv,level_walking,0.000000,0.000000,2847.000000,621.000000,0.000000,0.000000,0.000000,0.000000,1386.000000,369.000000,0.000000,0.000000,0.000000,0.000000,0.000000,0.000000,0.000000,0.000000,5223.000000,3468.000000,1755.000000,0.000000,5223.000000,0.000000,48.606565,56.431373,0.091645,-0.221117,0.000000,0.000000,LoadingResponse,1.000000,0.000000,0.000000,level walking,
427,2026-05-14 22:59:12,21.350000,2026-5-14_levelground 2_left.csv,level_walking,0.000000,0.000000,2847.000000,621.000000,0.000000,0.000000,0.000000,0.000000,1386.000000,369.000000,0.000000,0.000000,0.000000,0.000000,0.000000,0.000000,0.000000,0.000000,5223.000000,3468.000000,1755.000000,0.000000,5223.000000,0.000000,48.606565,56.431373,0.091645,-0.221117,0.000000,0.000000,LoadingResponse,1.000000,0.000000,0.000000,level walking,
428,2026-05-14 22:59:12,21.400000,2026-5-14_levelground 2_left.csv,level_walking,0.000000,0.000000,2847.000000,621.000000,0.000000,0.000000,0.000000,0.000000,1386.000000,369.000000,0.000000,0.000000,0.000000,0.000000,0.000000,0.000000,0.000000,0.000000,5223.000000,3468.000000,1755.000000,0.000000,5223.000000,0.000000,48.606565,56.431373,0.091645,-0.221117,0.000000,0.000000,LoadingResponse,1.000000,0.000000,0.000000,level walking,
429,2026-05-14 22:59:12,21.450000,2026-5-14_levelground 2_left.csv,level_walking,0.000000,0.000000,2847.000000,621.000000,0.000000,0.000000,0.000000,0.000000,1386.000000,369.000000,0.000000,0.000000,0.000000,0.000000,0.000000,0.000000,0.000000,0.000000,5223.000000,3468.000000,1755.000000,0.000000,5223.000000,0.000000,48.606565,56.431373,0.091645,-0.221117,0.000000,0.000000,LoadingResponse,1.000000,0.000000,0.000000,level walking,
430,2026-05-14 22:59:12,21.500000,2026-5-14_levelground 2_left.csv,level_walking,0.000000,0.000000,2847.000000,621.000000,0.000000,0.000000,0.000000,0.000000,1386.000000,369.000000,0.000000,0.000000,0.000000,0.000000,0.000000,0.000000,0.000000,0.000000,5223.000000,3468.000000,1755.000000,0.000000,5223.000000,0.000000,48.606565,56.431373,0.091645,-0.221117,0.000000,0.000000,LoadingResponse,1.000000,0.000000,0.000000,level walking,
431,2026-05-14 22:59:12,21.550000,2026-5-14_levelground 2_left.csv,level_walking,0.000000,0.000000,2847.000000,621.000000,0.000000,0.000000,0.000000,0.000000,1386.000000,369.000000,0.000000,0.000000,0.000000,0.000000,0.000000,0.000000,0.000000,0.000000,5223.000000,3468.000000,1755.000000,0.000000,5223.000000,0.000000,48.606565,56.431373,0.091645,-0.221117,0.000000,0.000000,LoadingResponse,1.000000,0.000000,0.000000,level walking,
432,2026-05-14 22:59:12,21.600000,2026-5-14_levelground 2_left.csv,level_walking,0.000000,0.000000,2847.000000,621.000000,0.000000,0.000000,0.000000,0.000000,1386.000000,369.000000,0.000000,0.000000,0.000000,0.000000,0.000000,0.000000,0.000000,0.000000,5223.000000,3468.000000,1755.000000,0.000000,5223.000000,0.000000,48.606565,56.431373,0.091645,-0.221117,0.000000,0.000000,LoadingResponse,1.000000,0.000000,0.000000,level walking,
433,2026-05-14 22:59:13,21.650000,2026-5-14_levelground 2_left.csv,level_walking,0.000000,0.000000,2847.000000,621.000000,0.000000,0.000000,0.000000,0.000000,1386.000000,369.000000,0.000000,0.000000,0.000000,0.000000,0.000000,0.000000,0.000000,0.000000,5223.000000,3468.000000,1755.000000,0.000000,5223.000000,0.000000,48.606565,56.431373,0.091645,-0.221117,0.000000,0.000000,LoadingResponse,1.000000,0.000000,0.000000,level walking,
434,2026-05-14 22:59:13,21.700000,2026-5-14_levelground 2_left.csv,level_walking,0.000000,0.000000,2847.000000,621.000000,0.000000,0.000000,0.000000,0.000000,1386.000000,369.000000,0.000000,0.000000,0.000000,0.000000,0.000000,0.000000,0.000000,0.000000,5223.000000,3468.000000,1755.000000,0.000000,5223.000000,0.000000,48.606565,56.431373,0.091645,-0.221117,0.000000,0.000000,LoadingResponse,1.000000,0.000000,0.000000,level walking,
435,2026-05-14 22:59:13,21.750000,2026-5-14_levelground 2_left.csv,level_walking,0.000000,0.000000,2847.000000,621.000000,0.000000,0.000000,0.000000,0.000000,1386.000000,369.000000,0.000000,0.000000,0.000000,0.000000,0.000000,0.000000,0.000000,0.000000,5223.000000,3468.000000,1755.000000,0.000000,5223.000000,0.000000,48.606565,56.431373,0.091645,-0.221117,0.000000,0.000000,LoadingResponse,1.000000,0.000000,0.000000,level walking,
436,2026-05-14 22:59:13,21.800000,2026-5-14_levelground 2_left.csv,level_walking,0.000000,0.000000,2847.000000,621.000000,0.000000,0.000000,0.000000,0.000000,1386.000000,369.000000,0.000000,0.000000,0.000000,0.000000,0.000000,0.000000,0.000000,0.000000,5223.000000,3468.000000,1755.000000,0.000000,5223.000000,0.000000,48.606565,56.431373,0.091645,-0.221117,0.000000,0.000000,LoadingResponse,1.000000,0.000000,0.000000,level walking,
437,2026-05-14 22:59:13,21.850000,2026-5-14_levelground 2_left.csv,level_walking,0.000000,0.000000,2847.000000,621.000000,0.000000,0.000000,0.000000,0.000000,1386.000000,369.000000,0.000000,0.000000,0.000000,0.000000,0.000000,0.000000,0.000000,0.000000,5223.000000,3468.000000,1755.000000,0.000000,5223.000000,0.000000,48.606565,56.431373,0.091645,-0.221117,0.000000,0.000000,LoadingResponse,1.000000,0.000000,0.000000,level walking,
438,2026-05-14 22:59:13,21.900000,2026-5-14_levelground 2_left.csv,level_walking,0.000000,0.000000,2847.000000,621.000000,0.000000,0.000000,0.000000,0.000000,1386.000000,369.000000,0.000000,0.000000,0.000000,0.000000,0.000000,0.000000,0.000000,0.000000,5223.000000,3468.000000,1755.000000,0.000000,5223.000000,0.000000,48.606565,56.431373,0.091645,-0.221117,0.000000,0.000000,LoadingResponse,1.000000,0.000000,0.000000,level walking,
439,2026-05-14 22:59:13,21.950000,2026-5-14_levelground 2_left.csv,level_walking,0.000000,0.000000,2847.000000,621.000000,0.000000,0.000000,0.000000,0.000000,1386.000000,369.000000,0.000000,0.000000,0.000000,0.000000,0.000000,0.000000,0.000000,0.000000,5223.000000,3468.000000,1755.000000,0.000000,5223.000000,0.000000,48.606565,56.431373,0.091645,-0.221117,0.000000,0.000000,LoadingResponse,1.000000,0.000000,0.000000,level walking,
440,2026-05-14 22:59:13,22.000000,2026-5-14_levelground 2_left.csv,level_walking,0.000000,0.000000,2847.000000,621.000000,0.000000,0.000000,0.000000,0.000000,1386.000000,369.000000,0.000000,0.000000,0.000000,0.000000,0.000000,0.000000,0.000000,0.000000,5223.000000,3468.000000,1755.000000,0.000000,5223.000000,0.000000,48.606565,56.431373,0.091645,-0.221117,0.000000,0.000000,LoadingResponse,1.000000,0.000000,0.000000,level walking,
441,2026-05-14 22:59:13,22.050000,2026-5-14_levelground 2_left.csv,level_walking,0.000000,0.000000,2847.000000,621.000000,0.000000,0.000000,0.000000,0.000000,1386.000000,369.000000,0.000000,0.000000,0.000000,0.000000,0.000000,0.000000,0.000000,0.000000,5223.000000,3468.000000,1755.000000,0.000000,5223.000000,0.000000,48.606565,56.431373,0.091645,-0.221117,0.000000,0.000000,LoadingResponse,1.000000,0.000000,0.000000,level walking,
442,2026-05-14 22:59:13,22.100000,2026-5-14_levelground 2_left.csv,level_walking,0.000000,0.000000,2847.000000,621.000000,0.000000,0.000000,0.000000,0.000000,1386.000000,369.000000,0.000000,0.000000,0.000000,0.000000,0.000000,0.000000,0.000000,0.000000,5223.000000,3468.000000,1755.000000,0.000000,5223.000000,0.000000,48.606565,56.431373,0.091645,-0.221117,0.000000,0.000000,LoadingResponse,1.000000,0.000000,0.000000,level walking,
443,2026-05-14 22:59:13,22.150000,2026-5-14_levelground 2_left.csv,level_walking,0.000000,0.000000,2847.000000,621.000000,0.000000,0.000000,0.000000,0.000000,1386.000000,369.000000,0.000000,0.000000,0.000000,0.000000,0.000000,0.000000,0.000000,0.000000,5223.000000,3468.000000,1755.000000,0.000000,5223.000000,0.000000,48.606565,56.431373,0.091645,-0.221117,0.000000,0.000000,LoadingResponse,1.000000,0.000000,0.000000,level walking,
444,2026-05-14 22:59:13,22.200000,2026-5-14_levelground 2_left.csv,level_walking,0.000000,0.000000,2847.000000,621.000000,0.000000,0.000000,0.000000,0.000000,1386.000000,369.000000,0.000000,0.000000,0.000000,0.000000,0.000000,0.000000,0.000000,0.000000,5223.000000,3468.000000,1755.000000,0.000000,5223.000000,0.000000,48.606565,56.431373,0.091645,-0.221117,0.000000,0.000000,LoadingResponse,1.000000,0.000000,0.000000,level walking,
445,2026-05-14 22:59:13,22.250000,2026-5-14_levelground 2_left.csv,level_walking,0.000000,0.000000,2847.000000,621.000000,0.000000,0.000000,0.000000,0.000000,1386.000000,369.000000,0.000000,0.000000,0.000000,0.000000,0.000000,0.000000,0.000000,0.000000,5223.000000,3468.000000,1755.000000,0.000000,5223.000000,0.000000,48.606565,56.431373,0.091645,-0.221117,0.000000,0.000000,LoadingResponse,1.000000,0.000000,0.000000,level walking,
446,2026-05-14 22:59:13,22.300000,2026-5-14_levelground 2_left.csv,level_walking,0.000000,0.000000,2847.000000,621.000000,0.000000,0.000000,0.000000,0.000000,1386.000000,369.000000,0.000000,0.000000,0.000000,0.000000,0.000000,0.000000,0.000000,0.000000,5223.000000,3468.000000,1755.000000,0.000000,5223.000000,0.000000,48.606565,56.431373,0.091645,-0.221117,0.000000,0.000000,LoadingResponse,1.000000,0.000000,0.000000,level walking,
447,2026-05-14 22:59:13,22.350000,2026-5-14_levelground 2_left.csv,level_walking,0.000000,0.000000,2847.000000,621.000000,0.000000,0.000000,0.000000,0.000000,1386.000000,369.000000,0.000000,0.000000,0.000000,0.000000,0.000000,0.000000,0.000000,0.000000,5223.000000,3468.000000,1755.000000,0.000000,5223.000000,0.000000,48.606565,56.431373,0.091645,-0.221117,0.000000,0.000000,LoadingResponse,1.000000,0.000000,0.000000,level walking,
448,2026-05-14 22:59:13,22.400000,2026-5-14_levelground 2_left.csv,level_walking,0.000000,0.000000,2847.000000,621.000000,0.000000,0.000000,0.000000,0.000000,1386.000000,369.000000,0.000000,0.000000,0.000000,0.000000,0.000000,0.000000,0.000000,0.000000,5223.000000,3468.000000,1755.000000,0.000000,5223.000000,0.000000,48.606565,56.431373,0.091645,-0.221117,0.000000,0.000000,LoadingResponse,1.000000,0.000000,0.000000,level walking,
449,2026-05-14 22:59:13,22.450000,2026-5-14_levelground 2_left.csv,level_walking,0.000000,0.000000,2847.000000,621.000000,0.000000,0.000000,0.000000,0.000000,1386.000000,369.000000,0.000000,0.000000,0.000000,0.000000,0.000000,0.000000,0.000000,0.000000,5223.000000,3468.000000,1755.000000,0.000000,5223.000000,0.000000,48.606565,56.431373,0.091645,-0.221117,0.000000,0.000000,LoadingResponse,1.000000,0.000000,0.000000,level walking,
450,2026-05-14 22:59:13,22.500000,2026-5-14_levelground 2_left.csv,level_walking,0.000000,0.000000,2847.000000,621.000000,0.000000,0.000000,0.000000,0.000000,1386.000000,369.000000,0.000000,0.000000,0.000000,0.000000,0.000000,0.000000,0.000000,0.000000,5223.000000,3468.000000,1755.000000,0.000000,5223.000000,0.000000,48.606565,56.431373,0.091645,-0.221117,0.000000,0.000000,LoadingResponse,1.000000,0.000000,0.000000,level walking,
451,2026-05-14 22:59:13,22.550000,2026-5-14_levelground 2_left.csv,level_walking,0.000000,0.000000,2847.000000,621.000000,0.000000,0.000000,0.000000,0.000000,1386.000000,369.000000,0.000000,0.000000,0.000000,0.000000,0.000000,0.000000,0.000000,0.000000,5223.000000,3468.000000,1755.000000,0.000000,5223.000000,0.000000,48.606565,56.431373,0.091645,-0.221117,0.000000,0.000000,LoadingResponse,1.000000,0.000000,0.000000,level walking,
452,2026-05-14 22:59:13,22.600000,2026-5-14_levelground 2_left.csv,level_walking,0.000000,0.000000,2847.000000,621.000000,0.000000,0.000000,0.000000,0.000000,1386.000000,369.000000,0.000000,0.000000,0.000000,0.000000,0.000000,0.000000,0.000000,0.000000,5223.000000,3468.000000,1755.000000,0.000000,5223.000000,0.000000,48.606565,56.431373,0.091645,-0.221117,0.000000,0.000000,LoadingResponse,1.000000,0.000000,0.000000,level walking,
453,2026-05-14 22:59:14,22.650000,2026-5-14_levelground 2_left.csv,level_walking,0.000000,0.000000,2847.000000,621.000000,0.000000,0.000000,0.000000,0.000000,1386.000000,369.000000,0.000000,0.000000,0.000000,0.000000,0.000000,0.000000,0.000000,0.000000,5223.000000,3468.000000,1755.000000,0.000000,5223.000000,0.000000,48.606565,56.431373,0.091645,-0.221117,0.000000,0.000000,LoadingResponse,1.000000,0.000000,0.000000,level walking,
454,2026-05-14 22:59:14,22.700000,2026-5-14_levelground 2_left.csv,level_walking,0.000000,0.000000,2847.000000,621.000000,0.000000,0.000000,0.000000,0.000000,1386.000000,369.000000,0.000000,0.000000,0.000000,0.000000,0.000000,0.000000,0.000000,0.000000,5223.000000,3468.000000,1755.000000,0.000000,5223.000000,0.000000,48.606565,56.431373,0.091645,-0.221117,0.000000,0.000000,LoadingResponse,1.000000,0.000000,0.000000,level walking,
455,2026-05-14 22:59:14,22.750000,2026-5-14_levelground 2_left.csv,level_walking,0.000000,0.000000,2847.000000,621.000000,0.000000,0.000000,0.000000,0.000000,1386.000000,369.000000,0.000000,0.000000,0.000000,0.000000,0.000000,0.000000,0.000000,0.000000,5223.000000,3468.000000,1755.000000,0.000000,5223.000000,0.000000,48.606565,56.431373,0.091645,-0.221117,0.000000,0.000000,LoadingResponse,1.000000,0.000000,0.000000,level walking,
456,2026-05-14 22:59:14,22.800000,2026-5-14_levelground 2_left.csv,level_walking,0.000000,0.000000,2847.000000,621.000000,0.000000,0.000000,0.000000,0.000000,1386.000000,369.000000,0.000000,0.000000,0.000000,0.000000,0.000000,0.000000,0.000000,0.000000,5223.000000,3468.000000,1755.000000,0.000000,5223.000000,0.000000,48.606565,56.431373,0.091645,-0.221117,0.000000,0.000000,LoadingResponse,1.000000,0.000000,0.000000,level walking,
457,2026-05-14 22:59:14,22.850000,2026-5-14_levelground 2_left.csv,level_walking,0.000000,0.000000,2847.000000,621.000000,0.000000,0.000000,0.000000,0.000000,1386.000000,369.000000,0.000000,0.000000,0.000000,0.000000,0.000000,0.000000,0.000000,0.000000,5223.000000,3468.000000,1755.000000,0.000000,5223.000000,0.000000,48.606565,56.431373,0.091645,-0.221117,0.000000,0.000000,LoadingResponse,1.000000,0.000000,0.000000,level walking,
458,2026-05-14 22:59:14,22.900000,2026-5-14_levelground 2_left.csv,level_walking,0.000000,0.000000,2847.000000,621.000000,0.000000,0.000000,0.000000,0.000000,1386.000000,369.000000,0.000000,0.000000,0.000000,0.000000,0.000000,0.000000,0.000000,0.000000,5223.000000,3468.000000,1755.000000,0.000000,5223.000000,0.000000,48.606565,56.431373,0.091645,-0.221117,0.000000,0.000000,LoadingResponse,1.000000,0.000000,0.000000,level walking,
459,2026-05-14 22:59:14,22.950000,2026-5-14_levelground 2_left.csv,level_walking,0.000000,0.000000,2847.000000,621.000000,0.000000,0.000000,0.000000,0.000000,1386.000000,369.000000,0.000000,0.000000,0.000000,0.000000,0.000000,0.000000,0.000000,0.000000,5223.000000,3468.000000,1755.000000,0.000000,5223.000000,0.000000,48.606565,56.431373,0.091645,-0.221117,0.000000,0.000000,LoadingResponse,1.000000,0.000000,0.000000,level walking,
460,2026-05-14 22:59:14,23.000000,2026-5-14_levelground 2_left.csv,level_walking,0.000000,0.000000,2847.000000,621.000000,0.000000,0.000000,0.000000,0.000000,1386.000000,369.000000,0.000000,0.000000,0.000000,0.000000,0.000000,0.000000,0.000000,0.000000,5223.000000,3468.000000,1755.000000,0.000000,5223.000000,0.000000,48.606565,56.431373,0.091645,-0.221117,0.000000,0.000000,LoadingResponse,1.000000,0.000000,0.000000,level walking,
461,2026-05-14 22:59:14,23.050000,2026-5-14_levelground 2_left.csv,level_walking,0.000000,0.000000,2847.000000,621.000000,0.000000,0.000000,0.000000,0.000000,1386.000000,369.000000,0.000000,0.000000,0.000000,0.000000,0.000000,0.000000,0.000000,0.000000,5223.000000,3468.000000,1755.000000,0.000000,5223.000000,0.000000,48.606565,56.431373,0.091645,-0.221117,0.000000,0.000000,LoadingResponse,1.000000,0.000000,0.000000,level walking,
462,2026-05-14 22:59:14,23.100000,2026-5-14_levelground 2_left.csv,level_walking,0.000000,0.000000,2847.000000,621.000000,0.000000,0.000000,0.000000,0.000000,1386.000000,369.000000,0.000000,0.000000,0.000000,0.000000,0.000000,0.000000,0.000000,0.000000,5223.000000,3468.000000,1755.000000,0.000000,5223.000000,0.000000,48.606565,56.431373,0.091645,-0.221117,0.000000,0.000000,LoadingResponse,1.000000,0.000000,0.000000,level walking,
463,2026-05-14 22:59:14,23.150000,2026-5-14_levelground 2_left.csv,level_walking,0.000000,0.000000,2847.000000,621.000000,0.000000,0.000000,0.000000,0.000000,1386.000000,369.000000,0.000000,0.000000,0.000000,0.000000,0.000000,0.000000,0.000000,0.000000,5223.000000,3468.000000,1755.000000,0.000000,5223.000000,0.000000,48.606565,56.431373,0.091645,-0.221117,0.000000,0.000000,LoadingResponse,1.000000,0.000000,0.000000,level walking,
464,2026-05-14 22:59:14,23.200000,2026-5-14_levelground 2_left.csv,level_walking,0.000000,0.000000,2847.000000,621.000000,0.000000,0.000000,0.000000,0.000000,1386.000000,369.000000,0.000000,0.000000,0.000000,0.000000,0.000000,0.000000,0.000000,0.000000,5223.000000,3468.000000,1755.000000,0.000000,5223.000000,0.000000,48.606565,56.431373,0.091645,-0.221117,0.000000,0.000000,LoadingResponse,1.000000,0.000000,0.000000,level walking,
465,2026-05-14 22:59:14,23.250000,2026-5-14_levelground 2_left.csv,level_walking,0.000000,0.000000,2847.000000,621.000000,0.000000,0.000000,0.000000,0.000000,1386.000000,369.000000,0.000000,0.000000,0.000000,0.000000,0.000000,0.000000,0.000000,0.000000,5223.000000,3468.000000,1755.000000,0.000000,5223.000000,0.000000,48.606565,56.431373,0.091645,-0.221117,0.000000,0.000000,LoadingResponse,1.000000,0.000000,0.000000,level walking,
466,2026-05-14 22:59:14,23.300000,2026-5-14_levelground 2_left.csv,level_walking,0.000000,0.000000,2847.000000,621.000000,0.000000,0.000000,0.000000,0.000000,1386.000000,369.000000,0.000000,0.000000,0.000000,0.000000,0.000000,0.000000,0.000000,0.000000,5223.000000,3468.000000,1755.000000,0.000000,5223.000000,0.000000,48.606565,56.431373,0.091645,-0.221117,0.000000,0.000000,LoadingResponse,1.000000,0.000000,0.000000,level walking,
467,2026-05-14 22:59:14,23.350000,2026-5-14_levelground 2_left.csv,level_walking,0.000000,0.000000,2847.000000,621.000000,0.000000,0.000000,0.000000,0.000000,1386.000000,369.000000,0.000000,0.000000,0.000000,0.000000,0.000000,0.000000,0.000000,0.000000,5223.000000,3468.000000,1755.000000,0.000000,5223.000000,0.000000,48.606565,56.431373,0.091645,-0.221117,0.000000,0.000000,LoadingResponse,1.000000,0.000000,0.000000,level walking,
468,2026-05-14 22:59:14,23.400000,2026-5-14_levelground 2_left.csv,level_walking,0.000000,0.000000,2847.000000,621.000000,0.000000,0.000000,0.000000,0.000000,1386.000000,369.000000,0.000000,0.000000,0.000000,0.000000,0.000000,0.000000,0.000000,0.000000,5223.000000,3468.000000,1755.000000,0.000000,5223.000000,0.000000,48.606565,56.431373,0.091645,-0.221117,0.000000,0.000000,LoadingResponse,1.000000,0.000000,0.000000,level walking,
469,2026-05-14 22:59:14,23.450000,2026-5-14_levelground 2_left.csv,level_walking,0.000000,0.000000,2847.000000,621.000000,0.000000,0.000000,0.000000,0.000000,1386.000000,369.000000,0.000000,0.000000,0.000000,0.000000,0.000000,0.000000,0.000000,0.000000,5223.000000,3468.000000,1755.000000,0.000000,5223.000000,0.000000,48.606565,56.431373,0.091645,-0.221117,0.000000,0.000000,LoadingResponse,1.000000,0.000000,0.000000,level walking,
470,2026-05-14 22:59:14,23.500000,2026-5-14_levelground 2_left.csv,level_walking,0.000000,0.000000,2847.000000,621.000000,0.000000,0.000000,0.000000,0.000000,1386.000000,369.000000,0.000000,0.000000,0.000000,0.000000,0.000000,0.000000,0.000000,0.000000,5223.000000,3468.000000,1755.000000,0.000000,5223.000000,0.000000,48.606565,56.431373,0.091645,-0.221117,0.000000,0.000000,LoadingResponse,1.000000,0.000000,0.000000,level walking,
471,2026-05-14 22:59:14,23.550000,2026-5-14_levelground 2_left.csv,level_walking,0.000000,0.000000,2847.000000,621.000000,0.000000,0.000000,0.000000,0.000000,1386.000000,369.000000,0.000000,0.000000,0.000000,0.000000,0.000000,0.000000,0.000000,0.000000,5223.000000,3468.000000,1755.000000,0.000000,5223.000000,0.000000,48.606565,56.431373,0.091645,-0.221117,0.000000,0.000000,LoadingResponse,1.000000,0.000000,0.000000,level walking,
472,2026-05-14 22:59:14,23.600000,2026-5-14_levelground 2_left.csv,level_walking,0.000000,0.000000,2847.000000,621.000000,0.000000,0.000000,0.000000,0.000000,1386.000000,369.000000,0.000000,0.000000,0.000000,0.000000,0.000000,0.000000,0.000000,0.000000,5223.000000,3468.000000,1755.000000,0.000000,5223.000000,0.000000,48.606565,56.431373,0.091645,-0.221117,0.000000,0.000000,LoadingResponse,1.000000,0.000000,0.000000,level walking,
473,2026-05-14 22:59:15,23.650000,2026-5-14_levelground 2_left.csv,level_walking,0.000000,0.000000,2847.000000,621.000000,0.000000,0.000000,0.000000,0.000000,1386.000000,369.000000,0.000000,0.000000,0.000000,0.000000,0.000000,0.000000,0.000000,0.000000,5223.000000,3468.000000,1755.000000,0.000000,5223.000000,0.000000,48.606565,56.431373,0.091645,-0.221117,0.000000,0.000000,LoadingResponse,1.000000,0.000000,0.000000,level walking,
474,2026-05-14 22:59:15,23.700000,2026-5-14_levelground 2_left.csv,level_walking,0.000000,0.000000,2847.000000,621.000000,0.000000,0.000000,0.000000,0.000000,1386.000000,369.000000,0.000000,0.000000,0.000000,0.000000,0.000000,0.000000,0.000000,0.000000,5223.000000,3468.000000,1755.000000,0.000000,5223.000000,0.000000,48.606565,56.431373,0.091645,-0.221117,0.000000,0.000000,LoadingResponse,1.000000,0.000000,0.000000,level walking,
475,2026-05-14 22:59:15,23.750000,2026-5-14_levelground 2_left.csv,level_walking,0.000000,0.000000,2847.000000,621.000000,0.000000,0.000000,0.000000,0.000000,1386.000000,369.000000,0.000000,0.000000,0.000000,0.000000,0.000000,0.000000,0.000000,0.000000,5223.000000,3468.000000,1755.000000,0.000000,5223.000000,0.000000,48.606565,56.431373,0.091645,-0.221117,0.000000,0.000000,LoadingResponse,1.000000,0.000000,0.000000,level walking,
476,2026-05-14 22:59:15,23.800000,2026-5-14_levelground 2_left.csv,level_walking,0.000000,0.000000,2847.000000,621.000000,0.000000,0.000000,0.000000,0.000000,1386.000000,369.000000,0.000000,0.000000,0.000000,0.000000,0.000000,0.000000,0.000000,0.000000,5223.000000,3468.000000,1755.000000,0.000000,5223.000000,0.000000,48.606565,56.431373,0.091645,-0.221117,0.000000,0.000000,LoadingResponse,1.000000,0.000000,0.000000,level walking,
477,2026-05-14 22:59:15,23.850000,2026-5-14_levelground 2_left.csv,level_walking,0.000000,0.000000,2847.000000,621.000000,0.000000,0.000000,0.000000,0.000000,1386.000000,369.000000,0.000000,0.000000,0.000000,0.000000,0.000000,0.000000,0.000000,0.000000,5223.000000,3468.000000,1755.000000,0.000000,5223.000000,0.000000,48.606565,56.431373,0.091645,-0.221117,0.000000,0.000000,LoadingResponse,1.000000,0.000000,0.000000,level walking,
478,2026-05-14 22:59:15,23.900000,2026-5-14_levelground 2_left.csv,level_walking,0.000000,0.000000,2847.000000,621.000000,0.000000,0.000000,0.000000,0.000000,1386.000000,369.000000,0.000000,0.000000,0.000000,0.000000,0.000000,0.000000,0.000000,0.000000,5223.000000,3468.000000,1755.000000,0.000000,5223.000000,0.000000,48.606565,56.431373,0.091645,-0.221117,0.000000,0.000000,LoadingResponse,1.000000,0.000000,0.000000,level walking,
479,2026-05-14 22:59:15,23.950000,2026-5-14_levelground 2_left.csv,level_walking,0.000000,0.000000,2847.000000,621.000000,0.000000,0.000000,0.000000,0.000000,1386.000000,369.000000,0.000000,0.000000,0.000000,0.000000,0.000000,0.000000,0.000000,0.000000,5223.000000,3468.000000,1755.000000,0.000000,5223.000000,0.000000,48.606565,56.431373,0.091645,-0.221117,0.000000,0.000000,LoadingResponse,1.000000,0.000000,0.000000,level walking,
480,2026-05-14 22:59:15,24.000000,2026-5-14_levelground 2_left.csv,level_walking,0.000000,0.000000,2847.000000,621.000000,0.000000,0.000000,0.000000,0.000000,1386.000000,369.000000,0.000000,0.000000,0.000000,0.000000,0.000000,0.000000,0.000000,0.000000,5223.000000,3468.000000,1755.000000,0.000000,5223.000000,0.000000,48.606565,56.431373,0.091645,-0.221117,0.000000,0.000000,LoadingResponse,1.000000,0.000000,0.000000,level walking,
481,2026-05-14 22:59:15,24.050000,2026-5-14_levelground 2_left.csv,level_walking,0.000000,0.000000,2847.000000,621.000000,0.000000,0.000000,0.000000,0.000000,1386.000000,369.000000,0.000000,0.000000,0.000000,0.000000,0.000000,0.000000,0.000000,0.000000,5223.000000,3468.000000,1755.000000,0.000000,5223.000000,0.000000,48.606565,56.431373,0.091645,-0.221117,0.000000,0.000000,LoadingResponse,1.000000,0.000000,0.000000,level walking,
482,2026-05-14 22:59:15,24.100000,2026-5-14_levelground 2_left.csv,level_walking,0.000000,0.000000,2847.000000,621.000000,0.000000,0.000000,0.000000,0.000000,1386.000000,369.000000,0.000000,0.000000,0.000000,0.000000,0.000000,0.000000,0.000000,0.000000,5223.000000,3468.000000,1755.000000,0.000000,5223.000000,0.000000,48.606565,56.431373,0.091645,-0.221117,0.000000,0.000000,LoadingResponse,1.000000,0.000000,0.000000,level walking,
483,2026-05-14 22:59:15,24.150000,2026-5-14_levelground 2_left.csv,level_walking,0.000000,0.000000,2847.000000,621.000000,0.000000,0.000000,0.000000,0.000000,1386.000000,369.000000,0.000000,0.000000,0.000000,0.000000,0.000000,0.000000,0.000000,0.000000,5223.000000,3468.000000,1755.000000,0.000000,5223.000000,0.000000,48.606565,56.431373,0.091645,-0.221117,0.000000,0.000000,LoadingResponse,1.000000,0.000000,0.000000,level walking,
484,2026-05-14 22:59:15,24.200000,2026-5-14_levelground 2_left.csv,level_walking,0.000000,0.000000,2847.000000,621.000000,0.000000,0.000000,0.000000,0.000000,1386.000000,369.000000,0.000000,0.000000,0.000000,0.000000,0.000000,0.000000,0.000000,0.000000,5223.000000,3468.000000,1755.000000,0.000000,5223.000000,0.000000,48.606565,56.431373,0.091645,-0.221117,0.000000,0.000000,LoadingResponse,1.000000,0.000000,0.000000,level walking,
485,2026-05-14 22:59:15,24.250000,2026-5-14_levelground 2_left.csv,level_walking,0.000000,0.000000,2847.000000,621.000000,0.000000,0.000000,0.000000,0.000000,1386.000000,369.000000,0.000000,0.000000,0.000000,0.000000,0.000000,0.000000,0.000000,0.000000,5223.000000,3468.000000,1755.000000,0.000000,5223.000000,0.000000,48.606565,56.431373,0.091645,-0.221117,0.000000,0.000000,LoadingResponse,1.000000,0.000000,0.000000,level walking,
486,2026-05-14 22:59:15,24.300000,2026-5-14_levelground 2_left.csv,level_walking,0.000000,0.000000,2847.000000,621.000000,0.000000,0.000000,0.000000,0.000000,1386.000000,369.000000,0.000000,0.000000,0.000000,0.000000,0.000000,0.000000,0.000000,0.000000,5223.000000,3468.000000,1755.000000,0.000000,5223.000000,0.000000,48.606565,56.431373,0.091645,-0.221117,0.000000,0.000000,LoadingResponse,1.000000,0.000000,0.000000,level walking,
487,2026-05-14 22:59:15,24.350000,2026-5-14_levelground 2_left.csv,level_walking,0.000000,0.000000,2847.000000,621.000000,0.000000,0.000000,0.000000,0.000000,1386.000000,369.000000,0.000000,0.000000,0.000000,0.000000,0.000000,0.000000,0.000000,0.000000,5223.000000,3468.000000,1755.000000,0.000000,5223.000000,0.000000,48.606565,56.431373,0.091645,-0.221117,0.000000,0.000000,LoadingResponse,1.000000,0.000000,0.000000,level walking,
488,2026-05-14 22:59:15,24.400000,2026-5-14_levelground 2_left.csv,level_walking,0.000000,0.000000,2847.000000,621.000000,0.000000,0.000000,0.000000,0.000000,1386.000000,369.000000,0.000000,0.000000,0.000000,0.000000,0.000000,0.000000,0.000000,0.000000,5223.000000,3468.000000,1755.000000,0.000000,5223.000000,0.000000,48.606565,56.431373,0.091645,-0.221117,0.000000,0.000000,LoadingResponse,1.000000,0.000000,0.000000,level walking,
489,2026-05-14 22:59:15,24.450000,2026-5-14_levelground 2_left.csv,level_walking,0.000000,0.000000,2847.000000,621.000000,0.000000,0.000000,0.000000,0.000000,1386.000000,369.000000,0.000000,0.000000,0.000000,0.000000,0.000000,0.000000,0.000000,0.000000,5223.000000,3468.000000,1755.000000,0.000000,5223.000000,0.000000,48.606565,56.431373,0.091645,-0.221117,0.000000,0.000000,LoadingResponse,1.000000,0.000000,0.000000,level walking,
490,2026-05-14 22:59:15,24.500000,2026-5-14_levelground 2_left.csv,level_walking,0.000000,0.000000,2847.000000,621.000000,0.000000,0.000000,0.000000,0.000000,1386.000000,369.000000,0.000000,0.000000,0.000000,0.000000,0.000000,0.000000,0.000000,0.000000,5223.000000,3468.000000,1755.000000,0.000000,5223.000000,0.000000,48.606565,56.431373,0.091645,-0.221117,0.000000,0.000000,LoadingResponse,1.000000,0.000000,0.000000,level walking,
491,2026-05-14 22:59:15,24.550000,2026-5-14_levelground 2_left.csv,level_walking,0.000000,0.000000,2847.000000,621.000000,0.000000,0.000000,0.000000,0.000000,1386.000000,369.000000,0.000000,0.000000,0.000000,0.000000,0.000000,0.000000,0.000000,0.000000,5223.000000,3468.000000,1755.000000,0.000000,5223.000000,0.000000,48.606565,56.431373,0.091645,-0.221117,0.000000,0.000000,LoadingResponse,1.000000,0.000000,0.000000,level walking,
492,2026-05-14 22:59:15,24.600000,2026-5-14_levelground 2_left.csv,level_walking,0.000000,0.000000,2847.000000,621.000000,0.000000,0.000000,0.000000,0.000000,1386.000000,369.000000,0.000000,0.000000,0.000000,0.000000,0.000000,0.000000,0.000000,0.000000,5223.000000,3468.000000,1755.000000,0.000000,5223.000000,0.000000,48.606565,56.431373,0.091645,-0.221117,0.000000,0.000000,LoadingResponse,1.000000,0.000000,0.000000,level walking,
493,2026-05-14 22:59:16,24.650000,2026-5-14_levelground 2_left.csv,level_walking,0.000000,0.000000,2847.000000,621.000000,0.000000,0.000000,0.000000,0.000000,1386.000000,369.000000,0.000000,0.000000,0.000000,0.000000,0.000000,0.000000,0.000000,0.000000,5223.000000,3468.000000,1755.000000,0.000000,5223.000000,0.000000,48.606565,56.431373,0.091645,-0.221117,0.000000,0.000000,LoadingResponse,1.000000,0.000000,0.000000,level walking,
494,2026-05-14 22:59:16,24.700000,2026-5-14_levelground 2_left.csv,level_walking,0.000000,0.000000,2847.000000,621.000000,0.000000,0.000000,0.000000,0.000000,1386.000000,369.000000,0.000000,0.000000,0.000000,0.000000,0.000000,0.000000,0.000000,0.000000,5223.000000,3468.000000,1755.000000,0.000000,5223.000000,0.000000,48.606565,56.431373,0.091645,-0.221117,0.000000,0.000000,LoadingResponse,1.000000,0.000000,0.000000,level walking,
495,2026-05-14 22:59:16,24.750000,2026-5-14_levelground 2_left.csv,level_walking,0.000000,0.000000,2847.000000,621.000000,0.000000,0.000000,0.000000,0.000000,1386.000000,369.000000,0.000000,0.000000,0.000000,0.000000,0.000000,0.000000,0.000000,0.000000,5223.000000,3468.000000,1755.000000,0.000000,5223.000000,0.000000,48.606565,56.431373,0.091645,-0.221117,0.000000,0.000000,LoadingResponse,1.000000,0.000000,0.000000,level walking,
496,2026-05-14 22:59:16,24.800000,2026-5-14_levelground 2_left.csv,level_walking,0.000000,0.000000,2847.000000,621.000000,0.000000,0.000000,0.000000,0.000000,1386.000000,369.000000,0.000000,0.000000,0.000000,0.000000,0.000000,0.000000,0.000000,0.000000,5223.000000,3468.000000,1755.000000,0.000000,5223.000000,0.000000,48.606565,56.431373,0.091645,-0.221117,0.000000,0.000000,LoadingResponse,1.000000,0.000000,0.000000,level walking,
497,2026-05-14 22:59:16,24.850000,2026-5-14_levelground 2_left.csv,level_walking,0.000000,0.000000,2847.000000,621.000000,0.000000,0.000000,0.000000,0.000000,1386.000000,369.000000,0.000000,0.000000,0.000000,0.000000,0.000000,0.000000,0.000000,0.000000,5223.000000,3468.000000,1755.000000,0.000000,5223.000000,0.000000,48.606565,56.431373,0.091645,-0.221117,0.000000,0.000000,LoadingResponse,1.000000,0.000000,0.000000,level walking,
498,2026-05-14 22:59:16,24.900000,2026-5-14_levelground 2_left.csv,level_walking,0.000000,0.000000,2847.000000,621.000000,0.000000,0.000000,0.000000,0.000000,1386.000000,369.000000,0.000000,0.000000,0.000000,0.000000,0.000000,0.000000,0.000000,0.000000,5223.000000,3468.000000,1755.000000,0.000000,5223.000000,0.000000,48.606565,56.431373,0.091645,-0.221117,0.000000,0.000000,LoadingResponse,1.000000,0.000000,0.000000,level walking,
499,2026-05-14 22:59:16,24.950000,2026-5-14_levelground 2_left.csv,level_walking,0.000000,0.000000,2847.000000,621.000000,0.000000,0.000000,0.000000,0.000000,1386.000000,369.000000,0.000000,0.000000,0.000000,0.000000,0.000000,0.000000,0.000000,0.000000,5223.000000,3468.000000,1755.000000,0.000000,5223.000000,0.000000,48.606565,56.431373,0.091645,-0.221117,0.000000,0.000000,LoadingResponse,1.000000,0.000000,0.000000,level walking,
500,2026-05-14 22:59:16,25.000000,2026-5-14_levelground 2_left.csv,level_walking,0.000000,0.000000,3031.000000,521.000000,0.000000,0.000000,0.000000,0.000000,1491.000000,450.000000,0.000000,0.000000,0.000000,0.000000,0.000000,0.000000,0.000000,0.000000,5493.000000,3552.000000,1941.000000,0.000000,5493.000000,0.000000,49.015735,55.985753,0.089578,-0.231396,-0.041353,-0.205587,LoadingResponse,1.000000,0.000000,0.000000,level walking,
501,2026-05-14 22:59:16,25.050000,2026-5-14_levelground 2_left.csv,level_walking,0.000000,0.000000,3031.000000,521.000000,0.000000,0.000000,0.000000,0.000000,1491.000000,450.000000,0.000000,0.000000,0.000000,0.000000,0.000000,0.000000,0.000000,0.000000,5493.000000,3552.000000,1941.000000,0.000000,5493.000000,0.000000,49.015735,55.985753,0.089578,-0.231396,0.000000,0.000000,LoadingResponse,1.000000,0.000000,0.000000,level walking,
502,2026-05-14 22:59:16,25.100000,2026-5-14_levelground 2_left.csv,level_walking,0.000000,0.000000,3041.000000,520.000000,0.000000,0.000000,0.000000,0.000000,1550.000000,497.000000,0.000000,0.000000,0.000000,0.000000,0.000000,0.000000,0.000000,0.000000,5608.000000,3561.000000,2047.000000,0.000000,5608.000000,0.000000,49.290687,56.145421,0.090318,-0.238304,0.014817,-0.138149,LoadingResponse,1.000000,0.000000,0.000000,level walking,
503,2026-05-14 22:59:16,25.150000,2026-5-14_levelground 2_left.csv,level_walking,0.000000,0.000000,3016.000000,519.000000,0.000000,0.000000,0.000000,0.000000,1576.000000,500.000000,0.000000,0.000000,0.000000,0.000000,0.000000,0.000000,0.000000,0.000000,5611.000000,3535.000000,2076.000000,0.000000,5611.000000,0.000000,49.408006,56.154472,0.090360,-0.241251,0.000840,-0.058947,LoadingResponse,1.000000,0.000000,0.000000,level walking,
504,2026-05-14 22:59:16,25.200000,2026-5-14_levelground 2_left.csv,level_walking,0.000000,0.000000,2393.000000,0.000000,0.000000,0.000000,0.000000,0.000000,1532.000000,90.000000,0.000000,0.000000,0.000000,0.000000,0.000000,0.000000,0.000000,0.000000,4015.000000,2393.000000,1622.000000,0.000000,4015.000000,0.000000,50.210007,50.601868,0.064597,-0.261400,-0.515275,-0.402965,LoadingResponse,1.000000,0.000000,0.000000,level walking,
505,2026-05-14 22:59:16,25.250000,2026-5-14_levelground 2_left.csv,level_walking,0.000000,0.000000,2403.000000,0.000000,0.000000,0.000000,0.000000,0.000000,1554.000000,90.000000,0.000000,0.000000,0.000000,0.000000,0.000000,0.000000,0.000000,0.000000,4047.000000,2403.000000,1644.000000,0.000000,4047.000000,0.000000,50.262891,50.595686,0.064568,-0.262728,-0.000574,-0.026571,LoadingResponse,1.000000,0.000000,0.000000,level walking,
506,2026-05-14 22:59:16,25.300000,2026-5-14_levelground 2_left.csv,level_walking,0.000000,0.000000,2405.000000,0.000000,0.000000,0.000000,0.000000,0.000000,1554.000000,90.000000,0.000000,0.000000,0.000000,0.000000,0.000000,0.000000,0.000000,0.000000,4049.000000,2405.000000,1644.000000,0.000000,4049.000000,0.000000,50.258158,50.595303,0.064566,-0.262609,-0.000036,0.002378,LoadingResponse,1.000000,0.000000,0.000000,level walking,
507,2026-05-14 22:59:16,25.350000,2026-5-14_levelground 2_left.csv,level_walking,0.000000,0.000000,2405.000000,0.000000,0.000000,0.000000,0.000000,0.000000,1554.000000,90.000000,0.000000,0.000000,0.000000,0.000000,0.000000,0.000000,0.000000,0.000000,4049.000000,2405.000000,1644.000000,0.000000,4049.000000,0.000000,50.258158,50.595303,0.064566,-0.262609,0.000000,0.000000,LoadingResponse,1.000000,0.000000,0.000000,level walking,
508,2026-05-14 22:59:16,25.400000,2026-5-14_levelground 2_left.csv,level_walking,0.000000,0.000000,2404.000000,0.000000,0.000000,0.000000,0.000000,0.000000,1545.000000,90.000000,0.000000,0.000000,0.000000,0.000000,0.000000,0.000000,0.000000,0.000000,4039.000000,2404.000000,1635.000000,0.000000,4039.000000,0.000000,50.229307,50.597222,0.064575,-0.261884,0.000178,0.014496,LoadingResponse,1.000000,0.000000,0.000000,level walking,
509,2026-05-14 22:59:16,25.450000,2026-5-14_levelground 2_left.csv,level_walking,0.000000,0.000000,2404.000000,0.000000,0.000000,0.000000,0.000000,0.000000,1554.000000,90.000000,0.000000,0.000000,0.000000,0.000000,0.000000,0.000000,0.000000,0.000000,4048.000000,2404.000000,1644.000000,0.000000,4048.000000,0.000000,50.260524,50.595494,0.064567,-0.262669,-0.000160,-0.015685,LoadingResponse,1.000000,0.000000,0.000000,level walking,
510,2026-05-14 22:59:16,25.500000,2026-5-14_levelground 2_left.csv,level_walking,0.000000,0.000000,2408.000000,0.000000,0.000000,0.000000,0.000000,0.000000,1545.000000,90.000000,0.000000,0.000000,0.000000,0.000000,0.000000,0.000000,0.000000,0.000000,4043.000000,2408.000000,1635.000000,0.000000,4043.000000,0.000000,50.219859,50.596453,0.064572,-0.261647,0.000089,0.020432,LoadingResponse,1.000000,0.000000,0.000000,level walking,
511,2026-05-14 22:59:16,25.550000,2026-5-14_levelground 2_left.csv,level_walking,0.000000,0.000000,2405.000000,0.000000,0.000000,0.000000,0.000000,0.000000,1555.000000,90.000000,0.000000,0.000000,0.000000,0.000000,0.000000,0.000000,0.000000,0.000000,4050.000000,2405.000000,1645.000000,0.000000,4050.000000,0.000000,50.261617,50.595111,0.064565,-0.262696,-0.000125,-0.020981,LoadingResponse,1.000000,0.000000,0.000000,level walking,
512,2026-05-14 22:59:16,25.600000,2026-5-14_levelground 2_left.csv,level_walking,0.000000,0.000000,2404.000000,0.000000,0.000000,0.000000,0.000000,0.000000,1554.000000,79.000000,0.000000,0.000000,0.000000,0.000000,0.000000,0.000000,0.000000,0.000000,4037.000000,2404.000000,1633.000000,0.000000,4037.000000,0.000000,50.222351,50.502566,0.064136,-0.261710,-0.008588,0.019729,LoadingResponse,1.000000,0.000000,0.000000,level walking,
513,2026-05-14 22:59:17,25.650000,2026-5-14_levelground 2_left.csv,level_walking,0.000000,0.000000,2416.000000,0.000000,0.000000,0.000000,0.000000,0.000000,1554.000000,79.000000,0.000000,0.000000,0.000000,0.000000,0.000000,0.000000,0.000000,0.000000,4049.000000,2416.000000,1633.000000,0.000000,4049.000000,0.000000,50.194070,50.500543,0.064127,-0.260999,-0.000188,0.014210,LoadingResponse,1.000000,0.000000,0.000000,level walking,
514,2026-05-14 22:59:17,25.700000,2026-5-14_levelground 2_left.csv,level_walking,0.000000,0.000000,2416.000000,0.000000,0.000000,0.000000,0.000000,0.000000,1554.000000,79.000000,0.000000,0.000000,0.000000,0.000000,0.000000,0.000000,0.000000,0.000000,4049.000000,2416.000000,1633.000000,0.000000,4049.000000,0.000000,50.194070,50.500543,0.064127,-0.260999,0.000000,0.000000,LoadingResponse,1.000000,0.000000,0.000000,level walking,
515,2026-05-14 22:59:17,25.750000,2026-5-14_levelground 2_left.csv,level_walking,0.000000,0.000000,2416.000000,0.000000,0.000000,0.000000,0.000000,0.000000,1554.000000,79.000000,0.000000,0.000000,0.000000,0.000000,0.000000,0.000000,0.000000,0.000000,4049.000000,2416.000000,1633.000000,0.000000,4049.000000,0.000000,50.194070,50.500543,0.064127,-0.260999,0.000000,0.000000,LoadingResponse,1.000000,0.000000,0.000000,level walking,
516,2026-05-14 22:59:17,25.800000,2026-5-14_levelground 2_left.csv,level_walking,0.000000,0.000000,2384.000000,0.000000,0.000000,0.000000,0.000000,0.000000,1553.000000,78.000000,0.000000,0.000000,0.000000,0.000000,0.000000,0.000000,0.000000,0.000000,4015.000000,2384.000000,1631.000000,0.000000,4015.000000,0.000000,50.262887,50.497619,0.064113,-0.262728,-0.000271,-0.034577,LoadingResponse,1.000000,0.000000,0.000000,level walking,
517,2026-05-14 22:59:17,25.850000,2026-5-14_levelground 2_left.csv,level_walking,0.000000,0.000000,2406.000000,1.000000,0.000000,0.000000,0.000000,0.000000,1531.000000,78.000000,0.000000,0.000000,0.000000,0.000000,0.000000,0.000000,0.000000,0.000000,4016.000000,2407.000000,1609.000000,0.000000,4016.000000,0.000000,50.131272,50.506135,0.064152,-0.259421,0.000790,0.066130,LoadingResponse,1.000000,0.000000,0.000000,level walking,
518,2026-05-14 22:59:17,25.900000,2026-5-14_levelground 2_left.csv,level_walking,0.000000,0.000000,2419.000000,12.000000,0.000000,0.000000,0.000000,0.000000,1554.000000,100.000000,0.000000,0.000000,0.000000,0.000000,0.000000,0.000000,0.000000,0.000000,4085.000000,2431.000000,1654.000000,0.000000,4085.000000,0.000000,50.231496,50.776318,0.065406,-0.261939,0.025073,-0.050357,LoadingResponse,1.000000,0.000000,0.000000,level walking,
519,2026-05-14 22:59:17,25.950000,2026-5-14_levelground 2_left.csv,level_walking,0.000000,0.000000,2408.000000,1.000000,0.000000,0.000000,0.000000,0.000000,1565.000000,90.000000,0.000000,0.000000,0.000000,0.000000,0.000000,0.000000,0.000000,0.000000,4064.000000,2409.000000,1655.000000,0.000000,4064.000000,0.000000,50.286656,50.601024,0.064593,-0.263325,-0.016267,-0.027715,LoadingResponse,1.000000,0.000000,0.000000,level walking,
520,2026-05-14 22:59:17,26.000000,2026-5-14_levelground 2_left.csv,level_walking,0.000000,0.000000,2416.000000,0.000000,0.000000,0.000000,0.000000,0.000000,1552.000000,99.000000,0.000000,0.000000,0.000000,0.000000,0.000000,0.000000,0.000000,0.000000,4067.000000,2416.000000,1651.000000,0.000000,4067.000000,0.000000,50.256368,50.669058,0.064908,-0.262564,0.006314,0.015218,LoadingResponse,1.000000,0.000000,0.000000,level walking,
521,2026-05-14 22:59:17,26.050000,2026-5-14_levelground 2_left.csv,level_walking,0.000000,0.000000,2416.000000,0.000000,0.000000,0.000000,0.000000,0.000000,1552.000000,99.000000,0.000000,0.000000,0.000000,0.000000,0.000000,0.000000,0.000000,0.000000,4067.000000,2416.000000,1651.000000,0.000000,4067.000000,0.000000,50.256368,50.669058,0.064908,-0.262564,0.000000,0.000000,LoadingResponse,1.000000,0.000000,0.000000,level walking,
522,2026-05-14 22:59:17,26.100000,2026-5-14_levelground 2_left.csv,level_walking,0.000000,0.000000,2404.000000,0.000000,0.000000,0.000000,0.000000,0.000000,1567.000000,102.000000,0.000000,0.000000,0.000000,0.000000,0.000000,0.000000,0.000000,0.000000,4073.000000,2404.000000,1669.000000,0.000000,4073.000000,0.000000,50.346514,50.693499,0.065022,-0.264829,0.002268,-0.045293,LoadingResponse,1.000000,0.000000,0.000000,level walking,
523,2026-05-14 22:59:17,26.150000,2026-5-14_levelground 2_left.csv,level_walking,0.000000,0.000000,2403.000000,0.000000,0.000000,0.000000,0.000000,0.000000,1554.000000,90.000000,0.000000,0.000000,0.000000,0.000000,0.000000,0.000000,0.000000,0.000000,4047.000000,2403.000000,1644.000000,0.000000,4047.000000,0.000000,50.262891,50.595686,0.064568,-0.262728,-0.009077,0.042016,LoadingResponse,1.000000,0.000000,0.000000,level walking,
524,2026-05-14 22:59:17,26.200000,2026-5-14_levelground 2_left.csv,level_walking,0.000000,0.000000,2401.000000,0.000000,0.000000,0.000000,0.000000,0.000000,1555.000000,101.000000,0.000000,0.000000,0.000000,0.000000,0.000000,0.000000,0.000000,0.000000,4057.000000,2401.000000,1656.000000,0.000000,4057.000000,0.000000,50.309046,50.688346,0.064998,-0.263888,0.008599,-0.023191,LoadingResponse,1.000000,0.000000,0.000000,level walking,
525,2026-05-14 22:59:17,26.250000,2026-5-14_levelground 2_left.csv,level_walking,0.000000,0.000000,2379.000000,0.000000,0.000000,0.000000,0.000000,0.000000,1544.000000,100.000000,0.000000,0.000000,0.000000,0.000000,0.000000,0.000000,0.000000,0.000000,4023.000000,2379.000000,1644.000000,0.000000,4023.000000,0.000000,50.320060,50.687015,0.064992,-0.264164,-0.000124,-0.005534,LoadingResponse,1.000000,0.000000,0.000000,level walking,
526,2026-05-14 22:59:17,26.300000,2026-5-14_levelground 2_left.csv,level_walking,0.000000,0.000000,2414.000000,0.000000,0.000000,0.000000,0.000000,0.000000,1521.000000,90.000000,0.000000,0.000000,0.000000,0.000000,0.000000,0.000000,0.000000,0.000000,4025.000000,2414.000000,1611.000000,0.000000,4025.000000,0.000000,50.121861,50.599925,0.064588,-0.259185,-0.008082,0.099585,LoadingResponse,1.000000,0.000000,0.000000,level walking,
527,2026-05-14 22:59:17,26.350000,2026-5-14_levelground 2_left.csv,level_walking,0.000000,0.000000,2414.000000,0.000000,0.000000,0.000000,0.000000,0.000000,1521.000000,90.000000,0.000000,0.000000,0.000000,0.000000,0.000000,0.000000,0.000000,0.000000,4025.000000,2414.000000,1611.000000,0.000000,4025.000000,0.000000,50.121861,50.599925,0.064588,-0.259185,0.000000,0.000000,LoadingResponse,1.000000,0.000000,0.000000,level walking,
528,2026-05-14 22:59:17,26.400000,2026-5-14_levelground 2_left.csv,level_walking,0.000000,0.000000,2417.000000,0.000000,0.000000,0.000000,0.000000,0.000000,1554.000000,90.000000,0.000000,0.000000,0.000000,0.000000,0.000000,0.000000,0.000000,0.000000,4061.000000,2417.000000,1644.000000,0.000000,4061.000000,0.000000,50.229855,50.593012,0.064556,-0.261898,-0.000642,-0.054261,LoadingResponse,1.000000,0.000000,0.000000,level walking,
529,2026-05-14 22:59:17,26.450000,2026-5-14_levelground 2_left.csv,level_walking,0.000000,0.000000,2415.000000,0.000000,0.000000,0.000000,0.000000,0.000000,1553.000000,89.000000,0.000000,0.000000,0.000000,0.000000,0.000000,0.000000,0.000000,0.000000,4057.000000,2415.000000,1642.000000,0.000000,4057.000000,0.000000,50.227641,50.585176,0.064519,-0.261843,-0.000727,0.001112,LoadingResponse,1.000000,0.000000,0.000000,level walking,
530,2026-05-14 22:59:17,26.500000,2026-5-14_levelground 2_left.csv,level_walking,0.000000,0.000000,2419.000000,1.000000,0.000000,0.000000,0.000000,0.000000,1551.000000,88.000000,0.000000,0.000000,0.000000,0.000000,0.000000,0.000000,0.000000,0.000000,4059.000000,2420.000000,1639.000000,0.000000,4059.000000,0.000000,50.205501,50.584799,0.064517,-0.261286,-0.000035,0.011124,LoadingResponse,1.000000,0.000000,0.000000,level walking,
531,2026-05-14 22:59:17,26.550000,2026-5-14_levelground 2_left.csv,level_walking,0.000000,0.000000,2417.000000,1.000000,0.000000,0.000000,0.000000,0.000000,1553.000000,89.000000,0.000000,0.000000,0.000000,0.000000,0.000000,0.000000,0.000000,0.000000,4060.000000,2418.000000,1642.000000,0.000000,4060.000000,0.000000,50.220586,50.593202,0.064556,-0.261665,0.000780,-0.007579,LoadingResponse,1.000000,0.000000,0.000000,level walking,
532,2026-05-14 22:59:17,26.600000,2026-5-14_levelground 2_left.csv,level_walking,0.000000,0.000000,2417.000000,1.000000,0.000000,0.000000,0.000000,0.000000,1543.000000,100.000000,0.000000,0.000000,0.000000,0.000000,0.000000,0.000000,0.000000,0.000000,4061.000000,2418.000000,1643.000000,0.000000,4061.000000,0.000000,50.224046,50.687491,0.064994,-0.261752,0.008750,-0.001738,LoadingResponse,1.000000,0.000000,0.000000,level walking,
533,2026-05-14 22:59:18,26.650000,2026-5-14_levelground 2_left.csv,level_walking,0.000000,0.000000,2417.000000,1.000000,0.000000,0.000000,0.000000,0.000000,1544.000000,100.000000,0.000000,0.000000,0.000000,0.000000,0.000000,0.000000,0.000000,0.000000,4062.000000,2418.000000,1644.000000,0.000000,4062.000000,0.000000,50.227504,50.687277,0.064993,-0.261839,-0.000020,-0.001737,LoadingResponse,1.000000,0.000000,0.000000,level walking,
534,2026-05-14 22:59:18,26.700000,2026-5-14_levelground 2_left.csv,level_walking,0.000000,0.000000,2417.000000,1.000000,0.000000,0.000000,0.000000,0.000000,1544.000000,100.000000,0.000000,0.000000,0.000000,0.000000,0.000000,0.000000,0.000000,0.000000,4062.000000,2418.000000,1644.000000,0.000000,4062.000000,0.000000,50.227504,50.687277,0.064993,-0.261839,0.000000,0.000000,LoadingResponse,1.000000,0.000000,0.000000,level walking,
535,2026-05-14 22:59:18,26.750000,2026-5-14_levelground 2_left.csv,level_walking,0.000000,0.000000,2382.000000,0.000000,0.000000,0.000000,0.000000,0.000000,1545.000000,101.000000,0.000000,0.000000,0.000000,0.000000,0.000000,0.000000,0.000000,0.000000,4028.000000,2382.000000,1646.000000,0.000000,4028.000000,0.000000,50.319806,50.694598,0.065027,-0.264158,0.000679,-0.046377,LoadingResponse,1.000000,0.000000,0.000000,level walking,
536,2026-05-14 22:59:18,26.800000,2026-5-14_levelground 2_left.csv,level_walking,0.000000,0.000000,2416.000000,0.000000,0.000000,0.000000,0.000000,0.000000,1554.000000,111.000000,0.000000,0.000000,0.000000,0.000000,0.000000,0.000000,0.000000,0.000000,4081.000000,2416.000000,1665.000000,0.000000,4081.000000,0.000000,50.304443,50.768709,0.065371,-0.263772,0.006877,0.007720,LoadingResponse,1.000000,0.000000,0.000000,level walking,
537,2026-05-14 22:59:18,26.850000,2026-5-14_levelground 2_left.csv,level_walking,0.000000,0.000000,2419.000000,12.000000,0.000000,0.000000,0.000000,0.000000,1544.000000,100.000000,0.000000,0.000000,0.000000,0.000000,0.000000,0.000000,0.000000,0.000000,4075.000000,2431.000000,1644.000000,0.000000,4075.000000,0.000000,50.197045,50.778665,0.065417,-0.261074,0.000924,0.053962,LoadingResponse,1.000000,0.000000,0.000000,level walking,
538,2026-05-14 22:59:18,26.900000,2026-5-14_levelground 2_left.csv,level_walking,0.000000,0.000000,2362.000000,12.000000,0.000000,0.000000,0.000000,0.000000,1462.000000,87.000000,0.000000,0.000000,0.000000,0.000000,0.000000,0.000000,0.000000,0.000000,3923.000000,2374.000000,1549.000000,0.000000,3923.000000,0.000000,49.994532,50.700224,0.065053,-0.255986,-0.007279,0.101753,LoadingResponse,1.000000,0.000000,0.000000,level walking,
539,2026-05-14 22:59:18,26.950000,2026-5-14_levelground 2_left.csv,level_walking,0.000000,0.000000,2471.000000,77.000000,0.000000,0.000000,0.000000,0.000000,1555.000000,118.000000,0.000000,0.000000,0.000000,0.000000,0.000000,0.000000,0.000000,0.000000,4221.000000,2548.000000,1673.000000,0.000000,4221.000000,0.000000,50.029934,51.431372,0.068445,-0.256876,0.067850,-0.017787,LoadingResponse,1.000000,0.000000,0.000000,level walking,
540,2026-05-14 22:59:18,27.000000,2026-5-14_levelground 2_left.csv,level_walking,0.000000,0.000000,2471.000000,77.000000,0.000000,0.000000,0.000000,0.000000,1555.000000,118.000000,0.000000,0.000000,0.000000,0.000000,0.000000,0.000000,0.000000,0.000000,4221.000000,2548.000000,1673.000000,0.000000,4221.000000,0.000000,50.029934,51.431372,0.068445,-0.256876,0.000000,0.000000,LoadingResponse,1.000000,0.000000,0.000000,level walking,
541,2026-05-14 22:59:18,27.050000,2026-5-14_levelground 2_left.csv,level_walking,0.000000,0.000000,3172.000000,546.000000,0.000000,0.000000,0.000000,0.000000,2052.000000,446.000000,0.000000,0.000000,0.000000,0.000000,0.000000,0.000000,0.000000,0.000000,6216.000000,3718.000000,2498.000000,0.000000,6216.000000,0.000000,50.160023,55.386435,0.086797,-0.260144,0.367025,-0.065363,LoadingResponse,1.000000,0.000000,0.000000,level walking,
542,2026-05-14 22:59:18,27.100000,2026-5-14_levelground 2_left.csv,level_walking,0.000000,0.000000,3767.000000,879.000000,0.000000,0.000000,0.000000,0.000000,2408.000000,745.000000,0.000000,0.000000,0.000000,0.000000,0.000000,0.000000,0.000000,0.000000,7799.000000,4646.000000,3153.000000,0.000000,7799.000000,0.000000,50.217027,57.083126,0.094669,-0.261576,0.157451,-0.028642,LoadingResponse,1.000000,0.000000,0.000000,level walking,
543,2026-05-14 22:59:18,27.150000,2026-5-14_levelground 2_left.csv,level_walking,0.000000,0.000000,4226.000000,1158.000000,0.000000,0.000000,0.000000,0.000000,2693.000000,877.000000,0.000000,0.000000,0.000000,0.000000,0.000000,0.000000,0.000000,0.000000,8954.000000,5384.000000,3570.000000,0.000000,8954.000000,0.000000,50.085439,57.747273,0.097751,-0.258270,0.061632,0.066116,LoadingResponse,1.000000,0.000000,0.000000,level walking,
544,2026-05-14 22:59:18,27.200000,2026-5-14_levelground 2_left.csv,level_walking,0.000000,0.000000,4226.000000,1158.000000,0.000000,0.000000,0.000000,0.000000,2693.000000,877.000000,0.000000,0.000000,0.000000,0.000000,0.000000,0.000000,0.000000,0.000000,8954.000000,5384.000000,3570.000000,0.000000,8954.000000,0.000000,50.085439,57.747273,0.097751,-0.258270,0.000000,0.000000,LoadingResponse,1.000000,0.000000,0.000000,level walking,
545,2026-05-14 22:59:18,27.250000,2026-5-14_levelground 2_left.csv,level_walking,0.000000,0.000000,4848.000000,1647.000000,0.000000,0.000000,0.000000,0.000000,3117.000000,1249.000000,0.000000,0.000000,0.000000,0.000000,0.000000,0.000000,0.000000,0.000000,10861.000000,6495.000000,4366.000000,0.000000,10861.000000,0.000000,50.162915,59.120477,0.104122,-0.260216,0.127432,-0.038928,LoadingResponse,1.000000,0.000000,0.000000,level walking,
546,2026-05-14 22:59:18,27.300000,2026-5-14_levelground 2_left.csv,level_walking,0.000000,0.000000,5042.000000,1728.000000,0.000000,0.000000,0.000000,0.000000,3221.000000,1346.000000,0.000000,0.000000,0.000000,0.000000,0.000000,0.000000,0.000000,0.000000,11337.000000,6770.000000,4567.000000,0.000000,11337.000000,0.000000,50.183002,59.277627,0.104852,-0.260721,0.014583,-0.010093,LoadingResponse,1.000000,0.000000,0.000000,level walking,
547,2026-05-14 22:59:18,27.350000,2026-5-14_levelground 2_left.csv,level_walking,0.000000,0.000000,5105.000000,1753.000000,0.000000,0.000000,0.000000,0.000000,3238.000000,1342.000000,0.000000,0.000000,0.000000,0.000000,0.000000,0.000000,0.000000,0.000000,11438.000000,6858.000000,4580.000000,0.000000,11438.000000,0.000000,50.125900,59.258154,0.104761,-0.259287,-0.001807,0.028691,LoadingResponse,1.000000,0.000000,0.000000,level walking,
548,2026-05-14 22:59:18,27.400000,2026-5-14_levelground 2_left.csv,level_walking,0.000000,0.000000,5105.000000,1753.000000,0.000000,0.000000,0.000000,0.000000,3238.000000,1342.000000,0.000000,0.000000,0.000000,0.000000,0.000000,0.000000,0.000000,0.000000,11438.000000,6858.000000,4580.000000,0.000000,11438.000000,0.000000,50.125900,59.258154,0.104761,-0.259287,0.000000,0.000000,LoadingResponse,1.000000,0.000000,0.000000,level walking,
549,2026-05-14 22:59:18,27.450000,2026-5-14_levelground 2_left.csv,level_walking,0.000000,0.000000,5060.000000,1724.000000,0.000000,0.000000,0.000000,0.000000,3268.000000,1358.000000,0.000000,0.000000,0.000000,0.000000,0.000000,0.000000,0.000000,0.000000,11410.000000,6784.000000,4626.000000,0.000000,11410.000000,0.000000,50.244184,59.241574,0.104684,-0.262258,-0.001539,-0.059432,LoadingResponse,1.000000,0.000000,0.000000,level walking,
550,2026-05-14 22:59:18,27.500000,2026-5-14_levelground 2_left.csv,level_walking,0.000000,0.000000,5145.000000,1742.000000,0.000000,0.000000,0.000000,0.000000,3264.000000,1379.000000,0.000000,0.000000,0.000000,0.000000,0.000000,0.000000,0.000000,0.000000,11530.000000,6887.000000,4643.000000,0.000000,11530.000000,0.000000,50.179425,59.261499,0.104777,-0.260631,0.001849,0.032538,LoadingResponse,1.000000,0.000000,0.000000,level walking,
551,2026-05-14 22:59:18,27.550000,2026-5-14_levelground 2_left.csv,level_walking,0.000000,0.000000,5145.000000,1742.000000,0.000000,0.000000,0.000000,0.000000,3264.000000,1379.000000,0.000000,0.000000,0.000000,0.000000,0.000000,0.000000,0.000000,0.000000,11530.000000,6887.000000,4643.000000,0.000000,11530.000000,0.000000,50.179425,59.261499,0.104777,-0.260631,0.000000,0.000000,LoadingResponse,1.000000,0.000000,0.000000,level walking,
552,2026-05-14 22:59:18,27.600000,2026-5-14_levelground 2_left.csv,level_walking,0.000000,0.000000,5145.000000,1742.000000,0.000000,0.000000,0.000000,0.000000,3264.000000,1379.000000,0.000000,0.000000,0.000000,0.000000,0.000000,0.000000,0.000000,0.000000,11530.000000,6887.000000,4643.000000,0.000000,11530.000000,0.000000,50.179425,59.261499,0.104777,-0.260631,0.000000,0.000000,LoadingResponse,1.000000,0.000000,0.000000,level walking,
553,2026-05-14 22:59:19,27.650000,2026-5-14_levelground 2_left.csv,level_walking,0.000000,0.000000,3250.000000,510.000000,0.000000,0.000000,0.000000,0.000000,2463.000000,821.000000,0.000000,0.000000,0.000000,0.000000,0.000000,0.000000,0.000000,0.000000,7044.000000,3760.000000,3284.000000,0.000000,7044.000000,0.000000,51.677950,56.410755,0.091550,-0.298278,-0.264546,-0.752933,LoadingResponse,1.000000,0.000000,0.000000,level walking,
554,2026-05-14 22:59:19,27.700000,2026-5-14_levelground 2_left.csv,level_walking,0.000000,0.000000,2700.000000,91.000000,0.000000,0.000000,0.000000,0.000000,2187.000000,648.000000,0.000000,0.000000,0.000000,0.000000,0.000000,0.000000,0.000000,0.000000,5626.000000,2791.000000,2835.000000,0.000000,5626.000000,0.000000,52.567247,54.401642,0.082227,-0.320619,-0.186443,-0.446827,LoadingResponse,1.000000,0.000000,0.000000,level walking,
555,2026-05-14 22:59:19,27.750000,2026-5-14_levelground 2_left.csv,level_walking,0.000000,0.000000,2700.000000,91.000000,0.000000,0.000000,0.000000,0.000000,2187.000000,648.000000,0.000000,0.000000,0.000000,0.000000,0.000000,0.000000,0.000000,0.000000,5626.000000,2791.000000,2835.000000,0.000000,5626.000000,0.000000,52.567247,54.401642,0.082227,-0.320619,0.000000,0.000000,LoadingResponse,1.000000,0.000000,0.000000,level walking,
556,2026-05-14 22:59:19,27.800000,2026-5-14_levelground 2_left.csv,level_walking,0.000000,0.000000,2023.000000,0.000000,0.000000,0.000000,0.000000,0.000000,1608.000000,122.000000,0.000000,0.000000,0.000000,0.000000,0.000000,0.000000,0.000000,0.000000,3753.000000,2023.000000,1730.000000,0.000000,3753.000000,0.000000,51.554154,50.953856,0.066230,-0.295168,-0.319951,0.509028,LoadingResponse,1.000000,0.000000,0.000000,level walking,
557,2026-05-14 22:59:19,27.850000,2026-5-14_levelground 2_left.csv,level_walking,0.000000,0.000000,1288.000000,0.000000,0.000000,0.000000,0.000000,0.000000,921.000000,0.000000,0.000000,0.000000,0.000000,0.000000,0.000000,0.000000,0.000000,0.000000,2209.000000,1288.000000,921.000000,0.000000,2209.000000,0.000000,50.515396,49.820000,0.060969,-0.269072,-0.105220,0.521923,LoadingResponse,1.000000,0.000000,0.000000,level walking,
558,2026-05-14 22:59:19,27.900000,2026-5-14_levelground 2_left.csv,level_walking,0.000000,0.000000,537.000000,0.000000,0.000000,0.000000,0.000000,0.000000,154.000000,0.000000,0.000000,0.000000,0.000000,0.000000,0.000000,0.000000,0.000000,0.000000,691.000000,537.000000,154.000000,0.000000,691.000000,0.000000,45.937395,49.820000,0.060969,-0.154061,-0.000000,2.300214,LoadingResponse,1.000000,0.000000,0.000000,level walking,
559,2026-05-14 22:59:19,27.950000,2026-5-14_levelground 2_left.csv,level_walking,0.000000,0.000000,537.000000,0.000000,0.000000,0.000000,0.000000,0.000000,154.000000,0.000000,0.000000,0.000000,0.000000,0.000000,0.000000,0.000000,0.000000,0.000000,691.000000,537.000000,154.000000,0.000000,691.000000,0.000000,45.937395,49.820000,0.060969,-0.154061,0.000000,0.000000,LoadingResponse,1.000000,0.000000,0.000000,level walking,
560,2026-05-14 22:59:19,28.000000,2026-5-14_levelground 2_left.csv,level_walking,0.000000,0.000000,491.000000,0.000000,0.000000,0.000000,0.000000,0.000000,108.000000,0.000000,0.000000,0.000000,0.000000,0.000000,0.000000,0.000000,0.000000,0.000000,599.000000,491.000000,108.000000,0.000000,599.000000,0.000000,0.000000,0.000000,0.000000,0.000000,0.000000,0.000000,Swing,0.000000,0.000000,0.000000,level walking,cop_invalid
561,2026-05-14 22:59:19,28.050000,2026-5-14_levelground 2_left.csv,level_walking,0.000000,0.000000,526.000000,0.000000,0.000000,0.000000,0.000000,0.000000,109.000000,0.000000,0.000000,0.000000,0.000000,0.000000,0.000000,0.000000,0.000000,0.000000,635.000000,526.000000,109.000000,0.000000,635.000000,0.000000,0.000000,0.000000,0.000000,0.000000,0.000000,0.000000,Swing,0.000000,0.000000,0.000000,level walking,cop_invalid
562,2026-05-14 22:59:19,28.100000,2026-5-14_levelground 2_left.csv,level_walking,0.000000,0.000000,524.000000,0.000000,0.000000,0.000000,0.000000,0.000000,134.000000,0.000000,0.000000,0.000000,0.000000,0.000000,0.000000,0.000000,0.000000,0.000000,658.000000,524.000000,134.000000,0.000000,658.000000,0.000000,0.000000,0.000000,0.000000,0.000000,0.000000,0.000000,Swing,0.000000,0.000000,0.000000,level walking,cop_invalid
563,2026-05-14 22:59:19,28.150000,2026-5-14_levelground 2_left.csv,level_walking,0.000000,0.000000,895.000000,0.000000,0.000000,0.000000,0.000000,0.000000,338.000000,0.000000,0.000000,0.000000,0.000000,0.000000,0.000000,0.000000,0.000000,0.000000,1233.000000,895.000000,338.000000,0.000000,1233.000000,0.000000,0.000000,0.000000,0.000000,0.000000,0.000000,0.000000,Swing,0.000000,0.000000,0.000000,level walking,cop_invalid
564,2026-05-14 22:59:19,28.200000,2026-5-14_levelground 2_left.csv,level_walking,0.000000,0.000000,1885.000000,0.000000,0.000000,0.000000,0.000000,0.000000,917.000000,0.000000,0.000000,0.000000,0.000000,0.000000,0.000000,0.000000,0.000000,0.000000,2802.000000,1885.000000,917.000000,0.000000,2802.000000,0.000000,0.000000,0.000000,0.000000,0.000000,0.000000,0.000000,Swing,0.000000,0.000000,0.000000,level walking,cop_invalid
565,2026-05-14 22:59:19,28.250000,2026-5-14_levelground 2_left.csv,level_walking,0.000000,0.000000,2244.000000,0.000000,0.000000,0.000000,0.000000,0.000000,1088.000000,0.000000,0.000000,0.000000,0.000000,0.000000,0.000000,0.000000,0.000000,0.000000,3332.000000,2244.000000,1088.000000,0.000000,3332.000000,0.000000,0.000000,0.000000,0.000000,0.000000,0.000000,0.000000,Swing,0.000000,0.000000,0.000000,level walking,cop_invalid
566,2026-05-14 22:59:19,28.300000,2026-5-14_levelground 2_left.csv,level_walking,0.000000,0.000000,2244.000000,0.000000,0.000000,0.000000,0.000000,0.000000,1088.000000,0.000000,0.000000,0.000000,0.000000,0.000000,0.000000,0.000000,0.000000,0.000000,3332.000000,2244.000000,1088.000000,0.000000,3332.000000,0.000000,48.382857,49.820000,0.060969,-0.215497,0.000000,0.000000,InitialContact,0.000000,0.000000,0.000000,level walking,
567,2026-05-14 22:59:19,28.350000,2026-5-14_levelground 2_left.csv,level_walking,0.000000,0.000000,3031.000000,169.000000,0.000000,0.000000,0.000000,0.000000,1553.000000,0.000000,0.000000,0.000000,0.000000,0.000000,0.000000,0.000000,0.000000,0.000000,4753.000000,3200.000000,1553.000000,0.000000,4753.000000,0.000000,48.387820,51.060210,0.066723,-0.215622,0.115090,-0.002494,InitialContact,0.076923,0.000000,0.000000,level walking,
568,2026-05-14 22:59:19,28.400000,2026-5-14_levelground 2_left.csv,level_walking,0.000000,0.000000,3275.000000,305.000000,0.000000,0.000000,0.000000,0.000000,1529.000000,0.000000,0.000000,0.000000,0.000000,0.000000,0.000000,0.000000,0.000000,0.000000,5109.000000,3580.000000,1529.000000,0.000000,5109.000000,0.000000,47.739916,51.902286,0.070631,-0.199345,0.078144,0.325539,LoadingResponse,0.153846,0.000000,0.000000,level walking,
569,2026-05-14 22:59:19,28.450000,2026-5-14_levelground 2_left.csv,level_walking,0.000000,0.000000,3784.000000,566.000000,0.000000,0.000000,0.000000,0.000000,1915.000000,174.000000,0.000000,0.000000,0.000000,0.000000,0.000000,0.000000,0.000000,0.000000,6439.000000,4350.000000,2089.000000,0.000000,6439.000000,0.000000,48.333286,53.828573,0.079568,-0.214252,0.178757,-0.298139,LoadingResponse,0.230769,0.000000,0.000000,level walking,
570,2026-05-14 22:59:19,28.500000,2026-5-14_levelground 2_left.csv,level_walking,0.000000,0.000000,4513.000000,1135.000000,0.000000,0.000000,0.000000,0.000000,2392.000000,523.000000,0.000000,0.000000,0.000000,0.000000,0.000000,0.000000,0.000000,0.000000,8563.000000,5648.000000,2915.000000,0.000000,8563.000000,0.000000,48.710462,56.573596,0.092305,-0.223727,0.254735,-0.189512,LoadingResponse,0.307692,0.000000,0.000000,level walking,
571,2026-05-14 22:59:19,28.550000,2026-5-14_levelground 2_left.csv,level_walking,0.000000,0.000000,4513.000000,1135.000000,0.000000,0.000000,0.000000,0.000000,2392.000000,523.000000,0.000000,0.000000,0.000000,0.000000,0.000000,0.000000,0.000000,0.000000,8563.000000,5648.000000,2915.000000,0.000000,8563.000000,0.000000,48.710462,56.573596,0.092305,-0.223727,0.000000,0.000000,LoadingResponse,0.384615,0.000000,0.000000,level walking,
572,2026-05-14 22:59:19,28.600000,2026-5-14_levelground 2_left.csv,level_walking,0.000000,0.000000,4959.000000,1485.000000,0.000000,0.000000,0.000000,0.000000,2813.000000,894.000000,0.000000,0.000000,0.000000,0.000000,0.000000,0.000000,0.000000,0.000000,10151.000000,6444.000000,3707.000000,0.000000,10151.000000,0.000000,49.294731,57.994517,0.098898,-0.238405,0.131860,-0.293565,LoadingResponse,0.461538,0.000000,0.000000,level walking,
573,2026-05-14 22:59:20,28.650000,2026-5-14_levelground 2_left.csv,level_walking,0.000000,0.000000,4822.000000,1368.000000,0.000000,0.000000,0.000000,0.000000,2828.000000,919.000000,0.000000,0.000000,0.000000,0.000000,0.000000,0.000000,0.000000,0.000000,9937.000000,6190.000000,3747.000000,0.000000,9937.000000,0.000000,49.575213,57.847630,0.098217,-0.245452,-0.013631,-0.140928,LoadingResponse,0.538462,0.000000,0.000000,level walking,
574,2026-05-14 22:59:20,28.700000,2026-5-14_levelground 2_left.csv,level_walking,0.000000,0.000000,4714.000000,1181.000000,0.000000,0.000000,0.000000,0.000000,2772.000000,937.000000,0.000000,0.000000,0.000000,0.000000,0.000000,0.000000,0.000000,0.000000,9604.000000,5895.000000,3709.000000,0.000000,9604.000000,0.000000,49.790299,57.512195,0.096660,-0.250855,-0.031128,-0.108070,LoadingResponse,0.615385,0.000000,0.000000,level walking,
575,2026-05-14 22:59:20,28.750000,2026-5-14_levelground 2_left.csv,level_walking,0.000000,0.000000,4714.000000,1181.000000,0.000000,0.000000,0.000000,0.000000,2772.000000,937.000000,0.000000,0.000000,0.000000,0.000000,0.000000,0.000000,0.000000,0.000000,9604.000000,5895.000000,3709.000000,0.000000,9604.000000,0.000000,49.790299,57.512195,0.096660,-0.250855,0.000000,0.000000,LoadingResponse,0.692308,0.000000,0.000000,level walking,
576,2026-05-14 22:59:20,28.800000,2026-5-14_levelground 2_left.csv,level_walking,0.000000,0.000000,4608.000000,1176.000000,0.000000,0.000000,0.000000,0.000000,2745.000000,932.000000,0.000000,0.000000,0.000000,0.000000,0.000000,0.000000,0.000000,0.000000,9461.000000,5784.000000,3677.000000,0.000000,9461.000000,0.000000,49.848209,57.591593,0.097029,-0.252310,0.007368,-0.029097,LoadingResponse,0.769231,0.000000,0.000000,level walking,
577,2026-05-14 22:59:20,28.850000,2026-5-14_levelground 2_left.csv,level_walking,0.000000,0.000000,4608.000000,1176.000000,0.000000,0.000000,0.000000,0.000000,2745.000000,932.000000,0.000000,0.000000,0.000000,0.000000,0.000000,0.000000,0.000000,0.000000,9461.000000,5784.000000,3677.000000,0.000000,9461.000000,0.000000,49.848209,57.591593,0.097029,-0.252310,0.000000,0.000000,LoadingResponse,0.846154,0.000000,0.000000,level walking,
578,2026-05-14 22:59:20,28.900000,2026-5-14_levelground 2_left.csv,level_walking,0.000000,0.000000,5304.000000,1786.000000,0.000000,0.000000,0.000000,0.000000,3759.000000,1577.000000,0.000000,0.000000,0.000000,0.000000,0.000000,0.000000,0.000000,0.000000,12426.000000,7090.000000,5336.000000,0.000000,12426.000000,0.000000,50.810069,59.260000,0.104770,-0.276475,0.154826,-0.483286,LoadingResponse,0.923077,0.000000,0.000000,level walking,
579,2026-05-14 22:59:20,28.950000,2026-5-14_levelground 2_left.csv,level_walking,0.000000,0.000000,5381.000000,1947.000000,0.000000,0.000000,0.000000,0.000000,3925.000000,1745.000000,0.000000,0.000000,0.000000,0.000000,0.000000,0.000000,0.000000,0.000000,12998.000000,7328.000000,5670.000000,0.000000,12998.000000,0.000000,50.970452,59.727444,0.106939,-0.280504,0.043378,-0.080584,LoadingResponse,1.000000,0.000000,0.000000,level walking,
580,2026-05-14 22:59:20,29.000000,2026-5-14_levelground 2_left.csv,level_walking,0.000000,0.000000,5497.000000,2118.000000,0.000000,0.000000,0.000000,0.000000,4245.000000,1974.000000,0.000000,0.000000,0.000000,0.000000,7.000000,0.000000,0.000000,0.000000,13841.000000,7615.000000,6219.000000,7.000000,13841.000000,0.000000,51.293211,60.167099,0.108979,-0.288612,0.040799,-0.162170,LoadingResponse,1.000000,0.000000,0.000000,level walking,
581,2026-05-14 22:59:20,29.050000,2026-5-14_levelground 2_left.csv,level_walking,0.000000,0.000000,5497.000000,2118.000000,0.000000,0.000000,0.000000,0.000000,4245.000000,1974.000000,0.000000,0.000000,0.000000,0.000000,7.000000,0.000000,0.000000,0.000000,13841.000000,7615.000000,6219.000000,7.000000,13841.000000,0.000000,51.293211,60.167099,0.108979,-0.288612,0.000000,0.000000,LoadingResponse,1.000000,0.000000,0.000000,level walking,
582,2026-05-14 22:59:20,29.100000,2026-5-14_levelground 2_left.csv,level_walking,0.000000,0.000000,5593.000000,2310.000000,0.000000,0.000000,0.000000,0.000000,4499.000000,2199.000000,0.000000,0.000000,0.000000,0.000000,39.000000,0.000000,0.000000,0.000000,14640.000000,7903.000000,6698.000000,39.000000,14640.000000,0.000000,51.545526,60.747418,0.111671,-0.294951,0.053853,-0.126776,LoadingResponse,1.000000,0.000000,0.000000,level walking,
583,2026-05-14 22:59:20,29.150000,2026-5-14_levelground 2_left.csv,level_walking,0.000000,0.000000,5810.000000,2520.000000,0.000000,0.000000,0.000000,0.000000,4883.000000,2658.000000,0.000000,0.000000,0.000000,0.000000,302.000000,0.000000,0.000000,0.000000,16173.000000,8330.000000,7541.000000,302.000000,16173.000000,0.000000,52.189481,62.281713,0.118790,-0.311129,0.142381,-0.323555,LoadingResponse,1.000000,0.000000,0.000000,level walking,
584,2026-05-14 22:59:20,29.200000,2026-5-14_levelground 2_left.csv,level_walking,0.000000,0.000000,6029.000000,2721.000000,0.000000,0.000000,0.000000,0.000000,5242.000000,2941.000000,0.000000,0.000000,0.000000,0.000000,491.000000,33.000000,0.000000,0.000000,17457.000000,8750.000000,8183.000000,524.000000,17457.000000,0.000000,52.564222,63.278790,0.123417,-0.320543,0.092528,-0.188289,LoadingResponse,1.000000,0.000000,0.000000,level walking,
585,2026-05-14 22:59:20,29.250000,2026-5-14_levelground 2_left.csv,level_walking,0.000000,0.000000,6029.000000,2721.000000,0.000000,0.000000,0.000000,0.000000,5242.000000,2941.000000,0.000000,0.000000,0.000000,0.000000,491.000000,33.000000,0.000000,0.000000,17457.000000,8750.000000,8183.000000,524.000000,17457.000000,0.000000,52.564222,63.278790,0.123417,-0.320543,0.000000,0.000000,LoadingResponse,1.000000,0.000000,0.000000,level walking,
586,2026-05-14 22:59:20,29.300000,2026-5-14_levelground 2_left.csv,level_walking,0.000000,0.000000,6031.000000,2760.000000,0.000000,0.000000,0.000000,0.000000,5387.000000,3013.000000,0.000000,0.000000,0.000000,0.000000,596.000000,123.000000,0.000000,0.000000,17910.000000,8791.000000,8400.000000,719.000000,17910.000000,0.000000,52.863691,64.082255,0.127145,-0.328067,0.074561,-0.150468,LoadingResponse,1.000000,0.000000,0.000000,level walking,
587,2026-05-14 22:59:20,29.350000,2026-5-14_levelground 2_left.csv,level_walking,0.000000,0.000000,6049.000000,2743.000000,0.000000,0.000000,0.000000,0.000000,5507.000000,3074.000000,0.000000,0.000000,0.000000,0.000000,671.000000,175.000000,0.000000,0.000000,18219.000000,8792.000000,8581.000000,846.000000,18219.000000,0.000000,53.091384,64.506052,0.129111,-0.333787,0.039328,-0.114405,LoadingResponse,1.000000,0.000000,0.000000,level walking,
588,2026-05-14 22:59:20,29.400000,2026-5-14_levelground 2_left.csv,level_walking,0.000000,0.000000,5954.000000,2726.000000,0.000000,0.000000,0.000000,0.000000,5500.000000,3030.000000,0.000000,0.000000,0.000000,0.000000,658.000000,184.000000,0.000000,0.000000,18052.000000,8680.000000,8530.000000,842.000000,18052.000000,0.000000,53.135168,64.525850,0.129203,-0.334887,0.001837,-0.021999,LoadingResponse,1.000000,0.000000,0.000000,level walking,
589,2026-05-14 22:59:20,29.450000,2026-5-14_levelground 2_left.csv,level_walking,0.000000,0.000000,5954.000000,2726.000000,0.000000,0.000000,0.000000,0.000000,5500.000000,3030.000000,0.000000,0.000000,0.000000,0.000000,658.000000,184.000000,0.000000,0.000000,18052.000000,8680.000000,8530.000000,842.000000,18052.000000,0.000000,53.135168,64.525850,0.129203,-0.334887,0.000000,0.000000,LoadingResponse,1.000000,0.000000,0.000000,level walking,
590,2026-05-14 22:59:20,29.500000,2026-5-14_levelground 2_left.csv,level_walking,0.000000,0.000000,5954.000000,2726.000000,0.000000,0.000000,0.000000,0.000000,5500.000000,3030.000000,0.000000,0.000000,0.000000,0.000000,658.000000,184.000000,0.000000,0.000000,18052.000000,8680.000000,8530.000000,842.000000,18052.000000,0.000000,53.135168,64.525850,0.129203,-0.334887,0.000000,0.000000,LoadingResponse,1.000000,0.000000,0.000000,level walking,
591,2026-05-14 22:59:20,29.550000,2026-5-14_levelground 2_left.csv,level_walking,0.000000,0.000000,5942.000000,2706.000000,0.000000,0.000000,0.000000,0.000000,5372.000000,2904.000000,0.000000,0.000000,0.000000,0.000000,592.000000,98.000000,0.000000,0.000000,17614.000000,8648.000000,8276.000000,690.000000,17614.000000,0.000000,52.852644,63.836167,0.126003,-0.327789,-0.064002,0.141954,LoadingResponse,1.000000,0.000000,0.000000,level walking,
592,2026-05-14 22:59:20,29.600000,2026-5-14_levelground 2_left.csv,level_walking,0.000000,0.000000,5927.000000,2717.000000,0.000000,0.000000,0.000000,0.000000,5494.000000,2906.000000,0.000000,0.000000,0.000000,0.000000,592.000000,87.000000,0.000000,0.000000,17723.000000,8644.000000,8400.000000,679.000000,17723.000000,0.000000,52.923800,63.711162,0.125423,-0.329577,-0.011600,-0.035752,LoadingResponse,1.000000,0.000000,0.000000,level walking,
593,2026-05-14 22:59:21,29.650000,2026-5-14_levelground 2_left.csv,level_walking,0.000000,0.000000,5890.000000,2673.000000,0.000000,0.000000,0.000000,0.000000,5418.000000,2884.000000,0.000000,0.000000,0.000000,0.000000,555.000000,51.000000,0.000000,0.000000,17471.000000,8563.000000,8302.000000,606.000000,17471.000000,0.000000,52.847045,63.419193,0.124068,-0.327648,-0.027094,0.038565,LoadingResponse,1.000000,0.000000,0.000000,level walking,
594,2026-05-14 22:59:21,29.700000,2026-5-14_levelground 2_left.csv,level_walking,0.000000,0.000000,5845.000000,2542.000000,0.000000,0.000000,0.000000,0.000000,5380.000000,2854.000000,0.000000,0.000000,0.000000,0.000000,563.000000,27.000000,0.000000,0.000000,17211.000000,8387.000000,8234.000000,590.000000,17211.000000,0.000000,52.907589,63.185907,0.122986,-0.329169,-0.021649,-0.030421,LoadingResponse,1.000000,0.000000,0.000000,level walking,
595,2026-05-14 22:59:21,29.750000,2026-5-14_levelground 2_left.csv,level_walking,0.000000,0.000000,5845.000000,2542.000000,0.000000,0.000000,0.000000,0.000000,5380.000000,2854.000000,0.000000,0.000000,0.000000,0.000000,563.000000,27.000000,0.000000,0.000000,17211.000000,8387.000000,8234.000000,590.000000,17211.000000,0.000000,52.907589,63.185907,0.122986,-0.329169,0.000000,0.000000,LoadingResponse,1.000000,0.000000,0.000000,level walking,
596,2026-05-14 22:59:21,29.800000,2026-5-14_levelground 2_left.csv,level_walking,0.000000,0.000000,5818.000000,2496.000000,0.000000,0.000000,0.000000,0.000000,5347.000000,2825.000000,0.000000,0.000000,0.000000,0.000000,559.000000,0.000000,0.000000,0.000000,17045.000000,8314.000000,8172.000000,559.000000,17045.000000,0.000000,52.885888,62.982004,0.122040,-0.328624,-0.018922,0.010904,LoadingResponse,1.000000,0.000000,0.000000,level walking,
597,2026-05-14 22:59:21,29.850000,2026-5-14_levelground 2_left.csv,level_walking,0.000000,0.000000,5811.000000,2492.000000,0.000000,0.000000,0.000000,0.000000,5358.000000,2803.000000,0.000000,0.000000,0.000000,0.000000,472.000000,0.000000,0.000000,0.000000,16936.000000,8303.000000,8161.000000,472.000000,16936.000000,0.000000,52.808781,62.657071,0.120532,-0.326687,-0.030153,0.038742,LoadingResponse,1.000000,0.000000,0.000000,level walking,
598,2026-05-14 22:59:21,29.900000,2026-5-14_levelground 2_left.csv,level_walking,0.000000,0.000000,5803.000000,2463.000000,0.000000,0.000000,0.000000,0.000000,5373.000000,2804.000000,0.000000,0.000000,0.000000,0.000000,493.000000,0.000000,0.000000,0.000000,16936.000000,8266.000000,8177.000000,493.000000,16936.000000,0.000000,52.864943,62.685359,0.120663,-0.328098,0.002625,-0.028219,LoadingResponse,1.000000,0.000000,0.000000,level walking,
599,2026-05-14 22:59:21,29.950000,2026-5-14_levelground 2_left.csv,level_walking,0.000000,0.000000,5762.000000,2429.000000,0.000000,0.000000,0.000000,0.000000,5368.000000,2801.000000,0.000000,0.000000,0.000000,0.000000,471.000000,0.000000,0.000000,0.000000,16831.000000,8191.000000,8169.000000,471.000000,16831.000000,0.000000,52.894035,62.598333,0.120260,-0.328829,-0.008076,-0.014618,LoadingResponse,1.000000,0.000000,0.000000,level walking,
600,2026-05-14 22:59:21,30.000000,2026-5-14_levelground 2_left.csv,level_walking,0.000000,0.000000,5762.000000,2429.000000,0.000000,0.000000,0.000000,0.000000,5368.000000,2801.000000,0.000000,0.000000,0.000000,0.000000,471.000000,0.000000,0.000000,0.000000,16831.000000,8191.000000,8169.000000,471.000000,16831.000000,0.000000,52.894035,62.598333,0.120260,-0.328829,0.000000,0.000000,LoadingResponse,1.000000,0.000000,0.000000,level walking,
601,2026-05-14 22:59:21,30.050000,2026-5-14_levelground 2_left.csv,level_walking,0.000000,0.000000,5726.000000,2410.000000,0.000000,0.000000,0.000000,0.000000,5363.000000,2793.000000,0.000000,0.000000,0.000000,0.000000,507.000000,0.000000,0.000000,0.000000,16799.000000,8136.000000,8156.000000,507.000000,16799.000000,0.000000,52.957593,62.715165,0.120802,-0.330426,0.010842,-0.031934,LoadingResponse,1.000000,0.000000,0.000000,level walking,
602,2026-05-14 22:59:21,30.100000,2026-5-14_levelground 2_left.csv,level_walking,0.000000,0.000000,5689.000000,2410.000000,0.000000,0.000000,0.000000,0.000000,5360.000000,2779.000000,0.000000,0.000000,0.000000,0.000000,498.000000,0.000000,0.000000,0.000000,16736.000000,8099.000000,8139.000000,498.000000,16736.000000,0.000000,52.965156,62.697251,0.120719,-0.330616,-0.001662,-0.003800,LoadingResponse,1.000000,0.000000,0.000000,level walking,
603,2026-05-14 22:59:21,30.150000,2026-5-14_levelground 2_left.csv,level_walking,0.000000,0.000000,5830.000000,2477.000000,0.000000,0.000000,0.000000,0.000000,5377.000000,2816.000000,0.000000,0.000000,0.000000,0.000000,496.000000,0.000000,0.000000,0.000000,16996.000000,8307.000000,8193.000000,496.000000,16996.000000,0.000000,52.848957,62.705535,0.120757,-0.327696,0.000769,0.058384,LoadingResponse,1.000000,0.000000,0.000000,level walking,
604,2026-05-14 22:59:21,30.200000,2026-5-14_levelground 2_left.csv,level_walking,0.000000,0.000000,5895.000000,2534.000000,0.000000,0.000000,0.000000,0.000000,5449.000000,2834.000000,0.000000,0.000000,0.000000,0.000000,488.000000,0.000000,0.000000,0.000000,17200.000000,8429.000000,8283.000000,488.000000,17200.000000,0.000000,52.815356,62.672558,0.120604,-0.326852,-0.003060,0.016883,LoadingResponse,1.000000,0.000000,0.000000,level walking,
605,2026-05-14 22:59:37,30.250000,2026-5-14_levelground 2_left.csv,level_walking,0.000000,0.000000,6487.000000,3085.000000,0.000000,0.000000,0.000000,0.000000,5859.000000,3208.000000,0.000000,0.000000,0.000000,0.000000,789.000000,106.000000,0.000000,0.000000,19534.000000,9572.000000,9067.000000,895.000000,19534.000000,0.000000,52.899513,64.419660,0.128710,-0.328967,0.162129,-0.042285,LoadingResponse,1.000000,0.000000,0.000000,level walking,
606,2026-05-14 22:59:37,30.300000,2026-5-14_levelground 2_left.csv,level_walking,0.000000,0.000000,6490.000000,3074.000000,0.000000,0.000000,0.000000,0.000000,5854.000000,3205.000000,0.000000,0.000000,0.000000,0.000000,800.000000,106.000000,0.000000,0.000000,19529.000000,9564.000000,9059.000000,906.000000,19529.000000,0.000000,52.908367,64.437439,0.128793,-0.329189,0.001650,-0.004448,LoadingResponse,1.000000,0.000000,0.000000,level walking,
607,2026-05-14 22:59:37,30.350000,2026-5-14_levelground 2_left.csv,level_walking,0.000000,0.000000,6503.000000,3074.000000,0.000000,0.000000,0.000000,0.000000,5857.000000,3219.000000,0.000000,0.000000,0.000000,0.000000,798.000000,105.000000,0.000000,0.000000,19556.000000,9577.000000,9076.000000,903.000000,19556.000000,0.000000,52.907628,64.429833,0.128758,-0.329170,-0.000706,0.000371,LoadingResponse,1.000000,0.000000,0.000000,level walking,
608,2026-05-14 22:59:37,30.400000,2026-5-14_levelground 2_left.csv,level_walking,0.000000,0.000000,6503.000000,3074.000000,0.000000,0.000000,0.000000,0.000000,5857.000000,3219.000000,0.000000,0.000000,0.000000,0.000000,798.000000,105.000000,0.000000,0.000000,19556.000000,9577.000000,9076.000000,903.000000,19556.000000,0.000000,52.907628,64.429833,0.128758,-0.329170,0.000000,0.000000,LoadingResponse,1.000000,0.000000,0.000000,level walking,
609,2026-05-14 22:59:37,30.450000,2026-5-14_levelground 2_left.csv,level_walking,0.000000,0.000000,6503.000000,3074.000000,0.000000,0.000000,0.000000,0.000000,5857.000000,3219.000000,0.000000,0.000000,0.000000,0.000000,798.000000,105.000000,0.000000,0.000000,19556.000000,9577.000000,9076.000000,903.000000,19556.000000,0.000000,52.907628,64.429833,0.128758,-0.329170,0.000000,0.000000,LoadingResponse,1.000000,0.000000,0.000000,level walking,
610,2026-05-14 22:59:37,30.500000,2026-5-14_levelground 2_left.csv,level_walking,0.000000,0.000000,6503.000000,3074.000000,0.000000,0.000000,0.000000,0.000000,5857.000000,3219.000000,0.000000,0.000000,0.000000,0.000000,798.000000,105.000000,0.000000,0.000000,19556.000000,9577.000000,9076.000000,903.000000,19556.000000,0.000000,52.907628,64.429833,0.128758,-0.329170,0.000000,0.000000,LoadingResponse,1.000000,0.000000,0.000000,level walking,
611,2026-05-14 22:59:37,30.550000,2026-5-14_levelground 2_left.csv,level_walking,0.000000,0.000000,6505.000000,3101.000000,0.000000,0.000000,0.000000,0.000000,5872.000000,3208.000000,0.000000,0.000000,0.000000,0.000000,791.000000,107.000000,0.000000,0.000000,19584.000000,9606.000000,9080.000000,898.000000,19584.000000,0.000000,52.888330,64.423259,0.128727,-0.328686,-0.000610,0.009696,LoadingResponse,1.000000,0.000000,0.000000,level walking,
612,2026-05-14 22:59:37,30.600000,2026-5-14_levelground 2_left.csv,level_walking,0.000000,0.000000,6505.000000,3101.000000,0.000000,0.000000,0.000000,0.000000,5872.000000,3208.000000,0.000000,0.000000,0.000000,0.000000,791.000000,107.000000,0.000000,0.000000,19584.000000,9606.000000,9080.000000,898.000000,19584.000000,0.000000,52.888330,64.423259,0.128727,-0.328686,0.000000,0.000000,LoadingResponse,1.000000,0.000000,0.000000,level walking,
613,2026-05-14 22:59:37,30.650000,2026-5-14_levelground 2_left.csv,level_walking,0.000000,0.000000,6521.000000,3077.000000,0.000000,0.000000,0.000000,0.000000,5867.000000,3167.000000,0.000000,0.000000,0.000000,0.000000,768.000000,107.000000,0.000000,0.000000,19507.000000,9598.000000,9034.000000,875.000000,19507.000000,0.000000,52.848680,64.282945,0.128076,-0.327689,-0.013021,0.019922,LoadingResponse,1.000000,0.000000,0.000000,level walking,
614,2026-05-14 22:59:37,30.700000,2026-5-14_levelground 2_left.csv,level_walking,0.000000,0.000000,6480.000000,3076.000000,0.000000,0.000000,0.000000,0.000000,5857.000000,3135.000000,0.000000,0.000000,0.000000,0.000000,718.000000,81.000000,0.000000,0.000000,19347.000000,9556.000000,8992.000000,799.000000,19347.000000,0.000000,52.786296,64.024496,0.126877,-0.326122,-0.023984,0.031345,LoadingResponse,1.000000,0.000000,0.000000,level walking,
615,2026-05-14 22:59:37,30.750000,2026-5-14_levelground 2_left.csv,level_walking,0.000000,0.000000,6539.000000,3067.000000,0.000000,0.000000,0.000000,0.000000,5839.000000,3119.000000,0.000000,0.000000,0.000000,0.000000,681.000000,56.000000,0.000000,0.000000,19301.000000,9606.000000,8958.000000,737.000000,19301.000000,0.000000,52.681508,63.745913,0.125584,-0.323490,-0.025852,0.052651,LoadingResponse,1.000000,0.000000,0.000000,level walking,
616,2026-05-14 22:59:37,30.800000,2026-5-14_levelground 2_left.csv,level_walking,0.000000,0.000000,6554.000000,3069.000000,0.000000,0.000000,0.000000,0.000000,5842.000000,3120.000000,0.000000,0.000000,0.000000,0.000000,679.000000,32.000000,0.000000,0.000000,19296.000000,9623.000000,8962.000000,711.000000,19296.000000,0.000000,52.648542,63.618729,0.124994,-0.322662,-0.011802,0.016564,LoadingResponse,1.000000,0.000000,0.000000,level walking,
617,2026-05-14 22:59:37,30.850000,2026-5-14_levelground 2_left.csv,level_walking,0.000000,0.000000,6554.000000,3069.000000,0.000000,0.000000,0.000000,0.000000,5842.000000,3120.000000,0.000000,0.000000,0.000000,0.000000,679.000000,32.000000,0.000000,0.000000,19296.000000,9623.000000,8962.000000,711.000000,19296.000000,0.000000,52.648542,63.618729,0.124994,-0.322662,0.000000,0.000000,LoadingResponse,1.000000,0.000000,0.000000,level walking,
618,2026-05-14 22:59:37,30.900000,2026-5-14_levelground 2_left.csv,level_walking,0.000000,0.000000,6659.000000,3162.000000,0.000000,0.000000,0.000000,0.000000,5972.000000,3240.000000,0.000000,0.000000,0.000000,0.000000,724.000000,33.000000,0.000000,0.000000,19790.000000,9821.000000,9212.000000,757.000000,19790.000000,0.000000,52.711457,63.812565,0.125893,-0.324242,0.017988,-0.031612,LoadingResponse,1.000000,0.000000,0.000000,level walking,
619,2026-05-14 22:59:37,30.950000,2026-5-14_levelground 2_left.csv,level_walking,0.000000,0.000000,6970.000000,3332.000000,0.000000,0.000000,0.000000,0.000000,6283.000000,3401.000000,0.000000,0.000000,0.000000,0.000000,761.000000,70.000000,0.000000,0.000000,20817.000000,10302.000000,9684.000000,831.000000,20817.000000,0.000000,52.755817,63.984450,0.126691,-0.325357,0.015951,-0.022288,LoadingResponse,1.000000,0.000000,0.000000,level walking,
620,2026-05-14 22:59:37,31.000000,2026-5-14_levelground 2_left.csv,level_walking,0.000000,0.000000,7490.000000,3670.000000,0.000000,0.000000,0.000000,0.000000,6874.000000,3925.000000,0.000000,0.000000,0.000000,0.000000,985.000000,274.000000,0.000000,0.000000,23218.000000,11160.000000,10799.000000,1259.000000,23218.000000,0.000000,53.172870,65.394923,0.133236,-0.335834,0.130890,-0.209548,LoadingResponse,1.000000,0.000000,0.000000,level walking,
621,2026-05-14 22:59:37,31.050000,2026-5-14_levelground 2_left.csv,level_walking,0.000000,0.000000,7490.000000,3670.000000,0.000000,0.000000,0.000000,0.000000,6874.000000,3925.000000,0.000000,0.000000,0.000000,0.000000,985.000000,274.000000,0.000000,0.000000,23218.000000,11160.000000,10799.000000,1259.000000,23218.000000,0.000000,53.172870,65.394923,0.133236,-0.335834,0.000000,0.000000,LoadingResponse,1.000000,0.000000,0.000000,level walking,
622,2026-05-14 22:59:37,31.100000,2026-5-14_levelground 2_left.csv,level_walking,0.000000,0.000000,7490.000000,3670.000000,0.000000,0.000000,0.000000,0.000000,6874.000000,3925.000000,0.000000,0.000000,0.000000,0.000000,985.000000,274.000000,0.000000,0.000000,23218.000000,11160.000000,10799.000000,1259.000000,23218.000000,0.000000,53.172870,65.394923,0.133236,-0.335834,0.000000,0.000000,LoadingResponse,1.000000,0.000000,0.000000,level walking,
623,2026-05-14 22:59:38,31.150000,2026-5-14_levelground 2_left.csv,level_walking,0.000000,0.000000,6981.000000,3428.000000,0.000000,0.000000,0.000000,0.000000,6328.000000,3551.000000,0.000000,0.000000,0.000000,0.000000,936.000000,270.000000,0.000000,0.000000,21494.000000,10409.000000,9879.000000,1206.000000,21494.000000,0.000000,53.097202,65.467196,0.133571,-0.333933,0.006707,0.038019,LoadingResponse,1.000000,0.000000,0.000000,level walking,
624,2026-05-14 22:59:38,31.200000,2026-5-14_levelground 2_left.csv,level_walking,0.000000,0.000000,6183.000000,2758.000000,0.000000,0.000000,0.000000,0.000000,5593.000000,2997.000000,0.000000,0.000000,0.000000,0.000000,841.000000,276.000000,0.000000,0.000000,18648.000000,8941.000000,8590.000000,1117.000000,18648.000000,0.000000,53.232358,65.246038,0.132545,-0.337328,-0.020523,-0.067910,LoadingResponse,1.000000,0.000000,0.000000,level walking,
625,2026-05-14 22:59:38,31.250000,2026-5-14_levelground 2_left.csv,level_walking,0.000000,0.000000,6183.000000,2758.000000,0.000000,0.000000,0.000000,0.000000,5593.000000,2997.000000,0.000000,0.000000,0.000000,0.000000,841.000000,276.000000,0.000000,0.000000,18648.000000,8941.000000,8590.000000,1117.000000,18648.000000,0.000000,53.232358,65.246038,0.132545,-0.337328,0.000000,0.000000,LoadingResponse,1.000000,0.000000,0.000000,level walking,
626,2026-05-14 22:59:38,31.300000,2026-5-14_levelground 2_left.csv,level_walking,0.000000,0.000000,4472.000000,1410.000000,0.000000,0.000000,0.000000,0.000000,4162.000000,1631.000000,0.000000,0.000000,0.000000,0.000000,265.000000,0.000000,0.000000,0.000000,11940.000000,5882.000000,5793.000000,265.000000,11940.000000,0.000000,52.731647,60.242101,0.109327,-0.324749,-0.464359,0.251582,LoadingResponse,1.000000,0.000000,0.000000,level walking,
627,2026-05-14 22:59:38,31.350000,2026-5-14_levelground 2_left.csv,level_walking,0.000000,0.000000,3563.000000,650.000000,0.000000,0.000000,0.000000,0.000000,3325.000000,1037.000000,0.000000,0.000000,0.000000,0.000000,0.000000,0.000000,0.000000,0.000000,8575.000000,4213.000000,4362.000000,0.000000,8575.000000,0.000000,52.679951,56.682106,0.092809,-0.323451,-0.330363,0.025975,LoadingResponse,1.000000,0.000000,0.000000,level walking,
628,2026-05-14 22:59:38,31.400000,2026-5-14_levelground 2_left.csv,level_walking,0.000000,0.000000,2399.000000,0.000000,0.000000,0.000000,0.000000,0.000000,2363.000000,285.000000,0.000000,0.000000,0.000000,0.000000,0.000000,0.000000,0.000000,0.000000,5047.000000,2399.000000,2648.000000,0.000000,5047.000000,0.000000,53.056921,51.789645,0.070108,-0.332921,-0.454015,-0.189408,LoadingResponse,1.000000,0.000000,0.000000,level walking,
629,2026-05-14 22:59:38,31.450000,2026-5-14_levelground 2_left.csv,level_walking,0.000000,0.000000,2399.000000,0.000000,0.000000,0.000000,0.000000,0.000000,2363.000000,285.000000,0.000000,0.000000,0.000000,0.000000,0.000000,0.000000,0.000000,0.000000,5047.000000,2399.000000,2648.000000,0.000000,5047.000000,0.000000,53.056921,51.789645,0.070108,-0.332921,0.000000,0.000000,LoadingResponse,1.000000,0.000000,0.000000,level walking,
630,2026-05-14 22:59:38,31.500000,2026-5-14_levelground 2_left.csv,level_walking,0.000000,0.000000,1378.000000,0.000000,0.000000,0.000000,0.000000,0.000000,1452.000000,0.000000,0.000000,0.000000,0.000000,0.000000,0.000000,0.000000,0.000000,0.000000,2830.000000,1378.000000,1452.000000,0.000000,2830.000000,0.000000,52.783420,49.820000,0.060969,-0.326050,-0.182781,0.137420,LoadingResponse,1.000000,0.000000,0.000000,level walking,
631,2026-05-14 22:59:38,31.550000,2026-5-14_levelground 2_left.csv,level_walking,0.000000,0.000000,1236.000000,0.000000,0.000000,0.000000,0.000000,0.000000,1203.000000,0.000000,0.000000,0.000000,0.000000,0.000000,0.000000,0.000000,0.000000,0.000000,2439.000000,1236.000000,1203.000000,0.000000,2439.000000,0.000000,52.315412,49.820000,0.060969,-0.314292,-0.000000,0.235151,LoadingResponse,1.000000,0.000000,0.000000,level walking,
632,2026-05-14 22:59:38,31.600000,2026-5-14_levelground 2_left.csv,level_walking,0.000000,0.000000,1155.000000,0.000000,0.000000,0.000000,0.000000,0.000000,1051.000000,0.000000,0.000000,0.000000,0.000000,0.000000,0.000000,0.000000,0.000000,0.000000,2206.000000,1155.000000,1051.000000,0.000000,2206.000000,0.000000,51.918935,49.820000,0.060969,-0.304332,0.000000,0.199210,LoadingResponse,1.000000,0.000000,0.000000,level walking,
633,2026-05-14 22:59:38,31.650000,2026-5-14_levelground 2_left.csv,level_walking,0.000000,0.000000,1025.000000,0.000000,0.000000,0.000000,0.000000,0.000000,922.000000,0.000000,0.000000,0.000000,0.000000,0.000000,0.000000,0.000000,0.000000,0.000000,1947.000000,1025.000000,922.000000,0.000000,1947.000000,0.000000,51.851022,49.820000,0.060969,-0.302626,0.000000,0.034123,LoadingResponse,1.000000,0.000000,0.000000,level walking,
634,2026-05-14 22:59:38,31.700000,2026-5-14_levelground 2_left.csv,level_walking,0.000000,0.000000,1025.000000,0.000000,0.000000,0.000000,0.000000,0.000000,922.000000,0.000000,0.000000,0.000000,0.000000,0.000000,0.000000,0.000000,0.000000,0.000000,1947.000000,1025.000000,922.000000,0.000000,1947.000000,0.000000,51.851022,49.820000,0.060969,-0.302626,0.000000,0.000000,LoadingResponse,1.000000,0.000000,0.000000,level walking,
635,2026-05-14 22:59:38,31.750000,2026-5-14_levelground 2_left.csv,level_walking,0.000000,0.000000,810.000000,0.000000,0.000000,0.000000,0.000000,0.000000,649.000000,0.000000,0.000000,0.000000,0.000000,0.000000,0.000000,0.000000,0.000000,0.000000,1459.000000,810.000000,649.000000,0.000000,1459.000000,0.000000,51.173427,49.820000,0.060969,-0.285603,-0.000000,0.340457,LoadingResponse,1.000000,0.000000,0.000000,level walking,
636,2026-05-14 22:59:38,31.800000,2026-5-14_levelground 2_left.csv,level_walking,0.000000,0.000000,753.000000,0.000000,0.000000,0.000000,0.000000,0.000000,570.000000,0.000000,0.000000,0.000000,0.000000,0.000000,0.000000,0.000000,0.000000,0.000000,1323.000000,753.000000,570.000000,0.000000,1323.000000,0.000000,50.843492,49.820000,0.060969,-0.277314,0.000000,0.165776,LoadingResponse,1.000000,0.000000,0.000000,level walking,
637,2026-05-14 22:59:38,31.850000,2026-5-14_levelground 2_left.csv,level_walking,0.000000,0.000000,753.000000,0.000000,0.000000,0.000000,0.000000,0.000000,490.000000,0.000000,0.000000,0.000000,0.000000,0.000000,0.000000,0.000000,0.000000,0.000000,1243.000000,753.000000,490.000000,0.000000,1243.000000,0.000000,0.000000,0.000000,0.000000,0.000000,0.000000,0.000000,Swing,0.000000,0.000000,0.000000,level walking,cop_invalid
638,2026-05-14 22:59:38,31.900000,2026-5-14_levelground 2_left.csv,level_walking,0.000000,0.000000,753.000000,0.000000,0.000000,0.000000,0.000000,0.000000,490.000000,0.000000,0.000000,0.000000,0.000000,0.000000,0.000000,0.000000,0.000000,0.000000,1243.000000,753.000000,490.000000,0.000000,1243.000000,0.000000,0.000000,0.000000,0.000000,0.000000,0.000000,0.000000,Swing,0.000000,0.000000,0.000000,level walking,cop_invalid
639,2026-05-14 22:59:38,31.950000,2026-5-14_levelground 2_left.csv,level_walking,0.000000,0.000000,3807.000000,1119.000000,0.000000,0.000000,0.000000,0.000000,3701.000000,1618.000000,0.000000,0.000000,0.000000,0.000000,4.000000,0.000000,0.000000,0.000000,10249.000000,4926.000000,5319.000000,4.000000,10249.000000,0.000000,0.000000,0.000000,0.000000,0.000000,0.000000,0.000000,Swing,0.000000,0.000000,0.000000,level walking,cop_invalid
640,2026-05-14 22:59:38,32.000000,2026-5-14_levelground 2_left.csv,level_walking,0.000000,0.000000,3807.000000,1119.000000,0.000000,0.000000,0.000000,0.000000,3701.000000,1618.000000,0.000000,0.000000,0.000000,0.000000,4.000000,0.000000,0.000000,0.000000,10249.000000,4926.000000,5319.000000,4.000000,10249.000000,0.000000,0.000000,0.000000,0.000000,0.000000,0.000000,0.000000,Swing,0.000000,0.000000,0.000000,level walking,cop_invalid
641,2026-05-14 22:59:38,32.050000,2026-5-14_levelground 2_left.csv,level_walking,0.000000,0.000000,5550.000000,2575.000000,0.000000,0.000000,0.000000,0.000000,5686.000000,3341.000000,0.000000,0.000000,0.000000,0.000000,717.000000,231.000000,0.000000,0.000000,18100.000000,8125.000000,9027.000000,948.000000,18100.000000,0.000000,53.918554,65.290523,0.132751,-0.354567,0.000000,0.000000,InitialContact,0.000000,0.000000,0.000000,level walking,
642,2026-05-14 22:59:38,32.100000,2026-5-14_levelground 2_left.csv,level_walking,0.000000,0.000000,7649.000000,4647.000000,0.000000,0.000000,0.000000,0.000000,7424.000000,5083.000000,0.000000,0.000000,0.000000,0.000000,1581.000000,754.000000,0.000000,0.000000,27138.000000,12296.000000,12507.000000,2335.000000,27138.000000,0.000000,53.995303,69.246534,0.151107,-0.356495,0.367113,-0.038562,InitialContact,0.076923,0.000000,0.000000,level walking,
643,2026-05-14 22:59:39,32.150000,2026-5-14_levelground 2_left.csv,level_walking,0.000000,0.000000,7278.000000,4304.000000,0.000000,0.000000,0.000000,0.000000,6728.000000,4630.000000,133.000000,0.000000,0.000000,0.000000,1909.000000,1238.000000,497.000000,0.000000,26717.000000,11582.000000,11491.000000,3644.000000,26717.000000,0.000000,54.653701,74.161974,0.173914,-0.373036,0.456147,-0.330812,LoadingResponse,0.153846,0.000000,0.000000,level walking,
644,2026-05-14 22:59:39,32.200000,2026-5-14_levelground 2_left.csv,level_walking,0.000000,0.000000,7278.000000,4304.000000,0.000000,0.000000,0.000000,0.000000,6728.000000,4630.000000,133.000000,0.000000,0.000000,0.000000,1909.000000,1238.000000,497.000000,0.000000,26717.000000,11582.000000,11491.000000,3644.000000,26717.000000,0.000000,54.653701,74.161974,0.173914,-0.373036,0.000000,0.000000,LoadingResponse,0.230769,0.000000,0.000000,level walking,
645,2026-05-14 22:59:39,32.250000,2026-5-14_levelground 2_left.csv,level_walking,0.000000,0.000000,6511.000000,3635.000000,0.000000,0.000000,0.000000,0.000000,6072.000000,4112.000000,125.000000,0.000000,0.000000,0.000000,2043.000000,1473.000000,760.000000,0.000000,24731.000000,10146.000000,10309.000000,4276.000000,24731.000000,0.000000,55.390038,77.252507,0.188254,-0.391535,0.286798,-0.369972,LoadingResponse,0.307692,0.422167,0.422167,level walking,
646,2026-05-14 22:59:39,32.300000,2026-5-14_levelground 2_left.csv,level_walking,0.000000,0.000000,6274.000000,3429.000000,0.000000,0.000000,0.000000,0.000000,5846.000000,4030.000000,210.000000,0.000000,0.000000,0.000000,2330.000000,1870.000000,1131.000000,0.000000,25120.000000,9703.000000,10086.000000,5331.000000,25120.000000,0.000000,56.118207,81.136737,0.206277,-0.409828,0.360452,-0.365868,LoadingResponse,0.384615,1.365104,1.365104,level walking,
647,2026-05-14 22:59:39,32.350000,2026-5-14_levelground 2_left.csv,level_walking,0.000000,0.000000,6274.000000,3429.000000,0.000000,0.000000,0.000000,0.000000,5846.000000,4030.000000,210.000000,0.000000,0.000000,0.000000,2330.000000,1870.000000,1131.000000,0.000000,25120.000000,9703.000000,10086.000000,5331.000000,25120.000000,0.000000,56.118207,81.136737,0.206277,-0.409828,0.000000,0.000000,LoadingResponse,0.461538,1.365104,1.365104,level walking,
648,2026-05-14 22:59:39,32.400000,2026-5-14_levelground 2_left.csv,level_walking,0.000000,0.000000,5847.000000,2945.000000,0.000000,0.000000,0.000000,0.000000,5007.000000,3395.000000,599.000000,383.000000,801.000000,0.000000,2718.000000,2781.000000,2178.000000,0.000000,26654.000000,8792.000000,9384.000000,8478.000000,26654.000000,0.000000,57.015003,94.517317,0.268362,-0.432358,1.241702,-0.450595,LoadingResponse,0.538462,4.870832,1.500000,level walking,
649,2026-05-14 22:59:39,32.450000,2026-5-14_levelground 2_left.csv,level_walking,0.000000,0.000000,5109.000000,2090.000000,0.000000,0.000000,0.000000,0.000000,4195.000000,2540.000000,672.000000,792.000000,1486.000000,0.000000,2880.000000,3538.000000,2931.000000,0.000000,26233.000000,7199.000000,8199.000000,10835.000000,26233.000000,0.000000,58.031541,105.775197,0.320598,-0.457896,1.044718,-0.510759,LoadingResponse,0.615385,7.627857,1.500000,level walking,
650,2026-05-14 22:59:39,32.500000,2026-5-14_levelground 2_left.csv,level_walking,0.000000,0.000000,5109.000000,2090.000000,0.000000,0.000000,0.000000,0.000000,4195.000000,2540.000000,672.000000,792.000000,1486.000000,0.000000,2880.000000,3538.000000,2931.000000,0.000000,26233.000000,7199.000000,8199.000000,10835.000000,26233.000000,0.000000,58.031541,105.775197,0.320598,-0.457896,0.000000,0.000000,LoadingResponse,0.692308,7.627857,1.500000,level walking,
651,2026-05-14 22:59:39,32.550000,2026-5-14_levelground 2_left.csv,level_walking,0.000000,0.000000,4297.000000,1323.000000,0.000000,0.000000,0.000000,0.000000,3607.000000,1843.000000,448.000000,1041.000000,2014.000000,0.000000,2839.000000,4002.000000,3336.000000,0.000000,24750.000000,5620.000000,6939.000000,12191.000000,24750.000000,0.000000,59.020310,114.525363,0.361198,-0.482736,0.812005,-0.496806,LoadingResponse,0.769231,9.274808,1.500000,level walking,
652,2026-05-14 22:59:39,32.600000,2026-5-14_levelground 2_left.csv,level_walking,0.000000,0.000000,1350.000000,0.000000,0.000000,0.000000,0.000000,0.000000,1551.000000,0.000000,0.000000,0.000000,279.000000,0.000000,1172.000000,1398.000000,947.000000,0.000000,6697.000000,1350.000000,1551.000000,3796.000000,6697.000000,0.000000,61.673976,108.928837,0.335230,-0.549403,-0.519351,-1.333333,LoadingResponse,0.846154,2.149975,1.500000,level walking,
653,2026-05-14 22:59:39,32.650000,2026-5-14_levelground 2_left.csv,level_walking,0.000000,0.000000,1350.000000,0.000000,0.000000,0.000000,0.000000,0.000000,1551.000000,0.000000,0.000000,0.000000,279.000000,0.000000,1172.000000,1398.000000,947.000000,0.000000,6697.000000,1350.000000,1551.000000,3796.000000,6697.000000,0.000000,61.673976,108.928837,0.335230,-0.549403,0.000000,0.000000,LoadingResponse,0.923077,2.149975,1.500000,level walking,
654,2026-05-14 22:59:39,32.700000,2026-5-14_levelground 2_left.csv,level_walking,0.000000,0.000000,620.000000,0.000000,0.000000,0.000000,0.000000,0.000000,785.000000,0.000000,0.000000,0.000000,0.000000,0.000000,237.000000,282.000000,0.000000,0.000000,1924.000000,620.000000,785.000000,519.000000,1924.000000,0.000000,58.163945,73.564033,0.171140,-0.461222,-3.281812,1.763613,LoadingResponse,1.000000,0.000000,0.000000,level walking,
655,2026-05-14 22:59:39,32.750000,2026-5-14_levelground 2_left.csv,level_walking,0.000000,0.000000,626.000000,0.000000,0.000000,0.000000,0.000000,0.000000,359.000000,0.000000,0.000000,0.000000,0.000000,0.000000,0.000000,0.000000,0.000000,0.000000,985.000000,626.000000,359.000000,0.000000,985.000000,0.000000,49.277777,49.820000,0.060969,-0.237980,-2.203418,4.464850,LoadingResponse,1.000000,0.000000,0.000000,level walking,
656,2026-05-14 22:59:39,32.800000,2026-5-14_levelground 2_left.csv,level_walking,0.000000,0.000000,637.000000,0.000000,0.000000,0.000000,0.000000,0.000000,319.000000,0.000000,0.000000,0.000000,0.000000,0.000000,0.000000,0.000000,0.000000,0.000000,956.000000,637.000000,319.000000,0.000000,956.000000,0.000000,48.551559,49.820000,0.060969,-0.219735,0.000000,0.364888,LoadingResponse,1.000000,0.000000,0.000000,level walking,
657,2026-05-14 22:59:39,32.850000,2026-5-14_levelground 2_left.csv,level_walking,0.000000,0.000000,525.000000,0.000000,0.000000,0.000000,0.000000,0.000000,291.000000,0.000000,0.000000,0.000000,0.000000,0.000000,0.000000,0.000000,0.000000,0.000000,816.000000,525.000000,291.000000,0.000000,816.000000,0.000000,0.000000,0.000000,0.000000,0.000000,0.000000,0.000000,Swing,0.000000,0.000000,0.000000,level walking,cop_invalid
658,2026-05-14 22:59:39,32.900000,2026-5-14_levelground 2_left.csv,level_walking,0.000000,0.000000,525.000000,0.000000,0.000000,0.000000,0.000000,0.000000,291.000000,0.000000,0.000000,0.000000,0.000000,0.000000,0.000000,0.000000,0.000000,0.000000,816.000000,525.000000,291.000000,0.000000,816.000000,0.000000,0.000000,0.000000,0.000000,0.000000,0.000000,0.000000,Swing,0.000000,0.000000,0.000000,level walking,cop_invalid
659,2026-05-14 22:59:39,32.950000,2026-5-14_levelground 2_left.csv,level_walking,0.000000,0.000000,391.000000,0.000000,0.000000,0.000000,0.000000,0.000000,233.000000,0.000000,0.000000,0.000000,0.000000,0.000000,0.000000,0.000000,0.000000,0.000000,624.000000,391.000000,233.000000,0.000000,624.000000,0.000000,0.000000,0.000000,0.000000,0.000000,0.000000,0.000000,Swing,0.000000,0.000000,0.000000,level walking,cop_invalid
660,2026-05-14 22:59:39,33.000000,2026-5-14_levelground 2_left.csv,level_walking,0.000000,0.000000,401.000000,0.000000,0.000000,0.000000,0.000000,0.000000,197.000000,0.000000,0.000000,0.000000,0.000000,0.000000,0.000000,0.000000,0.000000,0.000000,598.000000,401.000000,197.000000,0.000000,598.000000,0.000000,0.000000,0.000000,0.000000,0.000000,0.000000,0.000000,Swing,0.000000,0.000000,0.000000,level walking,cop_invalid
661,2026-05-14 22:59:39,33.050000,2026-5-14_levelground 2_left.csv,level_walking,0.000000,0.000000,401.000000,0.000000,0.000000,0.000000,0.000000,0.000000,174.000000,0.000000,0.000000,0.000000,0.000000,0.000000,0.000000,0.000000,0.000000,0.000000,575.000000,401.000000,174.000000,0.000000,575.000000,0.000000,0.000000,0.000000,0.000000,0.000000,0.000000,0.000000,Swing,0.000000,0.000000,0.000000,level walking,cop_invalid
662,2026-05-14 22:59:39,33.100000,2026-5-14_levelground 2_left.csv,level_walking,0.000000,0.000000,422.000000,0.000000,0.000000,0.000000,0.000000,0.000000,163.000000,0.000000,0.000000,0.000000,0.000000,0.000000,0.000000,0.000000,0.000000,0.000000,585.000000,422.000000,163.000000,0.000000,585.000000,0.000000,0.000000,0.000000,0.000000,0.000000,0.000000,0.000000,Swing,0.000000,0.000000,0.000000,level walking,cop_invalid
663,2026-05-14 22:59:40,33.150000,2026-5-14_levelground 2_left.csv,level_walking,0.000000,0.000000,455.000000,0.000000,0.000000,0.000000,0.000000,0.000000,187.000000,0.000000,0.000000,0.000000,0.000000,0.000000,0.000000,0.000000,0.000000,0.000000,642.000000,455.000000,187.000000,0.000000,642.000000,0.000000,0.000000,0.000000,0.000000,0.000000,0.000000,0.000000,Swing,0.000000,0.000000,0.000000,level walking,cop_invalid
664,2026-05-14 22:59:40,33.200000,2026-5-14_levelground 2_left.csv,level_walking,0.000000,0.000000,455.000000,0.000000,0.000000,0.000000,0.000000,0.000000,187.000000,0.000000,0.000000,0.000000,0.000000,0.000000,0.000000,0.000000,0.000000,0.000000,642.000000,455.000000,187.000000,0.000000,642.000000,0.000000,0.000000,0.000000,0.000000,0.000000,0.000000,0.000000,Swing,0.000000,0.000000,0.000000,level walking,cop_invalid
665,2026-05-14 22:59:40,33.250000,2026-5-14_levelground 2_left.csv,level_walking,0.000000,0.000000,5219.000000,2250.000000,0.000000,0.000000,0.000000,0.000000,3754.000000,1827.000000,0.000000,0.000000,0.000000,0.000000,138.000000,0.000000,0.000000,0.000000,13188.000000,7469.000000,5581.000000,138.000000,13188.000000,0.000000,0.000000,0.000000,0.000000,0.000000,0.000000,0.000000,Swing,0.000000,0.000000,0.000000,level walking,cop_invalid
666,2026-05-14 22:59:40,33.300000,2026-5-14_levelground 2_left.csv,level_walking,827.000000,0.000000,5857.000000,2964.000000,0.000000,0.000000,175.000000,0.000000,4489.000000,2554.000000,160.000000,0.000000,339.000000,0.000000,891.000000,811.000000,570.000000,0.000000,19637.000000,9648.000000,7378.000000,2611.000000,18635.000000,1002.000000,0.000000,0.000000,0.000000,0.000000,0.000000,0.000000,Swing,0.000000,0.000000,0.000000,level walking,cop_invalid
667,2026-05-14 22:59:40,33.350000,2026-5-14_levelground 2_left.csv,level_walking,827.000000,0.000000,5857.000000,2964.000000,0.000000,0.000000,175.000000,0.000000,4489.000000,2554.000000,160.000000,0.000000,339.000000,0.000000,891.000000,811.000000,570.000000,0.000000,19637.000000,9648.000000,7378.000000,2611.000000,18635.000000,1002.000000,51.410624,81.076598,0.205998,-0.291562,0.000000,0.000000,InitialContact,0.000000,1.055807,1.055807,level walking,
668,2026-05-14 22:59:40,33.400000,2026-5-14_levelground 2_left.csv,level_walking,754.000000,0.000000,4719.000000,1845.000000,0.000000,0.000000,188.000000,0.000000,3533.000000,1624.000000,0.000000,0.000000,408.000000,0.000000,725.000000,805.000000,543.000000,0.000000,15144.000000,7318.000000,5345.000000,2481.000000,14202.000000,942.000000,51.358172,83.932928,0.219251,-0.290244,0.265064,0.026355,InitialContact,0.073529,1.229322,1.229322,level walking,
669,2026-05-14 22:59:40,33.450000,2026-5-14_levelground 2_left.csv,level_walking,610.000000,0.000000,4261.000000,1390.000000,0.000000,0.000000,182.000000,0.000000,3428.000000,1474.000000,0.000000,0.000000,498.000000,0.000000,814.000000,905.000000,607.000000,0.000000,14169.000000,6261.000000,5084.000000,2824.000000,13377.000000,792.000000,52.536857,85.997609,0.228831,-0.319856,0.191600,-0.592230,LoadingResponse,0.147059,1.430901,1.430901,level walking,
670,2026-05-14 22:59:40,33.500000,2026-5-14_levelground 2_left.csv,level_walking,295.000000,0.000000,4599.000000,1794.000000,0.000000,0.000000,148.000000,0.000000,4255.000000,2327.000000,284.000000,0.000000,643.000000,0.000000,1324.000000,1453.000000,912.000000,0.000000,18034.000000,6688.000000,7014.000000,4332.000000,17591.000000,443.000000,55.125917,87.654347,0.236518,-0.384899,0.153743,-1.300872,LoadingResponse,0.220588,2.107925,1.500000,level walking,
671,2026-05-14 22:59:40,33.550000,2026-5-14_levelground 2_left.csv,level_walking,295.000000,0.000000,4599.000000,1794.000000,0.000000,0.000000,148.000000,0.000000,4255.000000,2327.000000,284.000000,0.000000,643.000000,0.000000,1324.000000,1453.000000,912.000000,0.000000,18034.000000,6688.000000,7014.000000,4332.000000,17591.000000,443.000000,55.125917,87.654347,0.236518,-0.384899,0.000000,0.000000,LoadingResponse,0.294118,2.107925,1.500000,level walking,
672,2026-05-14 22:59:40,33.600000,2026-5-14_levelground 2_left.csv,level_walking,295.000000,0.000000,4599.000000,1794.000000,0.000000,0.000000,148.000000,0.000000,4255.000000,2327.000000,284.000000,0.000000,643.000000,0.000000,1324.000000,1453.000000,912.000000,0.000000,18034.000000,6688.000000,7014.000000,4332.000000,17591.000000,443.000000,55.125917,87.654347,0.236518,-0.384899,0.000000,0.000000,LoadingResponse,0.367647,2.107925,1.500000,level walking,
673,2026-05-14 22:59:40,33.650000,2026-5-14_levelground 2_left.csv,level_walking,0.000000,0.000000,4398.000000,1830.000000,0.000000,0.000000,0.000000,0.000000,4659.000000,2777.000000,382.000000,0.000000,843.000000,0.000000,2020.000000,2032.000000,1242.000000,0.000000,20183.000000,6228.000000,7818.000000,6137.000000,20183.000000,0.000000,57.498638,90.765136,0.250952,-0.444508,0.288677,-1.192172,LoadingResponse,0.441176,2.961597,1.500000,level walking,
674,2026-05-14 22:59:40,33.700000,2026-5-14_levelground 2_left.csv,level_walking,0.000000,0.000000,4398.000000,1830.000000,0.000000,0.000000,0.000000,0.000000,4659.000000,2777.000000,382.000000,0.000000,843.000000,0.000000,2020.000000,2032.000000,1242.000000,0.000000,20183.000000,6228.000000,7818.000000,6137.000000,20183.000000,0.000000,57.498638,90.765136,0.250952,-0.444508,0.000000,0.000000,LoadingResponse,0.514706,2.961597,1.500000,level walking,
675,2026-05-14 22:59:40,33.750000,2026-5-14_levelground 2_left.csv,level_walking,0.000000,0.000000,4479.000000,1843.000000,0.000000,0.000000,0.000000,0.000000,5149.000000,3279.000000,0.000000,0.000000,0.000000,0.000000,2282.000000,2015.000000,684.000000,0.000000,19731.000000,6322.000000,8428.000000,4981.000000,19731.000000,0.000000,58.018520,82.281131,0.211587,-0.457569,-0.787306,-0.261214,LoadingResponse,0.588235,1.288926,1.288926,level walking,
676,2026-05-14 22:59:40,33.800000,2026-5-14_levelground 2_left.csv,level_walking,0.000000,0.000000,4479.000000,1843.000000,0.000000,0.000000,0.000000,0.000000,5149.000000,3279.000000,0.000000,0.000000,0.000000,0.000000,2282.000000,2015.000000,684.000000,0.000000,19731.000000,6322.000000,8428.000000,4981.000000,19731.000000,0.000000,58.018520,82.281131,0.211587,-0.457569,0.000000,0.000000,LoadingResponse,0.661765,1.288926,1.288926,level walking,
677,2026-05-14 22:59:40,33.850000,2026-5-14_levelground 2_left.csv,level_walking,0.000000,0.000000,3216.000000,739.000000,0.000000,0.000000,0.000000,0.000000,3597.000000,1782.000000,0.000000,0.000000,0.000000,0.000000,1458.000000,1169.000000,0.000000,0.000000,11961.000000,3955.000000,5379.000000,2627.000000,11961.000000,0.000000,57.615433,75.760398,0.181331,-0.447442,-0.605116,0.202531,LoadingResponse,0.735294,0.032918,0.032918,level walking,
678,2026-05-14 22:59:40,33.900000,2026-5-14_levelground 2_left.csv,level_walking,0.000000,0.000000,411.000000,0.000000,0.000000,0.000000,0.000000,0.000000,75.000000,0.000000,0.000000,0.000000,0.000000,0.000000,0.000000,0.000000,0.000000,0.000000,486.000000,411.000000,75.000000,0.000000,486.000000,0.000000,44.320432,49.820000,0.060969,-0.113439,-2.407238,6.680066,LoadingResponse,0.808824,0.000000,0.000000,level walking,
679,2026-05-14 22:59:40,33.950000,2026-5-14_levelground 2_left.csv,level_walking,0.000000,0.000000,411.000000,0.000000,0.000000,0.000000,0.000000,0.000000,75.000000,0.000000,0.000000,0.000000,0.000000,0.000000,0.000000,0.000000,0.000000,0.000000,486.000000,411.000000,75.000000,0.000000,486.000000,0.000000,44.320432,49.820000,0.060969,-0.113439,0.000000,0.000000,LoadingResponse,0.882353,0.000000,0.000000,level walking,
680,2026-05-14 22:59:40,34.000000,2026-5-14_levelground 2_left.csv,level_walking,0.000000,0.000000,287.000000,0.000000,0.000000,0.000000,0.000000,0.000000,0.000000,0.000000,0.000000,0.000000,0.000000,0.000000,0.000000,0.000000,0.000000,0.000000,287.000000,287.000000,0.000000,0.000000,287.000000,0.000000,0.000000,0.000000,0.000000,0.000000,0.000000,0.000000,Swing,0.000000,0.000000,0.000000,level walking,cop_invalid
681,2026-05-14 22:59:40,34.050000,2026-5-14_levelground 2_left.csv,level_walking,0.000000,0.000000,326.000000,0.000000,0.000000,0.000000,0.000000,0.000000,0.000000,0.000000,0.000000,0.000000,0.000000,0.000000,0.000000,0.000000,0.000000,0.000000,326.000000,326.000000,0.000000,0.000000,326.000000,0.000000,0.000000,0.000000,0.000000,0.000000,0.000000,0.000000,Swing,0.000000,0.000000,0.000000,level walking,cop_invalid
682,2026-05-14 22:59:40,34.100000,2026-5-14_levelground 2_left.csv,level_walking,0.000000,0.000000,302.000000,0.000000,0.000000,0.000000,0.000000,0.000000,0.000000,0.000000,0.000000,0.000000,0.000000,0.000000,0.000000,0.000000,0.000000,0.000000,302.000000,302.000000,0.000000,0.000000,302.000000,0.000000,0.000000,0.000000,0.000000,0.000000,0.000000,0.000000,Swing,0.000000,0.000000,0.000000,level walking,cop_invalid
683,2026-05-14 22:59:41,34.150000,2026-5-14_levelground 2_left.csv,level_walking,0.000000,0.000000,376.000000,0.000000,0.000000,0.000000,0.000000,0.000000,0.000000,0.000000,0.000000,0.000000,0.000000,0.000000,0.000000,0.000000,0.000000,0.000000,376.000000,376.000000,0.000000,0.000000,376.000000,0.000000,0.000000,0.000000,0.000000,0.000000,0.000000,0.000000,Swing,0.000000,0.000000,0.000000,level walking,cop_invalid
684,2026-05-14 22:59:41,34.200000,2026-5-14_levelground 2_left.csv,level_walking,0.000000,0.000000,440.000000,0.000000,0.000000,0.000000,0.000000,0.000000,0.000000,0.000000,0.000000,0.000000,0.000000,0.000000,0.000000,0.000000,0.000000,0.000000,440.000000,440.000000,0.000000,0.000000,440.000000,0.000000,0.000000,0.000000,0.000000,0.000000,0.000000,0.000000,Swing,0.000000,0.000000,0.000000,level walking,cop_invalid
685,2026-05-14 22:59:41,34.250000,2026-5-14_levelground 2_left.csv,level_walking,0.000000,0.000000,440.000000,0.000000,0.000000,0.000000,0.000000,0.000000,0.000000,0.000000,0.000000,0.000000,0.000000,0.000000,0.000000,0.000000,0.000000,0.000000,440.000000,440.000000,0.000000,0.000000,440.000000,0.000000,0.000000,0.000000,0.000000,0.000000,0.000000,0.000000,Swing,0.000000,0.000000,0.000000,level walking,cop_invalid
686,2026-05-14 22:59:41,34.300000,2026-5-14_levelground 2_left.csv,level_walking,0.000000,0.000000,428.000000,0.000000,0.000000,0.000000,0.000000,0.000000,0.000000,0.000000,0.000000,0.000000,0.000000,0.000000,0.000000,0.000000,0.000000,0.000000,428.000000,428.000000,0.000000,0.000000,428.000000,0.000000,0.000000,0.000000,0.000000,0.000000,0.000000,0.000000,Swing,0.000000,0.000000,0.000000,level walking,cop_invalid
687,2026-05-14 22:59:41,34.350000,2026-5-14_levelground 2_left.csv,level_walking,0.000000,0.000000,415.000000,0.000000,0.000000,0.000000,0.000000,0.000000,0.000000,0.000000,0.000000,0.000000,0.000000,0.000000,0.000000,0.000000,0.000000,0.000000,415.000000,415.000000,0.000000,0.000000,415.000000,0.000000,0.000000,0.000000,0.000000,0.000000,0.000000,0.000000,Swing,0.000000,0.000000,0.000000,level walking,cop_invalid
688,2026-05-14 22:59:41,34.400000,2026-5-14_levelground 2_left.csv,level_walking,0.000000,0.000000,350.000000,0.000000,0.000000,0.000000,0.000000,0.000000,0.000000,0.000000,0.000000,0.000000,0.000000,0.000000,0.000000,0.000000,0.000000,0.000000,350.000000,350.000000,0.000000,0.000000,350.000000,0.000000,0.000000,0.000000,0.000000,0.000000,0.000000,0.000000,Swing,0.000000,0.000000,0.000000,level walking,cop_invalid
689,2026-05-14 22:59:41,34.450000,2026-5-14_levelground 2_left.csv,level_walking,0.000000,0.000000,336.000000,0.000000,0.000000,0.000000,0.000000,0.000000,0.000000,0.000000,0.000000,0.000000,0.000000,0.000000,0.000000,0.000000,0.000000,0.000000,336.000000,336.000000,0.000000,0.000000,336.000000,0.000000,0.000000,0.000000,0.000000,0.000000,0.000000,0.000000,Swing,0.000000,0.000000,0.000000,level walking,cop_invalid
690,2026-05-14 22:59:41,34.500000,2026-5-14_levelground 2_left.csv,level_walking,0.000000,0.000000,338.000000,0.000000,0.000000,0.000000,0.000000,0.000000,0.000000,0.000000,0.000000,0.000000,0.000000,0.000000,0.000000,0.000000,0.000000,0.000000,338.000000,338.000000,0.000000,0.000000,338.000000,0.000000,0.000000,0.000000,0.000000,0.000000,0.000000,0.000000,Swing,0.000000,0.000000,0.000000,level walking,cop_invalid
691,2026-05-14 22:59:41,34.550000,2026-5-14_levelground 2_left.csv,level_walking,0.000000,0.000000,338.000000,0.000000,0.000000,0.000000,0.000000,0.000000,0.000000,0.000000,0.000000,0.000000,0.000000,0.000000,0.000000,0.000000,0.000000,0.000000,338.000000,338.000000,0.000000,0.000000,338.000000,0.000000,0.000000,0.000000,0.000000,0.000000,0.000000,0.000000,Swing,0.000000,0.000000,0.000000,level walking,cop_invalid
692,2026-05-14 22:59:41,34.600000,2026-5-14_levelground 2_left.csv,level_walking,0.000000,0.000000,1309.000000,0.000000,0.000000,0.000000,0.000000,0.000000,1119.000000,0.000000,0.000000,0.000000,0.000000,0.000000,0.000000,0.000000,0.000000,0.000000,2428.000000,1309.000000,1119.000000,0.000000,2428.000000,0.000000,0.000000,0.000000,0.000000,0.000000,0.000000,0.000000,Swing,0.000000,0.000000,0.000000,level walking,cop_invalid
693,2026-05-14 22:59:41,34.650000,2026-5-14_levelground 2_left.csv,level_walking,0.000000,0.000000,4590.000000,486.000000,0.000000,0.000000,0.000000,0.000000,4806.000000,1329.000000,0.000000,0.000000,0.000000,0.000000,0.000000,0.000000,0.000000,0.000000,11211.000000,5076.000000,6135.000000,0.000000,11211.000000,0.000000,0.000000,0.000000,0.000000,0.000000,0.000000,0.000000,Swing,0.000000,0.000000,0.000000,level walking,cop_invalid
694,2026-05-14 22:59:41,34.700000,2026-5-14_levelground 2_left.csv,level_walking,0.000000,0.000000,8728.000000,4645.000000,0.000000,0.000000,0.000000,0.000000,8070.000000,5099.000000,0.000000,0.000000,0.000000,0.000000,995.000000,424.000000,0.000000,0.000000,27961.000000,13373.000000,13169.000000,1419.000000,27961.000000,0.000000,53.227475,66.015053,0.136113,-0.337206,0.000000,0.000000,InitialContact,0.000000,0.000000,0.000000,level walking,
695,2026-05-14 22:59:41,34.750000,2026-5-14_levelground 2_left.csv,level_walking,0.000000,0.000000,8728.000000,4645.000000,0.000000,0.000000,0.000000,0.000000,8070.000000,5099.000000,0.000000,0.000000,0.000000,0.000000,995.000000,424.000000,0.000000,0.000000,27961.000000,13373.000000,13169.000000,1419.000000,27961.000000,0.000000,53.227475,66.015053,0.136113,-0.337206,0.000000,0.000000,InitialContact,0.074184,0.000000,0.000000,level walking,
696,2026-05-14 22:59:41,34.800000,2026-5-14_levelground 2_left.csv,level_walking,0.000000,0.000000,8606.000000,4947.000000,0.000000,0.000000,0.000000,0.000000,7713.000000,5108.000000,0.000000,0.000000,0.000000,0.000000,1101.000000,580.000000,0.000000,0.000000,28055.000000,13553.000000,12821.000000,1681.000000,28055.000000,0.000000,53.166527,67.186206,0.141547,-0.335675,0.108682,0.030623,LoadingResponse,0.148368,0.000000,0.000000,level walking,
697,2026-05-14 22:59:41,34.850000,2026-5-14_levelground 2_left.csv,level_walking,0.000000,0.000000,7573.000000,4374.000000,0.000000,0.000000,0.000000,0.000000,6467.000000,4274.000000,0.000000,0.000000,0.000000,0.000000,1079.000000,736.000000,155.000000,0.000000,24658.000000,11947.000000,10741.000000,1970.000000,24658.000000,0.000000,53.242549,69.052329,0.150206,-0.337584,0.173174,-0.038197,LoadingResponse,0.222552,0.000000,0.000000,level walking,
698,2026-05-14 22:59:41,34.900000,2026-5-14_levelground 2_left.csv,level_walking,0.000000,0.000000,6030.000000,2842.000000,0.000000,0.000000,0.000000,0.000000,4845.000000,2694.000000,0.000000,0.000000,146.000000,0.000000,979.000000,1013.000000,840.000000,0.000000,19389.000000,8872.000000,7539.000000,2978.000000,19389.000000,0.000000,54.117671,75.733255,0.181205,-0.359570,0.619982,-0.439705,LoadingResponse,0.296736,0.048310,0.048310,level walking,
699,2026-05-14 22:59:41,34.950000,2026-5-14_levelground 2_left.csv,level_walking,0.000000,0.000000,6030.000000,2842.000000,0.000000,0.000000,0.000000,0.000000,4845.000000,2694.000000,0.000000,0.000000,146.000000,0.000000,979.000000,1013.000000,840.000000,0.000000,19389.000000,8872.000000,7539.000000,2978.000000,19389.000000,0.000000,54.117671,75.733255,0.181205,-0.359570,0.000000,0.000000,LoadingResponse,0.370920,0.048310,0.048310,level walking,
700,2026-05-14 22:59:41,35.000000,2026-5-14_levelground 2_left.csv,level_walking,0.000000,0.000000,5229.000000,2106.000000,0.000000,0.000000,211.000000,0.000000,3949.000000,1757.000000,0.000000,0.000000,839.000000,0.000000,1025.000000,1437.000000,1378.000000,0.000000,17931.000000,7335.000000,5917.000000,4679.000000,17720.000000,211.000000,54.676446,88.340427,0.239701,-0.373607,1.169931,-0.280756,LoadingResponse,0.445104,2.213936,1.500000,level walking,
701,2026-05-14 22:59:41,35.050000,2026-5-14_levelground 2_left.csv,level_walking,1326.000000,0.000000,3846.000000,519.000000,0.000000,0.000000,1644.000000,0.000000,2879.000000,410.000000,0.000000,22.000000,2227.000000,0.000000,831.000000,1989.000000,2182.000000,0.000000,17875.000000,5691.000000,4955.000000,7229.000000,14905.000000,2970.000000,51.252284,123.626594,0.403427,-0.287584,3.274514,1.720468,MidStance,0.519288,8.259589,1.500000,level walking,
702,2026-05-14 22:59:41,35.100000,2026-5-14_levelground 2_left.csv,level_walking,1326.000000,0.000000,3846.000000,519.000000,0.000000,0.000000,1644.000000,0.000000,2879.000000,410.000000,0.000000,22.000000,2227.000000,0.000000,831.000000,1989.000000,2182.000000,0.000000,17875.000000,5691.000000,4955.000000,7229.000000,14905.000000,2970.000000,51.252284,123.626594,0.403427,-0.287584,0.000000,0.000000,MidStance,0.593472,8.259589,1.500000,level walking,
703,2026-05-14 22:59:42,35.150000,2026-5-14_levelground 2_left.csv,level_walking,4930.000000,2072.000000,2252.000000,0.000000,0.000000,0.000000,3877.000000,0.000000,1341.000000,0.000000,0.000000,0.000000,3429.000000,0.000000,0.000000,429.000000,328.000000,0.000000,18658.000000,9254.000000,5218.000000,4186.000000,7779.000000,10879.000000,31.902436,165.079401,0.595766,0.198532,3.846771,9.722320,MidStance,0.667656,16.043174,1.500000,level walking,
704,2026-05-14 22:59:42,35.200000,2026-5-14_levelground 2_left.csv,level_walking,4936.000000,3227.000000,1587.000000,0.000000,0.000000,0.000000,2339.000000,0.000000,590.000000,0.000000,0.000000,0.000000,242.000000,0.000000,0.000000,0.000000,0.000000,0.000000,12921.000000,9750.000000,2929.000000,242.000000,2419.000000,10502.000000,20.766075,174.665198,0.640243,0.478305,0.889551,5.595458,MidStance,0.741840,12.298725,1.500000,level walking,
705,2026-05-14 22:59:42,35.250000,2026-5-14_levelground 2_left.csv,level_walking,4936.000000,3227.000000,1587.000000,0.000000,0.000000,0.000000,2339.000000,0.000000,590.000000,0.000000,0.000000,0.000000,242.000000,0.000000,0.000000,0.000000,0.000000,0.000000,12921.000000,9750.000000,2929.000000,242.000000,2419.000000,10502.000000,20.766075,174.665198,0.640243,0.478305,0.000000,0.000000,MidStance,0.816024,12.298725,1.500000,level walking,
706,2026-05-14 22:59:42,35.300000,2026-5-14_levelground 2_left.csv,level_walking,0.000000,0.000000,167.000000,0.000000,0.000000,0.000000,0.000000,0.000000,0.000000,0.000000,0.000000,0.000000,0.000000,0.000000,0.000000,0.000000,0.000000,0.000000,167.000000,167.000000,0.000000,0.000000,167.000000,0.000000,0.000000,0.000000,0.000000,0.000000,0.000000,0.000000,Swing,0.000000,0.000000,0.000000,level walking,cop_invalid|low_pressure
707,2026-05-14 22:59:42,35.350000,2026-5-14_levelground 2_left.csv,level_walking,0.000000,0.000000,97.000000,0.000000,0.000000,0.000000,0.000000,0.000000,0.000000,0.000000,0.000000,0.000000,0.000000,0.000000,0.000000,0.000000,0.000000,0.000000,97.000000,97.000000,0.000000,0.000000,97.000000,0.000000,0.000000,0.000000,0.000000,0.000000,0.000000,0.000000,Swing,0.000000,0.000000,0.000000,level walking,cop_invalid|low_pressure
708,2026-05-14 22:59:42,35.400000,2026-5-14_levelground 2_left.csv,level_walking,0.000000,0.000000,20.000000,0.000000,0.000000,0.000000,0.000000,0.000000,0.000000,0.000000,0.000000,0.000000,0.000000,0.000000,0.000000,0.000000,0.000000,0.000000,20.000000,20.000000,0.000000,0.000000,20.000000,0.000000,0.000000,0.000000,0.000000,0.000000,0.000000,0.000000,Swing,0.000000,0.000000,0.000000,level walking,cop_invalid|low_pressure
709,2026-05-14 22:59:42,35.450000,2026-5-14_levelground 2_left.csv,level_walking,0.000000,0.000000,20.000000,0.000000,0.000000,0.000000,0.000000,0.000000,0.000000,0.000000,0.000000,0.000000,0.000000,0.000000,0.000000,0.000000,0.000000,0.000000,20.000000,20.000000,0.000000,0.000000,20.000000,0.000000,0.000000,0.000000,0.000000,0.000000,0.000000,0.000000,Swing,0.000000,0.000000,0.000000,level walking,cop_invalid|low_pressure
710,2026-05-14 22:59:42,35.500000,2026-5-14_levelground 2_left.csv,level_walking,0.000000,0.000000,0.000000,0.000000,0.000000,0.000000,0.000000,0.000000,0.000000,0.000000,0.000000,0.000000,0.000000,0.000000,0.000000,0.000000,0.000000,0.000000,0.000000,0.000000,0.000000,0.000000,0.000000,0.000000,0.000000,0.000000,0.000000,0.000000,0.000000,0.000000,Swing,0.000000,0.000000,0.000000,level walking,cop_invalid|low_pressure
711,2026-05-14 22:59:42,35.550000,2026-5-14_levelground 2_left.csv,level_walking,0.000000,0.000000,0.000000,0.000000,0.000000,0.000000,0.000000,0.000000,0.000000,0.000000,0.000000,0.000000,0.000000,0.000000,0.000000,0.000000,0.000000,0.000000,0.000000,0.000000,0.000000,0.000000,0.000000,0.000000,0.000000,0.000000,0.000000,0.000000,0.000000,0.000000,Swing,0.000000,0.000000,0.000000,level walking,cop_invalid|low_pressure
712,2026-05-14 22:59:42,35.600000,2026-5-14_levelground 2_left.csv,level_walking,0.000000,0.000000,0.000000,0.000000,0.000000,0.000000,0.000000,0.000000,0.000000,0.000000,0.000000,0.000000,0.000000,0.000000,0.000000,0.000000,0.000000,0.000000,0.000000,0.000000,0.000000,0.000000,0.000000,0.000000,0.000000,0.000000,0.000000,0.000000,0.000000,0.000000,Swing,0.000000,0.000000,0.000000,level walking,cop_invalid|low_pressure
713,2026-05-14 22:59:42,35.650000,2026-5-14_levelground 2_left.csv,level_walking,0.000000,0.000000,0.000000,0.000000,0.000000,0.000000,0.000000,0.000000,0.000000,0.000000,0.000000,0.000000,0.000000,0.000000,0.000000,0.000000,0.000000,0.000000,0.000000,0.000000,0.000000,0.000000,0.000000,0.000000,0.000000,0.000000,0.000000,0.000000,0.000000,0.000000,Swing,0.000000,0.000000,0.000000,level walking,cop_invalid|low_pressure
714,2026-05-14 22:59:42,35.700000,2026-5-14_levelground 2_left.csv,level_walking,0.000000,0.000000,11.000000,0.000000,0.000000,0.000000,0.000000,0.000000,0.000000,0.000000,0.000000,0.000000,0.000000,0.000000,0.000000,0.000000,0.000000,0.000000,11.000000,11.000000,0.000000,0.000000,11.000000,0.000000,0.000000,0.000000,0.000000,0.000000,0.000000,0.000000,Swing,0.000000,0.000000,0.000000,level walking,cop_invalid|low_pressure
715,2026-05-14 22:59:42,35.750000,2026-5-14_levelground 2_left.csv,level_walking,0.000000,0.000000,11.000000,0.000000,0.000000,0.000000,0.000000,0.000000,0.000000,0.000000,0.000000,0.000000,0.000000,0.000000,0.000000,0.000000,0.000000,0.000000,11.000000,11.000000,0.000000,0.000000,11.000000,0.000000,0.000000,0.000000,0.000000,0.000000,0.000000,0.000000,Swing,0.000000,0.000000,0.000000,level walking,cop_invalid|low_pressure
716,2026-05-14 22:59:42,35.800000,2026-5-14_levelground 2_left.csv,level_walking,0.000000,0.000000,4861.000000,466.000000,0.000000,0.000000,0.000000,0.000000,4999.000000,824.000000,0.000000,0.000000,0.000000,0.000000,0.000000,0.000000,0.000000,0.000000,11150.000000,5327.000000,5823.000000,0.000000,11150.000000,0.000000,0.000000,0.000000,0.000000,0.000000,0.000000,0.000000,Swing,0.000000,0.000000,0.000000,level walking,cop_invalid
717,2026-05-14 22:59:42,35.850000,2026-5-14_levelground 2_left.csv,level_walking,0.000000,0.000000,7972.000000,5470.000000,0.000000,0.000000,0.000000,0.000000,7380.000000,5635.000000,0.000000,0.000000,0.000000,0.000000,1717.000000,1031.000000,320.000000,0.000000,29525.000000,13442.000000,13015.000000,3068.000000,29525.000000,0.000000,0.000000,0.000000,0.000000,0.000000,0.000000,0.000000,Swing,0.000000,0.000000,0.000000,level walking,cop_invalid
718,2026-05-14 22:59:42,35.900000,2026-5-14_levelground 2_left.csv,level_walking,0.000000,0.000000,7168.000000,5407.000000,0.000000,0.000000,0.000000,0.000000,6552.000000,5215.000000,448.000000,0.000000,213.000000,0.000000,2324.000000,1730.000000,1233.000000,0.000000,30290.000000,12575.000000,12215.000000,5500.000000,30290.000000,0.000000,55.048981,80.923708,0.205288,-0.382966,0.000000,0.000000,InitialContact,0.000000,1.584140,1.500000,level walking,
719,2026-05-14 22:59:42,35.950000,2026-5-14_levelground 2_left.csv,level_walking,0.000000,0.000000,7168.000000,5407.000000,0.000000,0.000000,0.000000,0.000000,6552.000000,5215.000000,448.000000,0.000000,213.000000,0.000000,2324.000000,1730.000000,1233.000000,0.000000,30290.000000,12575.000000,12215.000000,5500.000000,30290.000000,0.000000,55.048981,80.923708,0.205288,-0.382966,0.000000,0.000000,InitialContact,0.073616,1.584140,1.500000,level walking,
720,2026-05-14 22:59:42,36.000000,2026-5-14_levelground 2_left.csv,level_walking,0.000000,0.000000,5074.000000,3382.000000,0.000000,0.000000,0.000000,0.000000,4664.000000,3267.000000,384.000000,0.000000,937.000000,0.000000,2087.000000,1977.000000,1781.000000,0.000000,23553.000000,8456.000000,8315.000000,6782.000000,23553.000000,0.000000,56.273270,91.608926,0.254867,-0.413724,0.991576,-0.615143,LoadingResponse,0.147232,3.646809,1.500000,level walking,
721,2026-05-14 22:59:42,36.050000,2026-5-14_levelground 2_left.csv,level_walking,0.000000,0.000000,2153.000000,443.000000,0.000000,0.000000,811.000000,0.000000,2372.000000,562.000000,0.000000,1.000000,2310.000000,0.000000,1734.000000,2608.000000,2583.000000,0.000000,15577.000000,2596.000000,3746.000000,9235.000000,14766.000000,811.000000,58.803722,127.812567,0.422850,-0.477295,3.359655,-1.271424,MidStance,0.220848,7.823445,1.500000,level walking,
722,2026-05-14 22:59:42,36.100000,2026-5-14_levelground 2_left.csv,level_walking,0.000000,0.000000,2153.000000,443.000000,0.000000,0.000000,811.000000,0.000000,2372.000000,562.000000,0.000000,1.000000,2310.000000,0.000000,1734.000000,2608.000000,2583.000000,0.000000,15577.000000,2596.000000,3746.000000,9235.000000,14766.000000,811.000000,58.803722,127.812567,0.422850,-0.477295,0.000000,0.000000,MidStance,0.294464,7.823445,1.500000,level walking,
723,2026-05-14 22:59:43,36.150000,2026-5-14_levelground 2_left.csv,level_walking,224.000000,0.000000,1924.000000,0.000000,0.000000,0.000000,1648.000000,0.000000,1879.000000,0.000000,0.000000,216.000000,3392.000000,0.000000,1479.000000,2844.000000,3223.000000,0.000000,16829.000000,2148.000000,3743.000000,10938.000000,14957.000000,1872.000000,56.881464,144.530947,0.500422,-0.429003,1.551446,0.965837,MidStance,0.368080,11.152116,1.500000,level walking,
724,2026-05-14 22:59:43,36.200000,2026-5-14_levelground 2_left.csv,level_walking,1523.000000,0.000000,2012.000000,0.000000,0.000000,0.000000,2900.000000,0.000000,1818.000000,0.000000,0.000000,94.000000,4842.000000,0.000000,1229.000000,2807.000000,4142.000000,0.000000,21367.000000,3535.000000,4812.000000,13020.000000,16944.000000,4423.000000,52.468075,154.682651,0.547525,-0.318128,0.942066,2.217505,MidStance,0.441696,16.240801,1.500000,level walking,
725,2026-05-14 22:59:43,36.250000,2026-5-14_levelground 2_left.csv,level_walking,1523.000000,0.000000,2012.000000,0.000000,0.000000,0.000000,2900.000000,0.000000,1818.000000,0.000000,0.000000,94.000000,4842.000000,0.000000,1229.000000,2807.000000,4142.000000,0.000000,21367.000000,3535.000000,4812.000000,13020.000000,16944.000000,4423.000000,52.468075,154.682651,0.547525,-0.318128,0.000000,0.000000,MidStance,0.515312,16.240801,1.500000,level walking,
726,2026-05-14 22:59:43,36.300000,2026-5-14_levelground 2_left.csv,level_walking,4366.000000,0.000000,1605.000000,0.000000,0.000000,0.000000,5003.000000,0.000000,1403.000000,0.000000,0.000000,0.000000,5941.000000,194.000000,552.000000,1330.000000,2800.000000,0.000000,23194.000000,5971.000000,6406.000000,10817.000000,13631.000000,9563.000000,42.728954,166.926284,0.604335,-0.073457,1.136195,4.893416,MidStance,0.588928,20.354535,1.500000,level walking,
727,2026-05-14 22:59:43,36.350000,2026-5-14_levelground 2_left.csv,level_walking,5192.000000,866.000000,811.000000,0.000000,0.000000,0.000000,3901.000000,0.000000,661.000000,0.000000,0.000000,0.000000,2944.000000,374.000000,0.000000,692.000000,523.000000,0.000000,15964.000000,6869.000000,4562.000000,4533.000000,5631.000000,10333.000000,32.002883,177.002051,0.651086,0.196008,0.935019,5.389308,TerminalStance,0.662544,15.553157,1.500000,level walking,
728,2026-05-14 22:59:43,36.400000,2026-5-14_levelground 2_left.csv,level_walking,5192.000000,866.000000,811.000000,0.000000,0.000000,0.000000,3901.000000,0.000000,661.000000,0.000000,0.000000,0.000000,2944.000000,374.000000,0.000000,692.000000,523.000000,0.000000,15964.000000,6869.000000,4562.000000,4533.000000,5631.000000,10333.000000,32.002883,177.002051,0.651086,0.196008,0.000000,0.000000,TerminalStance,0.736160,15.553157,1.500000,level walking,
729,2026-05-14 22:59:43,36.450000,2026-5-14_levelground 2_left.csv,level_walking,2942.000000,883.000000,346.000000,0.000000,0.000000,0.000000,1283.000000,0.000000,24.000000,0.000000,0.000000,0.000000,962.000000,0.000000,0.000000,0.000000,0.000000,0.000000,6440.000000,4171.000000,1307.000000,962.000000,1332.000000,5108.000000,22.474335,185.589764,0.690932,0.435389,0.796930,4.787614,TerminalStance,0.809776,6.804967,1.500000,level walking,
730,2026-05-14 22:59:43,36.500000,2026-5-14_levelground 2_left.csv,level_walking,0.000000,0.000000,0.000000,0.000000,0.000000,0.000000,0.000000,0.000000,0.000000,0.000000,0.000000,0.000000,0.000000,0.000000,0.000000,0.000000,0.000000,0.000000,0.000000,0.000000,0.000000,0.000000,0.000000,0.000000,0.000000,0.000000,0.000000,0.000000,0.000000,0.000000,Swing,0.000000,0.000000,0.000000,level walking,cop_invalid|low_pressure
731,2026-05-14 22:59:43,36.550000,2026-5-14_levelground 2_left.csv,level_walking,0.000000,0.000000,0.000000,0.000000,0.000000,0.000000,0.000000,0.000000,0.000000,0.000000,0.000000,0.000000,0.000000,0.000000,0.000000,0.000000,0.000000,0.000000,0.000000,0.000000,0.000000,0.000000,0.000000,0.000000,0.000000,0.000000,0.000000,0.000000,0.000000,0.000000,Swing,0.000000,0.000000,0.000000,level walking,cop_invalid|low_pressure
732,2026-05-14 22:59:43,36.600000,2026-5-14_levelground 2_left.csv,level_walking,0.000000,0.000000,0.000000,0.000000,0.000000,0.000000,0.000000,0.000000,0.000000,0.000000,0.000000,0.000000,0.000000,0.000000,0.000000,0.000000,0.000000,0.000000,0.000000,0.000000,0.000000,0.000000,0.000000,0.000000,0.000000,0.000000,0.000000,0.000000,0.000000,0.000000,Swing,0.000000,0.000000,0.000000,level walking,cop_invalid|low_pressure
733,2026-05-14 22:59:43,36.650000,2026-5-14_levelground 2_left.csv,level_walking,0.000000,0.000000,0.000000,0.000000,0.000000,0.000000,0.000000,0.000000,0.000000,0.000000,0.000000,0.000000,0.000000,0.000000,0.000000,0.000000,0.000000,0.000000,0.000000,0.000000,0.000000,0.000000,0.000000,0.000000,0.000000,0.000000,0.000000,0.000000,0.000000,0.000000,Swing,0.000000,0.000000,0.000000,level walking,cop_invalid|low_pressure
734,2026-05-14 22:59:43,36.700000,2026-5-14_levelground 2_left.csv,level_walking,0.000000,0.000000,0.000000,0.000000,0.000000,0.000000,0.000000,0.000000,0.000000,0.000000,0.000000,0.000000,0.000000,0.000000,0.000000,0.000000,0.000000,0.000000,0.000000,0.000000,0.000000,0.000000,0.000000,0.000000,0.000000,0.000000,0.000000,0.000000,0.000000,0.000000,Swing,0.000000,0.000000,0.000000,level walking,cop_invalid|low_pressure
735,2026-05-14 22:59:43,36.750000,2026-5-14_levelground 2_left.csv,level_walking,0.000000,0.000000,0.000000,0.000000,0.000000,0.000000,0.000000,0.000000,0.000000,0.000000,0.000000,0.000000,0.000000,0.000000,0.000000,0.000000,0.000000,0.000000,0.000000,0.000000,0.000000,0.000000,0.000000,0.000000,0.000000,0.000000,0.000000,0.000000,0.000000,0.000000,Swing,0.000000,0.000000,0.000000,level walking,cop_invalid|low_pressure
736,2026-05-14 22:59:43,36.800000,2026-5-14_levelground 2_left.csv,level_walking,0.000000,0.000000,0.000000,0.000000,0.000000,0.000000,0.000000,0.000000,0.000000,0.000000,0.000000,0.000000,0.000000,0.000000,0.000000,0.000000,0.000000,0.000000,0.000000,0.000000,0.000000,0.000000,0.000000,0.000000,0.000000,0.000000,0.000000,0.000000,0.000000,0.000000,Swing,0.000000,0.000000,0.000000,level walking,cop_invalid|low_pressure
737,2026-05-14 22:59:43,36.850000,2026-5-14_levelground 2_left.csv,level_walking,0.000000,0.000000,4260.000000,508.000000,0.000000,0.000000,0.000000,0.000000,4661.000000,734.000000,0.000000,0.000000,0.000000,0.000000,0.000000,0.000000,0.000000,0.000000,10163.000000,4768.000000,5395.000000,0.000000,10163.000000,0.000000,0.000000,0.000000,0.000000,0.000000,0.000000,0.000000,Swing,0.000000,0.000000,0.000000,level walking,cop_invalid
738,2026-05-14 22:59:43,36.900000,2026-5-14_levelground 2_left.csv,level_walking,0.000000,0.000000,4260.000000,508.000000,0.000000,0.000000,0.000000,0.000000,4661.000000,734.000000,0.000000,0.000000,0.000000,0.000000,0.000000,0.000000,0.000000,0.000000,10163.000000,4768.000000,5395.000000,0.000000,10163.000000,0.000000,0.000000,0.000000,0.000000,0.000000,0.000000,0.000000,Swing,0.000000,0.000000,0.000000,level walking,cop_invalid
739,2026-05-14 22:59:43,36.950000,2026-5-14_levelground 2_left.csv,level_walking,0.000000,0.000000,5841.000000,3711.000000,0.000000,0.000000,0.000000,0.000000,5813.000000,4028.000000,0.000000,0.000000,0.000000,0.000000,1325.000000,681.000000,0.000000,0.000000,21399.000000,9552.000000,9841.000000,2006.000000,21399.000000,0.000000,54.195942,70.028059,0.154733,-0.361536,0.000000,0.000000,InitialContact,0.000000,0.000000,0.000000,level walking,
740,2026-05-14 22:59:43,37.000000,2026-5-14_levelground 2_left.csv,level_walking,0.000000,0.000000,8217.000000,6087.000000,0.000000,0.000000,0.000000,0.000000,6839.000000,5349.000000,140.000000,0.000000,0.000000,0.000000,1662.000000,1123.000000,560.000000,0.000000,29977.000000,14304.000000,12328.000000,3345.000000,29977.000000,0.000000,53.505771,73.763742,0.172066,-0.344197,0.346667,0.346776,InitialContact,0.073168,0.000000,0.000000,level walking,
741,2026-05-14 22:59:43,37.050000,2026-5-14_levelground 2_left.csv,level_walking,0.000000,0.000000,6493.000000,5138.000000,0.000000,0.000000,0.000000,0.000000,5250.000000,4208.000000,463.000000,0.000000,518.000000,0.000000,1606.000000,1356.000000,1213.000000,0.000000,26245.000000,11631.000000,9921.000000,4693.000000,26245.000000,0.000000,54.096320,82.188639,0.211157,-0.359033,0.781820,-0.296721,LoadingResponse,0.146336,1.691158,1.500000,level walking,
742,2026-05-14 22:59:43,37.100000,2026-5-14_levelground 2_left.csv,level_walking,0.000000,0.000000,6493.000000,5138.000000,0.000000,0.000000,0.000000,0.000000,5250.000000,4208.000000,463.000000,0.000000,518.000000,0.000000,1606.000000,1356.000000,1213.000000,0.000000,26245.000000,11631.000000,9921.000000,4693.000000,26245.000000,0.000000,54.096320,82.188639,0.211157,-0.359033,0.000000,0.000000,LoadingResponse,0.219504,1.691158,1.500000,level walking,
743,2026-05-14 22:59:44,37.150000,2026-5-14_levelground 2_left.csv,level_walking,0.000000,0.000000,4147.000000,2278.000000,0.000000,0.000000,237.000000,0.000000,3130.000000,1633.000000,0.000000,0.000000,1084.000000,0.000000,1002.000000,1333.000000,1262.000000,0.000000,16106.000000,6425.000000,5000.000000,4681.000000,15869.000000,237.000000,54.567661,93.371490,0.263045,-0.370875,1.037755,-0.236825,LoadingResponse,0.292672,2.766168,1.500000,level walking,
744,2026-05-14 22:59:44,37.200000,2026-5-14_levelground 2_left.csv,level_walking,242.000000,0.000000,2020.000000,332.000000,0.000000,0.000000,883.000000,0.000000,1862.000000,50.000000,0.000000,0.000000,1706.000000,0.000000,670.000000,1343.000000,1531.000000,0.000000,10639.000000,2594.000000,2795.000000,5250.000000,9514.000000,1125.000000,54.555020,125.244685,0.410935,-0.370557,2.957795,0.006351,MidStance,0.365839,5.081208,1.500000,level walking,
745,2026-05-14 22:59:44,37.250000,2026-5-14_levelground 2_left.csv,level_walking,242.000000,0.000000,2020.000000,332.000000,0.000000,0.000000,883.000000,0.000000,1862.000000,50.000000,0.000000,0.000000,1706.000000,0.000000,670.000000,1343.000000,1531.000000,0.000000,10639.000000,2594.000000,2795.000000,5250.000000,9514.000000,1125.000000,54.555020,125.244685,0.410935,-0.370557,0.000000,0.000000,MidStance,0.439007,5.081208,1.500000,level walking,
746,2026-05-14 22:59:44,37.300000,2026-5-14_levelground 2_left.csv,level_walking,1087.000000,0.000000,1490.000000,0.000000,0.000000,0.000000,1857.000000,0.000000,1385.000000,0.000000,0.000000,0.000000,2992.000000,0.000000,681.000000,1818.000000,2313.000000,0.000000,13623.000000,2577.000000,3242.000000,7804.000000,10679.000000,2944.000000,51.693651,150.884958,0.529904,-0.298672,2.379387,1.437693,MidStance,0.512175,9.858222,1.500000,level walking,
747,2026-05-14 22:59:44,37.350000,2026-5-14_levelground 2_left.csv,level_walking,1776.000000,0.000000,1670.000000,0.000000,0.000000,0.000000,2782.000000,0.000000,1515.000000,0.000000,0.000000,0.000000,4394.000000,0.000000,883.000000,2130.000000,3389.000000,0.000000,18539.000000,3446.000000,4297.000000,10796.000000,13981.000000,4558.000000,50.521196,157.117205,0.558821,-0.269217,0.578345,0.589100,MidStance,0.585343,14.524379,1.500000,level walking,
748,2026-05-14 22:59:44,37.400000,2026-5-14_levelground 2_left.csv,level_walking,1776.000000,0.000000,1670.000000,0.000000,0.000000,0.000000,2782.000000,0.000000,1515.000000,0.000000,0.000000,0.000000,4394.000000,0.000000,883.000000,2130.000000,3389.000000,0.000000,18539.000000,3446.000000,4297.000000,10796.000000,13981.000000,4558.000000,50.521196,157.117205,0.558821,-0.269217,0.000000,0.000000,MidStance,0.658511,14.524379,1.500000,level walking,
749,2026-05-14 22:59:44,37.450000,2026-5-14_levelground 2_left.csv,level_walking,3300.000000,0.000000,1705.000000,0.000000,0.000000,0.000000,4138.000000,0.000000,1455.000000,0.000000,0.000000,0.000000,5908.000000,0.000000,769.000000,1607.000000,3847.000000,0.000000,22729.000000,5005.000000,5593.000000,12131.000000,15291.000000,7438.000000,46.473785,164.130045,0.591361,-0.167536,0.650783,2.033620,MidStance,0.731679,19.336583,1.500000,level walking,
750,2026-05-14 22:59:44,37.500000,2026-5-14_levelground 2_left.csv,level_walking,3300.000000,0.000000,1705.000000,0.000000,0.000000,0.000000,4138.000000,0.000000,1455.000000,0.000000,0.000000,0.000000,5908.000000,0.000000,769.000000,1607.000000,3847.000000,0.000000,22729.000000,5005.000000,5593.000000,12131.000000,15291.000000,7438.000000,46.473785,164.130045,0.591361,-0.167536,0.000000,0.000000,MidStance,0.804847,19.336583,1.500000,level walking,
751,2026-05-14 22:59:44,37.550000,2026-5-14_levelground 2_left.csv,level_walking,0.000000,0.000000,0.000000,0.000000,0.000000,0.000000,0.000000,0.000000,0.000000,0.000000,0.000000,0.000000,0.000000,0.000000,0.000000,0.000000,0.000000,0.000000,0.000000,0.000000,0.000000,0.000000,0.000000,0.000000,0.000000,0.000000,0.000000,0.000000,0.000000,0.000000,Swing,0.000000,0.000000,0.000000,level walking,cop_invalid|low_pressure
752,2026-05-14 22:59:44,37.600000,2026-5-14_levelground 2_left.csv,level_walking,0.000000,0.000000,0.000000,0.000000,0.000000,0.000000,0.000000,0.000000,0.000000,0.000000,0.000000,0.000000,0.000000,0.000000,0.000000,0.000000,0.000000,0.000000,0.000000,0.000000,0.000000,0.000000,0.000000,0.000000,0.000000,0.000000,0.000000,0.000000,0.000000,0.000000,Swing,0.000000,0.000000,0.000000,level walking,cop_invalid|low_pressure
753,2026-05-14 22:59:44,37.650000,2026-5-14_levelground 2_left.csv,level_walking,0.000000,0.000000,0.000000,0.000000,0.000000,0.000000,0.000000,0.000000,0.000000,0.000000,0.000000,0.000000,0.000000,0.000000,0.000000,0.000000,0.000000,0.000000,0.000000,0.000000,0.000000,0.000000,0.000000,0.000000,0.000000,0.000000,0.000000,0.000000,0.000000,0.000000,Swing,0.000000,0.000000,0.000000,level walking,cop_invalid|low_pressure
754,2026-05-14 22:59:44,37.700000,2026-5-14_levelground 2_left.csv,level_walking,0.000000,0.000000,0.000000,0.000000,0.000000,0.000000,0.000000,0.000000,0.000000,0.000000,0.000000,0.000000,0.000000,0.000000,0.000000,0.000000,0.000000,0.000000,0.000000,0.000000,0.000000,0.000000,0.000000,0.000000,0.000000,0.000000,0.000000,0.000000,0.000000,0.000000,Swing,0.000000,0.000000,0.000000,level walking,cop_invalid|low_pressure
755,2026-05-14 22:59:44,37.750000,2026-5-14_levelground 2_left.csv,level_walking,0.000000,0.000000,0.000000,0.000000,0.000000,0.000000,0.000000,0.000000,0.000000,0.000000,0.000000,0.000000,0.000000,0.000000,0.000000,0.000000,0.000000,0.000000,0.000000,0.000000,0.000000,0.000000,0.000000,0.000000,0.000000,0.000000,0.000000,0.000000,0.000000,0.000000,Swing,0.000000,0.000000,0.000000,level walking,cop_invalid|low_pressure
756,2026-05-14 22:59:44,37.800000,2026-5-14_levelground 2_left.csv,level_walking,0.000000,0.000000,0.000000,0.000000,0.000000,0.000000,0.000000,0.000000,0.000000,0.000000,0.000000,0.000000,0.000000,0.000000,0.000000,0.000000,0.000000,0.000000,0.000000,0.000000,0.000000,0.000000,0.000000,0.000000,0.000000,0.000000,0.000000,0.000000,0.000000,0.000000,Swing,0.000000,0.000000,0.000000,level walking,cop_invalid|low_pressure
757,2026-05-14 22:59:44,37.850000,2026-5-14_levelground 2_left.csv,level_walking,0.000000,0.000000,0.000000,0.000000,0.000000,0.000000,0.000000,0.000000,0.000000,0.000000,0.000000,0.000000,0.000000,0.000000,0.000000,0.000000,0.000000,0.000000,0.000000,0.000000,0.000000,0.000000,0.000000,0.000000,0.000000,0.000000,0.000000,0.000000,0.000000,0.000000,Swing,0.000000,0.000000,0.000000,level walking,cop_invalid|low_pressure
758,2026-05-14 22:59:44,37.900000,2026-5-14_levelground 2_left.csv,level_walking,0.000000,0.000000,0.000000,0.000000,0.000000,0.000000,0.000000,0.000000,0.000000,0.000000,0.000000,0.000000,0.000000,0.000000,0.000000,0.000000,0.000000,0.000000,0.000000,0.000000,0.000000,0.000000,0.000000,0.000000,0.000000,0.000000,0.000000,0.000000,0.000000,0.000000,Swing,0.000000,0.000000,0.000000,level walking,cop_invalid|low_pressure
759,2026-05-14 22:59:44,37.950000,2026-5-14_levelground 2_left.csv,level_walking,0.000000,0.000000,925.000000,0.000000,0.000000,0.000000,0.000000,0.000000,1441.000000,0.000000,0.000000,0.000000,0.000000,0.000000,0.000000,0.000000,0.000000,0.000000,2366.000000,925.000000,1441.000000,0.000000,2366.000000,0.000000,0.000000,0.000000,0.000000,0.000000,0.000000,0.000000,Swing,0.000000,0.000000,0.000000,level walking,cop_invalid
760,2026-05-14 22:59:44,38.000000,2026-5-14_levelground 2_left.csv,level_walking,0.000000,0.000000,925.000000,0.000000,0.000000,0.000000,0.000000,0.000000,1441.000000,0.000000,0.000000,0.000000,0.000000,0.000000,0.000000,0.000000,0.000000,0.000000,2366.000000,925.000000,1441.000000,0.000000,2366.000000,0.000000,0.000000,0.000000,0.000000,0.000000,0.000000,0.000000,Swing,0.000000,0.000000,0.000000,level walking,cop_invalid
761,2026-05-14 22:59:44,38.050000,2026-5-14_levelground 2_left.csv,level_walking,0.000000,0.000000,4829.000000,1440.000000,0.000000,0.000000,0.000000,0.000000,4851.000000,1680.000000,0.000000,0.000000,0.000000,0.000000,112.000000,0.000000,0.000000,0.000000,12912.000000,6269.000000,6531.000000,112.000000,12912.000000,0.000000,52.849000,58.849542,0.102865,-0.327698,0.000000,0.000000,InitialContact,0.000000,0.000000,0.000000,level walking,
762,2026-05-14 22:59:44,38.100000,2026-5-14_levelground 2_left.csv,level_walking,0.000000,0.000000,6593.000000,4338.000000,0.000000,0.000000,0.000000,0.000000,6177.000000,4709.000000,0.000000,0.000000,0.000000,0.000000,1548.000000,1053.000000,0.000000,0.000000,24418.000000,10931.000000,10886.000000,2601.000000,24418.000000,0.000000,54.251016,71.611504,0.162080,-0.362920,1.184295,-0.704442,InitialContact,0.072813,0.000000,0.000000,level walking,
763,2026-05-14 22:59:45,38.150000,2026-5-14_levelground 2_left.csv,level_walking,0.000000,0.000000,7719.000000,5872.000000,0.000000,0.000000,0.000000,0.000000,6661.000000,5501.000000,150.000000,0.000000,0.000000,0.000000,1919.000000,1315.000000,733.000000,0.000000,29870.000000,13591.000000,12312.000000,3967.000000,29870.000000,0.000000,54.129036,75.863521,0.181809,-0.359855,0.394582,0.061289,LoadingResponse,0.145627,0.111764,0.111764,level walking,
764,2026-05-14 22:59:45,38.200000,2026-5-14_levelground 2_left.csv,level_walking,0.000000,0.000000,7719.000000,5872.000000,0.000000,0.000000,0.000000,0.000000,6661.000000,5501.000000,150.000000,0.000000,0.000000,0.000000,1919.000000,1315.000000,733.000000,0.000000,29870.000000,13591.000000,12312.000000,3967.000000,29870.000000,0.000000,54.129036,75.863521,0.181809,-0.359855,0.000000,0.000000,LoadingResponse,0.218440,0.111764,0.111764,level walking,
765,2026-05-14 22:59:45,38.250000,2026-5-14_levelground 2_left.csv,level_walking,0.000000,0.000000,4961.000000,3459.000000,0.000000,0.000000,0.000000,0.000000,4176.000000,3070.000000,129.000000,0.000000,462.000000,0.000000,1587.000000,1587.000000,1145.000000,0.000000,20576.000000,8420.000000,7375.000000,4781.000000,20576.000000,0.000000,55.291418,85.473201,0.226398,-0.389057,0.891767,-0.584038,LoadingResponse,0.291253,1.974389,1.500000,level walking,
766,2026-05-14 22:59:45,38.300000,2026-5-14_levelground 2_left.csv,level_walking,0.000000,0.000000,3602.000000,1908.000000,0.000000,0.000000,0.000000,0.000000,2991.000000,1623.000000,0.000000,0.000000,1076.000000,0.000000,1409.000000,1831.000000,1650.000000,0.000000,16090.000000,5510.000000,4614.000000,5966.000000,16090.000000,0.000000,56.820810,98.784663,0.288162,-0.427479,1.235288,-0.768443,LoadingResponse,0.364066,3.599210,1.500000,level walking,
767,2026-05-14 22:59:45,38.350000,2026-5-14_levelground 2_left.csv,level_walking,0.000000,0.000000,3602.000000,1908.000000,0.000000,0.000000,0.000000,0.000000,2991.000000,1623.000000,0.000000,0.000000,1076.000000,0.000000,1409.000000,1831.000000,1650.000000,0.000000,16090.000000,5510.000000,4614.000000,5966.000000,16090.000000,0.000000,56.820810,98.784663,0.288162,-0.427479,0.000000,0.000000,LoadingResponse,0.436880,3.599210,1.500000,level walking,
768,2026-05-14 22:59:45,38.400000,2026-5-14_levelground 2_left.csv,level_walking,0.000000,0.000000,3096.000000,1293.000000,0.000000,0.000000,338.000000,0.000000,2556.000000,939.000000,0.000000,0.000000,1655.000000,0.000000,1297.000000,1927.000000,2000.000000,0.000000,15101.000000,4389.000000,3833.000000,6879.000000,14763.000000,338.000000,56.904845,110.741723,0.343642,-0.429590,1.109601,-0.042223,LoadingResponse,0.509693,5.110662,1.500000,level walking,
769,2026-05-14 22:59:45,38.450000,2026-5-14_levelground 2_left.csv,level_walking,407.000000,0.000000,2309.000000,463.000000,0.000000,0.000000,1148.000000,0.000000,2068.000000,283.000000,0.000000,0.000000,2638.000000,0.000000,1163.000000,2361.000000,2669.000000,0.000000,15509.000000,3179.000000,3499.000000,8831.000000,13954.000000,1555.000000,55.886630,133.688826,0.450115,-0.404010,2.129464,0.511601,MidStance,0.582506,8.663821,1.500000,level walking,
770,2026-05-14 22:59:45,38.500000,2026-5-14_levelground 2_left.csv,level_walking,407.000000,0.000000,2309.000000,463.000000,0.000000,0.000000,1148.000000,0.000000,2068.000000,283.000000,0.000000,0.000000,2638.000000,0.000000,1163.000000,2361.000000,2669.000000,0.000000,15509.000000,3179.000000,3499.000000,8831.000000,13954.000000,1555.000000,55.886630,133.688826,0.450115,-0.404010,0.000000,0.000000,MidStance,0.655319,8.663821,1.500000,level walking,
771,2026-05-14 22:59:45,38.550000,2026-5-14_levelground 2_left.csv,level_walking,407.000000,0.000000,2309.000000,463.000000,0.000000,0.000000,1148.000000,0.000000,2068.000000,283.000000,0.000000,0.000000,2638.000000,0.000000,1163.000000,2361.000000,2669.000000,0.000000,15509.000000,3179.000000,3499.000000,8831.000000,13954.000000,1555.000000,55.886630,133.688826,0.450115,-0.404010,0.000000,0.000000,MidStance,0.728133,8.663821,1.500000,level walking,
772,2026-05-14 22:59:45,38.600000,2026-5-14_levelground 2_left.csv,level_walking,5399.000000,1498.000000,901.000000,0.000000,0.000000,0.000000,4201.000000,0.000000,817.000000,0.000000,0.000000,0.000000,3891.000000,438.000000,0.000000,817.000000,1177.000000,0.000000,19139.000000,7798.000000,5018.000000,6323.000000,7603.000000,11536.000000,33.664509,178.285629,0.657042,0.154264,4.138530,11.165492,TerminalStance,0.800946,18.882185,1.500000,level walking,
773,2026-05-14 22:59:45,38.650000,2026-5-14_levelground 2_left.csv,level_walking,538.000000,0.000000,0.000000,0.000000,0.000000,0.000000,0.000000,0.000000,0.000000,0.000000,0.000000,0.000000,0.000000,0.000000,0.000000,0.000000,0.000000,0.000000,538.000000,538.000000,0.000000,0.000000,0.000000,538.000000,12.080000,188.140000,0.702765,0.696521,0.914474,10.845125,PreSwing,0.873759,0.581655,0.581655,level walking,
774,2026-05-14 22:59:45,38.700000,2026-5-14_levelground 2_left.csv,level_walking,538.000000,0.000000,0.000000,0.000000,0.000000,0.000000,0.000000,0.000000,0.000000,0.000000,0.000000,0.000000,0.000000,0.000000,0.000000,0.000000,0.000000,0.000000,538.000000,538.000000,0.000000,0.000000,0.000000,538.000000,12.080000,188.140000,0.702765,0.696521,0.000000,0.000000,PreSwing,0.946573,0.581655,0.581655,level walking,
775,2026-05-14 22:59:45,38.750000,2026-5-14_levelground 2_left.csv,level_walking,538.000000,0.000000,0.000000,0.000000,0.000000,0.000000,0.000000,0.000000,0.000000,0.000000,0.000000,0.000000,0.000000,0.000000,0.000000,0.000000,0.000000,0.000000,538.000000,538.000000,0.000000,0.000000,0.000000,538.000000,0.000000,0.000000,0.000000,0.000000,0.000000,0.000000,Swing,0.000000,0.000000,0.000000,level walking,cop_invalid
776,2026-05-14 22:59:45,38.800000,2026-5-14_levelground 2_left.csv,level_walking,0.000000,0.000000,0.000000,0.000000,0.000000,0.000000,0.000000,0.000000,0.000000,0.000000,0.000000,0.000000,0.000000,0.000000,0.000000,0.000000,0.000000,0.000000,0.000000,0.000000,0.000000,0.000000,0.000000,0.000000,0.000000,0.000000,0.000000,0.000000,0.000000,0.000000,Swing,0.000000,0.000000,0.000000,level walking,cop_invalid|low_pressure
777,2026-05-14 22:59:45,38.850000,2026-5-14_levelground 2_left.csv,level_walking,0.000000,0.000000,0.000000,0.000000,0.000000,0.000000,0.000000,0.000000,0.000000,0.000000,0.000000,0.000000,0.000000,0.000000,0.000000,0.000000,0.000000,0.000000,0.000000,0.000000,0.000000,0.000000,0.000000,0.000000,0.000000,0.000000,0.000000,0.000000,0.000000,0.000000,Swing,0.000000,0.000000,0.000000,level walking,cop_invalid|low_pressure
778,2026-05-14 22:59:45,38.900000,2026-5-14_levelground 2_left.csv,level_walking,0.000000,0.000000,0.000000,0.000000,0.000000,0.000000,0.000000,0.000000,0.000000,0.000000,0.000000,0.000000,0.000000,0.000000,0.000000,0.000000,0.000000,0.000000,0.000000,0.000000,0.000000,0.000000,0.000000,0.000000,0.000000,0.000000,0.000000,0.000000,0.000000,0.000000,Swing,0.000000,0.000000,0.000000,level walking,cop_invalid|low_pressure
779,2026-05-14 22:59:45,38.950000,2026-5-14_levelground 2_left.csv,level_walking,0.000000,0.000000,0.000000,0.000000,0.000000,0.000000,0.000000,0.000000,0.000000,0.000000,0.000000,0.000000,0.000000,0.000000,0.000000,0.000000,0.000000,0.000000,0.000000,0.000000,0.000000,0.000000,0.000000,0.000000,0.000000,0.000000,0.000000,0.000000,0.000000,0.000000,Swing,0.000000,0.000000,0.000000,level walking,cop_invalid|low_pressure
780,2026-05-14 22:59:45,39.000000,2026-5-14_levelground 2_left.csv,level_walking,0.000000,0.000000,0.000000,0.000000,0.000000,0.000000,0.000000,0.000000,0.000000,0.000000,0.000000,0.000000,0.000000,0.000000,0.000000,0.000000,0.000000,0.000000,0.000000,0.000000,0.000000,0.000000,0.000000,0.000000,0.000000,0.000000,0.000000,0.000000,0.000000,0.000000,Swing,0.000000,0.000000,0.000000,level walking,cop_invalid|low_pressure
781,2026-05-14 22:59:45,39.050000,2026-5-14_levelground 2_left.csv,level_walking,0.000000,0.000000,0.000000,0.000000,0.000000,0.000000,0.000000,0.000000,0.000000,0.000000,0.000000,0.000000,0.000000,0.000000,0.000000,0.000000,0.000000,0.000000,0.000000,0.000000,0.000000,0.000000,0.000000,0.000000,0.000000,0.000000,0.000000,0.000000,0.000000,0.000000,Swing,0.000000,0.000000,0.000000,level walking,cop_invalid|low_pressure
782,2026-05-14 22:59:45,39.100000,2026-5-14_levelground 2_left.csv,level_walking,0.000000,0.000000,0.000000,0.000000,0.000000,0.000000,0.000000,0.000000,0.000000,0.000000,0.000000,0.000000,0.000000,0.000000,0.000000,0.000000,0.000000,0.000000,0.000000,0.000000,0.000000,0.000000,0.000000,0.000000,0.000000,0.000000,0.000000,0.000000,0.000000,0.000000,Swing,0.000000,0.000000,0.000000,level walking,cop_invalid|low_pressure
783,2026-05-14 22:59:46,39.150000,2026-5-14_levelground 2_left.csv,level_walking,0.000000,0.000000,4560.000000,1536.000000,0.000000,0.000000,0.000000,0.000000,4134.000000,1505.000000,0.000000,0.000000,0.000000,0.000000,0.000000,0.000000,0.000000,0.000000,11735.000000,6096.000000,5639.000000,0.000000,11735.000000,0.000000,0.000000,0.000000,0.000000,0.000000,0.000000,0.000000,Swing,0.000000,0.000000,0.000000,level walking,cop_invalid
784,2026-05-14 22:59:46,39.200000,2026-5-14_levelground 2_left.csv,level_walking,0.000000,0.000000,6077.000000,3801.000000,0.000000,0.000000,0.000000,0.000000,5138.000000,3683.000000,0.000000,0.000000,0.000000,0.000000,791.000000,544.000000,0.000000,0.000000,20034.000000,9878.000000,8821.000000,1335.000000,20034.000000,0.000000,0.000000,0.000000,0.000000,0.000000,0.000000,0.000000,Swing,0.000000,0.000000,0.000000,level walking,cop_invalid
785,2026-05-14 22:59:46,39.250000,2026-5-14_levelground 2_left.csv,level_walking,0.000000,0.000000,6077.000000,3801.000000,0.000000,0.000000,0.000000,0.000000,5138.000000,3683.000000,0.000000,0.000000,0.000000,0.000000,791.000000,544.000000,0.000000,0.000000,20034.000000,9878.000000,8821.000000,1335.000000,20034.000000,0.000000,52.977921,68.403837,0.147197,-0.330936,0.000000,0.000000,InitialContact,0.000000,0.000000,0.000000,level walking,
786,2026-05-14 22:59:46,39.300000,2026-5-14_levelground 2_left.csv,level_walking,0.000000,0.000000,7115.000000,5037.000000,0.000000,0.000000,0.000000,0.000000,5336.000000,4084.000000,0.000000,0.000000,0.000000,0.000000,916.000000,541.000000,312.000000,0.000000,23341.000000,12152.000000,9420.000000,1769.000000,23341.000000,0.000000,52.357830,70.423949,0.156570,-0.315358,0.187464,0.311565,InitialContact,0.072532,0.000000,0.000000,level walking,
787,2026-05-14 22:59:46,39.350000,2026-5-14_levelground 2_left.csv,level_walking,0.000000,0.000000,5592.000000,3760.000000,0.000000,0.000000,0.000000,0.000000,4067.000000,3113.000000,82.000000,0.000000,299.000000,0.000000,976.000000,838.000000,722.000000,0.000000,19449.000000,9352.000000,7262.000000,2835.000000,19449.000000,0.000000,53.306986,77.648147,0.190090,-0.339203,0.670397,-0.476903,LoadingResponse,0.145064,0.405840,0.405840,level walking,
788,2026-05-14 22:59:46,39.400000,2026-5-14_levelground 2_left.csv,level_walking,0.000000,0.000000,3746.000000,1826.000000,0.000000,0.000000,147.000000,0.000000,2781.000000,1534.000000,0.000000,0.000000,727.000000,0.000000,812.000000,998.000000,974.000000,0.000000,13545.000000,5572.000000,4462.000000,3511.000000,13398.000000,147.000000,54.497243,89.143183,0.243426,-0.369105,1.066726,-0.598044,LoadingResponse,0.217596,1.776738,1.500000,level walking,
789,2026-05-14 22:59:46,39.450000,2026-5-14_levelground 2_left.csv,level_walking,0.000000,0.000000,3746.000000,1826.000000,0.000000,0.000000,147.000000,0.000000,2781.000000,1534.000000,0.000000,0.000000,727.000000,0.000000,812.000000,998.000000,974.000000,0.000000,13545.000000,5572.000000,4462.000000,3511.000000,13398.000000,147.000000,54.497243,89.143183,0.243426,-0.369105,0.000000,0.000000,LoadingResponse,0.290128,1.776738,1.500000,level walking,
790,2026-05-14 22:59:46,39.500000,2026-5-14_levelground 2_left.csv,level_walking,142.000000,0.000000,2491.000000,770.000000,0.000000,0.000000,549.000000,0.000000,2061.000000,606.000000,0.000000,0.000000,1111.000000,0.000000,799.000000,1161.000000,1231.000000,0.000000,10921.000000,3403.000000,3216.000000,4302.000000,10230.000000,691.000000,54.929981,108.729281,0.334304,-0.379977,1.817567,-0.217429,LoadingResponse,0.362660,3.485117,1.500000,level walking,
791,2026-05-14 22:59:46,39.550000,2026-5-14_levelground 2_left.csv,level_walking,925.000000,0.000000,1769.000000,11.000000,0.000000,0.000000,1274.000000,0.000000,1624.000000,0.000000,0.000000,0.000000,2049.000000,0.000000,898.000000,1933.000000,1945.000000,0.000000,12428.000000,2705.000000,2898.000000,6825.000000,10229.000000,2199.000000,53.272482,139.921241,0.479033,-0.338336,2.894577,0.832809,MidStance,0.435192,7.685946,1.500000,level walking,
792,2026-05-14 22:59:46,39.600000,2026-5-14_levelground 2_left.csv,level_walking,925.000000,0.000000,1769.000000,11.000000,0.000000,0.000000,1274.000000,0.000000,1624.000000,0.000000,0.000000,0.000000,2049.000000,0.000000,898.000000,1933.000000,1945.000000,0.000000,12428.000000,2705.000000,2898.000000,6825.000000,10229.000000,2199.000000,53.272482,139.921241,0.479033,-0.338336,0.000000,0.000000,MidStance,0.507724,7.685946,1.500000,level walking,
793,2026-05-14 22:59:46,39.650000,2026-5-14_levelground 2_left.csv,level_walking,1318.000000,0.000000,1883.000000,0.000000,0.000000,0.000000,1455.000000,0.000000,1573.000000,0.000000,0.000000,0.000000,2354.000000,0.000000,977.000000,2185.000000,2356.000000,0.000000,14101.000000,3201.000000,3028.000000,7872.000000,11328.000000,2773.000000,52.486822,144.100271,0.498424,-0.318599,0.387809,0.394755,MidStance,0.580256,9.286069,1.500000,level walking,
794,2026-05-14 22:59:46,39.700000,2026-5-14_levelground 2_left.csv,level_walking,1035.000000,0.000000,1616.000000,0.000000,0.000000,0.000000,713.000000,0.000000,878.000000,0.000000,0.000000,0.000000,1132.000000,0.000000,593.000000,1260.000000,1483.000000,0.000000,8710.000000,2651.000000,1591.000000,4468.000000,6962.000000,1748.000000,51.117639,138.833699,0.473987,-0.284201,-0.488732,0.687945,MidStance,0.652788,5.295697,1.500000,level walking,
795,2026-05-14 22:59:46,39.750000,2026-5-14_levelground 2_left.csv,level_walking,1035.000000,0.000000,1616.000000,0.000000,0.000000,0.000000,713.000000,0.000000,878.000000,0.000000,0.000000,0.000000,1132.000000,0.000000,593.000000,1260.000000,1483.000000,0.000000,8710.000000,2651.000000,1591.000000,4468.000000,6962.000000,1748.000000,51.117639,138.833699,0.473987,-0.284201,0.000000,0.000000,MidStance,0.725321,5.295697,1.500000,level walking,
796,2026-05-14 22:59:46,39.800000,2026-5-14_levelground 2_left.csv,level_walking,170.000000,0.000000,580.000000,0.000000,0.000000,0.000000,0.000000,0.000000,107.000000,0.000000,0.000000,0.000000,0.000000,0.000000,8.000000,293.000000,0.000000,0.000000,1158.000000,750.000000,107.000000,301.000000,988.000000,170.000000,46.607522,96.853489,0.279201,-0.170896,-3.895714,2.266106,LoadingResponse,0.797853,0.237576,0.237576,level walking,
797,2026-05-14 22:59:46,39.850000,2026-5-14_levelground 2_left.csv,level_walking,0.000000,0.000000,0.000000,0.000000,0.000000,0.000000,0.000000,0.000000,0.000000,0.000000,0.000000,0.000000,0.000000,0.000000,0.000000,0.000000,0.000000,0.000000,0.000000,0.000000,0.000000,0.000000,0.000000,0.000000,0.000000,0.000000,0.000000,0.000000,0.000000,0.000000,Swing,0.000000,0.000000,0.000000,level walking,cop_invalid|low_pressure
798,2026-05-14 22:59:46,39.900000,2026-5-14_levelground 2_left.csv,level_walking,0.000000,0.000000,0.000000,0.000000,0.000000,0.000000,0.000000,0.000000,0.000000,0.000000,0.000000,0.000000,0.000000,0.000000,0.000000,0.000000,0.000000,0.000000,0.000000,0.000000,0.000000,0.000000,0.000000,0.000000,0.000000,0.000000,0.000000,0.000000,0.000000,0.000000,Swing,0.000000,0.000000,0.000000,level walking,cop_invalid|low_pressure
799,2026-05-14 22:59:46,39.950000,2026-5-14_levelground 2_left.csv,level_walking,0.000000,0.000000,0.000000,0.000000,0.000000,0.000000,0.000000,0.000000,0.000000,0.000000,0.000000,0.000000,0.000000,0.000000,0.000000,0.000000,0.000000,0.000000,0.000000,0.000000,0.000000,0.000000,0.000000,0.000000,0.000000,0.000000,0.000000,0.000000,0.000000,0.000000,Swing,0.000000,0.000000,0.000000,level walking,cop_invalid|low_pressure
800,2026-05-14 22:59:46,40.000000,2026-5-14_levelground 2_left.csv,level_walking,0.000000,0.000000,0.000000,0.000000,0.000000,0.000000,0.000000,0.000000,0.000000,0.000000,0.000000,0.000000,0.000000,0.000000,0.000000,0.000000,0.000000,0.000000,0.000000,0.000000,0.000000,0.000000,0.000000,0.000000,0.000000,0.000000,0.000000,0.000000,0.000000,0.000000,Swing,0.000000,0.000000,0.000000,level walking,cop_invalid|low_pressure
801,2026-05-14 22:59:46,40.050000,2026-5-14_levelground 2_left.csv,level_walking,0.000000,0.000000,0.000000,0.000000,0.000000,0.000000,0.000000,0.000000,0.000000,0.000000,0.000000,0.000000,0.000000,0.000000,0.000000,0.000000,0.000000,0.000000,0.000000,0.000000,0.000000,0.000000,0.000000,0.000000,0.000000,0.000000,0.000000,0.000000,0.000000,0.000000,Swing,0.000000,0.000000,0.000000,level walking,cop_invalid|low_pressure
802,2026-05-14 22:59:46,40.100000,2026-5-14_levelground 2_left.csv,level_walking,0.000000,0.000000,0.000000,0.000000,0.000000,0.000000,0.000000,0.000000,0.000000,0.000000,0.000000,0.000000,0.000000,0.000000,0.000000,0.000000,0.000000,0.000000,0.000000,0.000000,0.000000,0.000000,0.000000,0.000000,0.000000,0.000000,0.000000,0.000000,0.000000,0.000000,Swing,0.000000,0.000000,0.000000,level walking,cop_invalid|low_pressure
803,2026-05-14 22:59:47,40.150000,2026-5-14_levelground 2_left.csv,level_walking,0.000000,0.000000,0.000000,0.000000,0.000000,0.000000,0.000000,0.000000,0.000000,0.000000,0.000000,0.000000,0.000000,0.000000,0.000000,0.000000,0.000000,0.000000,0.000000,0.000000,0.000000,0.000000,0.000000,0.000000,0.000000,0.000000,0.000000,0.000000,0.000000,0.000000,Swing,0.000000,0.000000,0.000000,level walking,cop_invalid|low_pressure
804,2026-05-14 22:59:47,40.200000,2026-5-14_levelground 2_left.csv,level_walking,0.000000,0.000000,0.000000,0.000000,0.000000,0.000000,0.000000,0.000000,0.000000,0.000000,0.000000,0.000000,0.000000,0.000000,0.000000,0.000000,0.000000,0.000000,0.000000,0.000000,0.000000,0.000000,0.000000,0.000000,0.000000,0.000000,0.000000,0.000000,0.000000,0.000000,Swing,0.000000,0.000000,0.000000,level walking,cop_invalid|low_pressure
805,2026-05-14 22:59:47,40.250000,2026-5-14_levelground 2_left.csv,level_walking,0.000000,0.000000,0.000000,0.000000,0.000000,0.000000,0.000000,0.000000,0.000000,0.000000,0.000000,0.000000,0.000000,0.000000,0.000000,0.000000,0.000000,0.000000,0.000000,0.000000,0.000000,0.000000,0.000000,0.000000,0.000000,0.000000,0.000000,0.000000,0.000000,0.000000,Swing,0.000000,0.000000,0.000000,level walking,cop_invalid|low_pressure
806,2026-05-14 22:59:47,40.300000,2026-5-14_levelground 2_left.csv,level_walking,0.000000,0.000000,2904.000000,746.000000,0.000000,0.000000,0.000000,0.000000,2415.000000,840.000000,0.000000,0.000000,0.000000,0.000000,241.000000,330.000000,0.000000,0.000000,7476.000000,3650.000000,3255.000000,571.000000,7476.000000,0.000000,0.000000,0.000000,0.000000,0.000000,0.000000,0.000000,Swing,0.000000,0.000000,0.000000,level walking,cop_invalid
807,2026-05-14 22:59:47,40.350000,2026-5-14_levelground 2_left.csv,level_walking,0.000000,0.000000,2904.000000,746.000000,0.000000,0.000000,0.000000,0.000000,2415.000000,840.000000,0.000000,0.000000,0.000000,0.000000,241.000000,330.000000,0.000000,0.000000,7476.000000,3650.000000,3255.000000,571.000000,7476.000000,0.000000,0.000000,0.000000,0.000000,0.000000,0.000000,0.000000,Swing,0.000000,0.000000,0.000000,level walking,cop_invalid
808,2026-05-14 22:59:47,40.400000,2026-5-14_levelground 2_left.csv,level_walking,0.000000,0.000000,2904.000000,746.000000,0.000000,0.000000,0.000000,0.000000,2415.000000,840.000000,0.000000,0.000000,0.000000,0.000000,241.000000,330.000000,0.000000,0.000000,7476.000000,3650.000000,3255.000000,571.000000,7476.000000,0.000000,53.184999,64.033483,0.126919,-0.336139,0.000000,0.000000,InitialContact,0.000000,0.000000,0.000000,level walking,
809,2026-05-14 22:59:47,40.450000,2026-5-14_levelground 2_left.csv,level_walking,0.000000,0.000000,5165.000000,3063.000000,0.000000,0.000000,0.000000,0.000000,4694.000000,3362.000000,0.000000,0.000000,0.000000,0.000000,1464.000000,938.000000,0.000000,0.000000,18686.000000,8228.000000,8056.000000,2402.000000,18686.000000,0.000000,54.529759,72.451735,0.165979,-0.369922,0.781204,-0.675674,InitialContact,0.073370,0.000000,0.000000,level walking,
810,2026-05-14 22:59:47,40.500000,2026-5-14_levelground 2_left.csv,level_walking,0.000000,0.000000,6278.000000,3503.000000,0.000000,0.000000,0.000000,0.000000,6157.000000,5050.000000,0.000000,0.000000,0.000000,0.000000,2807.000000,1572.000000,0.000000,0.000000,25367.000000,9781.000000,11207.000000,4379.000000,25367.000000,0.000000,56.025050,75.679942,0.180957,-0.407488,0.299574,-0.751308,LoadingResponse,0.146739,0.050228,0.050228,level walking,
811,2026-05-14 22:59:47,40.550000,2026-5-14_levelground 2_left.csv,level_walking,0.000000,0.000000,6278.000000,3503.000000,0.000000,0.000000,0.000000,0.000000,6157.000000,5050.000000,0.000000,0.000000,0.000000,0.000000,2807.000000,1572.000000,0.000000,0.000000,25367.000000,9781.000000,11207.000000,4379.000000,25367.000000,0.000000,56.025050,75.679942,0.180957,-0.407488,0.000000,0.000000,LoadingResponse,0.220109,0.050228,0.050228,level walking,
812,2026-05-14 22:59:47,40.600000,2026-5-14_levelground 2_left.csv,level_walking,0.000000,0.000000,6384.000000,3278.000000,0.000000,0.000000,0.000000,0.000000,6591.000000,5591.000000,0.000000,0.000000,0.000000,0.000000,3413.000000,1923.000000,0.000000,0.000000,27180.000000,9662.000000,12182.000000,5336.000000,27180.000000,0.000000,56.852764,77.245751,0.188223,-0.428282,0.145305,-0.415884,LoadingResponse,0.293479,0.462210,0.462210,level walking,
813,2026-05-14 22:59:47,40.650000,2026-5-14_levelground 2_left.csv,level_walking,0.000000,0.000000,6196.000000,3216.000000,0.000000,0.000000,0.000000,0.000000,6746.000000,5901.000000,0.000000,0.000000,0.000000,0.000000,3934.000000,2476.000000,0.000000,0.000000,28469.000000,9412.000000,12647.000000,6410.000000,28469.000000,0.000000,57.601345,79.591544,0.199107,-0.447088,0.217687,-0.376124,LoadingResponse,0.366848,1.124972,1.124972,level walking,
814,2026-05-14 22:59:47,40.700000,2026-5-14_levelground 2_left.csv,level_walking,0.000000,0.000000,6196.000000,3216.000000,0.000000,0.000000,0.000000,0.000000,6746.000000,5901.000000,0.000000,0.000000,0.000000,0.000000,3934.000000,2476.000000,0.000000,0.000000,28469.000000,9412.000000,12647.000000,6410.000000,28469.000000,0.000000,57.601345,79.591544,0.199107,-0.447088,0.000000,0.000000,LoadingResponse,0.440218,1.124972,1.124972,level walking,
815,2026-05-14 22:59:47,40.750000,2026-5-14_levelground 2_left.csv,level_walking,0.000000,0.000000,5912.000000,3209.000000,0.000000,0.000000,0.000000,0.000000,6372.000000,5693.000000,0.000000,0.000000,0.000000,0.000000,4076.000000,2679.000000,185.000000,0.000000,28126.000000,9121.000000,12065.000000,6940.000000,28126.000000,0.000000,57.863087,81.696511,0.208874,-0.453664,0.195338,-0.131512,LoadingResponse,0.513588,1.679541,1.500000,level walking,
816,2026-05-14 22:59:47,40.800000,2026-5-14_levelground 2_left.csv,level_walking,0.000000,0.000000,5570.000000,3345.000000,0.000000,0.000000,0.000000,0.000000,6036.000000,5596.000000,0.000000,0.000000,0.000000,0.000000,4205.000000,3178.000000,567.000000,0.000000,28497.000000,8915.000000,11632.000000,7950.000000,28497.000000,0.000000,58.317095,85.313766,0.225658,-0.465070,0.335677,-0.228116,LoadingResponse,0.586958,2.690857,1.500000,level walking,
817,2026-05-14 22:59:47,40.850000,2026-5-14_levelground 2_left.csv,level_walking,0.000000,0.000000,4783.000000,3109.000000,0.000000,0.000000,0.000000,0.000000,4871.000000,4369.000000,269.000000,0.000000,0.000000,0.000000,4317.000000,4108.000000,2005.000000,0.000000,27831.000000,7892.000000,9509.000000,10430.000000,27831.000000,0.000000,59.392970,95.891995,0.274740,-0.492098,0.981647,-0.540573,LoadingResponse,0.660327,5.453050,1.500000,level walking,
818,2026-05-14 22:59:47,40.900000,2026-5-14_levelground 2_left.csv,level_walking,0.000000,0.000000,4783.000000,3109.000000,0.000000,0.000000,0.000000,0.000000,4871.000000,4369.000000,269.000000,0.000000,0.000000,0.000000,4317.000000,4108.000000,2005.000000,0.000000,27831.000000,7892.000000,9509.000000,10430.000000,27831.000000,0.000000,59.392970,95.891995,0.274740,-0.492098,0.000000,0.000000,LoadingResponse,0.733697,5.453050,1.500000,level walking,
819,2026-05-14 22:59:47,40.950000,2026-5-14_levelground 2_left.csv,level_walking,0.000000,0.000000,3431.000000,1351.000000,0.000000,0.000000,0.000000,0.000000,3590.000000,2156.000000,332.000000,319.000000,1661.000000,0.000000,3745.000000,4912.000000,3962.000000,0.000000,25459.000000,4782.000000,6397.000000,14280.000000,25459.000000,0.000000,61.138824,117.590890,0.375422,-0.535958,2.013632,-0.877203,LoadingResponse,0.807067,10.289419,1.500000,level walking,
820,2026-05-14 22:59:47,41.000000,2026-5-14_levelground 2_left.csv,level_walking,2202.000000,109.000000,1609.000000,0.000000,0.000000,0.000000,3790.000000,0.000000,1641.000000,0.000000,0.000000,0.000000,5465.000000,0.000000,1441.000000,2513.000000,4147.000000,0.000000,22917.000000,3920.000000,5431.000000,13566.000000,16816.000000,6101.000000,50.179021,160.580621,0.574892,-0.260621,3.989396,5.506747,MidStance,0.880436,18.715965,1.500000,level walking,
821,2026-05-14 22:59:47,41.050000,2026-5-14_levelground 2_left.csv,level_walking,2202.000000,109.000000,1609.000000,0.000000,0.000000,0.000000,3790.000000,0.000000,1641.000000,0.000000,0.000000,0.000000,5465.000000,0.000000,1441.000000,2513.000000,4147.000000,0.000000,22917.000000,3920.000000,5431.000000,13566.000000,16816.000000,6101.000000,50.179021,160.580621,0.574892,-0.260621,0.000000,0.000000,MidStance,0.953806,18.715965,1.500000,level walking,
822,2026-05-14 22:59:47,41.100000,2026-5-14_levelground 2_left.csv,level_walking,2600.000000,903.000000,1197.000000,0.000000,0.000000,0.000000,3404.000000,0.000000,1098.000000,0.000000,0.000000,0.000000,3966.000000,0.000000,553.000000,1464.000000,1666.000000,0.000000,16851.000000,4700.000000,4502.000000,7649.000000,9944.000000,6907.000000,42.499138,166.142229,0.600697,-0.067683,0.516111,3.858753,MidStance,1.000000,14.661277,1.500000,level walking,
823,2026-05-14 22:59:48,41.150000,2026-5-14_levelground 2_left.csv,level_walking,2600.000000,903.000000,1197.000000,0.000000,0.000000,0.000000,3404.000000,0.000000,1098.000000,0.000000,0.000000,0.000000,3966.000000,0.000000,553.000000,1464.000000,1666.000000,0.000000,16851.000000,4700.000000,4502.000000,7649.000000,9944.000000,6907.000000,42.499138,166.142229,0.600697,-0.067683,0.000000,0.000000,MidStance,1.000000,14.661277,1.500000,level walking,
824,2026-05-14 22:59:48,41.200000,2026-5-14_levelground 2_left.csv,level_walking,2149.000000,1898.000000,474.000000,0.000000,0.000000,0.000000,897.000000,0.000000,227.000000,0.000000,0.000000,0.000000,283.000000,0.000000,0.000000,338.000000,0.000000,0.000000,6266.000000,4521.000000,1124.000000,621.000000,1322.000000,4944.000000,22.141398,182.722656,0.677629,0.443753,1.538644,10.228735,PreSwing,1.000000,6.448712,1.500000,level walking,
825,2026-05-14 22:59:48,41.250000,2026-5-14_levelground 2_left.csv,level_walking,0.000000,0.000000,0.000000,0.000000,0.000000,0.000000,0.000000,0.000000,0.000000,0.000000,0.000000,0.000000,0.000000,0.000000,0.000000,0.000000,0.000000,0.000000,0.000000,0.000000,0.000000,0.000000,0.000000,0.000000,0.000000,0.000000,0.000000,0.000000,0.000000,0.000000,Swing,0.000000,0.000000,0.000000,level walking,cop_invalid|low_pressure
826,2026-05-14 22:59:48,41.300000,2026-5-14_levelground 2_left.csv,level_walking,0.000000,0.000000,0.000000,0.000000,0.000000,0.000000,0.000000,0.000000,0.000000,0.000000,0.000000,0.000000,0.000000,0.000000,0.000000,0.000000,0.000000,0.000000,0.000000,0.000000,0.000000,0.000000,0.000000,0.000000,0.000000,0.000000,0.000000,0.000000,0.000000,0.000000,Swing,0.000000,0.000000,0.000000,level walking,cop_invalid|low_pressure
827,2026-05-14 22:59:48,41.350000,2026-5-14_levelground 2_left.csv,level_walking,0.000000,0.000000,0.000000,0.000000,0.000000,0.000000,0.000000,0.000000,0.000000,0.000000,0.000000,0.000000,0.000000,0.000000,0.000000,0.000000,0.000000,0.000000,0.000000,0.000000,0.000000,0.000000,0.000000,0.000000,0.000000,0.000000,0.000000,0.000000,0.000000,0.000000,Swing,0.000000,0.000000,0.000000,level walking,cop_invalid|low_pressure
828,2026-05-14 22:59:48,41.400000,2026-5-14_levelground 2_left.csv,level_walking,0.000000,0.000000,0.000000,0.000000,0.000000,0.000000,0.000000,0.000000,0.000000,0.000000,0.000000,0.000000,0.000000,0.000000,0.000000,0.000000,0.000000,0.000000,0.000000,0.000000,0.000000,0.000000,0.000000,0.000000,0.000000,0.000000,0.000000,0.000000,0.000000,0.000000,Swing,0.000000,0.000000,0.000000,level walking,cop_invalid|low_pressure
829,2026-05-14 22:59:48,41.450000,2026-5-14_levelground 2_left.csv,level_walking,0.000000,0.000000,0.000000,0.000000,0.000000,0.000000,0.000000,0.000000,0.000000,0.000000,0.000000,0.000000,0.000000,0.000000,0.000000,0.000000,0.000000,0.000000,0.000000,0.000000,0.000000,0.000000,0.000000,0.000000,0.000000,0.000000,0.000000,0.000000,0.000000,0.000000,Swing,0.000000,0.000000,0.000000,level walking,cop_invalid|low_pressure
830,2026-05-14 22:59:48,41.500000,2026-5-14_levelground 2_left.csv,level_walking,0.000000,0.000000,0.000000,0.000000,0.000000,0.000000,0.000000,0.000000,0.000000,0.000000,0.000000,0.000000,0.000000,0.000000,0.000000,0.000000,0.000000,0.000000,0.000000,0.000000,0.000000,0.000000,0.000000,0.000000,0.000000,0.000000,0.000000,0.000000,0.000000,0.000000,Swing,0.000000,0.000000,0.000000,level walking,cop_invalid|low_pressure
831,2026-05-14 22:59:48,41.550000,2026-5-14_levelground 2_left.csv,level_walking,0.000000,0.000000,0.000000,0.000000,0.000000,0.000000,0.000000,0.000000,0.000000,0.000000,0.000000,0.000000,0.000000,0.000000,0.000000,0.000000,0.000000,0.000000,0.000000,0.000000,0.000000,0.000000,0.000000,0.000000,0.000000,0.000000,0.000000,0.000000,0.000000,0.000000,Swing,0.000000,0.000000,0.000000,level walking,cop_invalid|low_pressure
832,2026-05-14 22:59:48,41.600000,2026-5-14_levelground 2_left.csv,level_walking,0.000000,0.000000,0.000000,0.000000,0.000000,0.000000,0.000000,0.000000,0.000000,0.000000,0.000000,0.000000,0.000000,0.000000,0.000000,0.000000,0.000000,0.000000,0.000000,0.000000,0.000000,0.000000,0.000000,0.000000,0.000000,0.000000,0.000000,0.000000,0.000000,0.000000,Swing,0.000000,0.000000,0.000000,level walking,cop_invalid|low_pressure
833,2026-05-14 22:59:48,41.650000,2026-5-14_levelground 2_left.csv,level_walking,0.000000,0.000000,3710.000000,0.000000,0.000000,0.000000,0.000000,0.000000,4603.000000,357.000000,0.000000,0.000000,0.000000,0.000000,0.000000,0.000000,0.000000,0.000000,8670.000000,3710.000000,4960.000000,0.000000,8670.000000,0.000000,0.000000,0.000000,0.000000,0.000000,0.000000,0.000000,Swing,0.000000,0.000000,0.000000,level walking,cop_invalid
834,2026-05-14 22:59:48,41.700000,2026-5-14_levelground 2_left.csv,level_walking,0.000000,0.000000,3710.000000,0.000000,0.000000,0.000000,0.000000,0.000000,4603.000000,357.000000,0.000000,0.000000,0.000000,0.000000,0.000000,0.000000,0.000000,0.000000,8670.000000,3710.000000,4960.000000,0.000000,8670.000000,0.000000,0.000000,0.000000,0.000000,0.000000,0.000000,0.000000,Swing,0.000000,0.000000,0.000000,level walking,cop_invalid
835,2026-05-14 22:59:48,41.750000,2026-5-14_levelground 2_left.csv,level_walking,0.000000,0.000000,3710.000000,0.000000,0.000000,0.000000,0.000000,0.000000,4603.000000,357.000000,0.000000,0.000000,0.000000,0.000000,0.000000,0.000000,0.000000,0.000000,8670.000000,3710.000000,4960.000000,0.000000,8670.000000,0.000000,54.175548,51.256235,0.067633,-0.361024,0.000000,0.000000,InitialContact,0.000000,0.000000,0.000000,level walking,
836,2026-05-14 22:59:48,41.800000,2026-5-14_levelground 2_left.csv,level_walking,0.000000,0.000000,8005.000000,4845.000000,0.000000,0.000000,0.000000,0.000000,7482.000000,5484.000000,0.000000,0.000000,0.000000,0.000000,1582.000000,786.000000,0.000000,0.000000,28184.000000,12850.000000,12966.000000,2368.000000,28184.000000,0.000000,53.921092,69.387109,0.151759,-0.354631,1.682524,0.127851,InitialContact,0.068010,0.000000,0.000000,level walking,
837,2026-05-14 22:59:48,41.850000,2026-5-14_levelground 2_left.csv,level_walking,0.000000,0.000000,8065.000000,5490.000000,0.000000,0.000000,0.000000,0.000000,7368.000000,5943.000000,114.000000,0.000000,0.000000,0.000000,2266.000000,1355.000000,254.000000,0.000000,30855.000000,13555.000000,13425.000000,3875.000000,30855.000000,0.000000,54.478201,73.785828,0.172169,-0.368627,0.408196,-0.279919,LoadingResponse,0.136020,0.000000,0.000000,level walking,
838,2026-05-14 22:59:48,41.900000,2026-5-14_levelground 2_left.csv,level_walking,0.000000,0.000000,8065.000000,5490.000000,0.000000,0.000000,0.000000,0.000000,7368.000000,5943.000000,114.000000,0.000000,0.000000,0.000000,2266.000000,1355.000000,254.000000,0.000000,30855.000000,13555.000000,13425.000000,3875.000000,30855.000000,0.000000,54.478201,73.785828,0.172169,-0.368627,0.000000,0.000000,LoadingResponse,0.204030,0.000000,0.000000,level walking,
839,2026-05-14 22:59:48,41.950000,2026-5-14_levelground 2_left.csv,level_walking,0.000000,0.000000,8065.000000,5490.000000,0.000000,0.000000,0.000000,0.000000,7368.000000,5943.000000,114.000000,0.000000,0.000000,0.000000,2266.000000,1355.000000,254.000000,0.000000,30855.000000,13555.000000,13425.000000,3875.000000,30855.000000,0.000000,54.478201,73.785828,0.172169,-0.368627,0.000000,0.000000,LoadingResponse,0.272041,0.000000,0.000000,level walking,
840,2026-05-14 22:59:48,42.000000,2026-5-14_levelground 2_left.csv,level_walking,0.000000,0.000000,4143.000000,2332.000000,0.000000,0.000000,0.000000,0.000000,3828.000000,2703.000000,169.000000,0.000000,1126.000000,0.000000,2517.000000,2819.000000,2215.000000,0.000000,21852.000000,6475.000000,6700.000000,8677.000000,21852.000000,0.000000,58.230721,100.908436,0.298016,-0.462900,2.516946,-1.885452,LoadingResponse,0.340051,5.333462,1.500000,level walking,
841,2026-05-14 22:59:48,42.050000,2026-5-14_levelground 2_left.csv,level_walking,0.000000,0.000000,1813.000000,200.000000,0.000000,0.000000,904.000000,0.000000,2416.000000,528.000000,0.000000,528.000000,2720.000000,0.000000,2778.000000,3995.000000,3797.000000,0.000000,19679.000000,2013.000000,4376.000000,13290.000000,18775.000000,904.000000,60.737231,136.900255,0.465016,-0.525869,3.339998,-1.259394,MidStance,0.408061,11.599759,1.500000,level walking,
842,2026-05-14 22:59:48,42.100000,2026-5-14_levelground 2_left.csv,level_walking,0.000000,0.000000,1813.000000,200.000000,0.000000,0.000000,904.000000,0.000000,2416.000000,528.000000,0.000000,528.000000,2720.000000,0.000000,2778.000000,3995.000000,3797.000000,0.000000,19679.000000,2013.000000,4376.000000,13290.000000,18775.000000,904.000000,60.737231,136.900255,0.465016,-0.525869,0.000000,0.000000,MidStance,0.476071,11.599759,1.500000,level walking,
843,2026-05-14 22:59:49,42.150000,2026-5-14_levelground 2_left.csv,level_walking,0.000000,0.000000,1509.000000,0.000000,0.000000,0.000000,1668.000000,0.000000,2064.000000,24.000000,0.000000,888.000000,4116.000000,0.000000,2688.000000,4768.000000,5152.000000,0.000000,22877.000000,1509.000000,4644.000000,16724.000000,21209.000000,1668.000000,59.998856,149.771490,0.524738,-0.507320,1.194435,0.370996,MidStance,0.544081,16.310401,1.500000,level walking,
844,2026-05-14 22:59:49,42.200000,2026-5-14_levelground 2_left.csv,level_walking,0.000000,0.000000,1509.000000,0.000000,0.000000,0.000000,1668.000000,0.000000,2064.000000,24.000000,0.000000,888.000000,4116.000000,0.000000,2688.000000,4768.000000,5152.000000,0.000000,22877.000000,1509.000000,4644.000000,16724.000000,21209.000000,1668.000000,59.998856,149.771490,0.524738,-0.507320,0.000000,0.000000,MidStance,0.612091,16.310401,1.500000,level walking,
845,2026-05-14 22:59:49,42.250000,2026-5-14_levelground 2_left.csv,level_walking,1240.000000,0.000000,1475.000000,0.000000,0.000000,0.000000,5061.000000,0.000000,1885.000000,0.000000,0.000000,0.000000,8263.000000,16.000000,1836.000000,3204.000000,7126.000000,0.000000,30106.000000,2715.000000,6946.000000,20445.000000,23789.000000,6317.000000,53.414738,164.836863,0.594640,-0.341910,1.398049,3.308187,MidStance,0.680102,25.816726,1.500000,level walking,
846,2026-05-14 22:59:49,42.300000,2026-5-14_levelground 2_left.csv,level_walking,1713.000000,88.000000,453.000000,0.000000,0.000000,0.000000,1777.000000,0.000000,332.000000,0.000000,0.000000,0.000000,1778.000000,0.000000,0.000000,802.000000,802.000000,0.000000,7745.000000,2254.000000,2109.000000,3382.000000,4167.000000,3578.000000,40.905629,170.986910,0.623176,-0.027651,0.570717,6.285195,MidStance,0.748112,7.098628,1.500000,level walking,
847,2026-05-14 22:59:49,42.350000,2026-5-14_levelground 2_left.csv,level_walking,1713.000000,88.000000,453.000000,0.000000,0.000000,0.000000,1777.000000,0.000000,332.000000,0.000000,0.000000,0.000000,1778.000000,0.000000,0.000000,802.000000,802.000000,0.000000,7745.000000,2254.000000,2109.000000,3382.000000,4167.000000,3578.000000,40.905629,170.986910,0.623176,-0.027651,0.000000,0.000000,MidStance,0.816122,7.098628,1.500000,level walking,
848,2026-05-14 22:59:49,42.400000,2026-5-14_levelground 2_left.csv,level_walking,0.000000,0.000000,0.000000,0.000000,0.000000,0.000000,0.000000,0.000000,0.000000,0.000000,0.000000,0.000000,0.000000,0.000000,0.000000,0.000000,0.000000,0.000000,0.000000,0.000000,0.000000,0.000000,0.000000,0.000000,0.000000,0.000000,0.000000,0.000000,0.000000,0.000000,Swing,0.000000,0.000000,0.000000,level walking,cop_invalid|low_pressure
849,2026-05-14 22:59:49,42.450000,2026-5-14_levelground 2_left.csv,level_walking,0.000000,0.000000,0.000000,0.000000,0.000000,0.000000,0.000000,0.000000,0.000000,0.000000,0.000000,0.000000,0.000000,0.000000,0.000000,0.000000,0.000000,0.000000,0.000000,0.000000,0.000000,0.000000,0.000000,0.000000,0.000000,0.000000,0.000000,0.000000,0.000000,0.000000,Swing,0.000000,0.000000,0.000000,level walking,cop_invalid|low_pressure
850,2026-05-14 22:59:49,42.500000,2026-5-14_levelground 2_left.csv,level_walking,0.000000,0.000000,0.000000,0.000000,0.000000,0.000000,0.000000,0.000000,0.000000,0.000000,0.000000,0.000000,0.000000,0.000000,0.000000,0.000000,0.000000,0.000000,0.000000,0.000000,0.000000,0.000000,0.000000,0.000000,0.000000,0.000000,0.000000,0.000000,0.000000,0.000000,Swing,0.000000,0.000000,0.000000,level walking,cop_invalid|low_pressure
851,2026-05-14 22:59:49,42.550000,2026-5-14_levelground 2_left.csv,level_walking,0.000000,0.000000,0.000000,0.000000,0.000000,0.000000,0.000000,0.000000,0.000000,0.000000,0.000000,0.000000,0.000000,0.000000,0.000000,0.000000,0.000000,0.000000,0.000000,0.000000,0.000000,0.000000,0.000000,0.000000,0.000000,0.000000,0.000000,0.000000,0.000000,0.000000,Swing,0.000000,0.000000,0.000000,level walking,cop_invalid|low_pressure
852,2026-05-14 22:59:49,42.600000,2026-5-14_levelground 2_left.csv,level_walking,0.000000,0.000000,0.000000,0.000000,0.000000,0.000000,0.000000,0.000000,0.000000,0.000000,0.000000,0.000000,0.000000,0.000000,0.000000,0.000000,0.000000,0.000000,0.000000,0.000000,0.000000,0.000000,0.000000,0.000000,0.000000,0.000000,0.000000,0.000000,0.000000,0.000000,Swing,0.000000,0.000000,0.000000,level walking,cop_invalid|low_pressure
853,2026-05-14 22:59:49,42.650000,2026-5-14_levelground 2_left.csv,level_walking,0.000000,0.000000,0.000000,0.000000,0.000000,0.000000,0.000000,0.000000,0.000000,0.000000,0.000000,0.000000,0.000000,0.000000,0.000000,0.000000,0.000000,0.000000,0.000000,0.000000,0.000000,0.000000,0.000000,0.000000,0.000000,0.000000,0.000000,0.000000,0.000000,0.000000,Swing,0.000000,0.000000,0.000000,level walking,cop_invalid|low_pressure
854,2026-05-14 22:59:49,42.700000,2026-5-14_levelground 2_left.csv,level_walking,0.000000,0.000000,0.000000,0.000000,0.000000,0.000000,0.000000,0.000000,0.000000,0.000000,0.000000,0.000000,0.000000,0.000000,0.000000,0.000000,0.000000,0.000000,0.000000,0.000000,0.000000,0.000000,0.000000,0.000000,0.000000,0.000000,0.000000,0.000000,0.000000,0.000000,Swing,0.000000,0.000000,0.000000,level walking,cop_invalid|low_pressure
855,2026-05-14 22:59:49,42.750000,2026-5-14_levelground 2_left.csv,level_walking,0.000000,0.000000,0.000000,0.000000,0.000000,0.000000,0.000000,0.000000,0.000000,0.000000,0.000000,0.000000,0.000000,0.000000,0.000000,0.000000,0.000000,0.000000,0.000000,0.000000,0.000000,0.000000,0.000000,0.000000,0.000000,0.000000,0.000000,0.000000,0.000000,0.000000,Swing,0.000000,0.000000,0.000000,level walking,cop_invalid|low_pressure
856,2026-05-14 22:59:49,42.800000,2026-5-14_levelground 2_left.csv,level_walking,0.000000,0.000000,5342.000000,697.000000,0.000000,0.000000,0.000000,0.000000,5947.000000,1360.000000,0.000000,0.000000,0.000000,0.000000,29.000000,0.000000,0.000000,0.000000,13375.000000,6039.000000,7307.000000,29.000000,13375.000000,0.000000,0.000000,0.000000,0.000000,0.000000,0.000000,0.000000,Swing,0.000000,0.000000,0.000000,level walking,cop_invalid
857,2026-05-14 22:59:49,42.850000,2026-5-14_levelground 2_left.csv,level_walking,0.000000,0.000000,5342.000000,697.000000,0.000000,0.000000,0.000000,0.000000,5947.000000,1360.000000,0.000000,0.000000,0.000000,0.000000,29.000000,0.000000,0.000000,0.000000,13375.000000,6039.000000,7307.000000,29.000000,13375.000000,0.000000,0.000000,0.000000,0.000000,0.000000,0.000000,0.000000,Swing,0.000000,0.000000,0.000000,level walking,cop_invalid
858,2026-05-14 22:59:49,42.900000,2026-5-14_levelground 2_left.csv,level_walking,0.000000,0.000000,6525.000000,4215.000000,0.000000,0.000000,0.000000,0.000000,6321.000000,4680.000000,0.000000,0.000000,0.000000,0.000000,1761.000000,1083.000000,0.000000,0.000000,24585.000000,10740.000000,11001.000000,2844.000000,24585.000000,0.000000,54.543286,71.974995,0.163767,-0.370262,0.000000,0.000000,InitialContact,0.000000,0.000000,0.000000,level walking,
859,2026-05-14 22:59:49,42.950000,2026-5-14_levelground 2_left.csv,level_walking,0.000000,0.000000,7860.000000,5967.000000,0.000000,0.000000,0.000000,0.000000,6587.000000,5303.000000,330.000000,0.000000,0.000000,0.000000,2137.000000,1562.000000,916.000000,0.000000,30662.000000,13827.000000,12220.000000,4615.000000,30662.000000,0.000000,54.241010,77.634658,0.190027,-0.362668,0.525210,0.151879,InitialContact,0.067737,0.635852,0.635852,level walking,
860,2026-05-14 22:59:49,43.000000,2026-5-14_levelground 2_left.csv,level_walking,0.000000,0.000000,7860.000000,5967.000000,0.000000,0.000000,0.000000,0.000000,6587.000000,5303.000000,330.000000,0.000000,0.000000,0.000000,2137.000000,1562.000000,916.000000,0.000000,30662.000000,13827.000000,12220.000000,4615.000000,30662.000000,0.000000,54.241010,77.634658,0.190027,-0.362668,0.000000,0.000000,LoadingResponse,0.135474,0.635852,0.635852,level walking,
861,2026-05-14 22:59:49,43.050000,2026-5-14_levelground 2_left.csv,level_walking,755.000000,0.000000,2077.000000,222.000000,0.000000,0.000000,1109.000000,0.000000,1773.000000,0.000000,0.000000,0.000000,1809.000000,0.000000,516.000000,1254.000000,1560.000000,0.000000,11075.000000,3054.000000,2882.000000,5139.000000,9211.000000,1864.000000,51.718194,130.852144,0.436953,-0.299289,4.938520,1.267587,MidStance,0.203211,5.885378,1.500000,level walking,
862,2026-05-14 22:59:49,43.100000,2026-5-14_levelground 2_left.csv,level_walking,755.000000,0.000000,2077.000000,222.000000,0.000000,0.000000,1109.000000,0.000000,1773.000000,0.000000,0.000000,0.000000,1809.000000,0.000000,516.000000,1254.000000,1560.000000,0.000000,11075.000000,3054.000000,2882.000000,5139.000000,9211.000000,1864.000000,51.718194,130.852144,0.436953,-0.299289,0.000000,0.000000,MidStance,0.270949,5.885378,1.500000,level walking,
863,2026-05-14 22:59:50,43.150000,2026-5-14_levelground 2_left.csv,level_walking,755.000000,0.000000,2077.000000,222.000000,0.000000,0.000000,1109.000000,0.000000,1773.000000,0.000000,0.000000,0.000000,1809.000000,0.000000,516.000000,1254.000000,1560.000000,0.000000,11075.000000,3054.000000,2882.000000,5139.000000,9211.000000,1864.000000,51.718194,130.852144,0.436953,-0.299289,0.000000,0.000000,MidStance,0.338686,5.885378,1.500000,level walking,
864,2026-05-14 22:59:50,43.200000,2026-5-14_levelground 2_left.csv,level_walking,755.000000,0.000000,2077.000000,222.000000,0.000000,0.000000,1109.000000,0.000000,1773.000000,0.000000,0.000000,0.000000,1809.000000,0.000000,516.000000,1254.000000,1560.000000,0.000000,11075.000000,3054.000000,2882.000000,5139.000000,9211.000000,1864.000000,51.718194,130.852144,0.436953,-0.299289,0.000000,0.000000,MidStance,0.406423,5.885378,1.500000,level walking,
865,2026-05-14 22:59:50,43.250000,2026-5-14_levelground 2_left.csv,level_walking,1821.000000,0.000000,1750.000000,0.000000,0.000000,0.000000,1866.000000,0.000000,1264.000000,0.000000,0.000000,0.000000,2307.000000,0.000000,141.000000,1036.000000,1571.000000,0.000000,11756.000000,3571.000000,3130.000000,5055.000000,8069.000000,3687.000000,45.802417,148.802610,0.520242,-0.150670,1.665782,2.972379,MidStance,0.474160,8.272266,1.500000,level walking,
866,2026-05-14 22:59:50,43.300000,2026-5-14_levelground 2_left.csv,level_walking,6513.000000,2214.000000,1771.000000,0.000000,0.000000,0.000000,5366.000000,0.000000,1112.000000,0.000000,0.000000,0.000000,4708.000000,687.000000,0.000000,514.000000,1572.000000,0.000000,24457.000000,10498.000000,6478.000000,7481.000000,9677.000000,14780.000000,33.071406,175.846161,0.645723,0.169165,2.509609,6.396689,MidStance,0.541897,23.556311,1.500000,level walking,
867,2026-05-14 22:59:50,43.350000,2026-5-14_levelground 2_left.csv,level_walking,6513.000000,2214.000000,1771.000000,0.000000,0.000000,0.000000,5366.000000,0.000000,1112.000000,0.000000,0.000000,0.000000,4708.000000,687.000000,0.000000,514.000000,1572.000000,0.000000,24457.000000,10498.000000,6478.000000,7481.000000,9677.000000,14780.000000,33.071406,175.846161,0.645723,0.169165,0.000000,0.000000,MidStance,0.609634,23.556311,1.500000,level walking,
868,2026-05-14 22:59:50,43.400000,2026-5-14_levelground 2_left.csv,level_walking,7876.000000,4457.000000,1228.000000,0.000000,0.000000,0.000000,4555.000000,421.000000,566.000000,0.000000,0.000000,0.000000,2403.000000,1111.000000,0.000000,181.000000,0.000000,0.000000,22798.000000,13561.000000,5542.000000,3695.000000,4378.000000,18420.000000,23.596587,187.486698,0.699734,0.407195,1.080228,4.760618,TerminalStance,0.677371,24.504996,1.500000,level walking,
869,2026-05-14 22:59:50,43.450000,2026-5-14_levelground 2_left.csv,level_walking,7876.000000,4457.000000,1228.000000,0.000000,0.000000,0.000000,4555.000000,421.000000,566.000000,0.000000,0.000000,0.000000,2403.000000,1111.000000,0.000000,181.000000,0.000000,0.000000,22798.000000,13561.000000,5542.000000,3695.000000,4378.000000,18420.000000,23.596587,187.486698,0.699734,0.407195,0.000000,0.000000,TerminalStance,0.745109,24.504996,1.500000,level walking,
870,2026-05-14 22:59:50,43.500000,2026-5-14_levelground 2_left.csv,level_walking,1856.000000,0.000000,0.000000,0.000000,0.000000,0.000000,0.000000,0.000000,0.000000,0.000000,0.000000,0.000000,0.000000,0.000000,0.000000,0.000000,0.000000,0.000000,1856.000000,1856.000000,0.000000,0.000000,0.000000,1856.000000,12.080000,188.140000,0.702765,0.696521,0.060626,5.786502,TerminalStance,0.812846,2.006603,1.500000,level walking,
871,2026-05-14 22:59:50,43.550000,2026-5-14_levelground 2_left.csv,level_walking,0.000000,0.000000,0.000000,0.000000,0.000000,0.000000,0.000000,0.000000,0.000000,0.000000,0.000000,0.000000,0.000000,0.000000,0.000000,0.000000,0.000000,0.000000,0.000000,0.000000,0.000000,0.000000,0.000000,0.000000,0.000000,0.000000,0.000000,0.000000,0.000000,0.000000,Swing,0.000000,0.000000,0.000000,level walking,cop_invalid|low_pressure
872,2026-05-14 22:59:50,43.600000,2026-5-14_levelground 2_left.csv,level_walking,0.000000,0.000000,0.000000,0.000000,0.000000,0.000000,0.000000,0.000000,0.000000,0.000000,0.000000,0.000000,0.000000,0.000000,0.000000,0.000000,0.000000,0.000000,0.000000,0.000000,0.000000,0.000000,0.000000,0.000000,0.000000,0.000000,0.000000,0.000000,0.000000,0.000000,Swing,0.000000,0.000000,0.000000,level walking,cop_invalid|low_pressure
873,2026-05-14 22:59:50,43.650000,2026-5-14_levelground 2_left.csv,level_walking,0.000000,0.000000,0.000000,0.000000,0.000000,0.000000,0.000000,0.000000,0.000000,0.000000,0.000000,0.000000,0.000000,0.000000,0.000000,0.000000,0.000000,0.000000,0.000000,0.000000,0.000000,0.000000,0.000000,0.000000,0.000000,0.000000,0.000000,0.000000,0.000000,0.000000,Swing,0.000000,0.000000,0.000000,level walking,cop_invalid|low_pressure
874,2026-05-14 22:59:50,43.700000,2026-5-14_levelground 2_left.csv,level_walking,0.000000,0.000000,0.000000,0.000000,0.000000,0.000000,0.000000,0.000000,0.000000,0.000000,0.000000,0.000000,0.000000,0.000000,0.000000,0.000000,0.000000,0.000000,0.000000,0.000000,0.000000,0.000000,0.000000,0.000000,0.000000,0.000000,0.000000,0.000000,0.000000,0.000000,Swing,0.000000,0.000000,0.000000,level walking,cop_invalid|low_pressure
875,2026-05-14 22:59:50,43.750000,2026-5-14_levelground 2_left.csv,level_walking,0.000000,0.000000,0.000000,0.000000,0.000000,0.000000,0.000000,0.000000,0.000000,0.000000,0.000000,0.000000,0.000000,0.000000,0.000000,0.000000,0.000000,0.000000,0.000000,0.000000,0.000000,0.000000,0.000000,0.000000,0.000000,0.000000,0.000000,0.000000,0.000000,0.000000,Swing,0.000000,0.000000,0.000000,level walking,cop_invalid|low_pressure
876,2026-05-14 22:59:50,43.800000,2026-5-14_levelground 2_left.csv,level_walking,0.000000,0.000000,0.000000,0.000000,0.000000,0.000000,0.000000,0.000000,0.000000,0.000000,0.000000,0.000000,0.000000,0.000000,0.000000,0.000000,0.000000,0.000000,0.000000,0.000000,0.000000,0.000000,0.000000,0.000000,0.000000,0.000000,0.000000,0.000000,0.000000,0.000000,Swing,0.000000,0.000000,0.000000,level walking,cop_invalid|low_pressure
877,2026-05-14 22:59:50,43.850000,2026-5-14_levelground 2_left.csv,level_walking,0.000000,0.000000,0.000000,0.000000,0.000000,0.000000,0.000000,0.000000,0.000000,0.000000,0.000000,0.000000,0.000000,0.000000,0.000000,0.000000,0.000000,0.000000,0.000000,0.000000,0.000000,0.000000,0.000000,0.000000,0.000000,0.000000,0.000000,0.000000,0.000000,0.000000,Swing,0.000000,0.000000,0.000000,level walking,cop_invalid|low_pressure
878,2026-05-14 22:59:50,43.900000,2026-5-14_levelground 2_left.csv,level_walking,0.000000,0.000000,4337.000000,181.000000,0.000000,0.000000,0.000000,0.000000,4406.000000,67.000000,0.000000,0.000000,0.000000,0.000000,0.000000,0.000000,0.000000,0.000000,8991.000000,4518.000000,4473.000000,0.000000,8991.000000,0.000000,0.000000,0.000000,0.000000,0.000000,0.000000,0.000000,Swing,0.000000,0.000000,0.000000,level walking,cop_invalid
879,2026-05-14 22:59:50,43.950000,2026-5-14_levelground 2_left.csv,level_walking,0.000000,0.000000,4337.000000,181.000000,0.000000,0.000000,0.000000,0.000000,4406.000000,67.000000,0.000000,0.000000,0.000000,0.000000,0.000000,0.000000,0.000000,0.000000,8991.000000,4518.000000,4473.000000,0.000000,8991.000000,0.000000,0.000000,0.000000,0.000000,0.000000,0.000000,0.000000,Swing,0.000000,0.000000,0.000000,level walking,cop_invalid
880,2026-05-14 22:59:50,44.000000,2026-5-14_levelground 2_left.csv,level_walking,0.000000,0.000000,5083.000000,2004.000000,0.000000,0.000000,0.000000,0.000000,4791.000000,2264.000000,0.000000,0.000000,0.000000,0.000000,406.000000,29.000000,0.000000,0.000000,14577.000000,7087.000000,7055.000000,435.000000,14577.000000,0.000000,52.919042,62.169607,0.118270,-0.329457,0.000000,0.000000,InitialContact,0.000000,0.000000,0.000000,level walking,
881,2026-05-14 22:59:50,44.050000,2026-5-14_levelground 2_left.csv,level_walking,0.000000,0.000000,7200.000000,4945.000000,0.000000,0.000000,0.000000,0.000000,6258.000000,5003.000000,0.000000,0.000000,0.000000,0.000000,1424.000000,896.000000,34.000000,0.000000,25760.000000,12145.000000,11261.000000,2354.000000,25760.000000,0.000000,53.606037,70.912851,0.158838,-0.346716,0.811363,-0.345180,InitialContact,0.068445,0.000000,0.000000,level walking,
882,2026-05-14 22:59:50,44.100000,2026-5-14_levelground 2_left.csv,level_walking,0.000000,0.000000,6112.000000,4567.000000,0.000000,0.000000,0.000000,0.000000,4954.000000,4123.000000,243.000000,0.000000,494.000000,0.000000,1722.000000,1365.000000,1150.000000,0.000000,24730.000000,10679.000000,9320.000000,4731.000000,24730.000000,0.000000,54.522514,82.505976,0.212630,-0.369740,1.075828,-0.460484,LoadingResponse,0.136889,1.668842,1.500000,level walking,
883,2026-05-14 22:59:51,44.150000,2026-5-14_levelground 2_left.csv,level_walking,0.000000,0.000000,6112.000000,4567.000000,0.000000,0.000000,0.000000,0.000000,4954.000000,4123.000000,243.000000,0.000000,494.000000,0.000000,1722.000000,1365.000000,1150.000000,0.000000,24730.000000,10679.000000,9320.000000,4731.000000,24730.000000,0.000000,54.522514,82.505976,0.212630,-0.369740,0.000000,0.000000,LoadingResponse,0.205334,1.668842,1.500000,level walking,
884,2026-05-14 22:59:51,44.200000,2026-5-14_levelground 2_left.csv,level_walking,0.000000,0.000000,4352.000000,2730.000000,0.000000,0.000000,0.000000,0.000000,3368.000000,2214.000000,0.000000,0.000000,836.000000,0.000000,1317.000000,1352.000000,1245.000000,0.000000,17414.000000,7082.000000,5582.000000,4750.000000,17414.000000,0.000000,55.137533,89.549043,0.245309,-0.385191,0.653588,-0.309016,LoadingResponse,0.273778,2.352067,1.500000,level walking,
885,2026-05-14 22:59:51,44.250000,2026-5-14_levelground 2_left.csv,level_walking,0.000000,0.000000,2853.000000,1170.000000,0.000000,0.000000,468.000000,0.000000,2363.000000,953.000000,0.000000,0.000000,1480.000000,0.000000,1232.000000,1675.000000,1699.000000,0.000000,13893.000000,4023.000000,3784.000000,6086.000000,13425.000000,468.000000,56.510424,110.114394,0.340731,-0.419682,1.908440,-0.689808,LoadingResponse,0.342223,4.618202,1.500000,level walking,
886,2026-05-14 22:59:51,44.300000,2026-5-14_levelground 2_left.csv,level_walking,0.000000,0.000000,2853.000000,1170.000000,0.000000,0.000000,468.000000,0.000000,2363.000000,953.000000,0.000000,0.000000,1480.000000,0.000000,1232.000000,1675.000000,1699.000000,0.000000,13893.000000,4023.000000,3784.000000,6086.000000,13425.000000,468.000000,56.510424,110.114394,0.340731,-0.419682,0.000000,0.000000,LoadingResponse,0.410668,4.618202,1.500000,level walking,
887,2026-05-14 22:59:51,44.350000,2026-5-14_levelground 2_left.csv,level_walking,279.000000,0.000000,2026.000000,329.000000,0.000000,0.000000,1154.000000,0.000000,1907.000000,199.000000,0.000000,0.000000,2448.000000,0.000000,1233.000000,2124.000000,2258.000000,0.000000,13957.000000,2634.000000,3260.000000,8063.000000,12524.000000,1433.000000,56.086304,133.890964,0.451053,-0.409027,2.206437,0.213099,MidStance,0.479112,7.823897,1.500000,level walking,
888,2026-05-14 22:59:51,44.400000,2026-5-14_levelground 2_left.csv,level_walking,2870.000000,0.000000,1774.000000,0.000000,0.000000,0.000000,4024.000000,0.000000,1673.000000,0.000000,0.000000,0.000000,5965.000000,0.000000,1270.000000,2448.000000,4518.000000,0.000000,24542.000000,4644.000000,5697.000000,14201.000000,17648.000000,6894.000000,49.198716,161.692649,0.580051,-0.235993,2.579963,3.460665,MidStance,0.547557,20.304966,1.500000,level walking,
889,2026-05-14 22:59:51,44.450000,2026-5-14_levelground 2_left.csv,level_walking,2870.000000,0.000000,1774.000000,0.000000,0.000000,0.000000,4024.000000,0.000000,1673.000000,0.000000,0.000000,0.000000,5965.000000,0.000000,1270.000000,2448.000000,4518.000000,0.000000,24542.000000,4644.000000,5697.000000,14201.000000,17648.000000,6894.000000,49.198716,161.692649,0.580051,-0.235993,0.000000,0.000000,MidStance,0.616001,20.304966,1.500000,level walking,
890,2026-05-14 22:59:51,44.500000,2026-5-14_levelground 2_left.csv,level_walking,5107.000000,664.000000,1296.000000,0.000000,0.000000,0.000000,5453.000000,0.000000,1258.000000,0.000000,0.000000,0.000000,6454.000000,1075.000000,729.000000,1358.000000,3430.000000,0.000000,26824.000000,7067.000000,6711.000000,13046.000000,14525.000000,12299.000000,41.514152,173.994920,0.637133,-0.042938,1.141636,3.861105,MidStance,0.684446,25.359626,1.500000,level walking,
891,2026-05-14 22:59:51,44.550000,2026-5-14_levelground 2_left.csv,level_walking,3063.000000,674.000000,0.000000,0.000000,0.000000,0.000000,1204.000000,0.000000,0.000000,0.000000,0.000000,0.000000,792.000000,0.000000,0.000000,0.000000,0.000000,0.000000,5733.000000,3737.000000,1204.000000,792.000000,792.000000,4941.000000,20.620052,192.767357,0.724236,0.481973,1.742060,10.498229,TerminalStance,0.752890,6.452766,1.500000,level walking,
892,2026-05-14 22:59:51,44.600000,2026-5-14_levelground 2_left.csv,level_walking,3063.000000,674.000000,0.000000,0.000000,0.000000,0.000000,1204.000000,0.000000,0.000000,0.000000,0.000000,0.000000,792.000000,0.000000,0.000000,0.000000,0.000000,0.000000,5733.000000,3737.000000,1204.000000,792.000000,792.000000,4941.000000,20.620052,192.767357,0.724236,0.481973,0.000000,0.000000,TerminalStance,0.821335,6.452766,1.500000,level walking,
893,2026-05-14 22:59:51,44.650000,2026-5-14_levelground 2_left.csv,level_walking,0.000000,0.000000,0.000000,0.000000,0.000000,0.000000,0.000000,0.000000,0.000000,0.000000,0.000000,0.000000,0.000000,0.000000,0.000000,0.000000,0.000000,0.000000,0.000000,0.000000,0.000000,0.000000,0.000000,0.000000,0.000000,0.000000,0.000000,0.000000,0.000000,0.000000,Swing,0.000000,0.000000,0.000000,level walking,cop_invalid|low_pressure
894,2026-05-14 22:59:51,44.700000,2026-5-14_levelground 2_left.csv,level_walking,0.000000,0.000000,0.000000,0.000000,0.000000,0.000000,0.000000,0.000000,0.000000,0.000000,0.000000,0.000000,0.000000,0.000000,0.000000,0.000000,0.000000,0.000000,0.000000,0.000000,0.000000,0.000000,0.000000,0.000000,0.000000,0.000000,0.000000,0.000000,0.000000,0.000000,Swing,0.000000,0.000000,0.000000,level walking,cop_invalid|low_pressure
895,2026-05-14 22:59:51,44.750000,2026-5-14_levelground 2_left.csv,level_walking,0.000000,0.000000,0.000000,0.000000,0.000000,0.000000,0.000000,0.000000,0.000000,0.000000,0.000000,0.000000,0.000000,0.000000,0.000000,0.000000,0.000000,0.000000,0.000000,0.000000,0.000000,0.000000,0.000000,0.000000,0.000000,0.000000,0.000000,0.000000,0.000000,0.000000,Swing,0.000000,0.000000,0.000000,level walking,cop_invalid|low_pressure
896,2026-05-14 22:59:51,44.800000,2026-5-14_levelground 2_left.csv,level_walking,0.000000,0.000000,0.000000,0.000000,0.000000,0.000000,0.000000,0.000000,0.000000,0.000000,0.000000,0.000000,0.000000,0.000000,0.000000,0.000000,0.000000,0.000000,0.000000,0.000000,0.000000,0.000000,0.000000,0.000000,0.000000,0.000000,0.000000,0.000000,0.000000,0.000000,Swing,0.000000,0.000000,0.000000,level walking,cop_invalid|low_pressure
897,2026-05-14 22:59:51,44.850000,2026-5-14_levelground 2_left.csv,level_walking,0.000000,0.000000,0.000000,0.000000,0.000000,0.000000,0.000000,0.000000,0.000000,0.000000,0.000000,0.000000,0.000000,0.000000,0.000000,0.000000,0.000000,0.000000,0.000000,0.000000,0.000000,0.000000,0.000000,0.000000,0.000000,0.000000,0.000000,0.000000,0.000000,0.000000,Swing,0.000000,0.000000,0.000000,level walking,cop_invalid|low_pressure
898,2026-05-14 22:59:51,44.900000,2026-5-14_levelground 2_left.csv,level_walking,0.000000,0.000000,0.000000,0.000000,0.000000,0.000000,0.000000,0.000000,0.000000,0.000000,0.000000,0.000000,0.000000,0.000000,0.000000,0.000000,0.000000,0.000000,0.000000,0.000000,0.000000,0.000000,0.000000,0.000000,0.000000,0.000000,0.000000,0.000000,0.000000,0.000000,Swing,0.000000,0.000000,0.000000,level walking,cop_invalid|low_pressure
899,2026-05-14 22:59:51,44.950000,2026-5-14_levelground 2_left.csv,level_walking,0.000000,0.000000,0.000000,0.000000,0.000000,0.000000,0.000000,0.000000,0.000000,0.000000,0.000000,0.000000,0.000000,0.000000,0.000000,0.000000,0.000000,0.000000,0.000000,0.000000,0.000000,0.000000,0.000000,0.000000,0.000000,0.000000,0.000000,0.000000,0.000000,0.000000,Swing,0.000000,0.000000,0.000000,level walking,cop_invalid|low_pressure
900,2026-05-14 22:59:51,45.000000,2026-5-14_levelground 2_left.csv,level_walking,0.000000,0.000000,0.000000,0.000000,0.000000,0.000000,0.000000,0.000000,0.000000,0.000000,0.000000,0.000000,0.000000,0.000000,0.000000,0.000000,0.000000,0.000000,0.000000,0.000000,0.000000,0.000000,0.000000,0.000000,0.000000,0.000000,0.000000,0.000000,0.000000,0.000000,Swing,0.000000,0.000000,0.000000,level walking,cop_invalid|low_pressure
901,2026-05-14 22:59:51,45.050000,2026-5-14_levelground 2_left.csv,level_walking,0.000000,0.000000,4400.000000,778.000000,0.000000,0.000000,0.000000,0.000000,4477.000000,853.000000,0.000000,0.000000,0.000000,0.000000,0.000000,0.000000,0.000000,0.000000,10508.000000,5178.000000,5330.000000,0.000000,10508.000000,0.000000,0.000000,0.000000,0.000000,0.000000,0.000000,0.000000,Swing,0.000000,0.000000,0.000000,level walking,cop_invalid
902,2026-05-14 22:59:51,45.100000,2026-5-14_levelground 2_left.csv,level_walking,0.000000,0.000000,5291.000000,3296.000000,0.000000,0.000000,0.000000,0.000000,4742.000000,3441.000000,0.000000,0.000000,0.000000,0.000000,1123.000000,628.000000,0.000000,0.000000,18521.000000,8587.000000,8183.000000,1751.000000,18521.000000,0.000000,0.000000,0.000000,0.000000,0.000000,0.000000,0.000000,Swing,0.000000,0.000000,0.000000,level walking,cop_invalid
903,2026-05-14 22:59:52,45.150000,2026-5-14_levelground 2_left.csv,level_walking,0.000000,0.000000,5291.000000,3296.000000,0.000000,0.000000,0.000000,0.000000,4742.000000,3441.000000,0.000000,0.000000,0.000000,0.000000,1123.000000,628.000000,0.000000,0.000000,18521.000000,8587.000000,8183.000000,1751.000000,18521.000000,0.000000,53.798720,70.228274,0.155662,-0.351557,0.000000,0.000000,InitialContact,0.000000,0.000000,0.000000,level walking,
904,2026-05-14 22:59:52,45.200000,2026-5-14_levelground 2_left.csv,level_walking,0.000000,0.000000,7678.000000,5779.000000,0.000000,0.000000,0.000000,0.000000,5836.000000,4959.000000,91.000000,0.000000,0.000000,0.000000,1475.000000,987.000000,487.000000,0.000000,27292.000000,13457.000000,10886.000000,2949.000000,27292.000000,0.000000,53.130204,73.740921,0.171960,-0.334762,0.325969,0.335896,InitialContact,0.068081,0.000000,0.000000,level walking,
905,2026-05-14 22:59:52,45.250000,2026-5-14_levelground 2_left.csv,level_walking,0.000000,0.000000,5993.000000,4685.000000,0.000000,0.000000,0.000000,0.000000,4344.000000,3709.000000,489.000000,0.000000,308.000000,0.000000,1454.000000,1289.000000,1029.000000,0.000000,23300.000000,10678.000000,8542.000000,4080.000000,23300.000000,0.000000,53.809633,81.842583,0.209552,-0.351831,0.751825,-0.341379,LoadingResponse,0.136163,1.424017,1.424017,level walking,
906,2026-05-14 22:59:52,45.300000,2026-5-14_levelground 2_left.csv,level_walking,732.000000,0.000000,1897.000000,159.000000,0.000000,0.000000,834.000000,0.000000,1460.000000,0.000000,0.000000,0.000000,1495.000000,0.000000,551.000000,1263.000000,1357.000000,0.000000,9748.000000,2788.000000,2294.000000,4666.000000,8182.000000,1566.000000,52.055477,130.437831,0.435031,-0.307762,4.509581,0.881374,MidStance,0.204244,5.141440,1.500000,level walking,
907,2026-05-14 22:59:52,45.350000,2026-5-14_levelground 2_left.csv,level_walking,732.000000,0.000000,1897.000000,159.000000,0.000000,0.000000,834.000000,0.000000,1460.000000,0.000000,0.000000,0.000000,1495.000000,0.000000,551.000000,1263.000000,1357.000000,0.000000,9748.000000,2788.000000,2294.000000,4666.000000,8182.000000,1566.000000,52.055477,130.437831,0.435031,-0.307762,0.000000,0.000000,MidStance,0.272326,5.141440,1.500000,level walking,
908,2026-05-14 22:59:52,45.400000,2026-5-14_levelground 2_left.csv,level_walking,1530.000000,0.000000,1396.000000,0.000000,0.000000,0.000000,1601.000000,0.000000,1117.000000,0.000000,0.000000,0.000000,2280.000000,0.000000,421.000000,1314.000000,1607.000000,0.000000,11266.000000,2926.000000,2718.000000,5622.000000,8135.000000,3131.000000,48.193258,150.674593,0.528928,-0.210734,1.877947,1.940570,MidStance,0.340407,8.129848,1.500000,level walking,
909,2026-05-14 22:59:52,45.450000,2026-5-14_levelground 2_left.csv,level_walking,2378.000000,0.000000,1453.000000,0.000000,0.000000,0.000000,2345.000000,0.000000,1130.000000,0.000000,0.000000,0.000000,3114.000000,0.000000,381.000000,1150.000000,1918.000000,0.000000,13869.000000,3831.000000,3475.000000,6563.000000,9146.000000,4723.000000,45.267861,157.616057,0.561136,-0.137241,0.644160,1.469864,MidStance,0.408489,10.932058,1.500000,level walking,
910,2026-05-14 22:59:52,45.500000,2026-5-14_levelground 2_left.csv,level_walking,2378.000000,0.000000,1453.000000,0.000000,0.000000,0.000000,2345.000000,0.000000,1130.000000,0.000000,0.000000,0.000000,3114.000000,0.000000,381.000000,1150.000000,1918.000000,0.000000,13869.000000,3831.000000,3475.000000,6563.000000,9146.000000,4723.000000,45.267861,157.616057,0.561136,-0.137241,0.000000,0.000000,MidStance,0.476570,10.932058,1.500000,level walking,
911,2026-05-14 22:59:52,45.550000,2026-5-14_levelground 2_left.csv,level_walking,4951.000000,2039.000000,1180.000000,0.000000,0.000000,0.000000,4350.000000,0.000000,748.000000,0.000000,0.000000,0.000000,4372.000000,748.000000,0.000000,654.000000,1433.000000,0.000000,20475.000000,8170.000000,5098.000000,7207.000000,8387.000000,12088.000000,33.998189,179.458564,0.662484,0.145881,2.026959,5.662440,TerminalStance,0.544652,20.430714,1.500000,level walking,
912,2026-05-14 22:59:52,45.600000,2026-5-14_levelground 2_left.csv,level_walking,4951.000000,2039.000000,1180.000000,0.000000,0.000000,0.000000,4350.000000,0.000000,748.000000,0.000000,0.000000,0.000000,4372.000000,748.000000,0.000000,654.000000,1433.000000,0.000000,20475.000000,8170.000000,5098.000000,7207.000000,8387.000000,12088.000000,33.998189,179.458564,0.662484,0.145881,0.000000,0.000000,TerminalStance,0.612733,20.430714,1.500000,level walking,
913,2026-05-14 22:59:52,45.650000,2026-5-14_levelground 2_left.csv,level_walking,5286.000000,3245.000000,521.000000,0.000000,0.000000,0.000000,3261.000000,203.000000,77.000000,0.000000,0.000000,0.000000,2374.000000,851.000000,0.000000,346.000000,223.000000,0.000000,16387.000000,9052.000000,3541.000000,3794.000000,3541.000000,12846.000000,24.950689,192.846901,0.724605,0.373177,1.242422,4.545911,TerminalStance,0.680815,18.456862,1.500000,level walking,
914,2026-05-14 22:59:52,45.700000,2026-5-14_levelground 2_left.csv,level_walking,0.000000,0.000000,0.000000,0.000000,0.000000,0.000000,0.000000,0.000000,0.000000,0.000000,0.000000,0.000000,0.000000,0.000000,0.000000,0.000000,0.000000,0.000000,0.000000,0.000000,0.000000,0.000000,0.000000,0.000000,0.000000,0.000000,0.000000,0.000000,0.000000,0.000000,Swing,0.000000,0.000000,0.000000,level walking,cop_invalid|low_pressure
915,2026-05-14 22:59:52,45.750000,2026-5-14_levelground 2_left.csv,level_walking,0.000000,0.000000,0.000000,0.000000,0.000000,0.000000,0.000000,0.000000,0.000000,0.000000,0.000000,0.000000,0.000000,0.000000,0.000000,0.000000,0.000000,0.000000,0.000000,0.000000,0.000000,0.000000,0.000000,0.000000,0.000000,0.000000,0.000000,0.000000,0.000000,0.000000,Swing,0.000000,0.000000,0.000000,level walking,cop_invalid|low_pressure
916,2026-05-14 22:59:52,45.800000,2026-5-14_levelground 2_left.csv,level_walking,0.000000,0.000000,0.000000,0.000000,0.000000,0.000000,0.000000,0.000000,0.000000,0.000000,0.000000,0.000000,0.000000,0.000000,0.000000,0.000000,0.000000,0.000000,0.000000,0.000000,0.000000,0.000000,0.000000,0.000000,0.000000,0.000000,0.000000,0.000000,0.000000,0.000000,Swing,0.000000,0.000000,0.000000,level walking,cop_invalid|low_pressure
917,2026-05-14 22:59:52,45.850000,2026-5-14_levelground 2_left.csv,level_walking,0.000000,0.000000,0.000000,0.000000,0.000000,0.000000,0.000000,0.000000,0.000000,0.000000,0.000000,0.000000,0.000000,0.000000,0.000000,0.000000,0.000000,0.000000,0.000000,0.000000,0.000000,0.000000,0.000000,0.000000,0.000000,0.000000,0.000000,0.000000,0.000000,0.000000,Swing,0.000000,0.000000,0.000000,level walking,cop_invalid|low_pressure
918,2026-05-14 22:59:52,45.900000,2026-5-14_levelground 2_left.csv,level_walking,0.000000,0.000000,0.000000,0.000000,0.000000,0.000000,0.000000,0.000000,0.000000,0.000000,0.000000,0.000000,0.000000,0.000000,0.000000,0.000000,0.000000,0.000000,0.000000,0.000000,0.000000,0.000000,0.000000,0.000000,0.000000,0.000000,0.000000,0.000000,0.000000,0.000000,Swing,0.000000,0.000000,0.000000,level walking,cop_invalid|low_pressure
919,2026-05-14 22:59:52,45.950000,2026-5-14_levelground 2_left.csv,level_walking,0.000000,0.000000,0.000000,0.000000,0.000000,0.000000,0.000000,0.000000,0.000000,0.000000,0.000000,0.000000,0.000000,0.000000,0.000000,0.000000,0.000000,0.000000,0.000000,0.000000,0.000000,0.000000,0.000000,0.000000,0.000000,0.000000,0.000000,0.000000,0.000000,0.000000,Swing,0.000000,0.000000,0.000000,level walking,cop_invalid|low_pressure
920,2026-05-14 22:59:52,46.000000,2026-5-14_levelground 2_left.csv,level_walking,0.000000,0.000000,0.000000,0.000000,0.000000,0.000000,0.000000,0.000000,0.000000,0.000000,0.000000,0.000000,0.000000,0.000000,0.000000,0.000000,0.000000,0.000000,0.000000,0.000000,0.000000,0.000000,0.000000,0.000000,0.000000,0.000000,0.000000,0.000000,0.000000,0.000000,Swing,0.000000,0.000000,0.000000,level walking,cop_invalid|low_pressure
921,2026-05-14 22:59:52,46.050000,2026-5-14_levelground 2_left.csv,level_walking,0.000000,0.000000,0.000000,0.000000,0.000000,0.000000,0.000000,0.000000,0.000000,0.000000,0.000000,0.000000,0.000000,0.000000,0.000000,0.000000,0.000000,0.000000,0.000000,0.000000,0.000000,0.000000,0.000000,0.000000,0.000000,0.000000,0.000000,0.000000,0.000000,0.000000,Swing,0.000000,0.000000,0.000000,level walking,cop_invalid|low_pressure
922,2026-05-14 22:59:52,46.100000,2026-5-14_levelground 2_left.csv,level_walking,0.000000,0.000000,4034.000000,598.000000,0.000000,0.000000,0.000000,0.000000,3759.000000,322.000000,0.000000,0.000000,0.000000,0.000000,0.000000,0.000000,0.000000,0.000000,8713.000000,4632.000000,4081.000000,0.000000,8713.000000,0.000000,0.000000,0.000000,0.000000,0.000000,0.000000,0.000000,Swing,0.000000,0.000000,0.000000,level walking,cop_invalid
923,2026-05-14 22:59:53,46.150000,2026-5-14_levelground 2_left.csv,level_walking,0.000000,0.000000,4034.000000,598.000000,0.000000,0.000000,0.000000,0.000000,3759.000000,322.000000,0.000000,0.000000,0.000000,0.000000,0.000000,0.000000,0.000000,0.000000,8713.000000,4632.000000,4081.000000,0.000000,8713.000000,0.000000,0.000000,0.000000,0.000000,0.000000,0.000000,0.000000,Swing,0.000000,0.000000,0.000000,level walking,cop_invalid
924,2026-05-14 22:59:53,46.200000,2026-5-14_levelground 2_left.csv,level_walking,0.000000,0.000000,7605.000000,5724.000000,0.000000,0.000000,0.000000,0.000000,5989.000000,5179.000000,193.000000,0.000000,0.000000,0.000000,1368.000000,880.000000,671.000000,0.000000,27609.000000,13329.000000,11361.000000,2919.000000,27609.000000,0.000000,53.305859,74.181950,0.174007,-0.339175,0.000000,0.000000,InitialContact,0.000000,0.000000,0.000000,level walking,
925,2026-05-14 22:59:53,46.250000,2026-5-14_levelground 2_left.csv,level_walking,0.000000,0.000000,5913.000000,4573.000000,0.000000,0.000000,0.000000,0.000000,4689.000000,4061.000000,220.000000,0.000000,142.000000,0.000000,1386.000000,954.000000,755.000000,0.000000,22693.000000,10486.000000,8970.000000,3237.000000,22693.000000,0.000000,53.823125,77.825237,0.190911,-0.352170,0.338093,-0.259900,InitialContact,0.069683,0.512096,0.512096,level walking,
926,2026-05-14 22:59:53,46.300000,2026-5-14_levelground 2_left.csv,level_walking,0.000000,0.000000,5913.000000,4573.000000,0.000000,0.000000,0.000000,0.000000,4689.000000,4061.000000,220.000000,0.000000,142.000000,0.000000,1386.000000,954.000000,755.000000,0.000000,22693.000000,10486.000000,8970.000000,3237.000000,22693.000000,0.000000,53.823125,77.825237,0.190911,-0.352170,0.000000,0.000000,LoadingResponse,0.139367,0.512096,0.512096,level walking,
927,2026-05-14 22:59:53,46.350000,2026-5-14_levelground 2_left.csv,level_walking,0.000000,0.000000,4258.000000,2781.000000,0.000000,0.000000,0.000000,0.000000,3667.000000,2773.000000,0.000000,0.000000,181.000000,0.000000,1326.000000,1162.000000,846.000000,0.000000,16994.000000,7039.000000,6440.000000,3515.000000,16994.000000,0.000000,55.341601,82.080937,0.210658,-0.390318,0.394924,-0.762957,LoadingResponse,0.209050,1.077485,1.077485,level walking,
928,2026-05-14 22:59:53,46.400000,2026-5-14_levelground 2_left.csv,level_walking,0.000000,0.000000,4502.000000,3104.000000,0.000000,0.000000,0.000000,0.000000,4486.000000,3728.000000,222.000000,0.000000,380.000000,0.000000,2319.000000,2025.000000,1294.000000,0.000000,22060.000000,7606.000000,8436.000000,6018.000000,22060.000000,0.000000,57.056855,88.626141,0.241027,-0.433409,0.607387,-0.861828,LoadingResponse,0.278733,2.784224,1.500000,level walking,
929,2026-05-14 22:59:53,46.450000,2026-5-14_levelground 2_left.csv,level_walking,0.000000,0.000000,4502.000000,3104.000000,0.000000,0.000000,0.000000,0.000000,4486.000000,3728.000000,222.000000,0.000000,380.000000,0.000000,2319.000000,2025.000000,1294.000000,0.000000,22060.000000,7606.000000,8436.000000,6018.000000,22060.000000,0.000000,57.056855,88.626141,0.241027,-0.433409,0.000000,0.000000,LoadingResponse,0.348417,2.784224,1.500000,level walking,
930,2026-05-14 22:59:53,46.500000,2026-5-14_levelground 2_left.csv,level_walking,0.000000,0.000000,5010.000000,3465.000000,0.000000,0.000000,0.000000,0.000000,5133.000000,4406.000000,180.000000,0.000000,0.000000,0.000000,2435.000000,1796.000000,626.000000,0.000000,23051.000000,8475.000000,9719.000000,4857.000000,23051.000000,0.000000,56.557840,81.433277,0.207653,-0.420873,-0.667489,0.250730,LoadingResponse,0.418100,1.318261,1.318261,level walking,
931,2026-05-14 22:59:53,46.550000,2026-5-14_levelground 2_left.csv,level_walking,0.000000,0.000000,3144.000000,1602.000000,0.000000,0.000000,0.000000,0.000000,3129.000000,2168.000000,0.000000,0.000000,0.000000,0.000000,1519.000000,1035.000000,0.000000,0.000000,12597.000000,4746.000000,5297.000000,2554.000000,12597.000000,0.000000,56.412985,77.141234,0.187738,-0.417234,-0.398296,0.072782,LoadingResponse,0.487783,0.201584,0.201584,level walking,
932,2026-05-14 22:59:53,46.600000,2026-5-14_levelground 2_left.csv,level_walking,0.000000,0.000000,0.000000,0.000000,0.000000,0.000000,0.000000,0.000000,0.000000,0.000000,0.000000,0.000000,0.000000,0.000000,0.000000,0.000000,0.000000,0.000000,0.000000,0.000000,0.000000,0.000000,0.000000,0.000000,0.000000,0.000000,0.000000,0.000000,0.000000,0.000000,Swing,0.000000,0.000000,0.000000,level walking,cop_invalid|low_pressure
933,2026-05-14 22:59:53,46.650000,2026-5-14_levelground 2_left.csv,level_walking,0.000000,0.000000,0.000000,0.000000,0.000000,0.000000,0.000000,0.000000,0.000000,0.000000,0.000000,0.000000,0.000000,0.000000,0.000000,0.000000,0.000000,0.000000,0.000000,0.000000,0.000000,0.000000,0.000000,0.000000,0.000000,0.000000,0.000000,0.000000,0.000000,0.000000,Swing,0.000000,0.000000,0.000000,level walking,cop_invalid|low_pressure
934,2026-05-14 22:59:53,46.700000,2026-5-14_levelground 2_left.csv,level_walking,0.000000,0.000000,0.000000,0.000000,0.000000,0.000000,0.000000,0.000000,0.000000,0.000000,0.000000,0.000000,0.000000,0.000000,0.000000,0.000000,0.000000,0.000000,0.000000,0.000000,0.000000,0.000000,0.000000,0.000000,0.000000,0.000000,0.000000,0.000000,0.000000,0.000000,Swing,0.000000,0.000000,0.000000,level walking,cop_invalid|low_pressure
935,2026-05-14 22:59:53,46.750000,2026-5-14_levelground 2_left.csv,level_walking,0.000000,0.000000,0.000000,0.000000,0.000000,0.000000,0.000000,0.000000,0.000000,0.000000,0.000000,0.000000,0.000000,0.000000,0.000000,0.000000,0.000000,0.000000,0.000000,0.000000,0.000000,0.000000,0.000000,0.000000,0.000000,0.000000,0.000000,0.000000,0.000000,0.000000,Swing,0.000000,0.000000,0.000000,level walking,cop_invalid|low_pressure
936,2026-05-14 22:59:53,46.800000,2026-5-14_levelground 2_left.csv,level_walking,0.000000,0.000000,0.000000,0.000000,0.000000,0.000000,0.000000,0.000000,0.000000,0.000000,0.000000,0.000000,0.000000,0.000000,0.000000,0.000000,0.000000,0.000000,0.000000,0.000000,0.000000,0.000000,0.000000,0.000000,0.000000,0.000000,0.000000,0.000000,0.000000,0.000000,Swing,0.000000,0.000000,0.000000,level walking,cop_invalid|low_pressure
937,2026-05-14 22:59:53,46.850000,2026-5-14_levelground 2_left.csv,level_walking,0.000000,0.000000,0.000000,0.000000,0.000000,0.000000,0.000000,0.000000,0.000000,0.000000,0.000000,0.000000,0.000000,0.000000,0.000000,0.000000,0.000000,0.000000,0.000000,0.000000,0.000000,0.000000,0.000000,0.000000,0.000000,0.000000,0.000000,0.000000,0.000000,0.000000,Swing,0.000000,0.000000,0.000000,level walking,cop_invalid|low_pressure
938,2026-05-14 22:59:53,46.900000,2026-5-14_levelground 2_left.csv,level_walking,0.000000,0.000000,0.000000,0.000000,0.000000,0.000000,0.000000,0.000000,0.000000,0.000000,0.000000,0.000000,0.000000,0.000000,0.000000,0.000000,0.000000,0.000000,0.000000,0.000000,0.000000,0.000000,0.000000,0.000000,0.000000,0.000000,0.000000,0.000000,0.000000,0.000000,Swing,0.000000,0.000000,0.000000,level walking,cop_invalid|low_pressure
939,2026-05-14 22:59:53,46.950000,2026-5-14_levelground 2_left.csv,level_walking,0.000000,0.000000,0.000000,0.000000,0.000000,0.000000,0.000000,0.000000,0.000000,0.000000,0.000000,0.000000,0.000000,0.000000,0.000000,0.000000,0.000000,0.000000,0.000000,0.000000,0.000000,0.000000,0.000000,0.000000,0.000000,0.000000,0.000000,0.000000,0.000000,0.000000,Swing,0.000000,0.000000,0.000000,level walking,cop_invalid|low_pressure
940,2026-05-14 22:59:53,47.000000,2026-5-14_levelground 2_left.csv,level_walking,0.000000,0.000000,0.000000,0.000000,0.000000,0.000000,0.000000,0.000000,0.000000,0.000000,0.000000,0.000000,0.000000,0.000000,0.000000,0.000000,0.000000,0.000000,0.000000,0.000000,0.000000,0.000000,0.000000,0.000000,0.000000,0.000000,0.000000,0.000000,0.000000,0.000000,Swing,0.000000,0.000000,0.000000,level walking,cop_invalid|low_pressure
941,2026-05-14 22:59:53,47.050000,2026-5-14_levelground 2_left.csv,level_walking,0.000000,0.000000,0.000000,0.000000,0.000000,0.000000,0.000000,0.000000,0.000000,0.000000,0.000000,0.000000,0.000000,0.000000,0.000000,0.000000,0.000000,0.000000,0.000000,0.000000,0.000000,0.000000,0.000000,0.000000,0.000000,0.000000,0.000000,0.000000,0.000000,0.000000,Swing,0.000000,0.000000,0.000000,level walking,cop_invalid|low_pressure
942,2026-05-14 22:59:53,47.100000,2026-5-14_levelground 2_left.csv,level_walking,0.000000,0.000000,126.000000,0.000000,0.000000,0.000000,0.000000,0.000000,0.000000,0.000000,0.000000,0.000000,0.000000,0.000000,0.000000,0.000000,0.000000,0.000000,126.000000,126.000000,0.000000,0.000000,126.000000,0.000000,0.000000,0.000000,0.000000,0.000000,0.000000,0.000000,Swing,0.000000,0.000000,0.000000,level walking,cop_invalid|low_pressure
943,2026-05-14 22:59:54,47.150000,2026-5-14_levelground 2_left.csv,level_walking,0.000000,0.000000,4965.000000,1950.000000,0.000000,0.000000,0.000000,0.000000,4703.000000,1989.000000,0.000000,0.000000,0.000000,0.000000,0.000000,0.000000,0.000000,0.000000,13607.000000,6915.000000,6692.000000,0.000000,13607.000000,0.000000,0.000000,0.000000,0.000000,0.000000,0.000000,0.000000,Swing,0.000000,0.000000,0.000000,level walking,cop_invalid
944,2026-05-14 22:59:54,47.200000,2026-5-14_levelground 2_left.csv,level_walking,0.000000,0.000000,6335.000000,3985.000000,0.000000,0.000000,0.000000,0.000000,6206.000000,4222.000000,0.000000,0.000000,0.000000,0.000000,1375.000000,544.000000,0.000000,0.000000,22667.000000,10320.000000,10428.000000,1919.000000,22667.000000,0.000000,0.000000,0.000000,0.000000,0.000000,0.000000,0.000000,Swing,0.000000,0.000000,0.000000,level walking,cop_invalid
945,2026-05-14 22:59:54,47.250000,2026-5-14_levelground 2_left.csv,level_walking,0.000000,0.000000,6335.000000,3985.000000,0.000000,0.000000,0.000000,0.000000,6206.000000,4222.000000,0.000000,0.000000,0.000000,0.000000,1375.000000,544.000000,0.000000,0.000000,22667.000000,10320.000000,10428.000000,1919.000000,22667.000000,0.000000,53.925712,69.143674,0.150630,-0.354747,0.000000,0.000000,InitialContact,0.000000,0.000000,0.000000,level walking,
946,2026-05-14 22:59:54,47.300000,2026-5-14_levelground 2_left.csv,level_walking,0.000000,0.000000,8458.000000,5689.000000,0.000000,0.000000,0.000000,0.000000,7875.000000,5566.000000,0.000000,0.000000,0.000000,0.000000,1764.000000,878.000000,0.000000,0.000000,30230.000000,14147.000000,13441.000000,2642.000000,30230.000000,0.000000,53.653376,69.864281,0.153973,-0.347905,0.066871,0.136835,InitialContact,0.074181,0.000000,0.000000,level walking,
947,2026-05-14 22:59:54,47.350000,2026-5-14_levelground 2_left.csv,level_walking,0.000000,0.000000,6972.000000,4499.000000,0.000000,0.000000,0.000000,0.000000,5827.000000,4091.000000,0.000000,0.000000,0.000000,0.000000,1542.000000,1342.000000,788.000000,0.000000,25061.000000,11471.000000,9918.000000,3672.000000,25061.000000,0.000000,54.219705,75.945289,0.182189,-0.362133,0.564310,-0.284552,LoadingResponse,0.148362,0.113434,0.113434,level walking,
948,2026-05-14 22:59:54,47.400000,2026-5-14_levelground 2_left.csv,level_walking,0.000000,0.000000,6152.000000,3740.000000,0.000000,0.000000,0.000000,0.000000,4691.000000,3023.000000,0.000000,0.000000,0.000000,0.000000,1121.000000,1261.000000,1028.000000,0.000000,21016.000000,9892.000000,7714.000000,3410.000000,21016.000000,0.000000,54.006313,77.732555,0.190481,-0.356772,0.165856,0.107218,LoadingResponse,0.222544,0.455561,0.455561,level walking,
949,2026-05-14 22:59:54,47.450000,2026-5-14_levelground 2_left.csv,level_walking,0.000000,0.000000,6152.000000,3740.000000,0.000000,0.000000,0.000000,0.000000,4691.000000,3023.000000,0.000000,0.000000,0.000000,0.000000,1121.000000,1261.000000,1028.000000,0.000000,21016.000000,9892.000000,7714.000000,3410.000000,21016.000000,0.000000,54.006313,77.732555,0.190481,-0.356772,0.000000,0.000000,LoadingResponse,0.296725,0.455561,0.455561,level walking,
950,2026-05-14 22:59:54,47.500000,2026-5-14_levelground 2_left.csv,level_walking,0.000000,0.000000,5628.000000,3101.000000,0.000000,0.000000,0.000000,0.000000,3843.000000,2158.000000,0.000000,0.000000,386.000000,0.000000,893.000000,1316.000000,1386.000000,0.000000,18711.000000,8729.000000,6001.000000,3981.000000,18711.000000,0.000000,53.973280,83.327646,0.216442,-0.355942,0.519218,0.016597,LoadingResponse,0.370906,1.410196,1.410196,level walking,
951,2026-05-14 22:59:54,47.550000,2026-5-14_levelground 2_left.csv,level_walking,1659.000000,0.000000,2717.000000,0.000000,0.000000,0.000000,1491.000000,0.000000,1583.000000,0.000000,0.000000,0.000000,2111.000000,0.000000,474.000000,1608.000000,2215.000000,0.000000,13858.000000,4376.000000,3074.000000,6408.000000,10708.000000,3150.000000,49.265053,138.848137,0.474054,-0.237660,5.152236,2.365646,MidStance,0.445087,8.427610,1.500000,level walking,
952,2026-05-14 22:59:54,47.600000,2026-5-14_levelground 2_left.csv,level_walking,1659.000000,0.000000,2717.000000,0.000000,0.000000,0.000000,1491.000000,0.000000,1583.000000,0.000000,0.000000,0.000000,2111.000000,0.000000,474.000000,1608.000000,2215.000000,0.000000,13858.000000,4376.000000,3074.000000,6408.000000,10708.000000,3150.000000,49.265053,138.848137,0.474054,-0.237660,0.000000,0.000000,MidStance,0.519268,8.427610,1.500000,level walking,
953,2026-05-14 22:59:54,47.650000,2026-5-14_levelground 2_left.csv,level_walking,2679.000000,489.000000,1934.000000,0.000000,0.000000,0.000000,2345.000000,0.000000,1085.000000,0.000000,0.000000,0.000000,2466.000000,0.000000,311.000000,914.000000,1471.000000,0.000000,13694.000000,5102.000000,3430.000000,5162.000000,8181.000000,5513.000000,41.391804,155.176209,0.549815,-0.039864,1.515226,3.955909,MidStance,0.593450,10.473503,1.500000,level walking,
954,2026-05-14 22:59:54,47.700000,2026-5-14_levelground 2_left.csv,level_walking,2065.000000,507.000000,592.000000,0.000000,0.000000,0.000000,877.000000,0.000000,238.000000,0.000000,0.000000,0.000000,293.000000,0.000000,0.000000,302.000000,0.000000,0.000000,4874.000000,3164.000000,1115.000000,595.000000,1425.000000,3449.000000,26.866978,166.536955,0.602529,0.325035,1.054264,7.297991,MidStance,0.667631,4.259104,1.500000,level walking,
955,2026-05-14 22:59:54,47.750000,2026-5-14_levelground 2_left.csv,level_walking,2065.000000,507.000000,592.000000,0.000000,0.000000,0.000000,877.000000,0.000000,238.000000,0.000000,0.000000,0.000000,293.000000,0.000000,0.000000,302.000000,0.000000,0.000000,4874.000000,3164.000000,1115.000000,595.000000,1425.000000,3449.000000,26.866978,166.536955,0.602529,0.325035,0.000000,0.000000,MidStance,0.741812,4.259104,1.500000,level walking,
956,2026-05-14 22:59:54,47.800000,2026-5-14_levelground 2_left.csv,level_walking,0.000000,0.000000,0.000000,0.000000,0.000000,0.000000,0.000000,0.000000,0.000000,0.000000,0.000000,0.000000,0.000000,0.000000,0.000000,0.000000,0.000000,0.000000,0.000000,0.000000,0.000000,0.000000,0.000000,0.000000,0.000000,0.000000,0.000000,0.000000,0.000000,0.000000,Swing,0.000000,0.000000,0.000000,level walking,cop_invalid|low_pressure
957,2026-05-14 22:59:54,47.850000,2026-5-14_levelground 2_left.csv,level_walking,0.000000,0.000000,0.000000,0.000000,0.000000,0.000000,0.000000,0.000000,0.000000,0.000000,0.000000,0.000000,0.000000,0.000000,0.000000,0.000000,0.000000,0.000000,0.000000,0.000000,0.000000,0.000000,0.000000,0.000000,0.000000,0.000000,0.000000,0.000000,0.000000,0.000000,Swing,0.000000,0.000000,0.000000,level walking,cop_invalid|low_pressure
958,2026-05-14 22:59:54,47.900000,2026-5-14_levelground 2_left.csv,level_walking,0.000000,0.000000,0.000000,0.000000,0.000000,0.000000,0.000000,0.000000,0.000000,0.000000,0.000000,0.000000,0.000000,0.000000,0.000000,0.000000,0.000000,0.000000,0.000000,0.000000,0.000000,0.000000,0.000000,0.000000,0.000000,0.000000,0.000000,0.000000,0.000000,0.000000,Swing,0.000000,0.000000,0.000000,level walking,cop_invalid|low_pressure
959,2026-05-14 22:59:54,47.950000,2026-5-14_levelground 2_left.csv,level_walking,0.000000,0.000000,0.000000,0.000000,0.000000,0.000000,0.000000,0.000000,0.000000,0.000000,0.000000,0.000000,0.000000,0.000000,0.000000,0.000000,0.000000,0.000000,0.000000,0.000000,0.000000,0.000000,0.000000,0.000000,0.000000,0.000000,0.000000,0.000000,0.000000,0.000000,Swing,0.000000,0.000000,0.000000,level walking,cop_invalid|low_pressure
960,2026-05-14 22:59:54,48.000000,2026-5-14_levelground 2_left.csv,level_walking,0.000000,0.000000,0.000000,0.000000,0.000000,0.000000,0.000000,0.000000,0.000000,0.000000,0.000000,0.000000,0.000000,0.000000,0.000000,0.000000,0.000000,0.000000,0.000000,0.000000,0.000000,0.000000,0.000000,0.000000,0.000000,0.000000,0.000000,0.000000,0.000000,0.000000,Swing,0.000000,0.000000,0.000000,level walking,cop_invalid|low_pressure
961,2026-05-14 22:59:54,48.050000,2026-5-14_levelground 2_left.csv,level_walking,0.000000,0.000000,0.000000,0.000000,0.000000,0.000000,0.000000,0.000000,0.000000,0.000000,0.000000,0.000000,0.000000,0.000000,0.000000,0.000000,0.000000,0.000000,0.000000,0.000000,0.000000,0.000000,0.000000,0.000000,0.000000,0.000000,0.000000,0.000000,0.000000,0.000000,Swing,0.000000,0.000000,0.000000,level walking,cop_invalid|low_pressure
962,2026-05-14 22:59:54,48.100000,2026-5-14_levelground 2_left.csv,level_walking,0.000000,0.000000,0.000000,0.000000,0.000000,0.000000,0.000000,0.000000,0.000000,0.000000,0.000000,0.000000,0.000000,0.000000,0.000000,0.000000,0.000000,0.000000,0.000000,0.000000,0.000000,0.000000,0.000000,0.000000,0.000000,0.000000,0.000000,0.000000,0.000000,0.000000,Swing,0.000000,0.000000,0.000000,level walking,cop_invalid|low_pressure
963,2026-05-14 22:59:55,48.150000,2026-5-14_levelground 2_left.csv,level_walking,0.000000,0.000000,311.000000,0.000000,0.000000,0.000000,0.000000,0.000000,0.000000,0.000000,0.000000,0.000000,0.000000,0.000000,0.000000,0.000000,0.000000,0.000000,311.000000,311.000000,0.000000,0.000000,311.000000,0.000000,0.000000,0.000000,0.000000,0.000000,0.000000,0.000000,Swing,0.000000,0.000000,0.000000,level walking,cop_invalid
964,2026-05-14 22:59:55,48.200000,2026-5-14_levelground 2_left.csv,level_walking,0.000000,0.000000,2819.000000,558.000000,0.000000,0.000000,0.000000,0.000000,2153.000000,1000.000000,0.000000,0.000000,0.000000,0.000000,0.000000,0.000000,0.000000,0.000000,6530.000000,3377.000000,3153.000000,0.000000,6530.000000,0.000000,0.000000,0.000000,0.000000,0.000000,0.000000,0.000000,Swing,0.000000,0.000000,0.000000,level walking,cop_invalid
965,2026-05-14 22:59:55,48.250000,2026-5-14_levelground 2_left.csv,level_walking,0.000000,0.000000,4136.000000,1977.000000,0.000000,0.000000,0.000000,0.000000,3301.000000,1942.000000,0.000000,0.000000,0.000000,0.000000,425.000000,392.000000,0.000000,0.000000,12173.000000,6113.000000,5243.000000,817.000000,12173.000000,0.000000,0.000000,0.000000,0.000000,0.000000,0.000000,0.000000,Swing,0.000000,0.000000,0.000000,level walking,cop_invalid
966,2026-05-14 22:59:55,48.300000,2026-5-14_levelground 2_left.csv,level_walking,0.000000,0.000000,4136.000000,1977.000000,0.000000,0.000000,0.000000,0.000000,3301.000000,1942.000000,0.000000,0.000000,0.000000,0.000000,425.000000,392.000000,0.000000,0.000000,12173.000000,6113.000000,5243.000000,817.000000,12173.000000,0.000000,52.781544,66.810208,0.139802,-0.326003,0.000000,0.000000,InitialContact,0.000000,0.000000,0.000000,level walking,
967,2026-05-14 22:59:55,48.350000,2026-5-14_levelground 2_left.csv,level_walking,0.000000,0.000000,5252.000000,3055.000000,0.000000,0.000000,0.000000,0.000000,3860.000000,2571.000000,0.000000,0.000000,256.000000,0.000000,671.000000,581.000000,489.000000,0.000000,16735.000000,8307.000000,6431.000000,1997.000000,16735.000000,0.000000,52.865987,74.084711,0.173556,-0.328124,0.675065,-0.042428,InitialContact,0.074714,0.000000,0.000000,level walking,
968,2026-05-14 22:59:55,48.400000,2026-5-14_levelground 2_left.csv,level_walking,454.000000,0.000000,4955.000000,2584.000000,0.000000,0.000000,187.000000,0.000000,3255.000000,2086.000000,0.000000,0.000000,530.000000,0.000000,792.000000,734.000000,803.000000,0.000000,16380.000000,7993.000000,5528.000000,2859.000000,15739.000000,641.000000,51.834634,84.434156,0.221576,-0.302214,0.960416,0.518203,LoadingResponse,0.149428,1.408439,1.408439,level walking,
969,2026-05-14 22:59:55,48.450000,2026-5-14_levelground 2_left.csv,level_walking,454.000000,0.000000,4955.000000,2584.000000,0.000000,0.000000,187.000000,0.000000,3255.000000,2086.000000,0.000000,0.000000,530.000000,0.000000,792.000000,734.000000,803.000000,0.000000,16380.000000,7993.000000,5528.000000,2859.000000,15739.000000,641.000000,51.834634,84.434156,0.221576,-0.302214,0.000000,0.000000,LoadingResponse,0.224141,1.408439,1.408439,level walking,
970,2026-05-14 22:59:55,48.500000,2026-5-14_levelground 2_left.csv,level_walking,898.000000,0.000000,3829.000000,1499.000000,0.000000,0.000000,573.000000,0.000000,2414.000000,1131.000000,0.000000,0.000000,829.000000,0.000000,567.000000,624.000000,795.000000,0.000000,13159.000000,6226.000000,4118.000000,2815.000000,11688.000000,1471.000000,49.558810,97.230366,0.280950,-0.245040,1.187473,1.143487,LoadingResponse,0.298855,2.747301,1.500000,level walking,
971,2026-05-14 22:59:55,48.550000,2026-5-14_levelground 2_left.csv,level_walking,1100.000000,0.000000,2980.000000,803.000000,0.000000,0.000000,791.000000,0.000000,1922.000000,657.000000,0.000000,0.000000,967.000000,0.000000,496.000000,783.000000,920.000000,0.000000,11419.000000,4883.000000,3370.000000,3166.000000,9528.000000,1891.000000,48.896094,110.167570,0.340978,-0.228391,1.200557,0.332981,LoadingResponse,0.373569,3.801641,1.500000,level walking,
972,2026-05-14 22:59:55,48.600000,2026-5-14_levelground 2_left.csv,level_walking,1100.000000,0.000000,2980.000000,803.000000,0.000000,0.000000,791.000000,0.000000,1922.000000,657.000000,0.000000,0.000000,967.000000,0.000000,496.000000,783.000000,920.000000,0.000000,11419.000000,4883.000000,3370.000000,3166.000000,9528.000000,1891.000000,48.896094,110.167570,0.340978,-0.228391,0.000000,0.000000,LoadingResponse,0.448283,3.801641,1.500000,level walking,
973,2026-05-14 22:59:55,48.650000,2026-5-14_levelground 2_left.csv,level_walking,1562.000000,149.000000,2464.000000,311.000000,0.000000,0.000000,1228.000000,0.000000,1478.000000,118.000000,0.000000,0.000000,1610.000000,0.000000,579.000000,1187.000000,1468.000000,0.000000,12154.000000,4486.000000,2824.000000,4844.000000,9215.000000,2939.000000,47.592481,133.444754,0.448983,-0.195641,2.160095,0.654999,MidStance,0.522997,6.761145,1.500000,level walking,
974,2026-05-14 22:59:55,48.700000,2026-5-14_levelground 2_left.csv,level_walking,1684.000000,106.000000,1896.000000,0.000000,0.000000,0.000000,1374.000000,0.000000,1020.000000,0.000000,0.000000,0.000000,1631.000000,0.000000,424.000000,1065.000000,1402.000000,0.000000,10602.000000,3686.000000,2394.000000,4522.000000,7438.000000,3164.000000,46.085234,144.256520,0.499149,-0.157775,1.003319,0.757316,MidStance,0.597711,6.997735,1.500000,level walking,
975,2026-05-14 22:59:55,48.750000,2026-5-14_levelground 2_left.csv,level_walking,1174.000000,0.000000,1000.000000,0.000000,0.000000,0.000000,712.000000,0.000000,314.000000,0.000000,0.000000,0.000000,760.000000,0.000000,0.000000,366.000000,455.000000,0.000000,4781.000000,2174.000000,1026.000000,1581.000000,2895.000000,1886.000000,40.213654,147.477218,0.514093,-0.010266,0.298877,2.950172,MidStance,0.672424,3.303407,1.500000,level walking,
976,2026-05-14 22:59:55,48.800000,2026-5-14_levelground 2_left.csv,level_walking,1174.000000,0.000000,1000.000000,0.000000,0.000000,0.000000,712.000000,0.000000,314.000000,0.000000,0.000000,0.000000,760.000000,0.000000,0.000000,366.000000,455.000000,0.000000,4781.000000,2174.000000,1026.000000,1581.000000,2895.000000,1886.000000,40.213654,147.477218,0.514093,-0.010266,0.000000,0.000000,MidStance,0.747138,3.303407,1.500000,level walking,
977,2026-05-14 22:59:55,48.850000,2026-5-14_levelground 2_left.csv,level_walking,160.000000,0.000000,510.000000,0.000000,0.000000,0.000000,0.000000,0.000000,94.000000,0.000000,0.000000,0.000000,0.000000,0.000000,0.000000,142.000000,0.000000,0.000000,906.000000,670.000000,94.000000,142.000000,746.000000,160.000000,42.882185,90.506843,0.249753,-0.077307,-5.286783,-1.340802,LoadingResponse,0.821852,0.130698,0.130698,level walking,
978,2026-05-14 22:59:55,48.900000,2026-5-14_levelground 2_left.csv,level_walking,160.000000,0.000000,510.000000,0.000000,0.000000,0.000000,0.000000,0.000000,94.000000,0.000000,0.000000,0.000000,0.000000,0.000000,0.000000,142.000000,0.000000,0.000000,906.000000,670.000000,94.000000,142.000000,746.000000,160.000000,42.882185,90.506843,0.249753,-0.077307,0.000000,0.000000,LoadingResponse,0.896566,0.130698,0.130698,level walking,
979,2026-05-14 22:59:55,48.950000,2026-5-14_levelground 2_left.csv,level_walking,0.000000,0.000000,57.000000,0.000000,0.000000,0.000000,0.000000,0.000000,0.000000,0.000000,0.000000,0.000000,0.000000,0.000000,0.000000,0.000000,0.000000,0.000000,57.000000,57.000000,0.000000,0.000000,57.000000,0.000000,0.000000,0.000000,0.000000,0.000000,0.000000,0.000000,Swing,0.000000,0.000000,0.000000,level walking,cop_invalid|low_pressure
980,2026-05-14 22:59:55,49.000000,2026-5-14_levelground 2_left.csv,level_walking,0.000000,0.000000,0.000000,0.000000,0.000000,0.000000,0.000000,0.000000,0.000000,0.000000,0.000000,0.000000,0.000000,0.000000,0.000000,0.000000,0.000000,0.000000,0.000000,0.000000,0.000000,0.000000,0.000000,0.000000,0.000000,0.000000,0.000000,0.000000,0.000000,0.000000,Swing,0.000000,0.000000,0.000000,level walking,cop_invalid|low_pressure
981,2026-05-14 22:59:55,49.050000,2026-5-14_levelground 2_left.csv,level_walking,0.000000,0.000000,0.000000,0.000000,0.000000,0.000000,0.000000,0.000000,0.000000,0.000000,0.000000,0.000000,0.000000,0.000000,0.000000,0.000000,0.000000,0.000000,0.000000,0.000000,0.000000,0.000000,0.000000,0.000000,0.000000,0.000000,0.000000,0.000000,0.000000,0.000000,Swing,0.000000,0.000000,0.000000,level walking,cop_invalid|low_pressure
982,2026-05-14 22:59:55,49.100000,2026-5-14_levelground 2_left.csv,level_walking,0.000000,0.000000,0.000000,0.000000,0.000000,0.000000,0.000000,0.000000,0.000000,0.000000,0.000000,0.000000,0.000000,0.000000,0.000000,0.000000,0.000000,0.000000,0.000000,0.000000,0.000000,0.000000,0.000000,0.000000,0.000000,0.000000,0.000000,0.000000,0.000000,0.000000,Swing,0.000000,0.000000,0.000000,level walking,cop_invalid|low_pressure
983,2026-05-14 22:59:56,49.150000,2026-5-14_levelground 2_left.csv,level_walking,0.000000,0.000000,0.000000,0.000000,0.000000,0.000000,0.000000,0.000000,0.000000,0.000000,0.000000,0.000000,0.000000,0.000000,0.000000,0.000000,0.000000,0.000000,0.000000,0.000000,0.000000,0.000000,0.000000,0.000000,0.000000,0.000000,0.000000,0.000000,0.000000,0.000000,Swing,0.000000,0.000000,0.000000,level walking,cop_invalid|low_pressure
984,2026-05-14 22:59:56,49.200000,2026-5-14_levelground 2_left.csv,level_walking,0.000000,0.000000,0.000000,0.000000,0.000000,0.000000,0.000000,0.000000,0.000000,0.000000,0.000000,0.000000,0.000000,0.000000,0.000000,0.000000,0.000000,0.000000,0.000000,0.000000,0.000000,0.000000,0.000000,0.000000,0.000000,0.000000,0.000000,0.000000,0.000000,0.000000,Swing,0.000000,0.000000,0.000000,level walking,cop_invalid|low_pressure
985,2026-05-14 22:59:56,49.250000,2026-5-14_levelground 2_left.csv,level_walking,0.000000,0.000000,0.000000,0.000000,0.000000,0.000000,0.000000,0.000000,0.000000,0.000000,0.000000,0.000000,0.000000,0.000000,0.000000,0.000000,0.000000,0.000000,0.000000,0.000000,0.000000,0.000000,0.000000,0.000000,0.000000,0.000000,0.000000,0.000000,0.000000,0.000000,Swing,0.000000,0.000000,0.000000,level walking,cop_invalid|low_pressure
986,2026-05-14 22:59:56,49.300000,2026-5-14_levelground 2_left.csv,level_walking,0.000000,0.000000,0.000000,0.000000,0.000000,0.000000,0.000000,0.000000,0.000000,0.000000,0.000000,0.000000,0.000000,0.000000,0.000000,0.000000,0.000000,0.000000,0.000000,0.000000,0.000000,0.000000,0.000000,0.000000,0.000000,0.000000,0.000000,0.000000,0.000000,0.000000,Swing,0.000000,0.000000,0.000000,level walking,cop_invalid|low_pressure
987,2026-05-14 22:59:56,49.350000,2026-5-14_levelground 2_left.csv,level_walking,0.000000,0.000000,0.000000,0.000000,0.000000,0.000000,0.000000,0.000000,0.000000,0.000000,0.000000,0.000000,0.000000,0.000000,0.000000,0.000000,0.000000,0.000000,0.000000,0.000000,0.000000,0.000000,0.000000,0.000000,0.000000,0.000000,0.000000,0.000000,0.000000,0.000000,Swing,0.000000,0.000000,0.000000,level walking,cop_invalid|low_pressure
988,2026-05-14 22:59:56,49.400000,2026-5-14_levelground 2_left.csv,level_walking,0.000000,0.000000,0.000000,0.000000,0.000000,0.000000,0.000000,0.000000,0.000000,0.000000,0.000000,0.000000,0.000000,0.000000,0.000000,0.000000,0.000000,0.000000,0.000000,0.000000,0.000000,0.000000,0.000000,0.000000,0.000000,0.000000,0.000000,0.000000,0.000000,0.000000,Swing,0.000000,0.000000,0.000000,level walking,cop_invalid|low_pressure
989,2026-05-14 22:59:56,49.450000,2026-5-14_levelground 2_left.csv,level_walking,0.000000,0.000000,0.000000,0.000000,0.000000,0.000000,0.000000,0.000000,0.000000,0.000000,0.000000,0.000000,0.000000,0.000000,0.000000,0.000000,0.000000,0.000000,0.000000,0.000000,0.000000,0.000000,0.000000,0.000000,0.000000,0.000000,0.000000,0.000000,0.000000,0.000000,Swing,0.000000,0.000000,0.000000,level walking,cop_invalid|low_pressure
990,2026-05-14 22:59:56,49.500000,2026-5-14_levelground 2_left.csv,level_walking,0.000000,0.000000,0.000000,0.000000,0.000000,0.000000,0.000000,0.000000,0.000000,0.000000,0.000000,0.000000,0.000000,0.000000,0.000000,0.000000,0.000000,0.000000,0.000000,0.000000,0.000000,0.000000,0.000000,0.000000,0.000000,0.000000,0.000000,0.000000,0.000000,0.000000,Swing,0.000000,0.000000,0.000000,level walking,cop_invalid|low_pressure
991,2026-05-14 22:59:56,49.550000,2026-5-14_levelground 2_left.csv,level_walking,0.000000,0.000000,0.000000,0.000000,0.000000,0.000000,0.000000,0.000000,0.000000,0.000000,0.000000,0.000000,0.000000,0.000000,0.000000,0.000000,0.000000,0.000000,0.000000,0.000000,0.000000,0.000000,0.000000,0.000000,0.000000,0.000000,0.000000,0.000000,0.000000,0.000000,Swing,0.000000,0.000000,0.000000,level walking,cop_invalid|low_pressure
992,2026-05-14 22:59:56,49.600000,2026-5-14_levelground 2_left.csv,level_walking,0.000000,0.000000,0.000000,0.000000,0.000000,0.000000,0.000000,0.000000,0.000000,0.000000,0.000000,0.000000,0.000000,0.000000,0.000000,0.000000,0.000000,0.000000,0.000000,0.000000,0.000000,0.000000,0.000000,0.000000,0.000000,0.000000,0.000000,0.000000,0.000000,0.000000,Swing,0.000000,0.000000,0.000000,level walking,cop_invalid|low_pressure
993,2026-05-14 22:59:56,49.650000,2026-5-14_levelground 2_left.csv,level_walking,0.000000,0.000000,0.000000,0.000000,0.000000,0.000000,0.000000,0.000000,0.000000,0.000000,0.000000,0.000000,0.000000,0.000000,0.000000,0.000000,0.000000,0.000000,0.000000,0.000000,0.000000,0.000000,0.000000,0.000000,0.000000,0.000000,0.000000,0.000000,0.000000,0.000000,Swing,0.000000,0.000000,0.000000,level walking,cop_invalid|low_pressure
994,2026-05-14 22:59:56,49.700000,2026-5-14_levelground 2_left.csv,level_walking,0.000000,0.000000,0.000000,0.000000,0.000000,0.000000,0.000000,0.000000,0.000000,0.000000,0.000000,0.000000,0.000000,0.000000,0.000000,0.000000,0.000000,0.000000,0.000000,0.000000,0.000000,0.000000,0.000000,0.000000,0.000000,0.000000,0.000000,0.000000,0.000000,0.000000,Swing,0.000000,0.000000,0.000000,level walking,cop_invalid|low_pressure
995,2026-05-14 22:59:56,49.750000,2026-5-14_levelground 2_left.csv,level_walking,0.000000,0.000000,0.000000,0.000000,0.000000,0.000000,0.000000,0.000000,0.000000,0.000000,0.000000,0.000000,0.000000,0.000000,0.000000,0.000000,0.000000,0.000000,0.000000,0.000000,0.000000,0.000000,0.000000,0.000000,0.000000,0.000000,0.000000,0.000000,0.000000,0.000000,Swing,0.000000,0.000000,0.000000,level walking,cop_invalid|low_pressure
996,2026-05-14 22:59:56,49.800000,2026-5-14_levelground 2_left.csv,level_walking,0.000000,0.000000,0.000000,0.000000,0.000000,0.000000,0.000000,0.000000,0.000000,0.000000,0.000000,0.000000,0.000000,0.000000,0.000000,0.000000,0.000000,0.000000,0.000000,0.000000,0.000000,0.000000,0.000000,0.000000,0.000000,0.000000,0.000000,0.000000,0.000000,0.000000,Swing,0.000000,0.000000,0.000000,level walking,cop_invalid|low_pressure
997,2026-05-14 22:59:56,49.850000,2026-5-14_levelground 2_left.csv,level_walking,0.000000,0.000000,0.000000,0.000000,0.000000,0.000000,0.000000,0.000000,0.000000,0.000000,0.000000,0.000000,0.000000,0.000000,0.000000,0.000000,0.000000,0.000000,0.000000,0.000000,0.000000,0.000000,0.000000,0.000000,0.000000,0.000000,0.000000,0.000000,0.000000,0.000000,Swing,0.000000,0.000000,0.000000,level walking,cop_invalid|low_pressure
998,2026-05-14 22:59:56,49.900000,2026-5-14_levelground 2_left.csv,level_walking,0.000000,0.000000,0.000000,0.000000,0.000000,0.000000,0.000000,0.000000,0.000000,0.000000,0.000000,0.000000,0.000000,0.000000,0.000000,0.000000,0.000000,0.000000,0.000000,0.000000,0.000000,0.000000,0.000000,0.000000,0.000000,0.000000,0.000000,0.000000,0.000000,0.000000,Swing,0.000000,0.000000,0.000000,level walking,cop_invalid|low_pressure
999,2026-05-14 22:59:56,49.950000,2026-5-14_levelground 2_left.csv,level_walking,0.000000,0.000000,0.000000,0.000000,0.000000,0.000000,0.000000,0.000000,0.000000,0.000000,0.000000,0.000000,0.000000,0.000000,0.000000,0.000000,0.000000,0.000000,0.000000,0.000000,0.000000,0.000000,0.000000,0.000000,0.000000,0.000000,0.000000,0.000000,0.000000,0.000000,Swing,0.000000,0.000000,0.000000,level walking,cop_invalid|low_pressure
1000,2026-05-14 22:59:56,50.000000,2026-5-14_levelground 2_left.csv,level_walking,0.000000,0.000000,0.000000,0.000000,0.000000,0.000000,0.000000,0.000000,0.000000,0.000000,0.000000,0.000000,0.000000,0.000000,0.000000,0.000000,0.000000,0.000000,0.000000,0.000000,0.000000,0.000000,0.000000,0.000000,0.000000,0.000000,0.000000,0.000000,0.000000,0.000000,Swing,0.000000,0.000000,0.000000,level walking,cop_invalid|low_pressure
1001,2026-05-14 22:59:56,50.050000,2026-5-14_levelground 2_left.csv,level_walking,0.000000,0.000000,0.000000,0.000000,0.000000,0.000000,0.000000,0.000000,0.000000,0.000000,0.000000,0.000000,0.000000,0.000000,0.000000,0.000000,0.000000,0.000000,0.000000,0.000000,0.000000,0.000000,0.000000,0.000000,0.000000,0.000000,0.000000,0.000000,0.000000,0.000000,Swing,0.000000,0.000000,0.000000,level walking,cop_invalid|low_pressure
1002,2026-05-14 22:59:56,50.100000,2026-5-14_levelground 2_left.csv,level_walking,0.000000,0.000000,0.000000,0.000000,0.000000,0.000000,0.000000,0.000000,0.000000,0.000000,0.000000,0.000000,0.000000,0.000000,0.000000,0.000000,0.000000,0.000000,0.000000,0.000000,0.000000,0.000000,0.000000,0.000000,0.000000,0.000000,0.000000,0.000000,0.000000,0.000000,Swing,0.000000,0.000000,0.000000,level walking,cop_invalid|low_pressure
1003,2026-05-14 22:59:57,50.150000,2026-5-14_levelground 2_left.csv,level_walking,0.000000,0.000000,0.000000,0.000000,0.000000,0.000000,0.000000,0.000000,0.000000,0.000000,0.000000,0.000000,0.000000,0.000000,0.000000,0.000000,0.000000,0.000000,0.000000,0.000000,0.000000,0.000000,0.000000,0.000000,0.000000,0.000000,0.000000,0.000000,0.000000,0.000000,Swing,0.000000,0.000000,0.000000,level walking,cop_invalid|low_pressure
1004,2026-05-14 22:59:57,50.200000,2026-5-14_levelground 2_left.csv,level_walking,0.000000,0.000000,0.000000,0.000000,0.000000,0.000000,0.000000,0.000000,0.000000,0.000000,0.000000,0.000000,0.000000,0.000000,0.000000,0.000000,0.000000,0.000000,0.000000,0.000000,0.000000,0.000000,0.000000,0.000000,0.000000,0.000000,0.000000,0.000000,0.000000,0.000000,Swing,0.000000,0.000000,0.000000,level walking,cop_invalid|low_pressure
1005,2026-05-14 22:59:57,50.250000,2026-5-14_levelground 2_left.csv,level_walking,0.000000,0.000000,0.000000,0.000000,0.000000,0.000000,0.000000,0.000000,0.000000,0.000000,0.000000,0.000000,0.000000,0.000000,0.000000,0.000000,0.000000,0.000000,0.000000,0.000000,0.000000,0.000000,0.000000,0.000000,0.000000,0.000000,0.000000,0.000000,0.000000,0.000000,Swing,0.000000,0.000000,0.000000,level walking,cop_invalid|low_pressure
1006,2026-05-14 22:59:57,50.300000,2026-5-14_levelground 2_left.csv,level_walking,0.000000,0.000000,0.000000,0.000000,0.000000,0.000000,0.000000,0.000000,0.000000,0.000000,0.000000,0.000000,0.000000,0.000000,0.000000,0.000000,0.000000,0.000000,0.000000,0.000000,0.000000,0.000000,0.000000,0.000000,0.000000,0.000000,0.000000,0.000000,0.000000,0.000000,Swing,0.000000,0.000000,0.000000,level walking,cop_invalid|low_pressure
1007,2026-05-14 22:59:57,50.350000,2026-5-14_levelground 2_left.csv,level_walking,0.000000,0.000000,0.000000,0.000000,0.000000,0.000000,0.000000,0.000000,0.000000,0.000000,0.000000,0.000000,0.000000,0.000000,0.000000,0.000000,0.000000,0.000000,0.000000,0.000000,0.000000,0.000000,0.000000,0.000000,0.000000,0.000000,0.000000,0.000000,0.000000,0.000000,Swing,0.000000,0.000000,0.000000,level walking,cop_invalid|low_pressure
1008,2026-05-14 22:59:57,50.400000,2026-5-14_levelground 2_left.csv,level_walking,0.000000,0.000000,0.000000,0.000000,0.000000,0.000000,0.000000,0.000000,0.000000,0.000000,0.000000,0.000000,0.000000,0.000000,0.000000,0.000000,0.000000,0.000000,0.000000,0.000000,0.000000,0.000000,0.000000,0.000000,0.000000,0.000000,0.000000,0.000000,0.000000,0.000000,Swing,0.000000,0.000000,0.000000,level walking,cop_invalid|low_pressure
1009,2026-05-14 22:59:57,50.450000,2026-5-14_levelground 2_left.csv,level_walking,0.000000,0.000000,0.000000,0.000000,0.000000,0.000000,0.000000,0.000000,0.000000,0.000000,0.000000,0.000000,0.000000,0.000000,0.000000,0.000000,0.000000,0.000000,0.000000,0.000000,0.000000,0.000000,0.000000,0.000000,0.000000,0.000000,0.000000,0.000000,0.000000,0.000000,Swing,0.000000,0.000000,0.000000,level walking,cop_invalid|low_pressure
1010,2026-05-14 22:59:57,50.500000,2026-5-14_levelground 2_left.csv,level_walking,0.000000,0.000000,0.000000,0.000000,0.000000,0.000000,0.000000,0.000000,0.000000,0.000000,0.000000,0.000000,0.000000,0.000000,0.000000,0.000000,0.000000,0.000000,0.000000,0.000000,0.000000,0.000000,0.000000,0.000000,0.000000,0.000000,0.000000,0.000000,0.000000,0.000000,Swing,0.000000,0.000000,0.000000,level walking,cop_invalid|low_pressure
1011,2026-05-14 22:59:57,50.550000,2026-5-14_levelground 2_left.csv,level_walking,0.000000,0.000000,0.000000,0.000000,0.000000,0.000000,0.000000,0.000000,0.000000,0.000000,0.000000,0.000000,0.000000,0.000000,0.000000,0.000000,0.000000,0.000000,0.000000,0.000000,0.000000,0.000000,0.000000,0.000000,0.000000,0.000000,0.000000,0.000000,0.000000,0.000000,Swing,0.000000,0.000000,0.000000,level walking,cop_invalid|low_pressure
1012,2026-05-14 22:59:57,50.600000,2026-5-14_levelground 2_left.csv,level_walking,0.000000,0.000000,0.000000,0.000000,0.000000,0.000000,0.000000,0.000000,0.000000,0.000000,0.000000,0.000000,0.000000,0.000000,0.000000,0.000000,0.000000,0.000000,0.000000,0.000000,0.000000,0.000000,0.000000,0.000000,0.000000,0.000000,0.000000,0.000000,0.000000,0.000000,Swing,0.000000,0.000000,0.000000,level walking,cop_invalid|low_pressure
1013,2026-05-14 22:59:57,50.650000,2026-5-14_levelground 2_left.csv,level_walking,0.000000,0.000000,0.000000,0.000000,0.000000,0.000000,0.000000,0.000000,0.000000,0.000000,0.000000,0.000000,0.000000,0.000000,0.000000,0.000000,0.000000,0.000000,0.000000,0.000000,0.000000,0.000000,0.000000,0.000000,0.000000,0.000000,0.000000,0.000000,0.000000,0.000000,Swing,0.000000,0.000000,0.000000,level walking,cop_invalid|low_pressure
1014,2026-05-14 22:59:57,50.700000,2026-5-14_levelground 2_left.csv,level_walking,0.000000,0.000000,0.000000,0.000000,0.000000,0.000000,0.000000,0.000000,0.000000,0.000000,0.000000,0.000000,0.000000,0.000000,0.000000,0.000000,0.000000,0.000000,0.000000,0.000000,0.000000,0.000000,0.000000,0.000000,0.000000,0.000000,0.000000,0.000000,0.000000,0.000000,Swing,0.000000,0.000000,0.000000,level walking,cop_invalid|low_pressure
1015,2026-05-14 22:59:57,50.750000,2026-5-14_levelground 2_left.csv,level_walking,0.000000,0.000000,0.000000,0.000000,0.000000,0.000000,0.000000,0.000000,0.000000,0.000000,0.000000,0.000000,0.000000,0.000000,0.000000,0.000000,0.000000,0.000000,0.000000,0.000000,0.000000,0.000000,0.000000,0.000000,0.000000,0.000000,0.000000,0.000000,0.000000,0.000000,Swing,0.000000,0.000000,0.000000,level walking,cop_invalid|low_pressure
1016,2026-05-14 22:59:57,50.800000,2026-5-14_levelground 2_left.csv,level_walking,0.000000,0.000000,0.000000,0.000000,0.000000,0.000000,0.000000,0.000000,0.000000,0.000000,0.000000,0.000000,0.000000,0.000000,0.000000,0.000000,0.000000,0.000000,0.000000,0.000000,0.000000,0.000000,0.000000,0.000000,0.000000,0.000000,0.000000,0.000000,0.000000,0.000000,Swing,0.000000,0.000000,0.000000,level walking,cop_invalid|low_pressure
1017,2026-05-14 22:59:57,50.850000,2026-5-14_levelground 2_left.csv,level_walking,0.000000,0.000000,0.000000,0.000000,0.000000,0.000000,0.000000,0.000000,0.000000,0.000000,0.000000,0.000000,0.000000,0.000000,0.000000,0.000000,0.000000,0.000000,0.000000,0.000000,0.000000,0.000000,0.000000,0.000000,0.000000,0.000000,0.000000,0.000000,0.000000,0.000000,Swing,0.000000,0.000000,0.000000,level walking,cop_invalid|low_pressure
1018,2026-05-14 22:59:57,50.900000,2026-5-14_levelground 2_left.csv,level_walking,0.000000,0.000000,0.000000,0.000000,0.000000,0.000000,0.000000,0.000000,0.000000,0.000000,0.000000,0.000000,0.000000,0.000000,0.000000,0.000000,0.000000,0.000000,0.000000,0.000000,0.000000,0.000000,0.000000,0.000000,0.000000,0.000000,0.000000,0.000000,0.000000,0.000000,Swing,0.000000,0.000000,0.000000,level walking,cop_invalid|low_pressure
1019,2026-05-14 22:59:57,50.950000,2026-5-14_levelground 2_left.csv,level_walking,0.000000,0.000000,0.000000,0.000000,0.000000,0.000000,0.000000,0.000000,0.000000,0.000000,0.000000,0.000000,0.000000,0.000000,0.000000,0.000000,0.000000,0.000000,0.000000,0.000000,0.000000,0.000000,0.000000,0.000000,0.000000,0.000000,0.000000,0.000000,0.000000,0.000000,Swing,0.000000,0.000000,0.000000,level walking,cop_invalid|low_pressure
1020,2026-05-14 22:59:57,51.000000,2026-5-14_levelground 2_left.csv,level_walking,0.000000,0.000000,0.000000,0.000000,0.000000,0.000000,0.000000,0.000000,0.000000,0.000000,0.000000,0.000000,0.000000,0.000000,0.000000,0.000000,0.000000,0.000000,0.000000,0.000000,0.000000,0.000000,0.000000,0.000000,0.000000,0.000000,0.000000,0.000000,0.000000,0.000000,Swing,0.000000,0.000000,0.000000,level walking,cop_invalid|low_pressure
1021,2026-05-14 22:59:57,51.050000,2026-5-14_levelground 2_left.csv,level_walking,0.000000,0.000000,0.000000,0.000000,0.000000,0.000000,0.000000,0.000000,0.000000,0.000000,0.000000,0.000000,0.000000,0.000000,0.000000,0.000000,0.000000,0.000000,0.000000,0.000000,0.000000,0.000000,0.000000,0.000000,0.000000,0.000000,0.000000,0.000000,0.000000,0.000000,Swing,0.000000,0.000000,0.000000,level walking,cop_invalid|low_pressure
1022,2026-05-14 22:59:57,51.100000,2026-5-14_levelground 2_left.csv,level_walking,0.000000,0.000000,0.000000,0.000000,0.000000,0.000000,0.000000,0.000000,0.000000,0.000000,0.000000,0.000000,0.000000,0.000000,0.000000,0.000000,0.000000,0.000000,0.000000,0.000000,0.000000,0.000000,0.000000,0.000000,0.000000,0.000000,0.000000,0.000000,0.000000,0.000000,Swing,0.000000,0.000000,0.000000,level walking,cop_invalid|low_pressure
1023,2026-05-14 22:59:58,51.150000,2026-5-14_levelground 2_left.csv,level_walking,0.000000,0.000000,0.000000,0.000000,0.000000,0.000000,0.000000,0.000000,0.000000,0.000000,0.000000,0.000000,0.000000,0.000000,0.000000,0.000000,0.000000,0.000000,0.000000,0.000000,0.000000,0.000000,0.000000,0.000000,0.000000,0.000000,0.000000,0.000000,0.000000,0.000000,Swing,0.000000,0.000000,0.000000,level walking,cop_invalid|low_pressure
1024,2026-05-14 22:59:58,51.200000,2026-5-14_levelground 2_left.csv,level_walking,0.000000,0.000000,0.000000,0.000000,0.000000,0.000000,0.000000,0.000000,0.000000,0.000000,0.000000,0.000000,0.000000,0.000000,0.000000,0.000000,0.000000,0.000000,0.000000,0.000000,0.000000,0.000000,0.000000,0.000000,0.000000,0.000000,0.000000,0.000000,0.000000,0.000000,Swing,0.000000,0.000000,0.000000,level walking,cop_invalid|low_pressure
1025,2026-05-14 22:59:58,51.250000,2026-5-14_levelground 2_left.csv,level_walking,0.000000,0.000000,0.000000,0.000000,0.000000,0.000000,0.000000,0.000000,0.000000,0.000000,0.000000,0.000000,0.000000,0.000000,0.000000,0.000000,0.000000,0.000000,0.000000,0.000000,0.000000,0.000000,0.000000,0.000000,0.000000,0.000000,0.000000,0.000000,0.000000,0.000000,Swing,0.000000,0.000000,0.000000,level walking,cop_invalid|low_pressure
1026,2026-05-14 22:59:58,51.300000,2026-5-14_levelground 2_left.csv,level_walking,0.000000,0.000000,0.000000,0.000000,0.000000,0.000000,0.000000,0.000000,0.000000,0.000000,0.000000,0.000000,0.000000,0.000000,0.000000,0.000000,0.000000,0.000000,0.000000,0.000000,0.000000,0.000000,0.000000,0.000000,0.000000,0.000000,0.000000,0.000000,0.000000,0.000000,Swing,0.000000,0.000000,0.000000,level walking,cop_invalid|low_pressure
1027,2026-05-14 22:59:58,51.350000,2026-5-14_levelground 2_left.csv,level_walking,0.000000,0.000000,0.000000,0.000000,0.000000,0.000000,0.000000,0.000000,0.000000,0.000000,0.000000,0.000000,0.000000,0.000000,0.000000,0.000000,0.000000,0.000000,0.000000,0.000000,0.000000,0.000000,0.000000,0.000000,0.000000,0.000000,0.000000,0.000000,0.000000,0.000000,Swing,0.000000,0.000000,0.000000,level walking,cop_invalid|low_pressure
1028,2026-05-14 22:59:58,51.400000,2026-5-14_levelground 2_left.csv,level_walking,0.000000,0.000000,0.000000,0.000000,0.000000,0.000000,0.000000,0.000000,0.000000,0.000000,0.000000,0.000000,0.000000,0.000000,0.000000,0.000000,0.000000,0.000000,0.000000,0.000000,0.000000,0.000000,0.000000,0.000000,0.000000,0.000000,0.000000,0.000000,0.000000,0.000000,Swing,0.000000,0.000000,0.000000,level walking,cop_invalid|low_pressure
1029,2026-05-14 22:59:58,51.450000,2026-5-14_levelground 2_left.csv,level_walking,0.000000,0.000000,0.000000,0.000000,0.000000,0.000000,0.000000,0.000000,0.000000,0.000000,0.000000,0.000000,0.000000,0.000000,0.000000,0.000000,0.000000,0.000000,0.000000,0.000000,0.000000,0.000000,0.000000,0.000000,0.000000,0.000000,0.000000,0.000000,0.000000,0.000000,Swing,0.000000,0.000000,0.000000,level walking,cop_invalid|low_pressure
1030,2026-05-14 22:59:58,51.500000,2026-5-14_levelground 2_left.csv,level_walking,0.000000,0.000000,0.000000,0.000000,0.000000,0.000000,0.000000,0.000000,0.000000,0.000000,0.000000,0.000000,0.000000,0.000000,0.000000,0.000000,0.000000,0.000000,0.000000,0.000000,0.000000,0.000000,0.000000,0.000000,0.000000,0.000000,0.000000,0.000000,0.000000,0.000000,Swing,0.000000,0.000000,0.000000,level walking,cop_invalid|low_pressure
1031,2026-05-14 22:59:58,51.550000,2026-5-14_levelground 2_left.csv,level_walking,0.000000,0.000000,0.000000,0.000000,0.000000,0.000000,0.000000,0.000000,0.000000,0.000000,0.000000,0.000000,0.000000,0.000000,0.000000,0.000000,0.000000,0.000000,0.000000,0.000000,0.000000,0.000000,0.000000,0.000000,0.000000,0.000000,0.000000,0.000000,0.000000,0.000000,Swing,0.000000,0.000000,0.000000,level walking,cop_invalid|low_pressure
1032,2026-05-14 22:59:58,51.600000,2026-5-14_levelground 2_left.csv,level_walking,0.000000,0.000000,0.000000,0.000000,0.000000,0.000000,0.000000,0.000000,0.000000,0.000000,0.000000,0.000000,0.000000,0.000000,0.000000,0.000000,0.000000,0.000000,0.000000,0.000000,0.000000,0.000000,0.000000,0.000000,0.000000,0.000000,0.000000,0.000000,0.000000,0.000000,Swing,0.000000,0.000000,0.000000,level walking,cop_invalid|low_pressure
1033,2026-05-14 22:59:58,51.650000,2026-5-14_levelground 2_left.csv,level_walking,0.000000,0.000000,0.000000,0.000000,0.000000,0.000000,0.000000,0.000000,0.000000,0.000000,0.000000,0.000000,0.000000,0.000000,0.000000,0.000000,0.000000,0.000000,0.000000,0.000000,0.000000,0.000000,0.000000,0.000000,0.000000,0.000000,0.000000,0.000000,0.000000,0.000000,Swing,0.000000,0.000000,0.000000,level walking,cop_invalid|low_pressure
1034,2026-05-14 22:59:58,51.700000,2026-5-14_levelground 2_left.csv,level_walking,0.000000,0.000000,0.000000,0.000000,0.000000,0.000000,0.000000,0.000000,0.000000,0.000000,0.000000,0.000000,0.000000,0.000000,0.000000,0.000000,0.000000,0.000000,0.000000,0.000000,0.000000,0.000000,0.000000,0.000000,0.000000,0.000000,0.000000,0.000000,0.000000,0.000000,Swing,0.000000,0.000000,0.000000,level walking,cop_invalid|low_pressure
1035,2026-05-14 22:59:58,51.750000,2026-5-14_levelground 2_left.csv,level_walking,0.000000,0.000000,0.000000,0.000000,0.000000,0.000000,0.000000,0.000000,0.000000,0.000000,0.000000,0.000000,0.000000,0.000000,0.000000,0.000000,0.000000,0.000000,0.000000,0.000000,0.000000,0.000000,0.000000,0.000000,0.000000,0.000000,0.000000,0.000000,0.000000,0.000000,Swing,0.000000,0.000000,0.000000,level walking,cop_invalid|low_pressure
1036,2026-05-14 22:59:58,51.800000,2026-5-14_levelground 2_left.csv,level_walking,0.000000,0.000000,0.000000,0.000000,0.000000,0.000000,0.000000,0.000000,0.000000,0.000000,0.000000,0.000000,0.000000,0.000000,0.000000,0.000000,0.000000,0.000000,0.000000,0.000000,0.000000,0.000000,0.000000,0.000000,0.000000,0.000000,0.000000,0.000000,0.000000,0.000000,Swing,0.000000,0.000000,0.000000,level walking,cop_invalid|low_pressure
1037,2026-05-14 22:59:58,51.850000,2026-5-14_levelground 2_left.csv,level_walking,0.000000,0.000000,0.000000,0.000000,0.000000,0.000000,0.000000,0.000000,0.000000,0.000000,0.000000,0.000000,0.000000,0.000000,0.000000,0.000000,0.000000,0.000000,0.000000,0.000000,0.000000,0.000000,0.000000,0.000000,0.000000,0.000000,0.000000,0.000000,0.000000,0.000000,Swing,0.000000,0.000000,0.000000,level walking,cop_invalid|low_pressure
1038,2026-05-14 22:59:58,51.900000,2026-5-14_levelground 2_left.csv,level_walking,0.000000,0.000000,0.000000,0.000000,0.000000,0.000000,0.000000,0.000000,0.000000,0.000000,0.000000,0.000000,0.000000,0.000000,0.000000,0.000000,0.000000,0.000000,0.000000,0.000000,0.000000,0.000000,0.000000,0.000000,0.000000,0.000000,0.000000,0.000000,0.000000,0.000000,Swing,0.000000,0.000000,0.000000,level walking,cop_invalid|low_pressure
1039,2026-05-14 22:59:58,51.950000,2026-5-14_levelground 2_left.csv,level_walking,0.000000,0.000000,0.000000,0.000000,0.000000,0.000000,0.000000,0.000000,0.000000,0.000000,0.000000,0.000000,0.000000,0.000000,0.000000,0.000000,0.000000,0.000000,0.000000,0.000000,0.000000,0.000000,0.000000,0.000000,0.000000,0.000000,0.000000,0.000000,0.000000,0.000000,Swing,0.000000,0.000000,0.000000,level walking,cop_invalid|low_pressure
1040,2026-05-14 22:59:58,52.000000,2026-5-14_levelground 2_left.csv,level_walking,0.000000,0.000000,0.000000,0.000000,0.000000,0.000000,0.000000,0.000000,0.000000,0.000000,0.000000,0.000000,0.000000,0.000000,0.000000,0.000000,0.000000,0.000000,0.000000,0.000000,0.000000,0.000000,0.000000,0.000000,0.000000,0.000000,0.000000,0.000000,0.000000,0.000000,Swing,0.000000,0.000000,0.000000,level walking,cop_invalid|low_pressure
1041,2026-05-14 22:59:58,52.050000,2026-5-14_levelground 2_left.csv,level_walking,0.000000,0.000000,0.000000,0.000000,0.000000,0.000000,0.000000,0.000000,0.000000,0.000000,0.000000,0.000000,0.000000,0.000000,0.000000,0.000000,0.000000,0.000000,0.000000,0.000000,0.000000,0.000000,0.000000,0.000000,0.000000,0.000000,0.000000,0.000000,0.000000,0.000000,Swing,0.000000,0.000000,0.000000,level walking,cop_invalid|low_pressure
1042,2026-05-14 22:59:58,52.100000,2026-5-14_levelground 2_left.csv,level_walking,0.000000,0.000000,0.000000,0.000000,0.000000,0.000000,0.000000,0.000000,0.000000,0.000000,0.000000,0.000000,0.000000,0.000000,0.000000,0.000000,0.000000,0.000000,0.000000,0.000000,0.000000,0.000000,0.000000,0.000000,0.000000,0.000000,0.000000,0.000000,0.000000,0.000000,Swing,0.000000,0.000000,0.000000,level walking,cop_invalid|low_pressure
1043,2026-05-14 22:59:59,52.150000,2026-5-14_levelground 2_left.csv,level_walking,0.000000,0.000000,0.000000,0.000000,0.000000,0.000000,0.000000,0.000000,0.000000,0.000000,0.000000,0.000000,0.000000,0.000000,0.000000,0.000000,0.000000,0.000000,0.000000,0.000000,0.000000,0.000000,0.000000,0.000000,0.000000,0.000000,0.000000,0.000000,0.000000,0.000000,Swing,0.000000,0.000000,0.000000,level walking,cop_invalid|low_pressure
1044,2026-05-14 22:59:59,52.200000,2026-5-14_levelground 2_left.csv,level_walking,0.000000,0.000000,0.000000,0.000000,0.000000,0.000000,0.000000,0.000000,0.000000,0.000000,0.000000,0.000000,0.000000,0.000000,0.000000,0.000000,0.000000,0.000000,0.000000,0.000000,0.000000,0.000000,0.000000,0.000000,0.000000,0.000000,0.000000,0.000000,0.000000,0.000000,Swing,0.000000,0.000000,0.000000,level walking,cop_invalid|low_pressure
1045,2026-05-14 22:59:59,52.250000,2026-5-14_levelground 2_left.csv,level_walking,0.000000,0.000000,0.000000,0.000000,0.000000,0.000000,0.000000,0.000000,0.000000,0.000000,0.000000,0.000000,0.000000,0.000000,0.000000,0.000000,0.000000,0.000000,0.000000,0.000000,0.000000,0.000000,0.000000,0.000000,0.000000,0.000000,0.000000,0.000000,0.000000,0.000000,Swing,0.000000,0.000000,0.000000,level walking,cop_invalid|low_pressure
1046,2026-05-14 22:59:59,52.300000,2026-5-14_levelground 2_left.csv,level_walking,0.000000,0.000000,0.000000,0.000000,0.000000,0.000000,0.000000,0.000000,0.000000,0.000000,0.000000,0.000000,0.000000,0.000000,0.000000,0.000000,0.000000,0.000000,0.000000,0.000000,0.000000,0.000000,0.000000,0.000000,0.000000,0.000000,0.000000,0.000000,0.000000,0.000000,Swing,0.000000,0.000000,0.000000,level walking,cop_invalid|low_pressure
1047,2026-05-14 22:59:59,52.350000,2026-5-14_levelground 2_left.csv,level_walking,0.000000,0.000000,0.000000,0.000000,0.000000,0.000000,0.000000,0.000000,0.000000,0.000000,0.000000,0.000000,0.000000,0.000000,0.000000,0.000000,0.000000,0.000000,0.000000,0.000000,0.000000,0.000000,0.000000,0.000000,0.000000,0.000000,0.000000,0.000000,0.000000,0.000000,Swing,0.000000,0.000000,0.000000,level walking,cop_invalid|low_pressure
1048,2026-05-14 22:59:59,52.400000,2026-5-14_levelground 2_left.csv,level_walking,0.000000,0.000000,0.000000,0.000000,0.000000,0.000000,0.000000,0.000000,0.000000,0.000000,0.000000,0.000000,0.000000,0.000000,0.000000,0.000000,0.000000,0.000000,0.000000,0.000000,0.000000,0.000000,0.000000,0.000000,0.000000,0.000000,0.000000,0.000000,0.000000,0.000000,Swing,0.000000,0.000000,0.000000,level walking,cop_invalid|low_pressure
1049,2026-05-14 22:59:59,52.450000,2026-5-14_levelground 2_left.csv,level_walking,0.000000,0.000000,0.000000,0.000000,0.000000,0.000000,0.000000,0.000000,0.000000,0.000000,0.000000,0.000000,0.000000,0.000000,0.000000,0.000000,0.000000,0.000000,0.000000,0.000000,0.000000,0.000000,0.000000,0.000000,0.000000,0.000000,0.000000,0.000000,0.000000,0.000000,Swing,0.000000,0.000000,0.000000,level walking,cop_invalid|low_pressure
1050,2026-05-14 22:59:59,52.500000,2026-5-14_levelground 2_left.csv,level_walking,0.000000,0.000000,0.000000,0.000000,0.000000,0.000000,0.000000,0.000000,0.000000,0.000000,0.000000,0.000000,0.000000,0.000000,0.000000,0.000000,0.000000,0.000000,0.000000,0.000000,0.000000,0.000000,0.000000,0.000000,0.000000,0.000000,0.000000,0.000000,0.000000,0.000000,Swing,0.000000,0.000000,0.000000,level walking,cop_invalid|low_pressure
1051,2026-05-14 22:59:59,52.550000,2026-5-14_levelground 2_left.csv,level_walking,0.000000,0.000000,0.000000,0.000000,0.000000,0.000000,0.000000,0.000000,0.000000,0.000000,0.000000,0.000000,0.000000,0.000000,0.000000,0.000000,0.000000,0.000000,0.000000,0.000000,0.000000,0.000000,0.000000,0.000000,0.000000,0.000000,0.000000,0.000000,0.000000,0.000000,Swing,0.000000,0.000000,0.000000,level walking,cop_invalid|low_pressure
1052,2026-05-14 22:59:59,52.600000,2026-5-14_levelground 2_left.csv,level_walking,0.000000,0.000000,0.000000,0.000000,0.000000,0.000000,0.000000,0.000000,0.000000,0.000000,0.000000,0.000000,0.000000,0.000000,0.000000,0.000000,0.000000,0.000000,0.000000,0.000000,0.000000,0.000000,0.000000,0.000000,0.000000,0.000000,0.000000,0.000000,0.000000,0.000000,Swing,0.000000,0.000000,0.000000,level walking,cop_invalid|low_pressure
1053,2026-05-14 22:59:59,52.650000,2026-5-14_levelground 2_left.csv,level_walking,0.000000,0.000000,0.000000,0.000000,0.000000,0.000000,0.000000,0.000000,0.000000,0.000000,0.000000,0.000000,0.000000,0.000000,0.000000,0.000000,0.000000,0.000000,0.000000,0.000000,0.000000,0.000000,0.000000,0.000000,0.000000,0.000000,0.000000,0.000000,0.000000,0.000000,Swing,0.000000,0.000000,0.000000,level walking,cop_invalid|low_pressure
1054,2026-05-14 22:59:59,52.700000,2026-5-14_levelground 2_left.csv,level_walking,0.000000,0.000000,0.000000,0.000000,0.000000,0.000000,0.000000,0.000000,0.000000,0.000000,0.000000,0.000000,0.000000,0.000000,0.000000,0.000000,0.000000,0.000000,0.000000,0.000000,0.000000,0.000000,0.000000,0.000000,0.000000,0.000000,0.000000,0.000000,0.000000,0.000000,Swing,0.000000,0.000000,0.000000,level walking,cop_invalid|low_pressure
1055,2026-05-14 22:59:59,52.750000,2026-5-14_levelground 2_left.csv,level_walking,0.000000,0.000000,0.000000,0.000000,0.000000,0.000000,0.000000,0.000000,0.000000,0.000000,0.000000,0.000000,0.000000,0.000000,0.000000,0.000000,0.000000,0.000000,0.000000,0.000000,0.000000,0.000000,0.000000,0.000000,0.000000,0.000000,0.000000,0.000000,0.000000,0.000000,Swing,0.000000,0.000000,0.000000,level walking,cop_invalid|low_pressure
1056,2026-05-14 22:59:59,52.800000,2026-5-14_levelground 2_left.csv,level_walking,0.000000,0.000000,0.000000,0.000000,0.000000,0.000000,0.000000,0.000000,0.000000,0.000000,0.000000,0.000000,0.000000,0.000000,0.000000,0.000000,0.000000,0.000000,0.000000,0.000000,0.000000,0.000000,0.000000,0.000000,0.000000,0.000000,0.000000,0.000000,0.000000,0.000000,Swing,0.000000,0.000000,0.000000,level walking,cop_invalid|low_pressure
1057,2026-05-14 22:59:59,52.850000,2026-5-14_levelground 2_left.csv,level_walking,0.000000,0.000000,0.000000,0.000000,0.000000,0.000000,0.000000,0.000000,0.000000,0.000000,0.000000,0.000000,0.000000,0.000000,0.000000,0.000000,0.000000,0.000000,0.000000,0.000000,0.000000,0.000000,0.000000,0.000000,0.000000,0.000000,0.000000,0.000000,0.000000,0.000000,Swing,0.000000,0.000000,0.000000,level walking,cop_invalid|low_pressure
1058,2026-05-14 22:59:59,52.900000,2026-5-14_levelground 2_left.csv,level_walking,0.000000,0.000000,0.000000,0.000000,0.000000,0.000000,0.000000,0.000000,0.000000,0.000000,0.000000,0.000000,0.000000,0.000000,0.000000,0.000000,0.000000,0.000000,0.000000,0.000000,0.000000,0.000000,0.000000,0.000000,0.000000,0.000000,0.000000,0.000000,0.000000,0.000000,Swing,0.000000,0.000000,0.000000,level walking,cop_invalid|low_pressure
1059,2026-05-14 22:59:59,52.950000,2026-5-14_levelground 2_left.csv,level_walking,0.000000,0.000000,0.000000,0.000000,0.000000,0.000000,0.000000,0.000000,0.000000,0.000000,0.000000,0.000000,0.000000,0.000000,0.000000,0.000000,0.000000,0.000000,0.000000,0.000000,0.000000,0.000000,0.000000,0.000000,0.000000,0.000000,0.000000,0.000000,0.000000,0.000000,Swing,0.000000,0.000000,0.000000,level walking,cop_invalid|low_pressure
1060,2026-05-14 22:59:59,53.000000,2026-5-14_levelground 2_left.csv,level_walking,0.000000,0.000000,0.000000,0.000000,0.000000,0.000000,0.000000,0.000000,0.000000,0.000000,0.000000,0.000000,0.000000,0.000000,0.000000,0.000000,0.000000,0.000000,0.000000,0.000000,0.000000,0.000000,0.000000,0.000000,0.000000,0.000000,0.000000,0.000000,0.000000,0.000000,Swing,0.000000,0.000000,0.000000,level walking,cop_invalid|low_pressure
1061,2026-05-14 22:59:59,53.050000,2026-5-14_levelground 2_left.csv,level_walking,0.000000,0.000000,0.000000,0.000000,0.000000,0.000000,0.000000,0.000000,0.000000,0.000000,0.000000,0.000000,0.000000,0.000000,0.000000,0.000000,0.000000,0.000000,0.000000,0.000000,0.000000,0.000000,0.000000,0.000000,0.000000,0.000000,0.000000,0.000000,0.000000,0.000000,Swing,0.000000,0.000000,0.000000,level walking,cop_invalid|low_pressure
1062,2026-05-14 22:59:59,53.100000,2026-5-14_levelground 2_left.csv,level_walking,0.000000,0.000000,0.000000,0.000000,0.000000,0.000000,0.000000,0.000000,0.000000,0.000000,0.000000,0.000000,0.000000,0.000000,0.000000,0.000000,0.000000,0.000000,0.000000,0.000000,0.000000,0.000000,0.000000,0.000000,0.000000,0.000000,0.000000,0.000000,0.000000,0.000000,Swing,0.000000,0.000000,0.000000,level walking,cop_invalid|low_pressure
1063,2026-05-14 23:00:00,53.150000,2026-5-14_levelground 2_left.csv,level_walking,0.000000,0.000000,0.000000,0.000000,0.000000,0.000000,0.000000,0.000000,0.000000,0.000000,0.000000,0.000000,0.000000,0.000000,0.000000,0.000000,0.000000,0.000000,0.000000,0.000000,0.000000,0.000000,0.000000,0.000000,0.000000,0.000000,0.000000,0.000000,0.000000,0.000000,Swing,0.000000,0.000000,0.000000,level walking,cop_invalid|low_pressure
1064,2026-05-14 23:00:00,53.200000,2026-5-14_levelground 2_left.csv,level_walking,0.000000,0.000000,0.000000,0.000000,0.000000,0.000000,0.000000,0.000000,0.000000,0.000000,0.000000,0.000000,0.000000,0.000000,0.000000,0.000000,0.000000,0.000000,0.000000,0.000000,0.000000,0.000000,0.000000,0.000000,0.000000,0.000000,0.000000,0.000000,0.000000,0.000000,Swing,0.000000,0.000000,0.000000,level walking,cop_invalid|low_pressure
1065,2026-05-14 23:00:00,53.250000,2026-5-14_levelground 2_left.csv,level_walking,0.000000,0.000000,0.000000,0.000000,0.000000,0.000000,0.000000,0.000000,0.000000,0.000000,0.000000,0.000000,0.000000,0.000000,0.000000,0.000000,0.000000,0.000000,0.000000,0.000000,0.000000,0.000000,0.000000,0.000000,0.000000,0.000000,0.000000,0.000000,0.000000,0.000000,Swing,0.000000,0.000000,0.000000,level walking,cop_invalid|low_pressure
1066,2026-05-14 23:00:00,53.300000,2026-5-14_levelground 2_left.csv,level_walking,0.000000,0.000000,0.000000,0.000000,0.000000,0.000000,0.000000,0.000000,0.000000,0.000000,0.000000,0.000000,0.000000,0.000000,0.000000,0.000000,0.000000,0.000000,0.000000,0.000000,0.000000,0.000000,0.000000,0.000000,0.000000,0.000000,0.000000,0.000000,0.000000,0.000000,Swing,0.000000,0.000000,0.000000,level walking,cop_invalid|low_pressure
1067,2026-05-14 23:00:00,53.350000,2026-5-14_levelground 2_left.csv,level_walking,0.000000,0.000000,0.000000,0.000000,0.000000,0.000000,0.000000,0.000000,0.000000,0.000000,0.000000,0.000000,0.000000,0.000000,0.000000,0.000000,0.000000,0.000000,0.000000,0.000000,0.000000,0.000000,0.000000,0.000000,0.000000,0.000000,0.000000,0.000000,0.000000,0.000000,Swing,0.000000,0.000000,0.000000,level walking,cop_invalid|low_pressure
1068,2026-05-14 23:00:00,53.400000,2026-5-14_levelground 2_left.csv,level_walking,0.000000,0.000000,0.000000,0.000000,0.000000,0.000000,0.000000,0.000000,0.000000,0.000000,0.000000,0.000000,0.000000,0.000000,0.000000,0.000000,0.000000,0.000000,0.000000,0.000000,0.000000,0.000000,0.000000,0.000000,0.000000,0.000000,0.000000,0.000000,0.000000,0.000000,Swing,0.000000,0.000000,0.000000,level walking,cop_invalid|low_pressure
1069,2026-05-14 23:00:00,53.450000,2026-5-14_levelground 2_left.csv,level_walking,0.000000,0.000000,0.000000,0.000000,0.000000,0.000000,0.000000,0.000000,0.000000,0.000000,0.000000,0.000000,0.000000,0.000000,0.000000,0.000000,0.000000,0.000000,0.000000,0.000000,0.000000,0.000000,0.000000,0.000000,0.000000,0.000000,0.000000,0.000000,0.000000,0.000000,Swing,0.000000,0.000000,0.000000,level walking,cop_invalid|low_pressure
1070,2026-05-14 23:00:00,53.500000,2026-5-14_levelground 2_left.csv,level_walking,0.000000,0.000000,0.000000,0.000000,0.000000,0.000000,0.000000,0.000000,0.000000,0.000000,0.000000,0.000000,0.000000,0.000000,0.000000,0.000000,0.000000,0.000000,0.000000,0.000000,0.000000,0.000000,0.000000,0.000000,0.000000,0.000000,0.000000,0.000000,0.000000,0.000000,Swing,0.000000,0.000000,0.000000,level walking,cop_invalid|low_pressure
1071,2026-05-14 23:00:00,53.550000,2026-5-14_levelground 2_left.csv,level_walking,0.000000,0.000000,0.000000,0.000000,0.000000,0.000000,0.000000,0.000000,0.000000,0.000000,0.000000,0.000000,0.000000,0.000000,0.000000,0.000000,0.000000,0.000000,0.000000,0.000000,0.000000,0.000000,0.000000,0.000000,0.000000,0.000000,0.000000,0.000000,0.000000,0.000000,Swing,0.000000,0.000000,0.000000,level walking,cop_invalid|low_pressure
1072,2026-05-14 23:00:00,53.600000,2026-5-14_levelground 2_left.csv,level_walking,0.000000,0.000000,0.000000,0.000000,0.000000,0.000000,0.000000,0.000000,0.000000,0.000000,0.000000,0.000000,0.000000,0.000000,0.000000,0.000000,0.000000,0.000000,0.000000,0.000000,0.000000,0.000000,0.000000,0.000000,0.000000,0.000000,0.000000,0.000000,0.000000,0.000000,Swing,0.000000,0.000000,0.000000,level walking,cop_invalid|low_pressure
1073,2026-05-14 23:00:00,53.650000,2026-5-14_levelground 2_left.csv,level_walking,0.000000,0.000000,0.000000,0.000000,0.000000,0.000000,0.000000,0.000000,0.000000,0.000000,0.000000,0.000000,0.000000,0.000000,0.000000,0.000000,0.000000,0.000000,0.000000,0.000000,0.000000,0.000000,0.000000,0.000000,0.000000,0.000000,0.000000,0.000000,0.000000,0.000000,Swing,0.000000,0.000000,0.000000,level walking,cop_invalid|low_pressure
1074,2026-05-14 23:00:00,53.700000,2026-5-14_levelground 2_left.csv,level_walking,0.000000,0.000000,0.000000,0.000000,0.000000,0.000000,0.000000,0.000000,0.000000,0.000000,0.000000,0.000000,0.000000,0.000000,0.000000,0.000000,0.000000,0.000000,0.000000,0.000000,0.000000,0.000000,0.000000,0.000000,0.000000,0.000000,0.000000,0.000000,0.000000,0.000000,Swing,0.000000,0.000000,0.000000,level walking,cop_invalid|low_pressure
1075,2026-05-14 23:00:00,53.750000,2026-5-14_levelground 2_left.csv,level_walking,0.000000,0.000000,0.000000,0.000000,0.000000,0.000000,0.000000,0.000000,0.000000,0.000000,0.000000,0.000000,0.000000,0.000000,0.000000,0.000000,0.000000,0.000000,0.000000,0.000000,0.000000,0.000000,0.000000,0.000000,0.000000,0.000000,0.000000,0.000000,0.000000,0.000000,Swing,0.000000,0.000000,0.000000,level walking,cop_invalid|low_pressure
1076,2026-05-14 23:00:00,53.800000,2026-5-14_levelground 2_left.csv,level_walking,0.000000,0.000000,0.000000,0.000000,0.000000,0.000000,0.000000,0.000000,0.000000,0.000000,0.000000,0.000000,0.000000,0.000000,0.000000,0.000000,0.000000,0.000000,0.000000,0.000000,0.000000,0.000000,0.000000,0.000000,0.000000,0.000000,0.000000,0.000000,0.000000,0.000000,Swing,0.000000,0.000000,0.000000,level walking,cop_invalid|low_pressure
1077,2026-05-14 23:00:00,53.850000,2026-5-14_levelground 2_left.csv,level_walking,0.000000,0.000000,0.000000,0.000000,0.000000,0.000000,0.000000,0.000000,0.000000,0.000000,0.000000,0.000000,0.000000,0.000000,0.000000,0.000000,0.000000,0.000000,0.000000,0.000000,0.000000,0.000000,0.000000,0.000000,0.000000,0.000000,0.000000,0.000000,0.000000,0.000000,Swing,0.000000,0.000000,0.000000,level walking,cop_invalid|low_pressure
1078,2026-05-14 23:00:00,53.900000,2026-5-14_levelground 2_left.csv,level_walking,0.000000,0.000000,0.000000,0.000000,0.000000,0.000000,0.000000,0.000000,0.000000,0.000000,0.000000,0.000000,0.000000,0.000000,0.000000,0.000000,0.000000,0.000000,0.000000,0.000000,0.000000,0.000000,0.000000,0.000000,0.000000,0.000000,0.000000,0.000000,0.000000,0.000000,Swing,0.000000,0.000000,0.000000,level walking,cop_invalid|low_pressure
1079,2026-05-14 23:00:00,53.950000,2026-5-14_levelground 2_left.csv,level_walking,0.000000,0.000000,0.000000,0.000000,0.000000,0.000000,0.000000,0.000000,0.000000,0.000000,0.000000,0.000000,0.000000,0.000000,0.000000,0.000000,0.000000,0.000000,0.000000,0.000000,0.000000,0.000000,0.000000,0.000000,0.000000,0.000000,0.000000,0.000000,0.000000,0.000000,Swing,0.000000,0.000000,0.000000,level walking,cop_invalid|low_pressure
1080,2026-05-14 23:00:00,54.000000,2026-5-14_levelground 2_left.csv,level_walking,0.000000,0.000000,0.000000,0.000000,0.000000,0.000000,0.000000,0.000000,0.000000,0.000000,0.000000,0.000000,0.000000,0.000000,0.000000,0.000000,0.000000,0.000000,0.000000,0.000000,0.000000,0.000000,0.000000,0.000000,0.000000,0.000000,0.000000,0.000000,0.000000,0.000000,Swing,0.000000,0.000000,0.000000,level walking,cop_invalid|low_pressure
1081,2026-05-14 23:00:00,54.050000,2026-5-14_levelground 2_left.csv,level_walking,0.000000,0.000000,0.000000,0.000000,0.000000,0.000000,0.000000,0.000000,0.000000,0.000000,0.000000,0.000000,0.000000,0.000000,0.000000,0.000000,0.000000,0.000000,0.000000,0.000000,0.000000,0.000000,0.000000,0.000000,0.000000,0.000000,0.000000,0.000000,0.000000,0.000000,Swing,0.000000,0.000000,0.000000,level walking,cop_invalid|low_pressure
1082,2026-05-14 23:00:00,54.100000,2026-5-14_levelground 2_left.csv,level_walking,0.000000,0.000000,0.000000,0.000000,0.000000,0.000000,0.000000,0.000000,0.000000,0.000000,0.000000,0.000000,0.000000,0.000000,0.000000,0.000000,0.000000,0.000000,0.000000,0.000000,0.000000,0.000000,0.000000,0.000000,0.000000,0.000000,0.000000,0.000000,0.000000,0.000000,Swing,0.000000,0.000000,0.000000,level walking,cop_invalid|low_pressure
1083,2026-05-14 23:00:01,54.150000,2026-5-14_levelground 2_left.csv,level_walking,0.000000,0.000000,0.000000,0.000000,0.000000,0.000000,0.000000,0.000000,0.000000,0.000000,0.000000,0.000000,0.000000,0.000000,0.000000,0.000000,0.000000,0.000000,0.000000,0.000000,0.000000,0.000000,0.000000,0.000000,0.000000,0.000000,0.000000,0.000000,0.000000,0.000000,Swing,0.000000,0.000000,0.000000,level walking,cop_invalid|low_pressure
1084,2026-05-14 23:00:01,54.200000,2026-5-14_levelground 2_left.csv,level_walking,0.000000,0.000000,0.000000,0.000000,0.000000,0.000000,0.000000,0.000000,0.000000,0.000000,0.000000,0.000000,0.000000,0.000000,0.000000,0.000000,0.000000,0.000000,0.000000,0.000000,0.000000,0.000000,0.000000,0.000000,0.000000,0.000000,0.000000,0.000000,0.000000,0.000000,Swing,0.000000,0.000000,0.000000,level walking,cop_invalid|low_pressure
1085,2026-05-14 23:00:01,54.250000,2026-5-14_levelground 2_left.csv,level_walking,0.000000,0.000000,0.000000,0.000000,0.000000,0.000000,0.000000,0.000000,0.000000,0.000000,0.000000,0.000000,0.000000,0.000000,0.000000,0.000000,0.000000,0.000000,0.000000,0.000000,0.000000,0.000000,0.000000,0.000000,0.000000,0.000000,0.000000,0.000000,0.000000,0.000000,Swing,0.000000,0.000000,0.000000,level walking,cop_invalid|low_pressure
1086,2026-05-14 23:00:01,54.300000,2026-5-14_levelground 2_left.csv,level_walking,0.000000,0.000000,0.000000,0.000000,0.000000,0.000000,0.000000,0.000000,0.000000,0.000000,0.000000,0.000000,0.000000,0.000000,0.000000,0.000000,0.000000,0.000000,0.000000,0.000000,0.000000,0.000000,0.000000,0.000000,0.000000,0.000000,0.000000,0.000000,0.000000,0.000000,Swing,0.000000,0.000000,0.000000,level walking,cop_invalid|low_pressure
1087,2026-05-14 23:00:01,54.350000,2026-5-14_levelground 2_left.csv,level_walking,0.000000,0.000000,0.000000,0.000000,0.000000,0.000000,0.000000,0.000000,0.000000,0.000000,0.000000,0.000000,0.000000,0.000000,0.000000,0.000000,0.000000,0.000000,0.000000,0.000000,0.000000,0.000000,0.000000,0.000000,0.000000,0.000000,0.000000,0.000000,0.000000,0.000000,Swing,0.000000,0.000000,0.000000,level walking,cop_invalid|low_pressure
1088,2026-05-14 23:00:01,54.400000,2026-5-14_levelground 2_left.csv,level_walking,0.000000,0.000000,0.000000,0.000000,0.000000,0.000000,0.000000,0.000000,0.000000,0.000000,0.000000,0.000000,0.000000,0.000000,0.000000,0.000000,0.000000,0.000000,0.000000,0.000000,0.000000,0.000000,0.000000,0.000000,0.000000,0.000000,0.000000,0.000000,0.000000,0.000000,Swing,0.000000,0.000000,0.000000,level walking,cop_invalid|low_pressure
1089,2026-05-14 23:00:01,54.450000,2026-5-14_levelground 2_left.csv,level_walking,0.000000,0.000000,0.000000,0.000000,0.000000,0.000000,0.000000,0.000000,0.000000,0.000000,0.000000,0.000000,0.000000,0.000000,0.000000,0.000000,0.000000,0.000000,0.000000,0.000000,0.000000,0.000000,0.000000,0.000000,0.000000,0.000000,0.000000,0.000000,0.000000,0.000000,Swing,0.000000,0.000000,0.000000,level walking,cop_invalid|low_pressure
1090,2026-05-14 23:00:01,54.500000,2026-5-14_levelground 2_left.csv,level_walking,0.000000,0.000000,0.000000,0.000000,0.000000,0.000000,0.000000,0.000000,0.000000,0.000000,0.000000,0.000000,0.000000,0.000000,0.000000,0.000000,0.000000,0.000000,0.000000,0.000000,0.000000,0.000000,0.000000,0.000000,0.000000,0.000000,0.000000,0.000000,0.000000,0.000000,Swing,0.000000,0.000000,0.000000,level walking,cop_invalid|low_pressure
1091,2026-05-14 23:00:01,54.550000,2026-5-14_levelground 2_left.csv,level_walking,0.000000,0.000000,0.000000,0.000000,0.000000,0.000000,0.000000,0.000000,0.000000,0.000000,0.000000,0.000000,0.000000,0.000000,0.000000,0.000000,0.000000,0.000000,0.000000,0.000000,0.000000,0.000000,0.000000,0.000000,0.000000,0.000000,0.000000,0.000000,0.000000,0.000000,Swing,0.000000,0.000000,0.000000,level walking,cop_invalid|low_pressure
1092,2026-05-14 23:00:01,54.600000,2026-5-14_levelground 2_left.csv,level_walking,0.000000,0.000000,0.000000,0.000000,0.000000,0.000000,0.000000,0.000000,0.000000,0.000000,0.000000,0.000000,0.000000,0.000000,0.000000,0.000000,0.000000,0.000000,0.000000,0.000000,0.000000,0.000000,0.000000,0.000000,0.000000,0.000000,0.000000,0.000000,0.000000,0.000000,Swing,0.000000,0.000000,0.000000,level walking,cop_invalid|low_pressure
1093,2026-05-14 23:00:01,54.650000,2026-5-14_levelground 2_left.csv,level_walking,0.000000,0.000000,0.000000,0.000000,0.000000,0.000000,0.000000,0.000000,0.000000,0.000000,0.000000,0.000000,0.000000,0.000000,0.000000,0.000000,0.000000,0.000000,0.000000,0.000000,0.000000,0.000000,0.000000,0.000000,0.000000,0.000000,0.000000,0.000000,0.000000,0.000000,Swing,0.000000,0.000000,0.000000,level walking,cop_invalid|low_pressure
1094,2026-05-14 23:00:01,54.700000,2026-5-14_levelground 2_left.csv,level_walking,0.000000,0.000000,0.000000,0.000000,0.000000,0.000000,0.000000,0.000000,0.000000,0.000000,0.000000,0.000000,0.000000,0.000000,0.000000,0.000000,0.000000,0.000000,0.000000,0.000000,0.000000,0.000000,0.000000,0.000000,0.000000,0.000000,0.000000,0.000000,0.000000,0.000000,Swing,0.000000,0.000000,0.000000,level walking,cop_invalid|low_pressure
1095,2026-05-14 23:00:01,54.750000,2026-5-14_levelground 2_left.csv,level_walking,0.000000,0.000000,0.000000,0.000000,0.000000,0.000000,0.000000,0.000000,0.000000,0.000000,0.000000,0.000000,0.000000,0.000000,0.000000,0.000000,0.000000,0.000000,0.000000,0.000000,0.000000,0.000000,0.000000,0.000000,0.000000,0.000000,0.000000,0.000000,0.000000,0.000000,Swing,0.000000,0.000000,0.000000,level walking,cop_invalid|low_pressure
1096,2026-05-14 23:00:01,54.800000,2026-5-14_levelground 2_left.csv,level_walking,0.000000,0.000000,0.000000,0.000000,0.000000,0.000000,0.000000,0.000000,0.000000,0.000000,0.000000,0.000000,0.000000,0.000000,0.000000,0.000000,0.000000,0.000000,0.000000,0.000000,0.000000,0.000000,0.000000,0.000000,0.000000,0.000000,0.000000,0.000000,0.000000,0.000000,Swing,0.000000,0.000000,0.000000,level walking,cop_invalid|low_pressure
1097,2026-05-14 23:00:01,54.850000,2026-5-14_levelground 2_left.csv,level_walking,0.000000,0.000000,0.000000,0.000000,0.000000,0.000000,0.000000,0.000000,0.000000,0.000000,0.000000,0.000000,0.000000,0.000000,0.000000,0.000000,0.000000,0.000000,0.000000,0.000000,0.000000,0.000000,0.000000,0.000000,0.000000,0.000000,0.000000,0.000000,0.000000,0.000000,Swing,0.000000,0.000000,0.000000,level walking,cop_invalid|low_pressure
1098,2026-05-14 23:00:01,54.900000,2026-5-14_levelground 2_left.csv,level_walking,0.000000,0.000000,0.000000,0.000000,0.000000,0.000000,0.000000,0.000000,0.000000,0.000000,0.000000,0.000000,0.000000,0.000000,0.000000,0.000000,0.000000,0.000000,0.000000,0.000000,0.000000,0.000000,0.000000,0.000000,0.000000,0.000000,0.000000,0.000000,0.000000,0.000000,Swing,0.000000,0.000000,0.000000,level walking,cop_invalid|low_pressure
1099,2026-05-14 23:00:01,54.950000,2026-5-14_levelground 2_left.csv,level_walking,0.000000,0.000000,0.000000,0.000000,0.000000,0.000000,0.000000,0.000000,0.000000,0.000000,0.000000,0.000000,0.000000,0.000000,0.000000,0.000000,0.000000,0.000000,0.000000,0.000000,0.000000,0.000000,0.000000,0.000000,0.000000,0.000000,0.000000,0.000000,0.000000,0.000000,Swing,0.000000,0.000000,0.000000,level walking,cop_invalid|low_pressure
1100,2026-05-14 23:00:01,55.000000,2026-5-14_levelground 2_left.csv,level_walking,0.000000,0.000000,0.000000,0.000000,0.000000,0.000000,0.000000,0.000000,0.000000,0.000000,0.000000,0.000000,0.000000,0.000000,0.000000,0.000000,0.000000,0.000000,0.000000,0.000000,0.000000,0.000000,0.000000,0.000000,0.000000,0.000000,0.000000,0.000000,0.000000,0.000000,Swing,0.000000,0.000000,0.000000,level walking,cop_invalid|low_pressure
1101,2026-05-14 23:00:01,55.050000,2026-5-14_levelground 2_left.csv,level_walking,0.000000,0.000000,0.000000,0.000000,0.000000,0.000000,0.000000,0.000000,0.000000,0.000000,0.000000,0.000000,0.000000,0.000000,0.000000,0.000000,0.000000,0.000000,0.000000,0.000000,0.000000,0.000000,0.000000,0.000000,0.000000,0.000000,0.000000,0.000000,0.000000,0.000000,Swing,0.000000,0.000000,0.000000,level walking,cop_invalid|low_pressure
1102,2026-05-14 23:00:01,55.100000,2026-5-14_levelground 2_left.csv,level_walking,0.000000,0.000000,0.000000,0.000000,0.000000,0.000000,0.000000,0.000000,0.000000,0.000000,0.000000,0.000000,0.000000,0.000000,0.000000,0.000000,0.000000,0.000000,0.000000,0.000000,0.000000,0.000000,0.000000,0.000000,0.000000,0.000000,0.000000,0.000000,0.000000,0.000000,Swing,0.000000,0.000000,0.000000,level walking,cop_invalid|low_pressure
1103,2026-05-14 23:00:02,55.150000,2026-5-14_levelground 2_left.csv,level_walking,0.000000,0.000000,0.000000,0.000000,0.000000,0.000000,0.000000,0.000000,0.000000,0.000000,0.000000,0.000000,0.000000,0.000000,0.000000,0.000000,0.000000,0.000000,0.000000,0.000000,0.000000,0.000000,0.000000,0.000000,0.000000,0.000000,0.000000,0.000000,0.000000,0.000000,Swing,0.000000,0.000000,0.000000,level walking,cop_invalid|low_pressure
1104,2026-05-14 23:00:02,55.200000,2026-5-14_levelground 2_left.csv,level_walking,0.000000,0.000000,0.000000,0.000000,0.000000,0.000000,0.000000,0.000000,0.000000,0.000000,0.000000,0.000000,0.000000,0.000000,0.000000,0.000000,0.000000,0.000000,0.000000,0.000000,0.000000,0.000000,0.000000,0.000000,0.000000,0.000000,0.000000,0.000000,0.000000,0.000000,Swing,0.000000,0.000000,0.000000,level walking,cop_invalid|low_pressure
1105,2026-05-14 23:00:02,55.250000,2026-5-14_levelground 2_left.csv,level_walking,0.000000,0.000000,0.000000,0.000000,0.000000,0.000000,0.000000,0.000000,0.000000,0.000000,0.000000,0.000000,0.000000,0.000000,0.000000,0.000000,0.000000,0.000000,0.000000,0.000000,0.000000,0.000000,0.000000,0.000000,0.000000,0.000000,0.000000,0.000000,0.000000,0.000000,Swing,0.000000,0.000000,0.000000,level walking,cop_invalid|low_pressure
1106,2026-05-14 23:00:02,55.300000,2026-5-14_levelground 2_left.csv,level_walking,0.000000,0.000000,0.000000,0.000000,0.000000,0.000000,0.000000,0.000000,0.000000,0.000000,0.000000,0.000000,0.000000,0.000000,0.000000,0.000000,0.000000,0.000000,0.000000,0.000000,0.000000,0.000000,0.000000,0.000000,0.000000,0.000000,0.000000,0.000000,0.000000,0.000000,Swing,0.000000,0.000000,0.000000,level walking,cop_invalid|low_pressure
1107,2026-05-14 23:00:02,55.350000,2026-5-14_levelground 2_left.csv,level_walking,0.000000,0.000000,0.000000,0.000000,0.000000,0.000000,0.000000,0.000000,0.000000,0.000000,0.000000,0.000000,0.000000,0.000000,0.000000,0.000000,0.000000,0.000000,0.000000,0.000000,0.000000,0.000000,0.000000,0.000000,0.000000,0.000000,0.000000,0.000000,0.000000,0.000000,Swing,0.000000,0.000000,0.000000,level walking,cop_invalid|low_pressure
1108,2026-05-14 23:00:02,55.400000,2026-5-14_levelground 2_left.csv,level_walking,0.000000,0.000000,0.000000,0.000000,0.000000,0.000000,0.000000,0.000000,0.000000,0.000000,0.000000,0.000000,0.000000,0.000000,0.000000,0.000000,0.000000,0.000000,0.000000,0.000000,0.000000,0.000000,0.000000,0.000000,0.000000,0.000000,0.000000,0.000000,0.000000,0.000000,Swing,0.000000,0.000000,0.000000,level walking,cop_invalid|low_pressure
1109,2026-05-14 23:00:02,55.450000,2026-5-14_levelground 2_left.csv,level_walking,0.000000,0.000000,0.000000,0.000000,0.000000,0.000000,0.000000,0.000000,0.000000,0.000000,0.000000,0.000000,0.000000,0.000000,0.000000,0.000000,0.000000,0.000000,0.000000,0.000000,0.000000,0.000000,0.000000,0.000000,0.000000,0.000000,0.000000,0.000000,0.000000,0.000000,Swing,0.000000,0.000000,0.000000,level walking,cop_invalid|low_pressure
1110,2026-05-14 23:00:02,55.500000,2026-5-14_levelground 2_left.csv,level_walking,0.000000,0.000000,0.000000,0.000000,0.000000,0.000000,0.000000,0.000000,0.000000,0.000000,0.000000,0.000000,0.000000,0.000000,0.000000,0.000000,0.000000,0.000000,0.000000,0.000000,0.000000,0.000000,0.000000,0.000000,0.000000,0.000000,0.000000,0.000000,0.000000,0.000000,Swing,0.000000,0.000000,0.000000,level walking,cop_invalid|low_pressure
1111,2026-05-14 23:00:02,55.550000,2026-5-14_levelground 2_left.csv,level_walking,0.000000,0.000000,0.000000,0.000000,0.000000,0.000000,0.000000,0.000000,0.000000,0.000000,0.000000,0.000000,0.000000,0.000000,0.000000,0.000000,0.000000,0.000000,0.000000,0.000000,0.000000,0.000000,0.000000,0.000000,0.000000,0.000000,0.000000,0.000000,0.000000,0.000000,Swing,0.000000,0.000000,0.000000,level walking,cop_invalid|low_pressure
1112,2026-05-14 23:00:02,55.600000,2026-5-14_levelground 2_left.csv,level_walking,0.000000,0.000000,0.000000,0.000000,0.000000,0.000000,0.000000,0.000000,0.000000,0.000000,0.000000,0.000000,0.000000,0.000000,0.000000,0.000000,0.000000,0.000000,0.000000,0.000000,0.000000,0.000000,0.000000,0.000000,0.000000,0.000000,0.000000,0.000000,0.000000,0.000000,Swing,0.000000,0.000000,0.000000,level walking,cop_invalid|low_pressure
1113,2026-05-14 23:00:02,55.650000,2026-5-14_levelground 2_left.csv,level_walking,0.000000,0.000000,0.000000,0.000000,0.000000,0.000000,0.000000,0.000000,0.000000,0.000000,0.000000,0.000000,0.000000,0.000000,0.000000,0.000000,0.000000,0.000000,0.000000,0.000000,0.000000,0.000000,0.000000,0.000000,0.000000,0.000000,0.000000,0.000000,0.000000,0.000000,Swing,0.000000,0.000000,0.000000,level walking,cop_invalid|low_pressure
1114,2026-05-14 23:00:02,55.700000,2026-5-14_levelground 2_left.csv,level_walking,0.000000,0.000000,0.000000,0.000000,0.000000,0.000000,0.000000,0.000000,0.000000,0.000000,0.000000,0.000000,0.000000,0.000000,0.000000,0.000000,0.000000,0.000000,0.000000,0.000000,0.000000,0.000000,0.000000,0.000000,0.000000,0.000000,0.000000,0.000000,0.000000,0.000000,Swing,0.000000,0.000000,0.000000,level walking,cop_invalid|low_pressure
1115,2026-05-14 23:00:02,55.750000,2026-5-14_levelground 2_left.csv,level_walking,0.000000,0.000000,0.000000,0.000000,0.000000,0.000000,0.000000,0.000000,0.000000,0.000000,0.000000,0.000000,0.000000,0.000000,0.000000,0.000000,0.000000,0.000000,0.000000,0.000000,0.000000,0.000000,0.000000,0.000000,0.000000,0.000000,0.000000,0.000000,0.000000,0.000000,Swing,0.000000,0.000000,0.000000,level walking,cop_invalid|low_pressure
1116,2026-05-14 23:00:02,55.800000,2026-5-14_levelground 2_left.csv,level_walking,0.000000,0.000000,0.000000,0.000000,0.000000,0.000000,0.000000,0.000000,0.000000,0.000000,0.000000,0.000000,0.000000,0.000000,0.000000,0.000000,0.000000,0.000000,0.000000,0.000000,0.000000,0.000000,0.000000,0.000000,0.000000,0.000000,0.000000,0.000000,0.000000,0.000000,Swing,0.000000,0.000000,0.000000,level walking,cop_invalid|low_pressure
1117,2026-05-14 23:00:02,55.850000,2026-5-14_levelground 2_left.csv,level_walking,0.000000,0.000000,0.000000,0.000000,0.000000,0.000000,0.000000,0.000000,0.000000,0.000000,0.000000,0.000000,0.000000,0.000000,0.000000,0.000000,0.000000,0.000000,0.000000,0.000000,0.000000,0.000000,0.000000,0.000000,0.000000,0.000000,0.000000,0.000000,0.000000,0.000000,Swing,0.000000,0.000000,0.000000,level walking,cop_invalid|low_pressure
1118,2026-05-14 23:00:02,55.900000,2026-5-14_levelground 2_left.csv,level_walking,0.000000,0.000000,0.000000,0.000000,0.000000,0.000000,0.000000,0.000000,0.000000,0.000000,0.000000,0.000000,0.000000,0.000000,0.000000,0.000000,0.000000,0.000000,0.000000,0.000000,0.000000,0.000000,0.000000,0.000000,0.000000,0.000000,0.000000,0.000000,0.000000,0.000000,Swing,0.000000,0.000000,0.000000,level walking,cop_invalid|low_pressure
1119,2026-05-14 23:00:02,55.950000,2026-5-14_levelground 2_left.csv,level_walking,0.000000,0.000000,0.000000,0.000000,0.000000,0.000000,0.000000,0.000000,0.000000,0.000000,0.000000,0.000000,0.000000,0.000000,0.000000,0.000000,0.000000,0.000000,0.000000,0.000000,0.000000,0.000000,0.000000,0.000000,0.000000,0.000000,0.000000,0.000000,0.000000,0.000000,Swing,0.000000,0.000000,0.000000,level walking,cop_invalid|low_pressure
1120,2026-05-14 23:00:02,56.000000,2026-5-14_levelground 2_left.csv,level_walking,0.000000,0.000000,0.000000,0.000000,0.000000,0.000000,0.000000,0.000000,0.000000,0.000000,0.000000,0.000000,0.000000,0.000000,0.000000,0.000000,0.000000,0.000000,0.000000,0.000000,0.000000,0.000000,0.000000,0.000000,0.000000,0.000000,0.000000,0.000000,0.000000,0.000000,Swing,0.000000,0.000000,0.000000,level walking,cop_invalid|low_pressure
1121,2026-05-14 23:00:02,56.050000,2026-5-14_levelground 2_left.csv,level_walking,0.000000,0.000000,0.000000,0.000000,0.000000,0.000000,0.000000,0.000000,0.000000,0.000000,0.000000,0.000000,0.000000,0.000000,0.000000,0.000000,0.000000,0.000000,0.000000,0.000000,0.000000,0.000000,0.000000,0.000000,0.000000,0.000000,0.000000,0.000000,0.000000,0.000000,Swing,0.000000,0.000000,0.000000,level walking,cop_invalid|low_pressure
1122,2026-05-14 23:00:02,56.100000,2026-5-14_levelground 2_left.csv,level_walking,0.000000,0.000000,0.000000,0.000000,0.000000,0.000000,0.000000,0.000000,0.000000,0.000000,0.000000,0.000000,0.000000,0.000000,0.000000,0.000000,0.000000,0.000000,0.000000,0.000000,0.000000,0.000000,0.000000,0.000000,0.000000,0.000000,0.000000,0.000000,0.000000,0.000000,Swing,0.000000,0.000000,0.000000,level walking,cop_invalid|low_pressure
1123,2026-05-14 23:00:03,56.150000,2026-5-14_levelground 2_left.csv,level_walking,0.000000,0.000000,0.000000,0.000000,0.000000,0.000000,0.000000,0.000000,0.000000,0.000000,0.000000,0.000000,0.000000,0.000000,0.000000,0.000000,0.000000,0.000000,0.000000,0.000000,0.000000,0.000000,0.000000,0.000000,0.000000,0.000000,0.000000,0.000000,0.000000,0.000000,Swing,0.000000,0.000000,0.000000,level walking,cop_invalid|low_pressure
1124,2026-05-14 23:00:03,56.200000,2026-5-14_levelground 2_left.csv,level_walking,0.000000,0.000000,0.000000,0.000000,0.000000,0.000000,0.000000,0.000000,0.000000,0.000000,0.000000,0.000000,0.000000,0.000000,0.000000,0.000000,0.000000,0.000000,0.000000,0.000000,0.000000,0.000000,0.000000,0.000000,0.000000,0.000000,0.000000,0.000000,0.000000,0.000000,Swing,0.000000,0.000000,0.000000,level walking,cop_invalid|low_pressure
1125,2026-05-14 23:00:03,56.250000,2026-5-14_levelground 2_left.csv,level_walking,0.000000,0.000000,0.000000,0.000000,0.000000,0.000000,0.000000,0.000000,0.000000,0.000000,0.000000,0.000000,0.000000,0.000000,0.000000,0.000000,0.000000,0.000000,0.000000,0.000000,0.000000,0.000000,0.000000,0.000000,0.000000,0.000000,0.000000,0.000000,0.000000,0.000000,Swing,0.000000,0.000000,0.000000,level walking,cop_invalid|low_pressure
1126,2026-05-14 23:00:03,56.300000,2026-5-14_levelground 2_left.csv,level_walking,0.000000,0.000000,0.000000,0.000000,0.000000,0.000000,0.000000,0.000000,0.000000,0.000000,0.000000,0.000000,0.000000,0.000000,0.000000,0.000000,0.000000,0.000000,0.000000,0.000000,0.000000,0.000000,0.000000,0.000000,0.000000,0.000000,0.000000,0.000000,0.000000,0.000000,Swing,0.000000,0.000000,0.000000,level walking,cop_invalid|low_pressure
1127,2026-05-14 23:00:03,56.350000,2026-5-14_levelground 2_left.csv,level_walking,0.000000,0.000000,0.000000,0.000000,0.000000,0.000000,0.000000,0.000000,0.000000,0.000000,0.000000,0.000000,0.000000,0.000000,0.000000,0.000000,0.000000,0.000000,0.000000,0.000000,0.000000,0.000000,0.000000,0.000000,0.000000,0.000000,0.000000,0.000000,0.000000,0.000000,Swing,0.000000,0.000000,0.000000,level walking,cop_invalid|low_pressure
1128,2026-05-14 23:00:03,56.400000,2026-5-14_levelground 2_left.csv,level_walking,0.000000,0.000000,0.000000,0.000000,0.000000,0.000000,0.000000,0.000000,0.000000,0.000000,0.000000,0.000000,0.000000,0.000000,0.000000,0.000000,0.000000,0.000000,0.000000,0.000000,0.000000,0.000000,0.000000,0.000000,0.000000,0.000000,0.000000,0.000000,0.000000,0.000000,Swing,0.000000,0.000000,0.000000,level walking,cop_invalid|low_pressure
1129,2026-05-14 23:00:03,56.450000,2026-5-14_levelground 2_left.csv,level_walking,0.000000,0.000000,0.000000,0.000000,0.000000,0.000000,0.000000,0.000000,0.000000,0.000000,0.000000,0.000000,0.000000,0.000000,0.000000,0.000000,0.000000,0.000000,0.000000,0.000000,0.000000,0.000000,0.000000,0.000000,0.000000,0.000000,0.000000,0.000000,0.000000,0.000000,Swing,0.000000,0.000000,0.000000,level walking,cop_invalid|low_pressure
1130,2026-05-14 23:00:03,56.500000,2026-5-14_levelground 2_left.csv,level_walking,0.000000,0.000000,0.000000,0.000000,0.000000,0.000000,0.000000,0.000000,0.000000,0.000000,0.000000,0.000000,0.000000,0.000000,0.000000,0.000000,0.000000,0.000000,0.000000,0.000000,0.000000,0.000000,0.000000,0.000000,0.000000,0.000000,0.000000,0.000000,0.000000,0.000000,Swing,0.000000,0.000000,0.000000,level walking,cop_invalid|low_pressure
1131,2026-05-14 23:00:03,56.550000,2026-5-14_levelground 2_left.csv,level_walking,0.000000,0.000000,0.000000,0.000000,0.000000,0.000000,0.000000,0.000000,0.000000,0.000000,0.000000,0.000000,0.000000,0.000000,0.000000,0.000000,0.000000,0.000000,0.000000,0.000000,0.000000,0.000000,0.000000,0.000000,0.000000,0.000000,0.000000,0.000000,0.000000,0.000000,Swing,0.000000,0.000000,0.000000,level walking,cop_invalid|low_pressure
1132,2026-05-14 23:00:03,56.600000,2026-5-14_levelground 2_left.csv,level_walking,0.000000,0.000000,0.000000,0.000000,0.000000,0.000000,0.000000,0.000000,0.000000,0.000000,0.000000,0.000000,0.000000,0.000000,0.000000,0.000000,0.000000,0.000000,0.000000,0.000000,0.000000,0.000000,0.000000,0.000000,0.000000,0.000000,0.000000,0.000000,0.000000,0.000000,Swing,0.000000,0.000000,0.000000,level walking,cop_invalid|low_pressure
1133,2026-05-14 23:00:03,56.650000,2026-5-14_levelground 2_left.csv,level_walking,0.000000,0.000000,0.000000,0.000000,0.000000,0.000000,0.000000,0.000000,0.000000,0.000000,0.000000,0.000000,0.000000,0.000000,0.000000,0.000000,0.000000,0.000000,0.000000,0.000000,0.000000,0.000000,0.000000,0.000000,0.000000,0.000000,0.000000,0.000000,0.000000,0.000000,Swing,0.000000,0.000000,0.000000,level walking,cop_invalid|low_pressure
1134,2026-05-14 23:00:03,56.700000,2026-5-14_levelground 2_left.csv,level_walking,0.000000,0.000000,0.000000,0.000000,0.000000,0.000000,0.000000,0.000000,0.000000,0.000000,0.000000,0.000000,0.000000,0.000000,0.000000,0.000000,0.000000,0.000000,0.000000,0.000000,0.000000,0.000000,0.000000,0.000000,0.000000,0.000000,0.000000,0.000000,0.000000,0.000000,Swing,0.000000,0.000000,0.000000,level walking,cop_invalid|low_pressure
1135,2026-05-14 23:00:03,56.750000,2026-5-14_levelground 2_left.csv,level_walking,0.000000,0.000000,0.000000,0.000000,0.000000,0.000000,0.000000,0.000000,0.000000,0.000000,0.000000,0.000000,0.000000,0.000000,0.000000,0.000000,0.000000,0.000000,0.000000,0.000000,0.000000,0.000000,0.000000,0.000000,0.000000,0.000000,0.000000,0.000000,0.000000,0.000000,Swing,0.000000,0.000000,0.000000,level walking,cop_invalid|low_pressure
1136,2026-05-14 23:00:03,56.800000,2026-5-14_levelground 2_left.csv,level_walking,0.000000,0.000000,0.000000,0.000000,0.000000,0.000000,0.000000,0.000000,0.000000,0.000000,0.000000,0.000000,0.000000,0.000000,0.000000,0.000000,0.000000,0.000000,0.000000,0.000000,0.000000,0.000000,0.000000,0.000000,0.000000,0.000000,0.000000,0.000000,0.000000,0.000000,Swing,0.000000,0.000000,0.000000,level walking,cop_invalid|low_pressure
1137,2026-05-14 23:00:03,56.850000,2026-5-14_levelground 2_left.csv,level_walking,0.000000,0.000000,0.000000,0.000000,0.000000,0.000000,0.000000,0.000000,0.000000,0.000000,0.000000,0.000000,0.000000,0.000000,0.000000,0.000000,0.000000,0.000000,0.000000,0.000000,0.000000,0.000000,0.000000,0.000000,0.000000,0.000000,0.000000,0.000000,0.000000,0.000000,Swing,0.000000,0.000000,0.000000,level walking,cop_invalid|low_pressure
1138,2026-05-14 23:00:03,56.900000,2026-5-14_levelground 2_left.csv,level_walking,0.000000,0.000000,0.000000,0.000000,0.000000,0.000000,0.000000,0.000000,0.000000,0.000000,0.000000,0.000000,0.000000,0.000000,0.000000,0.000000,0.000000,0.000000,0.000000,0.000000,0.000000,0.000000,0.000000,0.000000,0.000000,0.000000,0.000000,0.000000,0.000000,0.000000,Swing,0.000000,0.000000,0.000000,level walking,cop_invalid|low_pressure
1139,2026-05-14 23:00:03,56.950000,2026-5-14_levelground 2_left.csv,level_walking,0.000000,0.000000,0.000000,0.000000,0.000000,0.000000,0.000000,0.000000,0.000000,0.000000,0.000000,0.000000,0.000000,0.000000,0.000000,0.000000,0.000000,0.000000,0.000000,0.000000,0.000000,0.000000,0.000000,0.000000,0.000000,0.000000,0.000000,0.000000,0.000000,0.000000,Swing,0.000000,0.000000,0.000000,level walking,cop_invalid|low_pressure
1140,2026-05-14 23:00:03,57.000000,2026-5-14_levelground 2_left.csv,level_walking,0.000000,0.000000,0.000000,0.000000,0.000000,0.000000,0.000000,0.000000,0.000000,0.000000,0.000000,0.000000,0.000000,0.000000,0.000000,0.000000,0.000000,0.000000,0.000000,0.000000,0.000000,0.000000,0.000000,0.000000,0.000000,0.000000,0.000000,0.000000,0.000000,0.000000,Swing,0.000000,0.000000,0.000000,level walking,cop_invalid|low_pressure
1141,2026-05-14 23:00:03,57.050000,2026-5-14_levelground 2_left.csv,level_walking,0.000000,0.000000,0.000000,0.000000,0.000000,0.000000,0.000000,0.000000,0.000000,0.000000,0.000000,0.000000,0.000000,0.000000,0.000000,0.000000,0.000000,0.000000,0.000000,0.000000,0.000000,0.000000,0.000000,0.000000,0.000000,0.000000,0.000000,0.000000,0.000000,0.000000,Swing,0.000000,0.000000,0.000000,level walking,cop_invalid|low_pressure
1142,2026-05-14 23:00:03,57.100000,2026-5-14_levelground 2_left.csv,level_walking,0.000000,0.000000,0.000000,0.000000,0.000000,0.000000,0.000000,0.000000,0.000000,0.000000,0.000000,0.000000,0.000000,0.000000,0.000000,0.000000,0.000000,0.000000,0.000000,0.000000,0.000000,0.000000,0.000000,0.000000,0.000000,0.000000,0.000000,0.000000,0.000000,0.000000,Swing,0.000000,0.000000,0.000000,level walking,cop_invalid|low_pressure
1143,2026-05-14 23:00:04,57.150000,2026-5-14_levelground 2_left.csv,level_walking,0.000000,0.000000,0.000000,0.000000,0.000000,0.000000,0.000000,0.000000,0.000000,0.000000,0.000000,0.000000,0.000000,0.000000,0.000000,0.000000,0.000000,0.000000,0.000000,0.000000,0.000000,0.000000,0.000000,0.000000,0.000000,0.000000,0.000000,0.000000,0.000000,0.000000,Swing,0.000000,0.000000,0.000000,level walking,cop_invalid|low_pressure
1144,2026-05-14 23:00:04,57.200000,2026-5-14_levelground 2_left.csv,level_walking,0.000000,0.000000,0.000000,0.000000,0.000000,0.000000,0.000000,0.000000,0.000000,0.000000,0.000000,0.000000,0.000000,0.000000,0.000000,0.000000,0.000000,0.000000,0.000000,0.000000,0.000000,0.000000,0.000000,0.000000,0.000000,0.000000,0.000000,0.000000,0.000000,0.000000,Swing,0.000000,0.000000,0.000000,level walking,cop_invalid|low_pressure
1145,2026-05-14 23:00:04,57.250000,2026-5-14_levelground 2_left.csv,level_walking,0.000000,0.000000,0.000000,0.000000,0.000000,0.000000,0.000000,0.000000,0.000000,0.000000,0.000000,0.000000,0.000000,0.000000,0.000000,0.000000,0.000000,0.000000,0.000000,0.000000,0.000000,0.000000,0.000000,0.000000,0.000000,0.000000,0.000000,0.000000,0.000000,0.000000,Swing,0.000000,0.000000,0.000000,level walking,cop_invalid|low_pressure
1146,2026-05-14 23:00:04,57.300000,2026-5-14_levelground 2_left.csv,level_walking,0.000000,0.000000,0.000000,0.000000,0.000000,0.000000,0.000000,0.000000,0.000000,0.000000,0.000000,0.000000,0.000000,0.000000,0.000000,0.000000,0.000000,0.000000,0.000000,0.000000,0.000000,0.000000,0.000000,0.000000,0.000000,0.000000,0.000000,0.000000,0.000000,0.000000,Swing,0.000000,0.000000,0.000000,level walking,cop_invalid|low_pressure
1147,2026-05-14 23:00:04,57.350000,2026-5-14_levelground 2_left.csv,level_walking,0.000000,0.000000,0.000000,0.000000,0.000000,0.000000,0.000000,0.000000,0.000000,0.000000,0.000000,0.000000,0.000000,0.000000,0.000000,0.000000,0.000000,0.000000,0.000000,0.000000,0.000000,0.000000,0.000000,0.000000,0.000000,0.000000,0.000000,0.000000,0.000000,0.000000,Swing,0.000000,0.000000,0.000000,level walking,cop_invalid|low_pressure
1148,2026-05-14 23:00:04,57.400000,2026-5-14_levelground 2_left.csv,level_walking,0.000000,0.000000,0.000000,0.000000,0.000000,0.000000,0.000000,0.000000,0.000000,0.000000,0.000000,0.000000,0.000000,0.000000,0.000000,0.000000,0.000000,0.000000,0.000000,0.000000,0.000000,0.000000,0.000000,0.000000,0.000000,0.000000,0.000000,0.000000,0.000000,0.000000,Swing,0.000000,0.000000,0.000000,level walking,cop_invalid|low_pressure
1149,2026-05-14 23:00:04,57.450000,2026-5-14_levelground 2_left.csv,level_walking,0.000000,0.000000,0.000000,0.000000,0.000000,0.000000,0.000000,0.000000,0.000000,0.000000,0.000000,0.000000,0.000000,0.000000,0.000000,0.000000,0.000000,0.000000,0.000000,0.000000,0.000000,0.000000,0.000000,0.000000,0.000000,0.000000,0.000000,0.000000,0.000000,0.000000,Swing,0.000000,0.000000,0.000000,level walking,cop_invalid|low_pressure
1150,2026-05-14 23:00:04,57.500000,2026-5-14_levelground 2_left.csv,level_walking,0.000000,0.000000,0.000000,0.000000,0.000000,0.000000,0.000000,0.000000,0.000000,0.000000,0.000000,0.000000,0.000000,0.000000,0.000000,0.000000,0.000000,0.000000,0.000000,0.000000,0.000000,0.000000,0.000000,0.000000,0.000000,0.000000,0.000000,0.000000,0.000000,0.000000,Swing,0.000000,0.000000,0.000000,level walking,cop_invalid|low_pressure
1151,2026-05-14 23:00:04,57.550000,2026-5-14_levelground 2_left.csv,level_walking,0.000000,0.000000,0.000000,0.000000,0.000000,0.000000,0.000000,0.000000,0.000000,0.000000,0.000000,0.000000,0.000000,0.000000,0.000000,0.000000,0.000000,0.000000,0.000000,0.000000,0.000000,0.000000,0.000000,0.000000,0.000000,0.000000,0.000000,0.000000,0.000000,0.000000,Swing,0.000000,0.000000,0.000000,level walking,cop_invalid|low_pressure
1152,2026-05-14 23:00:04,57.600000,2026-5-14_levelground 2_left.csv,level_walking,0.000000,0.000000,0.000000,0.000000,0.000000,0.000000,0.000000,0.000000,0.000000,0.000000,0.000000,0.000000,0.000000,0.000000,0.000000,0.000000,0.000000,0.000000,0.000000,0.000000,0.000000,0.000000,0.000000,0.000000,0.000000,0.000000,0.000000,0.000000,0.000000,0.000000,Swing,0.000000,0.000000,0.000000,level walking,cop_invalid|low_pressure
1153,2026-05-14 23:00:04,57.650000,2026-5-14_levelground 2_left.csv,level_walking,0.000000,0.000000,0.000000,0.000000,0.000000,0.000000,0.000000,0.000000,0.000000,0.000000,0.000000,0.000000,0.000000,0.000000,0.000000,0.000000,0.000000,0.000000,0.000000,0.000000,0.000000,0.000000,0.000000,0.000000,0.000000,0.000000,0.000000,0.000000,0.000000,0.000000,Swing,0.000000,0.000000,0.000000,level walking,cop_invalid|low_pressure
1154,2026-05-14 23:00:04,57.700000,2026-5-14_levelground 2_left.csv,level_walking,0.000000,0.000000,0.000000,0.000000,0.000000,0.000000,0.000000,0.000000,0.000000,0.000000,0.000000,0.000000,0.000000,0.000000,0.000000,0.000000,0.000000,0.000000,0.000000,0.000000,0.000000,0.000000,0.000000,0.000000,0.000000,0.000000,0.000000,0.000000,0.000000,0.000000,Swing,0.000000,0.000000,0.000000,level walking,cop_invalid|low_pressure
1155,2026-05-14 23:00:04,57.750000,2026-5-14_levelground 2_left.csv,level_walking,0.000000,0.000000,0.000000,0.000000,0.000000,0.000000,0.000000,0.000000,0.000000,0.000000,0.000000,0.000000,0.000000,0.000000,0.000000,0.000000,0.000000,0.000000,0.000000,0.000000,0.000000,0.000000,0.000000,0.000000,0.000000,0.000000,0.000000,0.000000,0.000000,0.000000,Swing,0.000000,0.000000,0.000000,level walking,cop_invalid|low_pressure
1156,2026-05-14 23:00:04,57.800000,2026-5-14_levelground 2_left.csv,level_walking,0.000000,0.000000,0.000000,0.000000,0.000000,0.000000,0.000000,0.000000,0.000000,0.000000,0.000000,0.000000,0.000000,0.000000,0.000000,0.000000,0.000000,0.000000,0.000000,0.000000,0.000000,0.000000,0.000000,0.000000,0.000000,0.000000,0.000000,0.000000,0.000000,0.000000,Swing,0.000000,0.000000,0.000000,level walking,cop_invalid|low_pressure
1157,2026-05-14 23:00:04,57.850000,2026-5-14_levelground 2_left.csv,level_walking,0.000000,0.000000,0.000000,0.000000,0.000000,0.000000,0.000000,0.000000,0.000000,0.000000,0.000000,0.000000,0.000000,0.000000,0.000000,0.000000,0.000000,0.000000,0.000000,0.000000,0.000000,0.000000,0.000000,0.000000,0.000000,0.000000,0.000000,0.000000,0.000000,0.000000,Swing,0.000000,0.000000,0.000000,level walking,cop_invalid|low_pressure
1158,2026-05-14 23:00:04,57.900000,2026-5-14_levelground 2_left.csv,level_walking,0.000000,0.000000,0.000000,0.000000,0.000000,0.000000,0.000000,0.000000,0.000000,0.000000,0.000000,0.000000,0.000000,0.000000,0.000000,0.000000,0.000000,0.000000,0.000000,0.000000,0.000000,0.000000,0.000000,0.000000,0.000000,0.000000,0.000000,0.000000,0.000000,0.000000,Swing,0.000000,0.000000,0.000000,level walking,cop_invalid|low_pressure
1159,2026-05-14 23:00:04,57.950000,2026-5-14_levelground 2_left.csv,level_walking,0.000000,0.000000,0.000000,0.000000,0.000000,0.000000,0.000000,0.000000,0.000000,0.000000,0.000000,0.000000,0.000000,0.000000,0.000000,0.000000,0.000000,0.000000,0.000000,0.000000,0.000000,0.000000,0.000000,0.000000,0.000000,0.000000,0.000000,0.000000,0.000000,0.000000,Swing,0.000000,0.000000,0.000000,level walking,cop_invalid|low_pressure
1160,2026-05-14 23:00:04,58.000000,2026-5-14_levelground 2_left.csv,level_walking,0.000000,0.000000,0.000000,0.000000,0.000000,0.000000,0.000000,0.000000,0.000000,0.000000,0.000000,0.000000,0.000000,0.000000,0.000000,0.000000,0.000000,0.000000,0.000000,0.000000,0.000000,0.000000,0.000000,0.000000,0.000000,0.000000,0.000000,0.000000,0.000000,0.000000,Swing,0.000000,0.000000,0.000000,level walking,cop_invalid|low_pressure
1161,2026-05-14 23:00:04,58.050000,2026-5-14_levelground 2_left.csv,level_walking,0.000000,0.000000,0.000000,0.000000,0.000000,0.000000,0.000000,0.000000,0.000000,0.000000,0.000000,0.000000,0.000000,0.000000,0.000000,0.000000,0.000000,0.000000,0.000000,0.000000,0.000000,0.000000,0.000000,0.000000,0.000000,0.000000,0.000000,0.000000,0.000000,0.000000,Swing,0.000000,0.000000,0.000000,level walking,cop_invalid|low_pressure
1162,2026-05-14 23:00:04,58.100000,2026-5-14_levelground 2_left.csv,level_walking,0.000000,0.000000,0.000000,0.000000,0.000000,0.000000,0.000000,0.000000,0.000000,0.000000,0.000000,0.000000,0.000000,0.000000,0.000000,0.000000,0.000000,0.000000,0.000000,0.000000,0.000000,0.000000,0.000000,0.000000,0.000000,0.000000,0.000000,0.000000,0.000000,0.000000,Swing,0.000000,0.000000,0.000000,level walking,cop_invalid|low_pressure
1163,2026-05-14 23:00:05,58.150000,2026-5-14_levelground 2_left.csv,level_walking,0.000000,0.000000,0.000000,0.000000,0.000000,0.000000,0.000000,0.000000,0.000000,0.000000,0.000000,0.000000,0.000000,0.000000,0.000000,0.000000,0.000000,0.000000,0.000000,0.000000,0.000000,0.000000,0.000000,0.000000,0.000000,0.000000,0.000000,0.000000,0.000000,0.000000,Swing,0.000000,0.000000,0.000000,level walking,cop_invalid|low_pressure
1164,2026-05-14 23:00:05,58.200000,2026-5-14_levelground 2_left.csv,level_walking,0.000000,0.000000,0.000000,0.000000,0.000000,0.000000,0.000000,0.000000,0.000000,0.000000,0.000000,0.000000,0.000000,0.000000,0.000000,0.000000,0.000000,0.000000,0.000000,0.000000,0.000000,0.000000,0.000000,0.000000,0.000000,0.000000,0.000000,0.000000,0.000000,0.000000,Swing,0.000000,0.000000,0.000000,level walking,cop_invalid|low_pressure
1165,2026-05-14 23:00:05,58.250000,2026-5-14_levelground 2_left.csv,level_walking,0.000000,0.000000,0.000000,0.000000,0.000000,0.000000,0.000000,0.000000,0.000000,0.000000,0.000000,0.000000,0.000000,0.000000,0.000000,0.000000,0.000000,0.000000,0.000000,0.000000,0.000000,0.000000,0.000000,0.000000,0.000000,0.000000,0.000000,0.000000,0.000000,0.000000,Swing,0.000000,0.000000,0.000000,level walking,cop_invalid|low_pressure
1166,2026-05-14 23:00:05,58.300000,2026-5-14_levelground 2_left.csv,level_walking,0.000000,0.000000,0.000000,0.000000,0.000000,0.000000,0.000000,0.000000,0.000000,0.000000,0.000000,0.000000,0.000000,0.000000,0.000000,0.000000,0.000000,0.000000,0.000000,0.000000,0.000000,0.000000,0.000000,0.000000,0.000000,0.000000,0.000000,0.000000,0.000000,0.000000,Swing,0.000000,0.000000,0.000000,level walking,cop_invalid|low_pressure
1167,2026-05-14 23:00:05,58.350000,2026-5-14_levelground 2_left.csv,level_walking,0.000000,0.000000,0.000000,0.000000,0.000000,0.000000,0.000000,0.000000,0.000000,0.000000,0.000000,0.000000,0.000000,0.000000,0.000000,0.000000,0.000000,0.000000,0.000000,0.000000,0.000000,0.000000,0.000000,0.000000,0.000000,0.000000,0.000000,0.000000,0.000000,0.000000,Swing,0.000000,0.000000,0.000000,level walking,cop_invalid|low_pressure
1168,2026-05-14 23:00:05,58.400000,2026-5-14_levelground 2_left.csv,level_walking,0.000000,0.000000,0.000000,0.000000,0.000000,0.000000,0.000000,0.000000,0.000000,0.000000,0.000000,0.000000,0.000000,0.000000,0.000000,0.000000,0.000000,0.000000,0.000000,0.000000,0.000000,0.000000,0.000000,0.000000,0.000000,0.000000,0.000000,0.000000,0.000000,0.000000,Swing,0.000000,0.000000,0.000000,level walking,cop_invalid|low_pressure
1169,2026-05-14 23:00:05,58.450000,2026-5-14_levelground 2_left.csv,level_walking,0.000000,0.000000,0.000000,0.000000,0.000000,0.000000,0.000000,0.000000,0.000000,0.000000,0.000000,0.000000,0.000000,0.000000,0.000000,0.000000,0.000000,0.000000,0.000000,0.000000,0.000000,0.000000,0.000000,0.000000,0.000000,0.000000,0.000000,0.000000,0.000000,0.000000,Swing,0.000000,0.000000,0.000000,level walking,cop_invalid|low_pressure
1170,2026-05-14 23:00:05,58.500000,2026-5-14_levelground 2_left.csv,level_walking,0.000000,0.000000,0.000000,0.000000,0.000000,0.000000,0.000000,0.000000,0.000000,0.000000,0.000000,0.000000,0.000000,0.000000,0.000000,0.000000,0.000000,0.000000,0.000000,0.000000,0.000000,0.000000,0.000000,0.000000,0.000000,0.000000,0.000000,0.000000,0.000000,0.000000,Swing,0.000000,0.000000,0.000000,level walking,cop_invalid|low_pressure
1171,2026-05-14 23:00:05,58.550000,2026-5-14_levelground 2_left.csv,level_walking,0.000000,0.000000,0.000000,0.000000,0.000000,0.000000,0.000000,0.000000,0.000000,0.000000,0.000000,0.000000,0.000000,0.000000,0.000000,0.000000,0.000000,0.000000,0.000000,0.000000,0.000000,0.000000,0.000000,0.000000,0.000000,0.000000,0.000000,0.000000,0.000000,0.000000,Swing,0.000000,0.000000,0.000000,level walking,cop_invalid|low_pressure
1172,2026-05-14 23:00:05,58.600000,2026-5-14_levelground 2_left.csv,level_walking,0.000000,0.000000,0.000000,0.000000,0.000000,0.000000,0.000000,0.000000,0.000000,0.000000,0.000000,0.000000,0.000000,0.000000,0.000000,0.000000,0.000000,0.000000,0.000000,0.000000,0.000000,0.000000,0.000000,0.000000,0.000000,0.000000,0.000000,0.000000,0.000000,0.000000,Swing,0.000000,0.000000,0.000000,level walking,cop_invalid|low_pressure
1173,2026-05-14 23:00:05,58.650000,2026-5-14_levelground 2_left.csv,level_walking,0.000000,0.000000,0.000000,0.000000,0.000000,0.000000,0.000000,0.000000,0.000000,0.000000,0.000000,0.000000,0.000000,0.000000,0.000000,0.000000,0.000000,0.000000,0.000000,0.000000,0.000000,0.000000,0.000000,0.000000,0.000000,0.000000,0.000000,0.000000,0.000000,0.000000,Swing,0.000000,0.000000,0.000000,level walking,cop_invalid|low_pressure
1174,2026-05-14 23:00:05,58.700000,2026-5-14_levelground 2_left.csv,level_walking,0.000000,0.000000,0.000000,0.000000,0.000000,0.000000,0.000000,0.000000,0.000000,0.000000,0.000000,0.000000,0.000000,0.000000,0.000000,0.000000,0.000000,0.000000,0.000000,0.000000,0.000000,0.000000,0.000000,0.000000,0.000000,0.000000,0.000000,0.000000,0.000000,0.000000,Swing,0.000000,0.000000,0.000000,level walking,cop_invalid|low_pressure
1175,2026-05-14 23:00:05,58.750000,2026-5-14_levelground 2_left.csv,level_walking,0.000000,0.000000,0.000000,0.000000,0.000000,0.000000,0.000000,0.000000,0.000000,0.000000,0.000000,0.000000,0.000000,0.000000,0.000000,0.000000,0.000000,0.000000,0.000000,0.000000,0.000000,0.000000,0.000000,0.000000,0.000000,0.000000,0.000000,0.000000,0.000000,0.000000,Swing,0.000000,0.000000,0.000000,level walking,cop_invalid|low_pressure
1176,2026-05-14 23:00:05,58.800000,2026-5-14_levelground 2_left.csv,level_walking,0.000000,0.000000,0.000000,0.000000,0.000000,0.000000,0.000000,0.000000,0.000000,0.000000,0.000000,0.000000,0.000000,0.000000,0.000000,0.000000,0.000000,0.000000,0.000000,0.000000,0.000000,0.000000,0.000000,0.000000,0.000000,0.000000,0.000000,0.000000,0.000000,0.000000,Swing,0.000000,0.000000,0.000000,level walking,cop_invalid|low_pressure
1177,2026-05-14 23:00:05,58.850000,2026-5-14_levelground 2_left.csv,level_walking,0.000000,0.000000,0.000000,0.000000,0.000000,0.000000,0.000000,0.000000,0.000000,0.000000,0.000000,0.000000,0.000000,0.000000,0.000000,0.000000,0.000000,0.000000,0.000000,0.000000,0.000000,0.000000,0.000000,0.000000,0.000000,0.000000,0.000000,0.000000,0.000000,0.000000,Swing,0.000000,0.000000,0.000000,level walking,cop_invalid|low_pressure
1178,2026-05-14 23:00:05,58.900000,2026-5-14_levelground 2_left.csv,level_walking,0.000000,0.000000,0.000000,0.000000,0.000000,0.000000,0.000000,0.000000,0.000000,0.000000,0.000000,0.000000,0.000000,0.000000,0.000000,0.000000,0.000000,0.000000,0.000000,0.000000,0.000000,0.000000,0.000000,0.000000,0.000000,0.000000,0.000000,0.000000,0.000000,0.000000,Swing,0.000000,0.000000,0.000000,level walking,cop_invalid|low_pressure
1179,2026-05-14 23:00:05,58.950000,2026-5-14_levelground 2_left.csv,level_walking,0.000000,0.000000,0.000000,0.000000,0.000000,0.000000,0.000000,0.000000,0.000000,0.000000,0.000000,0.000000,0.000000,0.000000,0.000000,0.000000,0.000000,0.000000,0.000000,0.000000,0.000000,0.000000,0.000000,0.000000,0.000000,0.000000,0.000000,0.000000,0.000000,0.000000,Swing,0.000000,0.000000,0.000000,level walking,cop_invalid|low_pressure
1180,2026-05-14 23:00:05,59.000000,2026-5-14_levelground 2_left.csv,level_walking,0.000000,0.000000,0.000000,0.000000,0.000000,0.000000,0.000000,0.000000,0.000000,0.000000,0.000000,0.000000,0.000000,0.000000,0.000000,0.000000,0.000000,0.000000,0.000000,0.000000,0.000000,0.000000,0.000000,0.000000,0.000000,0.000000,0.000000,0.000000,0.000000,0.000000,Swing,0.000000,0.000000,0.000000,level walking,cop_invalid|low_pressure
1181,2026-05-14 23:00:05,59.050000,2026-5-14_levelground 2_left.csv,level_walking,0.000000,0.000000,0.000000,0.000000,0.000000,0.000000,0.000000,0.000000,0.000000,0.000000,0.000000,0.000000,0.000000,0.000000,0.000000,0.000000,0.000000,0.000000,0.000000,0.000000,0.000000,0.000000,0.000000,0.000000,0.000000,0.000000,0.000000,0.000000,0.000000,0.000000,Swing,0.000000,0.000000,0.000000,level walking,cop_invalid|low_pressure
1182,2026-05-14 23:00:05,59.100000,2026-5-14_levelground 2_left.csv,level_walking,0.000000,0.000000,0.000000,0.000000,0.000000,0.000000,0.000000,0.000000,0.000000,0.000000,0.000000,0.000000,0.000000,0.000000,0.000000,0.000000,0.000000,0.000000,0.000000,0.000000,0.000000,0.000000,0.000000,0.000000,0.000000,0.000000,0.000000,0.000000,0.000000,0.000000,Swing,0.000000,0.000000,0.000000,level walking,cop_invalid|low_pressure
1183,2026-05-14 23:00:06,59.150000,2026-5-14_levelground 2_left.csv,level_walking,0.000000,0.000000,0.000000,0.000000,0.000000,0.000000,0.000000,0.000000,0.000000,0.000000,0.000000,0.000000,0.000000,0.000000,0.000000,0.000000,0.000000,0.000000,0.000000,0.000000,0.000000,0.000000,0.000000,0.000000,0.000000,0.000000,0.000000,0.000000,0.000000,0.000000,Swing,0.000000,0.000000,0.000000,level walking,cop_invalid|low_pressure
1184,2026-05-14 23:00:06,59.200000,2026-5-14_levelground 2_left.csv,level_walking,0.000000,0.000000,0.000000,0.000000,0.000000,0.000000,0.000000,0.000000,0.000000,0.000000,0.000000,0.000000,0.000000,0.000000,0.000000,0.000000,0.000000,0.000000,0.000000,0.000000,0.000000,0.000000,0.000000,0.000000,0.000000,0.000000,0.000000,0.000000,0.000000,0.000000,Swing,0.000000,0.000000,0.000000,level walking,cop_invalid|low_pressure
1185,2026-05-14 23:00:06,59.250000,2026-5-14_levelground 2_left.csv,level_walking,0.000000,0.000000,0.000000,0.000000,0.000000,0.000000,0.000000,0.000000,0.000000,0.000000,0.000000,0.000000,0.000000,0.000000,0.000000,0.000000,0.000000,0.000000,0.000000,0.000000,0.000000,0.000000,0.000000,0.000000,0.000000,0.000000,0.000000,0.000000,0.000000,0.000000,Swing,0.000000,0.000000,0.000000,level walking,cop_invalid|low_pressure
1186,2026-05-14 23:00:06,59.300000,2026-5-14_levelground 2_left.csv,level_walking,0.000000,0.000000,0.000000,0.000000,0.000000,0.000000,0.000000,0.000000,0.000000,0.000000,0.000000,0.000000,0.000000,0.000000,0.000000,0.000000,0.000000,0.000000,0.000000,0.000000,0.000000,0.000000,0.000000,0.000000,0.000000,0.000000,0.000000,0.000000,0.000000,0.000000,Swing,0.000000,0.000000,0.000000,level walking,cop_invalid|low_pressure
1187,2026-05-14 23:00:06,59.350000,2026-5-14_levelground 2_left.csv,level_walking,0.000000,0.000000,0.000000,0.000000,0.000000,0.000000,0.000000,0.000000,0.000000,0.000000,0.000000,0.000000,0.000000,0.000000,0.000000,0.000000,0.000000,0.000000,0.000000,0.000000,0.000000,0.000000,0.000000,0.000000,0.000000,0.000000,0.000000,0.000000,0.000000,0.000000,Swing,0.000000,0.000000,0.000000,level walking,cop_invalid|low_pressure
1188,2026-05-14 23:00:06,59.400000,2026-5-14_levelground 2_left.csv,level_walking,0.000000,0.000000,0.000000,0.000000,0.000000,0.000000,0.000000,0.000000,0.000000,0.000000,0.000000,0.000000,0.000000,0.000000,0.000000,0.000000,0.000000,0.000000,0.000000,0.000000,0.000000,0.000000,0.000000,0.000000,0.000000,0.000000,0.000000,0.000000,0.000000,0.000000,Swing,0.000000,0.000000,0.000000,level walking,cop_invalid|low_pressure
1189,2026-05-14 23:00:06,59.450000,2026-5-14_levelground 2_left.csv,level_walking,0.000000,0.000000,0.000000,0.000000,0.000000,0.000000,0.000000,0.000000,0.000000,0.000000,0.000000,0.000000,0.000000,0.000000,0.000000,0.000000,0.000000,0.000000,0.000000,0.000000,0.000000,0.000000,0.000000,0.000000,0.000000,0.000000,0.000000,0.000000,0.000000,0.000000,Swing,0.000000,0.000000,0.000000,level walking,cop_invalid|low_pressure
1190,2026-05-14 23:00:06,59.500000,2026-5-14_levelground 2_left.csv,level_walking,0.000000,0.000000,0.000000,0.000000,0.000000,0.000000,0.000000,0.000000,0.000000,0.000000,0.000000,0.000000,0.000000,0.000000,0.000000,0.000000,0.000000,0.000000,0.000000,0.000000,0.000000,0.000000,0.000000,0.000000,0.000000,0.000000,0.000000,0.000000,0.000000,0.000000,Swing,0.000000,0.000000,0.000000,level walking,cop_invalid|low_pressure
1191,2026-05-14 23:00:06,59.550000,2026-5-14_levelground 2_left.csv,level_walking,0.000000,0.000000,0.000000,0.000000,0.000000,0.000000,0.000000,0.000000,0.000000,0.000000,0.000000,0.000000,0.000000,0.000000,0.000000,0.000000,0.000000,0.000000,0.000000,0.000000,0.000000,0.000000,0.000000,0.000000,0.000000,0.000000,0.000000,0.000000,0.000000,0.000000,Swing,0.000000,0.000000,0.000000,level walking,cop_invalid|low_pressure
1192,2026-05-14 23:00:06,59.600000,2026-5-14_levelground 2_left.csv,level_walking,0.000000,0.000000,0.000000,0.000000,0.000000,0.000000,0.000000,0.000000,0.000000,0.000000,0.000000,0.000000,0.000000,0.000000,0.000000,0.000000,0.000000,0.000000,0.000000,0.000000,0.000000,0.000000,0.000000,0.000000,0.000000,0.000000,0.000000,0.000000,0.000000,0.000000,Swing,0.000000,0.000000,0.000000,level walking,cop_invalid|low_pressure
1193,2026-05-14 23:00:06,59.650000,2026-5-14_levelground 2_left.csv,level_walking,0.000000,0.000000,0.000000,0.000000,0.000000,0.000000,0.000000,0.000000,0.000000,0.000000,0.000000,0.000000,0.000000,0.000000,0.000000,0.000000,0.000000,0.000000,0.000000,0.000000,0.000000,0.000000,0.000000,0.000000,0.000000,0.000000,0.000000,0.000000,0.000000,0.000000,Swing,0.000000,0.000000,0.000000,level walking,cop_invalid|low_pressure
1194,2026-05-14 23:00:06,59.700000,2026-5-14_levelground 2_left.csv,level_walking,0.000000,0.000000,0.000000,0.000000,0.000000,0.000000,0.000000,0.000000,0.000000,0.000000,0.000000,0.000000,0.000000,0.000000,0.000000,0.000000,0.000000,0.000000,0.000000,0.000000,0.000000,0.000000,0.000000,0.000000,0.000000,0.000000,0.000000,0.000000,0.000000,0.000000,Swing,0.000000,0.000000,0.000000,level walking,cop_invalid|low_pressure
1195,2026-05-14 23:00:06,59.750000,2026-5-14_levelground 2_left.csv,level_walking,0.000000,0.000000,0.000000,0.000000,0.000000,0.000000,0.000000,0.000000,0.000000,0.000000,0.000000,0.000000,0.000000,0.000000,0.000000,0.000000,0.000000,0.000000,0.000000,0.000000,0.000000,0.000000,0.000000,0.000000,0.000000,0.000000,0.000000,0.000000,0.000000,0.000000,Swing,0.000000,0.000000,0.000000,level walking,cop_invalid|low_pressure
1196,2026-05-14 23:00:06,59.800000,2026-5-14_levelground 2_left.csv,level_walking,0.000000,0.000000,0.000000,0.000000,0.000000,0.000000,0.000000,0.000000,0.000000,0.000000,0.000000,0.000000,0.000000,0.000000,0.000000,0.000000,0.000000,0.000000,0.000000,0.000000,0.000000,0.000000,0.000000,0.000000,0.000000,0.000000,0.000000,0.000000,0.000000,0.000000,Swing,0.000000,0.000000,0.000000,level walking,cop_invalid|low_pressure
1197,2026-05-14 23:00:06,59.850000,2026-5-14_levelground 2_left.csv,level_walking,0.000000,0.000000,0.000000,0.000000,0.000000,0.000000,0.000000,0.000000,0.000000,0.000000,0.000000,0.000000,0.000000,0.000000,0.000000,0.000000,0.000000,0.000000,0.000000,0.000000,0.000000,0.000000,0.000000,0.000000,0.000000,0.000000,0.000000,0.000000,0.000000,0.000000,Swing,0.000000,0.000000,0.000000,level walking,cop_invalid|low_pressure
1198,2026-05-14 23:00:06,59.900000,2026-5-14_levelground 2_left.csv,level_walking,0.000000,0.000000,0.000000,0.000000,0.000000,0.000000,0.000000,0.000000,0.000000,0.000000,0.000000,0.000000,0.000000,0.000000,0.000000,0.000000,0.000000,0.000000,0.000000,0.000000,0.000000,0.000000,0.000000,0.000000,0.000000,0.000000,0.000000,0.000000,0.000000,0.000000,Swing,0.000000,0.000000,0.000000,level walking,cop_invalid|low_pressure
1199,2026-05-14 23:00:06,59.950000,2026-5-14_levelground 2_left.csv,level_walking,0.000000,0.000000,0.000000,0.000000,0.000000,0.000000,0.000000,0.000000,0.000000,0.000000,0.000000,0.000000,0.000000,0.000000,0.000000,0.000000,0.000000,0.000000,0.000000,0.000000,0.000000,0.000000,0.000000,0.000000,0.000000,0.000000,0.000000,0.000000,0.000000,0.000000,Swing,0.000000,0.000000,0.000000,level walking,cop_invalid|low_pressure
1200,2026-05-14 23:00:06,60.000000,2026-5-14_levelground 2_left.csv,level_walking,0.000000,0.000000,0.000000,0.000000,0.000000,0.000000,0.000000,0.000000,0.000000,0.000000,0.000000,0.000000,0.000000,0.000000,0.000000,0.000000,0.000000,0.000000,0.000000,0.000000,0.000000,0.000000,0.000000,0.000000,0.000000,0.000000,0.000000,0.000000,0.000000,0.000000,Swing,0.000000,0.000000,0.000000,level walking,cop_invalid|low_pressure
1201,2026-05-14 23:00:06,60.050000,2026-5-14_levelground 2_left.csv,level_walking,0.000000,0.000000,0.000000,0.000000,0.000000,0.000000,0.000000,0.000000,0.000000,0.000000,0.000000,0.000000,0.000000,0.000000,0.000000,0.000000,0.000000,0.000000,0.000000,0.000000,0.000000,0.000000,0.000000,0.000000,0.000000,0.000000,0.000000,0.000000,0.000000,0.000000,Swing,0.000000,0.000000,0.000000,level walking,cop_invalid|low_pressure
1202,2026-05-14 23:00:06,60.100000,2026-5-14_levelground 2_left.csv,level_walking,0.000000,0.000000,0.000000,0.000000,0.000000,0.000000,0.000000,0.000000,0.000000,0.000000,0.000000,0.000000,0.000000,0.000000,0.000000,0.000000,0.000000,0.000000,0.000000,0.000000,0.000000,0.000000,0.000000,0.000000,0.000000,0.000000,0.000000,0.000000,0.000000,0.000000,Swing,0.000000,0.000000,0.000000,level walking,cop_invalid|low_pressure
1203,2026-05-14 23:00:07,60.150000,2026-5-14_levelground 2_left.csv,level_walking,0.000000,0.000000,0.000000,0.000000,0.000000,0.000000,0.000000,0.000000,0.000000,0.000000,0.000000,0.000000,0.000000,0.000000,0.000000,0.000000,0.000000,0.000000,0.000000,0.000000,0.000000,0.000000,0.000000,0.000000,0.000000,0.000000,0.000000,0.000000,0.000000,0.000000,Swing,0.000000,0.000000,0.000000,level walking,cop_invalid|low_pressure
1204,2026-05-14 23:00:07,60.200000,2026-5-14_levelground 2_left.csv,level_walking,0.000000,0.000000,0.000000,0.000000,0.000000,0.000000,0.000000,0.000000,0.000000,0.000000,0.000000,0.000000,0.000000,0.000000,0.000000,0.000000,0.000000,0.000000,0.000000,0.000000,0.000000,0.000000,0.000000,0.000000,0.000000,0.000000,0.000000,0.000000,0.000000,0.000000,Swing,0.000000,0.000000,0.000000,level walking,cop_invalid|low_pressure
1205,2026-05-14 23:00:07,60.250000,2026-5-14_levelground 2_left.csv,level_walking,0.000000,0.000000,0.000000,0.000000,0.000000,0.000000,0.000000,0.000000,0.000000,0.000000,0.000000,0.000000,0.000000,0.000000,0.000000,0.000000,0.000000,0.000000,0.000000,0.000000,0.000000,0.000000,0.000000,0.000000,0.000000,0.000000,0.000000,0.000000,0.000000,0.000000,Swing,0.000000,0.000000,0.000000,level walking,cop_invalid|low_pressure
1206,2026-05-14 23:00:07,60.300000,2026-5-14_levelground 2_left.csv,level_walking,0.000000,0.000000,0.000000,0.000000,0.000000,0.000000,0.000000,0.000000,0.000000,0.000000,0.000000,0.000000,0.000000,0.000000,0.000000,0.000000,0.000000,0.000000,0.000000,0.000000,0.000000,0.000000,0.000000,0.000000,0.000000,0.000000,0.000000,0.000000,0.000000,0.000000,Swing,0.000000,0.000000,0.000000,level walking,cop_invalid|low_pressure
1207,2026-05-14 23:00:07,60.350000,2026-5-14_levelground 2_left.csv,level_walking,0.000000,0.000000,0.000000,0.000000,0.000000,0.000000,0.000000,0.000000,0.000000,0.000000,0.000000,0.000000,0.000000,0.000000,0.000000,0.000000,0.000000,0.000000,0.000000,0.000000,0.000000,0.000000,0.000000,0.000000,0.000000,0.000000,0.000000,0.000000,0.000000,0.000000,Swing,0.000000,0.000000,0.000000,level walking,cop_invalid|low_pressure
1208,2026-05-14 23:00:07,60.400000,2026-5-14_levelground 2_left.csv,level_walking,0.000000,0.000000,0.000000,0.000000,0.000000,0.000000,0.000000,0.000000,0.000000,0.000000,0.000000,0.000000,0.000000,0.000000,0.000000,0.000000,0.000000,0.000000,0.000000,0.000000,0.000000,0.000000,0.000000,0.000000,0.000000,0.000000,0.000000,0.000000,0.000000,0.000000,Swing,0.000000,0.000000,0.000000,level walking,cop_invalid|low_pressure
1209,2026-05-14 23:00:07,60.450000,2026-5-14_levelground 2_left.csv,level_walking,0.000000,0.000000,0.000000,0.000000,0.000000,0.000000,0.000000,0.000000,0.000000,0.000000,0.000000,0.000000,0.000000,0.000000,0.000000,0.000000,0.000000,0.000000,0.000000,0.000000,0.000000,0.000000,0.000000,0.000000,0.000000,0.000000,0.000000,0.000000,0.000000,0.000000,Swing,0.000000,0.000000,0.000000,level walking,cop_invalid|low_pressure
1210,2026-05-14 23:00:07,60.500000,2026-5-14_levelground 2_left.csv,level_walking,0.000000,0.000000,0.000000,0.000000,0.000000,0.000000,0.000000,0.000000,0.000000,0.000000,0.000000,0.000000,0.000000,0.000000,0.000000,0.000000,0.000000,0.000000,0.000000,0.000000,0.000000,0.000000,0.000000,0.000000,0.000000,0.000000,0.000000,0.000000,0.000000,0.000000,Swing,0.000000,0.000000,0.000000,level walking,cop_invalid|low_pressure
1211,2026-05-14 23:00:07,60.550000,2026-5-14_levelground 2_left.csv,level_walking,0.000000,0.000000,0.000000,0.000000,0.000000,0.000000,0.000000,0.000000,0.000000,0.000000,0.000000,0.000000,0.000000,0.000000,0.000000,0.000000,0.000000,0.000000,0.000000,0.000000,0.000000,0.000000,0.000000,0.000000,0.000000,0.000000,0.000000,0.000000,0.000000,0.000000,Swing,0.000000,0.000000,0.000000,level walking,cop_invalid|low_pressure
1212,2026-05-14 23:00:07,60.600000,2026-5-14_levelground 2_left.csv,level_walking,0.000000,0.000000,0.000000,0.000000,0.000000,0.000000,0.000000,0.000000,0.000000,0.000000,0.000000,0.000000,0.000000,0.000000,0.000000,0.000000,0.000000,0.000000,0.000000,0.000000,0.000000,0.000000,0.000000,0.000000,0.000000,0.000000,0.000000,0.000000,0.000000,0.000000,Swing,0.000000,0.000000,0.000000,level walking,cop_invalid|low_pressure
1213,2026-05-14 23:00:07,60.650000,2026-5-14_levelground 2_left.csv,level_walking,0.000000,0.000000,0.000000,0.000000,0.000000,0.000000,0.000000,0.000000,0.000000,0.000000,0.000000,0.000000,0.000000,0.000000,0.000000,0.000000,0.000000,0.000000,0.000000,0.000000,0.000000,0.000000,0.000000,0.000000,0.000000,0.000000,0.000000,0.000000,0.000000,0.000000,Swing,0.000000,0.000000,0.000000,level walking,cop_invalid|low_pressure
1214,2026-05-14 23:00:07,60.700000,2026-5-14_levelground 2_left.csv,level_walking,0.000000,0.000000,0.000000,0.000000,0.000000,0.000000,0.000000,0.000000,0.000000,0.000000,0.000000,0.000000,0.000000,0.000000,0.000000,0.000000,0.000000,0.000000,0.000000,0.000000,0.000000,0.000000,0.000000,0.000000,0.000000,0.000000,0.000000,0.000000,0.000000,0.000000,Swing,0.000000,0.000000,0.000000,level walking,cop_invalid|low_pressure
1215,2026-05-14 23:00:07,60.750000,2026-5-14_levelground 2_left.csv,level_walking,0.000000,0.000000,0.000000,0.000000,0.000000,0.000000,0.000000,0.000000,0.000000,0.000000,0.000000,0.000000,0.000000,0.000000,0.000000,0.000000,0.000000,0.000000,0.000000,0.000000,0.000000,0.000000,0.000000,0.000000,0.000000,0.000000,0.000000,0.000000,0.000000,0.000000,Swing,0.000000,0.000000,0.000000,level walking,cop_invalid|low_pressure
1216,2026-05-14 23:00:07,60.800000,2026-5-14_levelground 2_left.csv,level_walking,0.000000,0.000000,0.000000,0.000000,0.000000,0.000000,0.000000,0.000000,0.000000,0.000000,0.000000,0.000000,0.000000,0.000000,0.000000,0.000000,0.000000,0.000000,0.000000,0.000000,0.000000,0.000000,0.000000,0.000000,0.000000,0.000000,0.000000,0.000000,0.000000,0.000000,Swing,0.000000,0.000000,0.000000,level walking,cop_invalid|low_pressure
1217,2026-05-14 23:00:07,60.850000,2026-5-14_levelground 2_left.csv,level_walking,0.000000,0.000000,0.000000,0.000000,0.000000,0.000000,0.000000,0.000000,0.000000,0.000000,0.000000,0.000000,0.000000,0.000000,0.000000,0.000000,0.000000,0.000000,0.000000,0.000000,0.000000,0.000000,0.000000,0.000000,0.000000,0.000000,0.000000,0.000000,0.000000,0.000000,Swing,0.000000,0.000000,0.000000,level walking,cop_invalid|low_pressure
1218,2026-05-14 23:00:07,60.900000,2026-5-14_levelground 2_left.csv,level_walking,0.000000,0.000000,0.000000,0.000000,0.000000,0.000000,0.000000,0.000000,0.000000,0.000000,0.000000,0.000000,0.000000,0.000000,0.000000,0.000000,0.000000,0.000000,0.000000,0.000000,0.000000,0.000000,0.000000,0.000000,0.000000,0.000000,0.000000,0.000000,0.000000,0.000000,Swing,0.000000,0.000000,0.000000,level walking,cop_invalid|low_pressure
1219,2026-05-14 23:00:07,60.950000,2026-5-14_levelground 2_left.csv,level_walking,0.000000,0.000000,0.000000,0.000000,0.000000,0.000000,0.000000,0.000000,0.000000,0.000000,0.000000,0.000000,0.000000,0.000000,0.000000,0.000000,0.000000,0.000000,0.000000,0.000000,0.000000,0.000000,0.000000,0.000000,0.000000,0.000000,0.000000,0.000000,0.000000,0.000000,Swing,0.000000,0.000000,0.000000,level walking,cop_invalid|low_pressure
1220,2026-05-14 23:00:07,61.000000,2026-5-14_levelground 2_left.csv,level_walking,0.000000,0.000000,0.000000,0.000000,0.000000,0.000000,0.000000,0.000000,0.000000,0.000000,0.000000,0.000000,0.000000,0.000000,0.000000,0.000000,0.000000,0.000000,0.000000,0.000000,0.000000,0.000000,0.000000,0.000000,0.000000,0.000000,0.000000,0.000000,0.000000,0.000000,Swing,0.000000,0.000000,0.000000,level walking,cop_invalid|low_pressure
1221,2026-05-14 23:00:07,61.050000,2026-5-14_levelground 2_left.csv,level_walking,0.000000,0.000000,0.000000,0.000000,0.000000,0.000000,0.000000,0.000000,0.000000,0.000000,0.000000,0.000000,0.000000,0.000000,0.000000,0.000000,0.000000,0.000000,0.000000,0.000000,0.000000,0.000000,0.000000,0.000000,0.000000,0.000000,0.000000,0.000000,0.000000,0.000000,Swing,0.000000,0.000000,0.000000,level walking,cop_invalid|low_pressure
1222,2026-05-14 23:00:07,61.100000,2026-5-14_levelground 2_left.csv,level_walking,0.000000,0.000000,0.000000,0.000000,0.000000,0.000000,0.000000,0.000000,0.000000,0.000000,0.000000,0.000000,0.000000,0.000000,0.000000,0.000000,0.000000,0.000000,0.000000,0.000000,0.000000,0.000000,0.000000,0.000000,0.000000,0.000000,0.000000,0.000000,0.000000,0.000000,Swing,0.000000,0.000000,0.000000,level walking,cop_invalid|low_pressure
1223,2026-05-14 23:00:08,61.150000,2026-5-14_levelground 2_left.csv,level_walking,0.000000,0.000000,0.000000,0.000000,0.000000,0.000000,0.000000,0.000000,0.000000,0.000000,0.000000,0.000000,0.000000,0.000000,0.000000,0.000000,0.000000,0.000000,0.000000,0.000000,0.000000,0.000000,0.000000,0.000000,0.000000,0.000000,0.000000,0.000000,0.000000,0.000000,Swing,0.000000,0.000000,0.000000,level walking,cop_invalid|low_pressure
1224,2026-05-14 23:00:08,61.200000,2026-5-14_levelground 2_left.csv,level_walking,0.000000,0.000000,0.000000,0.000000,0.000000,0.000000,0.000000,0.000000,0.000000,0.000000,0.000000,0.000000,0.000000,0.000000,0.000000,0.000000,0.000000,0.000000,0.000000,0.000000,0.000000,0.000000,0.000000,0.000000,0.000000,0.000000,0.000000,0.000000,0.000000,0.000000,Swing,0.000000,0.000000,0.000000,level walking,cop_invalid|low_pressure
1225,2026-05-14 23:00:08,61.250000,2026-5-14_levelground 2_left.csv,level_walking,0.000000,0.000000,0.000000,0.000000,0.000000,0.000000,0.000000,0.000000,0.000000,0.000000,0.000000,0.000000,0.000000,0.000000,0.000000,0.000000,0.000000,0.000000,0.000000,0.000000,0.000000,0.000000,0.000000,0.000000,0.000000,0.000000,0.000000,0.000000,0.000000,0.000000,Swing,0.000000,0.000000,0.000000,level walking,cop_invalid|low_pressure
1226,2026-05-14 23:00:08,61.300000,2026-5-14_levelground 2_left.csv,level_walking,0.000000,0.000000,0.000000,0.000000,0.000000,0.000000,0.000000,0.000000,0.000000,0.000000,0.000000,0.000000,0.000000,0.000000,0.000000,0.000000,0.000000,0.000000,0.000000,0.000000,0.000000,0.000000,0.000000,0.000000,0.000000,0.000000,0.000000,0.000000,0.000000,0.000000,Swing,0.000000,0.000000,0.000000,level walking,cop_invalid|low_pressure
1227,2026-05-14 23:00:08,61.350000,2026-5-14_levelground 2_left.csv,level_walking,0.000000,0.000000,0.000000,0.000000,0.000000,0.000000,0.000000,0.000000,0.000000,0.000000,0.000000,0.000000,0.000000,0.000000,0.000000,0.000000,0.000000,0.000000,0.000000,0.000000,0.000000,0.000000,0.000000,0.000000,0.000000,0.000000,0.000000,0.000000,0.000000,0.000000,Swing,0.000000,0.000000,0.000000,level walking,cop_invalid|low_pressure
1228,2026-05-14 23:00:08,61.400000,2026-5-14_levelground 2_left.csv,level_walking,0.000000,0.000000,0.000000,0.000000,0.000000,0.000000,0.000000,0.000000,0.000000,0.000000,0.000000,0.000000,0.000000,0.000000,0.000000,0.000000,0.000000,0.000000,0.000000,0.000000,0.000000,0.000000,0.000000,0.000000,0.000000,0.000000,0.000000,0.000000,0.000000,0.000000,Swing,0.000000,0.000000,0.000000,level walking,cop_invalid|low_pressure
1229,2026-05-14 23:00:08,61.450000,2026-5-14_levelground 2_left.csv,level_walking,0.000000,0.000000,0.000000,0.000000,0.000000,0.000000,0.000000,0.000000,0.000000,0.000000,0.000000,0.000000,0.000000,0.000000,0.000000,0.000000,0.000000,0.000000,0.000000,0.000000,0.000000,0.000000,0.000000,0.000000,0.000000,0.000000,0.000000,0.000000,0.000000,0.000000,Swing,0.000000,0.000000,0.000000,level walking,cop_invalid|low_pressure
1230,2026-05-14 23:00:08,61.500000,2026-5-14_levelground 2_left.csv,level_walking,0.000000,0.000000,0.000000,0.000000,0.000000,0.000000,0.000000,0.000000,0.000000,0.000000,0.000000,0.000000,0.000000,0.000000,0.000000,0.000000,0.000000,0.000000,0.000000,0.000000,0.000000,0.000000,0.000000,0.000000,0.000000,0.000000,0.000000,0.000000,0.000000,0.000000,Swing,0.000000,0.000000,0.000000,level walking,cop_invalid|low_pressure
1231,2026-05-14 23:00:08,61.550000,2026-5-14_levelground 2_left.csv,level_walking,0.000000,0.000000,0.000000,0.000000,0.000000,0.000000,0.000000,0.000000,0.000000,0.000000,0.000000,0.000000,0.000000,0.000000,0.000000,0.000000,0.000000,0.000000,0.000000,0.000000,0.000000,0.000000,0.000000,0.000000,0.000000,0.000000,0.000000,0.000000,0.000000,0.000000,Swing,0.000000,0.000000,0.000000,level walking,cop_invalid|low_pressure
1232,2026-05-14 23:00:08,61.600000,2026-5-14_levelground 2_left.csv,level_walking,0.000000,0.000000,0.000000,0.000000,0.000000,0.000000,0.000000,0.000000,0.000000,0.000000,0.000000,0.000000,0.000000,0.000000,0.000000,0.000000,0.000000,0.000000,0.000000,0.000000,0.000000,0.000000,0.000000,0.000000,0.000000,0.000000,0.000000,0.000000,0.000000,0.000000,Swing,0.000000,0.000000,0.000000,level walking,cop_invalid|low_pressure
1233,2026-05-14 23:00:08,61.650000,2026-5-14_levelground 2_left.csv,level_walking,0.000000,0.000000,0.000000,0.000000,0.000000,0.000000,0.000000,0.000000,0.000000,0.000000,0.000000,0.000000,0.000000,0.000000,0.000000,0.000000,0.000000,0.000000,0.000000,0.000000,0.000000,0.000000,0.000000,0.000000,0.000000,0.000000,0.000000,0.000000,0.000000,0.000000,Swing,0.000000,0.000000,0.000000,level walking,cop_invalid|low_pressure
1234,2026-05-14 23:00:08,61.700000,2026-5-14_levelground 2_left.csv,level_walking,0.000000,0.000000,0.000000,0.000000,0.000000,0.000000,0.000000,0.000000,0.000000,0.000000,0.000000,0.000000,0.000000,0.000000,0.000000,0.000000,0.000000,0.000000,0.000000,0.000000,0.000000,0.000000,0.000000,0.000000,0.000000,0.000000,0.000000,0.000000,0.000000,0.000000,Swing,0.000000,0.000000,0.000000,level walking,cop_invalid|low_pressure
1235,2026-05-14 23:00:08,61.750000,2026-5-14_levelground 2_left.csv,level_walking,0.000000,0.000000,0.000000,0.000000,0.000000,0.000000,0.000000,0.000000,0.000000,0.000000,0.000000,0.000000,0.000000,0.000000,0.000000,0.000000,0.000000,0.000000,0.000000,0.000000,0.000000,0.000000,0.000000,0.000000,0.000000,0.000000,0.000000,0.000000,0.000000,0.000000,Swing,0.000000,0.000000,0.000000,level walking,cop_invalid|low_pressure
1236,2026-05-14 23:00:08,61.800000,2026-5-14_levelground 2_left.csv,level_walking,0.000000,0.000000,0.000000,0.000000,0.000000,0.000000,0.000000,0.000000,0.000000,0.000000,0.000000,0.000000,0.000000,0.000000,0.000000,0.000000,0.000000,0.000000,0.000000,0.000000,0.000000,0.000000,0.000000,0.000000,0.000000,0.000000,0.000000,0.000000,0.000000,0.000000,Swing,0.000000,0.000000,0.000000,level walking,cop_invalid|low_pressure
1237,2026-05-14 23:00:08,61.850000,2026-5-14_levelground 2_left.csv,level_walking,0.000000,0.000000,0.000000,0.000000,0.000000,0.000000,0.000000,0.000000,0.000000,0.000000,0.000000,0.000000,0.000000,0.000000,0.000000,0.000000,0.000000,0.000000,0.000000,0.000000,0.000000,0.000000,0.000000,0.000000,0.000000,0.000000,0.000000,0.000000,0.000000,0.000000,Swing,0.000000,0.000000,0.000000,level walking,cop_invalid|low_pressure
1238,2026-05-14 23:00:08,61.900000,2026-5-14_levelground 2_left.csv,level_walking,0.000000,0.000000,0.000000,0.000000,0.000000,0.000000,0.000000,0.000000,0.000000,0.000000,0.000000,0.000000,0.000000,0.000000,0.000000,0.000000,0.000000,0.000000,0.000000,0.000000,0.000000,0.000000,0.000000,0.000000,0.000000,0.000000,0.000000,0.000000,0.000000,0.000000,Swing,0.000000,0.000000,0.000000,level walking,cop_invalid|low_pressure
1239,2026-05-14 23:00:08,61.950000,2026-5-14_levelground 2_left.csv,level_walking,0.000000,0.000000,0.000000,0.000000,0.000000,0.000000,0.000000,0.000000,0.000000,0.000000,0.000000,0.000000,0.000000,0.000000,0.000000,0.000000,0.000000,0.000000,0.000000,0.000000,0.000000,0.000000,0.000000,0.000000,0.000000,0.000000,0.000000,0.000000,0.000000,0.000000,Swing,0.000000,0.000000,0.000000,level walking,cop_invalid|low_pressure
1240,2026-05-14 23:00:08,62.000000,2026-5-14_levelground 2_left.csv,level_walking,0.000000,0.000000,0.000000,0.000000,0.000000,0.000000,0.000000,0.000000,0.000000,0.000000,0.000000,0.000000,0.000000,0.000000,0.000000,0.000000,0.000000,0.000000,0.000000,0.000000,0.000000,0.000000,0.000000,0.000000,0.000000,0.000000,0.000000,0.000000,0.000000,0.000000,Swing,0.000000,0.000000,0.000000,level walking,cop_invalid|low_pressure
1241,2026-05-14 23:00:08,62.050000,2026-5-14_levelground 2_left.csv,level_walking,0.000000,0.000000,0.000000,0.000000,0.000000,0.000000,0.000000,0.000000,0.000000,0.000000,0.000000,0.000000,0.000000,0.000000,0.000000,0.000000,0.000000,0.000000,0.000000,0.000000,0.000000,0.000000,0.000000,0.000000,0.000000,0.000000,0.000000,0.000000,0.000000,0.000000,Swing,0.000000,0.000000,0.000000,level walking,cop_invalid|low_pressure
1242,2026-05-14 23:00:08,62.100000,2026-5-14_levelground 2_left.csv,level_walking,0.000000,0.000000,0.000000,0.000000,0.000000,0.000000,0.000000,0.000000,0.000000,0.000000,0.000000,0.000000,0.000000,0.000000,0.000000,0.000000,0.000000,0.000000,0.000000,0.000000,0.000000,0.000000,0.000000,0.000000,0.000000,0.000000,0.000000,0.000000,0.000000,0.000000,Swing,0.000000,0.000000,0.000000,level walking,cop_invalid|low_pressure
1243,2026-05-14 23:00:09,62.150000,2026-5-14_levelground 2_left.csv,level_walking,0.000000,0.000000,0.000000,0.000000,0.000000,0.000000,0.000000,0.000000,0.000000,0.000000,0.000000,0.000000,0.000000,0.000000,0.000000,0.000000,0.000000,0.000000,0.000000,0.000000,0.000000,0.000000,0.000000,0.000000,0.000000,0.000000,0.000000,0.000000,0.000000,0.000000,Swing,0.000000,0.000000,0.000000,level walking,cop_invalid|low_pressure
1244,2026-05-14 23:00:09,62.200000,2026-5-14_levelground 2_left.csv,level_walking,0.000000,0.000000,0.000000,0.000000,0.000000,0.000000,0.000000,0.000000,0.000000,0.000000,0.000000,0.000000,0.000000,0.000000,0.000000,0.000000,0.000000,0.000000,0.000000,0.000000,0.000000,0.000000,0.000000,0.000000,0.000000,0.000000,0.000000,0.000000,0.000000,0.000000,Swing,0.000000,0.000000,0.000000,level walking,cop_invalid|low_pressure
1245,2026-05-14 23:00:09,62.250000,2026-5-14_levelground 2_left.csv,level_walking,0.000000,0.000000,0.000000,0.000000,0.000000,0.000000,0.000000,0.000000,0.000000,0.000000,0.000000,0.000000,0.000000,0.000000,0.000000,0.000000,0.000000,0.000000,0.000000,0.000000,0.000000,0.000000,0.000000,0.000000,0.000000,0.000000,0.000000,0.000000,0.000000,0.000000,Swing,0.000000,0.000000,0.000000,level walking,cop_invalid|low_pressure
1246,2026-05-14 23:00:09,62.300000,2026-5-14_levelground 2_left.csv,level_walking,0.000000,0.000000,0.000000,0.000000,0.000000,0.000000,0.000000,0.000000,0.000000,0.000000,0.000000,0.000000,0.000000,0.000000,0.000000,0.000000,0.000000,0.000000,0.000000,0.000000,0.000000,0.000000,0.000000,0.000000,0.000000,0.000000,0.000000,0.000000,0.000000,0.000000,Swing,0.000000,0.000000,0.000000,level walking,cop_invalid|low_pressure
1247,2026-05-14 23:00:09,62.350000,2026-5-14_levelground 2_left.csv,level_walking,0.000000,0.000000,0.000000,0.000000,0.000000,0.000000,0.000000,0.000000,0.000000,0.000000,0.000000,0.000000,0.000000,0.000000,0.000000,0.000000,0.000000,0.000000,0.000000,0.000000,0.000000,0.000000,0.000000,0.000000,0.000000,0.000000,0.000000,0.000000,0.000000,0.000000,Swing,0.000000,0.000000,0.000000,level walking,cop_invalid|low_pressure
1248,2026-05-14 23:00:09,62.400000,2026-5-14_levelground 2_left.csv,level_walking,0.000000,0.000000,0.000000,0.000000,0.000000,0.000000,0.000000,0.000000,0.000000,0.000000,0.000000,0.000000,0.000000,0.000000,0.000000,0.000000,0.000000,0.000000,0.000000,0.000000,0.000000,0.000000,0.000000,0.000000,0.000000,0.000000,0.000000,0.000000,0.000000,0.000000,Swing,0.000000,0.000000,0.000000,level walking,cop_invalid|low_pressure
1249,2026-05-14 23:00:09,62.450000,2026-5-14_levelground 2_left.csv,level_walking,0.000000,0.000000,0.000000,0.000000,0.000000,0.000000,0.000000,0.000000,0.000000,0.000000,0.000000,0.000000,0.000000,0.000000,0.000000,0.000000,0.000000,0.000000,0.000000,0.000000,0.000000,0.000000,0.000000,0.000000,0.000000,0.000000,0.000000,0.000000,0.000000,0.000000,Swing,0.000000,0.000000,0.000000,level walking,cop_invalid|low_pressure
1250,2026-05-14 23:00:09,62.500000,2026-5-14_levelground 2_left.csv,level_walking,0.000000,0.000000,0.000000,0.000000,0.000000,0.000000,0.000000,0.000000,0.000000,0.000000,0.000000,0.000000,0.000000,0.000000,0.000000,0.000000,0.000000,0.000000,0.000000,0.000000,0.000000,0.000000,0.000000,0.000000,0.000000,0.000000,0.000000,0.000000,0.000000,0.000000,Swing,0.000000,0.000000,0.000000,level walking,cop_invalid|low_pressure
1251,2026-05-14 23:00:09,62.550000,2026-5-14_levelground 2_left.csv,level_walking,0.000000,0.000000,0.000000,0.000000,0.000000,0.000000,0.000000,0.000000,0.000000,0.000000,0.000000,0.000000,0.000000,0.000000,0.000000,0.000000,0.000000,0.000000,0.000000,0.000000,0.000000,0.000000,0.000000,0.000000,0.000000,0.000000,0.000000,0.000000,0.000000,0.000000,Swing,0.000000,0.000000,0.000000,level walking,cop_invalid|low_pressure
1252,2026-05-14 23:00:09,62.600000,2026-5-14_levelground 2_left.csv,level_walking,0.000000,0.000000,0.000000,0.000000,0.000000,0.000000,0.000000,0.000000,0.000000,0.000000,0.000000,0.000000,0.000000,0.000000,0.000000,0.000000,0.000000,0.000000,0.000000,0.000000,0.000000,0.000000,0.000000,0.000000,0.000000,0.000000,0.000000,0.000000,0.000000,0.000000,Swing,0.000000,0.000000,0.000000,level walking,cop_invalid|low_pressure
1253,2026-05-14 23:00:09,62.650000,2026-5-14_levelground 2_left.csv,level_walking,0.000000,0.000000,0.000000,0.000000,0.000000,0.000000,0.000000,0.000000,0.000000,0.000000,0.000000,0.000000,0.000000,0.000000,0.000000,0.000000,0.000000,0.000000,0.000000,0.000000,0.000000,0.000000,0.000000,0.000000,0.000000,0.000000,0.000000,0.000000,0.000000,0.000000,Swing,0.000000,0.000000,0.000000,level walking,cop_invalid|low_pressure
1254,2026-05-14 23:00:09,62.700000,2026-5-14_levelground 2_left.csv,level_walking,0.000000,0.000000,0.000000,0.000000,0.000000,0.000000,0.000000,0.000000,0.000000,0.000000,0.000000,0.000000,0.000000,0.000000,0.000000,0.000000,0.000000,0.000000,0.000000,0.000000,0.000000,0.000000,0.000000,0.000000,0.000000,0.000000,0.000000,0.000000,0.000000,0.000000,Swing,0.000000,0.000000,0.000000,level walking,cop_invalid|low_pressure
1255,2026-05-14 23:00:09,62.750000,2026-5-14_levelground 2_left.csv,level_walking,0.000000,0.000000,0.000000,0.000000,0.000000,0.000000,0.000000,0.000000,0.000000,0.000000,0.000000,0.000000,0.000000,0.000000,0.000000,0.000000,0.000000,0.000000,0.000000,0.000000,0.000000,0.000000,0.000000,0.000000,0.000000,0.000000,0.000000,0.000000,0.000000,0.000000,Swing,0.000000,0.000000,0.000000,level walking,cop_invalid|low_pressure
1256,2026-05-14 23:00:09,62.800000,2026-5-14_levelground 2_left.csv,level_walking,0.000000,0.000000,0.000000,0.000000,0.000000,0.000000,0.000000,0.000000,0.000000,0.000000,0.000000,0.000000,0.000000,0.000000,0.000000,0.000000,0.000000,0.000000,0.000000,0.000000,0.000000,0.000000,0.000000,0.000000,0.000000,0.000000,0.000000,0.000000,0.000000,0.000000,Swing,0.000000,0.000000,0.000000,level walking,cop_invalid|low_pressure
1257,2026-05-14 23:00:09,62.850000,2026-5-14_levelground 2_left.csv,level_walking,0.000000,0.000000,0.000000,0.000000,0.000000,0.000000,0.000000,0.000000,0.000000,0.000000,0.000000,0.000000,0.000000,0.000000,0.000000,0.000000,0.000000,0.000000,0.000000,0.000000,0.000000,0.000000,0.000000,0.000000,0.000000,0.000000,0.000000,0.000000,0.000000,0.000000,Swing,0.000000,0.000000,0.000000,level walking,cop_invalid|low_pressure
1258,2026-05-14 23:00:09,62.900000,2026-5-14_levelground 2_left.csv,level_walking,0.000000,0.000000,0.000000,0.000000,0.000000,0.000000,0.000000,0.000000,0.000000,0.000000,0.000000,0.000000,0.000000,0.000000,0.000000,0.000000,0.000000,0.000000,0.000000,0.000000,0.000000,0.000000,0.000000,0.000000,0.000000,0.000000,0.000000,0.000000,0.000000,0.000000,Swing,0.000000,0.000000,0.000000,level walking,cop_invalid|low_pressure
1259,2026-05-14 23:00:09,62.950000,2026-5-14_levelground 2_left.csv,level_walking,0.000000,0.000000,0.000000,0.000000,0.000000,0.000000,0.000000,0.000000,0.000000,0.000000,0.000000,0.000000,0.000000,0.000000,0.000000,0.000000,0.000000,0.000000,0.000000,0.000000,0.000000,0.000000,0.000000,0.000000,0.000000,0.000000,0.000000,0.000000,0.000000,0.000000,Swing,0.000000,0.000000,0.000000,level walking,cop_invalid|low_pressure
1260,2026-05-14 23:00:09,63.000000,2026-5-14_levelground 2_left.csv,level_walking,0.000000,0.000000,0.000000,0.000000,0.000000,0.000000,0.000000,0.000000,0.000000,0.000000,0.000000,0.000000,0.000000,0.000000,0.000000,0.000000,0.000000,0.000000,0.000000,0.000000,0.000000,0.000000,0.000000,0.000000,0.000000,0.000000,0.000000,0.000000,0.000000,0.000000,Swing,0.000000,0.000000,0.000000,level walking,cop_invalid|low_pressure
1261,2026-05-14 23:00:09,63.050000,2026-5-14_levelground 2_left.csv,level_walking,0.000000,0.000000,0.000000,0.000000,0.000000,0.000000,0.000000,0.000000,0.000000,0.000000,0.000000,0.000000,0.000000,0.000000,0.000000,0.000000,0.000000,0.000000,0.000000,0.000000,0.000000,0.000000,0.000000,0.000000,0.000000,0.000000,0.000000,0.000000,0.000000,0.000000,Swing,0.000000,0.000000,0.000000,level walking,cop_invalid|low_pressure
1262,2026-05-14 23:00:09,63.100000,2026-5-14_levelground 2_left.csv,level_walking,0.000000,0.000000,0.000000,0.000000,0.000000,0.000000,0.000000,0.000000,0.000000,0.000000,0.000000,0.000000,0.000000,0.000000,0.000000,0.000000,0.000000,0.000000,0.000000,0.000000,0.000000,0.000000,0.000000,0.000000,0.000000,0.000000,0.000000,0.000000,0.000000,0.000000,Swing,0.000000,0.000000,0.000000,level walking,cop_invalid|low_pressure
1263,2026-05-14 23:00:10,63.150000,2026-5-14_levelground 2_left.csv,level_walking,0.000000,0.000000,0.000000,0.000000,0.000000,0.000000,0.000000,0.000000,0.000000,0.000000,0.000000,0.000000,0.000000,0.000000,0.000000,0.000000,0.000000,0.000000,0.000000,0.000000,0.000000,0.000000,0.000000,0.000000,0.000000,0.000000,0.000000,0.000000,0.000000,0.000000,Swing,0.000000,0.000000,0.000000,level walking,cop_invalid|low_pressure
1264,2026-05-14 23:00:10,63.200000,2026-5-14_levelground 2_left.csv,level_walking,0.000000,0.000000,0.000000,0.000000,0.000000,0.000000,0.000000,0.000000,0.000000,0.000000,0.000000,0.000000,0.000000,0.000000,0.000000,0.000000,0.000000,0.000000,0.000000,0.000000,0.000000,0.000000,0.000000,0.000000,0.000000,0.000000,0.000000,0.000000,0.000000,0.000000,Swing,0.000000,0.000000,0.000000,level walking,cop_invalid|low_pressure
1265,2026-05-14 23:00:10,63.250000,2026-5-14_levelground 2_left.csv,level_walking,0.000000,0.000000,0.000000,0.000000,0.000000,0.000000,0.000000,0.000000,0.000000,0.000000,0.000000,0.000000,0.000000,0.000000,0.000000,0.000000,0.000000,0.000000,0.000000,0.000000,0.000000,0.000000,0.000000,0.000000,0.000000,0.000000,0.000000,0.000000,0.000000,0.000000,Swing,0.000000,0.000000,0.000000,level walking,cop_invalid|low_pressure
1266,2026-05-14 23:00:10,63.300000,2026-5-14_levelground 2_left.csv,level_walking,0.000000,0.000000,0.000000,0.000000,0.000000,0.000000,0.000000,0.000000,0.000000,0.000000,0.000000,0.000000,0.000000,0.000000,0.000000,0.000000,0.000000,0.000000,0.000000,0.000000,0.000000,0.000000,0.000000,0.000000,0.000000,0.000000,0.000000,0.000000,0.000000,0.000000,Swing,0.000000,0.000000,0.000000,level walking,cop_invalid|low_pressure
1267,2026-05-14 23:00:10,63.350000,2026-5-14_levelground 2_left.csv,level_walking,0.000000,0.000000,0.000000,0.000000,0.000000,0.000000,0.000000,0.000000,0.000000,0.000000,0.000000,0.000000,0.000000,0.000000,0.000000,0.000000,0.000000,0.000000,0.000000,0.000000,0.000000,0.000000,0.000000,0.000000,0.000000,0.000000,0.000000,0.000000,0.000000,0.000000,Swing,0.000000,0.000000,0.000000,level walking,cop_invalid|low_pressure
1268,2026-05-14 23:00:10,63.400000,2026-5-14_levelground 2_left.csv,level_walking,0.000000,0.000000,0.000000,0.000000,0.000000,0.000000,0.000000,0.000000,0.000000,0.000000,0.000000,0.000000,0.000000,0.000000,0.000000,0.000000,0.000000,0.000000,0.000000,0.000000,0.000000,0.000000,0.000000,0.000000,0.000000,0.000000,0.000000,0.000000,0.000000,0.000000,Swing,0.000000,0.000000,0.000000,level walking,cop_invalid|low_pressure
1269,2026-05-14 23:00:10,63.450000,2026-5-14_levelground 2_left.csv,level_walking,0.000000,0.000000,0.000000,0.000000,0.000000,0.000000,0.000000,0.000000,0.000000,0.000000,0.000000,0.000000,0.000000,0.000000,0.000000,0.000000,0.000000,0.000000,0.000000,0.000000,0.000000,0.000000,0.000000,0.000000,0.000000,0.000000,0.000000,0.000000,0.000000,0.000000,Swing,0.000000,0.000000,0.000000,level walking,cop_invalid|low_pressure
1270,2026-05-14 23:00:10,63.500000,2026-5-14_levelground 2_left.csv,level_walking,0.000000,0.000000,0.000000,0.000000,0.000000,0.000000,0.000000,0.000000,0.000000,0.000000,0.000000,0.000000,0.000000,0.000000,0.000000,0.000000,0.000000,0.000000,0.000000,0.000000,0.000000,0.000000,0.000000,0.000000,0.000000,0.000000,0.000000,0.000000,0.000000,0.000000,Swing,0.000000,0.000000,0.000000,level walking,cop_invalid|low_pressure
1271,2026-05-14 23:00:10,63.550000,2026-5-14_levelground 2_left.csv,level_walking,0.000000,0.000000,0.000000,0.000000,0.000000,0.000000,0.000000,0.000000,0.000000,0.000000,0.000000,0.000000,0.000000,0.000000,0.000000,0.000000,0.000000,0.000000,0.000000,0.000000,0.000000,0.000000,0.000000,0.000000,0.000000,0.000000,0.000000,0.000000,0.000000,0.000000,Swing,0.000000,0.000000,0.000000,level walking,cop_invalid|low_pressure
1272,2026-05-14 23:00:10,63.600000,2026-5-14_levelground 2_left.csv,level_walking,0.000000,0.000000,0.000000,0.000000,0.000000,0.000000,0.000000,0.000000,0.000000,0.000000,0.000000,0.000000,0.000000,0.000000,0.000000,0.000000,0.000000,0.000000,0.000000,0.000000,0.000000,0.000000,0.000000,0.000000,0.000000,0.000000,0.000000,0.000000,0.000000,0.000000,Swing,0.000000,0.000000,0.000000,level walking,cop_invalid|low_pressure
1273,2026-05-14 23:00:10,63.650000,2026-5-14_levelground 2_left.csv,level_walking,0.000000,0.000000,0.000000,0.000000,0.000000,0.000000,0.000000,0.000000,0.000000,0.000000,0.000000,0.000000,0.000000,0.000000,0.000000,0.000000,0.000000,0.000000,0.000000,0.000000,0.000000,0.000000,0.000000,0.000000,0.000000,0.000000,0.000000,0.000000,0.000000,0.000000,Swing,0.000000,0.000000,0.000000,level walking,cop_invalid|low_pressure
1274,2026-05-14 23:00:10,63.700000,2026-5-14_levelground 2_left.csv,level_walking,0.000000,0.000000,0.000000,0.000000,0.000000,0.000000,0.000000,0.000000,0.000000,0.000000,0.000000,0.000000,0.000000,0.000000,0.000000,0.000000,0.000000,0.000000,0.000000,0.000000,0.000000,0.000000,0.000000,0.000000,0.000000,0.000000,0.000000,0.000000,0.000000,0.000000,Swing,0.000000,0.000000,0.000000,level walking,cop_invalid|low_pressure
1275,2026-05-14 23:00:10,63.750000,2026-5-14_levelground 2_left.csv,level_walking,0.000000,0.000000,0.000000,0.000000,0.000000,0.000000,0.000000,0.000000,0.000000,0.000000,0.000000,0.000000,0.000000,0.000000,0.000000,0.000000,0.000000,0.000000,0.000000,0.000000,0.000000,0.000000,0.000000,0.000000,0.000000,0.000000,0.000000,0.000000,0.000000,0.000000,Swing,0.000000,0.000000,0.000000,level walking,cop_invalid|low_pressure
1276,2026-05-14 23:00:10,63.800000,2026-5-14_levelground 2_left.csv,level_walking,0.000000,0.000000,0.000000,0.000000,0.000000,0.000000,0.000000,0.000000,0.000000,0.000000,0.000000,0.000000,0.000000,0.000000,0.000000,0.000000,0.000000,0.000000,0.000000,0.000000,0.000000,0.000000,0.000000,0.000000,0.000000,0.000000,0.000000,0.000000,0.000000,0.000000,Swing,0.000000,0.000000,0.000000,level walking,cop_invalid|low_pressure
1277,2026-05-14 23:00:10,63.850000,2026-5-14_levelground 2_left.csv,level_walking,0.000000,0.000000,0.000000,0.000000,0.000000,0.000000,0.000000,0.000000,0.000000,0.000000,0.000000,0.000000,0.000000,0.000000,0.000000,0.000000,0.000000,0.000000,0.000000,0.000000,0.000000,0.000000,0.000000,0.000000,0.000000,0.000000,0.000000,0.000000,0.000000,0.000000,Swing,0.000000,0.000000,0.000000,level walking,cop_invalid|low_pressure
1278,2026-05-14 23:00:10,63.900000,2026-5-14_levelground 2_left.csv,level_walking,0.000000,0.000000,0.000000,0.000000,0.000000,0.000000,0.000000,0.000000,0.000000,0.000000,0.000000,0.000000,0.000000,0.000000,0.000000,0.000000,0.000000,0.000000,0.000000,0.000000,0.000000,0.000000,0.000000,0.000000,0.000000,0.000000,0.000000,0.000000,0.000000,0.000000,Swing,0.000000,0.000000,0.000000,level walking,cop_invalid|low_pressure
1279,2026-05-14 23:00:10,63.950000,2026-5-14_levelground 2_left.csv,level_walking,0.000000,0.000000,0.000000,0.000000,0.000000,0.000000,0.000000,0.000000,0.000000,0.000000,0.000000,0.000000,0.000000,0.000000,0.000000,0.000000,0.000000,0.000000,0.000000,0.000000,0.000000,0.000000,0.000000,0.000000,0.000000,0.000000,0.000000,0.000000,0.000000,0.000000,Swing,0.000000,0.000000,0.000000,level walking,cop_invalid|low_pressure
1280,2026-05-14 23:00:10,64.000000,2026-5-14_levelground 2_left.csv,level_walking,0.000000,0.000000,0.000000,0.000000,0.000000,0.000000,0.000000,0.000000,0.000000,0.000000,0.000000,0.000000,0.000000,0.000000,0.000000,0.000000,0.000000,0.000000,0.000000,0.000000,0.000000,0.000000,0.000000,0.000000,0.000000,0.000000,0.000000,0.000000,0.000000,0.000000,Swing,0.000000,0.000000,0.000000,level walking,cop_invalid|low_pressure
1281,2026-05-14 23:00:10,64.050000,2026-5-14_levelground 2_left.csv,level_walking,0.000000,0.000000,0.000000,0.000000,0.000000,0.000000,0.000000,0.000000,0.000000,0.000000,0.000000,0.000000,0.000000,0.000000,0.000000,0.000000,0.000000,0.000000,0.000000,0.000000,0.000000,0.000000,0.000000,0.000000,0.000000,0.000000,0.000000,0.000000,0.000000,0.000000,Swing,0.000000,0.000000,0.000000,level walking,cop_invalid|low_pressure
1282,2026-05-14 23:00:10,64.100000,2026-5-14_levelground 2_left.csv,level_walking,0.000000,0.000000,0.000000,0.000000,0.000000,0.000000,0.000000,0.000000,0.000000,0.000000,0.000000,0.000000,0.000000,0.000000,0.000000,0.000000,0.000000,0.000000,0.000000,0.000000,0.000000,0.000000,0.000000,0.000000,0.000000,0.000000,0.000000,0.000000,0.000000,0.000000,Swing,0.000000,0.000000,0.000000,level walking,cop_invalid|low_pressure
1283,2026-05-14 23:00:11,64.150000,2026-5-14_levelground 2_left.csv,level_walking,0.000000,0.000000,0.000000,0.000000,0.000000,0.000000,0.000000,0.000000,0.000000,0.000000,0.000000,0.000000,0.000000,0.000000,0.000000,0.000000,0.000000,0.000000,0.000000,0.000000,0.000000,0.000000,0.000000,0.000000,0.000000,0.000000,0.000000,0.000000,0.000000,0.000000,Swing,0.000000,0.000000,0.000000,level walking,cop_invalid|low_pressure
1284,2026-05-14 23:00:11,64.200000,2026-5-14_levelground 2_left.csv,level_walking,0.000000,0.000000,0.000000,0.000000,0.000000,0.000000,0.000000,0.000000,0.000000,0.000000,0.000000,0.000000,0.000000,0.000000,0.000000,0.000000,0.000000,0.000000,0.000000,0.000000,0.000000,0.000000,0.000000,0.000000,0.000000,0.000000,0.000000,0.000000,0.000000,0.000000,Swing,0.000000,0.000000,0.000000,level walking,cop_invalid|low_pressure
1285,2026-05-14 23:00:11,64.250000,2026-5-14_levelground 2_left.csv,level_walking,0.000000,0.000000,0.000000,0.000000,0.000000,0.000000,0.000000,0.000000,0.000000,0.000000,0.000000,0.000000,0.000000,0.000000,0.000000,0.000000,0.000000,0.000000,0.000000,0.000000,0.000000,0.000000,0.000000,0.000000,0.000000,0.000000,0.000000,0.000000,0.000000,0.000000,Swing,0.000000,0.000000,0.000000,level walking,cop_invalid|low_pressure
1286,2026-05-14 23:00:11,64.300000,2026-5-14_levelground 2_left.csv,level_walking,0.000000,0.000000,0.000000,0.000000,0.000000,0.000000,0.000000,0.000000,0.000000,0.000000,0.000000,0.000000,0.000000,0.000000,0.000000,0.000000,0.000000,0.000000,0.000000,0.000000,0.000000,0.000000,0.000000,0.000000,0.000000,0.000000,0.000000,0.000000,0.000000,0.000000,Swing,0.000000,0.000000,0.000000,level walking,cop_invalid|low_pressure
1287,2026-05-14 23:00:11,64.350000,2026-5-14_levelground 2_left.csv,level_walking,0.000000,0.000000,0.000000,0.000000,0.000000,0.000000,0.000000,0.000000,0.000000,0.000000,0.000000,0.000000,0.000000,0.000000,0.000000,0.000000,0.000000,0.000000,0.000000,0.000000,0.000000,0.000000,0.000000,0.000000,0.000000,0.000000,0.000000,0.000000,0.000000,0.000000,Swing,0.000000,0.000000,0.000000,level walking,cop_invalid|low_pressure
1288,2026-05-14 23:00:11,64.400000,2026-5-14_levelground 2_left.csv,level_walking,0.000000,0.000000,0.000000,0.000000,0.000000,0.000000,0.000000,0.000000,0.000000,0.000000,0.000000,0.000000,0.000000,0.000000,0.000000,0.000000,0.000000,0.000000,0.000000,0.000000,0.000000,0.000000,0.000000,0.000000,0.000000,0.000000,0.000000,0.000000,0.000000,0.000000,Swing,0.000000,0.000000,0.000000,level walking,cop_invalid|low_pressure
1289,2026-05-14 23:00:11,64.450000,2026-5-14_levelground 2_left.csv,level_walking,0.000000,0.000000,0.000000,0.000000,0.000000,0.000000,0.000000,0.000000,0.000000,0.000000,0.000000,0.000000,0.000000,0.000000,0.000000,0.000000,0.000000,0.000000,0.000000,0.000000,0.000000,0.000000,0.000000,0.000000,0.000000,0.000000,0.000000,0.000000,0.000000,0.000000,Swing,0.000000,0.000000,0.000000,level walking,cop_invalid|low_pressure
1290,2026-05-14 23:00:11,64.500000,2026-5-14_levelground 2_left.csv,level_walking,0.000000,0.000000,0.000000,0.000000,0.000000,0.000000,0.000000,0.000000,0.000000,0.000000,0.000000,0.000000,0.000000,0.000000,0.000000,0.000000,0.000000,0.000000,0.000000,0.000000,0.000000,0.000000,0.000000,0.000000,0.000000,0.000000,0.000000,0.000000,0.000000,0.000000,Swing,0.000000,0.000000,0.000000,level walking,cop_invalid|low_pressure
1291,2026-05-14 23:00:11,64.550000,2026-5-14_levelground 2_left.csv,level_walking,0.000000,0.000000,0.000000,0.000000,0.000000,0.000000,0.000000,0.000000,0.000000,0.000000,0.000000,0.000000,0.000000,0.000000,0.000000,0.000000,0.000000,0.000000,0.000000,0.000000,0.000000,0.000000,0.000000,0.000000,0.000000,0.000000,0.000000,0.000000,0.000000,0.000000,Swing,0.000000,0.000000,0.000000,level walking,cop_invalid|low_pressure
1292,2026-05-14 23:00:11,64.600000,2026-5-14_levelground 2_left.csv,level_walking,0.000000,0.000000,0.000000,0.000000,0.000000,0.000000,0.000000,0.000000,0.000000,0.000000,0.000000,0.000000,0.000000,0.000000,0.000000,0.000000,0.000000,0.000000,0.000000,0.000000,0.000000,0.000000,0.000000,0.000000,0.000000,0.000000,0.000000,0.000000,0.000000,0.000000,Swing,0.000000,0.000000,0.000000,level walking,cop_invalid|low_pressure
1293,2026-05-14 23:00:11,64.650000,2026-5-14_levelground 2_left.csv,level_walking,0.000000,0.000000,0.000000,0.000000,0.000000,0.000000,0.000000,0.000000,0.000000,0.000000,0.000000,0.000000,0.000000,0.000000,0.000000,0.000000,0.000000,0.000000,0.000000,0.000000,0.000000,0.000000,0.000000,0.000000,0.000000,0.000000,0.000000,0.000000,0.000000,0.000000,Swing,0.000000,0.000000,0.000000,level walking,cop_invalid|low_pressure
1294,2026-05-14 23:00:11,64.700000,2026-5-14_levelground 2_left.csv,level_walking,0.000000,0.000000,0.000000,0.000000,0.000000,0.000000,0.000000,0.000000,0.000000,0.000000,0.000000,0.000000,0.000000,0.000000,0.000000,0.000000,0.000000,0.000000,0.000000,0.000000,0.000000,0.000000,0.000000,0.000000,0.000000,0.000000,0.000000,0.000000,0.000000,0.000000,Swing,0.000000,0.000000,0.000000,level walking,cop_invalid|low_pressure
1295,2026-05-14 23:00:11,64.750000,2026-5-14_levelground 2_left.csv,level_walking,0.000000,0.000000,0.000000,0.000000,0.000000,0.000000,0.000000,0.000000,0.000000,0.000000,0.000000,0.000000,0.000000,0.000000,0.000000,0.000000,0.000000,0.000000,0.000000,0.000000,0.000000,0.000000,0.000000,0.000000,0.000000,0.000000,0.000000,0.000000,0.000000,0.000000,Swing,0.000000,0.000000,0.000000,level walking,cop_invalid|low_pressure
1296,2026-05-14 23:00:11,64.800000,2026-5-14_levelground 2_left.csv,level_walking,0.000000,0.000000,0.000000,0.000000,0.000000,0.000000,0.000000,0.000000,0.000000,0.000000,0.000000,0.000000,0.000000,0.000000,0.000000,0.000000,0.000000,0.000000,0.000000,0.000000,0.000000,0.000000,0.000000,0.000000,0.000000,0.000000,0.000000,0.000000,0.000000,0.000000,Swing,0.000000,0.000000,0.000000,level walking,cop_invalid|low_pressure
1297,2026-05-14 23:00:11,64.850000,2026-5-14_levelground 2_left.csv,level_walking,0.000000,0.000000,0.000000,0.000000,0.000000,0.000000,0.000000,0.000000,0.000000,0.000000,0.000000,0.000000,0.000000,0.000000,0.000000,0.000000,0.000000,0.000000,0.000000,0.000000,0.000000,0.000000,0.000000,0.000000,0.000000,0.000000,0.000000,0.000000,0.000000,0.000000,Swing,0.000000,0.000000,0.000000,level walking,cop_invalid|low_pressure
1298,2026-05-14 23:00:11,64.900000,2026-5-14_levelground 2_left.csv,level_walking,0.000000,0.000000,0.000000,0.000000,0.000000,0.000000,0.000000,0.000000,0.000000,0.000000,0.000000,0.000000,0.000000,0.000000,0.000000,0.000000,0.000000,0.000000,0.000000,0.000000,0.000000,0.000000,0.000000,0.000000,0.000000,0.000000,0.000000,0.000000,0.000000,0.000000,Swing,0.000000,0.000000,0.000000,level walking,cop_invalid|low_pressure
1299,2026-05-14 23:00:11,64.950000,2026-5-14_levelground 2_left.csv,level_walking,0.000000,0.000000,0.000000,0.000000,0.000000,0.000000,0.000000,0.000000,0.000000,0.000000,0.000000,0.000000,0.000000,0.000000,0.000000,0.000000,0.000000,0.000000,0.000000,0.000000,0.000000,0.000000,0.000000,0.000000,0.000000,0.000000,0.000000,0.000000,0.000000,0.000000,Swing,0.000000,0.000000,0.000000,level walking,cop_invalid|low_pressure
1300,2026-05-14 23:00:11,65.000000,2026-5-14_levelground 2_left.csv,level_walking,0.000000,0.000000,0.000000,0.000000,0.000000,0.000000,0.000000,0.000000,0.000000,0.000000,0.000000,0.000000,0.000000,0.000000,0.000000,0.000000,0.000000,0.000000,0.000000,0.000000,0.000000,0.000000,0.000000,0.000000,0.000000,0.000000,0.000000,0.000000,0.000000,0.000000,Swing,0.000000,0.000000,0.000000,level walking,cop_invalid|low_pressure
1301,2026-05-14 23:00:11,65.050000,2026-5-14_levelground 2_left.csv,level_walking,0.000000,0.000000,0.000000,0.000000,0.000000,0.000000,0.000000,0.000000,0.000000,0.000000,0.000000,0.000000,0.000000,0.000000,0.000000,0.000000,0.000000,0.000000,0.000000,0.000000,0.000000,0.000000,0.000000,0.000000,0.000000,0.000000,0.000000,0.000000,0.000000,0.000000,Swing,0.000000,0.000000,0.000000,level walking,cop_invalid|low_pressure
1302,2026-05-14 23:00:11,65.100000,2026-5-14_levelground 2_left.csv,level_walking,0.000000,0.000000,0.000000,0.000000,0.000000,0.000000,0.000000,0.000000,0.000000,0.000000,0.000000,0.000000,0.000000,0.000000,0.000000,0.000000,0.000000,0.000000,0.000000,0.000000,0.000000,0.000000,0.000000,0.000000,0.000000,0.000000,0.000000,0.000000,0.000000,0.000000,Swing,0.000000,0.000000,0.000000,level walking,cop_invalid|low_pressure
1303,2026-05-14 23:00:12,65.150000,2026-5-14_levelground 2_left.csv,level_walking,0.000000,0.000000,0.000000,0.000000,0.000000,0.000000,0.000000,0.000000,0.000000,0.000000,0.000000,0.000000,0.000000,0.000000,0.000000,0.000000,0.000000,0.000000,0.000000,0.000000,0.000000,0.000000,0.000000,0.000000,0.000000,0.000000,0.000000,0.000000,0.000000,0.000000,Swing,0.000000,0.000000,0.000000,level walking,cop_invalid|low_pressure
1304,2026-05-14 23:00:12,65.200000,2026-5-14_levelground 2_left.csv,level_walking,0.000000,0.000000,0.000000,0.000000,0.000000,0.000000,0.000000,0.000000,0.000000,0.000000,0.000000,0.000000,0.000000,0.000000,0.000000,0.000000,0.000000,0.000000,0.000000,0.000000,0.000000,0.000000,0.000000,0.000000,0.000000,0.000000,0.000000,0.000000,0.000000,0.000000,Swing,0.000000,0.000000,0.000000,level walking,cop_invalid|low_pressure
1305,2026-05-14 23:00:12,65.250000,2026-5-14_levelground 2_left.csv,level_walking,0.000000,0.000000,0.000000,0.000000,0.000000,0.000000,0.000000,0.000000,0.000000,0.000000,0.000000,0.000000,0.000000,0.000000,0.000000,0.000000,0.000000,0.000000,0.000000,0.000000,0.000000,0.000000,0.000000,0.000000,0.000000,0.000000,0.000000,0.000000,0.000000,0.000000,Swing,0.000000,0.000000,0.000000,level walking,cop_invalid|low_pressure
1306,2026-05-14 23:00:12,65.300000,2026-5-14_levelground 2_left.csv,level_walking,0.000000,0.000000,0.000000,0.000000,0.000000,0.000000,0.000000,0.000000,0.000000,0.000000,0.000000,0.000000,0.000000,0.000000,0.000000,0.000000,0.000000,0.000000,0.000000,0.000000,0.000000,0.000000,0.000000,0.000000,0.000000,0.000000,0.000000,0.000000,0.000000,0.000000,Swing,0.000000,0.000000,0.000000,level walking,cop_invalid|low_pressure
1307,2026-05-14 23:00:12,65.350000,2026-5-14_levelground 2_left.csv,level_walking,0.000000,0.000000,0.000000,0.000000,0.000000,0.000000,0.000000,0.000000,0.000000,0.000000,0.000000,0.000000,0.000000,0.000000,0.000000,0.000000,0.000000,0.000000,0.000000,0.000000,0.000000,0.000000,0.000000,0.000000,0.000000,0.000000,0.000000,0.000000,0.000000,0.000000,Swing,0.000000,0.000000,0.000000,level walking,cop_invalid|low_pressure
1308,2026-05-14 23:00:12,65.400000,2026-5-14_levelground 2_left.csv,level_walking,0.000000,0.000000,0.000000,0.000000,0.000000,0.000000,0.000000,0.000000,0.000000,0.000000,0.000000,0.000000,0.000000,0.000000,0.000000,0.000000,0.000000,0.000000,0.000000,0.000000,0.000000,0.000000,0.000000,0.000000,0.000000,0.000000,0.000000,0.000000,0.000000,0.000000,Swing,0.000000,0.000000,0.000000,level walking,cop_invalid|low_pressure
1309,2026-05-14 23:00:12,65.450000,2026-5-14_levelground 2_left.csv,level_walking,0.000000,0.000000,0.000000,0.000000,0.000000,0.000000,0.000000,0.000000,0.000000,0.000000,0.000000,0.000000,0.000000,0.000000,0.000000,0.000000,0.000000,0.000000,0.000000,0.000000,0.000000,0.000000,0.000000,0.000000,0.000000,0.000000,0.000000,0.000000,0.000000,0.000000,Swing,0.000000,0.000000,0.000000,level walking,cop_invalid|low_pressure
1310,2026-05-14 23:00:12,65.500000,2026-5-14_levelground 2_left.csv,level_walking,0.000000,0.000000,0.000000,0.000000,0.000000,0.000000,0.000000,0.000000,0.000000,0.000000,0.000000,0.000000,0.000000,0.000000,0.000000,0.000000,0.000000,0.000000,0.000000,0.000000,0.000000,0.000000,0.000000,0.000000,0.000000,0.000000,0.000000,0.000000,0.000000,0.000000,Swing,0.000000,0.000000,0.000000,level walking,cop_invalid|low_pressure
1311,2026-05-14 23:00:12,65.550000,2026-5-14_levelground 2_left.csv,level_walking,0.000000,0.000000,0.000000,0.000000,0.000000,0.000000,0.000000,0.000000,0.000000,0.000000,0.000000,0.000000,0.000000,0.000000,0.000000,0.000000,0.000000,0.000000,0.000000,0.000000,0.000000,0.000000,0.000000,0.000000,0.000000,0.000000,0.000000,0.000000,0.000000,0.000000,Swing,0.000000,0.000000,0.000000,level walking,cop_invalid|low_pressure
1312,2026-05-14 23:00:12,65.600000,2026-5-14_levelground 2_left.csv,level_walking,0.000000,0.000000,0.000000,0.000000,0.000000,0.000000,0.000000,0.000000,0.000000,0.000000,0.000000,0.000000,0.000000,0.000000,0.000000,0.000000,0.000000,0.000000,0.000000,0.000000,0.000000,0.000000,0.000000,0.000000,0.000000,0.000000,0.000000,0.000000,0.000000,0.000000,Swing,0.000000,0.000000,0.000000,level walking,cop_invalid|low_pressure
1313,2026-05-14 23:00:12,65.650000,2026-5-14_levelground 2_left.csv,level_walking,0.000000,0.000000,0.000000,0.000000,0.000000,0.000000,0.000000,0.000000,0.000000,0.000000,0.000000,0.000000,0.000000,0.000000,0.000000,0.000000,0.000000,0.000000,0.000000,0.000000,0.000000,0.000000,0.000000,0.000000,0.000000,0.000000,0.000000,0.000000,0.000000,0.000000,Swing,0.000000,0.000000,0.000000,level walking,cop_invalid|low_pressure
1314,2026-05-14 23:00:12,65.700000,2026-5-14_levelground 2_left.csv,level_walking,0.000000,0.000000,0.000000,0.000000,0.000000,0.000000,0.000000,0.000000,0.000000,0.000000,0.000000,0.000000,0.000000,0.000000,0.000000,0.000000,0.000000,0.000000,0.000000,0.000000,0.000000,0.000000,0.000000,0.000000,0.000000,0.000000,0.000000,0.000000,0.000000,0.000000,Swing,0.000000,0.000000,0.000000,level walking,cop_invalid|low_pressure
1315,2026-05-14 23:00:12,65.750000,2026-5-14_levelground 2_left.csv,level_walking,0.000000,0.000000,0.000000,0.000000,0.000000,0.000000,0.000000,0.000000,0.000000,0.000000,0.000000,0.000000,0.000000,0.000000,0.000000,0.000000,0.000000,0.000000,0.000000,0.000000,0.000000,0.000000,0.000000,0.000000,0.000000,0.000000,0.000000,0.000000,0.000000,0.000000,Swing,0.000000,0.000000,0.000000,level walking,cop_invalid|low_pressure
1316,2026-05-14 23:00:12,65.800000,2026-5-14_levelground 2_left.csv,level_walking,0.000000,0.000000,0.000000,0.000000,0.000000,0.000000,0.000000,0.000000,0.000000,0.000000,0.000000,0.000000,0.000000,0.000000,0.000000,0.000000,0.000000,0.000000,0.000000,0.000000,0.000000,0.000000,0.000000,0.000000,0.000000,0.000000,0.000000,0.000000,0.000000,0.000000,Swing,0.000000,0.000000,0.000000,level walking,cop_invalid|low_pressure
1317,2026-05-14 23:00:12,65.850000,2026-5-14_levelground 2_left.csv,level_walking,0.000000,0.000000,0.000000,0.000000,0.000000,0.000000,0.000000,0.000000,0.000000,0.000000,0.000000,0.000000,0.000000,0.000000,0.000000,0.000000,0.000000,0.000000,0.000000,0.000000,0.000000,0.000000,0.000000,0.000000,0.000000,0.000000,0.000000,0.000000,0.000000,0.000000,Swing,0.000000,0.000000,0.000000,level walking,cop_invalid|low_pressure
1318,2026-05-14 23:00:12,65.900000,2026-5-14_levelground 2_left.csv,level_walking,0.000000,0.000000,0.000000,0.000000,0.000000,0.000000,0.000000,0.000000,0.000000,0.000000,0.000000,0.000000,0.000000,0.000000,0.000000,0.000000,0.000000,0.000000,0.000000,0.000000,0.000000,0.000000,0.000000,0.000000,0.000000,0.000000,0.000000,0.000000,0.000000,0.000000,Swing,0.000000,0.000000,0.000000,level walking,cop_invalid|low_pressure
1319,2026-05-14 23:00:12,65.950000,2026-5-14_levelground 2_left.csv,level_walking,0.000000,0.000000,0.000000,0.000000,0.000000,0.000000,0.000000,0.000000,0.000000,0.000000,0.000000,0.000000,0.000000,0.000000,0.000000,0.000000,0.000000,0.000000,0.000000,0.000000,0.000000,0.000000,0.000000,0.000000,0.000000,0.000000,0.000000,0.000000,0.000000,0.000000,Swing,0.000000,0.000000,0.000000,level walking,cop_invalid|low_pressure
1320,2026-05-14 23:00:12,66.000000,2026-5-14_levelground 2_left.csv,level_walking,0.000000,0.000000,0.000000,0.000000,0.000000,0.000000,0.000000,0.000000,0.000000,0.000000,0.000000,0.000000,0.000000,0.000000,0.000000,0.000000,0.000000,0.000000,0.000000,0.000000,0.000000,0.000000,0.000000,0.000000,0.000000,0.000000,0.000000,0.000000,0.000000,0.000000,Swing,0.000000,0.000000,0.000000,level walking,cop_invalid|low_pressure
1321,2026-05-14 23:00:12,66.050000,2026-5-14_levelground 2_left.csv,level_walking,0.000000,0.000000,0.000000,0.000000,0.000000,0.000000,0.000000,0.000000,0.000000,0.000000,0.000000,0.000000,0.000000,0.000000,0.000000,0.000000,0.000000,0.000000,0.000000,0.000000,0.000000,0.000000,0.000000,0.000000,0.000000,0.000000,0.000000,0.000000,0.000000,0.000000,Swing,0.000000,0.000000,0.000000,level walking,cop_invalid|low_pressure
1322,2026-05-14 23:00:12,66.100000,2026-5-14_levelground 2_left.csv,level_walking,0.000000,0.000000,0.000000,0.000000,0.000000,0.000000,0.000000,0.000000,0.000000,0.000000,0.000000,0.000000,0.000000,0.000000,0.000000,0.000000,0.000000,0.000000,0.000000,0.000000,0.000000,0.000000,0.000000,0.000000,0.000000,0.000000,0.000000,0.000000,0.000000,0.000000,Swing,0.000000,0.000000,0.000000,level walking,cop_invalid|low_pressure
1323,2026-05-14 23:00:13,66.150000,2026-5-14_levelground 2_left.csv,level_walking,0.000000,0.000000,0.000000,0.000000,0.000000,0.000000,0.000000,0.000000,0.000000,0.000000,0.000000,0.000000,0.000000,0.000000,0.000000,0.000000,0.000000,0.000000,0.000000,0.000000,0.000000,0.000000,0.000000,0.000000,0.000000,0.000000,0.000000,0.000000,0.000000,0.000000,Swing,0.000000,0.000000,0.000000,level walking,cop_invalid|low_pressure
1324,2026-05-14 23:00:13,66.200000,2026-5-14_levelground 2_left.csv,level_walking,0.000000,0.000000,0.000000,0.000000,0.000000,0.000000,0.000000,0.000000,0.000000,0.000000,0.000000,0.000000,0.000000,0.000000,0.000000,0.000000,0.000000,0.000000,0.000000,0.000000,0.000000,0.000000,0.000000,0.000000,0.000000,0.000000,0.000000,0.000000,0.000000,0.000000,Swing,0.000000,0.000000,0.000000,level walking,cop_invalid|low_pressure
1325,2026-05-14 23:00:13,66.250000,2026-5-14_levelground 2_left.csv,level_walking,0.000000,0.000000,0.000000,0.000000,0.000000,0.000000,0.000000,0.000000,0.000000,0.000000,0.000000,0.000000,0.000000,0.000000,0.000000,0.000000,0.000000,0.000000,0.000000,0.000000,0.000000,0.000000,0.000000,0.000000,0.000000,0.000000,0.000000,0.000000,0.000000,0.000000,Swing,0.000000,0.000000,0.000000,level walking,cop_invalid|low_pressure
1326,2026-05-14 23:00:13,66.300000,2026-5-14_levelground 2_left.csv,level_walking,0.000000,0.000000,0.000000,0.000000,0.000000,0.000000,0.000000,0.000000,0.000000,0.000000,0.000000,0.000000,0.000000,0.000000,0.000000,0.000000,0.000000,0.000000,0.000000,0.000000,0.000000,0.000000,0.000000,0.000000,0.000000,0.000000,0.000000,0.000000,0.000000,0.000000,Swing,0.000000,0.000000,0.000000,level walking,cop_invalid|low_pressure
1327,2026-05-14 23:00:13,66.350000,2026-5-14_levelground 2_left.csv,level_walking,0.000000,0.000000,0.000000,0.000000,0.000000,0.000000,0.000000,0.000000,0.000000,0.000000,0.000000,0.000000,0.000000,0.000000,0.000000,0.000000,0.000000,0.000000,0.000000,0.000000,0.000000,0.000000,0.000000,0.000000,0.000000,0.000000,0.000000,0.000000,0.000000,0.000000,Swing,0.000000,0.000000,0.000000,level walking,cop_invalid|low_pressure
1328,2026-05-14 23:00:13,66.400000,2026-5-14_levelground 2_left.csv,level_walking,0.000000,0.000000,0.000000,0.000000,0.000000,0.000000,0.000000,0.000000,0.000000,0.000000,0.000000,0.000000,0.000000,0.000000,0.000000,0.000000,0.000000,0.000000,0.000000,0.000000,0.000000,0.000000,0.000000,0.000000,0.000000,0.000000,0.000000,0.000000,0.000000,0.000000,Swing,0.000000,0.000000,0.000000,level walking,cop_invalid|low_pressure
1329,2026-05-14 23:00:13,66.450000,2026-5-14_levelground 2_left.csv,level_walking,0.000000,0.000000,0.000000,0.000000,0.000000,0.000000,0.000000,0.000000,0.000000,0.000000,0.000000,0.000000,0.000000,0.000000,0.000000,0.000000,0.000000,0.000000,0.000000,0.000000,0.000000,0.000000,0.000000,0.000000,0.000000,0.000000,0.000000,0.000000,0.000000,0.000000,Swing,0.000000,0.000000,0.000000,level walking,cop_invalid|low_pressure
1330,2026-05-14 23:00:13,66.500000,2026-5-14_levelground 2_left.csv,level_walking,0.000000,0.000000,0.000000,0.000000,0.000000,0.000000,0.000000,0.000000,0.000000,0.000000,0.000000,0.000000,0.000000,0.000000,0.000000,0.000000,0.000000,0.000000,0.000000,0.000000,0.000000,0.000000,0.000000,0.000000,0.000000,0.000000,0.000000,0.000000,0.000000,0.000000,Swing,0.000000,0.000000,0.000000,level walking,cop_invalid|low_pressure
1331,2026-05-14 23:00:13,66.550000,2026-5-14_levelground 2_left.csv,level_walking,0.000000,0.000000,0.000000,0.000000,0.000000,0.000000,0.000000,0.000000,0.000000,0.000000,0.000000,0.000000,0.000000,0.000000,0.000000,0.000000,0.000000,0.000000,0.000000,0.000000,0.000000,0.000000,0.000000,0.000000,0.000000,0.000000,0.000000,0.000000,0.000000,0.000000,Swing,0.000000,0.000000,0.000000,level walking,cop_invalid|low_pressure
1332,2026-05-14 23:00:13,66.600000,2026-5-14_levelground 2_left.csv,level_walking,0.000000,0.000000,0.000000,0.000000,0.000000,0.000000,0.000000,0.000000,0.000000,0.000000,0.000000,0.000000,0.000000,0.000000,0.000000,0.000000,0.000000,0.000000,0.000000,0.000000,0.000000,0.000000,0.000000,0.000000,0.000000,0.000000,0.000000,0.000000,0.000000,0.000000,Swing,0.000000,0.000000,0.000000,level walking,cop_invalid|low_pressure
1333,2026-05-14 23:00:13,66.650000,2026-5-14_levelground 2_left.csv,level_walking,0.000000,0.000000,0.000000,0.000000,0.000000,0.000000,0.000000,0.000000,0.000000,0.000000,0.000000,0.000000,0.000000,0.000000,0.000000,0.000000,0.000000,0.000000,0.000000,0.000000,0.000000,0.000000,0.000000,0.000000,0.000000,0.000000,0.000000,0.000000,0.000000,0.000000,Swing,0.000000,0.000000,0.000000,level walking,cop_invalid|low_pressure
1334,2026-05-14 23:00:13,66.700000,2026-5-14_levelground 2_left.csv,level_walking,0.000000,0.000000,0.000000,0.000000,0.000000,0.000000,0.000000,0.000000,0.000000,0.000000,0.000000,0.000000,0.000000,0.000000,0.000000,0.000000,0.000000,0.000000,0.000000,0.000000,0.000000,0.000000,0.000000,0.000000,0.000000,0.000000,0.000000,0.000000,0.000000,0.000000,Swing,0.000000,0.000000,0.000000,level walking,cop_invalid|low_pressure
1335,2026-05-14 23:00:13,66.750000,2026-5-14_levelground 2_left.csv,level_walking,0.000000,0.000000,0.000000,0.000000,0.000000,0.000000,0.000000,0.000000,0.000000,0.000000,0.000000,0.000000,0.000000,0.000000,0.000000,0.000000,0.000000,0.000000,0.000000,0.000000,0.000000,0.000000,0.000000,0.000000,0.000000,0.000000,0.000000,0.000000,0.000000,0.000000,Swing,0.000000,0.000000,0.000000,level walking,cop_invalid|low_pressure
1336,2026-05-14 23:00:13,66.800000,2026-5-14_levelground 2_left.csv,level_walking,0.000000,0.000000,0.000000,0.000000,0.000000,0.000000,0.000000,0.000000,0.000000,0.000000,0.000000,0.000000,0.000000,0.000000,0.000000,0.000000,0.000000,0.000000,0.000000,0.000000,0.000000,0.000000,0.000000,0.000000,0.000000,0.000000,0.000000,0.000000,0.000000,0.000000,Swing,0.000000,0.000000,0.000000,level walking,cop_invalid|low_pressure
1337,2026-05-14 23:00:13,66.850000,2026-5-14_levelground 2_left.csv,level_walking,0.000000,0.000000,0.000000,0.000000,0.000000,0.000000,0.000000,0.000000,0.000000,0.000000,0.000000,0.000000,0.000000,0.000000,0.000000,0.000000,0.000000,0.000000,0.000000,0.000000,0.000000,0.000000,0.000000,0.000000,0.000000,0.000000,0.000000,0.000000,0.000000,0.000000,Swing,0.000000,0.000000,0.000000,level walking,cop_invalid|low_pressure
1338,2026-05-14 23:00:13,66.900000,2026-5-14_levelground 2_left.csv,level_walking,0.000000,0.000000,0.000000,0.000000,0.000000,0.000000,0.000000,0.000000,0.000000,0.000000,0.000000,0.000000,0.000000,0.000000,0.000000,0.000000,0.000000,0.000000,0.000000,0.000000,0.000000,0.000000,0.000000,0.000000,0.000000,0.000000,0.000000,0.000000,0.000000,0.000000,Swing,0.000000,0.000000,0.000000,level walking,cop_invalid|low_pressure
1339,2026-05-14 23:00:13,66.950000,2026-5-14_levelground 2_left.csv,level_walking,0.000000,0.000000,0.000000,0.000000,0.000000,0.000000,0.000000,0.000000,0.000000,0.000000,0.000000,0.000000,0.000000,0.000000,0.000000,0.000000,0.000000,0.000000,0.000000,0.000000,0.000000,0.000000,0.000000,0.000000,0.000000,0.000000,0.000000,0.000000,0.000000,0.000000,Swing,0.000000,0.000000,0.000000,level walking,cop_invalid|low_pressure
1340,2026-05-14 23:00:13,67.000000,2026-5-14_levelground 2_left.csv,level_walking,0.000000,0.000000,0.000000,0.000000,0.000000,0.000000,0.000000,0.000000,0.000000,0.000000,0.000000,0.000000,0.000000,0.000000,0.000000,0.000000,0.000000,0.000000,0.000000,0.000000,0.000000,0.000000,0.000000,0.000000,0.000000,0.000000,0.000000,0.000000,0.000000,0.000000,Swing,0.000000,0.000000,0.000000,level walking,cop_invalid|low_pressure
1341,2026-05-14 23:00:13,67.050000,2026-5-14_levelground 2_left.csv,level_walking,0.000000,0.000000,0.000000,0.000000,0.000000,0.000000,0.000000,0.000000,0.000000,0.000000,0.000000,0.000000,0.000000,0.000000,0.000000,0.000000,0.000000,0.000000,0.000000,0.000000,0.000000,0.000000,0.000000,0.000000,0.000000,0.000000,0.000000,0.000000,0.000000,0.000000,Swing,0.000000,0.000000,0.000000,level walking,cop_invalid|low_pressure
1342,2026-05-14 23:00:13,67.100000,2026-5-14_levelground 2_left.csv,level_walking,0.000000,0.000000,0.000000,0.000000,0.000000,0.000000,0.000000,0.000000,0.000000,0.000000,0.000000,0.000000,0.000000,0.000000,0.000000,0.000000,0.000000,0.000000,0.000000,0.000000,0.000000,0.000000,0.000000,0.000000,0.000000,0.000000,0.000000,0.000000,0.000000,0.000000,Swing,0.000000,0.000000,0.000000,level walking,cop_invalid|low_pressure
1343,2026-05-14 23:00:14,67.150000,2026-5-14_levelground 2_left.csv,level_walking,0.000000,0.000000,0.000000,0.000000,0.000000,0.000000,0.000000,0.000000,0.000000,0.000000,0.000000,0.000000,0.000000,0.000000,0.000000,0.000000,0.000000,0.000000,0.000000,0.000000,0.000000,0.000000,0.000000,0.000000,0.000000,0.000000,0.000000,0.000000,0.000000,0.000000,Swing,0.000000,0.000000,0.000000,level walking,cop_invalid|low_pressure
1344,2026-05-14 23:00:14,67.200000,2026-5-14_levelground 2_left.csv,level_walking,0.000000,0.000000,0.000000,0.000000,0.000000,0.000000,0.000000,0.000000,0.000000,0.000000,0.000000,0.000000,0.000000,0.000000,0.000000,0.000000,0.000000,0.000000,0.000000,0.000000,0.000000,0.000000,0.000000,0.000000,0.000000,0.000000,0.000000,0.000000,0.000000,0.000000,Swing,0.000000,0.000000,0.000000,level walking,cop_invalid|low_pressure
1345,2026-05-14 23:00:14,67.250000,2026-5-14_levelground 2_left.csv,level_walking,0.000000,0.000000,0.000000,0.000000,0.000000,0.000000,0.000000,0.000000,0.000000,0.000000,0.000000,0.000000,0.000000,0.000000,0.000000,0.000000,0.000000,0.000000,0.000000,0.000000,0.000000,0.000000,0.000000,0.000000,0.000000,0.000000,0.000000,0.000000,0.000000,0.000000,Swing,0.000000,0.000000,0.000000,level walking,cop_invalid|low_pressure
1346,2026-05-14 23:00:14,67.300000,2026-5-14_levelground 2_left.csv,level_walking,0.000000,0.000000,0.000000,0.000000,0.000000,0.000000,0.000000,0.000000,0.000000,0.000000,0.000000,0.000000,0.000000,0.000000,0.000000,0.000000,0.000000,0.000000,0.000000,0.000000,0.000000,0.000000,0.000000,0.000000,0.000000,0.000000,0.000000,0.000000,0.000000,0.000000,Swing,0.000000,0.000000,0.000000,level walking,cop_invalid|low_pressure
1347,2026-05-14 23:00:14,67.350000,2026-5-14_levelground 2_left.csv,level_walking,0.000000,0.000000,0.000000,0.000000,0.000000,0.000000,0.000000,0.000000,0.000000,0.000000,0.000000,0.000000,0.000000,0.000000,0.000000,0.000000,0.000000,0.000000,0.000000,0.000000,0.000000,0.000000,0.000000,0.000000,0.000000,0.000000,0.000000,0.000000,0.000000,0.000000,Swing,0.000000,0.000000,0.000000,level walking,cop_invalid|low_pressure
1348,2026-05-14 23:00:14,67.400000,2026-5-14_levelground 2_left.csv,level_walking,0.000000,0.000000,0.000000,0.000000,0.000000,0.000000,0.000000,0.000000,0.000000,0.000000,0.000000,0.000000,0.000000,0.000000,0.000000,0.000000,0.000000,0.000000,0.000000,0.000000,0.000000,0.000000,0.000000,0.000000,0.000000,0.000000,0.000000,0.000000,0.000000,0.000000,Swing,0.000000,0.000000,0.000000,level walking,cop_invalid|low_pressure
1349,2026-05-14 23:00:14,67.450000,2026-5-14_levelground 2_left.csv,level_walking,0.000000,0.000000,0.000000,0.000000,0.000000,0.000000,0.000000,0.000000,0.000000,0.000000,0.000000,0.000000,0.000000,0.000000,0.000000,0.000000,0.000000,0.000000,0.000000,0.000000,0.000000,0.000000,0.000000,0.000000,0.000000,0.000000,0.000000,0.000000,0.000000,0.000000,Swing,0.000000,0.000000,0.000000,level walking,cop_invalid|low_pressure
1350,2026-05-14 23:00:14,67.500000,2026-5-14_levelground 2_left.csv,level_walking,0.000000,0.000000,0.000000,0.000000,0.000000,0.000000,0.000000,0.000000,0.000000,0.000000,0.000000,0.000000,0.000000,0.000000,0.000000,0.000000,0.000000,0.000000,0.000000,0.000000,0.000000,0.000000,0.000000,0.000000,0.000000,0.000000,0.000000,0.000000,0.000000,0.000000,Swing,0.000000,0.000000,0.000000,level walking,cop_invalid|low_pressure
1351,2026-05-14 23:00:14,67.550000,2026-5-14_levelground 2_left.csv,level_walking,0.000000,0.000000,0.000000,0.000000,0.000000,0.000000,0.000000,0.000000,0.000000,0.000000,0.000000,0.000000,0.000000,0.000000,0.000000,0.000000,0.000000,0.000000,0.000000,0.000000,0.000000,0.000000,0.000000,0.000000,0.000000,0.000000,0.000000,0.000000,0.000000,0.000000,Swing,0.000000,0.000000,0.000000,level walking,cop_invalid|low_pressure
1352,2026-05-14 23:00:14,67.600000,2026-5-14_levelground 2_left.csv,level_walking,0.000000,0.000000,0.000000,0.000000,0.000000,0.000000,0.000000,0.000000,0.000000,0.000000,0.000000,0.000000,0.000000,0.000000,0.000000,0.000000,0.000000,0.000000,0.000000,0.000000,0.000000,0.000000,0.000000,0.000000,0.000000,0.000000,0.000000,0.000000,0.000000,0.000000,Swing,0.000000,0.000000,0.000000,level walking,cop_invalid|low_pressure
1353,2026-05-14 23:00:14,67.650000,2026-5-14_levelground 2_left.csv,level_walking,0.000000,0.000000,0.000000,0.000000,0.000000,0.000000,0.000000,0.000000,0.000000,0.000000,0.000000,0.000000,0.000000,0.000000,0.000000,0.000000,0.000000,0.000000,0.000000,0.000000,0.000000,0.000000,0.000000,0.000000,0.000000,0.000000,0.000000,0.000000,0.000000,0.000000,Swing,0.000000,0.000000,0.000000,level walking,cop_invalid|low_pressure
1354,2026-05-14 23:00:14,67.700000,2026-5-14_levelground 2_left.csv,level_walking,0.000000,0.000000,0.000000,0.000000,0.000000,0.000000,0.000000,0.000000,0.000000,0.000000,0.000000,0.000000,0.000000,0.000000,0.000000,0.000000,0.000000,0.000000,0.000000,0.000000,0.000000,0.000000,0.000000,0.000000,0.000000,0.000000,0.000000,0.000000,0.000000,0.000000,Swing,0.000000,0.000000,0.000000,level walking,cop_invalid|low_pressure
1355,2026-05-14 23:00:14,67.750000,2026-5-14_levelground 2_left.csv,level_walking,0.000000,0.000000,0.000000,0.000000,0.000000,0.000000,0.000000,0.000000,0.000000,0.000000,0.000000,0.000000,0.000000,0.000000,0.000000,0.000000,0.000000,0.000000,0.000000,0.000000,0.000000,0.000000,0.000000,0.000000,0.000000,0.000000,0.000000,0.000000,0.000000,0.000000,Swing,0.000000,0.000000,0.000000,level walking,cop_invalid|low_pressure
1356,2026-05-14 23:00:14,67.800000,2026-5-14_levelground 2_left.csv,level_walking,0.000000,0.000000,0.000000,0.000000,0.000000,0.000000,0.000000,0.000000,0.000000,0.000000,0.000000,0.000000,0.000000,0.000000,0.000000,0.000000,0.000000,0.000000,0.000000,0.000000,0.000000,0.000000,0.000000,0.000000,0.000000,0.000000,0.000000,0.000000,0.000000,0.000000,Swing,0.000000,0.000000,0.000000,level walking,cop_invalid|low_pressure
1357,2026-05-14 23:00:14,67.850000,2026-5-14_levelground 2_left.csv,level_walking,0.000000,0.000000,0.000000,0.000000,0.000000,0.000000,0.000000,0.000000,0.000000,0.000000,0.000000,0.000000,0.000000,0.000000,0.000000,0.000000,0.000000,0.000000,0.000000,0.000000,0.000000,0.000000,0.000000,0.000000,0.000000,0.000000,0.000000,0.000000,0.000000,0.000000,Swing,0.000000,0.000000,0.000000,level walking,cop_invalid|low_pressure
1358,2026-05-14 23:00:14,67.900000,2026-5-14_levelground 2_left.csv,level_walking,0.000000,0.000000,0.000000,0.000000,0.000000,0.000000,0.000000,0.000000,0.000000,0.000000,0.000000,0.000000,0.000000,0.000000,0.000000,0.000000,0.000000,0.000000,0.000000,0.000000,0.000000,0.000000,0.000000,0.000000,0.000000,0.000000,0.000000,0.000000,0.000000,0.000000,Swing,0.000000,0.000000,0.000000,level walking,cop_invalid|low_pressure
1359,2026-05-14 23:00:14,67.950000,2026-5-14_levelground 2_left.csv,level_walking,0.000000,0.000000,0.000000,0.000000,0.000000,0.000000,0.000000,0.000000,0.000000,0.000000,0.000000,0.000000,0.000000,0.000000,0.000000,0.000000,0.000000,0.000000,0.000000,0.000000,0.000000,0.000000,0.000000,0.000000,0.000000,0.000000,0.000000,0.000000,0.000000,0.000000,Swing,0.000000,0.000000,0.000000,level walking,cop_invalid|low_pressure
1360,2026-05-14 23:00:14,68.000000,2026-5-14_levelground 2_left.csv,level_walking,0.000000,0.000000,0.000000,0.000000,0.000000,0.000000,0.000000,0.000000,0.000000,0.000000,0.000000,0.000000,0.000000,0.000000,0.000000,0.000000,0.000000,0.000000,0.000000,0.000000,0.000000,0.000000,0.000000,0.000000,0.000000,0.000000,0.000000,0.000000,0.000000,0.000000,Swing,0.000000,0.000000,0.000000,level walking,cop_invalid|low_pressure
1361,2026-05-14 23:00:14,68.050000,2026-5-14_levelground 2_left.csv,level_walking,0.000000,0.000000,0.000000,0.000000,0.000000,0.000000,0.000000,0.000000,0.000000,0.000000,0.000000,0.000000,0.000000,0.000000,0.000000,0.000000,0.000000,0.000000,0.000000,0.000000,0.000000,0.000000,0.000000,0.000000,0.000000,0.000000,0.000000,0.000000,0.000000,0.000000,Swing,0.000000,0.000000,0.000000,level walking,cop_invalid|low_pressure
1362,2026-05-14 23:00:14,68.100000,2026-5-14_levelground 2_left.csv,level_walking,0.000000,0.000000,0.000000,0.000000,0.000000,0.000000,0.000000,0.000000,0.000000,0.000000,0.000000,0.000000,0.000000,0.000000,0.000000,0.000000,0.000000,0.000000,0.000000,0.000000,0.000000,0.000000,0.000000,0.000000,0.000000,0.000000,0.000000,0.000000,0.000000,0.000000,Swing,0.000000,0.000000,0.000000,level walking,cop_invalid|low_pressure
1363,2026-05-14 23:00:15,68.150000,2026-5-14_levelground 2_left.csv,level_walking,0.000000,0.000000,0.000000,0.000000,0.000000,0.000000,0.000000,0.000000,0.000000,0.000000,0.000000,0.000000,0.000000,0.000000,0.000000,0.000000,0.000000,0.000000,0.000000,0.000000,0.000000,0.000000,0.000000,0.000000,0.000000,0.000000,0.000000,0.000000,0.000000,0.000000,Swing,0.000000,0.000000,0.000000,level walking,cop_invalid|low_pressure
1364,2026-05-14 23:00:15,68.200000,2026-5-14_levelground 2_left.csv,level_walking,0.000000,0.000000,0.000000,0.000000,0.000000,0.000000,0.000000,0.000000,0.000000,0.000000,0.000000,0.000000,0.000000,0.000000,0.000000,0.000000,0.000000,0.000000,0.000000,0.000000,0.000000,0.000000,0.000000,0.000000,0.000000,0.000000,0.000000,0.000000,0.000000,0.000000,Swing,0.000000,0.000000,0.000000,level walking,cop_invalid|low_pressure
1365,2026-05-14 23:00:15,68.250000,2026-5-14_levelground 2_left.csv,level_walking,0.000000,0.000000,0.000000,0.000000,0.000000,0.000000,0.000000,0.000000,0.000000,0.000000,0.000000,0.000000,0.000000,0.000000,0.000000,0.000000,0.000000,0.000000,0.000000,0.000000,0.000000,0.000000,0.000000,0.000000,0.000000,0.000000,0.000000,0.000000,0.000000,0.000000,Swing,0.000000,0.000000,0.000000,level walking,cop_invalid|low_pressure
1366,2026-05-14 23:00:15,68.300000,2026-5-14_levelground 2_left.csv,level_walking,0.000000,0.000000,0.000000,0.000000,0.000000,0.000000,0.000000,0.000000,0.000000,0.000000,0.000000,0.000000,0.000000,0.000000,0.000000,0.000000,0.000000,0.000000,0.000000,0.000000,0.000000,0.000000,0.000000,0.000000,0.000000,0.000000,0.000000,0.000000,0.000000,0.000000,Swing,0.000000,0.000000,0.000000,level walking,cop_invalid|low_pressure
1367,2026-05-14 23:00:15,68.350000,2026-5-14_levelground 2_left.csv,level_walking,0.000000,0.000000,0.000000,0.000000,0.000000,0.000000,0.000000,0.000000,0.000000,0.000000,0.000000,0.000000,0.000000,0.000000,0.000000,0.000000,0.000000,0.000000,0.000000,0.000000,0.000000,0.000000,0.000000,0.000000,0.000000,0.000000,0.000000,0.000000,0.000000,0.000000,Swing,0.000000,0.000000,0.000000,level walking,cop_invalid|low_pressure
1368,2026-05-14 23:00:15,68.400000,2026-5-14_levelground 2_left.csv,level_walking,0.000000,0.000000,0.000000,0.000000,0.000000,0.000000,0.000000,0.000000,0.000000,0.000000,0.000000,0.000000,0.000000,0.000000,0.000000,0.000000,0.000000,0.000000,0.000000,0.000000,0.000000,0.000000,0.000000,0.000000,0.000000,0.000000,0.000000,0.000000,0.000000,0.000000,Swing,0.000000,0.000000,0.000000,level walking,cop_invalid|low_pressure
1369,2026-05-14 23:00:15,68.450000,2026-5-14_levelground 2_left.csv,level_walking,0.000000,0.000000,0.000000,0.000000,0.000000,0.000000,0.000000,0.000000,0.000000,0.000000,0.000000,0.000000,0.000000,0.000000,0.000000,0.000000,0.000000,0.000000,0.000000,0.000000,0.000000,0.000000,0.000000,0.000000,0.000000,0.000000,0.000000,0.000000,0.000000,0.000000,Swing,0.000000,0.000000,0.000000,level walking,cop_invalid|low_pressure
1370,2026-05-14 23:00:15,68.500000,2026-5-14_levelground 2_left.csv,level_walking,0.000000,0.000000,0.000000,0.000000,0.000000,0.000000,0.000000,0.000000,0.000000,0.000000,0.000000,0.000000,0.000000,0.000000,0.000000,0.000000,0.000000,0.000000,0.000000,0.000000,0.000000,0.000000,0.000000,0.000000,0.000000,0.000000,0.000000,0.000000,0.000000,0.000000,Swing,0.000000,0.000000,0.000000,level walking,cop_invalid|low_pressure
1371,2026-05-14 23:00:15,68.550000,2026-5-14_levelground 2_left.csv,level_walking,0.000000,0.000000,0.000000,0.000000,0.000000,0.000000,0.000000,0.000000,0.000000,0.000000,0.000000,0.000000,0.000000,0.000000,0.000000,0.000000,0.000000,0.000000,0.000000,0.000000,0.000000,0.000000,0.000000,0.000000,0.000000,0.000000,0.000000,0.000000,0.000000,0.000000,Swing,0.000000,0.000000,0.000000,level walking,cop_invalid|low_pressure
1372,2026-05-14 23:00:15,68.600000,2026-5-14_levelground 2_left.csv,level_walking,0.000000,0.000000,0.000000,0.000000,0.000000,0.000000,0.000000,0.000000,0.000000,0.000000,0.000000,0.000000,0.000000,0.000000,0.000000,0.000000,0.000000,0.000000,0.000000,0.000000,0.000000,0.000000,0.000000,0.000000,0.000000,0.000000,0.000000,0.000000,0.000000,0.000000,Swing,0.000000,0.000000,0.000000,level walking,cop_invalid|low_pressure
1373,2026-05-14 23:00:15,68.650000,2026-5-14_levelground 2_left.csv,level_walking,0.000000,0.000000,0.000000,0.000000,0.000000,0.000000,0.000000,0.000000,0.000000,0.000000,0.000000,0.000000,0.000000,0.000000,0.000000,0.000000,0.000000,0.000000,0.000000,0.000000,0.000000,0.000000,0.000000,0.000000,0.000000,0.000000,0.000000,0.000000,0.000000,0.000000,Swing,0.000000,0.000000,0.000000,level walking,cop_invalid|low_pressure
1374,2026-05-14 23:00:15,68.700000,2026-5-14_levelground 2_left.csv,level_walking,0.000000,0.000000,0.000000,0.000000,0.000000,0.000000,0.000000,0.000000,0.000000,0.000000,0.000000,0.000000,0.000000,0.000000,0.000000,0.000000,0.000000,0.000000,0.000000,0.000000,0.000000,0.000000,0.000000,0.000000,0.000000,0.000000,0.000000,0.000000,0.000000,0.000000,Swing,0.000000,0.000000,0.000000,level walking,cop_invalid|low_pressure
1375,2026-05-14 23:00:15,68.750000,2026-5-14_levelground 2_left.csv,level_walking,0.000000,0.000000,0.000000,0.000000,0.000000,0.000000,0.000000,0.000000,0.000000,0.000000,0.000000,0.000000,0.000000,0.000000,0.000000,0.000000,0.000000,0.000000,0.000000,0.000000,0.000000,0.000000,0.000000,0.000000,0.000000,0.000000,0.000000,0.000000,0.000000,0.000000,Swing,0.000000,0.000000,0.000000,level walking,cop_invalid|low_pressure
1376,2026-05-14 23:00:15,68.800000,2026-5-14_levelground 2_left.csv,level_walking,0.000000,0.000000,0.000000,0.000000,0.000000,0.000000,0.000000,0.000000,0.000000,0.000000,0.000000,0.000000,0.000000,0.000000,0.000000,0.000000,0.000000,0.000000,0.000000,0.000000,0.000000,0.000000,0.000000,0.000000,0.000000,0.000000,0.000000,0.000000,0.000000,0.000000,Swing,0.000000,0.000000,0.000000,level walking,cop_invalid|low_pressure
1377,2026-05-14 23:00:15,68.850000,2026-5-14_levelground 2_left.csv,level_walking,0.000000,0.000000,0.000000,0.000000,0.000000,0.000000,0.000000,0.000000,0.000000,0.000000,0.000000,0.000000,0.000000,0.000000,0.000000,0.000000,0.000000,0.000000,0.000000,0.000000,0.000000,0.000000,0.000000,0.000000,0.000000,0.000000,0.000000,0.000000,0.000000,0.000000,Swing,0.000000,0.000000,0.000000,level walking,cop_invalid|low_pressure
1378,2026-05-14 23:00:15,68.900000,2026-5-14_levelground 2_left.csv,level_walking,0.000000,0.000000,0.000000,0.000000,0.000000,0.000000,0.000000,0.000000,0.000000,0.000000,0.000000,0.000000,0.000000,0.000000,0.000000,0.000000,0.000000,0.000000,0.000000,0.000000,0.000000,0.000000,0.000000,0.000000,0.000000,0.000000,0.000000,0.000000,0.000000,0.000000,Swing,0.000000,0.000000,0.000000,level walking,cop_invalid|low_pressure
1379,2026-05-14 23:00:15,68.950000,2026-5-14_levelground 2_left.csv,level_walking,0.000000,0.000000,0.000000,0.000000,0.000000,0.000000,0.000000,0.000000,0.000000,0.000000,0.000000,0.000000,0.000000,0.000000,0.000000,0.000000,0.000000,0.000000,0.000000,0.000000,0.000000,0.000000,0.000000,0.000000,0.000000,0.000000,0.000000,0.000000,0.000000,0.000000,Swing,0.000000,0.000000,0.000000,level walking,cop_invalid|low_pressure
1380,2026-05-14 23:00:15,69.000000,2026-5-14_levelground 2_left.csv,level_walking,0.000000,0.000000,0.000000,0.000000,0.000000,0.000000,0.000000,0.000000,0.000000,0.000000,0.000000,0.000000,0.000000,0.000000,0.000000,0.000000,0.000000,0.000000,0.000000,0.000000,0.000000,0.000000,0.000000,0.000000,0.000000,0.000000,0.000000,0.000000,0.000000,0.000000,Swing,0.000000,0.000000,0.000000,level walking,cop_invalid|low_pressure
1381,2026-05-14 23:00:15,69.050000,2026-5-14_levelground 2_left.csv,level_walking,0.000000,0.000000,0.000000,0.000000,0.000000,0.000000,0.000000,0.000000,0.000000,0.000000,0.000000,0.000000,0.000000,0.000000,0.000000,0.000000,0.000000,0.000000,0.000000,0.000000,0.000000,0.000000,0.000000,0.000000,0.000000,0.000000,0.000000,0.000000,0.000000,0.000000,Swing,0.000000,0.000000,0.000000,level walking,cop_invalid|low_pressure
1382,2026-05-14 23:00:15,69.100000,2026-5-14_levelground 2_left.csv,level_walking,0.000000,0.000000,0.000000,0.000000,0.000000,0.000000,0.000000,0.000000,0.000000,0.000000,0.000000,0.000000,0.000000,0.000000,0.000000,0.000000,0.000000,0.000000,0.000000,0.000000,0.000000,0.000000,0.000000,0.000000,0.000000,0.000000,0.000000,0.000000,0.000000,0.000000,Swing,0.000000,0.000000,0.000000,level walking,cop_invalid|low_pressure
1383,2026-05-14 23:00:16,69.150000,2026-5-14_levelground 2_left.csv,level_walking,0.000000,0.000000,0.000000,0.000000,0.000000,0.000000,0.000000,0.000000,0.000000,0.000000,0.000000,0.000000,0.000000,0.000000,0.000000,0.000000,0.000000,0.000000,0.000000,0.000000,0.000000,0.000000,0.000000,0.000000,0.000000,0.000000,0.000000,0.000000,0.000000,0.000000,Swing,0.000000,0.000000,0.000000,level walking,cop_invalid|low_pressure
1384,2026-05-14 23:00:16,69.200000,2026-5-14_levelground 2_left.csv,level_walking,0.000000,0.000000,0.000000,0.000000,0.000000,0.000000,0.000000,0.000000,0.000000,0.000000,0.000000,0.000000,0.000000,0.000000,0.000000,0.000000,0.000000,0.000000,0.000000,0.000000,0.000000,0.000000,0.000000,0.000000,0.000000,0.000000,0.000000,0.000000,0.000000,0.000000,Swing,0.000000,0.000000,0.000000,level walking,cop_invalid|low_pressure
1385,2026-05-14 23:00:16,69.250000,2026-5-14_levelground 2_left.csv,level_walking,0.000000,0.000000,0.000000,0.000000,0.000000,0.000000,0.000000,0.000000,0.000000,0.000000,0.000000,0.000000,0.000000,0.000000,0.000000,0.000000,0.000000,0.000000,0.000000,0.000000,0.000000,0.000000,0.000000,0.000000,0.000000,0.000000,0.000000,0.000000,0.000000,0.000000,Swing,0.000000,0.000000,0.000000,level walking,cop_invalid|low_pressure
1386,2026-05-14 23:00:16,69.300000,2026-5-14_levelground 2_left.csv,level_walking,0.000000,0.000000,0.000000,0.000000,0.000000,0.000000,0.000000,0.000000,0.000000,0.000000,0.000000,0.000000,0.000000,0.000000,0.000000,0.000000,0.000000,0.000000,0.000000,0.000000,0.000000,0.000000,0.000000,0.000000,0.000000,0.000000,0.000000,0.000000,0.000000,0.000000,Swing,0.000000,0.000000,0.000000,level walking,cop_invalid|low_pressure
1387,2026-05-14 23:00:16,69.350000,2026-5-14_levelground 2_left.csv,level_walking,0.000000,0.000000,0.000000,0.000000,0.000000,0.000000,0.000000,0.000000,0.000000,0.000000,0.000000,0.000000,0.000000,0.000000,0.000000,0.000000,0.000000,0.000000,0.000000,0.000000,0.000000,0.000000,0.000000,0.000000,0.000000,0.000000,0.000000,0.000000,0.000000,0.000000,Swing,0.000000,0.000000,0.000000,level walking,cop_invalid|low_pressure
1388,2026-05-14 23:00:16,69.400000,2026-5-14_levelground 2_left.csv,level_walking,0.000000,0.000000,0.000000,0.000000,0.000000,0.000000,0.000000,0.000000,0.000000,0.000000,0.000000,0.000000,0.000000,0.000000,0.000000,0.000000,0.000000,0.000000,0.000000,0.000000,0.000000,0.000000,0.000000,0.000000,0.000000,0.000000,0.000000,0.000000,0.000000,0.000000,Swing,0.000000,0.000000,0.000000,level walking,cop_invalid|low_pressure
1389,2026-05-14 23:00:16,69.450000,2026-5-14_levelground 2_left.csv,level_walking,0.000000,0.000000,0.000000,0.000000,0.000000,0.000000,0.000000,0.000000,0.000000,0.000000,0.000000,0.000000,0.000000,0.000000,0.000000,0.000000,0.000000,0.000000,0.000000,0.000000,0.000000,0.000000,0.000000,0.000000,0.000000,0.000000,0.000000,0.000000,0.000000,0.000000,Swing,0.000000,0.000000,0.000000,level walking,cop_invalid|low_pressure
1390,2026-05-14 23:00:16,69.500000,2026-5-14_levelground 2_left.csv,level_walking,0.000000,0.000000,0.000000,0.000000,0.000000,0.000000,0.000000,0.000000,0.000000,0.000000,0.000000,0.000000,0.000000,0.000000,0.000000,0.000000,0.000000,0.000000,0.000000,0.000000,0.000000,0.000000,0.000000,0.000000,0.000000,0.000000,0.000000,0.000000,0.000000,0.000000,Swing,0.000000,0.000000,0.000000,level walking,cop_invalid|low_pressure
1391,2026-05-14 23:00:16,69.550000,2026-5-14_levelground 2_left.csv,level_walking,0.000000,0.000000,0.000000,0.000000,0.000000,0.000000,0.000000,0.000000,0.000000,0.000000,0.000000,0.000000,0.000000,0.000000,0.000000,0.000000,0.000000,0.000000,0.000000,0.000000,0.000000,0.000000,0.000000,0.000000,0.000000,0.000000,0.000000,0.000000,0.000000,0.000000,Swing,0.000000,0.000000,0.000000,level walking,cop_invalid|low_pressure
1392,2026-05-14 23:00:16,69.600000,2026-5-14_levelground 2_left.csv,level_walking,0.000000,0.000000,0.000000,0.000000,0.000000,0.000000,0.000000,0.000000,0.000000,0.000000,0.000000,0.000000,0.000000,0.000000,0.000000,0.000000,0.000000,0.000000,0.000000,0.000000,0.000000,0.000000,0.000000,0.000000,0.000000,0.000000,0.000000,0.000000,0.000000,0.000000,Swing,0.000000,0.000000,0.000000,level walking,cop_invalid|low_pressure
1393,2026-05-14 23:00:16,69.650000,2026-5-14_levelground 2_left.csv,level_walking,0.000000,0.000000,0.000000,0.000000,0.000000,0.000000,0.000000,0.000000,0.000000,0.000000,0.000000,0.000000,0.000000,0.000000,0.000000,0.000000,0.000000,0.000000,0.000000,0.000000,0.000000,0.000000,0.000000,0.000000,0.000000,0.000000,0.000000,0.000000,0.000000,0.000000,Swing,0.000000,0.000000,0.000000,level walking,cop_invalid|low_pressure
1394,2026-05-14 23:00:16,69.700000,2026-5-14_levelground 2_left.csv,level_walking,0.000000,0.000000,0.000000,0.000000,0.000000,0.000000,0.000000,0.000000,0.000000,0.000000,0.000000,0.000000,0.000000,0.000000,0.000000,0.000000,0.000000,0.000000,0.000000,0.000000,0.000000,0.000000,0.000000,0.000000,0.000000,0.000000,0.000000,0.000000,0.000000,0.000000,Swing,0.000000,0.000000,0.000000,level walking,cop_invalid|low_pressure
1395,2026-05-14 23:00:16,69.750000,2026-5-14_levelground 2_left.csv,level_walking,0.000000,0.000000,0.000000,0.000000,0.000000,0.000000,0.000000,0.000000,0.000000,0.000000,0.000000,0.000000,0.000000,0.000000,0.000000,0.000000,0.000000,0.000000,0.000000,0.000000,0.000000,0.000000,0.000000,0.000000,0.000000,0.000000,0.000000,0.000000,0.000000,0.000000,Swing,0.000000,0.000000,0.000000,level walking,cop_invalid|low_pressure
1396,2026-05-14 23:00:16,69.800000,2026-5-14_levelground 2_left.csv,level_walking,0.000000,0.000000,0.000000,0.000000,0.000000,0.000000,0.000000,0.000000,0.000000,0.000000,0.000000,0.000000,0.000000,0.000000,0.000000,0.000000,0.000000,0.000000,0.000000,0.000000,0.000000,0.000000,0.000000,0.000000,0.000000,0.000000,0.000000,0.000000,0.000000,0.000000,Swing,0.000000,0.000000,0.000000,level walking,cop_invalid|low_pressure
1397,2026-05-14 23:00:16,69.850000,2026-5-14_levelground 2_left.csv,level_walking,0.000000,0.000000,0.000000,0.000000,0.000000,0.000000,0.000000,0.000000,0.000000,0.000000,0.000000,0.000000,0.000000,0.000000,0.000000,0.000000,0.000000,0.000000,0.000000,0.000000,0.000000,0.000000,0.000000,0.000000,0.000000,0.000000,0.000000,0.000000,0.000000,0.000000,Swing,0.000000,0.000000,0.000000,level walking,cop_invalid|low_pressure
1398,2026-05-14 23:00:16,69.900000,2026-5-14_levelground 2_left.csv,level_walking,0.000000,0.000000,0.000000,0.000000,0.000000,0.000000,0.000000,0.000000,0.000000,0.000000,0.000000,0.000000,0.000000,0.000000,0.000000,0.000000,0.000000,0.000000,0.000000,0.000000,0.000000,0.000000,0.000000,0.000000,0.000000,0.000000,0.000000,0.000000,0.000000,0.000000,Swing,0.000000,0.000000,0.000000,level walking,cop_invalid|low_pressure
1399,2026-05-14 23:00:16,69.950000,2026-5-14_levelground 2_left.csv,level_walking,0.000000,0.000000,0.000000,0.000000,0.000000,0.000000,0.000000,0.000000,0.000000,0.000000,0.000000,0.000000,0.000000,0.000000,0.000000,0.000000,0.000000,0.000000,0.000000,0.000000,0.000000,0.000000,0.000000,0.000000,0.000000,0.000000,0.000000,0.000000,0.000000,0.000000,Swing,0.000000,0.000000,0.000000,level walking,cop_invalid|low_pressure
1400,2026-05-14 23:00:16,70.000000,2026-5-14_levelground 2_left.csv,level_walking,0.000000,0.000000,0.000000,0.000000,0.000000,0.000000,0.000000,0.000000,0.000000,0.000000,0.000000,0.000000,0.000000,0.000000,0.000000,0.000000,0.000000,0.000000,0.000000,0.000000,0.000000,0.000000,0.000000,0.000000,0.000000,0.000000,0.000000,0.000000,0.000000,0.000000,Swing,0.000000,0.000000,0.000000,level walking,cop_invalid|low_pressure
1401,2026-05-14 23:00:16,70.050000,2026-5-14_levelground 2_left.csv,level_walking,0.000000,0.000000,0.000000,0.000000,0.000000,0.000000,0.000000,0.000000,0.000000,0.000000,0.000000,0.000000,0.000000,0.000000,0.000000,0.000000,0.000000,0.000000,0.000000,0.000000,0.000000,0.000000,0.000000,0.000000,0.000000,0.000000,0.000000,0.000000,0.000000,0.000000,Swing,0.000000,0.000000,0.000000,level walking,cop_invalid|low_pressure
1402,2026-05-14 23:00:16,70.100000,2026-5-14_levelground 2_left.csv,level_walking,0.000000,0.000000,0.000000,0.000000,0.000000,0.000000,0.000000,0.000000,0.000000,0.000000,0.000000,0.000000,0.000000,0.000000,0.000000,0.000000,0.000000,0.000000,0.000000,0.000000,0.000000,0.000000,0.000000,0.000000,0.000000,0.000000,0.000000,0.000000,0.000000,0.000000,Swing,0.000000,0.000000,0.000000,level walking,cop_invalid|low_pressure
1403,2026-05-14 23:00:17,70.150000,2026-5-14_levelground 2_left.csv,level_walking,0.000000,0.000000,0.000000,0.000000,0.000000,0.000000,0.000000,0.000000,0.000000,0.000000,0.000000,0.000000,0.000000,0.000000,0.000000,0.000000,0.000000,0.000000,0.000000,0.000000,0.000000,0.000000,0.000000,0.000000,0.000000,0.000000,0.000000,0.000000,0.000000,0.000000,Swing,0.000000,0.000000,0.000000,level walking,cop_invalid|low_pressure
1404,2026-05-14 23:00:17,70.200000,2026-5-14_levelground 2_left.csv,level_walking,0.000000,0.000000,0.000000,0.000000,0.000000,0.000000,0.000000,0.000000,0.000000,0.000000,0.000000,0.000000,0.000000,0.000000,0.000000,0.000000,0.000000,0.000000,0.000000,0.000000,0.000000,0.000000,0.000000,0.000000,0.000000,0.000000,0.000000,0.000000,0.000000,0.000000,Swing,0.000000,0.000000,0.000000,level walking,cop_invalid|low_pressure
1405,2026-05-14 23:00:17,70.250000,2026-5-14_levelground 2_left.csv,level_walking,0.000000,0.000000,0.000000,0.000000,0.000000,0.000000,0.000000,0.000000,0.000000,0.000000,0.000000,0.000000,0.000000,0.000000,0.000000,0.000000,0.000000,0.000000,0.000000,0.000000,0.000000,0.000000,0.000000,0.000000,0.000000,0.000000,0.000000,0.000000,0.000000,0.000000,Swing,0.000000,0.000000,0.000000,level walking,cop_invalid|low_pressure
1406,2026-05-14 23:00:17,70.300000,2026-5-14_levelground 2_left.csv,level_walking,0.000000,0.000000,0.000000,0.000000,0.000000,0.000000,0.000000,0.000000,0.000000,0.000000,0.000000,0.000000,0.000000,0.000000,0.000000,0.000000,0.000000,0.000000,0.000000,0.000000,0.000000,0.000000,0.000000,0.000000,0.000000,0.000000,0.000000,0.000000,0.000000,0.000000,Swing,0.000000,0.000000,0.000000,level walking,cop_invalid|low_pressure
1407,2026-05-14 23:00:17,70.350000,2026-5-14_levelground 2_left.csv,level_walking,0.000000,0.000000,0.000000,0.000000,0.000000,0.000000,0.000000,0.000000,0.000000,0.000000,0.000000,0.000000,0.000000,0.000000,0.000000,0.000000,0.000000,0.000000,0.000000,0.000000,0.000000,0.000000,0.000000,0.000000,0.000000,0.000000,0.000000,0.000000,0.000000,0.000000,Swing,0.000000,0.000000,0.000000,level walking,cop_invalid|low_pressure
1408,2026-05-14 23:00:17,70.400000,2026-5-14_levelground 2_left.csv,level_walking,0.000000,0.000000,0.000000,0.000000,0.000000,0.000000,0.000000,0.000000,0.000000,0.000000,0.000000,0.000000,0.000000,0.000000,0.000000,0.000000,0.000000,0.000000,0.000000,0.000000,0.000000,0.000000,0.000000,0.000000,0.000000,0.000000,0.000000,0.000000,0.000000,0.000000,Swing,0.000000,0.000000,0.000000,level walking,cop_invalid|low_pressure
1409,2026-05-14 23:00:17,70.450000,2026-5-14_levelground 2_left.csv,level_walking,0.000000,0.000000,0.000000,0.000000,0.000000,0.000000,0.000000,0.000000,0.000000,0.000000,0.000000,0.000000,0.000000,0.000000,0.000000,0.000000,0.000000,0.000000,0.000000,0.000000,0.000000,0.000000,0.000000,0.000000,0.000000,0.000000,0.000000,0.000000,0.000000,0.000000,Swing,0.000000,0.000000,0.000000,level walking,cop_invalid|low_pressure
1410,2026-05-14 23:00:17,70.500000,2026-5-14_levelground 2_left.csv,level_walking,0.000000,0.000000,0.000000,0.000000,0.000000,0.000000,0.000000,0.000000,0.000000,0.000000,0.000000,0.000000,0.000000,0.000000,0.000000,0.000000,0.000000,0.000000,0.000000,0.000000,0.000000,0.000000,0.000000,0.000000,0.000000,0.000000,0.000000,0.000000,0.000000,0.000000,Swing,0.000000,0.000000,0.000000,level walking,cop_invalid|low_pressure
1411,2026-05-14 23:00:17,70.550000,2026-5-14_levelground 2_left.csv,level_walking,0.000000,0.000000,0.000000,0.000000,0.000000,0.000000,0.000000,0.000000,0.000000,0.000000,0.000000,0.000000,0.000000,0.000000,0.000000,0.000000,0.000000,0.000000,0.000000,0.000000,0.000000,0.000000,0.000000,0.000000,0.000000,0.000000,0.000000,0.000000,0.000000,0.000000,Swing,0.000000,0.000000,0.000000,level walking,cop_invalid|low_pressure
1412,2026-05-14 23:00:17,70.600000,2026-5-14_levelground 2_left.csv,level_walking,0.000000,0.000000,0.000000,0.000000,0.000000,0.000000,0.000000,0.000000,0.000000,0.000000,0.000000,0.000000,0.000000,0.000000,0.000000,0.000000,0.000000,0.000000,0.000000,0.000000,0.000000,0.000000,0.000000,0.000000,0.000000,0.000000,0.000000,0.000000,0.000000,0.000000,Swing,0.000000,0.000000,0.000000,level walking,cop_invalid|low_pressure
1413,2026-05-14 23:00:17,70.650000,2026-5-14_levelground 2_left.csv,level_walking,0.000000,0.000000,0.000000,0.000000,0.000000,0.000000,0.000000,0.000000,0.000000,0.000000,0.000000,0.000000,0.000000,0.000000,0.000000,0.000000,0.000000,0.000000,0.000000,0.000000,0.000000,0.000000,0.000000,0.000000,0.000000,0.000000,0.000000,0.000000,0.000000,0.000000,Swing,0.000000,0.000000,0.000000,level walking,cop_invalid|low_pressure
1414,2026-05-14 23:00:17,70.700000,2026-5-14_levelground 2_left.csv,level_walking,0.000000,0.000000,0.000000,0.000000,0.000000,0.000000,0.000000,0.000000,0.000000,0.000000,0.000000,0.000000,0.000000,0.000000,0.000000,0.000000,0.000000,0.000000,0.000000,0.000000,0.000000,0.000000,0.000000,0.000000,0.000000,0.000000,0.000000,0.000000,0.000000,0.000000,Swing,0.000000,0.000000,0.000000,level walking,cop_invalid|low_pressure
1415,2026-05-14 23:00:17,70.750000,2026-5-14_levelground 2_left.csv,level_walking,0.000000,0.000000,0.000000,0.000000,0.000000,0.000000,0.000000,0.000000,0.000000,0.000000,0.000000,0.000000,0.000000,0.000000,0.000000,0.000000,0.000000,0.000000,0.000000,0.000000,0.000000,0.000000,0.000000,0.000000,0.000000,0.000000,0.000000,0.000000,0.000000,0.000000,Swing,0.000000,0.000000,0.000000,level walking,cop_invalid|low_pressure
1416,2026-05-14 23:00:17,70.800000,2026-5-14_levelground 2_left.csv,level_walking,0.000000,0.000000,0.000000,0.000000,0.000000,0.000000,0.000000,0.000000,0.000000,0.000000,0.000000,0.000000,0.000000,0.000000,0.000000,0.000000,0.000000,0.000000,0.000000,0.000000,0.000000,0.000000,0.000000,0.000000,0.000000,0.000000,0.000000,0.000000,0.000000,0.000000,Swing,0.000000,0.000000,0.000000,level walking,cop_invalid|low_pressure
1417,2026-05-14 23:00:17,70.850000,2026-5-14_levelground 2_left.csv,level_walking,0.000000,0.000000,0.000000,0.000000,0.000000,0.000000,0.000000,0.000000,0.000000,0.000000,0.000000,0.000000,0.000000,0.000000,0.000000,0.000000,0.000000,0.000000,0.000000,0.000000,0.000000,0.000000,0.000000,0.000000,0.000000,0.000000,0.000000,0.000000,0.000000,0.000000,Swing,0.000000,0.000000,0.000000,level walking,cop_invalid|low_pressure
1418,2026-05-14 23:00:17,70.900000,2026-5-14_levelground 2_left.csv,level_walking,0.000000,0.000000,0.000000,0.000000,0.000000,0.000000,0.000000,0.000000,0.000000,0.000000,0.000000,0.000000,0.000000,0.000000,0.000000,0.000000,0.000000,0.000000,0.000000,0.000000,0.000000,0.000000,0.000000,0.000000,0.000000,0.000000,0.000000,0.000000,0.000000,0.000000,Swing,0.000000,0.000000,0.000000,level walking,cop_invalid|low_pressure
1419,2026-05-14 23:00:17,70.950000,2026-5-14_levelground 2_left.csv,level_walking,0.000000,0.000000,0.000000,0.000000,0.000000,0.000000,0.000000,0.000000,0.000000,0.000000,0.000000,0.000000,0.000000,0.000000,0.000000,0.000000,0.000000,0.000000,0.000000,0.000000,0.000000,0.000000,0.000000,0.000000,0.000000,0.000000,0.000000,0.000000,0.000000,0.000000,Swing,0.000000,0.000000,0.000000,level walking,cop_invalid|low_pressure
1420,2026-05-14 23:00:17,71.000000,2026-5-14_levelground 2_left.csv,level_walking,0.000000,0.000000,0.000000,0.000000,0.000000,0.000000,0.000000,0.000000,0.000000,0.000000,0.000000,0.000000,0.000000,0.000000,0.000000,0.000000,0.000000,0.000000,0.000000,0.000000,0.000000,0.000000,0.000000,0.000000,0.000000,0.000000,0.000000,0.000000,0.000000,0.000000,Swing,0.000000,0.000000,0.000000,level walking,cop_invalid|low_pressure
1421,2026-05-14 23:00:17,71.050000,2026-5-14_levelground 2_left.csv,level_walking,0.000000,0.000000,0.000000,0.000000,0.000000,0.000000,0.000000,0.000000,0.000000,0.000000,0.000000,0.000000,0.000000,0.000000,0.000000,0.000000,0.000000,0.000000,0.000000,0.000000,0.000000,0.000000,0.000000,0.000000,0.000000,0.000000,0.000000,0.000000,0.000000,0.000000,Swing,0.000000,0.000000,0.000000,level walking,cop_invalid|low_pressure
1422,2026-05-14 23:00:17,71.100000,2026-5-14_levelground 2_left.csv,level_walking,0.000000,0.000000,0.000000,0.000000,0.000000,0.000000,0.000000,0.000000,0.000000,0.000000,0.000000,0.000000,0.000000,0.000000,0.000000,0.000000,0.000000,0.000000,0.000000,0.000000,0.000000,0.000000,0.000000,0.000000,0.000000,0.000000,0.000000,0.000000,0.000000,0.000000,Swing,0.000000,0.000000,0.000000,level walking,cop_invalid|low_pressure
1423,2026-05-14 23:00:18,71.150000,2026-5-14_levelground 2_left.csv,level_walking,0.000000,0.000000,0.000000,0.000000,0.000000,0.000000,0.000000,0.000000,0.000000,0.000000,0.000000,0.000000,0.000000,0.000000,0.000000,0.000000,0.000000,0.000000,0.000000,0.000000,0.000000,0.000000,0.000000,0.000000,0.000000,0.000000,0.000000,0.000000,0.000000,0.000000,Swing,0.000000,0.000000,0.000000,level walking,cop_invalid|low_pressure
1424,2026-05-14 23:00:18,71.200000,2026-5-14_levelground 2_left.csv,level_walking,0.000000,0.000000,0.000000,0.000000,0.000000,0.000000,0.000000,0.000000,0.000000,0.000000,0.000000,0.000000,0.000000,0.000000,0.000000,0.000000,0.000000,0.000000,0.000000,0.000000,0.000000,0.000000,0.000000,0.000000,0.000000,0.000000,0.000000,0.000000,0.000000,0.000000,Swing,0.000000,0.000000,0.000000,level walking,cop_invalid|low_pressure
1425,2026-05-14 23:00:18,71.250000,2026-5-14_levelground 2_left.csv,level_walking,0.000000,0.000000,0.000000,0.000000,0.000000,0.000000,0.000000,0.000000,0.000000,0.000000,0.000000,0.000000,0.000000,0.000000,0.000000,0.000000,0.000000,0.000000,0.000000,0.000000,0.000000,0.000000,0.000000,0.000000,0.000000,0.000000,0.000000,0.000000,0.000000,0.000000,Swing,0.000000,0.000000,0.000000,level walking,cop_invalid|low_pressure
1426,2026-05-14 23:00:18,71.300000,2026-5-14_levelground 2_left.csv,level_walking,0.000000,0.000000,0.000000,0.000000,0.000000,0.000000,0.000000,0.000000,0.000000,0.000000,0.000000,0.000000,0.000000,0.000000,0.000000,0.000000,0.000000,0.000000,0.000000,0.000000,0.000000,0.000000,0.000000,0.000000,0.000000,0.000000,0.000000,0.000000,0.000000,0.000000,Swing,0.000000,0.000000,0.000000,level walking,cop_invalid|low_pressure
1427,2026-05-14 23:00:18,71.350000,2026-5-14_levelground 2_left.csv,level_walking,0.000000,0.000000,0.000000,0.000000,0.000000,0.000000,0.000000,0.000000,0.000000,0.000000,0.000000,0.000000,0.000000,0.000000,0.000000,0.000000,0.000000,0.000000,0.000000,0.000000,0.000000,0.000000,0.000000,0.000000,0.000000,0.000000,0.000000,0.000000,0.000000,0.000000,Swing,0.000000,0.000000,0.000000,level walking,cop_invalid|low_pressure
1428,2026-05-14 23:00:18,71.400000,2026-5-14_levelground 2_left.csv,level_walking,0.000000,0.000000,0.000000,0.000000,0.000000,0.000000,0.000000,0.000000,0.000000,0.000000,0.000000,0.000000,0.000000,0.000000,0.000000,0.000000,0.000000,0.000000,0.000000,0.000000,0.000000,0.000000,0.000000,0.000000,0.000000,0.000000,0.000000,0.000000,0.000000,0.000000,Swing,0.000000,0.000000,0.000000,level walking,cop_invalid|low_pressure
1429,2026-05-14 23:00:18,71.450000,2026-5-14_levelground 2_left.csv,level_walking,0.000000,0.000000,0.000000,0.000000,0.000000,0.000000,0.000000,0.000000,0.000000,0.000000,0.000000,0.000000,0.000000,0.000000,0.000000,0.000000,0.000000,0.000000,0.000000,0.000000,0.000000,0.000000,0.000000,0.000000,0.000000,0.000000,0.000000,0.000000,0.000000,0.000000,Swing,0.000000,0.000000,0.000000,level walking,cop_invalid|low_pressure
1430,2026-05-14 23:00:18,71.500000,2026-5-14_levelground 2_left.csv,level_walking,0.000000,0.000000,0.000000,0.000000,0.000000,0.000000,0.000000,0.000000,0.000000,0.000000,0.000000,0.000000,0.000000,0.000000,0.000000,0.000000,0.000000,0.000000,0.000000,0.000000,0.000000,0.000000,0.000000,0.000000,0.000000,0.000000,0.000000,0.000000,0.000000,0.000000,Swing,0.000000,0.000000,0.000000,level walking,cop_invalid|low_pressure
1431,2026-05-14 23:00:18,71.550000,2026-5-14_levelground 2_left.csv,level_walking,0.000000,0.000000,0.000000,0.000000,0.000000,0.000000,0.000000,0.000000,0.000000,0.000000,0.000000,0.000000,0.000000,0.000000,0.000000,0.000000,0.000000,0.000000,0.000000,0.000000,0.000000,0.000000,0.000000,0.000000,0.000000,0.000000,0.000000,0.000000,0.000000,0.000000,Swing,0.000000,0.000000,0.000000,level walking,cop_invalid|low_pressure
1432,2026-05-14 23:00:18,71.600000,2026-5-14_levelground 2_left.csv,level_walking,0.000000,0.000000,0.000000,0.000000,0.000000,0.000000,0.000000,0.000000,0.000000,0.000000,0.000000,0.000000,0.000000,0.000000,0.000000,0.000000,0.000000,0.000000,0.000000,0.000000,0.000000,0.000000,0.000000,0.000000,0.000000,0.000000,0.000000,0.000000,0.000000,0.000000,Swing,0.000000,0.000000,0.000000,level walking,cop_invalid|low_pressure
1433,2026-05-14 23:00:18,71.650000,2026-5-14_levelground 2_left.csv,level_walking,0.000000,0.000000,0.000000,0.000000,0.000000,0.000000,0.000000,0.000000,0.000000,0.000000,0.000000,0.000000,0.000000,0.000000,0.000000,0.000000,0.000000,0.000000,0.000000,0.000000,0.000000,0.000000,0.000000,0.000000,0.000000,0.000000,0.000000,0.000000,0.000000,0.000000,Swing,0.000000,0.000000,0.000000,level walking,cop_invalid|low_pressure
1434,2026-05-14 23:00:18,71.700000,2026-5-14_levelground 2_left.csv,level_walking,0.000000,0.000000,0.000000,0.000000,0.000000,0.000000,0.000000,0.000000,0.000000,0.000000,0.000000,0.000000,0.000000,0.000000,0.000000,0.000000,0.000000,0.000000,0.000000,0.000000,0.000000,0.000000,0.000000,0.000000,0.000000,0.000000,0.000000,0.000000,0.000000,0.000000,Swing,0.000000,0.000000,0.000000,level walking,cop_invalid|low_pressure
1435,2026-05-14 23:00:18,71.750000,2026-5-14_levelground 2_left.csv,level_walking,0.000000,0.000000,0.000000,0.000000,0.000000,0.000000,0.000000,0.000000,0.000000,0.000000,0.000000,0.000000,0.000000,0.000000,0.000000,0.000000,0.000000,0.000000,0.000000,0.000000,0.000000,0.000000,0.000000,0.000000,0.000000,0.000000,0.000000,0.000000,0.000000,0.000000,Swing,0.000000,0.000000,0.000000,level walking,cop_invalid|low_pressure
1436,2026-05-14 23:00:18,71.800000,2026-5-14_levelground 2_left.csv,level_walking,0.000000,0.000000,0.000000,0.000000,0.000000,0.000000,0.000000,0.000000,0.000000,0.000000,0.000000,0.000000,0.000000,0.000000,0.000000,0.000000,0.000000,0.000000,0.000000,0.000000,0.000000,0.000000,0.000000,0.000000,0.000000,0.000000,0.000000,0.000000,0.000000,0.000000,Swing,0.000000,0.000000,0.000000,level walking,cop_invalid|low_pressure
1437,2026-05-14 23:00:18,71.850000,2026-5-14_levelground 2_left.csv,level_walking,0.000000,0.000000,0.000000,0.000000,0.000000,0.000000,0.000000,0.000000,0.000000,0.000000,0.000000,0.000000,0.000000,0.000000,0.000000,0.000000,0.000000,0.000000,0.000000,0.000000,0.000000,0.000000,0.000000,0.000000,0.000000,0.000000,0.000000,0.000000,0.000000,0.000000,Swing,0.000000,0.000000,0.000000,level walking,cop_invalid|low_pressure
1438,2026-05-14 23:00:18,71.900000,2026-5-14_levelground 2_left.csv,level_walking,0.000000,0.000000,0.000000,0.000000,0.000000,0.000000,0.000000,0.000000,0.000000,0.000000,0.000000,0.000000,0.000000,0.000000,0.000000,0.000000,0.000000,0.000000,0.000000,0.000000,0.000000,0.000000,0.000000,0.000000,0.000000,0.000000,0.000000,0.000000,0.000000,0.000000,Swing,0.000000,0.000000,0.000000,level walking,cop_invalid|low_pressure
1439,2026-05-14 23:00:18,71.950000,2026-5-14_levelground 2_left.csv,level_walking,0.000000,0.000000,0.000000,0.000000,0.000000,0.000000,0.000000,0.000000,0.000000,0.000000,0.000000,0.000000,0.000000,0.000000,0.000000,0.000000,0.000000,0.000000,0.000000,0.000000,0.000000,0.000000,0.000000,0.000000,0.000000,0.000000,0.000000,0.000000,0.000000,0.000000,Swing,0.000000,0.000000,0.000000,level walking,cop_invalid|low_pressure
1440,2026-05-14 23:00:18,72.000000,2026-5-14_levelground 2_left.csv,level_walking,0.000000,0.000000,0.000000,0.000000,0.000000,0.000000,0.000000,0.000000,0.000000,0.000000,0.000000,0.000000,0.000000,0.000000,0.000000,0.000000,0.000000,0.000000,0.000000,0.000000,0.000000,0.000000,0.000000,0.000000,0.000000,0.000000,0.000000,0.000000,0.000000,0.000000,Swing,0.000000,0.000000,0.000000,level walking,cop_invalid|low_pressure
1441,2026-05-14 23:00:18,72.050000,2026-5-14_levelground 2_left.csv,level_walking,0.000000,0.000000,0.000000,0.000000,0.000000,0.000000,0.000000,0.000000,0.000000,0.000000,0.000000,0.000000,0.000000,0.000000,0.000000,0.000000,0.000000,0.000000,0.000000,0.000000,0.000000,0.000000,0.000000,0.000000,0.000000,0.000000,0.000000,0.000000,0.000000,0.000000,Swing,0.000000,0.000000,0.000000,level walking,cop_invalid|low_pressure
1442,2026-05-14 23:00:18,72.100000,2026-5-14_levelground 2_left.csv,level_walking,0.000000,0.000000,0.000000,0.000000,0.000000,0.000000,0.000000,0.000000,0.000000,0.000000,0.000000,0.000000,0.000000,0.000000,0.000000,0.000000,0.000000,0.000000,0.000000,0.000000,0.000000,0.000000,0.000000,0.000000,0.000000,0.000000,0.000000,0.000000,0.000000,0.000000,Swing,0.000000,0.000000,0.000000,level walking,cop_invalid|low_pressure
1443,2026-05-14 23:00:19,72.150000,2026-5-14_levelground 2_left.csv,level_walking,0.000000,0.000000,0.000000,0.000000,0.000000,0.000000,0.000000,0.000000,0.000000,0.000000,0.000000,0.000000,0.000000,0.000000,0.000000,0.000000,0.000000,0.000000,0.000000,0.000000,0.000000,0.000000,0.000000,0.000000,0.000000,0.000000,0.000000,0.000000,0.000000,0.000000,Swing,0.000000,0.000000,0.000000,level walking,cop_invalid|low_pressure
1444,2026-05-14 23:00:19,72.200000,2026-5-14_levelground 2_left.csv,level_walking,0.000000,0.000000,0.000000,0.000000,0.000000,0.000000,0.000000,0.000000,0.000000,0.000000,0.000000,0.000000,0.000000,0.000000,0.000000,0.000000,0.000000,0.000000,0.000000,0.000000,0.000000,0.000000,0.000000,0.000000,0.000000,0.000000,0.000000,0.000000,0.000000,0.000000,Swing,0.000000,0.000000,0.000000,level walking,cop_invalid|low_pressure
1445,2026-05-14 23:00:19,72.250000,2026-5-14_levelground 2_left.csv,level_walking,0.000000,0.000000,0.000000,0.000000,0.000000,0.000000,0.000000,0.000000,0.000000,0.000000,0.000000,0.000000,0.000000,0.000000,0.000000,0.000000,0.000000,0.000000,0.000000,0.000000,0.000000,0.000000,0.000000,0.000000,0.000000,0.000000,0.000000,0.000000,0.000000,0.000000,Swing,0.000000,0.000000,0.000000,level walking,cop_invalid|low_pressure
1446,2026-05-14 23:00:19,72.300000,2026-5-14_levelground 2_left.csv,level_walking,0.000000,0.000000,0.000000,0.000000,0.000000,0.000000,0.000000,0.000000,0.000000,0.000000,0.000000,0.000000,0.000000,0.000000,0.000000,0.000000,0.000000,0.000000,0.000000,0.000000,0.000000,0.000000,0.000000,0.000000,0.000000,0.000000,0.000000,0.000000,0.000000,0.000000,Swing,0.000000,0.000000,0.000000,level walking,cop_invalid|low_pressure
1447,2026-05-14 23:00:19,72.350000,2026-5-14_levelground 2_left.csv,level_walking,0.000000,0.000000,0.000000,0.000000,0.000000,0.000000,0.000000,0.000000,0.000000,0.000000,0.000000,0.000000,0.000000,0.000000,0.000000,0.000000,0.000000,0.000000,0.000000,0.000000,0.000000,0.000000,0.000000,0.000000,0.000000,0.000000,0.000000,0.000000,0.000000,0.000000,Swing,0.000000,0.000000,0.000000,level walking,cop_invalid|low_pressure
1448,2026-05-14 23:00:19,72.400000,2026-5-14_levelground 2_left.csv,level_walking,0.000000,0.000000,0.000000,0.000000,0.000000,0.000000,0.000000,0.000000,0.000000,0.000000,0.000000,0.000000,0.000000,0.000000,0.000000,0.000000,0.000000,0.000000,0.000000,0.000000,0.000000,0.000000,0.000000,0.000000,0.000000,0.000000,0.000000,0.000000,0.000000,0.000000,Swing,0.000000,0.000000,0.000000,level walking,cop_invalid|low_pressure
1449,2026-05-14 23:00:19,72.450000,2026-5-14_levelground 2_left.csv,level_walking,0.000000,0.000000,0.000000,0.000000,0.000000,0.000000,0.000000,0.000000,0.000000,0.000000,0.000000,0.000000,0.000000,0.000000,0.000000,0.000000,0.000000,0.000000,0.000000,0.000000,0.000000,0.000000,0.000000,0.000000,0.000000,0.000000,0.000000,0.000000,0.000000,0.000000,Swing,0.000000,0.000000,0.000000,level walking,cop_invalid|low_pressure
1450,2026-05-14 23:00:19,72.500000,2026-5-14_levelground 2_left.csv,level_walking,0.000000,0.000000,0.000000,0.000000,0.000000,0.000000,0.000000,0.000000,0.000000,0.000000,0.000000,0.000000,0.000000,0.000000,0.000000,0.000000,0.000000,0.000000,0.000000,0.000000,0.000000,0.000000,0.000000,0.000000,0.000000,0.000000,0.000000,0.000000,0.000000,0.000000,Swing,0.000000,0.000000,0.000000,level walking,cop_invalid|low_pressure
1451,2026-05-14 23:00:19,72.550000,2026-5-14_levelground 2_left.csv,level_walking,0.000000,0.000000,0.000000,0.000000,0.000000,0.000000,0.000000,0.000000,0.000000,0.000000,0.000000,0.000000,0.000000,0.000000,0.000000,0.000000,0.000000,0.000000,0.000000,0.000000,0.000000,0.000000,0.000000,0.000000,0.000000,0.000000,0.000000,0.000000,0.000000,0.000000,Swing,0.000000,0.000000,0.000000,level walking,cop_invalid|low_pressure
1452,2026-05-14 23:00:19,72.600000,2026-5-14_levelground 2_left.csv,level_walking,0.000000,0.000000,0.000000,0.000000,0.000000,0.000000,0.000000,0.000000,0.000000,0.000000,0.000000,0.000000,0.000000,0.000000,0.000000,0.000000,0.000000,0.000000,0.000000,0.000000,0.000000,0.000000,0.000000,0.000000,0.000000,0.000000,0.000000,0.000000,0.000000,0.000000,Swing,0.000000,0.000000,0.000000,level walking,cop_invalid|low_pressure
1453,2026-05-14 23:00:19,72.650000,2026-5-14_levelground 2_left.csv,level_walking,0.000000,0.000000,0.000000,0.000000,0.000000,0.000000,0.000000,0.000000,0.000000,0.000000,0.000000,0.000000,0.000000,0.000000,0.000000,0.000000,0.000000,0.000000,0.000000,0.000000,0.000000,0.000000,0.000000,0.000000,0.000000,0.000000,0.000000,0.000000,0.000000,0.000000,Swing,0.000000,0.000000,0.000000,level walking,cop_invalid|low_pressure
1454,2026-05-14 23:00:19,72.700000,2026-5-14_levelground 2_left.csv,level_walking,0.000000,0.000000,0.000000,0.000000,0.000000,0.000000,0.000000,0.000000,0.000000,0.000000,0.000000,0.000000,0.000000,0.000000,0.000000,0.000000,0.000000,0.000000,0.000000,0.000000,0.000000,0.000000,0.000000,0.000000,0.000000,0.000000,0.000000,0.000000,0.000000,0.000000,Swing,0.000000,0.000000,0.000000,level walking,cop_invalid|low_pressure
1455,2026-05-14 23:00:19,72.750000,2026-5-14_levelground 2_left.csv,level_walking,0.000000,0.000000,0.000000,0.000000,0.000000,0.000000,0.000000,0.000000,0.000000,0.000000,0.000000,0.000000,0.000000,0.000000,0.000000,0.000000,0.000000,0.000000,0.000000,0.000000,0.000000,0.000000,0.000000,0.000000,0.000000,0.000000,0.000000,0.000000,0.000000,0.000000,Swing,0.000000,0.000000,0.000000,level walking,cop_invalid|low_pressure
1456,2026-05-14 23:00:19,72.800000,2026-5-14_levelground 2_left.csv,level_walking,0.000000,0.000000,0.000000,0.000000,0.000000,0.000000,0.000000,0.000000,0.000000,0.000000,0.000000,0.000000,0.000000,0.000000,0.000000,0.000000,0.000000,0.000000,0.000000,0.000000,0.000000,0.000000,0.000000,0.000000,0.000000,0.000000,0.000000,0.000000,0.000000,0.000000,Swing,0.000000,0.000000,0.000000,level walking,cop_invalid|low_pressure
1457,2026-05-14 23:00:19,72.850000,2026-5-14_levelground 2_left.csv,level_walking,0.000000,0.000000,0.000000,0.000000,0.000000,0.000000,0.000000,0.000000,0.000000,0.000000,0.000000,0.000000,0.000000,0.000000,0.000000,0.000000,0.000000,0.000000,0.000000,0.000000,0.000000,0.000000,0.000000,0.000000,0.000000,0.000000,0.000000,0.000000,0.000000,0.000000,Swing,0.000000,0.000000,0.000000,level walking,cop_invalid|low_pressure
1458,2026-05-14 23:00:19,72.900000,2026-5-14_levelground 2_left.csv,level_walking,0.000000,0.000000,0.000000,0.000000,0.000000,0.000000,0.000000,0.000000,0.000000,0.000000,0.000000,0.000000,0.000000,0.000000,0.000000,0.000000,0.000000,0.000000,0.000000,0.000000,0.000000,0.000000,0.000000,0.000000,0.000000,0.000000,0.000000,0.000000,0.000000,0.000000,Swing,0.000000,0.000000,0.000000,level walking,cop_invalid|low_pressure
1459,2026-05-14 23:00:19,72.950000,2026-5-14_levelground 2_left.csv,level_walking,0.000000,0.000000,0.000000,0.000000,0.000000,0.000000,0.000000,0.000000,0.000000,0.000000,0.000000,0.000000,0.000000,0.000000,0.000000,0.000000,0.000000,0.000000,0.000000,0.000000,0.000000,0.000000,0.000000,0.000000,0.000000,0.000000,0.000000,0.000000,0.000000,0.000000,Swing,0.000000,0.000000,0.000000,level walking,cop_invalid|low_pressure
1460,2026-05-14 23:00:19,73.000000,2026-5-14_levelground 2_left.csv,level_walking,0.000000,0.000000,0.000000,0.000000,0.000000,0.000000,0.000000,0.000000,0.000000,0.000000,0.000000,0.000000,0.000000,0.000000,0.000000,0.000000,0.000000,0.000000,0.000000,0.000000,0.000000,0.000000,0.000000,0.000000,0.000000,0.000000,0.000000,0.000000,0.000000,0.000000,Swing,0.000000,0.000000,0.000000,level walking,cop_invalid|low_pressure
1461,2026-05-14 23:00:19,73.050000,2026-5-14_levelground 2_left.csv,level_walking,0.000000,0.000000,0.000000,0.000000,0.000000,0.000000,0.000000,0.000000,0.000000,0.000000,0.000000,0.000000,0.000000,0.000000,0.000000,0.000000,0.000000,0.000000,0.000000,0.000000,0.000000,0.000000,0.000000,0.000000,0.000000,0.000000,0.000000,0.000000,0.000000,0.000000,Swing,0.000000,0.000000,0.000000,level walking,cop_invalid|low_pressure
1462,2026-05-14 23:00:19,73.100000,2026-5-14_levelground 2_left.csv,level_walking,0.000000,0.000000,0.000000,0.000000,0.000000,0.000000,0.000000,0.000000,0.000000,0.000000,0.000000,0.000000,0.000000,0.000000,0.000000,0.000000,0.000000,0.000000,0.000000,0.000000,0.000000,0.000000,0.000000,0.000000,0.000000,0.000000,0.000000,0.000000,0.000000,0.000000,Swing,0.000000,0.000000,0.000000,level walking,cop_invalid|low_pressure
1463,2026-05-14 23:00:20,73.150000,2026-5-14_levelground 2_left.csv,level_walking,0.000000,0.000000,0.000000,0.000000,0.000000,0.000000,0.000000,0.000000,0.000000,0.000000,0.000000,0.000000,0.000000,0.000000,0.000000,0.000000,0.000000,0.000000,0.000000,0.000000,0.000000,0.000000,0.000000,0.000000,0.000000,0.000000,0.000000,0.000000,0.000000,0.000000,Swing,0.000000,0.000000,0.000000,level walking,cop_invalid|low_pressure
1464,2026-05-14 23:00:20,73.200000,2026-5-14_levelground 2_left.csv,level_walking,0.000000,0.000000,0.000000,0.000000,0.000000,0.000000,0.000000,0.000000,0.000000,0.000000,0.000000,0.000000,0.000000,0.000000,0.000000,0.000000,0.000000,0.000000,0.000000,0.000000,0.000000,0.000000,0.000000,0.000000,0.000000,0.000000,0.000000,0.000000,0.000000,0.000000,Swing,0.000000,0.000000,0.000000,level walking,cop_invalid|low_pressure
1465,2026-05-14 23:00:20,73.250000,2026-5-14_levelground 2_left.csv,level_walking,0.000000,0.000000,0.000000,0.000000,0.000000,0.000000,0.000000,0.000000,0.000000,0.000000,0.000000,0.000000,0.000000,0.000000,0.000000,0.000000,0.000000,0.000000,0.000000,0.000000,0.000000,0.000000,0.000000,0.000000,0.000000,0.000000,0.000000,0.000000,0.000000,0.000000,Swing,0.000000,0.000000,0.000000,level walking,cop_invalid|low_pressure
1466,2026-05-14 23:00:20,73.300000,2026-5-14_levelground 2_left.csv,level_walking,0.000000,0.000000,0.000000,0.000000,0.000000,0.000000,0.000000,0.000000,0.000000,0.000000,0.000000,0.000000,0.000000,0.000000,0.000000,0.000000,0.000000,0.000000,0.000000,0.000000,0.000000,0.000000,0.000000,0.000000,0.000000,0.000000,0.000000,0.000000,0.000000,0.000000,Swing,0.000000,0.000000,0.000000,level walking,cop_invalid|low_pressure
1467,2026-05-14 23:00:20,73.350000,2026-5-14_levelground 2_left.csv,level_walking,0.000000,0.000000,0.000000,0.000000,0.000000,0.000000,0.000000,0.000000,0.000000,0.000000,0.000000,0.000000,0.000000,0.000000,0.000000,0.000000,0.000000,0.000000,0.000000,0.000000,0.000000,0.000000,0.000000,0.000000,0.000000,0.000000,0.000000,0.000000,0.000000,0.000000,Swing,0.000000,0.000000,0.000000,level walking,cop_invalid|low_pressure
1468,2026-05-14 23:00:20,73.400000,2026-5-14_levelground 2_left.csv,level_walking,0.000000,0.000000,0.000000,0.000000,0.000000,0.000000,0.000000,0.000000,0.000000,0.000000,0.000000,0.000000,0.000000,0.000000,0.000000,0.000000,0.000000,0.000000,0.000000,0.000000,0.000000,0.000000,0.000000,0.000000,0.000000,0.000000,0.000000,0.000000,0.000000,0.000000,Swing,0.000000,0.000000,0.000000,level walking,cop_invalid|low_pressure
1469,2026-05-14 23:00:20,73.450000,2026-5-14_levelground 2_left.csv,level_walking,0.000000,0.000000,0.000000,0.000000,0.000000,0.000000,0.000000,0.000000,0.000000,0.000000,0.000000,0.000000,0.000000,0.000000,0.000000,0.000000,0.000000,0.000000,0.000000,0.000000,0.000000,0.000000,0.000000,0.000000,0.000000,0.000000,0.000000,0.000000,0.000000,0.000000,Swing,0.000000,0.000000,0.000000,level walking,cop_invalid|low_pressure
1470,2026-05-14 23:00:20,73.500000,2026-5-14_levelground 2_left.csv,level_walking,0.000000,0.000000,0.000000,0.000000,0.000000,0.000000,0.000000,0.000000,0.000000,0.000000,0.000000,0.000000,0.000000,0.000000,0.000000,0.000000,0.000000,0.000000,0.000000,0.000000,0.000000,0.000000,0.000000,0.000000,0.000000,0.000000,0.000000,0.000000,0.000000,0.000000,Swing,0.000000,0.000000,0.000000,level walking,cop_invalid|low_pressure
1471,2026-05-14 23:00:20,73.550000,2026-5-14_levelground 2_left.csv,level_walking,0.000000,0.000000,0.000000,0.000000,0.000000,0.000000,0.000000,0.000000,0.000000,0.000000,0.000000,0.000000,0.000000,0.000000,0.000000,0.000000,0.000000,0.000000,0.000000,0.000000,0.000000,0.000000,0.000000,0.000000,0.000000,0.000000,0.000000,0.000000,0.000000,0.000000,Swing,0.000000,0.000000,0.000000,level walking,cop_invalid|low_pressure
1472,2026-05-14 23:00:20,73.600000,2026-5-14_levelground 2_left.csv,level_walking,0.000000,0.000000,0.000000,0.000000,0.000000,0.000000,0.000000,0.000000,0.000000,0.000000,0.000000,0.000000,0.000000,0.000000,0.000000,0.000000,0.000000,0.000000,0.000000,0.000000,0.000000,0.000000,0.000000,0.000000,0.000000,0.000000,0.000000,0.000000,0.000000,0.000000,Swing,0.000000,0.000000,0.000000,level walking,cop_invalid|low_pressure
1473,2026-05-14 23:00:20,73.650000,2026-5-14_levelground 2_left.csv,level_walking,0.000000,0.000000,0.000000,0.000000,0.000000,0.000000,0.000000,0.000000,0.000000,0.000000,0.000000,0.000000,0.000000,0.000000,0.000000,0.000000,0.000000,0.000000,0.000000,0.000000,0.000000,0.000000,0.000000,0.000000,0.000000,0.000000,0.000000,0.000000,0.000000,0.000000,Swing,0.000000,0.000000,0.000000,level walking,cop_invalid|low_pressure
1474,2026-05-14 23:00:20,73.700000,2026-5-14_levelground 2_left.csv,level_walking,0.000000,0.000000,0.000000,0.000000,0.000000,0.000000,0.000000,0.000000,0.000000,0.000000,0.000000,0.000000,0.000000,0.000000,0.000000,0.000000,0.000000,0.000000,0.000000,0.000000,0.000000,0.000000,0.000000,0.000000,0.000000,0.000000,0.000000,0.000000,0.000000,0.000000,Swing,0.000000,0.000000,0.000000,level walking,cop_invalid|low_pressure
1475,2026-05-14 23:00:20,73.750000,2026-5-14_levelground 2_left.csv,level_walking,0.000000,0.000000,0.000000,0.000000,0.000000,0.000000,0.000000,0.000000,0.000000,0.000000,0.000000,0.000000,0.000000,0.000000,0.000000,0.000000,0.000000,0.000000,0.000000,0.000000,0.000000,0.000000,0.000000,0.000000,0.000000,0.000000,0.000000,0.000000,0.000000,0.000000,Swing,0.000000,0.000000,0.000000,level walking,cop_invalid|low_pressure
1476,2026-05-14 23:00:20,73.800000,2026-5-14_levelground 2_left.csv,level_walking,0.000000,0.000000,0.000000,0.000000,0.000000,0.000000,0.000000,0.000000,0.000000,0.000000,0.000000,0.000000,0.000000,0.000000,0.000000,0.000000,0.000000,0.000000,0.000000,0.000000,0.000000,0.000000,0.000000,0.000000,0.000000,0.000000,0.000000,0.000000,0.000000,0.000000,Swing,0.000000,0.000000,0.000000,level walking,cop_invalid|low_pressure
1477,2026-05-14 23:00:20,73.850000,2026-5-14_levelground 2_left.csv,level_walking,0.000000,0.000000,0.000000,0.000000,0.000000,0.000000,0.000000,0.000000,0.000000,0.000000,0.000000,0.000000,0.000000,0.000000,0.000000,0.000000,0.000000,0.000000,0.000000,0.000000,0.000000,0.000000,0.000000,0.000000,0.000000,0.000000,0.000000,0.000000,0.000000,0.000000,Swing,0.000000,0.000000,0.000000,level walking,cop_invalid|low_pressure
