sample_index,timestamp,source_file,activity_hint,L1_g,L2_g,L3_g,L4_g,L5_g,L6_g,L7_g,L8_g,L9_g,L10_g,L11_g,L12_g,L13_g,L14_g,L15_g,L16_g,L17_g,L18_g
0,2026-05-14 23:05:30,2026-5-14_stair1_left.csv,stair1,0.0,0.0,3160.0,290.0,0.0,0.0,0.0,0.0,1392.0,0.0,0.0,0.0,0.0,0.0,0.0,0.0,0.0,0.0
1,2026-05-14 23:05:30,2026-5-14_stair1_left.csv,stair1,0.0,0.0,3160.0,290.0,0.0,0.0,0.0,0.0,1392.0,0.0,0.0,0.0,0.0,0.0,0.0,0.0,0.0,0.0
2,2026-05-14 23:05:30,2026-5-14_stair1_left.csv,stair1,0.0,0.0,3160.0,290.0,0.0,0.0,0.0,0.0,1392.0,0.0,0.0,0.0,0.0,0.0,0.0,0.0,0.0,0.0
3,2026-05-14 23:05:30,2026-5-14_stair1_left.csv,stair1,0.0,0.0,3160.0,290.0,0.0,0.0,0.0,0.0,1392.0,0.0,0.0,0.0,0.0,0.0,0.0,0.0,0.0,0.0
4,2026-05-14 23:05:30,2026-5-14_stair1_left.csv,stair1,0.0,0.0,3160.0,290.0,0.0,0.0,0.0,0.0,1392.0,0.0,0.0,0.0,0.0,0.0,0.0,0.0,0.0,0.0
5,2026-05-14 23:05:30,2026-5-14_stair1_left.csv,stair1,0.0,0.0,3160.0,290.0,0.0,0.0,0.0,0.0,1392.0,0.0,0.0,0.0,0.0,0.0,0.0,0.0,0.0,0.0
6,2026-05-14 23:05:30,2026-5-14_stair1_left.csv,stair1,0.0,0.0,3160.0,290.0,0.0,0.0,0.0,0.0,1392.0,0.0,0.0,0.0,0.0,0.0,0.0,0.0,0.0,0.0
7,2026-05-14 23:05:30,2026-5-14_stair1_left.csv,stair1,0.0,0.0,3160.0,290.0,0.0,0.0,0.0,0.0,1392.0,0.0,0.0,0.0,0.0,0.0,0.0,0.0,0.0,0.0
8,2026-05-14 23:05:30,2026-5-14_stair1_left.csv,stair1,0.0,0.0,3160.0,290.0,0.0,0.0,0.0,0.0,1392.0,0.0,0.0,0.0,0.0,0.0,0.0,0.0,0.0,0.0
9,2026-05-14 23:05:30,2026-5-14_stair1_left.csv,stair1,0.0,0.0,3160.0,290.0,0.0,0.0,0.0,0.0,1392.0,0.0,0.0,0.0,0.0,0.0,0.0,0.0,0.0,0.0
10,2026-05-14 23:05:30,2026-5-14_stair1_left.csv,stair1,0.0,0.0,3160.0,290.0,0.0,0.0,0.0,0.0,1392.0,0.0,0.0,0.0,0.0,0.0,0.0,0.0,0.0,0.0
11,2026-05-14 23:05:30,2026-5-14_stair1_left.csv,stair1,0.0,0.0,3160.0,290.0,0.0,0.0,0.0,0.0,1392.0,0.0,0.0,0.0,0.0,0.0,0.0,0.0,0.0,0.0
12,2026-05-14 23:05:30,2026-5-14_stair1_left.csv,stair1,0.0,0.0,3160.0,290.0,0.0,0.0,0.0,0.0,1392.0,0.0,0.0,0.0,0.0,0.0,0.0,0.0,0.0,0.0
13,2026-05-14 23:05:30,2026-5-14_stair1_left.csv,stair1,0.0,0.0,3160.0,290.0,0.0,0.0,0.0,0.0,1392.0,0.0,0.0,0.0,0.0,0.0,0.0,0.0,0.0,0.0
14,2026-05-14 23:05:30,2026-5-14_stair1_left.csv,stair1,0.0,0.0,3160.0,290.0,0.0,0.0,0.0,0.0,1392.0,0.0,0.0,0.0,0.0,0.0,0.0,0.0,0.0,0.0
15,2026-05-14 23:05:30,2026-5-14_stair1_left.csv,stair1,0.0,0.0,3160.0,290.0,0.0,0.0,0.0,0.0,1392.0,0.0,0.0,0.0,0.0,0.0,0.0,0.0,0.0,0.0
16,2026-05-14 23:05:30,2026-5-14_stair1_left.csv,stair1,0.0,0.0,3160.0,290.0,0.0,0.0,0.0,0.0,1392.0,0.0,0.0,0.0,0.0,0.0,0.0,0.0,0.0,0.0
17,2026-05-14 23:05:31,2026-5-14_stair1_left.csv,stair1,0.0,0.0,3160.0,290.0,0.0,0.0,0.0,0.0,1392.0,0.0,0.0,0.0,0.0,0.0,0.0,0.0,0.0,0.0
18,2026-05-14 23:05:31,2026-5-14_stair1_left.csv,stair1,0.0,0.0,3160.0,290.0,0.0,0.0,0.0,0.0,1392.0,0.0,0.0,0.0,0.0,0.0,0.0,0.0,0.0,0.0
19,2026-05-14 23:05:31,2026-5-14_stair1_left.csv,stair1,0.0,0.0,3160.0,290.0,0.0,0.0,0.0,0.0,1392.0,0.0,0.0,0.0,0.0,0.0,0.0,0.0,0.0,0.0
20,2026-05-14 23:05:31,2026-5-14_stair1_left.csv,stair1,0.0,0.0,3160.0,290.0,0.0,0.0,0.0,0.0,1392.0,0.0,0.0,0.0,0.0,0.0,0.0,0.0,0.0,0.0
21,2026-05-14 23:05:31,2026-5-14_stair1_left.csv,stair1,0.0,0.0,3160.0,290.0,0.0,0.0,0.0,0.0,1392.0,0.0,0.0,0.0,0.0,0.0,0.0,0.0,0.0,0.0
22,2026-05-14 23:05:31,2026-5-14_stair1_left.csv,stair1,0.0,0.0,3160.0,290.0,0.0,0.0,0.0,0.0,1392.0,0.0,0.0,0.0,0.0,0.0,0.0,0.0,0.0,0.0
23,2026-05-14 23:05:31,2026-5-14_stair1_left.csv,stair1,0.0,0.0,3160.0,290.0,0.0,0.0,0.0,0.0,1392.0,0.0,0.0,0.0,0.0,0.0,0.0,0.0,0.0,0.0
24,2026-05-14 23:05:31,2026-5-14_stair1_left.csv,stair1,0.0,0.0,3160.0,290.0,0.0,0.0,0.0,0.0,1392.0,0.0,0.0,0.0,0.0,0.0,0.0,0.0,0.0,0.0
25,2026-05-14 23:05:31,2026-5-14_stair1_left.csv,stair1,0.0,0.0,3160.0,290.0,0.0,0.0,0.0,0.0,1392.0,0.0,0.0,0.0,0.0,0.0,0.0,0.0,0.0,0.0
26,2026-05-14 23:05:31,2026-5-14_stair1_left.csv,stair1,0.0,0.0,3160.0,290.0,0.0,0.0,0.0,0.0,1392.0,0.0,0.0,0.0,0.0,0.0,0.0,0.0,0.0,0.0
27,2026-05-14 23:05:31,2026-5-14_stair1_left.csv,stair1,0.0,0.0,3160.0,290.0,0.0,0.0,0.0,0.0,1392.0,0.0,0.0,0.0,0.0,0.0,0.0,0.0,0.0,0.0
28,2026-05-14 23:05:31,2026-5-14_stair1_left.csv,stair1,0.0,0.0,3160.0,290.0,0.0,0.0,0.0,0.0,1392.0,0.0,0.0,0.0,0.0,0.0,0.0,0.0,0.0,0.0
29,2026-05-14 23:05:31,2026-5-14_stair1_left.csv,stair1,0.0,0.0,3160.0,290.0,0.0,0.0,0.0,0.0,1392.0,0.0,0.0,0.0,0.0,0.0,0.0,0.0,0.0,0.0
30,2026-05-14 23:05:31,2026-5-14_stair1_left.csv,stair1,0.0,0.0,3160.0,290.0,0.0,0.0,0.0,0.0,1392.0,0.0,0.0,0.0,0.0,0.0,0.0,0.0,0.0,0.0
31,2026-05-14 23:05:31,2026-5-14_stair1_left.csv,stair1,0.0,0.0,3160.0,290.0,0.0,0.0,0.0,0.0,1392.0,0.0,0.0,0.0,0.0,0.0,0.0,0.0,0.0,0.0
32,2026-05-14 23:05:31,2026-5-14_stair1_left.csv,stair1,0.0,0.0,3160.0,290.0,0.0,0.0,0.0,0.0,1392.0,0.0,0.0,0.0,0.0,0.0,0.0,0.0,0.0,0.0
33,2026-05-14 23:05:31,2026-5-14_stair1_left.csv,stair1,0.0,0.0,3160.0,290.0,0.0,0.0,0.0,0.0,1392.0,0.0,0.0,0.0,0.0,0.0,0.0,0.0,0.0,0.0
34,2026-05-14 23:05:31,2026-5-14_stair1_left.csv,stair1,0.0,0.0,3160.0,290.0,0.0,0.0,0.0,0.0,1392.0,0.0,0.0,0.0,0.0,0.0,0.0,0.0,0.0,0.0
35,2026-05-14 23:05:31,2026-5-14_stair1_left.csv,stair1,0.0,0.0,3160.0,290.0,0.0,0.0,0.0,0.0,1392.0,0.0,0.0,0.0,0.0,0.0,0.0,0.0,0.0,0.0
36,2026-05-14 23:05:31,2026-5-14_stair1_left.csv,stair1,0.0,0.0,3160.0,290.0,0.0,0.0,0.0,0.0,1392.0,0.0,0.0,0.0,0.0,0.0,0.0,0.0,0.0,0.0
37,2026-05-14 23:05:32,2026-5-14_stair1_left.csv,stair1,0.0,0.0,3160.0,290.0,0.0,0.0,0.0,0.0,1392.0,0.0,0.0,0.0,0.0,0.0,0.0,0.0,0.0,0.0
38,2026-05-14 23:05:32,2026-5-14_stair1_left.csv,stair1,0.0,0.0,3160.0,290.0,0.0,0.0,0.0,0.0,1392.0,0.0,0.0,0.0,0.0,0.0,0.0,0.0,0.0,0.0
39,2026-05-14 23:05:32,2026-5-14_stair1_left.csv,stair1,0.0,0.0,3160.0,290.0,0.0,0.0,0.0,0.0,1392.0,0.0,0.0,0.0,0.0,0.0,0.0,0.0,0.0,0.0
40,2026-05-14 23:05:32,2026-5-14_stair1_left.csv,stair1,0.0,0.0,3160.0,290.0,0.0,0.0,0.0,0.0,1392.0,0.0,0.0,0.0,0.0,0.0,0.0,0.0,0.0,0.0
41,2026-05-14 23:05:32,2026-5-14_stair1_left.csv,stair1,0.0,0.0,3160.0,290.0,0.0,0.0,0.0,0.0,1392.0,0.0,0.0,0.0,0.0,0.0,0.0,0.0,0.0,0.0
42,2026-05-14 23:05:32,2026-5-14_stair1_left.csv,stair1,0.0,0.0,3160.0,290.0,0.0,0.0,0.0,0.0,1392.0,0.0,0.0,0.0,0.0,0.0,0.0,0.0,0.0,0.0
43,2026-05-14 23:05:32,2026-5-14_stair1_left.csv,stair1,0.0,0.0,3160.0,290.0,0.0,0.0,0.0,0.0,1392.0,0.0,0.0,0.0,0.0,0.0,0.0,0.0,0.0,0.0
44,2026-05-14 23:05:32,2026-5-14_stair1_left.csv,stair1,0.0,0.0,3160.0,290.0,0.0,0.0,0.0,0.0,1392.0,0.0,0.0,0.0,0.0,0.0,0.0,0.0,0.0,0.0
45,2026-05-14 23:05:32,2026-5-14_stair1_left.csv,stair1,0.0,0.0,3160.0,290.0,0.0,0.0,0.0,0.0,1392.0,0.0,0.0,0.0,0.0,0.0,0.0,0.0,0.0,0.0
46,2026-05-14 23:05:32,2026-5-14_stair1_left.csv,stair1,0.0,0.0,3160.0,290.0,0.0,0.0,0.0,0.0,1392.0,0.0,0.0,0.0,0.0,0.0,0.0,0.0,0.0,0.0
47,2026-05-14 23:05:32,2026-5-14_stair1_left.csv,stair1,0.0,0.0,3160.0,290.0,0.0,0.0,0.0,0.0,1392.0,0.0,0.0,0.0,0.0,0.0,0.0,0.0,0.0,0.0
48,2026-05-14 23:05:32,2026-5-14_stair1_left.csv,stair1,0.0,0.0,3160.0,290.0,0.0,0.0,0.0,0.0,1392.0,0.0,0.0,0.0,0.0,0.0,0.0,0.0,0.0,0.0
49,2026-05-14 23:05:32,2026-5-14_stair1_left.csv,stair1,0.0,0.0,3160.0,290.0,0.0,0.0,0.0,0.0,1392.0,0.0,0.0,0.0,0.0,0.0,0.0,0.0,0.0,0.0
50,2026-05-14 23:05:32,2026-5-14_stair1_left.csv,stair1,0.0,0.0,3160.0,290.0,0.0,0.0,0.0,0.0,1392.0,0.0,0.0,0.0,0.0,0.0,0.0,0.0,0.0,0.0
51,2026-05-14 23:05:32,2026-5-14_stair1_left.csv,stair1,0.0,0.0,3160.0,290.0,0.0,0.0,0.0,0.0,1392.0,0.0,0.0,0.0,0.0,0.0,0.0,0.0,0.0,0.0
52,2026-05-14 23:05:32,2026-5-14_stair1_left.csv,stair1,0.0,0.0,3160.0,290.0,0.0,0.0,0.0,0.0,1392.0,0.0,0.0,0.0,0.0,0.0,0.0,0.0,0.0,0.0
53,2026-05-14 23:05:32,2026-5-14_stair1_left.csv,stair1,0.0,0.0,3160.0,290.0,0.0,0.0,0.0,0.0,1392.0,0.0,0.0,0.0,0.0,0.0,0.0,0.0,0.0,0.0
54,2026-05-14 23:05:32,2026-5-14_stair1_left.csv,stair1,0.0,0.0,3160.0,290.0,0.0,0.0,0.0,0.0,1392.0,0.0,0.0,0.0,0.0,0.0,0.0,0.0,0.0,0.0
55,2026-05-14 23:05:32,2026-5-14_stair1_left.csv,stair1,0.0,0.0,3160.0,290.0,0.0,0.0,0.0,0.0,1392.0,0.0,0.0,0.0,0.0,0.0,0.0,0.0,0.0,0.0
56,2026-05-14 23:05:32,2026-5-14_stair1_left.csv,stair1,0.0,0.0,3160.0,290.0,0.0,0.0,0.0,0.0,1392.0,0.0,0.0,0.0,0.0,0.0,0.0,0.0,0.0,0.0
57,2026-05-14 23:05:33,2026-5-14_stair1_left.csv,stair1,0.0,0.0,3160.0,290.0,0.0,0.0,0.0,0.0,1392.0,0.0,0.0,0.0,0.0,0.0,0.0,0.0,0.0,0.0
58,2026-05-14 23:05:33,2026-5-14_stair1_left.csv,stair1,0.0,0.0,3160.0,290.0,0.0,0.0,0.0,0.0,1392.0,0.0,0.0,0.0,0.0,0.0,0.0,0.0,0.0,0.0
59,2026-05-14 23:05:33,2026-5-14_stair1_left.csv,stair1,0.0,0.0,3160.0,290.0,0.0,0.0,0.0,0.0,1392.0,0.0,0.0,0.0,0.0,0.0,0.0,0.0,0.0,0.0
60,2026-05-14 23:05:33,2026-5-14_stair1_left.csv,stair1,0.0,0.0,3160.0,290.0,0.0,0.0,0.0,0.0,1392.0,0.0,0.0,0.0,0.0,0.0,0.0,0.0,0.0,0.0
61,2026-05-14 23:05:33,2026-5-14_stair1_left.csv,stair1,0.0,0.0,3160.0,290.0,0.0,0.0,0.0,0.0,1392.0,0.0,0.0,0.0,0.0,0.0,0.0,0.0,0.0,0.0
62,2026-05-14 23:05:33,2026-5-14_stair1_left.csv,stair1,0.0,0.0,3160.0,290.0,0.0,0.0,0.0,0.0,1392.0,0.0,0.0,0.0,0.0,0.0,0.0,0.0,0.0,0.0
63,2026-05-14 23:05:33,2026-5-14_stair1_left.csv,stair1,0.0,0.0,3160.0,290.0,0.0,0.0,0.0,0.0,1392.0,0.0,0.0,0.0,0.0,0.0,0.0,0.0,0.0,0.0
64,2026-05-14 23:05:33,2026-5-14_stair1_left.csv,stair1,0.0,0.0,3160.0,290.0,0.0,0.0,0.0,0.0,1392.0,0.0,0.0,0.0,0.0,0.0,0.0,0.0,0.0,0.0
65,2026-05-14 23:05:33,2026-5-14_stair1_left.csv,stair1,0.0,0.0,3160.0,290.0,0.0,0.0,0.0,0.0,1392.0,0.0,0.0,0.0,0.0,0.0,0.0,0.0,0.0,0.0
66,2026-05-14 23:05:33,2026-5-14_stair1_left.csv,stair1,0.0,0.0,3160.0,290.0,0.0,0.0,0.0,0.0,1392.0,0.0,0.0,0.0,0.0,0.0,0.0,0.0,0.0,0.0
67,2026-05-14 23:05:33,2026-5-14_stair1_left.csv,stair1,0.0,0.0,3160.0,290.0,0.0,0.0,0.0,0.0,1392.0,0.0,0.0,0.0,0.0,0.0,0.0,0.0,0.0,0.0
68,2026-05-14 23:05:33,2026-5-14_stair1_left.csv,stair1,0.0,0.0,3160.0,290.0,0.0,0.0,0.0,0.0,1392.0,0.0,0.0,0.0,0.0,0.0,0.0,0.0,0.0,0.0
69,2026-05-14 23:05:33,2026-5-14_stair1_left.csv,stair1,0.0,0.0,3160.0,290.0,0.0,0.0,0.0,0.0,1392.0,0.0,0.0,0.0,0.0,0.0,0.0,0.0,0.0,0.0
70,2026-05-14 23:05:33,2026-5-14_stair1_left.csv,stair1,0.0,0.0,3160.0,290.0,0.0,0.0,0.0,0.0,1392.0,0.0,0.0,0.0,0.0,0.0,0.0,0.0,0.0,0.0
71,2026-05-14 23:05:33,2026-5-14_stair1_left.csv,stair1,0.0,0.0,3160.0,290.0,0.0,0.0,0.0,0.0,1392.0,0.0,0.0,0.0,0.0,0.0,0.0,0.0,0.0,0.0
72,2026-05-14 23:05:33,2026-5-14_stair1_left.csv,stair1,0.0,0.0,3160.0,290.0,0.0,0.0,0.0,0.0,1392.0,0.0,0.0,0.0,0.0,0.0,0.0,0.0,0.0,0.0
73,2026-05-14 23:05:33,2026-5-14_stair1_left.csv,stair1,0.0,0.0,3160.0,290.0,0.0,0.0,0.0,0.0,1392.0,0.0,0.0,0.0,0.0,0.0,0.0,0.0,0.0,0.0
74,2026-05-14 23:05:33,2026-5-14_stair1_left.csv,stair1,0.0,0.0,3160.0,290.0,0.0,0.0,0.0,0.0,1392.0,0.0,0.0,0.0,0.0,0.0,0.0,0.0,0.0,0.0
75,2026-05-14 23:05:33,2026-5-14_stair1_left.csv,stair1,0.0,0.0,3160.0,290.0,0.0,0.0,0.0,0.0,1392.0,0.0,0.0,0.0,0.0,0.0,0.0,0.0,0.0,0.0
76,2026-05-14 23:05:33,2026-5-14_stair1_left.csv,stair1,0.0,0.0,3160.0,290.0,0.0,0.0,0.0,0.0,1392.0,0.0,0.0,0.0,0.0,0.0,0.0,0.0,0.0,0.0
77,2026-05-14 23:05:34,2026-5-14_stair1_left.csv,stair1,0.0,0.0,3160.0,290.0,0.0,0.0,0.0,0.0,1392.0,0.0,0.0,0.0,0.0,0.0,0.0,0.0,0.0,0.0
78,2026-05-14 23:05:34,2026-5-14_stair1_left.csv,stair1,0.0,0.0,3160.0,290.0,0.0,0.0,0.0,0.0,1392.0,0.0,0.0,0.0,0.0,0.0,0.0,0.0,0.0,0.0
79,2026-05-14 23:05:34,2026-5-14_stair1_left.csv,stair1,0.0,0.0,3160.0,290.0,0.0,0.0,0.0,0.0,1392.0,0.0,0.0,0.0,0.0,0.0,0.0,0.0,0.0,0.0
80,2026-05-14 23:05:34,2026-5-14_stair1_left.csv,stair1,0.0,0.0,3160.0,290.0,0.0,0.0,0.0,0.0,1392.0,0.0,0.0,0.0,0.0,0.0,0.0,0.0,0.0,0.0
81,2026-05-14 23:05:34,2026-5-14_stair1_left.csv,stair1,0.0,0.0,3160.0,290.0,0.0,0.0,0.0,0.0,1392.0,0.0,0.0,0.0,0.0,0.0,0.0,0.0,0.0,0.0
82,2026-05-14 23:05:34,2026-5-14_stair1_left.csv,stair1,0.0,0.0,3160.0,290.0,0.0,0.0,0.0,0.0,1392.0,0.0,0.0,0.0,0.0,0.0,0.0,0.0,0.0,0.0
83,2026-05-14 23:05:34,2026-5-14_stair1_left.csv,stair1,0.0,0.0,3160.0,290.0,0.0,0.0,0.0,0.0,1392.0,0.0,0.0,0.0,0.0,0.0,0.0,0.0,0.0,0.0
84,2026-05-14 23:05:34,2026-5-14_stair1_left.csv,stair1,0.0,0.0,3160.0,290.0,0.0,0.0,0.0,0.0,1392.0,0.0,0.0,0.0,0.0,0.0,0.0,0.0,0.0,0.0
85,2026-05-14 23:05:34,2026-5-14_stair1_left.csv,stair1,0.0,0.0,3160.0,290.0,0.0,0.0,0.0,0.0,1392.0,0.0,0.0,0.0,0.0,0.0,0.0,0.0,0.0,0.0
86,2026-05-14 23:05:34,2026-5-14_stair1_left.csv,stair1,0.0,0.0,3160.0,290.0,0.0,0.0,0.0,0.0,1392.0,0.0,0.0,0.0,0.0,0.0,0.0,0.0,0.0,0.0
87,2026-05-14 23:05:34,2026-5-14_stair1_left.csv,stair1,0.0,0.0,3160.0,290.0,0.0,0.0,0.0,0.0,1392.0,0.0,0.0,0.0,0.0,0.0,0.0,0.0,0.0,0.0
88,2026-05-14 23:05:34,2026-5-14_stair1_left.csv,stair1,0.0,0.0,3160.0,290.0,0.0,0.0,0.0,0.0,1392.0,0.0,0.0,0.0,0.0,0.0,0.0,0.0,0.0,0.0
89,2026-05-14 23:05:34,2026-5-14_stair1_left.csv,stair1,0.0,0.0,3160.0,290.0,0.0,0.0,0.0,0.0,1392.0,0.0,0.0,0.0,0.0,0.0,0.0,0.0,0.0,0.0
90,2026-05-14 23:05:34,2026-5-14_stair1_left.csv,stair1,0.0,0.0,3160.0,290.0,0.0,0.0,0.0,0.0,1392.0,0.0,0.0,0.0,0.0,0.0,0.0,0.0,0.0,0.0
91,2026-05-14 23:05:34,2026-5-14_stair1_left.csv,stair1,0.0,0.0,3160.0,290.0,0.0,0.0,0.0,0.0,1392.0,0.0,0.0,0.0,0.0,0.0,0.0,0.0,0.0,0.0
92,2026-05-14 23:05:34,2026-5-14_stair1_left.csv,stair1,0.0,0.0,3160.0,290.0,0.0,0.0,0.0,0.0,1392.0,0.0,0.0,0.0,0.0,0.0,0.0,0.0,0.0,0.0
93,2026-05-14 23:05:34,2026-5-14_stair1_left.csv,stair1,0.0,0.0,3160.0,290.0,0.0,0.0,0.0,0.0,1392.0,0.0,0.0,0.0,0.0,0.0,0.0,0.0,0.0,0.0
94,2026-05-14 23:05:34,2026-5-14_stair1_left.csv,stair1,0.0,0.0,3160.0,290.0,0.0,0.0,0.0,0.0,1392.0,0.0,0.0,0.0,0.0,0.0,0.0,0.0,0.0,0.0
95,2026-05-14 23:05:34,2026-5-14_stair1_left.csv,stair1,0.0,0.0,3160.0,290.0,0.0,0.0,0.0,0.0,1392.0,0.0,0.0,0.0,0.0,0.0,0.0,0.0,0.0,0.0
96,2026-05-14 23:05:34,2026-5-14_stair1_left.csv,stair1,0.0,0.0,3160.0,290.0,0.0,0.0,0.0,0.0,1392.0,0.0,0.0,0.0,0.0,0.0,0.0,0.0,0.0,0.0
97,2026-05-14 23:05:35,2026-5-14_stair1_left.csv,stair1,0.0,0.0,3160.0,290.0,0.0,0.0,0.0,0.0,1392.0,0.0,0.0,0.0,0.0,0.0,0.0,0.0,0.0,0.0
98,2026-05-14 23:05:35,2026-5-14_stair1_left.csv,stair1,0.0,0.0,3160.0,290.0,0.0,0.0,0.0,0.0,1392.0,0.0,0.0,0.0,0.0,0.0,0.0,0.0,0.0,0.0
99,2026-05-14 23:05:35,2026-5-14_stair1_left.csv,stair1,0.0,0.0,3160.0,290.0,0.0,0.0,0.0,0.0,1392.0,0.0,0.0,0.0,0.0,0.0,0.0,0.0,0.0,0.0
100,2026-05-14 23:05:35,2026-5-14_stair1_left.csv,stair1,0.0,0.0,3160.0,290.0,0.0,0.0,0.0,0.0,1392.0,0.0,0.0,0.0,0.0,0.0,0.0,0.0,0.0,0.0
101,2026-05-14 23:05:35,2026-5-14_stair1_left.csv,stair1,0.0,0.0,3160.0,290.0,0.0,0.0,0.0,0.0,1392.0,0.0,0.0,0.0,0.0,0.0,0.0,0.0,0.0,0.0
102,2026-05-14 23:05:35,2026-5-14_stair1_left.csv,stair1,0.0,0.0,3160.0,290.0,0.0,0.0,0.0,0.0,1392.0,0.0,0.0,0.0,0.0,0.0,0.0,0.0,0.0,0.0
103,2026-05-14 23:05:35,2026-5-14_stair1_left.csv,stair1,0.0,0.0,3160.0,290.0,0.0,0.0,0.0,0.0,1392.0,0.0,0.0,0.0,0.0,0.0,0.0,0.0,0.0,0.0
104,2026-05-14 23:05:35,2026-5-14_stair1_left.csv,stair1,0.0,0.0,3160.0,290.0,0.0,0.0,0.0,0.0,1392.0,0.0,0.0,0.0,0.0,0.0,0.0,0.0,0.0,0.0
105,2026-05-14 23:05:35,2026-5-14_stair1_left.csv,stair1,0.0,0.0,3160.0,290.0,0.0,0.0,0.0,0.0,1392.0,0.0,0.0,0.0,0.0,0.0,0.0,0.0,0.0,0.0
106,2026-05-14 23:05:35,2026-5-14_stair1_left.csv,stair1,0.0,0.0,3160.0,290.0,0.0,0.0,0.0,0.0,1392.0,0.0,0.0,0.0,0.0,0.0,0.0,0.0,0.0,0.0
107,2026-05-14 23:05:35,2026-5-14_stair1_left.csv,stair1,0.0,0.0,3160.0,290.0,0.0,0.0,0.0,0.0,1392.0,0.0,0.0,0.0,0.0,0.0,0.0,0.0,0.0,0.0
108,2026-05-14 23:05:35,2026-5-14_stair1_left.csv,stair1,0.0,0.0,3160.0,290.0,0.0,0.0,0.0,0.0,1392.0,0.0,0.0,0.0,0.0,0.0,0.0,0.0,0.0,0.0
109,2026-05-14 23:05:35,2026-5-14_stair1_left.csv,stair1,0.0,0.0,3160.0,290.0,0.0,0.0,0.0,0.0,1392.0,0.0,0.0,0.0,0.0,0.0,0.0,0.0,0.0,0.0
110,2026-05-14 23:05:35,2026-5-14_stair1_left.csv,stair1,0.0,0.0,3160.0,290.0,0.0,0.0,0.0,0.0,1392.0,0.0,0.0,0.0,0.0,0.0,0.0,0.0,0.0,0.0
111,2026-05-14 23:05:35,2026-5-14_stair1_left.csv,stair1,0.0,0.0,3160.0,290.0,0.0,0.0,0.0,0.0,1392.0,0.0,0.0,0.0,0.0,0.0,0.0,0.0,0.0,0.0
112,2026-05-14 23:05:35,2026-5-14_stair1_left.csv,stair1,0.0,0.0,3160.0,290.0,0.0,0.0,0.0,0.0,1392.0,0.0,0.0,0.0,0.0,0.0,0.0,0.0,0.0,0.0
113,2026-05-14 23:05:35,2026-5-14_stair1_left.csv,stair1,0.0,0.0,3160.0,290.0,0.0,0.0,0.0,0.0,1392.0,0.0,0.0,0.0,0.0,0.0,0.0,0.0,0.0,0.0
114,2026-05-14 23:05:35,2026-5-14_stair1_left.csv,stair1,0.0,0.0,3160.0,290.0,0.0,0.0,0.0,0.0,1392.0,0.0,0.0,0.0,0.0,0.0,0.0,0.0,0.0,0.0
115,2026-05-14 23:05:35,2026-5-14_stair1_left.csv,stair1,0.0,0.0,3160.0,290.0,0.0,0.0,0.0,0.0,1392.0,0.0,0.0,0.0,0.0,0.0,0.0,0.0,0.0,0.0
116,2026-05-14 23:05:35,2026-5-14_stair1_left.csv,stair1,0.0,0.0,3160.0,290.0,0.0,0.0,0.0,0.0,1392.0,0.0,0.0,0.0,0.0,0.0,0.0,0.0,0.0,0.0
117,2026-05-14 23:05:36,2026-5-14_stair1_left.csv,stair1,0.0,0.0,3160.0,290.0,0.0,0.0,0.0,0.0,1392.0,0.0,0.0,0.0,0.0,0.0,0.0,0.0,0.0,0.0
118,2026-05-14 23:05:36,2026-5-14_stair1_left.csv,stair1,0.0,0.0,3160.0,290.0,0.0,0.0,0.0,0.0,1392.0,0.0,0.0,0.0,0.0,0.0,0.0,0.0,0.0,0.0
119,2026-05-14 23:05:36,2026-5-14_stair1_left.csv,stair1,0.0,0.0,3160.0,290.0,0.0,0.0,0.0,0.0,1392.0,0.0,0.0,0.0,0.0,0.0,0.0,0.0,0.0,0.0
120,2026-05-14 23:05:36,2026-5-14_stair1_left.csv,stair1,0.0,0.0,3160.0,290.0,0.0,0.0,0.0,0.0,1392.0,0.0,0.0,0.0,0.0,0.0,0.0,0.0,0.0,0.0
121,2026-05-14 23:05:36,2026-5-14_stair1_left.csv,stair1,0.0,0.0,3160.0,290.0,0.0,0.0,0.0,0.0,1392.0,0.0,0.0,0.0,0.0,0.0,0.0,0.0,0.0,0.0
122,2026-05-14 23:05:36,2026-5-14_stair1_left.csv,stair1,0.0,0.0,3160.0,290.0,0.0,0.0,0.0,0.0,1392.0,0.0,0.0,0.0,0.0,0.0,0.0,0.0,0.0,0.0
123,2026-05-14 23:05:36,2026-5-14_stair1_left.csv,stair1,0.0,0.0,3160.0,290.0,0.0,0.0,0.0,0.0,1392.0,0.0,0.0,0.0,0.0,0.0,0.0,0.0,0.0,0.0
124,2026-05-14 23:05:36,2026-5-14_stair1_left.csv,stair1,0.0,0.0,3160.0,290.0,0.0,0.0,0.0,0.0,1392.0,0.0,0.0,0.0,0.0,0.0,0.0,0.0,0.0,0.0
125,2026-05-14 23:05:36,2026-5-14_stair1_left.csv,stair1,0.0,0.0,3160.0,290.0,0.0,0.0,0.0,0.0,1392.0,0.0,0.0,0.0,0.0,0.0,0.0,0.0,0.0,0.0
126,2026-05-14 23:05:36,2026-5-14_stair1_left.csv,stair1,0.0,0.0,3160.0,290.0,0.0,0.0,0.0,0.0,1392.0,0.0,0.0,0.0,0.0,0.0,0.0,0.0,0.0,0.0
127,2026-05-14 23:05:36,2026-5-14_stair1_left.csv,stair1,0.0,0.0,3160.0,290.0,0.0,0.0,0.0,0.0,1392.0,0.0,0.0,0.0,0.0,0.0,0.0,0.0,0.0,0.0
128,2026-05-14 23:05:36,2026-5-14_stair1_left.csv,stair1,0.0,0.0,3160.0,290.0,0.0,0.0,0.0,0.0,1392.0,0.0,0.0,0.0,0.0,0.0,0.0,0.0,0.0,0.0
129,2026-05-14 23:05:36,2026-5-14_stair1_left.csv,stair1,0.0,0.0,3160.0,290.0,0.0,0.0,0.0,0.0,1392.0,0.0,0.0,0.0,0.0,0.0,0.0,0.0,0.0,0.0
130,2026-05-14 23:05:36,2026-5-14_stair1_left.csv,stair1,0.0,0.0,3160.0,290.0,0.0,0.0,0.0,0.0,1392.0,0.0,0.0,0.0,0.0,0.0,0.0,0.0,0.0,0.0
131,2026-05-14 23:05:36,2026-5-14_stair1_left.csv,stair1,0.0,0.0,3160.0,290.0,0.0,0.0,0.0,0.0,1392.0,0.0,0.0,0.0,0.0,0.0,0.0,0.0,0.0,0.0
132,2026-05-14 23:05:36,2026-5-14_stair1_left.csv,stair1,0.0,0.0,3160.0,290.0,0.0,0.0,0.0,0.0,1392.0,0.0,0.0,0.0,0.0,0.0,0.0,0.0,0.0,0.0
133,2026-05-14 23:05:36,2026-5-14_stair1_left.csv,stair1,0.0,0.0,3160.0,290.0,0.0,0.0,0.0,0.0,1392.0,0.0,0.0,0.0,0.0,0.0,0.0,0.0,0.0,0.0
134,2026-05-14 23:05:36,2026-5-14_stair1_left.csv,stair1,0.0,0.0,3160.0,290.0,0.0,0.0,0.0,0.0,1392.0,0.0,0.0,0.0,0.0,0.0,0.0,0.0,0.0,0.0
135,2026-05-14 23:05:36,2026-5-14_stair1_left.csv,stair1,0.0,0.0,3160.0,290.0,0.0,0.0,0.0,0.0,1392.0,0.0,0.0,0.0,0.0,0.0,0.0,0.0,0.0,0.0
136,2026-05-14 23:05:36,2026-5-14_stair1_left.csv,stair1,0.0,0.0,3160.0,290.0,0.0,0.0,0.0,0.0,1392.0,0.0,0.0,0.0,0.0,0.0,0.0,0.0,0.0,0.0
137,2026-05-14 23:05:37,2026-5-14_stair1_left.csv,stair1,0.0,0.0,3160.0,290.0,0.0,0.0,0.0,0.0,1392.0,0.0,0.0,0.0,0.0,0.0,0.0,0.0,0.0,0.0
138,2026-05-14 23:05:37,2026-5-14_stair1_left.csv,stair1,0.0,0.0,3160.0,290.0,0.0,0.0,0.0,0.0,1392.0,0.0,0.0,0.0,0.0,0.0,0.0,0.0,0.0,0.0
139,2026-05-14 23:05:37,2026-5-14_stair1_left.csv,stair1,0.0,0.0,3160.0,290.0,0.0,0.0,0.0,0.0,1392.0,0.0,0.0,0.0,0.0,0.0,0.0,0.0,0.0,0.0
140,2026-05-14 23:05:37,2026-5-14_stair1_left.csv,stair1,0.0,0.0,3160.0,290.0,0.0,0.0,0.0,0.0,1392.0,0.0,0.0,0.0,0.0,0.0,0.0,0.0,0.0,0.0
141,2026-05-14 23:05:37,2026-5-14_stair1_left.csv,stair1,0.0,0.0,3160.0,290.0,0.0,0.0,0.0,0.0,1392.0,0.0,0.0,0.0,0.0,0.0,0.0,0.0,0.0,0.0
142,2026-05-14 23:05:37,2026-5-14_stair1_left.csv,stair1,0.0,0.0,3160.0,290.0,0.0,0.0,0.0,0.0,1392.0,0.0,0.0,0.0,0.0,0.0,0.0,0.0,0.0,0.0
143,2026-05-14 23:05:37,2026-5-14_stair1_left.csv,stair1,0.0,0.0,3160.0,290.0,0.0,0.0,0.0,0.0,1392.0,0.0,0.0,0.0,0.0,0.0,0.0,0.0,0.0,0.0
144,2026-05-14 23:05:37,2026-5-14_stair1_left.csv,stair1,0.0,0.0,3160.0,290.0,0.0,0.0,0.0,0.0,1392.0,0.0,0.0,0.0,0.0,0.0,0.0,0.0,0.0,0.0
145,2026-05-14 23:05:37,2026-5-14_stair1_left.csv,stair1,0.0,0.0,3160.0,290.0,0.0,0.0,0.0,0.0,1392.0,0.0,0.0,0.0,0.0,0.0,0.0,0.0,0.0,0.0
146,2026-05-14 23:05:37,2026-5-14_stair1_left.csv,stair1,0.0,0.0,3160.0,290.0,0.0,0.0,0.0,0.0,1392.0,0.0,0.0,0.0,0.0,0.0,0.0,0.0,0.0,0.0
147,2026-05-14 23:05:37,2026-5-14_stair1_left.csv,stair1,0.0,0.0,3160.0,290.0,0.0,0.0,0.0,0.0,1392.0,0.0,0.0,0.0,0.0,0.0,0.0,0.0,0.0,0.0
148,2026-05-14 23:05:37,2026-5-14_stair1_left.csv,stair1,0.0,0.0,3160.0,290.0,0.0,0.0,0.0,0.0,1392.0,0.0,0.0,0.0,0.0,0.0,0.0,0.0,0.0,0.0
149,2026-05-14 23:05:37,2026-5-14_stair1_left.csv,stair1,0.0,0.0,3160.0,290.0,0.0,0.0,0.0,0.0,1392.0,0.0,0.0,0.0,0.0,0.0,0.0,0.0,0.0,0.0
150,2026-05-14 23:05:37,2026-5-14_stair1_left.csv,stair1,0.0,0.0,3160.0,290.0,0.0,0.0,0.0,0.0,1392.0,0.0,0.0,0.0,0.0,0.0,0.0,0.0,0.0,0.0
151,2026-05-14 23:05:37,2026-5-14_stair1_left.csv,stair1,0.0,0.0,3160.0,290.0,0.0,0.0,0.0,0.0,1392.0,0.0,0.0,0.0,0.0,0.0,0.0,0.0,0.0,0.0
152,2026-05-14 23:05:37,2026-5-14_stair1_left.csv,stair1,0.0,0.0,3160.0,290.0,0.0,0.0,0.0,0.0,1392.0,0.0,0.0,0.0,0.0,0.0,0.0,0.0,0.0,0.0
153,2026-05-14 23:05:37,2026-5-14_stair1_left.csv,stair1,0.0,0.0,3160.0,290.0,0.0,0.0,0.0,0.0,1392.0,0.0,0.0,0.0,0.0,0.0,0.0,0.0,0.0,0.0
154,2026-05-14 23:05:37,2026-5-14_stair1_left.csv,stair1,0.0,0.0,3160.0,290.0,0.0,0.0,0.0,0.0,1392.0,0.0,0.0,0.0,0.0,0.0,0.0,0.0,0.0,0.0
155,2026-05-14 23:05:37,2026-5-14_stair1_left.csv,stair1,0.0,0.0,3160.0,290.0,0.0,0.0,0.0,0.0,1392.0,0.0,0.0,0.0,0.0,0.0,0.0,0.0,0.0,0.0
156,2026-05-14 23:05:37,2026-5-14_stair1_left.csv,stair1,0.0,0.0,3160.0,290.0,0.0,0.0,0.0,0.0,1392.0,0.0,0.0,0.0,0.0,0.0,0.0,0.0,0.0,0.0
157,2026-05-14 23:05:38,2026-5-14_stair1_left.csv,stair1,0.0,0.0,3160.0,290.0,0.0,0.0,0.0,0.0,1392.0,0.0,0.0,0.0,0.0,0.0,0.0,0.0,0.0,0.0
158,2026-05-14 23:05:38,2026-5-14_stair1_left.csv,stair1,0.0,0.0,3160.0,290.0,0.0,0.0,0.0,0.0,1392.0,0.0,0.0,0.0,0.0,0.0,0.0,0.0,0.0,0.0
159,2026-05-14 23:05:38,2026-5-14_stair1_left.csv,stair1,0.0,0.0,3160.0,290.0,0.0,0.0,0.0,0.0,1392.0,0.0,0.0,0.0,0.0,0.0,0.0,0.0,0.0,0.0
160,2026-05-14 23:05:38,2026-5-14_stair1_left.csv,stair1,0.0,0.0,3160.0,290.0,0.0,0.0,0.0,0.0,1392.0,0.0,0.0,0.0,0.0,0.0,0.0,0.0,0.0,0.0
161,2026-05-14 23:05:38,2026-5-14_stair1_left.csv,stair1,0.0,0.0,3160.0,290.0,0.0,0.0,0.0,0.0,1392.0,0.0,0.0,0.0,0.0,0.0,0.0,0.0,0.0,0.0
162,2026-05-14 23:05:38,2026-5-14_stair1_left.csv,stair1,0.0,0.0,3160.0,290.0,0.0,0.0,0.0,0.0,1392.0,0.0,0.0,0.0,0.0,0.0,0.0,0.0,0.0,0.0
163,2026-05-14 23:05:38,2026-5-14_stair1_left.csv,stair1,0.0,0.0,3160.0,290.0,0.0,0.0,0.0,0.0,1392.0,0.0,0.0,0.0,0.0,0.0,0.0,0.0,0.0,0.0
164,2026-05-14 23:05:38,2026-5-14_stair1_left.csv,stair1,0.0,0.0,3160.0,290.0,0.0,0.0,0.0,0.0,1392.0,0.0,0.0,0.0,0.0,0.0,0.0,0.0,0.0,0.0
165,2026-05-14 23:05:38,2026-5-14_stair1_left.csv,stair1,0.0,0.0,3160.0,290.0,0.0,0.0,0.0,0.0,1392.0,0.0,0.0,0.0,0.0,0.0,0.0,0.0,0.0,0.0
166,2026-05-14 23:05:38,2026-5-14_stair1_left.csv,stair1,0.0,0.0,3160.0,290.0,0.0,0.0,0.0,0.0,1392.0,0.0,0.0,0.0,0.0,0.0,0.0,0.0,0.0,0.0
167,2026-05-14 23:05:38,2026-5-14_stair1_left.csv,stair1,0.0,0.0,3160.0,290.0,0.0,0.0,0.0,0.0,1392.0,0.0,0.0,0.0,0.0,0.0,0.0,0.0,0.0,0.0
168,2026-05-14 23:05:38,2026-5-14_stair1_left.csv,stair1,0.0,0.0,3160.0,290.0,0.0,0.0,0.0,0.0,1392.0,0.0,0.0,0.0,0.0,0.0,0.0,0.0,0.0,0.0
169,2026-05-14 23:05:38,2026-5-14_stair1_left.csv,stair1,0.0,0.0,3160.0,290.0,0.0,0.0,0.0,0.0,1392.0,0.0,0.0,0.0,0.0,0.0,0.0,0.0,0.0,0.0
170,2026-05-14 23:05:38,2026-5-14_stair1_left.csv,stair1,0.0,0.0,3160.0,290.0,0.0,0.0,0.0,0.0,1392.0,0.0,0.0,0.0,0.0,0.0,0.0,0.0,0.0,0.0
171,2026-05-14 23:05:38,2026-5-14_stair1_left.csv,stair1,0.0,0.0,3160.0,290.0,0.0,0.0,0.0,0.0,1392.0,0.0,0.0,0.0,0.0,0.0,0.0,0.0,0.0,0.0
172,2026-05-14 23:05:38,2026-5-14_stair1_left.csv,stair1,0.0,0.0,3160.0,290.0,0.0,0.0,0.0,0.0,1392.0,0.0,0.0,0.0,0.0,0.0,0.0,0.0,0.0,0.0
173,2026-05-14 23:05:38,2026-5-14_stair1_left.csv,stair1,0.0,0.0,3160.0,290.0,0.0,0.0,0.0,0.0,1392.0,0.0,0.0,0.0,0.0,0.0,0.0,0.0,0.0,0.0
174,2026-05-14 23:05:38,2026-5-14_stair1_left.csv,stair1,0.0,0.0,3160.0,290.0,0.0,0.0,0.0,0.0,1392.0,0.0,0.0,0.0,0.0,0.0,0.0,0.0,0.0,0.0
175,2026-05-14 23:05:38,2026-5-14_stair1_left.csv,stair1,0.0,0.0,3160.0,290.0,0.0,0.0,0.0,0.0,1392.0,0.0,0.0,0.0,0.0,0.0,0.0,0.0,0.0,0.0
176,2026-05-14 23:05:38,2026-5-14_stair1_left.csv,stair1,0.0,0.0,3160.0,290.0,0.0,0.0,0.0,0.0,1392.0,0.0,0.0,0.0,0.0,0.0,0.0,0.0,0.0,0.0
177,2026-05-14 23:05:39,2026-5-14_stair1_left.csv,stair1,0.0,0.0,3160.0,290.0,0.0,0.0,0.0,0.0,1392.0,0.0,0.0,0.0,0.0,0.0,0.0,0.0,0.0,0.0
178,2026-05-14 23:05:39,2026-5-14_stair1_left.csv,stair1,0.0,0.0,3160.0,290.0,0.0,0.0,0.0,0.0,1392.0,0.0,0.0,0.0,0.0,0.0,0.0,0.0,0.0,0.0
179,2026-05-14 23:05:39,2026-5-14_stair1_left.csv,stair1,0.0,0.0,3160.0,290.0,0.0,0.0,0.0,0.0,1392.0,0.0,0.0,0.0,0.0,0.0,0.0,0.0,0.0,0.0
180,2026-05-14 23:05:39,2026-5-14_stair1_left.csv,stair1,0.0,0.0,3160.0,290.0,0.0,0.0,0.0,0.0,1392.0,0.0,0.0,0.0,0.0,0.0,0.0,0.0,0.0,0.0
181,2026-05-14 23:05:39,2026-5-14_stair1_left.csv,stair1,0.0,0.0,3160.0,290.0,0.0,0.0,0.0,0.0,1392.0,0.0,0.0,0.0,0.0,0.0,0.0,0.0,0.0,0.0
182,2026-05-14 23:05:39,2026-5-14_stair1_left.csv,stair1,0.0,0.0,3160.0,290.0,0.0,0.0,0.0,0.0,1392.0,0.0,0.0,0.0,0.0,0.0,0.0,0.0,0.0,0.0
183,2026-05-14 23:05:39,2026-5-14_stair1_left.csv,stair1,0.0,0.0,3160.0,290.0,0.0,0.0,0.0,0.0,1392.0,0.0,0.0,0.0,0.0,0.0,0.0,0.0,0.0,0.0
184,2026-05-14 23:05:39,2026-5-14_stair1_left.csv,stair1,0.0,0.0,3160.0,290.0,0.0,0.0,0.0,0.0,1392.0,0.0,0.0,0.0,0.0,0.0,0.0,0.0,0.0,0.0
185,2026-05-14 23:05:39,2026-5-14_stair1_left.csv,stair1,0.0,0.0,3160.0,290.0,0.0,0.0,0.0,0.0,1392.0,0.0,0.0,0.0,0.0,0.0,0.0,0.0,0.0,0.0
186,2026-05-14 23:05:39,2026-5-14_stair1_left.csv,stair1,0.0,0.0,3160.0,290.0,0.0,0.0,0.0,0.0,1392.0,0.0,0.0,0.0,0.0,0.0,0.0,0.0,0.0,0.0
187,2026-05-14 23:05:39,2026-5-14_stair1_left.csv,stair1,0.0,0.0,3160.0,290.0,0.0,0.0,0.0,0.0,1392.0,0.0,0.0,0.0,0.0,0.0,0.0,0.0,0.0,0.0
188,2026-05-14 23:05:39,2026-5-14_stair1_left.csv,stair1,0.0,0.0,3160.0,290.0,0.0,0.0,0.0,0.0,1392.0,0.0,0.0,0.0,0.0,0.0,0.0,0.0,0.0,0.0
189,2026-05-14 23:05:39,2026-5-14_stair1_left.csv,stair1,0.0,0.0,3160.0,290.0,0.0,0.0,0.0,0.0,1392.0,0.0,0.0,0.0,0.0,0.0,0.0,0.0,0.0,0.0
190,2026-05-14 23:05:39,2026-5-14_stair1_left.csv,stair1,0.0,0.0,3160.0,290.0,0.0,0.0,0.0,0.0,1392.0,0.0,0.0,0.0,0.0,0.0,0.0,0.0,0.0,0.0
191,2026-05-14 23:05:39,2026-5-14_stair1_left.csv,stair1,0.0,0.0,3160.0,290.0,0.0,0.0,0.0,0.0,1392.0,0.0,0.0,0.0,0.0,0.0,0.0,0.0,0.0,0.0
192,2026-05-14 23:05:39,2026-5-14_stair1_left.csv,stair1,0.0,0.0,3160.0,290.0,0.0,0.0,0.0,0.0,1392.0,0.0,0.0,0.0,0.0,0.0,0.0,0.0,0.0,0.0
193,2026-05-14 23:05:39,2026-5-14_stair1_left.csv,stair1,0.0,0.0,3160.0,290.0,0.0,0.0,0.0,0.0,1392.0,0.0,0.0,0.0,0.0,0.0,0.0,0.0,0.0,0.0
194,2026-05-14 23:05:39,2026-5-14_stair1_left.csv,stair1,0.0,0.0,3160.0,290.0,0.0,0.0,0.0,0.0,1392.0,0.0,0.0,0.0,0.0,0.0,0.0,0.0,0.0,0.0
195,2026-05-14 23:05:39,2026-5-14_stair1_left.csv,stair1,0.0,0.0,3160.0,290.0,0.0,0.0,0.0,0.0,1392.0,0.0,0.0,0.0,0.0,0.0,0.0,0.0,0.0,0.0
196,2026-05-14 23:05:39,2026-5-14_stair1_left.csv,stair1,0.0,0.0,3160.0,290.0,0.0,0.0,0.0,0.0,1392.0,0.0,0.0,0.0,0.0,0.0,0.0,0.0,0.0,0.0
197,2026-05-14 23:05:40,2026-5-14_stair1_left.csv,stair1,0.0,0.0,3160.0,290.0,0.0,0.0,0.0,0.0,1392.0,0.0,0.0,0.0,0.0,0.0,0.0,0.0,0.0,0.0
198,2026-05-14 23:05:40,2026-5-14_stair1_left.csv,stair1,0.0,0.0,3160.0,290.0,0.0,0.0,0.0,0.0,1392.0,0.0,0.0,0.0,0.0,0.0,0.0,0.0,0.0,0.0
199,2026-05-14 23:05:40,2026-5-14_stair1_left.csv,stair1,0.0,0.0,3160.0,290.0,0.0,0.0,0.0,0.0,1392.0,0.0,0.0,0.0,0.0,0.0,0.0,0.0,0.0,0.0
200,2026-05-14 23:05:40,2026-5-14_stair1_left.csv,stair1,0.0,0.0,3160.0,290.0,0.0,0.0,0.0,0.0,1392.0,0.0,0.0,0.0,0.0,0.0,0.0,0.0,0.0,0.0
201,2026-05-14 23:05:40,2026-5-14_stair1_left.csv,stair1,0.0,0.0,3160.0,290.0,0.0,0.0,0.0,0.0,1392.0,0.0,0.0,0.0,0.0,0.0,0.0,0.0,0.0,0.0
202,2026-05-14 23:05:40,2026-5-14_stair1_left.csv,stair1,0.0,0.0,3160.0,290.0,0.0,0.0,0.0,0.0,1392.0,0.0,0.0,0.0,0.0,0.0,0.0,0.0,0.0,0.0
203,2026-05-14 23:05:40,2026-5-14_stair1_left.csv,stair1,0.0,0.0,3160.0,290.0,0.0,0.0,0.0,0.0,1392.0,0.0,0.0,0.0,0.0,0.0,0.0,0.0,0.0,0.0
204,2026-05-14 23:05:40,2026-5-14_stair1_left.csv,stair1,0.0,0.0,3160.0,290.0,0.0,0.0,0.0,0.0,1392.0,0.0,0.0,0.0,0.0,0.0,0.0,0.0,0.0,0.0
205,2026-05-14 23:05:40,2026-5-14_stair1_left.csv,stair1,0.0,0.0,3160.0,290.0,0.0,0.0,0.0,0.0,1392.0,0.0,0.0,0.0,0.0,0.0,0.0,0.0,0.0,0.0
206,2026-05-14 23:05:40,2026-5-14_stair1_left.csv,stair1,0.0,0.0,3160.0,290.0,0.0,0.0,0.0,0.0,1392.0,0.0,0.0,0.0,0.0,0.0,0.0,0.0,0.0,0.0
207,2026-05-14 23:05:40,2026-5-14_stair1_left.csv,stair1,0.0,0.0,3160.0,290.0,0.0,0.0,0.0,0.0,1392.0,0.0,0.0,0.0,0.0,0.0,0.0,0.0,0.0,0.0
208,2026-05-14 23:05:40,2026-5-14_stair1_left.csv,stair1,0.0,0.0,3160.0,290.0,0.0,0.0,0.0,0.0,1392.0,0.0,0.0,0.0,0.0,0.0,0.0,0.0,0.0,0.0
209,2026-05-14 23:05:40,2026-5-14_stair1_left.csv,stair1,0.0,0.0,3160.0,290.0,0.0,0.0,0.0,0.0,1392.0,0.0,0.0,0.0,0.0,0.0,0.0,0.0,0.0,0.0
210,2026-05-14 23:05:40,2026-5-14_stair1_left.csv,stair1,0.0,0.0,3160.0,290.0,0.0,0.0,0.0,0.0,1392.0,0.0,0.0,0.0,0.0,0.0,0.0,0.0,0.0,0.0
211,2026-05-14 23:05:40,2026-5-14_stair1_left.csv,stair1,0.0,0.0,3160.0,290.0,0.0,0.0,0.0,0.0,1392.0,0.0,0.0,0.0,0.0,0.0,0.0,0.0,0.0,0.0
212,2026-05-14 23:05:40,2026-5-14_stair1_left.csv,stair1,0.0,0.0,3160.0,290.0,0.0,0.0,0.0,0.0,1392.0,0.0,0.0,0.0,0.0,0.0,0.0,0.0,0.0,0.0
213,2026-05-14 23:05:40,2026-5-14_stair1_left.csv,stair1,0.0,0.0,3160.0,290.0,0.0,0.0,0.0,0.0,1392.0,0.0,0.0,0.0,0.0,0.0,0.0,0.0,0.0,0.0
214,2026-05-14 23:05:40,2026-5-14_stair1_left.csv,stair1,0.0,0.0,3160.0,290.0,0.0,0.0,0.0,0.0,1392.0,0.0,0.0,0.0,0.0,0.0,0.0,0.0,0.0,0.0
215,2026-05-14 23:05:40,2026-5-14_stair1_left.csv,stair1,0.0,0.0,3160.0,290.0,0.0,0.0,0.0,0.0,1392.0,0.0,0.0,0.0,0.0,0.0,0.0,0.0,0.0,0.0
216,2026-05-14 23:05:40,2026-5-14_stair1_left.csv,stair1,0.0,0.0,3160.0,290.0,0.0,0.0,0.0,0.0,1392.0,0.0,0.0,0.0,0.0,0.0,0.0,0.0,0.0,0.0
217,2026-05-14 23:05:41,2026-5-14_stair1_left.csv,stair1,0.0,0.0,3160.0,290.0,0.0,0.0,0.0,0.0,1392.0,0.0,0.0,0.0,0.0,0.0,0.0,0.0,0.0,0.0
218,2026-05-14 23:05:41,2026-5-14_stair1_left.csv,stair1,0.0,0.0,3160.0,290.0,0.0,0.0,0.0,0.0,1392.0,0.0,0.0,0.0,0.0,0.0,0.0,0.0,0.0,0.0
219,2026-05-14 23:05:41,2026-5-14_stair1_left.csv,stair1,0.0,0.0,3160.0,290.0,0.0,0.0,0.0,0.0,1392.0,0.0,0.0,0.0,0.0,0.0,0.0,0.0,0.0,0.0
220,2026-05-14 23:05:41,2026-5-14_stair1_left.csv,stair1,0.0,0.0,3160.0,290.0,0.0,0.0,0.0,0.0,1392.0,0.0,0.0,0.0,0.0,0.0,0.0,0.0,0.0,0.0
221,2026-05-14 23:05:41,2026-5-14_stair1_left.csv,stair1,0.0,0.0,3160.0,290.0,0.0,0.0,0.0,0.0,1392.0,0.0,0.0,0.0,0.0,0.0,0.0,0.0,0.0,0.0
222,2026-05-14 23:05:41,2026-5-14_stair1_left.csv,stair1,0.0,0.0,3160.0,290.0,0.0,0.0,0.0,0.0,1392.0,0.0,0.0,0.0,0.0,0.0,0.0,0.0,0.0,0.0
223,2026-05-14 23:05:41,2026-5-14_stair1_left.csv,stair1,0.0,0.0,3160.0,290.0,0.0,0.0,0.0,0.0,1392.0,0.0,0.0,0.0,0.0,0.0,0.0,0.0,0.0,0.0
224,2026-05-14 23:05:41,2026-5-14_stair1_left.csv,stair1,0.0,0.0,3160.0,290.0,0.0,0.0,0.0,0.0,1392.0,0.0,0.0,0.0,0.0,0.0,0.0,0.0,0.0,0.0
225,2026-05-14 23:05:41,2026-5-14_stair1_left.csv,stair1,0.0,0.0,3160.0,290.0,0.0,0.0,0.0,0.0,1392.0,0.0,0.0,0.0,0.0,0.0,0.0,0.0,0.0,0.0
226,2026-05-14 23:05:41,2026-5-14_stair1_left.csv,stair1,0.0,0.0,3160.0,290.0,0.0,0.0,0.0,0.0,1392.0,0.0,0.0,0.0,0.0,0.0,0.0,0.0,0.0,0.0
227,2026-05-14 23:05:41,2026-5-14_stair1_left.csv,stair1,0.0,0.0,3160.0,290.0,0.0,0.0,0.0,0.0,1392.0,0.0,0.0,0.0,0.0,0.0,0.0,0.0,0.0,0.0
228,2026-05-14 23:05:41,2026-5-14_stair1_left.csv,stair1,0.0,0.0,3160.0,290.0,0.0,0.0,0.0,0.0,1392.0,0.0,0.0,0.0,0.0,0.0,0.0,0.0,0.0,0.0
229,2026-05-14 23:05:41,2026-5-14_stair1_left.csv,stair1,0.0,0.0,3160.0,290.0,0.0,0.0,0.0,0.0,1392.0,0.0,0.0,0.0,0.0,0.0,0.0,0.0,0.0,0.0
230,2026-05-14 23:05:41,2026-5-14_stair1_left.csv,stair1,0.0,0.0,3160.0,290.0,0.0,0.0,0.0,0.0,1392.0,0.0,0.0,0.0,0.0,0.0,0.0,0.0,0.0,0.0
231,2026-05-14 23:05:41,2026-5-14_stair1_left.csv,stair1,0.0,0.0,3160.0,290.0,0.0,0.0,0.0,0.0,1392.0,0.0,0.0,0.0,0.0,0.0,0.0,0.0,0.0,0.0
232,2026-05-14 23:05:41,2026-5-14_stair1_left.csv,stair1,0.0,0.0,3160.0,290.0,0.0,0.0,0.0,0.0,1392.0,0.0,0.0,0.0,0.0,0.0,0.0,0.0,0.0,0.0
233,2026-05-14 23:05:41,2026-5-14_stair1_left.csv,stair1,0.0,0.0,3160.0,290.0,0.0,0.0,0.0,0.0,1392.0,0.0,0.0,0.0,0.0,0.0,0.0,0.0,0.0,0.0
234,2026-05-14 23:05:41,2026-5-14_stair1_left.csv,stair1,0.0,0.0,3160.0,290.0,0.0,0.0,0.0,0.0,1392.0,0.0,0.0,0.0,0.0,0.0,0.0,0.0,0.0,0.0
235,2026-05-14 23:05:41,2026-5-14_stair1_left.csv,stair1,0.0,0.0,3160.0,290.0,0.0,0.0,0.0,0.0,1392.0,0.0,0.0,0.0,0.0,0.0,0.0,0.0,0.0,0.0
236,2026-05-14 23:05:41,2026-5-14_stair1_left.csv,stair1,0.0,0.0,3160.0,290.0,0.0,0.0,0.0,0.0,1392.0,0.0,0.0,0.0,0.0,0.0,0.0,0.0,0.0,0.0
237,2026-05-14 23:05:42,2026-5-14_stair1_left.csv,stair1,0.0,0.0,3160.0,290.0,0.0,0.0,0.0,0.0,1392.0,0.0,0.0,0.0,0.0,0.0,0.0,0.0,0.0,0.0
238,2026-05-14 23:05:42,2026-5-14_stair1_left.csv,stair1,0.0,0.0,3160.0,290.0,0.0,0.0,0.0,0.0,1392.0,0.0,0.0,0.0,0.0,0.0,0.0,0.0,0.0,0.0
239,2026-05-14 23:05:42,2026-5-14_stair1_left.csv,stair1,0.0,0.0,3160.0,290.0,0.0,0.0,0.0,0.0,1392.0,0.0,0.0,0.0,0.0,0.0,0.0,0.0,0.0,0.0
240,2026-05-14 23:05:42,2026-5-14_stair1_left.csv,stair1,0.0,0.0,3160.0,290.0,0.0,0.0,0.0,0.0,1392.0,0.0,0.0,0.0,0.0,0.0,0.0,0.0,0.0,0.0
241,2026-05-14 23:05:42,2026-5-14_stair1_left.csv,stair1,0.0,0.0,3160.0,290.0,0.0,0.0,0.0,0.0,1392.0,0.0,0.0,0.0,0.0,0.0,0.0,0.0,0.0,0.0
242,2026-05-14 23:05:42,2026-5-14_stair1_left.csv,stair1,0.0,0.0,3160.0,290.0,0.0,0.0,0.0,0.0,1392.0,0.0,0.0,0.0,0.0,0.0,0.0,0.0,0.0,0.0
243,2026-05-14 23:05:42,2026-5-14_stair1_left.csv,stair1,0.0,0.0,3160.0,290.0,0.0,0.0,0.0,0.0,1392.0,0.0,0.0,0.0,0.0,0.0,0.0,0.0,0.0,0.0
244,2026-05-14 23:05:42,2026-5-14_stair1_left.csv,stair1,0.0,0.0,3160.0,290.0,0.0,0.0,0.0,0.0,1392.0,0.0,0.0,0.0,0.0,0.0,0.0,0.0,0.0,0.0
245,2026-05-14 23:05:42,2026-5-14_stair1_left.csv,stair1,0.0,0.0,3160.0,290.0,0.0,0.0,0.0,0.0,1392.0,0.0,0.0,0.0,0.0,0.0,0.0,0.0,0.0,0.0
246,2026-05-14 23:05:42,2026-5-14_stair1_left.csv,stair1,0.0,0.0,3160.0,290.0,0.0,0.0,0.0,0.0,1392.0,0.0,0.0,0.0,0.0,0.0,0.0,0.0,0.0,0.0
247,2026-05-14 23:05:42,2026-5-14_stair1_left.csv,stair1,0.0,0.0,3160.0,290.0,0.0,0.0,0.0,0.0,1392.0,0.0,0.0,0.0,0.0,0.0,0.0,0.0,0.0,0.0
248,2026-05-14 23:05:42,2026-5-14_stair1_left.csv,stair1,0.0,0.0,3160.0,290.0,0.0,0.0,0.0,0.0,1392.0,0.0,0.0,0.0,0.0,0.0,0.0,0.0,0.0,0.0
249,2026-05-14 23:05:42,2026-5-14_stair1_left.csv,stair1,0.0,0.0,3160.0,290.0,0.0,0.0,0.0,0.0,1392.0,0.0,0.0,0.0,0.0,0.0,0.0,0.0,0.0,0.0
250,2026-05-14 23:05:42,2026-5-14_stair1_left.csv,stair1,0.0,0.0,3160.0,290.0,0.0,0.0,0.0,0.0,1392.0,0.0,0.0,0.0,0.0,0.0,0.0,0.0,0.0,0.0
251,2026-05-14 23:05:42,2026-5-14_stair1_left.csv,stair1,0.0,0.0,3160.0,290.0,0.0,0.0,0.0,0.0,1392.0,0.0,0.0,0.0,0.0,0.0,0.0,0.0,0.0,0.0
252,2026-05-14 23:05:42,2026-5-14_stair1_left.csv,stair1,0.0,0.0,3160.0,290.0,0.0,0.0,0.0,0.0,1392.0,0.0,0.0,0.0,0.0,0.0,0.0,0.0,0.0,0.0
253,2026-05-14 23:05:42,2026-5-14_stair1_left.csv,stair1,0.0,0.0,3160.0,290.0,0.0,0.0,0.0,0.0,1392.0,0.0,0.0,0.0,0.0,0.0,0.0,0.0,0.0,0.0
254,2026-05-14 23:05:42,2026-5-14_stair1_left.csv,stair1,0.0,0.0,3160.0,290.0,0.0,0.0,0.0,0.0,1392.0,0.0,0.0,0.0,0.0,0.0,0.0,0.0,0.0,0.0
255,2026-05-14 23:05:42,2026-5-14_stair1_left.csv,stair1,0.0,0.0,3160.0,290.0,0.0,0.0,0.0,0.0,1392.0,0.0,0.0,0.0,0.0,0.0,0.0,0.0,0.0,0.0
256,2026-05-14 23:05:42,2026-5-14_stair1_left.csv,stair1,0.0,0.0,3160.0,290.0,0.0,0.0,0.0,0.0,1392.0,0.0,0.0,0.0,0.0,0.0,0.0,0.0,0.0,0.0
257,2026-05-14 23:05:43,2026-5-14_stair1_left.csv,stair1,0.0,0.0,3160.0,290.0,0.0,0.0,0.0,0.0,1392.0,0.0,0.0,0.0,0.0,0.0,0.0,0.0,0.0,0.0
258,2026-05-14 23:05:43,2026-5-14_stair1_left.csv,stair1,0.0,0.0,3160.0,290.0,0.0,0.0,0.0,0.0,1392.0,0.0,0.0,0.0,0.0,0.0,0.0,0.0,0.0,0.0
259,2026-05-14 23:05:43,2026-5-14_stair1_left.csv,stair1,0.0,0.0,3160.0,290.0,0.0,0.0,0.0,0.0,1392.0,0.0,0.0,0.0,0.0,0.0,0.0,0.0,0.0,0.0
260,2026-05-14 23:05:43,2026-5-14_stair1_left.csv,stair1,0.0,0.0,3160.0,290.0,0.0,0.0,0.0,0.0,1392.0,0.0,0.0,0.0,0.0,0.0,0.0,0.0,0.0,0.0
261,2026-05-14 23:05:43,2026-5-14_stair1_left.csv,stair1,0.0,0.0,3160.0,290.0,0.0,0.0,0.0,0.0,1392.0,0.0,0.0,0.0,0.0,0.0,0.0,0.0,0.0,0.0
262,2026-05-14 23:05:43,2026-5-14_stair1_left.csv,stair1,0.0,0.0,3160.0,290.0,0.0,0.0,0.0,0.0,1392.0,0.0,0.0,0.0,0.0,0.0,0.0,0.0,0.0,0.0
263,2026-05-14 23:05:43,2026-5-14_stair1_left.csv,stair1,0.0,0.0,3160.0,290.0,0.0,0.0,0.0,0.0,1392.0,0.0,0.0,0.0,0.0,0.0,0.0,0.0,0.0,0.0
264,2026-05-14 23:05:43,2026-5-14_stair1_left.csv,stair1,0.0,0.0,3160.0,290.0,0.0,0.0,0.0,0.0,1392.0,0.0,0.0,0.0,0.0,0.0,0.0,0.0,0.0,0.0
265,2026-05-14 23:05:43,2026-5-14_stair1_left.csv,stair1,0.0,0.0,3160.0,290.0,0.0,0.0,0.0,0.0,1392.0,0.0,0.0,0.0,0.0,0.0,0.0,0.0,0.0,0.0
266,2026-05-14 23:05:43,2026-5-14_stair1_left.csv,stair1,0.0,0.0,3160.0,290.0,0.0,0.0,0.0,0.0,1392.0,0.0,0.0,0.0,0.0,0.0,0.0,0.0,0.0,0.0
267,2026-05-14 23:05:43,2026-5-14_stair1_left.csv,stair1,0.0,0.0,3160.0,290.0,0.0,0.0,0.0,0.0,1392.0,0.0,0.0,0.0,0.0,0.0,0.0,0.0,0.0,0.0
268,2026-05-14 23:05:43,2026-5-14_stair1_left.csv,stair1,0.0,0.0,3160.0,290.0,0.0,0.0,0.0,0.0,1392.0,0.0,0.0,0.0,0.0,0.0,0.0,0.0,0.0,0.0
269,2026-05-14 23:05:43,2026-5-14_stair1_left.csv,stair1,0.0,0.0,3160.0,290.0,0.0,0.0,0.0,0.0,1392.0,0.0,0.0,0.0,0.0,0.0,0.0,0.0,0.0,0.0
270,2026-05-14 23:05:43,2026-5-14_stair1_left.csv,stair1,0.0,0.0,3160.0,290.0,0.0,0.0,0.0,0.0,1392.0,0.0,0.0,0.0,0.0,0.0,0.0,0.0,0.0,0.0
271,2026-05-14 23:05:43,2026-5-14_stair1_left.csv,stair1,0.0,0.0,3160.0,290.0,0.0,0.0,0.0,0.0,1392.0,0.0,0.0,0.0,0.0,0.0,0.0,0.0,0.0,0.0
272,2026-05-14 23:05:43,2026-5-14_stair1_left.csv,stair1,0.0,0.0,3160.0,290.0,0.0,0.0,0.0,0.0,1392.0,0.0,0.0,0.0,0.0,0.0,0.0,0.0,0.0,0.0
273,2026-05-14 23:05:43,2026-5-14_stair1_left.csv,stair1,0.0,0.0,3160.0,290.0,0.0,0.0,0.0,0.0,1392.0,0.0,0.0,0.0,0.0,0.0,0.0,0.0,0.0,0.0
274,2026-05-14 23:05:43,2026-5-14_stair1_left.csv,stair1,0.0,0.0,3160.0,290.0,0.0,0.0,0.0,0.0,1392.0,0.0,0.0,0.0,0.0,0.0,0.0,0.0,0.0,0.0
275,2026-05-14 23:05:43,2026-5-14_stair1_left.csv,stair1,0.0,0.0,3160.0,290.0,0.0,0.0,0.0,0.0,1392.0,0.0,0.0,0.0,0.0,0.0,0.0,0.0,0.0,0.0
276,2026-05-14 23:05:43,2026-5-14_stair1_left.csv,stair1,0.0,0.0,3160.0,290.0,0.0,0.0,0.0,0.0,1392.0,0.0,0.0,0.0,0.0,0.0,0.0,0.0,0.0,0.0
277,2026-05-14 23:05:44,2026-5-14_stair1_left.csv,stair1,0.0,0.0,3160.0,290.0,0.0,0.0,0.0,0.0,1392.0,0.0,0.0,0.0,0.0,0.0,0.0,0.0,0.0,0.0
278,2026-05-14 23:05:44,2026-5-14_stair1_left.csv,stair1,0.0,0.0,3160.0,290.0,0.0,0.0,0.0,0.0,1392.0,0.0,0.0,0.0,0.0,0.0,0.0,0.0,0.0,0.0
279,2026-05-14 23:05:44,2026-5-14_stair1_left.csv,stair1,0.0,0.0,3160.0,290.0,0.0,0.0,0.0,0.0,1392.0,0.0,0.0,0.0,0.0,0.0,0.0,0.0,0.0,0.0
280,2026-05-14 23:05:44,2026-5-14_stair1_left.csv,stair1,0.0,0.0,3160.0,290.0,0.0,0.0,0.0,0.0,1392.0,0.0,0.0,0.0,0.0,0.0,0.0,0.0,0.0,0.0
281,2026-05-14 23:05:44,2026-5-14_stair1_left.csv,stair1,0.0,0.0,3160.0,290.0,0.0,0.0,0.0,0.0,1392.0,0.0,0.0,0.0,0.0,0.0,0.0,0.0,0.0,0.0
282,2026-05-14 23:05:44,2026-5-14_stair1_left.csv,stair1,0.0,0.0,3160.0,290.0,0.0,0.0,0.0,0.0,1392.0,0.0,0.0,0.0,0.0,0.0,0.0,0.0,0.0,0.0
283,2026-05-14 23:05:44,2026-5-14_stair1_left.csv,stair1,0.0,0.0,3160.0,290.0,0.0,0.0,0.0,0.0,1392.0,0.0,0.0,0.0,0.0,0.0,0.0,0.0,0.0,0.0
284,2026-05-14 23:05:44,2026-5-14_stair1_left.csv,stair1,0.0,0.0,3160.0,290.0,0.0,0.0,0.0,0.0,1392.0,0.0,0.0,0.0,0.0,0.0,0.0,0.0,0.0,0.0
285,2026-05-14 23:05:44,2026-5-14_stair1_left.csv,stair1,0.0,0.0,3160.0,290.0,0.0,0.0,0.0,0.0,1392.0,0.0,0.0,0.0,0.0,0.0,0.0,0.0,0.0,0.0
286,2026-05-14 23:05:44,2026-5-14_stair1_left.csv,stair1,0.0,0.0,3160.0,290.0,0.0,0.0,0.0,0.0,1392.0,0.0,0.0,0.0,0.0,0.0,0.0,0.0,0.0,0.0
287,2026-05-14 23:05:44,2026-5-14_stair1_left.csv,stair1,0.0,0.0,3160.0,290.0,0.0,0.0,0.0,0.0,1392.0,0.0,0.0,0.0,0.0,0.0,0.0,0.0,0.0,0.0
288,2026-05-14 23:05:44,2026-5-14_stair1_left.csv,stair1,0.0,0.0,3160.0,290.0,0.0,0.0,0.0,0.0,1392.0,0.0,0.0,0.0,0.0,0.0,0.0,0.0,0.0,0.0
289,2026-05-14 23:05:44,2026-5-14_stair1_left.csv,stair1,0.0,0.0,3160.0,290.0,0.0,0.0,0.0,0.0,1392.0,0.0,0.0,0.0,0.0,0.0,0.0,0.0,0.0,0.0
290,2026-05-14 23:05:44,2026-5-14_stair1_left.csv,stair1,0.0,0.0,3160.0,290.0,0.0,0.0,0.0,0.0,1392.0,0.0,0.0,0.0,0.0,0.0,0.0,0.0,0.0,0.0
291,2026-05-14 23:05:44,2026-5-14_stair1_left.csv,stair1,0.0,0.0,3160.0,290.0,0.0,0.0,0.0,0.0,1392.0,0.0,0.0,0.0,0.0,0.0,0.0,0.0,0.0,0.0
292,2026-05-14 23:05:44,2026-5-14_stair1_left.csv,stair1,0.0,0.0,3160.0,290.0,0.0,0.0,0.0,0.0,1392.0,0.0,0.0,0.0,0.0,0.0,0.0,0.0,0.0,0.0
293,2026-05-14 23:05:44,2026-5-14_stair1_left.csv,stair1,0.0,0.0,3160.0,290.0,0.0,0.0,0.0,0.0,1392.0,0.0,0.0,0.0,0.0,0.0,0.0,0.0,0.0,0.0
294,2026-05-14 23:05:44,2026-5-14_stair1_left.csv,stair1,0.0,0.0,3160.0,290.0,0.0,0.0,0.0,0.0,1392.0,0.0,0.0,0.0,0.0,0.0,0.0,0.0,0.0,0.0
295,2026-05-14 23:05:44,2026-5-14_stair1_left.csv,stair1,0.0,0.0,3160.0,290.0,0.0,0.0,0.0,0.0,1392.0,0.0,0.0,0.0,0.0,0.0,0.0,0.0,0.0,0.0
296,2026-05-14 23:05:44,2026-5-14_stair1_left.csv,stair1,0.0,0.0,3160.0,290.0,0.0,0.0,0.0,0.0,1392.0,0.0,0.0,0.0,0.0,0.0,0.0,0.0,0.0,0.0
297,2026-05-14 23:05:45,2026-5-14_stair1_left.csv,stair1,0.0,0.0,3160.0,290.0,0.0,0.0,0.0,0.0,1392.0,0.0,0.0,0.0,0.0,0.0,0.0,0.0,0.0,0.0
298,2026-05-14 23:05:45,2026-5-14_stair1_left.csv,stair1,0.0,0.0,3160.0,290.0,0.0,0.0,0.0,0.0,1392.0,0.0,0.0,0.0,0.0,0.0,0.0,0.0,0.0,0.0
299,2026-05-14 23:05:45,2026-5-14_stair1_left.csv,stair1,0.0,0.0,3160.0,290.0,0.0,0.0,0.0,0.0,1392.0,0.0,0.0,0.0,0.0,0.0,0.0,0.0,0.0,0.0
300,2026-05-14 23:05:45,2026-5-14_stair1_left.csv,stair1,0.0,0.0,3160.0,290.0,0.0,0.0,0.0,0.0,1392.0,0.0,0.0,0.0,0.0,0.0,0.0,0.0,0.0,0.0
301,2026-05-14 23:05:45,2026-5-14_stair1_left.csv,stair1,0.0,0.0,3160.0,290.0,0.0,0.0,0.0,0.0,1392.0,0.0,0.0,0.0,0.0,0.0,0.0,0.0,0.0,0.0
302,2026-05-14 23:05:45,2026-5-14_stair1_left.csv,stair1,0.0,0.0,3160.0,290.0,0.0,0.0,0.0,0.0,1392.0,0.0,0.0,0.0,0.0,0.0,0.0,0.0,0.0,0.0
303,2026-05-14 23:05:45,2026-5-14_stair1_left.csv,stair1,0.0,0.0,3160.0,290.0,0.0,0.0,0.0,0.0,1392.0,0.0,0.0,0.0,0.0,0.0,0.0,0.0,0.0,0.0
304,2026-05-14 23:05:45,2026-5-14_stair1_left.csv,stair1,0.0,0.0,3160.0,290.0,0.0,0.0,0.0,0.0,1392.0,0.0,0.0,0.0,0.0,0.0,0.0,0.0,0.0,0.0
305,2026-05-14 23:05:45,2026-5-14_stair1_left.csv,stair1,0.0,0.0,3160.0,290.0,0.0,0.0,0.0,0.0,1392.0,0.0,0.0,0.0,0.0,0.0,0.0,0.0,0.0,0.0
306,2026-05-14 23:05:45,2026-5-14_stair1_left.csv,stair1,0.0,0.0,3160.0,290.0,0.0,0.0,0.0,0.0,1392.0,0.0,0.0,0.0,0.0,0.0,0.0,0.0,0.0,0.0
307,2026-05-14 23:05:45,2026-5-14_stair1_left.csv,stair1,0.0,0.0,3160.0,290.0,0.0,0.0,0.0,0.0,1392.0,0.0,0.0,0.0,0.0,0.0,0.0,0.0,0.0,0.0
308,2026-05-14 23:05:45,2026-5-14_stair1_left.csv,stair1,0.0,0.0,3160.0,290.0,0.0,0.0,0.0,0.0,1392.0,0.0,0.0,0.0,0.0,0.0,0.0,0.0,0.0,0.0
309,2026-05-14 23:05:45,2026-5-14_stair1_left.csv,stair1,0.0,0.0,3160.0,290.0,0.0,0.0,0.0,0.0,1392.0,0.0,0.0,0.0,0.0,0.0,0.0,0.0,0.0,0.0
310,2026-05-14 23:05:45,2026-5-14_stair1_left.csv,stair1,0.0,0.0,3160.0,290.0,0.0,0.0,0.0,0.0,1392.0,0.0,0.0,0.0,0.0,0.0,0.0,0.0,0.0,0.0
311,2026-05-14 23:05:45,2026-5-14_stair1_left.csv,stair1,0.0,0.0,3160.0,290.0,0.0,0.0,0.0,0.0,1392.0,0.0,0.0,0.0,0.0,0.0,0.0,0.0,0.0,0.0
312,2026-05-14 23:05:45,2026-5-14_stair1_left.csv,stair1,0.0,0.0,3160.0,290.0,0.0,0.0,0.0,0.0,1392.0,0.0,0.0,0.0,0.0,0.0,0.0,0.0,0.0,0.0
313,2026-05-14 23:05:45,2026-5-14_stair1_left.csv,stair1,0.0,0.0,3160.0,290.0,0.0,0.0,0.0,0.0,1392.0,0.0,0.0,0.0,0.0,0.0,0.0,0.0,0.0,0.0
314,2026-05-14 23:05:45,2026-5-14_stair1_left.csv,stair1,0.0,0.0,3160.0,290.0,0.0,0.0,0.0,0.0,1392.0,0.0,0.0,0.0,0.0,0.0,0.0,0.0,0.0,0.0
315,2026-05-14 23:05:45,2026-5-14_stair1_left.csv,stair1,0.0,0.0,3160.0,290.0,0.0,0.0,0.0,0.0,1392.0,0.0,0.0,0.0,0.0,0.0,0.0,0.0,0.0,0.0
316,2026-05-14 23:05:45,2026-5-14_stair1_left.csv,stair1,0.0,0.0,3160.0,290.0,0.0,0.0,0.0,0.0,1392.0,0.0,0.0,0.0,0.0,0.0,0.0,0.0,0.0,0.0
317,2026-05-14 23:05:46,2026-5-14_stair1_left.csv,stair1,0.0,0.0,3160.0,290.0,0.0,0.0,0.0,0.0,1392.0,0.0,0.0,0.0,0.0,0.0,0.0,0.0,0.0,0.0
318,2026-05-14 23:05:46,2026-5-14_stair1_left.csv,stair1,0.0,0.0,3160.0,290.0,0.0,0.0,0.0,0.0,1392.0,0.0,0.0,0.0,0.0,0.0,0.0,0.0,0.0,0.0
319,2026-05-14 23:05:46,2026-5-14_stair1_left.csv,stair1,0.0,0.0,3160.0,290.0,0.0,0.0,0.0,0.0,1392.0,0.0,0.0,0.0,0.0,0.0,0.0,0.0,0.0,0.0
320,2026-05-14 23:05:46,2026-5-14_stair1_left.csv,stair1,0.0,0.0,3160.0,290.0,0.0,0.0,0.0,0.0,1392.0,0.0,0.0,0.0,0.0,0.0,0.0,0.0,0.0,0.0
321,2026-05-14 23:05:46,2026-5-14_stair1_left.csv,stair1,0.0,0.0,3160.0,290.0,0.0,0.0,0.0,0.0,1392.0,0.0,0.0,0.0,0.0,0.0,0.0,0.0,0.0,0.0
322,2026-05-14 23:05:46,2026-5-14_stair1_left.csv,stair1,0.0,0.0,3160.0,290.0,0.0,0.0,0.0,0.0,1392.0,0.0,0.0,0.0,0.0,0.0,0.0,0.0,0.0,0.0
323,2026-05-14 23:05:46,2026-5-14_stair1_left.csv,stair1,0.0,0.0,3160.0,290.0,0.0,0.0,0.0,0.0,1392.0,0.0,0.0,0.0,0.0,0.0,0.0,0.0,0.0,0.0
324,2026-05-14 23:05:46,2026-5-14_stair1_left.csv,stair1,0.0,0.0,3160.0,290.0,0.0,0.0,0.0,0.0,1392.0,0.0,0.0,0.0,0.0,0.0,0.0,0.0,0.0,0.0
325,2026-05-14 23:05:46,2026-5-14_stair1_left.csv,stair1,0.0,0.0,3160.0,290.0,0.0,0.0,0.0,0.0,1392.0,0.0,0.0,0.0,0.0,0.0,0.0,0.0,0.0,0.0
326,2026-05-14 23:05:46,2026-5-14_stair1_left.csv,stair1,0.0,0.0,3160.0,290.0,0.0,0.0,0.0,0.0,1392.0,0.0,0.0,0.0,0.0,0.0,0.0,0.0,0.0,0.0
327,2026-05-14 23:05:46,2026-5-14_stair1_left.csv,stair1,0.0,0.0,3160.0,290.0,0.0,0.0,0.0,0.0,1392.0,0.0,0.0,0.0,0.0,0.0,0.0,0.0,0.0,0.0
328,2026-05-14 23:05:46,2026-5-14_stair1_left.csv,stair1,0.0,0.0,3160.0,290.0,0.0,0.0,0.0,0.0,1392.0,0.0,0.0,0.0,0.0,0.0,0.0,0.0,0.0,0.0
329,2026-05-14 23:05:46,2026-5-14_stair1_left.csv,stair1,0.0,0.0,3160.0,290.0,0.0,0.0,0.0,0.0,1392.0,0.0,0.0,0.0,0.0,0.0,0.0,0.0,0.0,0.0
330,2026-05-14 23:05:46,2026-5-14_stair1_left.csv,stair1,0.0,0.0,3160.0,290.0,0.0,0.0,0.0,0.0,1392.0,0.0,0.0,0.0,0.0,0.0,0.0,0.0,0.0,0.0
331,2026-05-14 23:05:46,2026-5-14_stair1_left.csv,stair1,0.0,0.0,3160.0,290.0,0.0,0.0,0.0,0.0,1392.0,0.0,0.0,0.0,0.0,0.0,0.0,0.0,0.0,0.0
332,2026-05-14 23:05:46,2026-5-14_stair1_left.csv,stair1,0.0,0.0,3160.0,290.0,0.0,0.0,0.0,0.0,1392.0,0.0,0.0,0.0,0.0,0.0,0.0,0.0,0.0,0.0
333,2026-05-14 23:05:46,2026-5-14_stair1_left.csv,stair1,0.0,0.0,3160.0,290.0,0.0,0.0,0.0,0.0,1392.0,0.0,0.0,0.0,0.0,0.0,0.0,0.0,0.0,0.0
334,2026-05-14 23:05:46,2026-5-14_stair1_left.csv,stair1,0.0,0.0,3160.0,290.0,0.0,0.0,0.0,0.0,1392.0,0.0,0.0,0.0,0.0,0.0,0.0,0.0,0.0,0.0
335,2026-05-14 23:05:46,2026-5-14_stair1_left.csv,stair1,0.0,0.0,3160.0,290.0,0.0,0.0,0.0,0.0,1392.0,0.0,0.0,0.0,0.0,0.0,0.0,0.0,0.0,0.0
336,2026-05-14 23:05:46,2026-5-14_stair1_left.csv,stair1,0.0,0.0,3160.0,290.0,0.0,0.0,0.0,0.0,1392.0,0.0,0.0,0.0,0.0,0.0,0.0,0.0,0.0,0.0
337,2026-05-14 23:05:47,2026-5-14_stair1_left.csv,stair1,0.0,0.0,3160.0,290.0,0.0,0.0,0.0,0.0,1392.0,0.0,0.0,0.0,0.0,0.0,0.0,0.0,0.0,0.0
338,2026-05-14 23:05:47,2026-5-14_stair1_left.csv,stair1,0.0,0.0,3160.0,290.0,0.0,0.0,0.0,0.0,1392.0,0.0,0.0,0.0,0.0,0.0,0.0,0.0,0.0,0.0
339,2026-05-14 23:05:47,2026-5-14_stair1_left.csv,stair1,0.0,0.0,3160.0,290.0,0.0,0.0,0.0,0.0,1392.0,0.0,0.0,0.0,0.0,0.0,0.0,0.0,0.0,0.0
340,2026-05-14 23:05:47,2026-5-14_stair1_left.csv,stair1,0.0,0.0,3160.0,290.0,0.0,0.0,0.0,0.0,1392.0,0.0,0.0,0.0,0.0,0.0,0.0,0.0,0.0,0.0
341,2026-05-14 23:05:47,2026-5-14_stair1_left.csv,stair1,0.0,0.0,3160.0,290.0,0.0,0.0,0.0,0.0,1392.0,0.0,0.0,0.0,0.0,0.0,0.0,0.0,0.0,0.0
342,2026-05-14 23:05:47,2026-5-14_stair1_left.csv,stair1,0.0,0.0,3160.0,290.0,0.0,0.0,0.0,0.0,1392.0,0.0,0.0,0.0,0.0,0.0,0.0,0.0,0.0,0.0
343,2026-05-14 23:05:47,2026-5-14_stair1_left.csv,stair1,0.0,0.0,3160.0,290.0,0.0,0.0,0.0,0.0,1392.0,0.0,0.0,0.0,0.0,0.0,0.0,0.0,0.0,0.0
344,2026-05-14 23:05:47,2026-5-14_stair1_left.csv,stair1,0.0,0.0,3160.0,290.0,0.0,0.0,0.0,0.0,1392.0,0.0,0.0,0.0,0.0,0.0,0.0,0.0,0.0,0.0
345,2026-05-14 23:05:47,2026-5-14_stair1_left.csv,stair1,0.0,0.0,3160.0,290.0,0.0,0.0,0.0,0.0,1392.0,0.0,0.0,0.0,0.0,0.0,0.0,0.0,0.0,0.0
346,2026-05-14 23:05:47,2026-5-14_stair1_left.csv,stair1,0.0,0.0,3160.0,290.0,0.0,0.0,0.0,0.0,1392.0,0.0,0.0,0.0,0.0,0.0,0.0,0.0,0.0,0.0
347,2026-05-14 23:05:47,2026-5-14_stair1_left.csv,stair1,0.0,0.0,3160.0,290.0,0.0,0.0,0.0,0.0,1392.0,0.0,0.0,0.0,0.0,0.0,0.0,0.0,0.0,0.0
348,2026-05-14 23:05:47,2026-5-14_stair1_left.csv,stair1,0.0,0.0,3160.0,290.0,0.0,0.0,0.0,0.0,1392.0,0.0,0.0,0.0,0.0,0.0,0.0,0.0,0.0,0.0
349,2026-05-14 23:05:47,2026-5-14_stair1_left.csv,stair1,0.0,0.0,3160.0,290.0,0.0,0.0,0.0,0.0,1392.0,0.0,0.0,0.0,0.0,0.0,0.0,0.0,0.0,0.0
350,2026-05-14 23:05:47,2026-5-14_stair1_left.csv,stair1,0.0,0.0,3160.0,290.0,0.0,0.0,0.0,0.0,1392.0,0.0,0.0,0.0,0.0,0.0,0.0,0.0,0.0,0.0
351,2026-05-14 23:05:47,2026-5-14_stair1_left.csv,stair1,0.0,0.0,3160.0,290.0,0.0,0.0,0.0,0.0,1392.0,0.0,0.0,0.0,0.0,0.0,0.0,0.0,0.0,0.0
352,2026-05-14 23:05:47,2026-5-14_stair1_left.csv,stair1,0.0,0.0,3160.0,290.0,0.0,0.0,0.0,0.0,1392.0,0.0,0.0,0.0,0.0,0.0,0.0,0.0,0.0,0.0
353,2026-05-14 23:05:47,2026-5-14_stair1_left.csv,stair1,0.0,0.0,3160.0,290.0,0.0,0.0,0.0,0.0,1392.0,0.0,0.0,0.0,0.0,0.0,0.0,0.0,0.0,0.0
354,2026-05-14 23:05:47,2026-5-14_stair1_left.csv,stair1,0.0,0.0,3160.0,290.0,0.0,0.0,0.0,0.0,1392.0,0.0,0.0,0.0,0.0,0.0,0.0,0.0,0.0,0.0
355,2026-05-14 23:05:47,2026-5-14_stair1_left.csv,stair1,0.0,0.0,3160.0,290.0,0.0,0.0,0.0,0.0,1392.0,0.0,0.0,0.0,0.0,0.0,0.0,0.0,0.0,0.0
356,2026-05-14 23:05:47,2026-5-14_stair1_left.csv,stair1,0.0,0.0,3160.0,290.0,0.0,0.0,0.0,0.0,1392.0,0.0,0.0,0.0,0.0,0.0,0.0,0.0,0.0,0.0
357,2026-05-14 23:05:48,2026-5-14_stair1_left.csv,stair1,0.0,0.0,3160.0,290.0,0.0,0.0,0.0,0.0,1392.0,0.0,0.0,0.0,0.0,0.0,0.0,0.0,0.0,0.0
358,2026-05-14 23:05:48,2026-5-14_stair1_left.csv,stair1,0.0,0.0,3160.0,290.0,0.0,0.0,0.0,0.0,1392.0,0.0,0.0,0.0,0.0,0.0,0.0,0.0,0.0,0.0
359,2026-05-14 23:05:48,2026-5-14_stair1_left.csv,stair1,0.0,0.0,3160.0,290.0,0.0,0.0,0.0,0.0,1392.0,0.0,0.0,0.0,0.0,0.0,0.0,0.0,0.0,0.0
360,2026-05-14 23:05:48,2026-5-14_stair1_left.csv,stair1,0.0,0.0,3160.0,290.0,0.0,0.0,0.0,0.0,1392.0,0.0,0.0,0.0,0.0,0.0,0.0,0.0,0.0,0.0
361,2026-05-14 23:05:48,2026-5-14_stair1_left.csv,stair1,0.0,0.0,3160.0,290.0,0.0,0.0,0.0,0.0,1392.0,0.0,0.0,0.0,0.0,0.0,0.0,0.0,0.0,0.0
362,2026-05-14 23:05:48,2026-5-14_stair1_left.csv,stair1,0.0,0.0,3160.0,290.0,0.0,0.0,0.0,0.0,1392.0,0.0,0.0,0.0,0.0,0.0,0.0,0.0,0.0,0.0
363,2026-05-14 23:05:48,2026-5-14_stair1_left.csv,stair1,0.0,0.0,3160.0,290.0,0.0,0.0,0.0,0.0,1392.0,0.0,0.0,0.0,0.0,0.0,0.0,0.0,0.0,0.0
364,2026-05-14 23:05:48,2026-5-14_stair1_left.csv,stair1,0.0,0.0,3160.0,290.0,0.0,0.0,0.0,0.0,1392.0,0.0,0.0,0.0,0.0,0.0,0.0,0.0,0.0,0.0
365,2026-05-14 23:05:48,2026-5-14_stair1_left.csv,stair1,0.0,0.0,3160.0,290.0,0.0,0.0,0.0,0.0,1392.0,0.0,0.0,0.0,0.0,0.0,0.0,0.0,0.0,0.0
366,2026-05-14 23:05:48,2026-5-14_stair1_left.csv,stair1,0.0,0.0,3160.0,290.0,0.0,0.0,0.0,0.0,1392.0,0.0,0.0,0.0,0.0,0.0,0.0,0.0,0.0,0.0
367,2026-05-14 23:05:48,2026-5-14_stair1_left.csv,stair1,0.0,0.0,3160.0,290.0,0.0,0.0,0.0,0.0,1392.0,0.0,0.0,0.0,0.0,0.0,0.0,0.0,0.0,0.0
368,2026-05-14 23:05:48,2026-5-14_stair1_left.csv,stair1,0.0,0.0,3160.0,290.0,0.0,0.0,0.0,0.0,1392.0,0.0,0.0,0.0,0.0,0.0,0.0,0.0,0.0,0.0
369,2026-05-14 23:05:48,2026-5-14_stair1_left.csv,stair1,0.0,0.0,3160.0,290.0,0.0,0.0,0.0,0.0,1392.0,0.0,0.0,0.0,0.0,0.0,0.0,0.0,0.0,0.0
370,2026-05-14 23:05:48,2026-5-14_stair1_left.csv,stair1,0.0,0.0,3160.0,290.0,0.0,0.0,0.0,0.0,1392.0,0.0,0.0,0.0,0.0,0.0,0.0,0.0,0.0,0.0
371,2026-05-14 23:05:48,2026-5-14_stair1_left.csv,stair1,0.0,0.0,3160.0,290.0,0.0,0.0,0.0,0.0,1392.0,0.0,0.0,0.0,0.0,0.0,0.0,0.0,0.0,0.0
372,2026-05-14 23:05:48,2026-5-14_stair1_left.csv,stair1,0.0,0.0,3160.0,290.0,0.0,0.0,0.0,0.0,1392.0,0.0,0.0,0.0,0.0,0.0,0.0,0.0,0.0,0.0
373,2026-05-14 23:05:48,2026-5-14_stair1_left.csv,stair1,0.0,0.0,3160.0,290.0,0.0,0.0,0.0,0.0,1392.0,0.0,0.0,0.0,0.0,0.0,0.0,0.0,0.0,0.0
374,2026-05-14 23:05:48,2026-5-14_stair1_left.csv,stair1,0.0,0.0,3160.0,290.0,0.0,0.0,0.0,0.0,1392.0,0.0,0.0,0.0,0.0,0.0,0.0,0.0,0.0,0.0
375,2026-05-14 23:05:48,2026-5-14_stair1_left.csv,stair1,0.0,0.0,3160.0,290.0,0.0,0.0,0.0,0.0,1392.0,0.0,0.0,0.0,0.0,0.0,0.0,0.0,0.0,0.0
376,2026-05-14 23:05:48,2026-5-14_stair1_left.csv,stair1,0.0,0.0,3160.0,290.0,0.0,0.0,0.0,0.0,1392.0,0.0,0.0,0.0,0.0,0.0,0.0,0.0,0.0,0.0
377,2026-05-14 23:05:49,2026-5-14_stair1_left.csv,stair1,0.0,0.0,3160.0,290.0,0.0,0.0,0.0,0.0,1392.0,0.0,0.0,0.0,0.0,0.0,0.0,0.0,0.0,0.0
378,2026-05-14 23:05:49,2026-5-14_stair1_left.csv,stair1,0.0,0.0,3160.0,290.0,0.0,0.0,0.0,0.0,1392.0,0.0,0.0,0.0,0.0,0.0,0.0,0.0,0.0,0.0
379,2026-05-14 23:05:49,2026-5-14_stair1_left.csv,stair1,0.0,0.0,3160.0,290.0,0.0,0.0,0.0,0.0,1392.0,0.0,0.0,0.0,0.0,0.0,0.0,0.0,0.0,0.0
380,2026-05-14 23:05:49,2026-5-14_stair1_left.csv,stair1,0.0,0.0,3160.0,290.0,0.0,0.0,0.0,0.0,1392.0,0.0,0.0,0.0,0.0,0.0,0.0,0.0,0.0,0.0
381,2026-05-14 23:05:49,2026-5-14_stair1_left.csv,stair1,0.0,0.0,3160.0,290.0,0.0,0.0,0.0,0.0,1392.0,0.0,0.0,0.0,0.0,0.0,0.0,0.0,0.0,0.0
382,2026-05-14 23:05:49,2026-5-14_stair1_left.csv,stair1,0.0,0.0,3160.0,290.0,0.0,0.0,0.0,0.0,1392.0,0.0,0.0,0.0,0.0,0.0,0.0,0.0,0.0,0.0
383,2026-05-14 23:05:49,2026-5-14_stair1_left.csv,stair1,0.0,0.0,3160.0,290.0,0.0,0.0,0.0,0.0,1392.0,0.0,0.0,0.0,0.0,0.0,0.0,0.0,0.0,0.0
384,2026-05-14 23:05:49,2026-5-14_stair1_left.csv,stair1,0.0,0.0,3160.0,290.0,0.0,0.0,0.0,0.0,1392.0,0.0,0.0,0.0,0.0,0.0,0.0,0.0,0.0,0.0
385,2026-05-14 23:05:49,2026-5-14_stair1_left.csv,stair1,0.0,0.0,3160.0,290.0,0.0,0.0,0.0,0.0,1392.0,0.0,0.0,0.0,0.0,0.0,0.0,0.0,0.0,0.0
386,2026-05-14 23:05:49,2026-5-14_stair1_left.csv,stair1,0.0,0.0,3160.0,290.0,0.0,0.0,0.0,0.0,1392.0,0.0,0.0,0.0,0.0,0.0,0.0,0.0,0.0,0.0
387,2026-05-14 23:05:49,2026-5-14_stair1_left.csv,stair1,0.0,0.0,3160.0,290.0,0.0,0.0,0.0,0.0,1392.0,0.0,0.0,0.0,0.0,0.0,0.0,0.0,0.0,0.0
388,2026-05-14 23:05:49,2026-5-14_stair1_left.csv,stair1,0.0,0.0,3160.0,290.0,0.0,0.0,0.0,0.0,1392.0,0.0,0.0,0.0,0.0,0.0,0.0,0.0,0.0,0.0
389,2026-05-14 23:05:49,2026-5-14_stair1_left.csv,stair1,0.0,0.0,3160.0,290.0,0.0,0.0,0.0,0.0,1392.0,0.0,0.0,0.0,0.0,0.0,0.0,0.0,0.0,0.0
390,2026-05-14 23:05:49,2026-5-14_stair1_left.csv,stair1,0.0,0.0,3160.0,290.0,0.0,0.0,0.0,0.0,1392.0,0.0,0.0,0.0,0.0,0.0,0.0,0.0,0.0,0.0
391,2026-05-14 23:05:49,2026-5-14_stair1_left.csv,stair1,0.0,0.0,3160.0,290.0,0.0,0.0,0.0,0.0,1392.0,0.0,0.0,0.0,0.0,0.0,0.0,0.0,0.0,0.0
392,2026-05-14 23:05:49,2026-5-14_stair1_left.csv,stair1,0.0,0.0,3160.0,290.0,0.0,0.0,0.0,0.0,1392.0,0.0,0.0,0.0,0.0,0.0,0.0,0.0,0.0,0.0
393,2026-05-14 23:05:49,2026-5-14_stair1_left.csv,stair1,0.0,0.0,3160.0,290.0,0.0,0.0,0.0,0.0,1392.0,0.0,0.0,0.0,0.0,0.0,0.0,0.0,0.0,0.0
394,2026-05-14 23:05:49,2026-5-14_stair1_left.csv,stair1,0.0,0.0,3160.0,290.0,0.0,0.0,0.0,0.0,1392.0,0.0,0.0,0.0,0.0,0.0,0.0,0.0,0.0,0.0
395,2026-05-14 23:05:49,2026-5-14_stair1_left.csv,stair1,0.0,0.0,3160.0,290.0,0.0,0.0,0.0,0.0,1392.0,0.0,0.0,0.0,0.0,0.0,0.0,0.0,0.0,0.0
396,2026-05-14 23:05:49,2026-5-14_stair1_left.csv,stair1,0.0,0.0,3160.0,290.0,0.0,0.0,0.0,0.0,1392.0,0.0,0.0,0.0,0.0,0.0,0.0,0.0,0.0,0.0
397,2026-05-14 23:05:50,2026-5-14_stair1_left.csv,stair1,0.0,0.0,3160.0,290.0,0.0,0.0,0.0,0.0,1392.0,0.0,0.0,0.0,0.0,0.0,0.0,0.0,0.0,0.0
398,2026-05-14 23:05:50,2026-5-14_stair1_left.csv,stair1,0.0,0.0,3160.0,290.0,0.0,0.0,0.0,0.0,1392.0,0.0,0.0,0.0,0.0,0.0,0.0,0.0,0.0,0.0
399,2026-05-14 23:05:50,2026-5-14_stair1_left.csv,stair1,0.0,0.0,3160.0,290.0,0.0,0.0,0.0,0.0,1392.0,0.0,0.0,0.0,0.0,0.0,0.0,0.0,0.0,0.0
400,2026-05-14 23:05:50,2026-5-14_stair1_left.csv,stair1,0.0,0.0,3160.0,290.0,0.0,0.0,0.0,0.0,1392.0,0.0,0.0,0.0,0.0,0.0,0.0,0.0,0.0,0.0
401,2026-05-14 23:05:50,2026-5-14_stair1_left.csv,stair1,0.0,0.0,3160.0,290.0,0.0,0.0,0.0,0.0,1392.0,0.0,0.0,0.0,0.0,0.0,0.0,0.0,0.0,0.0
402,2026-05-14 23:05:50,2026-5-14_stair1_left.csv,stair1,0.0,0.0,3160.0,290.0,0.0,0.0,0.0,0.0,1392.0,0.0,0.0,0.0,0.0,0.0,0.0,0.0,0.0,0.0
403,2026-05-14 23:05:50,2026-5-14_stair1_left.csv,stair1,0.0,0.0,3160.0,290.0,0.0,0.0,0.0,0.0,1392.0,0.0,0.0,0.0,0.0,0.0,0.0,0.0,0.0,0.0
404,2026-05-14 23:05:50,2026-5-14_stair1_left.csv,stair1,0.0,0.0,3160.0,290.0,0.0,0.0,0.0,0.0,1392.0,0.0,0.0,0.0,0.0,0.0,0.0,0.0,0.0,0.0
405,2026-05-14 23:05:50,2026-5-14_stair1_left.csv,stair1,0.0,0.0,3160.0,290.0,0.0,0.0,0.0,0.0,1392.0,0.0,0.0,0.0,0.0,0.0,0.0,0.0,0.0,0.0
406,2026-05-14 23:05:50,2026-5-14_stair1_left.csv,stair1,0.0,0.0,3160.0,290.0,0.0,0.0,0.0,0.0,1392.0,0.0,0.0,0.0,0.0,0.0,0.0,0.0,0.0,0.0
407,2026-05-14 23:05:50,2026-5-14_stair1_left.csv,stair1,0.0,0.0,3160.0,290.0,0.0,0.0,0.0,0.0,1392.0,0.0,0.0,0.0,0.0,0.0,0.0,0.0,0.0,0.0
408,2026-05-14 23:05:50,2026-5-14_stair1_left.csv,stair1,0.0,0.0,3160.0,290.0,0.0,0.0,0.0,0.0,1392.0,0.0,0.0,0.0,0.0,0.0,0.0,0.0,0.0,0.0
409,2026-05-14 23:05:50,2026-5-14_stair1_left.csv,stair1,0.0,0.0,3160.0,290.0,0.0,0.0,0.0,0.0,1392.0,0.0,0.0,0.0,0.0,0.0,0.0,0.0,0.0,0.0
410,2026-05-14 23:05:50,2026-5-14_stair1_left.csv,stair1,0.0,0.0,3160.0,290.0,0.0,0.0,0.0,0.0,1392.0,0.0,0.0,0.0,0.0,0.0,0.0,0.0,0.0,0.0
411,2026-05-14 23:05:50,2026-5-14_stair1_left.csv,stair1,0.0,0.0,3160.0,290.0,0.0,0.0,0.0,0.0,1392.0,0.0,0.0,0.0,0.0,0.0,0.0,0.0,0.0,0.0
412,2026-05-14 23:05:50,2026-5-14_stair1_left.csv,stair1,0.0,0.0,3160.0,290.0,0.0,0.0,0.0,0.0,1392.0,0.0,0.0,0.0,0.0,0.0,0.0,0.0,0.0,0.0
413,2026-05-14 23:05:50,2026-5-14_stair1_left.csv,stair1,0.0,0.0,3160.0,290.0,0.0,0.0,0.0,0.0,1392.0,0.0,0.0,0.0,0.0,0.0,0.0,0.0,0.0,0.0
414,2026-05-14 23:05:50,2026-5-14_stair1_left.csv,stair1,0.0,0.0,3160.0,290.0,0.0,0.0,0.0,0.0,1392.0,0.0,0.0,0.0,0.0,0.0,0.0,0.0,0.0,0.0
415,2026-05-14 23:05:50,2026-5-14_stair1_left.csv,stair1,0.0,0.0,3160.0,290.0,0.0,0.0,0.0,0.0,1392.0,0.0,0.0,0.0,0.0,0.0,0.0,0.0,0.0,0.0
416,2026-05-14 23:05:50,2026-5-14_stair1_left.csv,stair1,0.0,0.0,3160.0,290.0,0.0,0.0,0.0,0.0,1392.0,0.0,0.0,0.0,0.0,0.0,0.0,0.0,0.0,0.0
417,2026-05-14 23:05:51,2026-5-14_stair1_left.csv,stair1,0.0,0.0,3160.0,290.0,0.0,0.0,0.0,0.0,1392.0,0.0,0.0,0.0,0.0,0.0,0.0,0.0,0.0,0.0
418,2026-05-14 23:05:51,2026-5-14_stair1_left.csv,stair1,0.0,0.0,3160.0,290.0,0.0,0.0,0.0,0.0,1392.0,0.0,0.0,0.0,0.0,0.0,0.0,0.0,0.0,0.0
419,2026-05-14 23:05:51,2026-5-14_stair1_left.csv,stair1,0.0,0.0,3160.0,290.0,0.0,0.0,0.0,0.0,1392.0,0.0,0.0,0.0,0.0,0.0,0.0,0.0,0.0,0.0
420,2026-05-14 23:05:51,2026-5-14_stair1_left.csv,stair1,0.0,0.0,3160.0,290.0,0.0,0.0,0.0,0.0,1392.0,0.0,0.0,0.0,0.0,0.0,0.0,0.0,0.0,0.0
421,2026-05-14 23:05:51,2026-5-14_stair1_left.csv,stair1,0.0,0.0,3160.0,290.0,0.0,0.0,0.0,0.0,1392.0,0.0,0.0,0.0,0.0,0.0,0.0,0.0,0.0,0.0
422,2026-05-14 23:05:51,2026-5-14_stair1_left.csv,stair1,0.0,0.0,3160.0,290.0,0.0,0.0,0.0,0.0,1392.0,0.0,0.0,0.0,0.0,0.0,0.0,0.0,0.0,0.0
423,2026-05-14 23:05:51,2026-5-14_stair1_left.csv,stair1,0.0,0.0,3160.0,290.0,0.0,0.0,0.0,0.0,1392.0,0.0,0.0,0.0,0.0,0.0,0.0,0.0,0.0,0.0
424,2026-05-14 23:05:51,2026-5-14_stair1_left.csv,stair1,0.0,0.0,3160.0,290.0,0.0,0.0,0.0,0.0,1392.0,0.0,0.0,0.0,0.0,0.0,0.0,0.0,0.0,0.0
425,2026-05-14 23:05:51,2026-5-14_stair1_left.csv,stair1,0.0,0.0,3160.0,290.0,0.0,0.0,0.0,0.0,1392.0,0.0,0.0,0.0,0.0,0.0,0.0,0.0,0.0,0.0
426,2026-05-14 23:05:51,2026-5-14_stair1_left.csv,stair1,0.0,0.0,3160.0,290.0,0.0,0.0,0.0,0.0,1392.0,0.0,0.0,0.0,0.0,0.0,0.0,0.0,0.0,0.0
427,2026-05-14 23:05:51,2026-5-14_stair1_left.csv,stair1,0.0,0.0,3160.0,290.0,0.0,0.0,0.0,0.0,1392.0,0.0,0.0,0.0,0.0,0.0,0.0,0.0,0.0,0.0
428,2026-05-14 23:05:51,2026-5-14_stair1_left.csv,stair1,0.0,0.0,3160.0,290.0,0.0,0.0,0.0,0.0,1392.0,0.0,0.0,0.0,0.0,0.0,0.0,0.0,0.0,0.0
429,2026-05-14 23:05:51,2026-5-14_stair1_left.csv,stair1,0.0,0.0,3160.0,290.0,0.0,0.0,0.0,0.0,1392.0,0.0,0.0,0.0,0.0,0.0,0.0,0.0,0.0,0.0
430,2026-05-14 23:05:51,2026-5-14_stair1_left.csv,stair1,0.0,0.0,3160.0,290.0,0.0,0.0,0.0,0.0,1392.0,0.0,0.0,0.0,0.0,0.0,0.0,0.0,0.0,0.0
431,2026-05-14 23:05:51,2026-5-14_stair1_left.csv,stair1,0.0,0.0,3160.0,290.0,0.0,0.0,0.0,0.0,1392.0,0.0,0.0,0.0,0.0,0.0,0.0,0.0,0.0,0.0
432,2026-05-14 23:05:51,2026-5-14_stair1_left.csv,stair1,0.0,0.0,3160.0,290.0,0.0,0.0,0.0,0.0,1392.0,0.0,0.0,0.0,0.0,0.0,0.0,0.0,0.0,0.0
433,2026-05-14 23:05:51,2026-5-14_stair1_left.csv,stair1,0.0,0.0,3160.0,290.0,0.0,0.0,0.0,0.0,1392.0,0.0,0.0,0.0,0.0,0.0,0.0,0.0,0.0,0.0
434,2026-05-14 23:05:51,2026-5-14_stair1_left.csv,stair1,0.0,0.0,3160.0,290.0,0.0,0.0,0.0,0.0,1392.0,0.0,0.0,0.0,0.0,0.0,0.0,0.0,0.0,0.0
435,2026-05-14 23:05:51,2026-5-14_stair1_left.csv,stair1,0.0,0.0,3160.0,290.0,0.0,0.0,0.0,0.0,1392.0,0.0,0.0,0.0,0.0,0.0,0.0,0.0,0.0,0.0
436,2026-05-14 23:05:51,2026-5-14_stair1_left.csv,stair1,0.0,0.0,3160.0,290.0,0.0,0.0,0.0,0.0,1392.0,0.0,0.0,0.0,0.0,0.0,0.0,0.0,0.0,0.0
437,2026-05-14 23:05:52,2026-5-14_stair1_left.csv,stair1,0.0,0.0,3160.0,290.0,0.0,0.0,0.0,0.0,1392.0,0.0,0.0,0.0,0.0,0.0,0.0,0.0,0.0,0.0
438,2026-05-14 23:05:52,2026-5-14_stair1_left.csv,stair1,0.0,0.0,3160.0,290.0,0.0,0.0,0.0,0.0,1392.0,0.0,0.0,0.0,0.0,0.0,0.0,0.0,0.0,0.0
439,2026-05-14 23:05:52,2026-5-14_stair1_left.csv,stair1,0.0,0.0,3160.0,290.0,0.0,0.0,0.0,0.0,1392.0,0.0,0.0,0.0,0.0,0.0,0.0,0.0,0.0,0.0
440,2026-05-14 23:05:52,2026-5-14_stair1_left.csv,stair1,0.0,0.0,3160.0,290.0,0.0,0.0,0.0,0.0,1392.0,0.0,0.0,0.0,0.0,0.0,0.0,0.0,0.0,0.0
441,2026-05-14 23:05:52,2026-5-14_stair1_left.csv,stair1,0.0,0.0,3160.0,290.0,0.0,0.0,0.0,0.0,1392.0,0.0,0.0,0.0,0.0,0.0,0.0,0.0,0.0,0.0
442,2026-05-14 23:05:52,2026-5-14_stair1_left.csv,stair1,0.0,0.0,3160.0,290.0,0.0,0.0,0.0,0.0,1392.0,0.0,0.0,0.0,0.0,0.0,0.0,0.0,0.0,0.0
443,2026-05-14 23:05:52,2026-5-14_stair1_left.csv,stair1,0.0,0.0,3160.0,290.0,0.0,0.0,0.0,0.0,1392.0,0.0,0.0,0.0,0.0,0.0,0.0,0.0,0.0,0.0
444,2026-05-14 23:05:52,2026-5-14_stair1_left.csv,stair1,0.0,0.0,3160.0,290.0,0.0,0.0,0.0,0.0,1392.0,0.0,0.0,0.0,0.0,0.0,0.0,0.0,0.0,0.0
445,2026-05-14 23:05:52,2026-5-14_stair1_left.csv,stair1,0.0,0.0,3160.0,290.0,0.0,0.0,0.0,0.0,1392.0,0.0,0.0,0.0,0.0,0.0,0.0,0.0,0.0,0.0
446,2026-05-14 23:05:52,2026-5-14_stair1_left.csv,stair1,0.0,0.0,3160.0,290.0,0.0,0.0,0.0,0.0,1392.0,0.0,0.0,0.0,0.0,0.0,0.0,0.0,0.0,0.0
447,2026-05-14 23:05:52,2026-5-14_stair1_left.csv,stair1,0.0,0.0,3160.0,290.0,0.0,0.0,0.0,0.0,1392.0,0.0,0.0,0.0,0.0,0.0,0.0,0.0,0.0,0.0
448,2026-05-14 23:05:52,2026-5-14_stair1_left.csv,stair1,0.0,0.0,3160.0,290.0,0.0,0.0,0.0,0.0,1392.0,0.0,0.0,0.0,0.0,0.0,0.0,0.0,0.0,0.0
449,2026-05-14 23:05:52,2026-5-14_stair1_left.csv,stair1,0.0,0.0,3160.0,290.0,0.0,0.0,0.0,0.0,1392.0,0.0,0.0,0.0,0.0,0.0,0.0,0.0,0.0,0.0
450,2026-05-14 23:05:52,2026-5-14_stair1_left.csv,stair1,0.0,0.0,3160.0,290.0,0.0,0.0,0.0,0.0,1392.0,0.0,0.0,0.0,0.0,0.0,0.0,0.0,0.0,0.0
451,2026-05-14 23:05:52,2026-5-14_stair1_left.csv,stair1,0.0,0.0,3160.0,290.0,0.0,0.0,0.0,0.0,1392.0,0.0,0.0,0.0,0.0,0.0,0.0,0.0,0.0,0.0
452,2026-05-14 23:05:52,2026-5-14_stair1_left.csv,stair1,0.0,0.0,3160.0,290.0,0.0,0.0,0.0,0.0,1392.0,0.0,0.0,0.0,0.0,0.0,0.0,0.0,0.0,0.0
453,2026-05-14 23:05:52,2026-5-14_stair1_left.csv,stair1,0.0,0.0,3160.0,290.0,0.0,0.0,0.0,0.0,1392.0,0.0,0.0,0.0,0.0,0.0,0.0,0.0,0.0,0.0
454,2026-05-14 23:05:52,2026-5-14_stair1_left.csv,stair1,0.0,0.0,3160.0,290.0,0.0,0.0,0.0,0.0,1392.0,0.0,0.0,0.0,0.0,0.0,0.0,0.0,0.0,0.0
455,2026-05-14 23:05:52,2026-5-14_stair1_left.csv,stair1,0.0,0.0,3160.0,290.0,0.0,0.0,0.0,0.0,1392.0,0.0,0.0,0.0,0.0,0.0,0.0,0.0,0.0,0.0
456,2026-05-14 23:05:52,2026-5-14_stair1_left.csv,stair1,0.0,0.0,3160.0,290.0,0.0,0.0,0.0,0.0,1392.0,0.0,0.0,0.0,0.0,0.0,0.0,0.0,0.0,0.0
457,2026-05-14 23:05:53,2026-5-14_stair1_left.csv,stair1,0.0,0.0,3160.0,290.0,0.0,0.0,0.0,0.0,1392.0,0.0,0.0,0.0,0.0,0.0,0.0,0.0,0.0,0.0
458,2026-05-14 23:05:53,2026-5-14_stair1_left.csv,stair1,0.0,0.0,3160.0,290.0,0.0,0.0,0.0,0.0,1392.0,0.0,0.0,0.0,0.0,0.0,0.0,0.0,0.0,0.0
459,2026-05-14 23:05:53,2026-5-14_stair1_left.csv,stair1,0.0,0.0,3160.0,290.0,0.0,0.0,0.0,0.0,1392.0,0.0,0.0,0.0,0.0,0.0,0.0,0.0,0.0,0.0
460,2026-05-14 23:05:53,2026-5-14_stair1_left.csv,stair1,0.0,0.0,3160.0,290.0,0.0,0.0,0.0,0.0,1392.0,0.0,0.0,0.0,0.0,0.0,0.0,0.0,0.0,0.0
461,2026-05-14 23:05:53,2026-5-14_stair1_left.csv,stair1,0.0,0.0,3160.0,290.0,0.0,0.0,0.0,0.0,1392.0,0.0,0.0,0.0,0.0,0.0,0.0,0.0,0.0,0.0
462,2026-05-14 23:05:53,2026-5-14_stair1_left.csv,stair1,0.0,0.0,3160.0,290.0,0.0,0.0,0.0,0.0,1392.0,0.0,0.0,0.0,0.0,0.0,0.0,0.0,0.0,0.0
463,2026-05-14 23:05:53,2026-5-14_stair1_left.csv,stair1,0.0,0.0,3160.0,290.0,0.0,0.0,0.0,0.0,1392.0,0.0,0.0,0.0,0.0,0.0,0.0,0.0,0.0,0.0
464,2026-05-14 23:05:53,2026-5-14_stair1_left.csv,stair1,0.0,0.0,3160.0,290.0,0.0,0.0,0.0,0.0,1392.0,0.0,0.0,0.0,0.0,0.0,0.0,0.0,0.0,0.0
465,2026-05-14 23:05:53,2026-5-14_stair1_left.csv,stair1,0.0,0.0,3160.0,290.0,0.0,0.0,0.0,0.0,1392.0,0.0,0.0,0.0,0.0,0.0,0.0,0.0,0.0,0.0
466,2026-05-14 23:05:53,2026-5-14_stair1_left.csv,stair1,0.0,0.0,3160.0,290.0,0.0,0.0,0.0,0.0,1392.0,0.0,0.0,0.0,0.0,0.0,0.0,0.0,0.0,0.0
467,2026-05-14 23:05:53,2026-5-14_stair1_left.csv,stair1,0.0,0.0,3160.0,290.0,0.0,0.0,0.0,0.0,1392.0,0.0,0.0,0.0,0.0,0.0,0.0,0.0,0.0,0.0
468,2026-05-14 23:05:53,2026-5-14_stair1_left.csv,stair1,0.0,0.0,3160.0,290.0,0.0,0.0,0.0,0.0,1392.0,0.0,0.0,0.0,0.0,0.0,0.0,0.0,0.0,0.0
469,2026-05-14 23:05:53,2026-5-14_stair1_left.csv,stair1,0.0,0.0,3160.0,290.0,0.0,0.0,0.0,0.0,1392.0,0.0,0.0,0.0,0.0,0.0,0.0,0.0,0.0,0.0
470,2026-05-14 23:05:53,2026-5-14_stair1_left.csv,stair1,0.0,0.0,3160.0,290.0,0.0,0.0,0.0,0.0,1392.0,0.0,0.0,0.0,0.0,0.0,0.0,0.0,0.0,0.0
471,2026-05-14 23:05:53,2026-5-14_stair1_left.csv,stair1,0.0,0.0,3160.0,290.0,0.0,0.0,0.0,0.0,1392.0,0.0,0.0,0.0,0.0,0.0,0.0,0.0,0.0,0.0
472,2026-05-14 23:05:53,2026-5-14_stair1_left.csv,stair1,0.0,0.0,3160.0,290.0,0.0,0.0,0.0,0.0,1392.0,0.0,0.0,0.0,0.0,0.0,0.0,0.0,0.0,0.0
473,2026-05-14 23:05:53,2026-5-14_stair1_left.csv,stair1,0.0,0.0,3160.0,290.0,0.0,0.0,0.0,0.0,1392.0,0.0,0.0,0.0,0.0,0.0,0.0,0.0,0.0,0.0
474,2026-05-14 23:05:53,2026-5-14_stair1_left.csv,stair1,0.0,0.0,3160.0,290.0,0.0,0.0,0.0,0.0,1392.0,0.0,0.0,0.0,0.0,0.0,0.0,0.0,0.0,0.0
475,2026-05-14 23:05:53,2026-5-14_stair1_left.csv,stair1,0.0,0.0,3160.0,290.0,0.0,0.0,0.0,0.0,1392.0,0.0,0.0,0.0,0.0,0.0,0.0,0.0,0.0,0.0
476,2026-05-14 23:05:53,2026-5-14_stair1_left.csv,stair1,0.0,0.0,3160.0,290.0,0.0,0.0,0.0,0.0,1392.0,0.0,0.0,0.0,0.0,0.0,0.0,0.0,0.0,0.0
477,2026-05-14 23:05:54,2026-5-14_stair1_left.csv,stair1,0.0,0.0,3160.0,290.0,0.0,0.0,0.0,0.0,1392.0,0.0,0.0,0.0,0.0,0.0,0.0,0.0,0.0,0.0
478,2026-05-14 23:05:54,2026-5-14_stair1_left.csv,stair1,0.0,0.0,3160.0,290.0,0.0,0.0,0.0,0.0,1392.0,0.0,0.0,0.0,0.0,0.0,0.0,0.0,0.0,0.0
479,2026-05-14 23:05:54,2026-5-14_stair1_left.csv,stair1,0.0,0.0,3160.0,290.0,0.0,0.0,0.0,0.0,1392.0,0.0,0.0,0.0,0.0,0.0,0.0,0.0,0.0,0.0
480,2026-05-14 23:05:54,2026-5-14_stair1_left.csv,stair1,0.0,0.0,3160.0,290.0,0.0,0.0,0.0,0.0,1392.0,0.0,0.0,0.0,0.0,0.0,0.0,0.0,0.0,0.0
481,2026-05-14 23:05:54,2026-5-14_stair1_left.csv,stair1,0.0,0.0,3160.0,290.0,0.0,0.0,0.0,0.0,1392.0,0.0,0.0,0.0,0.0,0.0,0.0,0.0,0.0,0.0
482,2026-05-14 23:05:54,2026-5-14_stair1_left.csv,stair1,0.0,0.0,3160.0,290.0,0.0,0.0,0.0,0.0,1392.0,0.0,0.0,0.0,0.0,0.0,0.0,0.0,0.0,0.0
483,2026-05-14 23:05:54,2026-5-14_stair1_left.csv,stair1,0.0,0.0,3160.0,290.0,0.0,0.0,0.0,0.0,1392.0,0.0,0.0,0.0,0.0,0.0,0.0,0.0,0.0,0.0
484,2026-05-14 23:05:54,2026-5-14_stair1_left.csv,stair1,0.0,0.0,3160.0,290.0,0.0,0.0,0.0,0.0,1392.0,0.0,0.0,0.0,0.0,0.0,0.0,0.0,0.0,0.0
485,2026-05-14 23:05:54,2026-5-14_stair1_left.csv,stair1,0.0,0.0,3160.0,290.0,0.0,0.0,0.0,0.0,1392.0,0.0,0.0,0.0,0.0,0.0,0.0,0.0,0.0,0.0
486,2026-05-14 23:05:54,2026-5-14_stair1_left.csv,stair1,0.0,0.0,3160.0,290.0,0.0,0.0,0.0,0.0,1392.0,0.0,0.0,0.0,0.0,0.0,0.0,0.0,0.0,0.0
487,2026-05-14 23:05:54,2026-5-14_stair1_left.csv,stair1,0.0,0.0,3160.0,290.0,0.0,0.0,0.0,0.0,1392.0,0.0,0.0,0.0,0.0,0.0,0.0,0.0,0.0,0.0
488,2026-05-14 23:05:54,2026-5-14_stair1_left.csv,stair1,0.0,0.0,3160.0,290.0,0.0,0.0,0.0,0.0,1392.0,0.0,0.0,0.0,0.0,0.0,0.0,0.0,0.0,0.0
489,2026-05-14 23:05:54,2026-5-14_stair1_left.csv,stair1,0.0,0.0,3160.0,290.0,0.0,0.0,0.0,0.0,1392.0,0.0,0.0,0.0,0.0,0.0,0.0,0.0,0.0,0.0
490,2026-05-14 23:05:54,2026-5-14_stair1_left.csv,stair1,0.0,0.0,3160.0,290.0,0.0,0.0,0.0,0.0,1392.0,0.0,0.0,0.0,0.0,0.0,0.0,0.0,0.0,0.0
491,2026-05-14 23:05:54,2026-5-14_stair1_left.csv,stair1,0.0,0.0,3160.0,290.0,0.0,0.0,0.0,0.0,1392.0,0.0,0.0,0.0,0.0,0.0,0.0,0.0,0.0,0.0
492,2026-05-14 23:05:54,2026-5-14_stair1_left.csv,stair1,0.0,0.0,3160.0,290.0,0.0,0.0,0.0,0.0,1392.0,0.0,0.0,0.0,0.0,0.0,0.0,0.0,0.0,0.0
493,2026-05-14 23:05:54,2026-5-14_stair1_left.csv,stair1,0.0,0.0,3160.0,290.0,0.0,0.0,0.0,0.0,1392.0,0.0,0.0,0.0,0.0,0.0,0.0,0.0,0.0,0.0
494,2026-05-14 23:05:54,2026-5-14_stair1_left.csv,stair1,0.0,0.0,3160.0,290.0,0.0,0.0,0.0,0.0,1392.0,0.0,0.0,0.0,0.0,0.0,0.0,0.0,0.0,0.0
495,2026-05-14 23:05:54,2026-5-14_stair1_left.csv,stair1,0.0,0.0,3160.0,290.0,0.0,0.0,0.0,0.0,1392.0,0.0,0.0,0.0,0.0,0.0,0.0,0.0,0.0,0.0
496,2026-05-14 23:05:54,2026-5-14_stair1_left.csv,stair1,0.0,0.0,3160.0,290.0,0.0,0.0,0.0,0.0,1392.0,0.0,0.0,0.0,0.0,0.0,0.0,0.0,0.0,0.0
497,2026-05-14 23:05:55,2026-5-14_stair1_left.csv,stair1,0.0,0.0,3160.0,290.0,0.0,0.0,0.0,0.0,1392.0,0.0,0.0,0.0,0.0,0.0,0.0,0.0,0.0,0.0
498,2026-05-14 23:05:55,2026-5-14_stair1_left.csv,stair1,0.0,0.0,3160.0,290.0,0.0,0.0,0.0,0.0,1392.0,0.0,0.0,0.0,0.0,0.0,0.0,0.0,0.0,0.0
499,2026-05-14 23:05:55,2026-5-14_stair1_left.csv,stair1,0.0,0.0,3160.0,290.0,0.0,0.0,0.0,0.0,1392.0,0.0,0.0,0.0,0.0,0.0,0.0,0.0,0.0,0.0
500,2026-05-14 23:05:55,2026-5-14_stair1_left.csv,stair1,0.0,0.0,3160.0,290.0,0.0,0.0,0.0,0.0,1392.0,0.0,0.0,0.0,0.0,0.0,0.0,0.0,0.0,0.0
501,2026-05-14 23:05:55,2026-5-14_stair1_left.csv,stair1,0.0,0.0,3160.0,290.0,0.0,0.0,0.0,0.0,1392.0,0.0,0.0,0.0,0.0,0.0,0.0,0.0,0.0,0.0
502,2026-05-14 23:05:55,2026-5-14_stair1_left.csv,stair1,0.0,0.0,3160.0,290.0,0.0,0.0,0.0,0.0,1392.0,0.0,0.0,0.0,0.0,0.0,0.0,0.0,0.0,0.0
503,2026-05-14 23:05:55,2026-5-14_stair1_left.csv,stair1,0.0,0.0,3160.0,290.0,0.0,0.0,0.0,0.0,1392.0,0.0,0.0,0.0,0.0,0.0,0.0,0.0,0.0,0.0
504,2026-05-14 23:05:55,2026-5-14_stair1_left.csv,stair1,0.0,0.0,3160.0,290.0,0.0,0.0,0.0,0.0,1392.0,0.0,0.0,0.0,0.0,0.0,0.0,0.0,0.0,0.0
505,2026-05-14 23:05:55,2026-5-14_stair1_left.csv,stair1,0.0,0.0,3160.0,290.0,0.0,0.0,0.0,0.0,1392.0,0.0,0.0,0.0,0.0,0.0,0.0,0.0,0.0,0.0
506,2026-05-14 23:05:55,2026-5-14_stair1_left.csv,stair1,0.0,0.0,3160.0,290.0,0.0,0.0,0.0,0.0,1392.0,0.0,0.0,0.0,0.0,0.0,0.0,0.0,0.0,0.0
507,2026-05-14 23:05:55,2026-5-14_stair1_left.csv,stair1,0.0,0.0,3160.0,290.0,0.0,0.0,0.0,0.0,1392.0,0.0,0.0,0.0,0.0,0.0,0.0,0.0,0.0,0.0
508,2026-05-14 23:05:55,2026-5-14_stair1_left.csv,stair1,0.0,0.0,3160.0,290.0,0.0,0.0,0.0,0.0,1392.0,0.0,0.0,0.0,0.0,0.0,0.0,0.0,0.0,0.0
509,2026-05-14 23:05:55,2026-5-14_stair1_left.csv,stair1,0.0,0.0,3160.0,290.0,0.0,0.0,0.0,0.0,1392.0,0.0,0.0,0.0,0.0,0.0,0.0,0.0,0.0,0.0
510,2026-05-14 23:05:55,2026-5-14_stair1_left.csv,stair1,0.0,0.0,3160.0,290.0,0.0,0.0,0.0,0.0,1392.0,0.0,0.0,0.0,0.0,0.0,0.0,0.0,0.0,0.0
511,2026-05-14 23:05:55,2026-5-14_stair1_left.csv,stair1,0.0,0.0,3160.0,290.0,0.0,0.0,0.0,0.0,1392.0,0.0,0.0,0.0,0.0,0.0,0.0,0.0,0.0,0.0
512,2026-05-14 23:05:55,2026-5-14_stair1_left.csv,stair1,0.0,0.0,3160.0,290.0,0.0,0.0,0.0,0.0,1392.0,0.0,0.0,0.0,0.0,0.0,0.0,0.0,0.0,0.0
513,2026-05-14 23:05:55,2026-5-14_stair1_left.csv,stair1,0.0,0.0,3160.0,290.0,0.0,0.0,0.0,0.0,1392.0,0.0,0.0,0.0,0.0,0.0,0.0,0.0,0.0,0.0
514,2026-05-14 23:05:55,2026-5-14_stair1_left.csv,stair1,0.0,0.0,3160.0,290.0,0.0,0.0,0.0,0.0,1392.0,0.0,0.0,0.0,0.0,0.0,0.0,0.0,0.0,0.0
515,2026-05-14 23:05:55,2026-5-14_stair1_left.csv,stair1,0.0,0.0,3160.0,290.0,0.0,0.0,0.0,0.0,1392.0,0.0,0.0,0.0,0.0,0.0,0.0,0.0,0.0,0.0
516,2026-05-14 23:05:55,2026-5-14_stair1_left.csv,stair1,0.0,0.0,3160.0,290.0,0.0,0.0,0.0,0.0,1392.0,0.0,0.0,0.0,0.0,0.0,0.0,0.0,0.0,0.0
517,2026-05-14 23:05:56,2026-5-14_stair1_left.csv,stair1,0.0,0.0,3160.0,290.0,0.0,0.0,0.0,0.0,1392.0,0.0,0.0,0.0,0.0,0.0,0.0,0.0,0.0,0.0
518,2026-05-14 23:05:56,2026-5-14_stair1_left.csv,stair1,0.0,0.0,3160.0,290.0,0.0,0.0,0.0,0.0,1392.0,0.0,0.0,0.0,0.0,0.0,0.0,0.0,0.0,0.0
519,2026-05-14 23:05:56,2026-5-14_stair1_left.csv,stair1,0.0,0.0,3160.0,290.0,0.0,0.0,0.0,0.0,1392.0,0.0,0.0,0.0,0.0,0.0,0.0,0.0,0.0,0.0
520,2026-05-14 23:05:56,2026-5-14_stair1_left.csv,stair1,0.0,0.0,3160.0,290.0,0.0,0.0,0.0,0.0,1392.0,0.0,0.0,0.0,0.0,0.0,0.0,0.0,0.0,0.0
521,2026-05-14 23:05:56,2026-5-14_stair1_left.csv,stair1,0.0,0.0,3160.0,290.0,0.0,0.0,0.0,0.0,1392.0,0.0,0.0,0.0,0.0,0.0,0.0,0.0,0.0,0.0
522,2026-05-14 23:05:56,2026-5-14_stair1_left.csv,stair1,0.0,0.0,3160.0,290.0,0.0,0.0,0.0,0.0,1392.0,0.0,0.0,0.0,0.0,0.0,0.0,0.0,0.0,0.0
523,2026-05-14 23:05:56,2026-5-14_stair1_left.csv,stair1,0.0,0.0,3160.0,290.0,0.0,0.0,0.0,0.0,1392.0,0.0,0.0,0.0,0.0,0.0,0.0,0.0,0.0,0.0
524,2026-05-14 23:05:56,2026-5-14_stair1_left.csv,stair1,0.0,0.0,3160.0,290.0,0.0,0.0,0.0,0.0,1392.0,0.0,0.0,0.0,0.0,0.0,0.0,0.0,0.0,0.0
525,2026-05-14 23:05:56,2026-5-14_stair1_left.csv,stair1,0.0,0.0,3160.0,290.0,0.0,0.0,0.0,0.0,1392.0,0.0,0.0,0.0,0.0,0.0,0.0,0.0,0.0,0.0
526,2026-05-14 23:05:56,2026-5-14_stair1_left.csv,stair1,0.0,0.0,3160.0,290.0,0.0,0.0,0.0,0.0,1392.0,0.0,0.0,0.0,0.0,0.0,0.0,0.0,0.0,0.0
527,2026-05-14 23:05:56,2026-5-14_stair1_left.csv,stair1,0.0,0.0,3160.0,290.0,0.0,0.0,0.0,0.0,1392.0,0.0,0.0,0.0,0.0,0.0,0.0,0.0,0.0,0.0
528,2026-05-14 23:05:56,2026-5-14_stair1_left.csv,stair1,0.0,0.0,3160.0,290.0,0.0,0.0,0.0,0.0,1392.0,0.0,0.0,0.0,0.0,0.0,0.0,0.0,0.0,0.0
529,2026-05-14 23:05:56,2026-5-14_stair1_left.csv,stair1,0.0,0.0,3160.0,290.0,0.0,0.0,0.0,0.0,1392.0,0.0,0.0,0.0,0.0,0.0,0.0,0.0,0.0,0.0
530,2026-05-14 23:05:56,2026-5-14_stair1_left.csv,stair1,0.0,0.0,3160.0,290.0,0.0,0.0,0.0,0.0,1392.0,0.0,0.0,0.0,0.0,0.0,0.0,0.0,0.0,0.0
531,2026-05-14 23:05:56,2026-5-14_stair1_left.csv,stair1,0.0,0.0,3160.0,290.0,0.0,0.0,0.0,0.0,1392.0,0.0,0.0,0.0,0.0,0.0,0.0,0.0,0.0,0.0
532,2026-05-14 23:05:56,2026-5-14_stair1_left.csv,stair1,0.0,0.0,3160.0,290.0,0.0,0.0,0.0,0.0,1392.0,0.0,0.0,0.0,0.0,0.0,0.0,0.0,0.0,0.0
533,2026-05-14 23:05:56,2026-5-14_stair1_left.csv,stair1,0.0,0.0,3160.0,290.0,0.0,0.0,0.0,0.0,1392.0,0.0,0.0,0.0,0.0,0.0,0.0,0.0,0.0,0.0
534,2026-05-14 23:05:56,2026-5-14_stair1_left.csv,stair1,0.0,0.0,3160.0,290.0,0.0,0.0,0.0,0.0,1392.0,0.0,0.0,0.0,0.0,0.0,0.0,0.0,0.0,0.0
535,2026-05-14 23:05:56,2026-5-14_stair1_left.csv,stair1,0.0,0.0,3160.0,290.0,0.0,0.0,0.0,0.0,1392.0,0.0,0.0,0.0,0.0,0.0,0.0,0.0,0.0,0.0
536,2026-05-14 23:05:56,2026-5-14_stair1_left.csv,stair1,0.0,0.0,3160.0,290.0,0.0,0.0,0.0,0.0,1392.0,0.0,0.0,0.0,0.0,0.0,0.0,0.0,0.0,0.0
537,2026-05-14 23:05:57,2026-5-14_stair1_left.csv,stair1,0.0,0.0,3160.0,290.0,0.0,0.0,0.0,0.0,1392.0,0.0,0.0,0.0,0.0,0.0,0.0,0.0,0.0,0.0
538,2026-05-14 23:05:57,2026-5-14_stair1_left.csv,stair1,0.0,0.0,3160.0,290.0,0.0,0.0,0.0,0.0,1392.0,0.0,0.0,0.0,0.0,0.0,0.0,0.0,0.0,0.0
539,2026-05-14 23:05:57,2026-5-14_stair1_left.csv,stair1,0.0,0.0,3160.0,290.0,0.0,0.0,0.0,0.0,1392.0,0.0,0.0,0.0,0.0,0.0,0.0,0.0,0.0,0.0
540,2026-05-14 23:05:57,2026-5-14_stair1_left.csv,stair1,0.0,0.0,3160.0,290.0,0.0,0.0,0.0,0.0,1392.0,0.0,0.0,0.0,0.0,0.0,0.0,0.0,0.0,0.0
541,2026-05-14 23:05:57,2026-5-14_stair1_left.csv,stair1,0.0,0.0,3160.0,290.0,0.0,0.0,0.0,0.0,1392.0,0.0,0.0,0.0,0.0,0.0,0.0,0.0,0.0,0.0
542,2026-05-14 23:05:57,2026-5-14_stair1_left.csv,stair1,0.0,0.0,3160.0,290.0,0.0,0.0,0.0,0.0,1392.0,0.0,0.0,0.0,0.0,0.0,0.0,0.0,0.0,0.0
543,2026-05-14 23:05:57,2026-5-14_stair1_left.csv,stair1,0.0,0.0,3160.0,290.0,0.0,0.0,0.0,0.0,1392.0,0.0,0.0,0.0,0.0,0.0,0.0,0.0,0.0,0.0
544,2026-05-14 23:05:57,2026-5-14_stair1_left.csv,stair1,0.0,0.0,3160.0,290.0,0.0,0.0,0.0,0.0,1392.0,0.0,0.0,0.0,0.0,0.0,0.0,0.0,0.0,0.0
545,2026-05-14 23:05:57,2026-5-14_stair1_left.csv,stair1,0.0,0.0,3160.0,290.0,0.0,0.0,0.0,0.0,1392.0,0.0,0.0,0.0,0.0,0.0,0.0,0.0,0.0,0.0
546,2026-05-14 23:05:57,2026-5-14_stair1_left.csv,stair1,0.0,0.0,3160.0,290.0,0.0,0.0,0.0,0.0,1392.0,0.0,0.0,0.0,0.0,0.0,0.0,0.0,0.0,0.0
547,2026-05-14 23:05:57,2026-5-14_stair1_left.csv,stair1,0.0,0.0,3160.0,290.0,0.0,0.0,0.0,0.0,1392.0,0.0,0.0,0.0,0.0,0.0,0.0,0.0,0.0,0.0
548,2026-05-14 23:05:57,2026-5-14_stair1_left.csv,stair1,0.0,0.0,3160.0,290.0,0.0,0.0,0.0,0.0,1392.0,0.0,0.0,0.0,0.0,0.0,0.0,0.0,0.0,0.0
549,2026-05-14 23:05:57,2026-5-14_stair1_left.csv,stair1,0.0,0.0,3160.0,290.0,0.0,0.0,0.0,0.0,1392.0,0.0,0.0,0.0,0.0,0.0,0.0,0.0,0.0,0.0
550,2026-05-14 23:05:57,2026-5-14_stair1_left.csv,stair1,0.0,0.0,3160.0,290.0,0.0,0.0,0.0,0.0,1392.0,0.0,0.0,0.0,0.0,0.0,0.0,0.0,0.0,0.0
551,2026-05-14 23:05:57,2026-5-14_stair1_left.csv,stair1,0.0,0.0,3160.0,290.0,0.0,0.0,0.0,0.0,1392.0,0.0,0.0,0.0,0.0,0.0,0.0,0.0,0.0,0.0
552,2026-05-14 23:05:57,2026-5-14_stair1_left.csv,stair1,0.0,0.0,3160.0,290.0,0.0,0.0,0.0,0.0,1392.0,0.0,0.0,0.0,0.0,0.0,0.0,0.0,0.0,0.0
553,2026-05-14 23:05:57,2026-5-14_stair1_left.csv,stair1,0.0,0.0,3160.0,290.0,0.0,0.0,0.0,0.0,1392.0,0.0,0.0,0.0,0.0,0.0,0.0,0.0,0.0,0.0
554,2026-05-14 23:05:57,2026-5-14_stair1_left.csv,stair1,0.0,0.0,3160.0,290.0,0.0,0.0,0.0,0.0,1392.0,0.0,0.0,0.0,0.0,0.0,0.0,0.0,0.0,0.0
555,2026-05-14 23:05:57,2026-5-14_stair1_left.csv,stair1,0.0,0.0,3160.0,290.0,0.0,0.0,0.0,0.0,1392.0,0.0,0.0,0.0,0.0,0.0,0.0,0.0,0.0,0.0
556,2026-05-14 23:05:57,2026-5-14_stair1_left.csv,stair1,0.0,0.0,3160.0,290.0,0.0,0.0,0.0,0.0,1392.0,0.0,0.0,0.0,0.0,0.0,0.0,0.0,0.0,0.0
557,2026-05-14 23:05:58,2026-5-14_stair1_left.csv,stair1,0.0,0.0,3160.0,290.0,0.0,0.0,0.0,0.0,1392.0,0.0,0.0,0.0,0.0,0.0,0.0,0.0,0.0,0.0
558,2026-05-14 23:05:58,2026-5-14_stair1_left.csv,stair1,0.0,0.0,3160.0,290.0,0.0,0.0,0.0,0.0,1392.0,0.0,0.0,0.0,0.0,0.0,0.0,0.0,0.0,0.0
559,2026-05-14 23:05:58,2026-5-14_stair1_left.csv,stair1,0.0,0.0,3160.0,290.0,0.0,0.0,0.0,0.0,1392.0,0.0,0.0,0.0,0.0,0.0,0.0,0.0,0.0,0.0
560,2026-05-14 23:05:58,2026-5-14_stair1_left.csv,stair1,0.0,0.0,3160.0,290.0,0.0,0.0,0.0,0.0,1392.0,0.0,0.0,0.0,0.0,0.0,0.0,0.0,0.0,0.0
561,2026-05-14 23:05:58,2026-5-14_stair1_left.csv,stair1,0.0,0.0,3160.0,290.0,0.0,0.0,0.0,0.0,1392.0,0.0,0.0,0.0,0.0,0.0,0.0,0.0,0.0,0.0
562,2026-05-14 23:05:58,2026-5-14_stair1_left.csv,stair1,0.0,0.0,3160.0,290.0,0.0,0.0,0.0,0.0,1392.0,0.0,0.0,0.0,0.0,0.0,0.0,0.0,0.0,0.0
563,2026-05-14 23:05:58,2026-5-14_stair1_left.csv,stair1,0.0,0.0,3160.0,290.0,0.0,0.0,0.0,0.0,1392.0,0.0,0.0,0.0,0.0,0.0,0.0,0.0,0.0,0.0
564,2026-05-14 23:05:58,2026-5-14_stair1_left.csv,stair1,0.0,0.0,3160.0,290.0,0.0,0.0,0.0,0.0,1392.0,0.0,0.0,0.0,0.0,0.0,0.0,0.0,0.0,0.0
565,2026-05-14 23:05:58,2026-5-14_stair1_left.csv,stair1,0.0,0.0,3160.0,290.0,0.0,0.0,0.0,0.0,1392.0,0.0,0.0,0.0,0.0,0.0,0.0,0.0,0.0,0.0
566,2026-05-14 23:05:58,2026-5-14_stair1_left.csv,stair1,0.0,0.0,3160.0,290.0,0.0,0.0,0.0,0.0,1392.0,0.0,0.0,0.0,0.0,0.0,0.0,0.0,0.0,0.0
567,2026-05-14 23:05:58,2026-5-14_stair1_left.csv,stair1,0.0,0.0,3160.0,290.0,0.0,0.0,0.0,0.0,1392.0,0.0,0.0,0.0,0.0,0.0,0.0,0.0,0.0,0.0
568,2026-05-14 23:05:58,2026-5-14_stair1_left.csv,stair1,0.0,0.0,3160.0,290.0,0.0,0.0,0.0,0.0,1392.0,0.0,0.0,0.0,0.0,0.0,0.0,0.0,0.0,0.0
569,2026-05-14 23:05:58,2026-5-14_stair1_left.csv,stair1,0.0,0.0,3160.0,290.0,0.0,0.0,0.0,0.0,1392.0,0.0,0.0,0.0,0.0,0.0,0.0,0.0,0.0,0.0
570,2026-05-14 23:05:58,2026-5-14_stair1_left.csv,stair1,0.0,0.0,3160.0,290.0,0.0,0.0,0.0,0.0,1392.0,0.0,0.0,0.0,0.0,0.0,0.0,0.0,0.0,0.0
571,2026-05-14 23:05:58,2026-5-14_stair1_left.csv,stair1,0.0,0.0,3160.0,290.0,0.0,0.0,0.0,0.0,1392.0,0.0,0.0,0.0,0.0,0.0,0.0,0.0,0.0,0.0
572,2026-05-14 23:05:58,2026-5-14_stair1_left.csv,stair1,0.0,0.0,3160.0,290.0,0.0,0.0,0.0,0.0,1392.0,0.0,0.0,0.0,0.0,0.0,0.0,0.0,0.0,0.0
573,2026-05-14 23:05:58,2026-5-14_stair1_left.csv,stair1,0.0,0.0,3160.0,290.0,0.0,0.0,0.0,0.0,1392.0,0.0,0.0,0.0,0.0,0.0,0.0,0.0,0.0,0.0
574,2026-05-14 23:05:58,2026-5-14_stair1_left.csv,stair1,0.0,0.0,3160.0,290.0,0.0,0.0,0.0,0.0,1392.0,0.0,0.0,0.0,0.0,0.0,0.0,0.0,0.0,0.0
575,2026-05-14 23:05:58,2026-5-14_stair1_left.csv,stair1,0.0,0.0,3160.0,290.0,0.0,0.0,0.0,0.0,1392.0,0.0,0.0,0.0,0.0,0.0,0.0,0.0,0.0,0.0
576,2026-05-14 23:05:58,2026-5-14_stair1_left.csv,stair1,0.0,0.0,3160.0,290.0,0.0,0.0,0.0,0.0,1392.0,0.0,0.0,0.0,0.0,0.0,0.0,0.0,0.0,0.0
577,2026-05-14 23:05:59,2026-5-14_stair1_left.csv,stair1,0.0,0.0,3160.0,290.0,0.0,0.0,0.0,0.0,1392.0,0.0,0.0,0.0,0.0,0.0,0.0,0.0,0.0,0.0
578,2026-05-14 23:05:59,2026-5-14_stair1_left.csv,stair1,0.0,0.0,3160.0,290.0,0.0,0.0,0.0,0.0,1392.0,0.0,0.0,0.0,0.0,0.0,0.0,0.0,0.0,0.0
579,2026-05-14 23:05:59,2026-5-14_stair1_left.csv,stair1,0.0,0.0,3160.0,290.0,0.0,0.0,0.0,0.0,1392.0,0.0,0.0,0.0,0.0,0.0,0.0,0.0,0.0,0.0
580,2026-05-14 23:05:59,2026-5-14_stair1_left.csv,stair1,0.0,0.0,3160.0,290.0,0.0,0.0,0.0,0.0,1392.0,0.0,0.0,0.0,0.0,0.0,0.0,0.0,0.0,0.0
581,2026-05-14 23:05:59,2026-5-14_stair1_left.csv,stair1,0.0,0.0,3160.0,290.0,0.0,0.0,0.0,0.0,1392.0,0.0,0.0,0.0,0.0,0.0,0.0,0.0,0.0,0.0
582,2026-05-14 23:05:59,2026-5-14_stair1_left.csv,stair1,0.0,0.0,3160.0,290.0,0.0,0.0,0.0,0.0,1392.0,0.0,0.0,0.0,0.0,0.0,0.0,0.0,0.0,0.0
583,2026-05-14 23:05:59,2026-5-14_stair1_left.csv,stair1,0.0,0.0,3160.0,290.0,0.0,0.0,0.0,0.0,1392.0,0.0,0.0,0.0,0.0,0.0,0.0,0.0,0.0,0.0
584,2026-05-14 23:05:59,2026-5-14_stair1_left.csv,stair1,0.0,0.0,3160.0,290.0,0.0,0.0,0.0,0.0,1392.0,0.0,0.0,0.0,0.0,0.0,0.0,0.0,0.0,0.0
585,2026-05-14 23:05:59,2026-5-14_stair1_left.csv,stair1,0.0,0.0,3160.0,290.0,0.0,0.0,0.0,0.0,1392.0,0.0,0.0,0.0,0.0,0.0,0.0,0.0,0.0,0.0
586,2026-05-14 23:05:59,2026-5-14_stair1_left.csv,stair1,0.0,0.0,3160.0,290.0,0.0,0.0,0.0,0.0,1392.0,0.0,0.0,0.0,0.0,0.0,0.0,0.0,0.0,0.0
587,2026-05-14 23:05:59,2026-5-14_stair1_left.csv,stair1,0.0,0.0,3160.0,290.0,0.0,0.0,0.0,0.0,1392.0,0.0,0.0,0.0,0.0,0.0,0.0,0.0,0.0,0.0
588,2026-05-14 23:05:59,2026-5-14_stair1_left.csv,stair1,0.0,0.0,3160.0,290.0,0.0,0.0,0.0,0.0,1392.0,0.0,0.0,0.0,0.0,0.0,0.0,0.0,0.0,0.0
589,2026-05-14 23:05:59,2026-5-14_stair1_left.csv,stair1,0.0,0.0,3160.0,290.0,0.0,0.0,0.0,0.0,1392.0,0.0,0.0,0.0,0.0,0.0,0.0,0.0,0.0,0.0
590,2026-05-14 23:05:59,2026-5-14_stair1_left.csv,stair1,0.0,0.0,3160.0,290.0,0.0,0.0,0.0,0.0,1392.0,0.0,0.0,0.0,0.0,0.0,0.0,0.0,0.0,0.0
591,2026-05-14 23:05:59,2026-5-14_stair1_left.csv,stair1,0.0,0.0,3160.0,290.0,0.0,0.0,0.0,0.0,1392.0,0.0,0.0,0.0,0.0,0.0,0.0,0.0,0.0,0.0
592,2026-05-14 23:05:59,2026-5-14_stair1_left.csv,stair1,0.0,0.0,3160.0,290.0,0.0,0.0,0.0,0.0,1392.0,0.0,0.0,0.0,0.0,0.0,0.0,0.0,0.0,0.0
593,2026-05-14 23:05:59,2026-5-14_stair1_left.csv,stair1,0.0,0.0,3160.0,290.0,0.0,0.0,0.0,0.0,1392.0,0.0,0.0,0.0,0.0,0.0,0.0,0.0,0.0,0.0
594,2026-05-14 23:05:59,2026-5-14_stair1_left.csv,stair1,0.0,0.0,3160.0,290.0,0.0,0.0,0.0,0.0,1392.0,0.0,0.0,0.0,0.0,0.0,0.0,0.0,0.0,0.0
595,2026-05-14 23:05:59,2026-5-14_stair1_left.csv,stair1,0.0,0.0,3160.0,290.0,0.0,0.0,0.0,0.0,1392.0,0.0,0.0,0.0,0.0,0.0,0.0,0.0,0.0,0.0
596,2026-05-14 23:05:59,2026-5-14_stair1_left.csv,stair1,0.0,0.0,3160.0,290.0,0.0,0.0,0.0,0.0,1392.0,0.0,0.0,0.0,0.0,0.0,0.0,0.0,0.0,0.0
597,2026-05-14 23:06:00,2026-5-14_stair1_left.csv,stair1,0.0,0.0,3160.0,290.0,0.0,0.0,0.0,0.0,1392.0,0.0,0.0,0.0,0.0,0.0,0.0,0.0,0.0,0.0
598,2026-05-14 23:06:00,2026-5-14_stair1_left.csv,stair1,0.0,0.0,3160.0,290.0,0.0,0.0,0.0,0.0,1392.0,0.0,0.0,0.0,0.0,0.0,0.0,0.0,0.0,0.0
599,2026-05-14 23:06:00,2026-5-14_stair1_left.csv,stair1,0.0,0.0,3160.0,290.0,0.0,0.0,0.0,0.0,1392.0,0.0,0.0,0.0,0.0,0.0,0.0,0.0,0.0,0.0
600,2026-05-14 23:06:00,2026-5-14_stair1_left.csv,stair1,0.0,0.0,3160.0,290.0,0.0,0.0,0.0,0.0,1392.0,0.0,0.0,0.0,0.0,0.0,0.0,0.0,0.0,0.0
601,2026-05-14 23:06:00,2026-5-14_stair1_left.csv,stair1,0.0,0.0,3160.0,290.0,0.0,0.0,0.0,0.0,1392.0,0.0,0.0,0.0,0.0,0.0,0.0,0.0,0.0,0.0
602,2026-05-14 23:06:00,2026-5-14_stair1_left.csv,stair1,0.0,0.0,3160.0,290.0,0.0,0.0,0.0,0.0,1392.0,0.0,0.0,0.0,0.0,0.0,0.0,0.0,0.0,0.0
603,2026-05-14 23:06:00,2026-5-14_stair1_left.csv,stair1,0.0,0.0,3160.0,290.0,0.0,0.0,0.0,0.0,1392.0,0.0,0.0,0.0,0.0,0.0,0.0,0.0,0.0,0.0
604,2026-05-14 23:06:00,2026-5-14_stair1_left.csv,stair1,0.0,0.0,3160.0,290.0,0.0,0.0,0.0,0.0,1392.0,0.0,0.0,0.0,0.0,0.0,0.0,0.0,0.0,0.0
605,2026-05-14 23:06:00,2026-5-14_stair1_left.csv,stair1,0.0,0.0,3160.0,290.0,0.0,0.0,0.0,0.0,1392.0,0.0,0.0,0.0,0.0,0.0,0.0,0.0,0.0,0.0
606,2026-05-14 23:06:00,2026-5-14_stair1_left.csv,stair1,0.0,0.0,3160.0,290.0,0.0,0.0,0.0,0.0,1392.0,0.0,0.0,0.0,0.0,0.0,0.0,0.0,0.0,0.0
607,2026-05-14 23:06:00,2026-5-14_stair1_left.csv,stair1,0.0,0.0,3160.0,290.0,0.0,0.0,0.0,0.0,1392.0,0.0,0.0,0.0,0.0,0.0,0.0,0.0,0.0,0.0
608,2026-05-14 23:06:00,2026-5-14_stair1_left.csv,stair1,0.0,0.0,3160.0,290.0,0.0,0.0,0.0,0.0,1392.0,0.0,0.0,0.0,0.0,0.0,0.0,0.0,0.0,0.0
609,2026-05-14 23:06:00,2026-5-14_stair1_left.csv,stair1,0.0,0.0,3160.0,290.0,0.0,0.0,0.0,0.0,1392.0,0.0,0.0,0.0,0.0,0.0,0.0,0.0,0.0,0.0
610,2026-05-14 23:06:00,2026-5-14_stair1_left.csv,stair1,0.0,0.0,3160.0,290.0,0.0,0.0,0.0,0.0,1392.0,0.0,0.0,0.0,0.0,0.0,0.0,0.0,0.0,0.0
611,2026-05-14 23:06:00,2026-5-14_stair1_left.csv,stair1,0.0,0.0,3160.0,290.0,0.0,0.0,0.0,0.0,1392.0,0.0,0.0,0.0,0.0,0.0,0.0,0.0,0.0,0.0
612,2026-05-14 23:06:00,2026-5-14_stair1_left.csv,stair1,0.0,0.0,3160.0,290.0,0.0,0.0,0.0,0.0,1392.0,0.0,0.0,0.0,0.0,0.0,0.0,0.0,0.0,0.0
613,2026-05-14 23:06:00,2026-5-14_stair1_left.csv,stair1,0.0,0.0,3160.0,290.0,0.0,0.0,0.0,0.0,1392.0,0.0,0.0,0.0,0.0,0.0,0.0,0.0,0.0,0.0
614,2026-05-14 23:06:00,2026-5-14_stair1_left.csv,stair1,0.0,0.0,3160.0,290.0,0.0,0.0,0.0,0.0,1392.0,0.0,0.0,0.0,0.0,0.0,0.0,0.0,0.0,0.0
615,2026-05-14 23:06:00,2026-5-14_stair1_left.csv,stair1,0.0,0.0,3160.0,290.0,0.0,0.0,0.0,0.0,1392.0,0.0,0.0,0.0,0.0,0.0,0.0,0.0,0.0,0.0
616,2026-05-14 23:06:00,2026-5-14_stair1_left.csv,stair1,0.0,0.0,3160.0,290.0,0.0,0.0,0.0,0.0,1392.0,0.0,0.0,0.0,0.0,0.0,0.0,0.0,0.0,0.0
617,2026-05-14 23:06:01,2026-5-14_stair1_left.csv,stair1,0.0,0.0,3160.0,290.0,0.0,0.0,0.0,0.0,1392.0,0.0,0.0,0.0,0.0,0.0,0.0,0.0,0.0,0.0
618,2026-05-14 23:06:01,2026-5-14_stair1_left.csv,stair1,0.0,0.0,3160.0,290.0,0.0,0.0,0.0,0.0,1392.0,0.0,0.0,0.0,0.0,0.0,0.0,0.0,0.0,0.0
619,2026-05-14 23:06:01,2026-5-14_stair1_left.csv,stair1,0.0,0.0,3160.0,290.0,0.0,0.0,0.0,0.0,1392.0,0.0,0.0,0.0,0.0,0.0,0.0,0.0,0.0,0.0
620,2026-05-14 23:06:01,2026-5-14_stair1_left.csv,stair1,0.0,0.0,3160.0,290.0,0.0,0.0,0.0,0.0,1392.0,0.0,0.0,0.0,0.0,0.0,0.0,0.0,0.0,0.0
621,2026-05-14 23:06:01,2026-5-14_stair1_left.csv,stair1,0.0,0.0,3160.0,290.0,0.0,0.0,0.0,0.0,1392.0,0.0,0.0,0.0,0.0,0.0,0.0,0.0,0.0,0.0
622,2026-05-14 23:06:01,2026-5-14_stair1_left.csv,stair1,0.0,0.0,3160.0,290.0,0.0,0.0,0.0,0.0,1392.0,0.0,0.0,0.0,0.0,0.0,0.0,0.0,0.0,0.0
623,2026-05-14 23:06:01,2026-5-14_stair1_left.csv,stair1,0.0,0.0,3160.0,290.0,0.0,0.0,0.0,0.0,1392.0,0.0,0.0,0.0,0.0,0.0,0.0,0.0,0.0,0.0
624,2026-05-14 23:06:01,2026-5-14_stair1_left.csv,stair1,0.0,0.0,3160.0,290.0,0.0,0.0,0.0,0.0,1392.0,0.0,0.0,0.0,0.0,0.0,0.0,0.0,0.0,0.0
625,2026-05-14 23:06:01,2026-5-14_stair1_left.csv,stair1,0.0,0.0,3160.0,290.0,0.0,0.0,0.0,0.0,1392.0,0.0,0.0,0.0,0.0,0.0,0.0,0.0,0.0,0.0
626,2026-05-14 23:06:01,2026-5-14_stair1_left.csv,stair1,0.0,0.0,3160.0,290.0,0.0,0.0,0.0,0.0,1392.0,0.0,0.0,0.0,0.0,0.0,0.0,0.0,0.0,0.0
627,2026-05-14 23:06:01,2026-5-14_stair1_left.csv,stair1,0.0,0.0,3160.0,290.0,0.0,0.0,0.0,0.0,1392.0,0.0,0.0,0.0,0.0,0.0,0.0,0.0,0.0,0.0
628,2026-05-14 23:06:01,2026-5-14_stair1_left.csv,stair1,0.0,0.0,3160.0,290.0,0.0,0.0,0.0,0.0,1392.0,0.0,0.0,0.0,0.0,0.0,0.0,0.0,0.0,0.0
629,2026-05-14 23:06:01,2026-5-14_stair1_left.csv,stair1,0.0,0.0,3160.0,290.0,0.0,0.0,0.0,0.0,1392.0,0.0,0.0,0.0,0.0,0.0,0.0,0.0,0.0,0.0
630,2026-05-14 23:06:01,2026-5-14_stair1_left.csv,stair1,0.0,0.0,3160.0,290.0,0.0,0.0,0.0,0.0,1392.0,0.0,0.0,0.0,0.0,0.0,0.0,0.0,0.0,0.0
631,2026-05-14 23:06:01,2026-5-14_stair1_left.csv,stair1,0.0,0.0,3160.0,290.0,0.0,0.0,0.0,0.0,1392.0,0.0,0.0,0.0,0.0,0.0,0.0,0.0,0.0,0.0
632,2026-05-14 23:06:01,2026-5-14_stair1_left.csv,stair1,0.0,0.0,3160.0,290.0,0.0,0.0,0.0,0.0,1392.0,0.0,0.0,0.0,0.0,0.0,0.0,0.0,0.0,0.0
633,2026-05-14 23:06:01,2026-5-14_stair1_left.csv,stair1,0.0,0.0,3160.0,290.0,0.0,0.0,0.0,0.0,1392.0,0.0,0.0,0.0,0.0,0.0,0.0,0.0,0.0,0.0
634,2026-05-14 23:06:01,2026-5-14_stair1_left.csv,stair1,0.0,0.0,3160.0,290.0,0.0,0.0,0.0,0.0,1392.0,0.0,0.0,0.0,0.0,0.0,0.0,0.0,0.0,0.0
635,2026-05-14 23:06:01,2026-5-14_stair1_left.csv,stair1,0.0,0.0,3160.0,290.0,0.0,0.0,0.0,0.0,1392.0,0.0,0.0,0.0,0.0,0.0,0.0,0.0,0.0,0.0
636,2026-05-14 23:06:01,2026-5-14_stair1_left.csv,stair1,0.0,0.0,3160.0,290.0,0.0,0.0,0.0,0.0,1392.0,0.0,0.0,0.0,0.0,0.0,0.0,0.0,0.0,0.0
637,2026-05-14 23:06:02,2026-5-14_stair1_left.csv,stair1,0.0,0.0,3160.0,290.0,0.0,0.0,0.0,0.0,1392.0,0.0,0.0,0.0,0.0,0.0,0.0,0.0,0.0,0.0
638,2026-05-14 23:06:02,2026-5-14_stair1_left.csv,stair1,0.0,0.0,3160.0,290.0,0.0,0.0,0.0,0.0,1392.0,0.0,0.0,0.0,0.0,0.0,0.0,0.0,0.0,0.0
639,2026-05-14 23:06:02,2026-5-14_stair1_left.csv,stair1,0.0,0.0,3160.0,290.0,0.0,0.0,0.0,0.0,1392.0,0.0,0.0,0.0,0.0,0.0,0.0,0.0,0.0,0.0
640,2026-05-14 23:06:02,2026-5-14_stair1_left.csv,stair1,0.0,0.0,3160.0,290.0,0.0,0.0,0.0,0.0,1392.0,0.0,0.0,0.0,0.0,0.0,0.0,0.0,0.0,0.0
641,2026-05-14 23:06:02,2026-5-14_stair1_left.csv,stair1,0.0,0.0,3160.0,290.0,0.0,0.0,0.0,0.0,1392.0,0.0,0.0,0.0,0.0,0.0,0.0,0.0,0.0,0.0
642,2026-05-14 23:06:02,2026-5-14_stair1_left.csv,stair1,0.0,0.0,3160.0,290.0,0.0,0.0,0.0,0.0,1392.0,0.0,0.0,0.0,0.0,0.0,0.0,0.0,0.0,0.0
643,2026-05-14 23:06:02,2026-5-14_stair1_left.csv,stair1,0.0,0.0,3160.0,290.0,0.0,0.0,0.0,0.0,1392.0,0.0,0.0,0.0,0.0,0.0,0.0,0.0,0.0,0.0
644,2026-05-14 23:06:02,2026-5-14_stair1_left.csv,stair1,0.0,0.0,3160.0,290.0,0.0,0.0,0.0,0.0,1392.0,0.0,0.0,0.0,0.0,0.0,0.0,0.0,0.0,0.0
645,2026-05-14 23:06:02,2026-5-14_stair1_left.csv,stair1,0.0,0.0,3160.0,290.0,0.0,0.0,0.0,0.0,1392.0,0.0,0.0,0.0,0.0,0.0,0.0,0.0,0.0,0.0
646,2026-05-14 23:06:02,2026-5-14_stair1_left.csv,stair1,0.0,0.0,3160.0,290.0,0.0,0.0,0.0,0.0,1392.0,0.0,0.0,0.0,0.0,0.0,0.0,0.0,0.0,0.0
647,2026-05-14 23:06:02,2026-5-14_stair1_left.csv,stair1,0.0,0.0,3160.0,290.0,0.0,0.0,0.0,0.0,1392.0,0.0,0.0,0.0,0.0,0.0,0.0,0.0,0.0,0.0
648,2026-05-14 23:06:02,2026-5-14_stair1_left.csv,stair1,0.0,0.0,3160.0,290.0,0.0,0.0,0.0,0.0,1392.0,0.0,0.0,0.0,0.0,0.0,0.0,0.0,0.0,0.0
649,2026-05-14 23:06:02,2026-5-14_stair1_left.csv,stair1,0.0,0.0,3160.0,290.0,0.0,0.0,0.0,0.0,1392.0,0.0,0.0,0.0,0.0,0.0,0.0,0.0,0.0,0.0
650,2026-05-14 23:06:02,2026-5-14_stair1_left.csv,stair1,0.0,0.0,3160.0,290.0,0.0,0.0,0.0,0.0,1392.0,0.0,0.0,0.0,0.0,0.0,0.0,0.0,0.0,0.0
651,2026-05-14 23:06:02,2026-5-14_stair1_left.csv,stair1,0.0,0.0,3160.0,290.0,0.0,0.0,0.0,0.0,1392.0,0.0,0.0,0.0,0.0,0.0,0.0,0.0,0.0,0.0
652,2026-05-14 23:06:02,2026-5-14_stair1_left.csv,stair1,0.0,0.0,3160.0,290.0,0.0,0.0,0.0,0.0,1392.0,0.0,0.0,0.0,0.0,0.0,0.0,0.0,0.0,0.0
653,2026-05-14 23:06:02,2026-5-14_stair1_left.csv,stair1,0.0,0.0,3160.0,290.0,0.0,0.0,0.0,0.0,1392.0,0.0,0.0,0.0,0.0,0.0,0.0,0.0,0.0,0.0
654,2026-05-14 23:06:02,2026-5-14_stair1_left.csv,stair1,0.0,0.0,3160.0,290.0,0.0,0.0,0.0,0.0,1392.0,0.0,0.0,0.0,0.0,0.0,0.0,0.0,0.0,0.0
655,2026-05-14 23:06:02,2026-5-14_stair1_left.csv,stair1,0.0,0.0,3160.0,290.0,0.0,0.0,0.0,0.0,1392.0,0.0,0.0,0.0,0.0,0.0,0.0,0.0,0.0,0.0
656,2026-05-14 23:06:02,2026-5-14_stair1_left.csv,stair1,0.0,0.0,3160.0,290.0,0.0,0.0,0.0,0.0,1392.0,0.0,0.0,0.0,0.0,0.0,0.0,0.0,0.0,0.0
657,2026-05-14 23:06:03,2026-5-14_stair1_left.csv,stair1,0.0,0.0,3160.0,290.0,0.0,0.0,0.0,0.0,1392.0,0.0,0.0,0.0,0.0,0.0,0.0,0.0,0.0,0.0
658,2026-05-14 23:06:03,2026-5-14_stair1_left.csv,stair1,0.0,0.0,3160.0,290.0,0.0,0.0,0.0,0.0,1392.0,0.0,0.0,0.0,0.0,0.0,0.0,0.0,0.0,0.0
659,2026-05-14 23:06:03,2026-5-14_stair1_left.csv,stair1,0.0,0.0,3160.0,290.0,0.0,0.0,0.0,0.0,1392.0,0.0,0.0,0.0,0.0,0.0,0.0,0.0,0.0,0.0
660,2026-05-14 23:06:03,2026-5-14_stair1_left.csv,stair1,0.0,0.0,3160.0,290.0,0.0,0.0,0.0,0.0,1392.0,0.0,0.0,0.0,0.0,0.0,0.0,0.0,0.0,0.0
661,2026-05-14 23:06:03,2026-5-14_stair1_left.csv,stair1,0.0,0.0,3160.0,290.0,0.0,0.0,0.0,0.0,1392.0,0.0,0.0,0.0,0.0,0.0,0.0,0.0,0.0,0.0
662,2026-05-14 23:06:03,2026-5-14_stair1_left.csv,stair1,0.0,0.0,3160.0,290.0,0.0,0.0,0.0,0.0,1392.0,0.0,0.0,0.0,0.0,0.0,0.0,0.0,0.0,0.0
663,2026-05-14 23:06:03,2026-5-14_stair1_left.csv,stair1,0.0,0.0,3160.0,290.0,0.0,0.0,0.0,0.0,1392.0,0.0,0.0,0.0,0.0,0.0,0.0,0.0,0.0,0.0
664,2026-05-14 23:06:03,2026-5-14_stair1_left.csv,stair1,0.0,0.0,3160.0,290.0,0.0,0.0,0.0,0.0,1392.0,0.0,0.0,0.0,0.0,0.0,0.0,0.0,0.0,0.0
665,2026-05-14 23:06:03,2026-5-14_stair1_left.csv,stair1,0.0,0.0,3160.0,290.0,0.0,0.0,0.0,0.0,1392.0,0.0,0.0,0.0,0.0,0.0,0.0,0.0,0.0,0.0
666,2026-05-14 23:06:03,2026-5-14_stair1_left.csv,stair1,0.0,0.0,3160.0,290.0,0.0,0.0,0.0,0.0,1392.0,0.0,0.0,0.0,0.0,0.0,0.0,0.0,0.0,0.0
667,2026-05-14 23:06:03,2026-5-14_stair1_left.csv,stair1,0.0,0.0,3160.0,290.0,0.0,0.0,0.0,0.0,1392.0,0.0,0.0,0.0,0.0,0.0,0.0,0.0,0.0,0.0
668,2026-05-14 23:06:03,2026-5-14_stair1_left.csv,stair1,0.0,0.0,3160.0,290.0,0.0,0.0,0.0,0.0,1392.0,0.0,0.0,0.0,0.0,0.0,0.0,0.0,0.0,0.0
669,2026-05-14 23:06:03,2026-5-14_stair1_left.csv,stair1,0.0,0.0,3160.0,290.0,0.0,0.0,0.0,0.0,1392.0,0.0,0.0,0.0,0.0,0.0,0.0,0.0,0.0,0.0
670,2026-05-14 23:06:03,2026-5-14_stair1_left.csv,stair1,0.0,0.0,3160.0,290.0,0.0,0.0,0.0,0.0,1392.0,0.0,0.0,0.0,0.0,0.0,0.0,0.0,0.0,0.0
671,2026-05-14 23:06:03,2026-5-14_stair1_left.csv,stair1,0.0,0.0,3160.0,290.0,0.0,0.0,0.0,0.0,1392.0,0.0,0.0,0.0,0.0,0.0,0.0,0.0,0.0,0.0
672,2026-05-14 23:06:03,2026-5-14_stair1_left.csv,stair1,0.0,0.0,3160.0,290.0,0.0,0.0,0.0,0.0,1392.0,0.0,0.0,0.0,0.0,0.0,0.0,0.0,0.0,0.0
673,2026-05-14 23:06:03,2026-5-14_stair1_left.csv,stair1,0.0,0.0,3160.0,290.0,0.0,0.0,0.0,0.0,1392.0,0.0,0.0,0.0,0.0,0.0,0.0,0.0,0.0,0.0
674,2026-05-14 23:06:03,2026-5-14_stair1_left.csv,stair1,0.0,0.0,3160.0,290.0,0.0,0.0,0.0,0.0,1392.0,0.0,0.0,0.0,0.0,0.0,0.0,0.0,0.0,0.0
675,2026-05-14 23:06:03,2026-5-14_stair1_left.csv,stair1,0.0,0.0,3160.0,290.0,0.0,0.0,0.0,0.0,1392.0,0.0,0.0,0.0,0.0,0.0,0.0,0.0,0.0,0.0
676,2026-05-14 23:06:03,2026-5-14_stair1_left.csv,stair1,0.0,0.0,3160.0,290.0,0.0,0.0,0.0,0.0,1392.0,0.0,0.0,0.0,0.0,0.0,0.0,0.0,0.0,0.0
677,2026-05-14 23:06:04,2026-5-14_stair1_left.csv,stair1,0.0,0.0,3160.0,290.0,0.0,0.0,0.0,0.0,1392.0,0.0,0.0,0.0,0.0,0.0,0.0,0.0,0.0,0.0
678,2026-05-14 23:06:04,2026-5-14_stair1_left.csv,stair1,0.0,0.0,3160.0,290.0,0.0,0.0,0.0,0.0,1392.0,0.0,0.0,0.0,0.0,0.0,0.0,0.0,0.0,0.0
679,2026-05-14 23:06:04,2026-5-14_stair1_left.csv,stair1,0.0,0.0,3160.0,290.0,0.0,0.0,0.0,0.0,1392.0,0.0,0.0,0.0,0.0,0.0,0.0,0.0,0.0,0.0
680,2026-05-14 23:06:04,2026-5-14_stair1_left.csv,stair1,0.0,0.0,3160.0,290.0,0.0,0.0,0.0,0.0,1392.0,0.0,0.0,0.0,0.0,0.0,0.0,0.0,0.0,0.0
681,2026-05-14 23:06:04,2026-5-14_stair1_left.csv,stair1,0.0,0.0,3160.0,290.0,0.0,0.0,0.0,0.0,1392.0,0.0,0.0,0.0,0.0,0.0,0.0,0.0,0.0,0.0
682,2026-05-14 23:06:04,2026-5-14_stair1_left.csv,stair1,0.0,0.0,3160.0,290.0,0.0,0.0,0.0,0.0,1392.0,0.0,0.0,0.0,0.0,0.0,0.0,0.0,0.0,0.0
683,2026-05-14 23:06:04,2026-5-14_stair1_left.csv,stair1,0.0,0.0,3160.0,290.0,0.0,0.0,0.0,0.0,1392.0,0.0,0.0,0.0,0.0,0.0,0.0,0.0,0.0,0.0
684,2026-05-14 23:06:04,2026-5-14_stair1_left.csv,stair1,0.0,0.0,3160.0,290.0,0.0,0.0,0.0,0.0,1392.0,0.0,0.0,0.0,0.0,0.0,0.0,0.0,0.0,0.0
685,2026-05-14 23:06:04,2026-5-14_stair1_left.csv,stair1,0.0,0.0,3160.0,290.0,0.0,0.0,0.0,0.0,1392.0,0.0,0.0,0.0,0.0,0.0,0.0,0.0,0.0,0.0
686,2026-05-14 23:06:04,2026-5-14_stair1_left.csv,stair1,0.0,0.0,3160.0,290.0,0.0,0.0,0.0,0.0,1392.0,0.0,0.0,0.0,0.0,0.0,0.0,0.0,0.0,0.0
687,2026-05-14 23:06:04,2026-5-14_stair1_left.csv,stair1,0.0,0.0,3160.0,290.0,0.0,0.0,0.0,0.0,1392.0,0.0,0.0,0.0,0.0,0.0,0.0,0.0,0.0,0.0
688,2026-05-14 23:06:04,2026-5-14_stair1_left.csv,stair1,0.0,0.0,3160.0,290.0,0.0,0.0,0.0,0.0,1392.0,0.0,0.0,0.0,0.0,0.0,0.0,0.0,0.0,0.0
689,2026-05-14 23:06:04,2026-5-14_stair1_left.csv,stair1,0.0,0.0,3160.0,290.0,0.0,0.0,0.0,0.0,1392.0,0.0,0.0,0.0,0.0,0.0,0.0,0.0,0.0,0.0
690,2026-05-14 23:06:04,2026-5-14_stair1_left.csv,stair1,0.0,0.0,3160.0,290.0,0.0,0.0,0.0,0.0,1392.0,0.0,0.0,0.0,0.0,0.0,0.0,0.0,0.0,0.0
691,2026-05-14 23:06:04,2026-5-14_stair1_left.csv,stair1,0.0,0.0,3160.0,290.0,0.0,0.0,0.0,0.0,1392.0,0.0,0.0,0.0,0.0,0.0,0.0,0.0,0.0,0.0
692,2026-05-14 23:06:04,2026-5-14_stair1_left.csv,stair1,0.0,0.0,3160.0,290.0,0.0,0.0,0.0,0.0,1392.0,0.0,0.0,0.0,0.0,0.0,0.0,0.0,0.0,0.0
693,2026-05-14 23:06:04,2026-5-14_stair1_left.csv,stair1,0.0,0.0,3160.0,290.0,0.0,0.0,0.0,0.0,1392.0,0.0,0.0,0.0,0.0,0.0,0.0,0.0,0.0,0.0
694,2026-05-14 23:06:04,2026-5-14_stair1_left.csv,stair1,0.0,0.0,3160.0,290.0,0.0,0.0,0.0,0.0,1392.0,0.0,0.0,0.0,0.0,0.0,0.0,0.0,0.0,0.0
695,2026-05-14 23:06:04,2026-5-14_stair1_left.csv,stair1,0.0,0.0,3160.0,290.0,0.0,0.0,0.0,0.0,1392.0,0.0,0.0,0.0,0.0,0.0,0.0,0.0,0.0,0.0
696,2026-05-14 23:06:04,2026-5-14_stair1_left.csv,stair1,0.0,0.0,3160.0,290.0,0.0,0.0,0.0,0.0,1392.0,0.0,0.0,0.0,0.0,0.0,0.0,0.0,0.0,0.0
697,2026-05-14 23:06:05,2026-5-14_stair1_left.csv,stair1,0.0,0.0,3160.0,290.0,0.0,0.0,0.0,0.0,1392.0,0.0,0.0,0.0,0.0,0.0,0.0,0.0,0.0,0.0
698,2026-05-14 23:06:05,2026-5-14_stair1_left.csv,stair1,0.0,0.0,3160.0,290.0,0.0,0.0,0.0,0.0,1392.0,0.0,0.0,0.0,0.0,0.0,0.0,0.0,0.0,0.0
699,2026-05-14 23:06:05,2026-5-14_stair1_left.csv,stair1,0.0,0.0,3160.0,290.0,0.0,0.0,0.0,0.0,1392.0,0.0,0.0,0.0,0.0,0.0,0.0,0.0,0.0,0.0
700,2026-05-14 23:06:05,2026-5-14_stair1_left.csv,stair1,0.0,0.0,3160.0,290.0,0.0,0.0,0.0,0.0,1392.0,0.0,0.0,0.0,0.0,0.0,0.0,0.0,0.0,0.0
701,2026-05-14 23:06:05,2026-5-14_stair1_left.csv,stair1,0.0,0.0,3160.0,290.0,0.0,0.0,0.0,0.0,1392.0,0.0,0.0,0.0,0.0,0.0,0.0,0.0,0.0,0.0
702,2026-05-14 23:06:05,2026-5-14_stair1_left.csv,stair1,0.0,0.0,3160.0,290.0,0.0,0.0,0.0,0.0,1392.0,0.0,0.0,0.0,0.0,0.0,0.0,0.0,0.0,0.0
703,2026-05-14 23:06:05,2026-5-14_stair1_left.csv,stair1,0.0,0.0,3160.0,290.0,0.0,0.0,0.0,0.0,1392.0,0.0,0.0,0.0,0.0,0.0,0.0,0.0,0.0,0.0
704,2026-05-14 23:06:05,2026-5-14_stair1_left.csv,stair1,0.0,0.0,3160.0,290.0,0.0,0.0,0.0,0.0,1392.0,0.0,0.0,0.0,0.0,0.0,0.0,0.0,0.0,0.0
705,2026-05-14 23:06:05,2026-5-14_stair1_left.csv,stair1,0.0,0.0,3160.0,290.0,0.0,0.0,0.0,0.0,1392.0,0.0,0.0,0.0,0.0,0.0,0.0,0.0,0.0,0.0
706,2026-05-14 23:06:05,2026-5-14_stair1_left.csv,stair1,0.0,0.0,3160.0,290.0,0.0,0.0,0.0,0.0,1392.0,0.0,0.0,0.0,0.0,0.0,0.0,0.0,0.0,0.0
707,2026-05-14 23:06:05,2026-5-14_stair1_left.csv,stair1,0.0,0.0,3160.0,290.0,0.0,0.0,0.0,0.0,1392.0,0.0,0.0,0.0,0.0,0.0,0.0,0.0,0.0,0.0
708,2026-05-14 23:06:05,2026-5-14_stair1_left.csv,stair1,0.0,0.0,3160.0,290.0,0.0,0.0,0.0,0.0,1392.0,0.0,0.0,0.0,0.0,0.0,0.0,0.0,0.0,0.0
709,2026-05-14 23:06:05,2026-5-14_stair1_left.csv,stair1,0.0,0.0,3160.0,290.0,0.0,0.0,0.0,0.0,1392.0,0.0,0.0,0.0,0.0,0.0,0.0,0.0,0.0,0.0
710,2026-05-14 23:06:05,2026-5-14_stair1_left.csv,stair1,0.0,0.0,3160.0,290.0,0.0,0.0,0.0,0.0,1392.0,0.0,0.0,0.0,0.0,0.0,0.0,0.0,0.0,0.0
711,2026-05-14 23:06:05,2026-5-14_stair1_left.csv,stair1,0.0,0.0,3160.0,290.0,0.0,0.0,0.0,0.0,1392.0,0.0,0.0,0.0,0.0,0.0,0.0,0.0,0.0,0.0
712,2026-05-14 23:06:05,2026-5-14_stair1_left.csv,stair1,0.0,0.0,3160.0,290.0,0.0,0.0,0.0,0.0,1392.0,0.0,0.0,0.0,0.0,0.0,0.0,0.0,0.0,0.0
713,2026-05-14 23:06:05,2026-5-14_stair1_left.csv,stair1,0.0,0.0,3160.0,290.0,0.0,0.0,0.0,0.0,1392.0,0.0,0.0,0.0,0.0,0.0,0.0,0.0,0.0,0.0
714,2026-05-14 23:06:05,2026-5-14_stair1_left.csv,stair1,0.0,0.0,3160.0,290.0,0.0,0.0,0.0,0.0,1392.0,0.0,0.0,0.0,0.0,0.0,0.0,0.0,0.0,0.0
715,2026-05-14 23:06:05,2026-5-14_stair1_left.csv,stair1,0.0,0.0,3160.0,290.0,0.0,0.0,0.0,0.0,1392.0,0.0,0.0,0.0,0.0,0.0,0.0,0.0,0.0,0.0
716,2026-05-14 23:06:05,2026-5-14_stair1_left.csv,stair1,0.0,0.0,3160.0,290.0,0.0,0.0,0.0,0.0,1392.0,0.0,0.0,0.0,0.0,0.0,0.0,0.0,0.0,0.0
717,2026-05-14 23:06:06,2026-5-14_stair1_left.csv,stair1,0.0,0.0,3160.0,290.0,0.0,0.0,0.0,0.0,1392.0,0.0,0.0,0.0,0.0,0.0,0.0,0.0,0.0,0.0
718,2026-05-14 23:06:06,2026-5-14_stair1_left.csv,stair1,0.0,0.0,3160.0,290.0,0.0,0.0,0.0,0.0,1392.0,0.0,0.0,0.0,0.0,0.0,0.0,0.0,0.0,0.0
719,2026-05-14 23:06:06,2026-5-14_stair1_left.csv,stair1,0.0,0.0,3160.0,290.0,0.0,0.0,0.0,0.0,1392.0,0.0,0.0,0.0,0.0,0.0,0.0,0.0,0.0,0.0
720,2026-05-14 23:06:06,2026-5-14_stair1_left.csv,stair1,0.0,0.0,3160.0,290.0,0.0,0.0,0.0,0.0,1392.0,0.0,0.0,0.0,0.0,0.0,0.0,0.0,0.0,0.0
721,2026-05-14 23:06:06,2026-5-14_stair1_left.csv,stair1,0.0,0.0,3160.0,290.0,0.0,0.0,0.0,0.0,1392.0,0.0,0.0,0.0,0.0,0.0,0.0,0.0,0.0,0.0
722,2026-05-14 23:06:06,2026-5-14_stair1_left.csv,stair1,0.0,0.0,3160.0,290.0,0.0,0.0,0.0,0.0,1392.0,0.0,0.0,0.0,0.0,0.0,0.0,0.0,0.0,0.0
723,2026-05-14 23:06:06,2026-5-14_stair1_left.csv,stair1,0.0,0.0,3160.0,290.0,0.0,0.0,0.0,0.0,1392.0,0.0,0.0,0.0,0.0,0.0,0.0,0.0,0.0,0.0
724,2026-05-14 23:06:06,2026-5-14_stair1_left.csv,stair1,0.0,0.0,3160.0,290.0,0.0,0.0,0.0,0.0,1392.0,0.0,0.0,0.0,0.0,0.0,0.0,0.0,0.0,0.0
725,2026-05-14 23:06:06,2026-5-14_stair1_left.csv,stair1,0.0,0.0,3160.0,290.0,0.0,0.0,0.0,0.0,1392.0,0.0,0.0,0.0,0.0,0.0,0.0,0.0,0.0,0.0
726,2026-05-14 23:06:06,2026-5-14_stair1_left.csv,stair1,0.0,0.0,3160.0,290.0,0.0,0.0,0.0,0.0,1392.0,0.0,0.0,0.0,0.0,0.0,0.0,0.0,0.0,0.0
727,2026-05-14 23:06:06,2026-5-14_stair1_left.csv,stair1,0.0,0.0,3160.0,290.0,0.0,0.0,0.0,0.0,1392.0,0.0,0.0,0.0,0.0,0.0,0.0,0.0,0.0,0.0
728,2026-05-14 23:06:06,2026-5-14_stair1_left.csv,stair1,0.0,0.0,3160.0,290.0,0.0,0.0,0.0,0.0,1392.0,0.0,0.0,0.0,0.0,0.0,0.0,0.0,0.0,0.0
729,2026-05-14 23:06:06,2026-5-14_stair1_left.csv,stair1,0.0,0.0,3160.0,290.0,0.0,0.0,0.0,0.0,1392.0,0.0,0.0,0.0,0.0,0.0,0.0,0.0,0.0,0.0
730,2026-05-14 23:06:06,2026-5-14_stair1_left.csv,stair1,0.0,0.0,3160.0,290.0,0.0,0.0,0.0,0.0,1392.0,0.0,0.0,0.0,0.0,0.0,0.0,0.0,0.0,0.0
731,2026-05-14 23:06:06,2026-5-14_stair1_left.csv,stair1,0.0,0.0,3160.0,290.0,0.0,0.0,0.0,0.0,1392.0,0.0,0.0,0.0,0.0,0.0,0.0,0.0,0.0,0.0
732,2026-05-14 23:06:06,2026-5-14_stair1_left.csv,stair1,0.0,0.0,3160.0,290.0,0.0,0.0,0.0,0.0,1392.0,0.0,0.0,0.0,0.0,0.0,0.0,0.0,0.0,0.0
733,2026-05-14 23:06:06,2026-5-14_stair1_left.csv,stair1,0.0,0.0,3160.0,290.0,0.0,0.0,0.0,0.0,1392.0,0.0,0.0,0.0,0.0,0.0,0.0,0.0,0.0,0.0
734,2026-05-14 23:06:06,2026-5-14_stair1_left.csv,stair1,0.0,0.0,3160.0,290.0,0.0,0.0,0.0,0.0,1392.0,0.0,0.0,0.0,0.0,0.0,0.0,0.0,0.0,0.0
735,2026-05-14 23:06:06,2026-5-14_stair1_left.csv,stair1,0.0,0.0,3160.0,290.0,0.0,0.0,0.0,0.0,1392.0,0.0,0.0,0.0,0.0,0.0,0.0,0.0,0.0,0.0
736,2026-05-14 23:06:06,2026-5-14_stair1_left.csv,stair1,0.0,0.0,3160.0,290.0,0.0,0.0,0.0,0.0,1392.0,0.0,0.0,0.0,0.0,0.0,0.0,0.0,0.0,0.0
737,2026-05-14 23:06:07,2026-5-14_stair1_left.csv,stair1,0.0,0.0,3160.0,290.0,0.0,0.0,0.0,0.0,1392.0,0.0,0.0,0.0,0.0,0.0,0.0,0.0,0.0,0.0
738,2026-05-14 23:06:07,2026-5-14_stair1_left.csv,stair1,0.0,0.0,3160.0,290.0,0.0,0.0,0.0,0.0,1392.0,0.0,0.0,0.0,0.0,0.0,0.0,0.0,0.0,0.0
739,2026-05-14 23:06:07,2026-5-14_stair1_left.csv,stair1,0.0,0.0,3160.0,290.0,0.0,0.0,0.0,0.0,1392.0,0.0,0.0,0.0,0.0,0.0,0.0,0.0,0.0,0.0
740,2026-05-14 23:06:07,2026-5-14_stair1_left.csv,stair1,0.0,0.0,3160.0,290.0,0.0,0.0,0.0,0.0,1392.0,0.0,0.0,0.0,0.0,0.0,0.0,0.0,0.0,0.0
741,2026-05-14 23:06:07,2026-5-14_stair1_left.csv,stair1,0.0,0.0,3160.0,290.0,0.0,0.0,0.0,0.0,1392.0,0.0,0.0,0.0,0.0,0.0,0.0,0.0,0.0,0.0
742,2026-05-14 23:06:07,2026-5-14_stair1_left.csv,stair1,0.0,0.0,3160.0,290.0,0.0,0.0,0.0,0.0,1392.0,0.0,0.0,0.0,0.0,0.0,0.0,0.0,0.0,0.0
743,2026-05-14 23:06:07,2026-5-14_stair1_left.csv,stair1,0.0,0.0,3160.0,290.0,0.0,0.0,0.0,0.0,1392.0,0.0,0.0,0.0,0.0,0.0,0.0,0.0,0.0,0.0
744,2026-05-14 23:06:07,2026-5-14_stair1_left.csv,stair1,0.0,0.0,3160.0,290.0,0.0,0.0,0.0,0.0,1392.0,0.0,0.0,0.0,0.0,0.0,0.0,0.0,0.0,0.0
745,2026-05-14 23:06:07,2026-5-14_stair1_left.csv,stair1,0.0,0.0,3160.0,290.0,0.0,0.0,0.0,0.0,1392.0,0.0,0.0,0.0,0.0,0.0,0.0,0.0,0.0,0.0
746,2026-05-14 23:06:07,2026-5-14_stair1_left.csv,stair1,0.0,0.0,3160.0,290.0,0.0,0.0,0.0,0.0,1392.0,0.0,0.0,0.0,0.0,0.0,0.0,0.0,0.0,0.0
747,2026-05-14 23:06:07,2026-5-14_stair1_left.csv,stair1,0.0,0.0,3160.0,290.0,0.0,0.0,0.0,0.0,1392.0,0.0,0.0,0.0,0.0,0.0,0.0,0.0,0.0,0.0
748,2026-05-14 23:06:07,2026-5-14_stair1_left.csv,stair1,0.0,0.0,3160.0,290.0,0.0,0.0,0.0,0.0,1392.0,0.0,0.0,0.0,0.0,0.0,0.0,0.0,0.0,0.0
749,2026-05-14 23:06:07,2026-5-14_stair1_left.csv,stair1,0.0,0.0,3160.0,290.0,0.0,0.0,0.0,0.0,1392.0,0.0,0.0,0.0,0.0,0.0,0.0,0.0,0.0,0.0
750,2026-05-14 23:06:07,2026-5-14_stair1_left.csv,stair1,0.0,0.0,3160.0,290.0,0.0,0.0,0.0,0.0,1392.0,0.0,0.0,0.0,0.0,0.0,0.0,0.0,0.0,0.0
751,2026-05-14 23:06:07,2026-5-14_stair1_left.csv,stair1,0.0,0.0,3160.0,290.0,0.0,0.0,0.0,0.0,1392.0,0.0,0.0,0.0,0.0,0.0,0.0,0.0,0.0,0.0
752,2026-05-14 23:06:07,2026-5-14_stair1_left.csv,stair1,0.0,0.0,3160.0,290.0,0.0,0.0,0.0,0.0,1392.0,0.0,0.0,0.0,0.0,0.0,0.0,0.0,0.0,0.0
753,2026-05-14 23:06:07,2026-5-14_stair1_left.csv,stair1,0.0,0.0,3160.0,290.0,0.0,0.0,0.0,0.0,1392.0,0.0,0.0,0.0,0.0,0.0,0.0,0.0,0.0,0.0
754,2026-05-14 23:06:07,2026-5-14_stair1_left.csv,stair1,0.0,0.0,3160.0,290.0,0.0,0.0,0.0,0.0,1392.0,0.0,0.0,0.0,0.0,0.0,0.0,0.0,0.0,0.0
755,2026-05-14 23:06:07,2026-5-14_stair1_left.csv,stair1,0.0,0.0,3160.0,290.0,0.0,0.0,0.0,0.0,1392.0,0.0,0.0,0.0,0.0,0.0,0.0,0.0,0.0,0.0
756,2026-05-14 23:06:07,2026-5-14_stair1_left.csv,stair1,0.0,0.0,3160.0,290.0,0.0,0.0,0.0,0.0,1392.0,0.0,0.0,0.0,0.0,0.0,0.0,0.0,0.0,0.0
757,2026-05-14 23:06:08,2026-5-14_stair1_left.csv,stair1,0.0,0.0,3160.0,290.0,0.0,0.0,0.0,0.0,1392.0,0.0,0.0,0.0,0.0,0.0,0.0,0.0,0.0,0.0
758,2026-05-14 23:06:08,2026-5-14_stair1_left.csv,stair1,0.0,0.0,3160.0,290.0,0.0,0.0,0.0,0.0,1392.0,0.0,0.0,0.0,0.0,0.0,0.0,0.0,0.0,0.0
759,2026-05-14 23:06:08,2026-5-14_stair1_left.csv,stair1,0.0,0.0,3160.0,290.0,0.0,0.0,0.0,0.0,1392.0,0.0,0.0,0.0,0.0,0.0,0.0,0.0,0.0,0.0
760,2026-05-14 23:06:08,2026-5-14_stair1_left.csv,stair1,0.0,0.0,3160.0,290.0,0.0,0.0,0.0,0.0,1392.0,0.0,0.0,0.0,0.0,0.0,0.0,0.0,0.0,0.0
761,2026-05-14 23:06:08,2026-5-14_stair1_left.csv,stair1,0.0,0.0,3160.0,290.0,0.0,0.0,0.0,0.0,1392.0,0.0,0.0,0.0,0.0,0.0,0.0,0.0,0.0,0.0
762,2026-05-14 23:06:08,2026-5-14_stair1_left.csv,stair1,0.0,0.0,3160.0,290.0,0.0,0.0,0.0,0.0,1392.0,0.0,0.0,0.0,0.0,0.0,0.0,0.0,0.0,0.0
763,2026-05-14 23:06:08,2026-5-14_stair1_left.csv,stair1,0.0,0.0,3160.0,290.0,0.0,0.0,0.0,0.0,1392.0,0.0,0.0,0.0,0.0,0.0,0.0,0.0,0.0,0.0
764,2026-05-14 23:06:08,2026-5-14_stair1_left.csv,stair1,0.0,0.0,3160.0,290.0,0.0,0.0,0.0,0.0,1392.0,0.0,0.0,0.0,0.0,0.0,0.0,0.0,0.0,0.0
765,2026-05-14 23:06:08,2026-5-14_stair1_left.csv,stair1,0.0,0.0,3160.0,290.0,0.0,0.0,0.0,0.0,1392.0,0.0,0.0,0.0,0.0,0.0,0.0,0.0,0.0,0.0
766,2026-05-14 23:06:08,2026-5-14_stair1_left.csv,stair1,0.0,0.0,3160.0,290.0,0.0,0.0,0.0,0.0,1392.0,0.0,0.0,0.0,0.0,0.0,0.0,0.0,0.0,0.0
767,2026-05-14 23:06:08,2026-5-14_stair1_left.csv,stair1,0.0,0.0,3160.0,290.0,0.0,0.0,0.0,0.0,1392.0,0.0,0.0,0.0,0.0,0.0,0.0,0.0,0.0,0.0
768,2026-05-14 23:06:08,2026-5-14_stair1_left.csv,stair1,0.0,0.0,3160.0,290.0,0.0,0.0,0.0,0.0,1392.0,0.0,0.0,0.0,0.0,0.0,0.0,0.0,0.0,0.0
769,2026-05-14 23:06:08,2026-5-14_stair1_left.csv,stair1,0.0,0.0,3160.0,290.0,0.0,0.0,0.0,0.0,1392.0,0.0,0.0,0.0,0.0,0.0,0.0,0.0,0.0,0.0
770,2026-05-14 23:06:08,2026-5-14_stair1_left.csv,stair1,0.0,0.0,3160.0,290.0,0.0,0.0,0.0,0.0,1392.0,0.0,0.0,0.0,0.0,0.0,0.0,0.0,0.0,0.0
771,2026-05-14 23:06:08,2026-5-14_stair1_left.csv,stair1,0.0,0.0,3160.0,290.0,0.0,0.0,0.0,0.0,1392.0,0.0,0.0,0.0,0.0,0.0,0.0,0.0,0.0,0.0
772,2026-05-14 23:06:08,2026-5-14_stair1_left.csv,stair1,0.0,0.0,3160.0,290.0,0.0,0.0,0.0,0.0,1392.0,0.0,0.0,0.0,0.0,0.0,0.0,0.0,0.0,0.0
773,2026-05-14 23:06:08,2026-5-14_stair1_left.csv,stair1,0.0,0.0,3160.0,290.0,0.0,0.0,0.0,0.0,1392.0,0.0,0.0,0.0,0.0,0.0,0.0,0.0,0.0,0.0
774,2026-05-14 23:06:08,2026-5-14_stair1_left.csv,stair1,0.0,0.0,3160.0,290.0,0.0,0.0,0.0,0.0,1392.0,0.0,0.0,0.0,0.0,0.0,0.0,0.0,0.0,0.0
775,2026-05-14 23:06:08,2026-5-14_stair1_left.csv,stair1,0.0,0.0,3160.0,290.0,0.0,0.0,0.0,0.0,1392.0,0.0,0.0,0.0,0.0,0.0,0.0,0.0,0.0,0.0
776,2026-05-14 23:06:08,2026-5-14_stair1_left.csv,stair1,0.0,0.0,3160.0,290.0,0.0,0.0,0.0,0.0,1392.0,0.0,0.0,0.0,0.0,0.0,0.0,0.0,0.0,0.0
777,2026-05-14 23:06:09,2026-5-14_stair1_left.csv,stair1,0.0,0.0,3160.0,290.0,0.0,0.0,0.0,0.0,1392.0,0.0,0.0,0.0,0.0,0.0,0.0,0.0,0.0,0.0
778,2026-05-14 23:06:09,2026-5-14_stair1_left.csv,stair1,0.0,0.0,3160.0,290.0,0.0,0.0,0.0,0.0,1392.0,0.0,0.0,0.0,0.0,0.0,0.0,0.0,0.0,0.0
779,2026-05-14 23:06:09,2026-5-14_stair1_left.csv,stair1,0.0,0.0,3160.0,290.0,0.0,0.0,0.0,0.0,1392.0,0.0,0.0,0.0,0.0,0.0,0.0,0.0,0.0,0.0
780,2026-05-14 23:06:09,2026-5-14_stair1_left.csv,stair1,0.0,0.0,3160.0,290.0,0.0,0.0,0.0,0.0,1392.0,0.0,0.0,0.0,0.0,0.0,0.0,0.0,0.0,0.0
781,2026-05-14 23:06:09,2026-5-14_stair1_left.csv,stair1,0.0,0.0,3160.0,290.0,0.0,0.0,0.0,0.0,1392.0,0.0,0.0,0.0,0.0,0.0,0.0,0.0,0.0,0.0
782,2026-05-14 23:06:09,2026-5-14_stair1_left.csv,stair1,0.0,0.0,3160.0,290.0,0.0,0.0,0.0,0.0,1392.0,0.0,0.0,0.0,0.0,0.0,0.0,0.0,0.0,0.0
783,2026-05-14 23:06:09,2026-5-14_stair1_left.csv,stair1,0.0,0.0,3160.0,290.0,0.0,0.0,0.0,0.0,1392.0,0.0,0.0,0.0,0.0,0.0,0.0,0.0,0.0,0.0
784,2026-05-14 23:06:09,2026-5-14_stair1_left.csv,stair1,0.0,0.0,3160.0,290.0,0.0,0.0,0.0,0.0,1392.0,0.0,0.0,0.0,0.0,0.0,0.0,0.0,0.0,0.0
785,2026-05-14 23:06:09,2026-5-14_stair1_left.csv,stair1,0.0,0.0,3160.0,290.0,0.0,0.0,0.0,0.0,1392.0,0.0,0.0,0.0,0.0,0.0,0.0,0.0,0.0,0.0
786,2026-05-14 23:06:09,2026-5-14_stair1_left.csv,stair1,0.0,0.0,3160.0,290.0,0.0,0.0,0.0,0.0,1392.0,0.0,0.0,0.0,0.0,0.0,0.0,0.0,0.0,0.0
787,2026-05-14 23:06:09,2026-5-14_stair1_left.csv,stair1,0.0,0.0,3160.0,290.0,0.0,0.0,0.0,0.0,1392.0,0.0,0.0,0.0,0.0,0.0,0.0,0.0,0.0,0.0
788,2026-05-14 23:06:09,2026-5-14_stair1_left.csv,stair1,0.0,0.0,3160.0,290.0,0.0,0.0,0.0,0.0,1392.0,0.0,0.0,0.0,0.0,0.0,0.0,0.0,0.0,0.0
789,2026-05-14 23:06:09,2026-5-14_stair1_left.csv,stair1,0.0,0.0,3160.0,290.0,0.0,0.0,0.0,0.0,1392.0,0.0,0.0,0.0,0.0,0.0,0.0,0.0,0.0,0.0
790,2026-05-14 23:06:09,2026-5-14_stair1_left.csv,stair1,0.0,0.0,3160.0,290.0,0.0,0.0,0.0,0.0,1392.0,0.0,0.0,0.0,0.0,0.0,0.0,0.0,0.0,0.0
791,2026-05-14 23:06:09,2026-5-14_stair1_left.csv,stair1,0.0,0.0,3160.0,290.0,0.0,0.0,0.0,0.0,1392.0,0.0,0.0,0.0,0.0,0.0,0.0,0.0,0.0,0.0
792,2026-05-14 23:06:09,2026-5-14_stair1_left.csv,stair1,0.0,0.0,3160.0,290.0,0.0,0.0,0.0,0.0,1392.0,0.0,0.0,0.0,0.0,0.0,0.0,0.0,0.0,0.0
793,2026-05-14 23:06:09,2026-5-14_stair1_left.csv,stair1,0.0,0.0,3160.0,290.0,0.0,0.0,0.0,0.0,1392.0,0.0,0.0,0.0,0.0,0.0,0.0,0.0,0.0,0.0
794,2026-05-14 23:06:09,2026-5-14_stair1_left.csv,stair1,0.0,0.0,3160.0,290.0,0.0,0.0,0.0,0.0,1392.0,0.0,0.0,0.0,0.0,0.0,0.0,0.0,0.0,0.0
795,2026-05-14 23:06:09,2026-5-14_stair1_left.csv,stair1,0.0,0.0,3160.0,290.0,0.0,0.0,0.0,0.0,1392.0,0.0,0.0,0.0,0.0,0.0,0.0,0.0,0.0,0.0
796,2026-05-14 23:06:09,2026-5-14_stair1_left.csv,stair1,0.0,0.0,3160.0,290.0,0.0,0.0,0.0,0.0,1392.0,0.0,0.0,0.0,0.0,0.0,0.0,0.0,0.0,0.0
797,2026-05-14 23:06:10,2026-5-14_stair1_left.csv,stair1,0.0,0.0,3160.0,290.0,0.0,0.0,0.0,0.0,1392.0,0.0,0.0,0.0,0.0,0.0,0.0,0.0,0.0,0.0
798,2026-05-14 23:06:10,2026-5-14_stair1_left.csv,stair1,0.0,0.0,3160.0,290.0,0.0,0.0,0.0,0.0,1392.0,0.0,0.0,0.0,0.0,0.0,0.0,0.0,0.0,0.0
799,2026-05-14 23:06:10,2026-5-14_stair1_left.csv,stair1,0.0,0.0,3160.0,290.0,0.0,0.0,0.0,0.0,1392.0,0.0,0.0,0.0,0.0,0.0,0.0,0.0,0.0,0.0
800,2026-05-14 23:06:10,2026-5-14_stair1_left.csv,stair1,0.0,0.0,3160.0,290.0,0.0,0.0,0.0,0.0,1392.0,0.0,0.0,0.0,0.0,0.0,0.0,0.0,0.0,0.0
801,2026-05-14 23:06:10,2026-5-14_stair1_left.csv,stair1,0.0,0.0,3160.0,290.0,0.0,0.0,0.0,0.0,1392.0,0.0,0.0,0.0,0.0,0.0,0.0,0.0,0.0,0.0
802,2026-05-14 23:06:10,2026-5-14_stair1_left.csv,stair1,0.0,0.0,3160.0,290.0,0.0,0.0,0.0,0.0,1392.0,0.0,0.0,0.0,0.0,0.0,0.0,0.0,0.0,0.0
803,2026-05-14 23:06:10,2026-5-14_stair1_left.csv,stair1,0.0,0.0,3160.0,290.0,0.0,0.0,0.0,0.0,1392.0,0.0,0.0,0.0,0.0,0.0,0.0,0.0,0.0,0.0
804,2026-05-14 23:06:10,2026-5-14_stair1_left.csv,stair1,0.0,0.0,3160.0,290.0,0.0,0.0,0.0,0.0,1392.0,0.0,0.0,0.0,0.0,0.0,0.0,0.0,0.0,0.0
805,2026-05-14 23:06:10,2026-5-14_stair1_left.csv,stair1,0.0,0.0,3160.0,290.0,0.0,0.0,0.0,0.0,1392.0,0.0,0.0,0.0,0.0,0.0,0.0,0.0,0.0,0.0
806,2026-05-14 23:06:10,2026-5-14_stair1_left.csv,stair1,0.0,0.0,3160.0,290.0,0.0,0.0,0.0,0.0,1392.0,0.0,0.0,0.0,0.0,0.0,0.0,0.0,0.0,0.0
807,2026-05-14 23:06:10,2026-5-14_stair1_left.csv,stair1,0.0,0.0,3160.0,290.0,0.0,0.0,0.0,0.0,1392.0,0.0,0.0,0.0,0.0,0.0,0.0,0.0,0.0,0.0
808,2026-05-14 23:06:10,2026-5-14_stair1_left.csv,stair1,0.0,0.0,3160.0,290.0,0.0,0.0,0.0,0.0,1392.0,0.0,0.0,0.0,0.0,0.0,0.0,0.0,0.0,0.0
809,2026-05-14 23:06:10,2026-5-14_stair1_left.csv,stair1,0.0,0.0,3160.0,290.0,0.0,0.0,0.0,0.0,1392.0,0.0,0.0,0.0,0.0,0.0,0.0,0.0,0.0,0.0
810,2026-05-14 23:06:10,2026-5-14_stair1_left.csv,stair1,0.0,0.0,3160.0,290.0,0.0,0.0,0.0,0.0,1392.0,0.0,0.0,0.0,0.0,0.0,0.0,0.0,0.0,0.0
811,2026-05-14 23:06:10,2026-5-14_stair1_left.csv,stair1,0.0,0.0,3160.0,290.0,0.0,0.0,0.0,0.0,1392.0,0.0,0.0,0.0,0.0,0.0,0.0,0.0,0.0,0.0
812,2026-05-14 23:06:10,2026-5-14_stair1_left.csv,stair1,0.0,0.0,3160.0,290.0,0.0,0.0,0.0,0.0,1392.0,0.0,0.0,0.0,0.0,0.0,0.0,0.0,0.0,0.0
813,2026-05-14 23:06:10,2026-5-14_stair1_left.csv,stair1,0.0,0.0,3160.0,290.0,0.0,0.0,0.0,0.0,1392.0,0.0,0.0,0.0,0.0,0.0,0.0,0.0,0.0,0.0
814,2026-05-14 23:06:10,2026-5-14_stair1_left.csv,stair1,0.0,0.0,3160.0,290.0,0.0,0.0,0.0,0.0,1392.0,0.0,0.0,0.0,0.0,0.0,0.0,0.0,0.0,0.0
815,2026-05-14 23:06:10,2026-5-14_stair1_left.csv,stair1,0.0,0.0,3160.0,290.0,0.0,0.0,0.0,0.0,1392.0,0.0,0.0,0.0,0.0,0.0,0.0,0.0,0.0,0.0
816,2026-05-14 23:06:10,2026-5-14_stair1_left.csv,stair1,0.0,0.0,3160.0,290.0,0.0,0.0,0.0,0.0,1392.0,0.0,0.0,0.0,0.0,0.0,0.0,0.0,0.0,0.0
817,2026-05-14 23:06:11,2026-5-14_stair1_left.csv,stair1,0.0,0.0,3160.0,290.0,0.0,0.0,0.0,0.0,1392.0,0.0,0.0,0.0,0.0,0.0,0.0,0.0,0.0,0.0
818,2026-05-14 23:06:11,2026-5-14_stair1_left.csv,stair1,0.0,0.0,3160.0,290.0,0.0,0.0,0.0,0.0,1392.0,0.0,0.0,0.0,0.0,0.0,0.0,0.0,0.0,0.0
819,2026-05-14 23:06:11,2026-5-14_stair1_left.csv,stair1,0.0,0.0,3160.0,290.0,0.0,0.0,0.0,0.0,1392.0,0.0,0.0,0.0,0.0,0.0,0.0,0.0,0.0,0.0
820,2026-05-14 23:06:11,2026-5-14_stair1_left.csv,stair1,0.0,0.0,3160.0,290.0,0.0,0.0,0.0,0.0,1392.0,0.0,0.0,0.0,0.0,0.0,0.0,0.0,0.0,0.0
821,2026-05-14 23:06:11,2026-5-14_stair1_left.csv,stair1,0.0,0.0,3160.0,290.0,0.0,0.0,0.0,0.0,1392.0,0.0,0.0,0.0,0.0,0.0,0.0,0.0,0.0,0.0
822,2026-05-14 23:06:11,2026-5-14_stair1_left.csv,stair1,0.0,0.0,3160.0,290.0,0.0,0.0,0.0,0.0,1392.0,0.0,0.0,0.0,0.0,0.0,0.0,0.0,0.0,0.0
823,2026-05-14 23:06:11,2026-5-14_stair1_left.csv,stair1,0.0,0.0,3160.0,290.0,0.0,0.0,0.0,0.0,1392.0,0.0,0.0,0.0,0.0,0.0,0.0,0.0,0.0,0.0
824,2026-05-14 23:06:11,2026-5-14_stair1_left.csv,stair1,0.0,0.0,3160.0,290.0,0.0,0.0,0.0,0.0,1392.0,0.0,0.0,0.0,0.0,0.0,0.0,0.0,0.0,0.0
825,2026-05-14 23:06:11,2026-5-14_stair1_left.csv,stair1,0.0,0.0,3160.0,290.0,0.0,0.0,0.0,0.0,1392.0,0.0,0.0,0.0,0.0,0.0,0.0,0.0,0.0,0.0
826,2026-05-14 23:06:11,2026-5-14_stair1_left.csv,stair1,0.0,0.0,3160.0,290.0,0.0,0.0,0.0,0.0,1392.0,0.0,0.0,0.0,0.0,0.0,0.0,0.0,0.0,0.0
827,2026-05-14 23:06:11,2026-5-14_stair1_left.csv,stair1,0.0,0.0,3160.0,290.0,0.0,0.0,0.0,0.0,1392.0,0.0,0.0,0.0,0.0,0.0,0.0,0.0,0.0,0.0
828,2026-05-14 23:06:11,2026-5-14_stair1_left.csv,stair1,0.0,0.0,3160.0,290.0,0.0,0.0,0.0,0.0,1392.0,0.0,0.0,0.0,0.0,0.0,0.0,0.0,0.0,0.0
829,2026-05-14 23:06:11,2026-5-14_stair1_left.csv,stair1,0.0,0.0,3160.0,290.0,0.0,0.0,0.0,0.0,1392.0,0.0,0.0,0.0,0.0,0.0,0.0,0.0,0.0,0.0
830,2026-05-14 23:06:11,2026-5-14_stair1_left.csv,stair1,0.0,0.0,3160.0,290.0,0.0,0.0,0.0,0.0,1392.0,0.0,0.0,0.0,0.0,0.0,0.0,0.0,0.0,0.0
831,2026-05-14 23:06:11,2026-5-14_stair1_left.csv,stair1,0.0,0.0,3160.0,290.0,0.0,0.0,0.0,0.0,1392.0,0.0,0.0,0.0,0.0,0.0,0.0,0.0,0.0,0.0
832,2026-05-14 23:06:11,2026-5-14_stair1_left.csv,stair1,0.0,0.0,3160.0,290.0,0.0,0.0,0.0,0.0,1392.0,0.0,0.0,0.0,0.0,0.0,0.0,0.0,0.0,0.0
833,2026-05-14 23:06:11,2026-5-14_stair1_left.csv,stair1,0.0,0.0,3160.0,290.0,0.0,0.0,0.0,0.0,1392.0,0.0,0.0,0.0,0.0,0.0,0.0,0.0,0.0,0.0
834,2026-05-14 23:06:11,2026-5-14_stair1_left.csv,stair1,0.0,0.0,3160.0,290.0,0.0,0.0,0.0,0.0,1392.0,0.0,0.0,0.0,0.0,0.0,0.0,0.0,0.0,0.0
835,2026-05-14 23:06:11,2026-5-14_stair1_left.csv,stair1,0.0,0.0,3160.0,290.0,0.0,0.0,0.0,0.0,1392.0,0.0,0.0,0.0,0.0,0.0,0.0,0.0,0.0,0.0
836,2026-05-14 23:06:11,2026-5-14_stair1_left.csv,stair1,0.0,0.0,3160.0,290.0,0.0,0.0,0.0,0.0,1392.0,0.0,0.0,0.0,0.0,0.0,0.0,0.0,0.0,0.0
837,2026-05-14 23:06:12,2026-5-14_stair1_left.csv,stair1,0.0,0.0,3160.0,290.0,0.0,0.0,0.0,0.0,1392.0,0.0,0.0,0.0,0.0,0.0,0.0,0.0,0.0,0.0
838,2026-05-14 23:06:12,2026-5-14_stair1_left.csv,stair1,0.0,0.0,3160.0,290.0,0.0,0.0,0.0,0.0,1392.0,0.0,0.0,0.0,0.0,0.0,0.0,0.0,0.0,0.0
839,2026-05-14 23:06:12,2026-5-14_stair1_left.csv,stair1,0.0,0.0,3160.0,290.0,0.0,0.0,0.0,0.0,1392.0,0.0,0.0,0.0,0.0,0.0,0.0,0.0,0.0,0.0
840,2026-05-14 23:06:12,2026-5-14_stair1_left.csv,stair1,0.0,0.0,3160.0,290.0,0.0,0.0,0.0,0.0,1392.0,0.0,0.0,0.0,0.0,0.0,0.0,0.0,0.0,0.0
841,2026-05-14 23:06:12,2026-5-14_stair1_left.csv,stair1,0.0,0.0,3160.0,290.0,0.0,0.0,0.0,0.0,1392.0,0.0,0.0,0.0,0.0,0.0,0.0,0.0,0.0,0.0
842,2026-05-14 23:06:12,2026-5-14_stair1_left.csv,stair1,0.0,0.0,3160.0,290.0,0.0,0.0,0.0,0.0,1392.0,0.0,0.0,0.0,0.0,0.0,0.0,0.0,0.0,0.0
843,2026-05-14 23:06:12,2026-5-14_stair1_left.csv,stair1,0.0,0.0,3160.0,290.0,0.0,0.0,0.0,0.0,1392.0,0.0,0.0,0.0,0.0,0.0,0.0,0.0,0.0,0.0
844,2026-05-14 23:06:12,2026-5-14_stair1_left.csv,stair1,0.0,0.0,3160.0,290.0,0.0,0.0,0.0,0.0,1392.0,0.0,0.0,0.0,0.0,0.0,0.0,0.0,0.0,0.0
845,2026-05-14 23:06:12,2026-5-14_stair1_left.csv,stair1,0.0,0.0,3160.0,290.0,0.0,0.0,0.0,0.0,1392.0,0.0,0.0,0.0,0.0,0.0,0.0,0.0,0.0,0.0
846,2026-05-14 23:06:12,2026-5-14_stair1_left.csv,stair1,0.0,0.0,3160.0,290.0,0.0,0.0,0.0,0.0,1392.0,0.0,0.0,0.0,0.0,0.0,0.0,0.0,0.0,0.0
847,2026-05-14 23:06:12,2026-5-14_stair1_left.csv,stair1,0.0,0.0,3160.0,290.0,0.0,0.0,0.0,0.0,1392.0,0.0,0.0,0.0,0.0,0.0,0.0,0.0,0.0,0.0
848,2026-05-14 23:06:12,2026-5-14_stair1_left.csv,stair1,0.0,0.0,3160.0,290.0,0.0,0.0,0.0,0.0,1392.0,0.0,0.0,0.0,0.0,0.0,0.0,0.0,0.0,0.0
849,2026-05-14 23:06:12,2026-5-14_stair1_left.csv,stair1,0.0,0.0,3160.0,290.0,0.0,0.0,0.0,0.0,1392.0,0.0,0.0,0.0,0.0,0.0,0.0,0.0,0.0,0.0
850,2026-05-14 23:06:12,2026-5-14_stair1_left.csv,stair1,0.0,0.0,3160.0,290.0,0.0,0.0,0.0,0.0,1392.0,0.0,0.0,0.0,0.0,0.0,0.0,0.0,0.0,0.0
851,2026-05-14 23:06:12,2026-5-14_stair1_left.csv,stair1,0.0,0.0,3160.0,290.0,0.0,0.0,0.0,0.0,1392.0,0.0,0.0,0.0,0.0,0.0,0.0,0.0,0.0,0.0
852,2026-05-14 23:06:12,2026-5-14_stair1_left.csv,stair1,0.0,0.0,3160.0,290.0,0.0,0.0,0.0,0.0,1392.0,0.0,0.0,0.0,0.0,0.0,0.0,0.0,0.0,0.0
853,2026-05-14 23:06:12,2026-5-14_stair1_left.csv,stair1,0.0,0.0,3160.0,290.0,0.0,0.0,0.0,0.0,1392.0,0.0,0.0,0.0,0.0,0.0,0.0,0.0,0.0,0.0
854,2026-05-14 23:06:12,2026-5-14_stair1_left.csv,stair1,0.0,0.0,3160.0,290.0,0.0,0.0,0.0,0.0,1392.0,0.0,0.0,0.0,0.0,0.0,0.0,0.0,0.0,0.0
855,2026-05-14 23:06:12,2026-5-14_stair1_left.csv,stair1,0.0,0.0,3160.0,290.0,0.0,0.0,0.0,0.0,1392.0,0.0,0.0,0.0,0.0,0.0,0.0,0.0,0.0,0.0
856,2026-05-14 23:06:12,2026-5-14_stair1_left.csv,stair1,0.0,0.0,3160.0,290.0,0.0,0.0,0.0,0.0,1392.0,0.0,0.0,0.0,0.0,0.0,0.0,0.0,0.0,0.0
857,2026-05-14 23:06:13,2026-5-14_stair1_left.csv,stair1,0.0,0.0,3160.0,290.0,0.0,0.0,0.0,0.0,1392.0,0.0,0.0,0.0,0.0,0.0,0.0,0.0,0.0,0.0
858,2026-05-14 23:06:13,2026-5-14_stair1_left.csv,stair1,0.0,0.0,3160.0,290.0,0.0,0.0,0.0,0.0,1392.0,0.0,0.0,0.0,0.0,0.0,0.0,0.0,0.0,0.0
859,2026-05-14 23:06:13,2026-5-14_stair1_left.csv,stair1,0.0,0.0,3160.0,290.0,0.0,0.0,0.0,0.0,1392.0,0.0,0.0,0.0,0.0,0.0,0.0,0.0,0.0,0.0
860,2026-05-14 23:06:13,2026-5-14_stair1_left.csv,stair1,0.0,0.0,3160.0,290.0,0.0,0.0,0.0,0.0,1392.0,0.0,0.0,0.0,0.0,0.0,0.0,0.0,0.0,0.0
861,2026-05-14 23:06:13,2026-5-14_stair1_left.csv,stair1,0.0,0.0,3160.0,290.0,0.0,0.0,0.0,0.0,1392.0,0.0,0.0,0.0,0.0,0.0,0.0,0.0,0.0,0.0
862,2026-05-14 23:06:13,2026-5-14_stair1_left.csv,stair1,0.0,0.0,3160.0,290.0,0.0,0.0,0.0,0.0,1392.0,0.0,0.0,0.0,0.0,0.0,0.0,0.0,0.0,0.0
863,2026-05-14 23:06:13,2026-5-14_stair1_left.csv,stair1,0.0,0.0,3160.0,290.0,0.0,0.0,0.0,0.0,1392.0,0.0,0.0,0.0,0.0,0.0,0.0,0.0,0.0,0.0
864,2026-05-14 23:06:13,2026-5-14_stair1_left.csv,stair1,0.0,0.0,3160.0,290.0,0.0,0.0,0.0,0.0,1392.0,0.0,0.0,0.0,0.0,0.0,0.0,0.0,0.0,0.0
865,2026-05-14 23:06:13,2026-5-14_stair1_left.csv,stair1,0.0,0.0,3160.0,290.0,0.0,0.0,0.0,0.0,1392.0,0.0,0.0,0.0,0.0,0.0,0.0,0.0,0.0,0.0
866,2026-05-14 23:06:13,2026-5-14_stair1_left.csv,stair1,0.0,0.0,3160.0,290.0,0.0,0.0,0.0,0.0,1392.0,0.0,0.0,0.0,0.0,0.0,0.0,0.0,0.0,0.0
867,2026-05-14 23:06:13,2026-5-14_stair1_left.csv,stair1,0.0,0.0,3160.0,290.0,0.0,0.0,0.0,0.0,1392.0,0.0,0.0,0.0,0.0,0.0,0.0,0.0,0.0,0.0
868,2026-05-14 23:06:13,2026-5-14_stair1_left.csv,stair1,0.0,0.0,3160.0,290.0,0.0,0.0,0.0,0.0,1392.0,0.0,0.0,0.0,0.0,0.0,0.0,0.0,0.0,0.0
869,2026-05-14 23:06:13,2026-5-14_stair1_left.csv,stair1,0.0,0.0,3160.0,290.0,0.0,0.0,0.0,0.0,1392.0,0.0,0.0,0.0,0.0,0.0,0.0,0.0,0.0,0.0
870,2026-05-14 23:06:13,2026-5-14_stair1_left.csv,stair1,0.0,0.0,3160.0,290.0,0.0,0.0,0.0,0.0,1392.0,0.0,0.0,0.0,0.0,0.0,0.0,0.0,0.0,0.0
871,2026-05-14 23:06:13,2026-5-14_stair1_left.csv,stair1,0.0,0.0,3160.0,290.0,0.0,0.0,0.0,0.0,1392.0,0.0,0.0,0.0,0.0,0.0,0.0,0.0,0.0,0.0
872,2026-05-14 23:06:13,2026-5-14_stair1_left.csv,stair1,0.0,0.0,3160.0,290.0,0.0,0.0,0.0,0.0,1392.0,0.0,0.0,0.0,0.0,0.0,0.0,0.0,0.0,0.0
873,2026-05-14 23:06:13,2026-5-14_stair1_left.csv,stair1,0.0,0.0,3160.0,290.0,0.0,0.0,0.0,0.0,1392.0,0.0,0.0,0.0,0.0,0.0,0.0,0.0,0.0,0.0
874,2026-05-14 23:06:13,2026-5-14_stair1_left.csv,stair1,0.0,0.0,3160.0,290.0,0.0,0.0,0.0,0.0,1392.0,0.0,0.0,0.0,0.0,0.0,0.0,0.0,0.0,0.0
875,2026-05-14 23:06:13,2026-5-14_stair1_left.csv,stair1,0.0,0.0,3160.0,290.0,0.0,0.0,0.0,0.0,1392.0,0.0,0.0,0.0,0.0,0.0,0.0,0.0,0.0,0.0
876,2026-05-14 23:06:13,2026-5-14_stair1_left.csv,stair1,0.0,0.0,3160.0,290.0,0.0,0.0,0.0,0.0,1392.0,0.0,0.0,0.0,0.0,0.0,0.0,0.0,0.0,0.0
877,2026-05-14 23:06:14,2026-5-14_stair1_left.csv,stair1,0.0,0.0,3160.0,290.0,0.0,0.0,0.0,0.0,1392.0,0.0,0.0,0.0,0.0,0.0,0.0,0.0,0.0,0.0
878,2026-05-14 23:06:14,2026-5-14_stair1_left.csv,stair1,0.0,0.0,3160.0,290.0,0.0,0.0,0.0,0.0,1392.0,0.0,0.0,0.0,0.0,0.0,0.0,0.0,0.0,0.0
879,2026-05-14 23:06:14,2026-5-14_stair1_left.csv,stair1,0.0,0.0,3160.0,290.0,0.0,0.0,0.0,0.0,1392.0,0.0,0.0,0.0,0.0,0.0,0.0,0.0,0.0,0.0
880,2026-05-14 23:06:14,2026-5-14_stair1_left.csv,stair1,0.0,0.0,3160.0,290.0,0.0,0.0,0.0,0.0,1392.0,0.0,0.0,0.0,0.0,0.0,0.0,0.0,0.0,0.0
881,2026-05-14 23:06:14,2026-5-14_stair1_left.csv,stair1,0.0,0.0,3160.0,290.0,0.0,0.0,0.0,0.0,1392.0,0.0,0.0,0.0,0.0,0.0,0.0,0.0,0.0,0.0
882,2026-05-14 23:06:14,2026-5-14_stair1_left.csv,stair1,0.0,0.0,3160.0,290.0,0.0,0.0,0.0,0.0,1392.0,0.0,0.0,0.0,0.0,0.0,0.0,0.0,0.0,0.0
883,2026-05-14 23:06:14,2026-5-14_stair1_left.csv,stair1,0.0,0.0,3160.0,290.0,0.0,0.0,0.0,0.0,1392.0,0.0,0.0,0.0,0.0,0.0,0.0,0.0,0.0,0.0
884,2026-05-14 23:06:14,2026-5-14_stair1_left.csv,stair1,0.0,0.0,3160.0,290.0,0.0,0.0,0.0,0.0,1392.0,0.0,0.0,0.0,0.0,0.0,0.0,0.0,0.0,0.0
885,2026-05-14 23:06:14,2026-5-14_stair1_left.csv,stair1,0.0,0.0,3160.0,290.0,0.0,0.0,0.0,0.0,1392.0,0.0,0.0,0.0,0.0,0.0,0.0,0.0,0.0,0.0
886,2026-05-14 23:06:14,2026-5-14_stair1_left.csv,stair1,0.0,0.0,3160.0,290.0,0.0,0.0,0.0,0.0,1392.0,0.0,0.0,0.0,0.0,0.0,0.0,0.0,0.0,0.0
887,2026-05-14 23:06:14,2026-5-14_stair1_left.csv,stair1,0.0,0.0,3160.0,290.0,0.0,0.0,0.0,0.0,1392.0,0.0,0.0,0.0,0.0,0.0,0.0,0.0,0.0,0.0
888,2026-05-14 23:06:14,2026-5-14_stair1_left.csv,stair1,0.0,0.0,3160.0,290.0,0.0,0.0,0.0,0.0,1392.0,0.0,0.0,0.0,0.0,0.0,0.0,0.0,0.0,0.0
889,2026-05-14 23:06:14,2026-5-14_stair1_left.csv,stair1,0.0,0.0,3160.0,290.0,0.0,0.0,0.0,0.0,1392.0,0.0,0.0,0.0,0.0,0.0,0.0,0.0,0.0,0.0
890,2026-05-14 23:06:14,2026-5-14_stair1_left.csv,stair1,0.0,0.0,3160.0,290.0,0.0,0.0,0.0,0.0,1392.0,0.0,0.0,0.0,0.0,0.0,0.0,0.0,0.0,0.0
891,2026-05-14 23:06:14,2026-5-14_stair1_left.csv,stair1,0.0,0.0,3160.0,290.0,0.0,0.0,0.0,0.0,1392.0,0.0,0.0,0.0,0.0,0.0,0.0,0.0,0.0,0.0
892,2026-05-14 23:06:14,2026-5-14_stair1_left.csv,stair1,0.0,0.0,3160.0,290.0,0.0,0.0,0.0,0.0,1392.0,0.0,0.0,0.0,0.0,0.0,0.0,0.0,0.0,0.0
893,2026-05-14 23:06:14,2026-5-14_stair1_left.csv,stair1,0.0,0.0,3160.0,290.0,0.0,0.0,0.0,0.0,1392.0,0.0,0.0,0.0,0.0,0.0,0.0,0.0,0.0,0.0
894,2026-05-14 23:06:14,2026-5-14_stair1_left.csv,stair1,0.0,0.0,3160.0,290.0,0.0,0.0,0.0,0.0,1392.0,0.0,0.0,0.0,0.0,0.0,0.0,0.0,0.0,0.0
895,2026-05-14 23:06:14,2026-5-14_stair1_left.csv,stair1,0.0,0.0,3160.0,290.0,0.0,0.0,0.0,0.0,1392.0,0.0,0.0,0.0,0.0,0.0,0.0,0.0,0.0,0.0
896,2026-05-14 23:06:14,2026-5-14_stair1_left.csv,stair1,0.0,0.0,3160.0,290.0,0.0,0.0,0.0,0.0,1392.0,0.0,0.0,0.0,0.0,0.0,0.0,0.0,0.0,0.0
897,2026-05-14 23:06:15,2026-5-14_stair1_left.csv,stair1,0.0,0.0,3160.0,290.0,0.0,0.0,0.0,0.0,1392.0,0.0,0.0,0.0,0.0,0.0,0.0,0.0,0.0,0.0
898,2026-05-14 23:06:15,2026-5-14_stair1_left.csv,stair1,0.0,0.0,3160.0,290.0,0.0,0.0,0.0,0.0,1392.0,0.0,0.0,0.0,0.0,0.0,0.0,0.0,0.0,0.0
899,2026-05-14 23:06:15,2026-5-14_stair1_left.csv,stair1,0.0,0.0,3160.0,290.0,0.0,0.0,0.0,0.0,1392.0,0.0,0.0,0.0,0.0,0.0,0.0,0.0,0.0,0.0
900,2026-05-14 23:06:15,2026-5-14_stair1_left.csv,stair1,0.0,0.0,3160.0,290.0,0.0,0.0,0.0,0.0,1392.0,0.0,0.0,0.0,0.0,0.0,0.0,0.0,0.0,0.0
901,2026-05-14 23:06:15,2026-5-14_stair1_left.csv,stair1,0.0,0.0,3160.0,290.0,0.0,0.0,0.0,0.0,1392.0,0.0,0.0,0.0,0.0,0.0,0.0,0.0,0.0,0.0
902,2026-05-14 23:06:15,2026-5-14_stair1_left.csv,stair1,0.0,0.0,3160.0,290.0,0.0,0.0,0.0,0.0,1392.0,0.0,0.0,0.0,0.0,0.0,0.0,0.0,0.0,0.0
903,2026-05-14 23:06:15,2026-5-14_stair1_left.csv,stair1,0.0,0.0,3160.0,290.0,0.0,0.0,0.0,0.0,1392.0,0.0,0.0,0.0,0.0,0.0,0.0,0.0,0.0,0.0
904,2026-05-14 23:06:15,2026-5-14_stair1_left.csv,stair1,0.0,0.0,3160.0,290.0,0.0,0.0,0.0,0.0,1392.0,0.0,0.0,0.0,0.0,0.0,0.0,0.0,0.0,0.0
905,2026-05-14 23:06:15,2026-5-14_stair1_left.csv,stair1,0.0,0.0,3160.0,290.0,0.0,0.0,0.0,0.0,1392.0,0.0,0.0,0.0,0.0,0.0,0.0,0.0,0.0,0.0
906,2026-05-14 23:06:15,2026-5-14_stair1_left.csv,stair1,0.0,0.0,3160.0,290.0,0.0,0.0,0.0,0.0,1392.0,0.0,0.0,0.0,0.0,0.0,0.0,0.0,0.0,0.0
907,2026-05-14 23:06:15,2026-5-14_stair1_left.csv,stair1,0.0,0.0,3160.0,290.0,0.0,0.0,0.0,0.0,1392.0,0.0,0.0,0.0,0.0,0.0,0.0,0.0,0.0,0.0
908,2026-05-14 23:06:15,2026-5-14_stair1_left.csv,stair1,0.0,0.0,3160.0,290.0,0.0,0.0,0.0,0.0,1392.0,0.0,0.0,0.0,0.0,0.0,0.0,0.0,0.0,0.0
909,2026-05-14 23:06:15,2026-5-14_stair1_left.csv,stair1,0.0,0.0,3160.0,290.0,0.0,0.0,0.0,0.0,1392.0,0.0,0.0,0.0,0.0,0.0,0.0,0.0,0.0,0.0
910,2026-05-14 23:06:15,2026-5-14_stair1_left.csv,stair1,0.0,0.0,3160.0,290.0,0.0,0.0,0.0,0.0,1392.0,0.0,0.0,0.0,0.0,0.0,0.0,0.0,0.0,0.0
911,2026-05-14 23:06:15,2026-5-14_stair1_left.csv,stair1,0.0,0.0,3160.0,290.0,0.0,0.0,0.0,0.0,1392.0,0.0,0.0,0.0,0.0,0.0,0.0,0.0,0.0,0.0
912,2026-05-14 23:06:15,2026-5-14_stair1_left.csv,stair1,0.0,0.0,3160.0,290.0,0.0,0.0,0.0,0.0,1392.0,0.0,0.0,0.0,0.0,0.0,0.0,0.0,0.0,0.0
913,2026-05-14 23:06:15,2026-5-14_stair1_left.csv,stair1,0.0,0.0,3160.0,290.0,0.0,0.0,0.0,0.0,1392.0,0.0,0.0,0.0,0.0,0.0,0.0,0.0,0.0,0.0
914,2026-05-14 23:06:15,2026-5-14_stair1_left.csv,stair1,0.0,0.0,3160.0,290.0,0.0,0.0,0.0,0.0,1392.0,0.0,0.0,0.0,0.0,0.0,0.0,0.0,0.0,0.0
915,2026-05-14 23:06:15,2026-5-14_stair1_left.csv,stair1,0.0,0.0,3160.0,290.0,0.0,0.0,0.0,0.0,1392.0,0.0,0.0,0.0,0.0,0.0,0.0,0.0,0.0,0.0
916,2026-05-14 23:06:15,2026-5-14_stair1_left.csv,stair1,0.0,0.0,3160.0,290.0,0.0,0.0,0.0,0.0,1392.0,0.0,0.0,0.0,0.0,0.0,0.0,0.0,0.0,0.0
917,2026-05-14 23:06:16,2026-5-14_stair1_left.csv,stair1,0.0,0.0,3160.0,290.0,0.0,0.0,0.0,0.0,1392.0,0.0,0.0,0.0,0.0,0.0,0.0,0.0,0.0,0.0
918,2026-05-14 23:06:16,2026-5-14_stair1_left.csv,stair1,0.0,0.0,3160.0,290.0,0.0,0.0,0.0,0.0,1392.0,0.0,0.0,0.0,0.0,0.0,0.0,0.0,0.0,0.0
919,2026-05-14 23:06:16,2026-5-14_stair1_left.csv,stair1,0.0,0.0,3160.0,290.0,0.0,0.0,0.0,0.0,1392.0,0.0,0.0,0.0,0.0,0.0,0.0,0.0,0.0,0.0
920,2026-05-14 23:06:16,2026-5-14_stair1_left.csv,stair1,0.0,0.0,3160.0,290.0,0.0,0.0,0.0,0.0,1392.0,0.0,0.0,0.0,0.0,0.0,0.0,0.0,0.0,0.0
921,2026-05-14 23:06:16,2026-5-14_stair1_left.csv,stair1,0.0,0.0,3160.0,290.0,0.0,0.0,0.0,0.0,1392.0,0.0,0.0,0.0,0.0,0.0,0.0,0.0,0.0,0.0
922,2026-05-14 23:06:16,2026-5-14_stair1_left.csv,stair1,0.0,0.0,3160.0,290.0,0.0,0.0,0.0,0.0,1392.0,0.0,0.0,0.0,0.0,0.0,0.0,0.0,0.0,0.0
923,2026-05-14 23:06:16,2026-5-14_stair1_left.csv,stair1,0.0,0.0,3160.0,290.0,0.0,0.0,0.0,0.0,1392.0,0.0,0.0,0.0,0.0,0.0,0.0,0.0,0.0,0.0
924,2026-05-14 23:06:16,2026-5-14_stair1_left.csv,stair1,0.0,0.0,3160.0,290.0,0.0,0.0,0.0,0.0,1392.0,0.0,0.0,0.0,0.0,0.0,0.0,0.0,0.0,0.0
925,2026-05-14 23:06:16,2026-5-14_stair1_left.csv,stair1,0.0,0.0,3160.0,290.0,0.0,0.0,0.0,0.0,1392.0,0.0,0.0,0.0,0.0,0.0,0.0,0.0,0.0,0.0
926,2026-05-14 23:06:16,2026-5-14_stair1_left.csv,stair1,0.0,0.0,3160.0,290.0,0.0,0.0,0.0,0.0,1392.0,0.0,0.0,0.0,0.0,0.0,0.0,0.0,0.0,0.0
927,2026-05-14 23:06:16,2026-5-14_stair1_left.csv,stair1,0.0,0.0,3160.0,290.0,0.0,0.0,0.0,0.0,1392.0,0.0,0.0,0.0,0.0,0.0,0.0,0.0,0.0,0.0
928,2026-05-14 23:06:16,2026-5-14_stair1_left.csv,stair1,0.0,0.0,3160.0,290.0,0.0,0.0,0.0,0.0,1392.0,0.0,0.0,0.0,0.0,0.0,0.0,0.0,0.0,0.0
929,2026-05-14 23:06:16,2026-5-14_stair1_left.csv,stair1,0.0,0.0,3160.0,290.0,0.0,0.0,0.0,0.0,1392.0,0.0,0.0,0.0,0.0,0.0,0.0,0.0,0.0,0.0
930,2026-05-14 23:06:16,2026-5-14_stair1_left.csv,stair1,0.0,0.0,3160.0,290.0,0.0,0.0,0.0,0.0,1392.0,0.0,0.0,0.0,0.0,0.0,0.0,0.0,0.0,0.0
931,2026-05-14 23:06:16,2026-5-14_stair1_left.csv,stair1,0.0,0.0,3160.0,290.0,0.0,0.0,0.0,0.0,1392.0,0.0,0.0,0.0,0.0,0.0,0.0,0.0,0.0,0.0
932,2026-05-14 23:06:16,2026-5-14_stair1_left.csv,stair1,0.0,0.0,3160.0,290.0,0.0,0.0,0.0,0.0,1392.0,0.0,0.0,0.0,0.0,0.0,0.0,0.0,0.0,0.0
933,2026-05-14 23:06:16,2026-5-14_stair1_left.csv,stair1,0.0,0.0,3160.0,290.0,0.0,0.0,0.0,0.0,1392.0,0.0,0.0,0.0,0.0,0.0,0.0,0.0,0.0,0.0
934,2026-05-14 23:06:16,2026-5-14_stair1_left.csv,stair1,0.0,0.0,3160.0,290.0,0.0,0.0,0.0,0.0,1392.0,0.0,0.0,0.0,0.0,0.0,0.0,0.0,0.0,0.0
935,2026-05-14 23:06:16,2026-5-14_stair1_left.csv,stair1,0.0,0.0,3160.0,290.0,0.0,0.0,0.0,0.0,1392.0,0.0,0.0,0.0,0.0,0.0,0.0,0.0,0.0,0.0
936,2026-05-14 23:06:16,2026-5-14_stair1_left.csv,stair1,0.0,0.0,3160.0,290.0,0.0,0.0,0.0,0.0,1392.0,0.0,0.0,0.0,0.0,0.0,0.0,0.0,0.0,0.0
937,2026-05-14 23:06:17,2026-5-14_stair1_left.csv,stair1,0.0,0.0,3160.0,290.0,0.0,0.0,0.0,0.0,1392.0,0.0,0.0,0.0,0.0,0.0,0.0,0.0,0.0,0.0
938,2026-05-14 23:06:17,2026-5-14_stair1_left.csv,stair1,0.0,0.0,3160.0,290.0,0.0,0.0,0.0,0.0,1392.0,0.0,0.0,0.0,0.0,0.0,0.0,0.0,0.0,0.0
939,2026-05-14 23:06:17,2026-5-14_stair1_left.csv,stair1,0.0,0.0,3160.0,290.0,0.0,0.0,0.0,0.0,1392.0,0.0,0.0,0.0,0.0,0.0,0.0,0.0,0.0,0.0
940,2026-05-14 23:06:17,2026-5-14_stair1_left.csv,stair1,0.0,0.0,3160.0,290.0,0.0,0.0,0.0,0.0,1392.0,0.0,0.0,0.0,0.0,0.0,0.0,0.0,0.0,0.0
941,2026-05-14 23:06:17,2026-5-14_stair1_left.csv,stair1,0.0,0.0,3160.0,290.0,0.0,0.0,0.0,0.0,1392.0,0.0,0.0,0.0,0.0,0.0,0.0,0.0,0.0,0.0
942,2026-05-14 23:06:17,2026-5-14_stair1_left.csv,stair1,0.0,0.0,3160.0,290.0,0.0,0.0,0.0,0.0,1392.0,0.0,0.0,0.0,0.0,0.0,0.0,0.0,0.0,0.0
943,2026-05-14 23:06:17,2026-5-14_stair1_left.csv,stair1,0.0,0.0,3160.0,290.0,0.0,0.0,0.0,0.0,1392.0,0.0,0.0,0.0,0.0,0.0,0.0,0.0,0.0,0.0
944,2026-05-14 23:06:17,2026-5-14_stair1_left.csv,stair1,0.0,0.0,3160.0,290.0,0.0,0.0,0.0,0.0,1392.0,0.0,0.0,0.0,0.0,0.0,0.0,0.0,0.0,0.0
945,2026-05-14 23:06:17,2026-5-14_stair1_left.csv,stair1,0.0,0.0,3160.0,290.0,0.0,0.0,0.0,0.0,1392.0,0.0,0.0,0.0,0.0,0.0,0.0,0.0,0.0,0.0
946,2026-05-14 23:06:17,2026-5-14_stair1_left.csv,stair1,0.0,0.0,3160.0,290.0,0.0,0.0,0.0,0.0,1392.0,0.0,0.0,0.0,0.0,0.0,0.0,0.0,0.0,0.0
947,2026-05-14 23:06:17,2026-5-14_stair1_left.csv,stair1,0.0,0.0,3160.0,290.0,0.0,0.0,0.0,0.0,1392.0,0.0,0.0,0.0,0.0,0.0,0.0,0.0,0.0,0.0
948,2026-05-14 23:06:17,2026-5-14_stair1_left.csv,stair1,0.0,0.0,3160.0,290.0,0.0,0.0,0.0,0.0,1392.0,0.0,0.0,0.0,0.0,0.0,0.0,0.0,0.0,0.0
949,2026-05-14 23:06:17,2026-5-14_stair1_left.csv,stair1,0.0,0.0,3160.0,290.0,0.0,0.0,0.0,0.0,1392.0,0.0,0.0,0.0,0.0,0.0,0.0,0.0,0.0,0.0
950,2026-05-14 23:06:17,2026-5-14_stair1_left.csv,stair1,0.0,0.0,3160.0,290.0,0.0,0.0,0.0,0.0,1392.0,0.0,0.0,0.0,0.0,0.0,0.0,0.0,0.0,0.0
951,2026-05-14 23:06:17,2026-5-14_stair1_left.csv,stair1,0.0,0.0,3160.0,290.0,0.0,0.0,0.0,0.0,1392.0,0.0,0.0,0.0,0.0,0.0,0.0,0.0,0.0,0.0
952,2026-05-14 23:06:17,2026-5-14_stair1_left.csv,stair1,0.0,0.0,3160.0,290.0,0.0,0.0,0.0,0.0,1392.0,0.0,0.0,0.0,0.0,0.0,0.0,0.0,0.0,0.0
953,2026-05-14 23:06:17,2026-5-14_stair1_left.csv,stair1,0.0,0.0,3160.0,290.0,0.0,0.0,0.0,0.0,1392.0,0.0,0.0,0.0,0.0,0.0,0.0,0.0,0.0,0.0
954,2026-05-14 23:06:17,2026-5-14_stair1_left.csv,stair1,0.0,0.0,3160.0,290.0,0.0,0.0,0.0,0.0,1392.0,0.0,0.0,0.0,0.0,0.0,0.0,0.0,0.0,0.0
955,2026-05-14 23:06:17,2026-5-14_stair1_left.csv,stair1,0.0,0.0,3160.0,290.0,0.0,0.0,0.0,0.0,1392.0,0.0,0.0,0.0,0.0,0.0,0.0,0.0,0.0,0.0
956,2026-05-14 23:06:17,2026-5-14_stair1_left.csv,stair1,0.0,0.0,3160.0,290.0,0.0,0.0,0.0,0.0,1392.0,0.0,0.0,0.0,0.0,0.0,0.0,0.0,0.0,0.0
957,2026-05-14 23:06:18,2026-5-14_stair1_left.csv,stair1,0.0,0.0,3160.0,290.0,0.0,0.0,0.0,0.0,1392.0,0.0,0.0,0.0,0.0,0.0,0.0,0.0,0.0,0.0
958,2026-05-14 23:06:18,2026-5-14_stair1_left.csv,stair1,0.0,0.0,3160.0,290.0,0.0,0.0,0.0,0.0,1392.0,0.0,0.0,0.0,0.0,0.0,0.0,0.0,0.0,0.0
959,2026-05-14 23:06:18,2026-5-14_stair1_left.csv,stair1,0.0,0.0,3160.0,290.0,0.0,0.0,0.0,0.0,1392.0,0.0,0.0,0.0,0.0,0.0,0.0,0.0,0.0,0.0
960,2026-05-14 23:06:18,2026-5-14_stair1_left.csv,stair1,0.0,0.0,3160.0,290.0,0.0,0.0,0.0,0.0,1392.0,0.0,0.0,0.0,0.0,0.0,0.0,0.0,0.0,0.0
961,2026-05-14 23:06:18,2026-5-14_stair1_left.csv,stair1,0.0,0.0,3160.0,290.0,0.0,0.0,0.0,0.0,1392.0,0.0,0.0,0.0,0.0,0.0,0.0,0.0,0.0,0.0
962,2026-05-14 23:06:18,2026-5-14_stair1_left.csv,stair1,0.0,0.0,3160.0,290.0,0.0,0.0,0.0,0.0,1392.0,0.0,0.0,0.0,0.0,0.0,0.0,0.0,0.0,0.0
963,2026-05-14 23:06:18,2026-5-14_stair1_left.csv,stair1,0.0,0.0,3160.0,290.0,0.0,0.0,0.0,0.0,1392.0,0.0,0.0,0.0,0.0,0.0,0.0,0.0,0.0,0.0
964,2026-05-14 23:06:18,2026-5-14_stair1_left.csv,stair1,0.0,0.0,3160.0,290.0,0.0,0.0,0.0,0.0,1392.0,0.0,0.0,0.0,0.0,0.0,0.0,0.0,0.0,0.0
965,2026-05-14 23:06:18,2026-5-14_stair1_left.csv,stair1,0.0,0.0,3160.0,290.0,0.0,0.0,0.0,0.0,1392.0,0.0,0.0,0.0,0.0,0.0,0.0,0.0,0.0,0.0
966,2026-05-14 23:06:18,2026-5-14_stair1_left.csv,stair1,0.0,0.0,3160.0,290.0,0.0,0.0,0.0,0.0,1392.0,0.0,0.0,0.0,0.0,0.0,0.0,0.0,0.0,0.0
967,2026-05-14 23:06:18,2026-5-14_stair1_left.csv,stair1,0.0,0.0,3160.0,290.0,0.0,0.0,0.0,0.0,1392.0,0.0,0.0,0.0,0.0,0.0,0.0,0.0,0.0,0.0
968,2026-05-14 23:06:18,2026-5-14_stair1_left.csv,stair1,0.0,0.0,3160.0,290.0,0.0,0.0,0.0,0.0,1392.0,0.0,0.0,0.0,0.0,0.0,0.0,0.0,0.0,0.0
969,2026-05-14 23:06:18,2026-5-14_stair1_left.csv,stair1,0.0,0.0,3160.0,290.0,0.0,0.0,0.0,0.0,1392.0,0.0,0.0,0.0,0.0,0.0,0.0,0.0,0.0,0.0
970,2026-05-14 23:06:18,2026-5-14_stair1_left.csv,stair1,0.0,0.0,3160.0,290.0,0.0,0.0,0.0,0.0,1392.0,0.0,0.0,0.0,0.0,0.0,0.0,0.0,0.0,0.0
971,2026-05-14 23:06:18,2026-5-14_stair1_left.csv,stair1,0.0,0.0,3160.0,290.0,0.0,0.0,0.0,0.0,1392.0,0.0,0.0,0.0,0.0,0.0,0.0,0.0,0.0,0.0
972,2026-05-14 23:06:18,2026-5-14_stair1_left.csv,stair1,0.0,0.0,3160.0,290.0,0.0,0.0,0.0,0.0,1392.0,0.0,0.0,0.0,0.0,0.0,0.0,0.0,0.0,0.0
973,2026-05-14 23:06:18,2026-5-14_stair1_left.csv,stair1,0.0,0.0,3160.0,290.0,0.0,0.0,0.0,0.0,1392.0,0.0,0.0,0.0,0.0,0.0,0.0,0.0,0.0,0.0
974,2026-05-14 23:06:18,2026-5-14_stair1_left.csv,stair1,0.0,0.0,3160.0,290.0,0.0,0.0,0.0,0.0,1392.0,0.0,0.0,0.0,0.0,0.0,0.0,0.0,0.0,0.0
975,2026-05-14 23:06:18,2026-5-14_stair1_left.csv,stair1,0.0,0.0,3160.0,290.0,0.0,0.0,0.0,0.0,1392.0,0.0,0.0,0.0,0.0,0.0,0.0,0.0,0.0,0.0
976,2026-05-14 23:06:18,2026-5-14_stair1_left.csv,stair1,0.0,0.0,3160.0,290.0,0.0,0.0,0.0,0.0,1392.0,0.0,0.0,0.0,0.0,0.0,0.0,0.0,0.0,0.0
977,2026-05-14 23:06:19,2026-5-14_stair1_left.csv,stair1,0.0,0.0,3160.0,290.0,0.0,0.0,0.0,0.0,1392.0,0.0,0.0,0.0,0.0,0.0,0.0,0.0,0.0,0.0
978,2026-05-14 23:06:19,2026-5-14_stair1_left.csv,stair1,0.0,0.0,3160.0,290.0,0.0,0.0,0.0,0.0,1392.0,0.0,0.0,0.0,0.0,0.0,0.0,0.0,0.0,0.0
979,2026-05-14 23:06:19,2026-5-14_stair1_left.csv,stair1,0.0,0.0,3160.0,290.0,0.0,0.0,0.0,0.0,1392.0,0.0,0.0,0.0,0.0,0.0,0.0,0.0,0.0,0.0
980,2026-05-14 23:06:19,2026-5-14_stair1_left.csv,stair1,0.0,0.0,3160.0,290.0,0.0,0.0,0.0,0.0,1392.0,0.0,0.0,0.0,0.0,0.0,0.0,0.0,0.0,0.0
981,2026-05-14 23:06:19,2026-5-14_stair1_left.csv,stair1,0.0,0.0,3160.0,290.0,0.0,0.0,0.0,0.0,1392.0,0.0,0.0,0.0,0.0,0.0,0.0,0.0,0.0,0.0
982,2026-05-14 23:06:19,2026-5-14_stair1_left.csv,stair1,0.0,0.0,3160.0,290.0,0.0,0.0,0.0,0.0,1392.0,0.0,0.0,0.0,0.0,0.0,0.0,0.0,0.0,0.0
983,2026-05-14 23:06:19,2026-5-14_stair1_left.csv,stair1,0.0,0.0,3160.0,290.0,0.0,0.0,0.0,0.0,1392.0,0.0,0.0,0.0,0.0,0.0,0.0,0.0,0.0,0.0
984,2026-05-14 23:06:19,2026-5-14_stair1_left.csv,stair1,0.0,0.0,3160.0,290.0,0.0,0.0,0.0,0.0,1392.0,0.0,0.0,0.0,0.0,0.0,0.0,0.0,0.0,0.0
985,2026-05-14 23:06:19,2026-5-14_stair1_left.csv,stair1,0.0,0.0,3160.0,290.0,0.0,0.0,0.0,0.0,1392.0,0.0,0.0,0.0,0.0,0.0,0.0,0.0,0.0,0.0
986,2026-05-14 23:06:19,2026-5-14_stair1_left.csv,stair1,0.0,0.0,3160.0,290.0,0.0,0.0,0.0,0.0,1392.0,0.0,0.0,0.0,0.0,0.0,0.0,0.0,0.0,0.0
987,2026-05-14 23:06:19,2026-5-14_stair1_left.csv,stair1,0.0,0.0,3160.0,290.0,0.0,0.0,0.0,0.0,1392.0,0.0,0.0,0.0,0.0,0.0,0.0,0.0,0.0,0.0
988,2026-05-14 23:06:19,2026-5-14_stair1_left.csv,stair1,0.0,0.0,3160.0,290.0,0.0,0.0,0.0,0.0,1392.0,0.0,0.0,0.0,0.0,0.0,0.0,0.0,0.0,0.0
989,2026-05-14 23:06:19,2026-5-14_stair1_left.csv,stair1,0.0,0.0,3160.0,290.0,0.0,0.0,0.0,0.0,1392.0,0.0,0.0,0.0,0.0,0.0,0.0,0.0,0.0,0.0
990,2026-05-14 23:06:19,2026-5-14_stair1_left.csv,stair1,0.0,0.0,3160.0,290.0,0.0,0.0,0.0,0.0,1392.0,0.0,0.0,0.0,0.0,0.0,0.0,0.0,0.0,0.0
991,2026-05-14 23:06:19,2026-5-14_stair1_left.csv,stair1,0.0,0.0,3160.0,290.0,0.0,0.0,0.0,0.0,1392.0,0.0,0.0,0.0,0.0,0.0,0.0,0.0,0.0,0.0
992,2026-05-14 23:06:19,2026-5-14_stair1_left.csv,stair1,0.0,0.0,3160.0,290.0,0.0,0.0,0.0,0.0,1392.0,0.0,0.0,0.0,0.0,0.0,0.0,0.0,0.0,0.0
993,2026-05-14 23:06:19,2026-5-14_stair1_left.csv,stair1,0.0,0.0,3160.0,290.0,0.0,0.0,0.0,0.0,1392.0,0.0,0.0,0.0,0.0,0.0,0.0,0.0,0.0,0.0
994,2026-05-14 23:06:19,2026-5-14_stair1_left.csv,stair1,0.0,0.0,3160.0,290.0,0.0,0.0,0.0,0.0,1392.0,0.0,0.0,0.0,0.0,0.0,0.0,0.0,0.0,0.0
995,2026-05-14 23:06:19,2026-5-14_stair1_left.csv,stair1,0.0,0.0,3160.0,290.0,0.0,0.0,0.0,0.0,1392.0,0.0,0.0,0.0,0.0,0.0,0.0,0.0,0.0,0.0
996,2026-05-14 23:06:19,2026-5-14_stair1_left.csv,stair1,0.0,0.0,3160.0,290.0,0.0,0.0,0.0,0.0,1392.0,0.0,0.0,0.0,0.0,0.0,0.0,0.0,0.0,0.0
997,2026-05-14 23:06:20,2026-5-14_stair1_left.csv,stair1,0.0,0.0,3160.0,290.0,0.0,0.0,0.0,0.0,1392.0,0.0,0.0,0.0,0.0,0.0,0.0,0.0,0.0,0.0
998,2026-05-14 23:06:20,2026-5-14_stair1_left.csv,stair1,0.0,0.0,3160.0,290.0,0.0,0.0,0.0,0.0,1392.0,0.0,0.0,0.0,0.0,0.0,0.0,0.0,0.0,0.0
999,2026-05-14 23:06:20,2026-5-14_stair1_left.csv,stair1,0.0,0.0,3160.0,290.0,0.0,0.0,0.0,0.0,1392.0,0.0,0.0,0.0,0.0,0.0,0.0,0.0,0.0,0.0
1000,2026-05-14 23:06:20,2026-5-14_stair1_left.csv,stair1,0.0,0.0,3160.0,290.0,0.0,0.0,0.0,0.0,1392.0,0.0,0.0,0.0,0.0,0.0,0.0,0.0,0.0,0.0
1001,2026-05-14 23:06:20,2026-5-14_stair1_left.csv,stair1,0.0,0.0,3160.0,290.0,0.0,0.0,0.0,0.0,1392.0,0.0,0.0,0.0,0.0,0.0,0.0,0.0,0.0,0.0
1002,2026-05-14 23:06:20,2026-5-14_stair1_left.csv,stair1,0.0,0.0,3160.0,290.0,0.0,0.0,0.0,0.0,1392.0,0.0,0.0,0.0,0.0,0.0,0.0,0.0,0.0,0.0
1003,2026-05-14 23:06:20,2026-5-14_stair1_left.csv,stair1,0.0,0.0,3160.0,290.0,0.0,0.0,0.0,0.0,1392.0,0.0,0.0,0.0,0.0,0.0,0.0,0.0,0.0,0.0
1004,2026-05-14 23:06:20,2026-5-14_stair1_left.csv,stair1,0.0,0.0,3160.0,290.0,0.0,0.0,0.0,0.0,1392.0,0.0,0.0,0.0,0.0,0.0,0.0,0.0,0.0,0.0
1005,2026-05-14 23:06:20,2026-5-14_stair1_left.csv,stair1,0.0,0.0,3160.0,290.0,0.0,0.0,0.0,0.0,1392.0,0.0,0.0,0.0,0.0,0.0,0.0,0.0,0.0,0.0
1006,2026-05-14 23:06:20,2026-5-14_stair1_left.csv,stair1,0.0,0.0,3160.0,290.0,0.0,0.0,0.0,0.0,1392.0,0.0,0.0,0.0,0.0,0.0,0.0,0.0,0.0,0.0
1007,2026-05-14 23:06:20,2026-5-14_stair1_left.csv,stair1,0.0,0.0,3160.0,290.0,0.0,0.0,0.0,0.0,1392.0,0.0,0.0,0.0,0.0,0.0,0.0,0.0,0.0,0.0
1008,2026-05-14 23:06:20,2026-5-14_stair1_left.csv,stair1,0.0,0.0,3160.0,290.0,0.0,0.0,0.0,0.0,1392.0,0.0,0.0,0.0,0.0,0.0,0.0,0.0,0.0,0.0
1009,2026-05-14 23:06:20,2026-5-14_stair1_left.csv,stair1,0.0,0.0,3160.0,290.0,0.0,0.0,0.0,0.0,1392.0,0.0,0.0,0.0,0.0,0.0,0.0,0.0,0.0,0.0
1010,2026-05-14 23:06:20,2026-5-14_stair1_left.csv,stair1,0.0,0.0,3160.0,290.0,0.0,0.0,0.0,0.0,1392.0,0.0,0.0,0.0,0.0,0.0,0.0,0.0,0.0,0.0
1011,2026-05-14 23:06:20,2026-5-14_stair1_left.csv,stair1,0.0,0.0,3160.0,290.0,0.0,0.0,0.0,0.0,1392.0,0.0,0.0,0.0,0.0,0.0,0.0,0.0,0.0,0.0
1012,2026-05-14 23:06:20,2026-5-14_stair1_left.csv,stair1,0.0,0.0,3160.0,290.0,0.0,0.0,0.0,0.0,1392.0,0.0,0.0,0.0,0.0,0.0,0.0,0.0,0.0,0.0
1013,2026-05-14 23:06:20,2026-5-14_stair1_left.csv,stair1,0.0,0.0,3160.0,290.0,0.0,0.0,0.0,0.0,1392.0,0.0,0.0,0.0,0.0,0.0,0.0,0.0,0.0,0.0
1014,2026-05-14 23:06:20,2026-5-14_stair1_left.csv,stair1,0.0,0.0,3160.0,290.0,0.0,0.0,0.0,0.0,1392.0,0.0,0.0,0.0,0.0,0.0,0.0,0.0,0.0,0.0
1015,2026-05-14 23:06:20,2026-5-14_stair1_left.csv,stair1,0.0,0.0,3160.0,290.0,0.0,0.0,0.0,0.0,1392.0,0.0,0.0,0.0,0.0,0.0,0.0,0.0,0.0,0.0
1016,2026-05-14 23:06:20,2026-5-14_stair1_left.csv,stair1,0.0,0.0,3160.0,290.0,0.0,0.0,0.0,0.0,1392.0,0.0,0.0,0.0,0.0,0.0,0.0,0.0,0.0,0.0
1017,2026-05-14 23:06:21,2026-5-14_stair1_left.csv,stair1,0.0,0.0,3160.0,290.0,0.0,0.0,0.0,0.0,1392.0,0.0,0.0,0.0,0.0,0.0,0.0,0.0,0.0,0.0
1018,2026-05-14 23:06:21,2026-5-14_stair1_left.csv,stair1,0.0,0.0,3160.0,290.0,0.0,0.0,0.0,0.0,1392.0,0.0,0.0,0.0,0.0,0.0,0.0,0.0,0.0,0.0
1019,2026-05-14 23:06:21,2026-5-14_stair1_left.csv,stair1,0.0,0.0,3160.0,290.0,0.0,0.0,0.0,0.0,1392.0,0.0,0.0,0.0,0.0,0.0,0.0,0.0,0.0,0.0
1020,2026-05-14 23:06:21,2026-5-14_stair1_left.csv,stair1,0.0,0.0,3160.0,290.0,0.0,0.0,0.0,0.0,1392.0,0.0,0.0,0.0,0.0,0.0,0.0,0.0,0.0,0.0
1021,2026-05-14 23:06:21,2026-5-14_stair1_left.csv,stair1,0.0,0.0,3160.0,290.0,0.0,0.0,0.0,0.0,1392.0,0.0,0.0,0.0,0.0,0.0,0.0,0.0,0.0,0.0
1022,2026-05-14 23:06:21,2026-5-14_stair1_left.csv,stair1,0.0,0.0,3160.0,290.0,0.0,0.0,0.0,0.0,1392.0,0.0,0.0,0.0,0.0,0.0,0.0,0.0,0.0,0.0
1023,2026-05-14 23:06:21,2026-5-14_stair1_left.csv,stair1,0.0,0.0,3160.0,290.0,0.0,0.0,0.0,0.0,1392.0,0.0,0.0,0.0,0.0,0.0,0.0,0.0,0.0,0.0
1024,2026-05-14 23:06:21,2026-5-14_stair1_left.csv,stair1,0.0,0.0,3160.0,290.0,0.0,0.0,0.0,0.0,1392.0,0.0,0.0,0.0,0.0,0.0,0.0,0.0,0.0,0.0
1025,2026-05-14 23:06:21,2026-5-14_stair1_left.csv,stair1,0.0,0.0,3160.0,290.0,0.0,0.0,0.0,0.0,1392.0,0.0,0.0,0.0,0.0,0.0,0.0,0.0,0.0,0.0
1026,2026-05-14 23:06:21,2026-5-14_stair1_left.csv,stair1,0.0,0.0,3160.0,290.0,0.0,0.0,0.0,0.0,1392.0,0.0,0.0,0.0,0.0,0.0,0.0,0.0,0.0,0.0
1027,2026-05-14 23:06:21,2026-5-14_stair1_left.csv,stair1,0.0,0.0,3160.0,290.0,0.0,0.0,0.0,0.0,1392.0,0.0,0.0,0.0,0.0,0.0,0.0,0.0,0.0,0.0
1028,2026-05-14 23:06:21,2026-5-14_stair1_left.csv,stair1,0.0,0.0,3160.0,290.0,0.0,0.0,0.0,0.0,1392.0,0.0,0.0,0.0,0.0,0.0,0.0,0.0,0.0,0.0
1029,2026-05-14 23:06:21,2026-5-14_stair1_left.csv,stair1,0.0,0.0,3160.0,290.0,0.0,0.0,0.0,0.0,1392.0,0.0,0.0,0.0,0.0,0.0,0.0,0.0,0.0,0.0
1030,2026-05-14 23:06:21,2026-5-14_stair1_left.csv,stair1,0.0,0.0,3160.0,290.0,0.0,0.0,0.0,0.0,1392.0,0.0,0.0,0.0,0.0,0.0,0.0,0.0,0.0,0.0
1031,2026-05-14 23:06:21,2026-5-14_stair1_left.csv,stair1,0.0,0.0,3160.0,290.0,0.0,0.0,0.0,0.0,1392.0,0.0,0.0,0.0,0.0,0.0,0.0,0.0,0.0,0.0
1032,2026-05-14 23:06:21,2026-5-14_stair1_left.csv,stair1,0.0,0.0,3160.0,290.0,0.0,0.0,0.0,0.0,1392.0,0.0,0.0,0.0,0.0,0.0,0.0,0.0,0.0,0.0
1033,2026-05-14 23:06:21,2026-5-14_stair1_left.csv,stair1,0.0,0.0,3160.0,290.0,0.0,0.0,0.0,0.0,1392.0,0.0,0.0,0.0,0.0,0.0,0.0,0.0,0.0,0.0
1034,2026-05-14 23:06:21,2026-5-14_stair1_left.csv,stair1,0.0,0.0,3160.0,290.0,0.0,0.0,0.0,0.0,1392.0,0.0,0.0,0.0,0.0,0.0,0.0,0.0,0.0,0.0
1035,2026-05-14 23:06:21,2026-5-14_stair1_left.csv,stair1,0.0,0.0,3160.0,290.0,0.0,0.0,0.0,0.0,1392.0,0.0,0.0,0.0,0.0,0.0,0.0,0.0,0.0,0.0
1036,2026-05-14 23:06:21,2026-5-14_stair1_left.csv,stair1,0.0,0.0,3160.0,290.0,0.0,0.0,0.0,0.0,1392.0,0.0,0.0,0.0,0.0,0.0,0.0,0.0,0.0,0.0
1037,2026-05-14 23:06:22,2026-5-14_stair1_left.csv,stair1,0.0,0.0,3160.0,290.0,0.0,0.0,0.0,0.0,1392.0,0.0,0.0,0.0,0.0,0.0,0.0,0.0,0.0,0.0
1038,2026-05-14 23:06:22,2026-5-14_stair1_left.csv,stair1,0.0,0.0,3160.0,290.0,0.0,0.0,0.0,0.0,1392.0,0.0,0.0,0.0,0.0,0.0,0.0,0.0,0.0,0.0
1039,2026-05-14 23:06:22,2026-5-14_stair1_left.csv,stair1,0.0,0.0,3160.0,290.0,0.0,0.0,0.0,0.0,1392.0,0.0,0.0,0.0,0.0,0.0,0.0,0.0,0.0,0.0
1040,2026-05-14 23:06:22,2026-5-14_stair1_left.csv,stair1,0.0,0.0,3160.0,290.0,0.0,0.0,0.0,0.0,1392.0,0.0,0.0,0.0,0.0,0.0,0.0,0.0,0.0,0.0
1041,2026-05-14 23:06:22,2026-5-14_stair1_left.csv,stair1,0.0,0.0,3160.0,290.0,0.0,0.0,0.0,0.0,1392.0,0.0,0.0,0.0,0.0,0.0,0.0,0.0,0.0,0.0
1042,2026-05-14 23:06:22,2026-5-14_stair1_left.csv,stair1,0.0,0.0,3160.0,290.0,0.0,0.0,0.0,0.0,1392.0,0.0,0.0,0.0,0.0,0.0,0.0,0.0,0.0,0.0
1043,2026-05-14 23:06:22,2026-5-14_stair1_left.csv,stair1,0.0,0.0,3160.0,290.0,0.0,0.0,0.0,0.0,1392.0,0.0,0.0,0.0,0.0,0.0,0.0,0.0,0.0,0.0
1044,2026-05-14 23:06:22,2026-5-14_stair1_left.csv,stair1,0.0,0.0,3160.0,290.0,0.0,0.0,0.0,0.0,1392.0,0.0,0.0,0.0,0.0,0.0,0.0,0.0,0.0,0.0
1045,2026-05-14 23:06:22,2026-5-14_stair1_left.csv,stair1,0.0,0.0,3160.0,290.0,0.0,0.0,0.0,0.0,1392.0,0.0,0.0,0.0,0.0,0.0,0.0,0.0,0.0,0.0
1046,2026-05-14 23:06:22,2026-5-14_stair1_left.csv,stair1,0.0,0.0,3160.0,290.0,0.0,0.0,0.0,0.0,1392.0,0.0,0.0,0.0,0.0,0.0,0.0,0.0,0.0,0.0
1047,2026-05-14 23:06:22,2026-5-14_stair1_left.csv,stair1,0.0,0.0,3160.0,290.0,0.0,0.0,0.0,0.0,1392.0,0.0,0.0,0.0,0.0,0.0,0.0,0.0,0.0,0.0
1048,2026-05-14 23:06:22,2026-5-14_stair1_left.csv,stair1,0.0,0.0,3160.0,290.0,0.0,0.0,0.0,0.0,1392.0,0.0,0.0,0.0,0.0,0.0,0.0,0.0,0.0,0.0
1049,2026-05-14 23:06:22,2026-5-14_stair1_left.csv,stair1,0.0,0.0,3160.0,290.0,0.0,0.0,0.0,0.0,1392.0,0.0,0.0,0.0,0.0,0.0,0.0,0.0,0.0,0.0
1050,2026-05-14 23:06:22,2026-5-14_stair1_left.csv,stair1,0.0,0.0,3160.0,290.0,0.0,0.0,0.0,0.0,1392.0,0.0,0.0,0.0,0.0,0.0,0.0,0.0,0.0,0.0
1051,2026-05-14 23:06:22,2026-5-14_stair1_left.csv,stair1,0.0,0.0,3160.0,290.0,0.0,0.0,0.0,0.0,1392.0,0.0,0.0,0.0,0.0,0.0,0.0,0.0,0.0,0.0
1052,2026-05-14 23:06:22,2026-5-14_stair1_left.csv,stair1,0.0,0.0,3160.0,290.0,0.0,0.0,0.0,0.0,1392.0,0.0,0.0,0.0,0.0,0.0,0.0,0.0,0.0,0.0
1053,2026-05-14 23:06:22,2026-5-14_stair1_left.csv,stair1,0.0,0.0,3160.0,290.0,0.0,0.0,0.0,0.0,1392.0,0.0,0.0,0.0,0.0,0.0,0.0,0.0,0.0,0.0
1054,2026-05-14 23:06:22,2026-5-14_stair1_left.csv,stair1,0.0,0.0,3160.0,290.0,0.0,0.0,0.0,0.0,1392.0,0.0,0.0,0.0,0.0,0.0,0.0,0.0,0.0,0.0
1055,2026-05-14 23:06:22,2026-5-14_stair1_left.csv,stair1,0.0,0.0,3160.0,290.0,0.0,0.0,0.0,0.0,1392.0,0.0,0.0,0.0,0.0,0.0,0.0,0.0,0.0,0.0
1056,2026-05-14 23:06:22,2026-5-14_stair1_left.csv,stair1,0.0,0.0,3160.0,290.0,0.0,0.0,0.0,0.0,1392.0,0.0,0.0,0.0,0.0,0.0,0.0,0.0,0.0,0.0
1057,2026-05-14 23:06:23,2026-5-14_stair1_left.csv,stair1,0.0,0.0,3160.0,290.0,0.0,0.0,0.0,0.0,1392.0,0.0,0.0,0.0,0.0,0.0,0.0,0.0,0.0,0.0
1058,2026-05-14 23:06:23,2026-5-14_stair1_left.csv,stair1,0.0,0.0,3160.0,290.0,0.0,0.0,0.0,0.0,1392.0,0.0,0.0,0.0,0.0,0.0,0.0,0.0,0.0,0.0
1059,2026-05-14 23:06:23,2026-5-14_stair1_left.csv,stair1,0.0,0.0,3160.0,290.0,0.0,0.0,0.0,0.0,1392.0,0.0,0.0,0.0,0.0,0.0,0.0,0.0,0.0,0.0
1060,2026-05-14 23:06:23,2026-5-14_stair1_left.csv,stair1,0.0,0.0,3160.0,290.0,0.0,0.0,0.0,0.0,1392.0,0.0,0.0,0.0,0.0,0.0,0.0,0.0,0.0,0.0
1061,2026-05-14 23:06:23,2026-5-14_stair1_left.csv,stair1,0.0,0.0,3160.0,290.0,0.0,0.0,0.0,0.0,1392.0,0.0,0.0,0.0,0.0,0.0,0.0,0.0,0.0,0.0
1062,2026-05-14 23:06:23,2026-5-14_stair1_left.csv,stair1,0.0,0.0,3160.0,290.0,0.0,0.0,0.0,0.0,1392.0,0.0,0.0,0.0,0.0,0.0,0.0,0.0,0.0,0.0
1063,2026-05-14 23:06:23,2026-5-14_stair1_left.csv,stair1,0.0,0.0,3160.0,290.0,0.0,0.0,0.0,0.0,1392.0,0.0,0.0,0.0,0.0,0.0,0.0,0.0,0.0,0.0
1064,2026-05-14 23:06:23,2026-5-14_stair1_left.csv,stair1,0.0,0.0,3160.0,290.0,0.0,0.0,0.0,0.0,1392.0,0.0,0.0,0.0,0.0,0.0,0.0,0.0,0.0,0.0
1065,2026-05-14 23:06:23,2026-5-14_stair1_left.csv,stair1,0.0,0.0,3160.0,290.0,0.0,0.0,0.0,0.0,1392.0,0.0,0.0,0.0,0.0,0.0,0.0,0.0,0.0,0.0
1066,2026-05-14 23:06:23,2026-5-14_stair1_left.csv,stair1,0.0,0.0,3160.0,290.0,0.0,0.0,0.0,0.0,1392.0,0.0,0.0,0.0,0.0,0.0,0.0,0.0,0.0,0.0
1067,2026-05-14 23:06:23,2026-5-14_stair1_left.csv,stair1,0.0,0.0,3160.0,290.0,0.0,0.0,0.0,0.0,1392.0,0.0,0.0,0.0,0.0,0.0,0.0,0.0,0.0,0.0
1068,2026-05-14 23:06:23,2026-5-14_stair1_left.csv,stair1,0.0,0.0,3160.0,290.0,0.0,0.0,0.0,0.0,1392.0,0.0,0.0,0.0,0.0,0.0,0.0,0.0,0.0,0.0
1069,2026-05-14 23:06:23,2026-5-14_stair1_left.csv,stair1,0.0,0.0,3160.0,290.0,0.0,0.0,0.0,0.0,1392.0,0.0,0.0,0.0,0.0,0.0,0.0,0.0,0.0,0.0
1070,2026-05-14 23:06:23,2026-5-14_stair1_left.csv,stair1,0.0,0.0,3160.0,290.0,0.0,0.0,0.0,0.0,1392.0,0.0,0.0,0.0,0.0,0.0,0.0,0.0,0.0,0.0
1071,2026-05-14 23:06:23,2026-5-14_stair1_left.csv,stair1,0.0,0.0,3160.0,290.0,0.0,0.0,0.0,0.0,1392.0,0.0,0.0,0.0,0.0,0.0,0.0,0.0,0.0,0.0
1072,2026-05-14 23:06:23,2026-5-14_stair1_left.csv,stair1,0.0,0.0,3160.0,290.0,0.0,0.0,0.0,0.0,1392.0,0.0,0.0,0.0,0.0,0.0,0.0,0.0,0.0,0.0
1073,2026-05-14 23:06:23,2026-5-14_stair1_left.csv,stair1,0.0,0.0,3160.0,290.0,0.0,0.0,0.0,0.0,1392.0,0.0,0.0,0.0,0.0,0.0,0.0,0.0,0.0,0.0
1074,2026-05-14 23:06:23,2026-5-14_stair1_left.csv,stair1,0.0,0.0,3160.0,290.0,0.0,0.0,0.0,0.0,1392.0,0.0,0.0,0.0,0.0,0.0,0.0,0.0,0.0,0.0
1075,2026-05-14 23:06:23,2026-5-14_stair1_left.csv,stair1,0.0,0.0,3160.0,290.0,0.0,0.0,0.0,0.0,1392.0,0.0,0.0,0.0,0.0,0.0,0.0,0.0,0.0,0.0
1076,2026-05-14 23:06:23,2026-5-14_stair1_left.csv,stair1,0.0,0.0,3160.0,290.0,0.0,0.0,0.0,0.0,1392.0,0.0,0.0,0.0,0.0,0.0,0.0,0.0,0.0,0.0
1077,2026-05-14 23:06:24,2026-5-14_stair1_left.csv,stair1,0.0,0.0,3160.0,290.0,0.0,0.0,0.0,0.0,1392.0,0.0,0.0,0.0,0.0,0.0,0.0,0.0,0.0,0.0
1078,2026-05-14 23:06:24,2026-5-14_stair1_left.csv,stair1,0.0,0.0,3160.0,290.0,0.0,0.0,0.0,0.0,1392.0,0.0,0.0,0.0,0.0,0.0,0.0,0.0,0.0,0.0
1079,2026-05-14 23:06:24,2026-5-14_stair1_left.csv,stair1,0.0,0.0,3160.0,290.0,0.0,0.0,0.0,0.0,1392.0,0.0,0.0,0.0,0.0,0.0,0.0,0.0,0.0,0.0
1080,2026-05-14 23:06:24,2026-5-14_stair1_left.csv,stair1,0.0,0.0,3160.0,290.0,0.0,0.0,0.0,0.0,1392.0,0.0,0.0,0.0,0.0,0.0,0.0,0.0,0.0,0.0
1081,2026-05-14 23:06:24,2026-5-14_stair1_left.csv,stair1,0.0,0.0,3160.0,290.0,0.0,0.0,0.0,0.0,1392.0,0.0,0.0,0.0,0.0,0.0,0.0,0.0,0.0,0.0
1082,2026-05-14 23:06:24,2026-5-14_stair1_left.csv,stair1,0.0,0.0,3160.0,290.0,0.0,0.0,0.0,0.0,1392.0,0.0,0.0,0.0,0.0,0.0,0.0,0.0,0.0,0.0
1083,2026-05-14 23:06:24,2026-5-14_stair1_left.csv,stair1,0.0,0.0,3160.0,290.0,0.0,0.0,0.0,0.0,1392.0,0.0,0.0,0.0,0.0,0.0,0.0,0.0,0.0,0.0
1084,2026-05-14 23:06:24,2026-5-14_stair1_left.csv,stair1,0.0,0.0,3160.0,290.0,0.0,0.0,0.0,0.0,1392.0,0.0,0.0,0.0,0.0,0.0,0.0,0.0,0.0,0.0
1085,2026-05-14 23:06:24,2026-5-14_stair1_left.csv,stair1,0.0,0.0,3160.0,290.0,0.0,0.0,0.0,0.0,1392.0,0.0,0.0,0.0,0.0,0.0,0.0,0.0,0.0,0.0
1086,2026-05-14 23:06:24,2026-5-14_stair1_left.csv,stair1,0.0,0.0,3160.0,290.0,0.0,0.0,0.0,0.0,1392.0,0.0,0.0,0.0,0.0,0.0,0.0,0.0,0.0,0.0
1087,2026-05-14 23:06:24,2026-5-14_stair1_left.csv,stair1,0.0,0.0,3160.0,290.0,0.0,0.0,0.0,0.0,1392.0,0.0,0.0,0.0,0.0,0.0,0.0,0.0,0.0,0.0
1088,2026-05-14 23:06:24,2026-5-14_stair1_left.csv,stair1,0.0,0.0,3160.0,290.0,0.0,0.0,0.0,0.0,1392.0,0.0,0.0,0.0,0.0,0.0,0.0,0.0,0.0,0.0
1089,2026-05-14 23:06:24,2026-5-14_stair1_left.csv,stair1,0.0,0.0,3160.0,290.0,0.0,0.0,0.0,0.0,1392.0,0.0,0.0,0.0,0.0,0.0,0.0,0.0,0.0,0.0
1090,2026-05-14 23:06:24,2026-5-14_stair1_left.csv,stair1,0.0,0.0,3160.0,290.0,0.0,0.0,0.0,0.0,1392.0,0.0,0.0,0.0,0.0,0.0,0.0,0.0,0.0,0.0
1091,2026-05-14 23:06:24,2026-5-14_stair1_left.csv,stair1,0.0,0.0,3160.0,290.0,0.0,0.0,0.0,0.0,1392.0,0.0,0.0,0.0,0.0,0.0,0.0,0.0,0.0,0.0
1092,2026-05-14 23:06:24,2026-5-14_stair1_left.csv,stair1,0.0,0.0,3160.0,290.0,0.0,0.0,0.0,0.0,1392.0,0.0,0.0,0.0,0.0,0.0,0.0,0.0,0.0,0.0
1093,2026-05-14 23:06:24,2026-5-14_stair1_left.csv,stair1,0.0,0.0,3160.0,290.0,0.0,0.0,0.0,0.0,1392.0,0.0,0.0,0.0,0.0,0.0,0.0,0.0,0.0,0.0
1094,2026-05-14 23:06:24,2026-5-14_stair1_left.csv,stair1,0.0,0.0,3160.0,290.0,0.0,0.0,0.0,0.0,1392.0,0.0,0.0,0.0,0.0,0.0,0.0,0.0,0.0,0.0
1095,2026-05-14 23:06:24,2026-5-14_stair1_left.csv,stair1,0.0,0.0,3160.0,290.0,0.0,0.0,0.0,0.0,1392.0,0.0,0.0,0.0,0.0,0.0,0.0,0.0,0.0,0.0
1096,2026-05-14 23:06:24,2026-5-14_stair1_left.csv,stair1,0.0,0.0,3160.0,290.0,0.0,0.0,0.0,0.0,1392.0,0.0,0.0,0.0,0.0,0.0,0.0,0.0,0.0,0.0
1097,2026-05-14 23:06:25,2026-5-14_stair1_left.csv,stair1,0.0,0.0,3160.0,290.0,0.0,0.0,0.0,0.0,1392.0,0.0,0.0,0.0,0.0,0.0,0.0,0.0,0.0,0.0
1098,2026-05-14 23:06:25,2026-5-14_stair1_left.csv,stair1,0.0,0.0,3160.0,290.0,0.0,0.0,0.0,0.0,1392.0,0.0,0.0,0.0,0.0,0.0,0.0,0.0,0.0,0.0
1099,2026-05-14 23:06:25,2026-5-14_stair1_left.csv,stair1,0.0,0.0,3160.0,290.0,0.0,0.0,0.0,0.0,1392.0,0.0,0.0,0.0,0.0,0.0,0.0,0.0,0.0,0.0
1100,2026-05-14 23:06:25,2026-5-14_stair1_left.csv,stair1,0.0,0.0,3160.0,290.0,0.0,0.0,0.0,0.0,1392.0,0.0,0.0,0.0,0.0,0.0,0.0,0.0,0.0,0.0
1101,2026-05-14 23:06:25,2026-5-14_stair1_left.csv,stair1,0.0,0.0,3160.0,290.0,0.0,0.0,0.0,0.0,1392.0,0.0,0.0,0.0,0.0,0.0,0.0,0.0,0.0,0.0
1102,2026-05-14 23:06:25,2026-5-14_stair1_left.csv,stair1,0.0,0.0,3160.0,290.0,0.0,0.0,0.0,0.0,1392.0,0.0,0.0,0.0,0.0,0.0,0.0,0.0,0.0,0.0
1103,2026-05-14 23:06:25,2026-5-14_stair1_left.csv,stair1,0.0,0.0,3160.0,290.0,0.0,0.0,0.0,0.0,1392.0,0.0,0.0,0.0,0.0,0.0,0.0,0.0,0.0,0.0
1104,2026-05-14 23:06:25,2026-5-14_stair1_left.csv,stair1,0.0,0.0,3160.0,290.0,0.0,0.0,0.0,0.0,1392.0,0.0,0.0,0.0,0.0,0.0,0.0,0.0,0.0,0.0
1105,2026-05-14 23:06:25,2026-5-14_stair1_left.csv,stair1,0.0,0.0,3160.0,290.0,0.0,0.0,0.0,0.0,1392.0,0.0,0.0,0.0,0.0,0.0,0.0,0.0,0.0,0.0
1106,2026-05-14 23:06:25,2026-5-14_stair1_left.csv,stair1,0.0,0.0,3160.0,290.0,0.0,0.0,0.0,0.0,1392.0,0.0,0.0,0.0,0.0,0.0,0.0,0.0,0.0,0.0
1107,2026-05-14 23:06:25,2026-5-14_stair1_left.csv,stair1,0.0,0.0,3160.0,290.0,0.0,0.0,0.0,0.0,1392.0,0.0,0.0,0.0,0.0,0.0,0.0,0.0,0.0,0.0
1108,2026-05-14 23:06:25,2026-5-14_stair1_left.csv,stair1,0.0,0.0,3160.0,290.0,0.0,0.0,0.0,0.0,1392.0,0.0,0.0,0.0,0.0,0.0,0.0,0.0,0.0,0.0
1109,2026-05-14 23:06:25,2026-5-14_stair1_left.csv,stair1,0.0,0.0,3160.0,290.0,0.0,0.0,0.0,0.0,1392.0,0.0,0.0,0.0,0.0,0.0,0.0,0.0,0.0,0.0
1110,2026-05-14 23:06:25,2026-5-14_stair1_left.csv,stair1,0.0,0.0,3160.0,290.0,0.0,0.0,0.0,0.0,1392.0,0.0,0.0,0.0,0.0,0.0,0.0,0.0,0.0,0.0
1111,2026-05-14 23:06:25,2026-5-14_stair1_left.csv,stair1,0.0,0.0,3160.0,290.0,0.0,0.0,0.0,0.0,1392.0,0.0,0.0,0.0,0.0,0.0,0.0,0.0,0.0,0.0
1112,2026-05-14 23:06:25,2026-5-14_stair1_left.csv,stair1,0.0,0.0,3160.0,290.0,0.0,0.0,0.0,0.0,1392.0,0.0,0.0,0.0,0.0,0.0,0.0,0.0,0.0,0.0
1113,2026-05-14 23:06:25,2026-5-14_stair1_left.csv,stair1,0.0,0.0,3160.0,290.0,0.0,0.0,0.0,0.0,1392.0,0.0,0.0,0.0,0.0,0.0,0.0,0.0,0.0,0.0
1114,2026-05-14 23:06:25,2026-5-14_stair1_left.csv,stair1,0.0,0.0,3160.0,290.0,0.0,0.0,0.0,0.0,1392.0,0.0,0.0,0.0,0.0,0.0,0.0,0.0,0.0,0.0
1115,2026-05-14 23:06:25,2026-5-14_stair1_left.csv,stair1,0.0,0.0,3160.0,290.0,0.0,0.0,0.0,0.0,1392.0,0.0,0.0,0.0,0.0,0.0,0.0,0.0,0.0,0.0
1116,2026-05-14 23:06:25,2026-5-14_stair1_left.csv,stair1,0.0,0.0,3160.0,290.0,0.0,0.0,0.0,0.0,1392.0,0.0,0.0,0.0,0.0,0.0,0.0,0.0,0.0,0.0
1117,2026-05-14 23:06:26,2026-5-14_stair1_left.csv,stair1,0.0,0.0,3160.0,290.0,0.0,0.0,0.0,0.0,1392.0,0.0,0.0,0.0,0.0,0.0,0.0,0.0,0.0,0.0
1118,2026-05-14 23:06:26,2026-5-14_stair1_left.csv,stair1,0.0,0.0,3160.0,290.0,0.0,0.0,0.0,0.0,1392.0,0.0,0.0,0.0,0.0,0.0,0.0,0.0,0.0,0.0
1119,2026-05-14 23:06:26,2026-5-14_stair1_left.csv,stair1,0.0,0.0,3160.0,290.0,0.0,0.0,0.0,0.0,1392.0,0.0,0.0,0.0,0.0,0.0,0.0,0.0,0.0,0.0
1120,2026-05-14 23:06:26,2026-5-14_stair1_left.csv,stair1,0.0,0.0,3160.0,290.0,0.0,0.0,0.0,0.0,1392.0,0.0,0.0,0.0,0.0,0.0,0.0,0.0,0.0,0.0
1121,2026-05-14 23:06:26,2026-5-14_stair1_left.csv,stair1,0.0,0.0,3160.0,290.0,0.0,0.0,0.0,0.0,1392.0,0.0,0.0,0.0,0.0,0.0,0.0,0.0,0.0,0.0
1122,2026-05-14 23:06:26,2026-5-14_stair1_left.csv,stair1,0.0,0.0,3160.0,290.0,0.0,0.0,0.0,0.0,1392.0,0.0,0.0,0.0,0.0,0.0,0.0,0.0,0.0,0.0
1123,2026-05-14 23:06:26,2026-5-14_stair1_left.csv,stair1,0.0,0.0,3160.0,290.0,0.0,0.0,0.0,0.0,1392.0,0.0,0.0,0.0,0.0,0.0,0.0,0.0,0.0,0.0
1124,2026-05-14 23:06:26,2026-5-14_stair1_left.csv,stair1,0.0,0.0,3160.0,290.0,0.0,0.0,0.0,0.0,1392.0,0.0,0.0,0.0,0.0,0.0,0.0,0.0,0.0,0.0
1125,2026-05-14 23:06:26,2026-5-14_stair1_left.csv,stair1,0.0,0.0,3160.0,290.0,0.0,0.0,0.0,0.0,1392.0,0.0,0.0,0.0,0.0,0.0,0.0,0.0,0.0,0.0
1126,2026-05-14 23:06:26,2026-5-14_stair1_left.csv,stair1,0.0,0.0,3160.0,290.0,0.0,0.0,0.0,0.0,1392.0,0.0,0.0,0.0,0.0,0.0,0.0,0.0,0.0,0.0
1127,2026-05-14 23:06:26,2026-5-14_stair1_left.csv,stair1,0.0,0.0,3160.0,290.0,0.0,0.0,0.0,0.0,1392.0,0.0,0.0,0.0,0.0,0.0,0.0,0.0,0.0,0.0
1128,2026-05-14 23:06:26,2026-5-14_stair1_left.csv,stair1,0.0,0.0,3160.0,290.0,0.0,0.0,0.0,0.0,1392.0,0.0,0.0,0.0,0.0,0.0,0.0,0.0,0.0,0.0
1129,2026-05-14 23:06:26,2026-5-14_stair1_left.csv,stair1,0.0,0.0,3160.0,290.0,0.0,0.0,0.0,0.0,1392.0,0.0,0.0,0.0,0.0,0.0,0.0,0.0,0.0,0.0
1130,2026-05-14 23:06:26,2026-5-14_stair1_left.csv,stair1,0.0,0.0,3160.0,290.0,0.0,0.0,0.0,0.0,1392.0,0.0,0.0,0.0,0.0,0.0,0.0,0.0,0.0,0.0
1131,2026-05-14 23:06:26,2026-5-14_stair1_left.csv,stair1,0.0,0.0,3160.0,290.0,0.0,0.0,0.0,0.0,1392.0,0.0,0.0,0.0,0.0,0.0,0.0,0.0,0.0,0.0
1132,2026-05-14 23:06:26,2026-5-14_stair1_left.csv,stair1,0.0,0.0,3160.0,290.0,0.0,0.0,0.0,0.0,1392.0,0.0,0.0,0.0,0.0,0.0,0.0,0.0,0.0,0.0
1133,2026-05-14 23:06:26,2026-5-14_stair1_left.csv,stair1,0.0,0.0,3160.0,290.0,0.0,0.0,0.0,0.0,1392.0,0.0,0.0,0.0,0.0,0.0,0.0,0.0,0.0,0.0
1134,2026-05-14 23:06:26,2026-5-14_stair1_left.csv,stair1,0.0,0.0,3160.0,290.0,0.0,0.0,0.0,0.0,1392.0,0.0,0.0,0.0,0.0,0.0,0.0,0.0,0.0,0.0
1135,2026-05-14 23:06:26,2026-5-14_stair1_left.csv,stair1,0.0,0.0,3160.0,290.0,0.0,0.0,0.0,0.0,1392.0,0.0,0.0,0.0,0.0,0.0,0.0,0.0,0.0,0.0
1136,2026-05-14 23:06:26,2026-5-14_stair1_left.csv,stair1,0.0,0.0,3160.0,290.0,0.0,0.0,0.0,0.0,1392.0,0.0,0.0,0.0,0.0,0.0,0.0,0.0,0.0,0.0
1137,2026-05-14 23:06:27,2026-5-14_stair1_left.csv,stair1,0.0,0.0,3160.0,290.0,0.0,0.0,0.0,0.0,1392.0,0.0,0.0,0.0,0.0,0.0,0.0,0.0,0.0,0.0
1138,2026-05-14 23:06:27,2026-5-14_stair1_left.csv,stair1,0.0,0.0,3160.0,290.0,0.0,0.0,0.0,0.0,1392.0,0.0,0.0,0.0,0.0,0.0,0.0,0.0,0.0,0.0
1139,2026-05-14 23:06:27,2026-5-14_stair1_left.csv,stair1,0.0,0.0,3160.0,290.0,0.0,0.0,0.0,0.0,1392.0,0.0,0.0,0.0,0.0,0.0,0.0,0.0,0.0,0.0
1140,2026-05-14 23:06:27,2026-5-14_stair1_left.csv,stair1,0.0,0.0,3160.0,290.0,0.0,0.0,0.0,0.0,1392.0,0.0,0.0,0.0,0.0,0.0,0.0,0.0,0.0,0.0
1141,2026-05-14 23:06:27,2026-5-14_stair1_left.csv,stair1,0.0,0.0,3160.0,290.0,0.0,0.0,0.0,0.0,1392.0,0.0,0.0,0.0,0.0,0.0,0.0,0.0,0.0,0.0
1142,2026-05-14 23:06:27,2026-5-14_stair1_left.csv,stair1,0.0,0.0,3160.0,290.0,0.0,0.0,0.0,0.0,1392.0,0.0,0.0,0.0,0.0,0.0,0.0,0.0,0.0,0.0
1143,2026-05-14 23:06:27,2026-5-14_stair1_left.csv,stair1,0.0,0.0,3160.0,290.0,0.0,0.0,0.0,0.0,1392.0,0.0,0.0,0.0,0.0,0.0,0.0,0.0,0.0,0.0
1144,2026-05-14 23:06:27,2026-5-14_stair1_left.csv,stair1,0.0,0.0,3160.0,290.0,0.0,0.0,0.0,0.0,1392.0,0.0,0.0,0.0,0.0,0.0,0.0,0.0,0.0,0.0
1145,2026-05-14 23:06:27,2026-5-14_stair1_left.csv,stair1,0.0,0.0,3160.0,290.0,0.0,0.0,0.0,0.0,1392.0,0.0,0.0,0.0,0.0,0.0,0.0,0.0,0.0,0.0
1146,2026-05-14 23:06:27,2026-5-14_stair1_left.csv,stair1,0.0,0.0,3160.0,290.0,0.0,0.0,0.0,0.0,1392.0,0.0,0.0,0.0,0.0,0.0,0.0,0.0,0.0,0.0
1147,2026-05-14 23:06:27,2026-5-14_stair1_left.csv,stair1,0.0,0.0,3160.0,290.0,0.0,0.0,0.0,0.0,1392.0,0.0,0.0,0.0,0.0,0.0,0.0,0.0,0.0,0.0
1148,2026-05-14 23:06:27,2026-5-14_stair1_left.csv,stair1,0.0,0.0,3160.0,290.0,0.0,0.0,0.0,0.0,1392.0,0.0,0.0,0.0,0.0,0.0,0.0,0.0,0.0,0.0
1149,2026-05-14 23:06:27,2026-5-14_stair1_left.csv,stair1,0.0,0.0,3160.0,290.0,0.0,0.0,0.0,0.0,1392.0,0.0,0.0,0.0,0.0,0.0,0.0,0.0,0.0,0.0
1150,2026-05-14 23:06:27,2026-5-14_stair1_left.csv,stair1,0.0,0.0,3160.0,290.0,0.0,0.0,0.0,0.0,1392.0,0.0,0.0,0.0,0.0,0.0,0.0,0.0,0.0,0.0
1151,2026-05-14 23:06:27,2026-5-14_stair1_left.csv,stair1,0.0,0.0,3160.0,290.0,0.0,0.0,0.0,0.0,1392.0,0.0,0.0,0.0,0.0,0.0,0.0,0.0,0.0,0.0
1152,2026-05-14 23:06:27,2026-5-14_stair1_left.csv,stair1,0.0,0.0,3160.0,290.0,0.0,0.0,0.0,0.0,1392.0,0.0,0.0,0.0,0.0,0.0,0.0,0.0,0.0,0.0
1153,2026-05-14 23:06:27,2026-5-14_stair1_left.csv,stair1,0.0,0.0,3160.0,290.0,0.0,0.0,0.0,0.0,1392.0,0.0,0.0,0.0,0.0,0.0,0.0,0.0,0.0,0.0
1154,2026-05-14 23:06:27,2026-5-14_stair1_left.csv,stair1,0.0,0.0,3160.0,290.0,0.0,0.0,0.0,0.0,1392.0,0.0,0.0,0.0,0.0,0.0,0.0,0.0,0.0,0.0
1155,2026-05-14 23:06:27,2026-5-14_stair1_left.csv,stair1,0.0,0.0,3160.0,290.0,0.0,0.0,0.0,0.0,1392.0,0.0,0.0,0.0,0.0,0.0,0.0,0.0,0.0,0.0
1156,2026-05-14 23:06:27,2026-5-14_stair1_left.csv,stair1,0.0,0.0,3160.0,290.0,0.0,0.0,0.0,0.0,1392.0,0.0,0.0,0.0,0.0,0.0,0.0,0.0,0.0,0.0
1157,2026-05-14 23:06:28,2026-5-14_stair1_left.csv,stair1,0.0,0.0,3160.0,290.0,0.0,0.0,0.0,0.0,1392.0,0.0,0.0,0.0,0.0,0.0,0.0,0.0,0.0,0.0
1158,2026-05-14 23:06:28,2026-5-14_stair1_left.csv,stair1,0.0,0.0,3160.0,290.0,0.0,0.0,0.0,0.0,1392.0,0.0,0.0,0.0,0.0,0.0,0.0,0.0,0.0,0.0
1159,2026-05-14 23:06:28,2026-5-14_stair1_left.csv,stair1,0.0,0.0,3160.0,290.0,0.0,0.0,0.0,0.0,1392.0,0.0,0.0,0.0,0.0,0.0,0.0,0.0,0.0,0.0
1160,2026-05-14 23:06:28,2026-5-14_stair1_left.csv,stair1,0.0,0.0,3160.0,290.0,0.0,0.0,0.0,0.0,1392.0,0.0,0.0,0.0,0.0,0.0,0.0,0.0,0.0,0.0
1161,2026-05-14 23:06:28,2026-5-14_stair1_left.csv,stair1,0.0,0.0,3160.0,290.0,0.0,0.0,0.0,0.0,1392.0,0.0,0.0,0.0,0.0,0.0,0.0,0.0,0.0,0.0
1162,2026-05-14 23:06:28,2026-5-14_stair1_left.csv,stair1,0.0,0.0,3160.0,290.0,0.0,0.0,0.0,0.0,1392.0,0.0,0.0,0.0,0.0,0.0,0.0,0.0,0.0,0.0
1163,2026-05-14 23:06:28,2026-5-14_stair1_left.csv,stair1,0.0,0.0,3160.0,290.0,0.0,0.0,0.0,0.0,1392.0,0.0,0.0,0.0,0.0,0.0,0.0,0.0,0.0,0.0
1164,2026-05-14 23:06:28,2026-5-14_stair1_left.csv,stair1,0.0,0.0,3160.0,290.0,0.0,0.0,0.0,0.0,1392.0,0.0,0.0,0.0,0.0,0.0,0.0,0.0,0.0,0.0
1165,2026-05-14 23:06:28,2026-5-14_stair1_left.csv,stair1,0.0,0.0,3160.0,290.0,0.0,0.0,0.0,0.0,1392.0,0.0,0.0,0.0,0.0,0.0,0.0,0.0,0.0,0.0
1166,2026-05-14 23:06:28,2026-5-14_stair1_left.csv,stair1,0.0,0.0,3160.0,290.0,0.0,0.0,0.0,0.0,1392.0,0.0,0.0,0.0,0.0,0.0,0.0,0.0,0.0,0.0
1167,2026-05-14 23:06:28,2026-5-14_stair1_left.csv,stair1,0.0,0.0,3160.0,290.0,0.0,0.0,0.0,0.0,1392.0,0.0,0.0,0.0,0.0,0.0,0.0,0.0,0.0,0.0
1168,2026-05-14 23:06:28,2026-5-14_stair1_left.csv,stair1,0.0,0.0,3160.0,290.0,0.0,0.0,0.0,0.0,1392.0,0.0,0.0,0.0,0.0,0.0,0.0,0.0,0.0,0.0
1169,2026-05-14 23:06:28,2026-5-14_stair1_left.csv,stair1,0.0,0.0,3160.0,290.0,0.0,0.0,0.0,0.0,1392.0,0.0,0.0,0.0,0.0,0.0,0.0,0.0,0.0,0.0
1170,2026-05-14 23:06:28,2026-5-14_stair1_left.csv,stair1,0.0,0.0,3160.0,290.0,0.0,0.0,0.0,0.0,1392.0,0.0,0.0,0.0,0.0,0.0,0.0,0.0,0.0,0.0
1171,2026-05-14 23:06:28,2026-5-14_stair1_left.csv,stair1,0.0,0.0,3160.0,290.0,0.0,0.0,0.0,0.0,1392.0,0.0,0.0,0.0,0.0,0.0,0.0,0.0,0.0,0.0
1172,2026-05-14 23:06:28,2026-5-14_stair1_left.csv,stair1,0.0,0.0,3160.0,290.0,0.0,0.0,0.0,0.0,1392.0,0.0,0.0,0.0,0.0,0.0,0.0,0.0,0.0,0.0
1173,2026-05-14 23:06:28,2026-5-14_stair1_left.csv,stair1,0.0,0.0,3160.0,290.0,0.0,0.0,0.0,0.0,1392.0,0.0,0.0,0.0,0.0,0.0,0.0,0.0,0.0,0.0
1174,2026-05-14 23:06:28,2026-5-14_stair1_left.csv,stair1,0.0,0.0,3160.0,290.0,0.0,0.0,0.0,0.0,1392.0,0.0,0.0,0.0,0.0,0.0,0.0,0.0,0.0,0.0
1175,2026-05-14 23:06:28,2026-5-14_stair1_left.csv,stair1,0.0,0.0,3160.0,290.0,0.0,0.0,0.0,0.0,1392.0,0.0,0.0,0.0,0.0,0.0,0.0,0.0,0.0,0.0
1176,2026-05-14 23:06:28,2026-5-14_stair1_left.csv,stair1,0.0,0.0,3160.0,290.0,0.0,0.0,0.0,0.0,1392.0,0.0,0.0,0.0,0.0,0.0,0.0,0.0,0.0,0.0
1177,2026-05-14 23:06:29,2026-5-14_stair1_left.csv,stair1,0.0,0.0,3160.0,290.0,0.0,0.0,0.0,0.0,1392.0,0.0,0.0,0.0,0.0,0.0,0.0,0.0,0.0,0.0
1178,2026-05-14 23:06:29,2026-5-14_stair1_left.csv,stair1,0.0,0.0,3160.0,290.0,0.0,0.0,0.0,0.0,1392.0,0.0,0.0,0.0,0.0,0.0,0.0,0.0,0.0,0.0
1179,2026-05-14 23:06:29,2026-5-14_stair1_left.csv,stair1,0.0,0.0,3160.0,290.0,0.0,0.0,0.0,0.0,1392.0,0.0,0.0,0.0,0.0,0.0,0.0,0.0,0.0,0.0
1180,2026-05-14 23:06:29,2026-5-14_stair1_left.csv,stair1,0.0,0.0,3160.0,290.0,0.0,0.0,0.0,0.0,1392.0,0.0,0.0,0.0,0.0,0.0,0.0,0.0,0.0,0.0
1181,2026-05-14 23:06:29,2026-5-14_stair1_left.csv,stair1,0.0,0.0,3160.0,290.0,0.0,0.0,0.0,0.0,1392.0,0.0,0.0,0.0,0.0,0.0,0.0,0.0,0.0,0.0
1182,2026-05-14 23:06:29,2026-5-14_stair1_left.csv,stair1,0.0,0.0,3160.0,290.0,0.0,0.0,0.0,0.0,1392.0,0.0,0.0,0.0,0.0,0.0,0.0,0.0,0.0,0.0
1183,2026-05-14 23:06:29,2026-5-14_stair1_left.csv,stair1,0.0,0.0,3160.0,290.0,0.0,0.0,0.0,0.0,1392.0,0.0,0.0,0.0,0.0,0.0,0.0,0.0,0.0,0.0
1184,2026-05-14 23:06:29,2026-5-14_stair1_left.csv,stair1,0.0,0.0,3160.0,290.0,0.0,0.0,0.0,0.0,1392.0,0.0,0.0,0.0,0.0,0.0,0.0,0.0,0.0,0.0
1185,2026-05-14 23:06:29,2026-5-14_stair1_left.csv,stair1,0.0,0.0,3160.0,290.0,0.0,0.0,0.0,0.0,1392.0,0.0,0.0,0.0,0.0,0.0,0.0,0.0,0.0,0.0
1186,2026-05-14 23:06:29,2026-5-14_stair1_left.csv,stair1,0.0,0.0,3160.0,290.0,0.0,0.0,0.0,0.0,1392.0,0.0,0.0,0.0,0.0,0.0,0.0,0.0,0.0,0.0
1187,2026-05-14 23:06:29,2026-5-14_stair1_left.csv,stair1,0.0,0.0,3160.0,290.0,0.0,0.0,0.0,0.0,1392.0,0.0,0.0,0.0,0.0,0.0,0.0,0.0,0.0,0.0
1188,2026-05-14 23:06:29,2026-5-14_stair1_left.csv,stair1,0.0,0.0,3160.0,290.0,0.0,0.0,0.0,0.0,1392.0,0.0,0.0,0.0,0.0,0.0,0.0,0.0,0.0,0.0
1189,2026-05-14 23:06:29,2026-5-14_stair1_left.csv,stair1,0.0,0.0,3160.0,290.0,0.0,0.0,0.0,0.0,1392.0,0.0,0.0,0.0,0.0,0.0,0.0,0.0,0.0,0.0
1190,2026-05-14 23:06:29,2026-5-14_stair1_left.csv,stair1,0.0,0.0,3160.0,290.0,0.0,0.0,0.0,0.0,1392.0,0.0,0.0,0.0,0.0,0.0,0.0,0.0,0.0,0.0
1191,2026-05-14 23:06:29,2026-5-14_stair1_left.csv,stair1,0.0,0.0,3160.0,290.0,0.0,0.0,0.0,0.0,1392.0,0.0,0.0,0.0,0.0,0.0,0.0,0.0,0.0,0.0
1192,2026-05-14 23:06:29,2026-5-14_stair1_left.csv,stair1,0.0,0.0,3160.0,290.0,0.0,0.0,0.0,0.0,1392.0,0.0,0.0,0.0,0.0,0.0,0.0,0.0,0.0,0.0
1193,2026-05-14 23:06:29,2026-5-14_stair1_left.csv,stair1,0.0,0.0,3160.0,290.0,0.0,0.0,0.0,0.0,1392.0,0.0,0.0,0.0,0.0,0.0,0.0,0.0,0.0,0.0
1194,2026-05-14 23:06:29,2026-5-14_stair1_left.csv,stair1,0.0,0.0,3160.0,290.0,0.0,0.0,0.0,0.0,1392.0,0.0,0.0,0.0,0.0,0.0,0.0,0.0,0.0,0.0
1195,2026-05-14 23:06:29,2026-5-14_stair1_left.csv,stair1,0.0,0.0,3160.0,290.0,0.0,0.0,0.0,0.0,1392.0,0.0,0.0,0.0,0.0,0.0,0.0,0.0,0.0,0.0
1196,2026-05-14 23:06:29,2026-5-14_stair1_left.csv,stair1,0.0,0.0,3160.0,290.0,0.0,0.0,0.0,0.0,1392.0,0.0,0.0,0.0,0.0,0.0,0.0,0.0,0.0,0.0
1197,2026-05-14 23:06:30,2026-5-14_stair1_left.csv,stair1,0.0,0.0,3160.0,290.0,0.0,0.0,0.0,0.0,1392.0,0.0,0.0,0.0,0.0,0.0,0.0,0.0,0.0,0.0
1198,2026-05-14 23:06:30,2026-5-14_stair1_left.csv,stair1,0.0,0.0,3160.0,290.0,0.0,0.0,0.0,0.0,1392.0,0.0,0.0,0.0,0.0,0.0,0.0,0.0,0.0,0.0
1199,2026-05-14 23:06:30,2026-5-14_stair1_left.csv,stair1,0.0,0.0,3160.0,290.0,0.0,0.0,0.0,0.0,1392.0,0.0,0.0,0.0,0.0,0.0,0.0,0.0,0.0,0.0
1200,2026-05-14 23:06:30,2026-5-14_stair1_left.csv,stair1,0.0,0.0,3160.0,290.0,0.0,0.0,0.0,0.0,1392.0,0.0,0.0,0.0,0.0,0.0,0.0,0.0,0.0,0.0
1201,2026-05-14 23:06:30,2026-5-14_stair1_left.csv,stair1,0.0,0.0,3160.0,290.0,0.0,0.0,0.0,0.0,1392.0,0.0,0.0,0.0,0.0,0.0,0.0,0.0,0.0,0.0
1202,2026-05-14 23:06:30,2026-5-14_stair1_left.csv,stair1,0.0,0.0,3160.0,290.0,0.0,0.0,0.0,0.0,1392.0,0.0,0.0,0.0,0.0,0.0,0.0,0.0,0.0,0.0
1203,2026-05-14 23:06:30,2026-5-14_stair1_left.csv,stair1,0.0,0.0,3160.0,290.0,0.0,0.0,0.0,0.0,1392.0,0.0,0.0,0.0,0.0,0.0,0.0,0.0,0.0,0.0
1204,2026-05-14 23:06:30,2026-5-14_stair1_left.csv,stair1,0.0,0.0,3160.0,290.0,0.0,0.0,0.0,0.0,1392.0,0.0,0.0,0.0,0.0,0.0,0.0,0.0,0.0,0.0
1205,2026-05-14 23:06:30,2026-5-14_stair1_left.csv,stair1,0.0,0.0,3160.0,290.0,0.0,0.0,0.0,0.0,1392.0,0.0,0.0,0.0,0.0,0.0,0.0,0.0,0.0,0.0
1206,2026-05-14 23:06:30,2026-5-14_stair1_left.csv,stair1,0.0,0.0,3160.0,290.0,0.0,0.0,0.0,0.0,1392.0,0.0,0.0,0.0,0.0,0.0,0.0,0.0,0.0,0.0
1207,2026-05-14 23:06:30,2026-5-14_stair1_left.csv,stair1,0.0,0.0,3160.0,290.0,0.0,0.0,0.0,0.0,1392.0,0.0,0.0,0.0,0.0,0.0,0.0,0.0,0.0,0.0
1208,2026-05-14 23:06:30,2026-5-14_stair1_left.csv,stair1,0.0,0.0,3160.0,290.0,0.0,0.0,0.0,0.0,1392.0,0.0,0.0,0.0,0.0,0.0,0.0,0.0,0.0,0.0
1209,2026-05-14 23:06:30,2026-5-14_stair1_left.csv,stair1,0.0,0.0,3160.0,290.0,0.0,0.0,0.0,0.0,1392.0,0.0,0.0,0.0,0.0,0.0,0.0,0.0,0.0,0.0
1210,2026-05-14 23:06:30,2026-5-14_stair1_left.csv,stair1,0.0,0.0,3160.0,290.0,0.0,0.0,0.0,0.0,1392.0,0.0,0.0,0.0,0.0,0.0,0.0,0.0,0.0,0.0
1211,2026-05-14 23:06:30,2026-5-14_stair1_left.csv,stair1,0.0,0.0,3160.0,290.0,0.0,0.0,0.0,0.0,1392.0,0.0,0.0,0.0,0.0,0.0,0.0,0.0,0.0,0.0
1212,2026-05-14 23:06:30,2026-5-14_stair1_left.csv,stair1,0.0,0.0,3160.0,290.0,0.0,0.0,0.0,0.0,1392.0,0.0,0.0,0.0,0.0,0.0,0.0,0.0,0.0,0.0
1213,2026-05-14 23:06:30,2026-5-14_stair1_left.csv,stair1,0.0,0.0,3160.0,290.0,0.0,0.0,0.0,0.0,1392.0,0.0,0.0,0.0,0.0,0.0,0.0,0.0,0.0,0.0
1214,2026-05-14 23:06:30,2026-5-14_stair1_left.csv,stair1,0.0,0.0,3160.0,290.0,0.0,0.0,0.0,0.0,1392.0,0.0,0.0,0.0,0.0,0.0,0.0,0.0,0.0,0.0
1215,2026-05-14 23:06:30,2026-5-14_stair1_left.csv,stair1,0.0,0.0,3160.0,290.0,0.0,0.0,0.0,0.0,1392.0,0.0,0.0,0.0,0.0,0.0,0.0,0.0,0.0,0.0
1216,2026-05-14 23:06:30,2026-5-14_stair1_left.csv,stair1,0.0,0.0,3160.0,290.0,0.0,0.0,0.0,0.0,1392.0,0.0,0.0,0.0,0.0,0.0,0.0,0.0,0.0,0.0
1217,2026-05-14 23:06:31,2026-5-14_stair1_left.csv,stair1,0.0,0.0,3160.0,290.0,0.0,0.0,0.0,0.0,1392.0,0.0,0.0,0.0,0.0,0.0,0.0,0.0,0.0,0.0
1218,2026-05-14 23:06:31,2026-5-14_stair1_left.csv,stair1,0.0,0.0,3160.0,290.0,0.0,0.0,0.0,0.0,1392.0,0.0,0.0,0.0,0.0,0.0,0.0,0.0,0.0,0.0
1219,2026-05-14 23:06:31,2026-5-14_stair1_left.csv,stair1,0.0,0.0,3160.0,290.0,0.0,0.0,0.0,0.0,1392.0,0.0,0.0,0.0,0.0,0.0,0.0,0.0,0.0,0.0
1220,2026-05-14 23:06:31,2026-5-14_stair1_left.csv,stair1,0.0,0.0,3160.0,290.0,0.0,0.0,0.0,0.0,1392.0,0.0,0.0,0.0,0.0,0.0,0.0,0.0,0.0,0.0
1221,2026-05-14 23:06:31,2026-5-14_stair1_left.csv,stair1,0.0,0.0,3160.0,290.0,0.0,0.0,0.0,0.0,1392.0,0.0,0.0,0.0,0.0,0.0,0.0,0.0,0.0,0.0
1222,2026-05-14 23:06:31,2026-5-14_stair1_left.csv,stair1,0.0,0.0,3160.0,290.0,0.0,0.0,0.0,0.0,1392.0,0.0,0.0,0.0,0.0,0.0,0.0,0.0,0.0,0.0
1223,2026-05-14 23:06:31,2026-5-14_stair1_left.csv,stair1,0.0,0.0,3160.0,290.0,0.0,0.0,0.0,0.0,1392.0,0.0,0.0,0.0,0.0,0.0,0.0,0.0,0.0,0.0
1224,2026-05-14 23:06:31,2026-5-14_stair1_left.csv,stair1,0.0,0.0,3160.0,290.0,0.0,0.0,0.0,0.0,1392.0,0.0,0.0,0.0,0.0,0.0,0.0,0.0,0.0,0.0
1225,2026-05-14 23:06:31,2026-5-14_stair1_left.csv,stair1,0.0,0.0,3160.0,290.0,0.0,0.0,0.0,0.0,1392.0,0.0,0.0,0.0,0.0,0.0,0.0,0.0,0.0,0.0
1226,2026-05-14 23:06:31,2026-5-14_stair1_left.csv,stair1,0.0,0.0,3160.0,290.0,0.0,0.0,0.0,0.0,1392.0,0.0,0.0,0.0,0.0,0.0,0.0,0.0,0.0,0.0
1227,2026-05-14 23:06:31,2026-5-14_stair1_left.csv,stair1,0.0,0.0,3160.0,290.0,0.0,0.0,0.0,0.0,1392.0,0.0,0.0,0.0,0.0,0.0,0.0,0.0,0.0,0.0
1228,2026-05-14 23:06:31,2026-5-14_stair1_left.csv,stair1,0.0,0.0,3160.0,290.0,0.0,0.0,0.0,0.0,1392.0,0.0,0.0,0.0,0.0,0.0,0.0,0.0,0.0,0.0
1229,2026-05-14 23:06:31,2026-5-14_stair1_left.csv,stair1,0.0,0.0,3160.0,290.0,0.0,0.0,0.0,0.0,1392.0,0.0,0.0,0.0,0.0,0.0,0.0,0.0,0.0,0.0
1230,2026-05-14 23:06:31,2026-5-14_stair1_left.csv,stair1,0.0,0.0,3160.0,290.0,0.0,0.0,0.0,0.0,1392.0,0.0,0.0,0.0,0.0,0.0,0.0,0.0,0.0,0.0
1231,2026-05-14 23:06:31,2026-5-14_stair1_left.csv,stair1,0.0,0.0,3160.0,290.0,0.0,0.0,0.0,0.0,1392.0,0.0,0.0,0.0,0.0,0.0,0.0,0.0,0.0,0.0
1232,2026-05-14 23:06:31,2026-5-14_stair1_left.csv,stair1,0.0,0.0,3160.0,290.0,0.0,0.0,0.0,0.0,1392.0,0.0,0.0,0.0,0.0,0.0,0.0,0.0,0.0,0.0
1233,2026-05-14 23:06:31,2026-5-14_stair1_left.csv,stair1,0.0,0.0,3160.0,290.0,0.0,0.0,0.0,0.0,1392.0,0.0,0.0,0.0,0.0,0.0,0.0,0.0,0.0,0.0
1234,2026-05-14 23:06:31,2026-5-14_stair1_left.csv,stair1,0.0,0.0,3160.0,290.0,0.0,0.0,0.0,0.0,1392.0,0.0,0.0,0.0,0.0,0.0,0.0,0.0,0.0,0.0
1235,2026-05-14 23:06:31,2026-5-14_stair1_left.csv,stair1,0.0,0.0,3160.0,290.0,0.0,0.0,0.0,0.0,1392.0,0.0,0.0,0.0,0.0,0.0,0.0,0.0,0.0,0.0
1236,2026-05-14 23:06:31,2026-5-14_stair1_left.csv,stair1,0.0,0.0,3160.0,290.0,0.0,0.0,0.0,0.0,1392.0,0.0,0.0,0.0,0.0,0.0,0.0,0.0,0.0,0.0
1237,2026-05-14 23:06:32,2026-5-14_stair1_left.csv,stair1,0.0,0.0,3160.0,290.0,0.0,0.0,0.0,0.0,1392.0,0.0,0.0,0.0,0.0,0.0,0.0,0.0,0.0,0.0
1238,2026-05-14 23:06:32,2026-5-14_stair1_left.csv,stair1,0.0,0.0,3160.0,290.0,0.0,0.0,0.0,0.0,1392.0,0.0,0.0,0.0,0.0,0.0,0.0,0.0,0.0,0.0
1239,2026-05-14 23:06:32,2026-5-14_stair1_left.csv,stair1,0.0,0.0,3160.0,290.0,0.0,0.0,0.0,0.0,1392.0,0.0,0.0,0.0,0.0,0.0,0.0,0.0,0.0,0.0
1240,2026-05-14 23:06:32,2026-5-14_stair1_left.csv,stair1,0.0,0.0,3160.0,290.0,0.0,0.0,0.0,0.0,1392.0,0.0,0.0,0.0,0.0,0.0,0.0,0.0,0.0,0.0
1241,2026-05-14 23:06:32,2026-5-14_stair1_left.csv,stair1,0.0,0.0,3160.0,290.0,0.0,0.0,0.0,0.0,1392.0,0.0,0.0,0.0,0.0,0.0,0.0,0.0,0.0,0.0
1242,2026-05-14 23:06:32,2026-5-14_stair1_left.csv,stair1,0.0,0.0,3160.0,290.0,0.0,0.0,0.0,0.0,1392.0,0.0,0.0,0.0,0.0,0.0,0.0,0.0,0.0,0.0
1243,2026-05-14 23:06:32,2026-5-14_stair1_left.csv,stair1,0.0,0.0,3160.0,290.0,0.0,0.0,0.0,0.0,1392.0,0.0,0.0,0.0,0.0,0.0,0.0,0.0,0.0,0.0
1244,2026-05-14 23:06:32,2026-5-14_stair1_left.csv,stair1,0.0,0.0,3160.0,290.0,0.0,0.0,0.0,0.0,1392.0,0.0,0.0,0.0,0.0,0.0,0.0,0.0,0.0,0.0
1245,2026-05-14 23:06:32,2026-5-14_stair1_left.csv,stair1,0.0,0.0,3160.0,290.0,0.0,0.0,0.0,0.0,1392.0,0.0,0.0,0.0,0.0,0.0,0.0,0.0,0.0,0.0
1246,2026-05-14 23:06:32,2026-5-14_stair1_left.csv,stair1,0.0,0.0,3160.0,290.0,0.0,0.0,0.0,0.0,1392.0,0.0,0.0,0.0,0.0,0.0,0.0,0.0,0.0,0.0
1247,2026-05-14 23:06:32,2026-5-14_stair1_left.csv,stair1,0.0,0.0,3160.0,290.0,0.0,0.0,0.0,0.0,1392.0,0.0,0.0,0.0,0.0,0.0,0.0,0.0,0.0,0.0
1248,2026-05-14 23:06:32,2026-5-14_stair1_left.csv,stair1,0.0,0.0,3160.0,290.0,0.0,0.0,0.0,0.0,1392.0,0.0,0.0,0.0,0.0,0.0,0.0,0.0,0.0,0.0
1249,2026-05-14 23:06:32,2026-5-14_stair1_left.csv,stair1,0.0,0.0,3160.0,290.0,0.0,0.0,0.0,0.0,1392.0,0.0,0.0,0.0,0.0,0.0,0.0,0.0,0.0,0.0
1250,2026-05-14 23:06:32,2026-5-14_stair1_left.csv,stair1,0.0,0.0,3160.0,290.0,0.0,0.0,0.0,0.0,1392.0,0.0,0.0,0.0,0.0,0.0,0.0,0.0,0.0,0.0
1251,2026-05-14 23:06:32,2026-5-14_stair1_left.csv,stair1,0.0,0.0,3160.0,290.0,0.0,0.0,0.0,0.0,1392.0,0.0,0.0,0.0,0.0,0.0,0.0,0.0,0.0,0.0
1252,2026-05-14 23:06:32,2026-5-14_stair1_left.csv,stair1,0.0,0.0,3160.0,290.0,0.0,0.0,0.0,0.0,1392.0,0.0,0.0,0.0,0.0,0.0,0.0,0.0,0.0,0.0
1253,2026-05-14 23:06:32,2026-5-14_stair1_left.csv,stair1,0.0,0.0,3160.0,290.0,0.0,0.0,0.0,0.0,1392.0,0.0,0.0,0.0,0.0,0.0,0.0,0.0,0.0,0.0
1254,2026-05-14 23:06:32,2026-5-14_stair1_left.csv,stair1,0.0,0.0,3160.0,290.0,0.0,0.0,0.0,0.0,1392.0,0.0,0.0,0.0,0.0,0.0,0.0,0.0,0.0,0.0
1255,2026-05-14 23:06:32,2026-5-14_stair1_left.csv,stair1,0.0,0.0,3160.0,290.0,0.0,0.0,0.0,0.0,1392.0,0.0,0.0,0.0,0.0,0.0,0.0,0.0,0.0,0.0
1256,2026-05-14 23:06:32,2026-5-14_stair1_left.csv,stair1,0.0,0.0,3160.0,290.0,0.0,0.0,0.0,0.0,1392.0,0.0,0.0,0.0,0.0,0.0,0.0,0.0,0.0,0.0
1257,2026-05-14 23:06:33,2026-5-14_stair1_left.csv,stair1,0.0,0.0,3160.0,290.0,0.0,0.0,0.0,0.0,1392.0,0.0,0.0,0.0,0.0,0.0,0.0,0.0,0.0,0.0
1258,2026-05-14 23:06:33,2026-5-14_stair1_left.csv,stair1,0.0,0.0,3160.0,290.0,0.0,0.0,0.0,0.0,1392.0,0.0,0.0,0.0,0.0,0.0,0.0,0.0,0.0,0.0
1259,2026-05-14 23:06:33,2026-5-14_stair1_left.csv,stair1,0.0,0.0,3160.0,290.0,0.0,0.0,0.0,0.0,1392.0,0.0,0.0,0.0,0.0,0.0,0.0,0.0,0.0,0.0
1260,2026-05-14 23:06:33,2026-5-14_stair1_left.csv,stair1,0.0,0.0,3160.0,290.0,0.0,0.0,0.0,0.0,1392.0,0.0,0.0,0.0,0.0,0.0,0.0,0.0,0.0,0.0
1261,2026-05-14 23:06:33,2026-5-14_stair1_left.csv,stair1,0.0,0.0,3160.0,290.0,0.0,0.0,0.0,0.0,1392.0,0.0,0.0,0.0,0.0,0.0,0.0,0.0,0.0,0.0
1262,2026-05-14 23:06:33,2026-5-14_stair1_left.csv,stair1,0.0,0.0,3160.0,290.0,0.0,0.0,0.0,0.0,1392.0,0.0,0.0,0.0,0.0,0.0,0.0,0.0,0.0,0.0
1263,2026-05-14 23:06:33,2026-5-14_stair1_left.csv,stair1,0.0,0.0,3160.0,290.0,0.0,0.0,0.0,0.0,1392.0,0.0,0.0,0.0,0.0,0.0,0.0,0.0,0.0,0.0
1264,2026-05-14 23:06:33,2026-5-14_stair1_left.csv,stair1,0.0,0.0,3160.0,290.0,0.0,0.0,0.0,0.0,1392.0,0.0,0.0,0.0,0.0,0.0,0.0,0.0,0.0,0.0
1265,2026-05-14 23:06:33,2026-5-14_stair1_left.csv,stair1,0.0,0.0,3160.0,290.0,0.0,0.0,0.0,0.0,1392.0,0.0,0.0,0.0,0.0,0.0,0.0,0.0,0.0,0.0
1266,2026-05-14 23:06:33,2026-5-14_stair1_left.csv,stair1,0.0,0.0,3160.0,290.0,0.0,0.0,0.0,0.0,1392.0,0.0,0.0,0.0,0.0,0.0,0.0,0.0,0.0,0.0
1267,2026-05-14 23:06:33,2026-5-14_stair1_left.csv,stair1,0.0,0.0,3160.0,290.0,0.0,0.0,0.0,0.0,1392.0,0.0,0.0,0.0,0.0,0.0,0.0,0.0,0.0,0.0
1268,2026-05-14 23:06:33,2026-5-14_stair1_left.csv,stair1,0.0,0.0,3160.0,290.0,0.0,0.0,0.0,0.0,1392.0,0.0,0.0,0.0,0.0,0.0,0.0,0.0,0.0,0.0
1269,2026-05-14 23:06:33,2026-5-14_stair1_left.csv,stair1,0.0,0.0,3160.0,290.0,0.0,0.0,0.0,0.0,1392.0,0.0,0.0,0.0,0.0,0.0,0.0,0.0,0.0,0.0
1270,2026-05-14 23:06:33,2026-5-14_stair1_left.csv,stair1,0.0,0.0,3160.0,290.0,0.0,0.0,0.0,0.0,1392.0,0.0,0.0,0.0,0.0,0.0,0.0,0.0,0.0,0.0
1271,2026-05-14 23:06:33,2026-5-14_stair1_left.csv,stair1,0.0,0.0,3160.0,290.0,0.0,0.0,0.0,0.0,1392.0,0.0,0.0,0.0,0.0,0.0,0.0,0.0,0.0,0.0
1272,2026-05-14 23:06:33,2026-5-14_stair1_left.csv,stair1,0.0,0.0,3160.0,290.0,0.0,0.0,0.0,0.0,1392.0,0.0,0.0,0.0,0.0,0.0,0.0,0.0,0.0,0.0
1273,2026-05-14 23:06:33,2026-5-14_stair1_left.csv,stair1,0.0,0.0,3160.0,290.0,0.0,0.0,0.0,0.0,1392.0,0.0,0.0,0.0,0.0,0.0,0.0,0.0,0.0,0.0
1274,2026-05-14 23:06:33,2026-5-14_stair1_left.csv,stair1,0.0,0.0,3160.0,290.0,0.0,0.0,0.0,0.0,1392.0,0.0,0.0,0.0,0.0,0.0,0.0,0.0,0.0,0.0
1275,2026-05-14 23:06:33,2026-5-14_stair1_left.csv,stair1,0.0,0.0,3160.0,290.0,0.0,0.0,0.0,0.0,1392.0,0.0,0.0,0.0,0.0,0.0,0.0,0.0,0.0,0.0
1276,2026-05-14 23:06:33,2026-5-14_stair1_left.csv,stair1,0.0,0.0,3160.0,290.0,0.0,0.0,0.0,0.0,1392.0,0.0,0.0,0.0,0.0,0.0,0.0,0.0,0.0,0.0
1277,2026-05-14 23:06:34,2026-5-14_stair1_left.csv,stair1,0.0,0.0,3160.0,290.0,0.0,0.0,0.0,0.0,1392.0,0.0,0.0,0.0,0.0,0.0,0.0,0.0,0.0,0.0
1278,2026-05-14 23:06:34,2026-5-14_stair1_left.csv,stair1,0.0,0.0,3160.0,290.0,0.0,0.0,0.0,0.0,1392.0,0.0,0.0,0.0,0.0,0.0,0.0,0.0,0.0,0.0
1279,2026-05-14 23:06:34,2026-5-14_stair1_left.csv,stair1,0.0,0.0,3160.0,290.0,0.0,0.0,0.0,0.0,1392.0,0.0,0.0,0.0,0.0,0.0,0.0,0.0,0.0,0.0
1280,2026-05-14 23:06:34,2026-5-14_stair1_left.csv,stair1,0.0,0.0,3160.0,290.0,0.0,0.0,0.0,0.0,1392.0,0.0,0.0,0.0,0.0,0.0,0.0,0.0,0.0,0.0
1281,2026-05-14 23:06:34,2026-5-14_stair1_left.csv,stair1,0.0,0.0,3160.0,290.0,0.0,0.0,0.0,0.0,1392.0,0.0,0.0,0.0,0.0,0.0,0.0,0.0,0.0,0.0
1282,2026-05-14 23:06:34,2026-5-14_stair1_left.csv,stair1,0.0,0.0,3160.0,290.0,0.0,0.0,0.0,0.0,1392.0,0.0,0.0,0.0,0.0,0.0,0.0,0.0,0.0,0.0
1283,2026-05-14 23:06:34,2026-5-14_stair1_left.csv,stair1,0.0,0.0,3160.0,290.0,0.0,0.0,0.0,0.0,1392.0,0.0,0.0,0.0,0.0,0.0,0.0,0.0,0.0,0.0
1284,2026-05-14 23:06:34,2026-5-14_stair1_left.csv,stair1,0.0,0.0,3160.0,290.0,0.0,0.0,0.0,0.0,1392.0,0.0,0.0,0.0,0.0,0.0,0.0,0.0,0.0,0.0
1285,2026-05-14 23:06:34,2026-5-14_stair1_left.csv,stair1,0.0,0.0,3160.0,290.0,0.0,0.0,0.0,0.0,1392.0,0.0,0.0,0.0,0.0,0.0,0.0,0.0,0.0,0.0
1286,2026-05-14 23:06:34,2026-5-14_stair1_left.csv,stair1,0.0,0.0,3160.0,290.0,0.0,0.0,0.0,0.0,1392.0,0.0,0.0,0.0,0.0,0.0,0.0,0.0,0.0,0.0
1287,2026-05-14 23:06:34,2026-5-14_stair1_left.csv,stair1,0.0,0.0,3160.0,290.0,0.0,0.0,0.0,0.0,1392.0,0.0,0.0,0.0,0.0,0.0,0.0,0.0,0.0,0.0
1288,2026-05-14 23:06:34,2026-5-14_stair1_left.csv,stair1,0.0,0.0,3160.0,290.0,0.0,0.0,0.0,0.0,1392.0,0.0,0.0,0.0,0.0,0.0,0.0,0.0,0.0,0.0
1289,2026-05-14 23:06:34,2026-5-14_stair1_left.csv,stair1,0.0,0.0,3160.0,290.0,0.0,0.0,0.0,0.0,1392.0,0.0,0.0,0.0,0.0,0.0,0.0,0.0,0.0,0.0
1290,2026-05-14 23:06:34,2026-5-14_stair1_left.csv,stair1,0.0,0.0,3160.0,290.0,0.0,0.0,0.0,0.0,1392.0,0.0,0.0,0.0,0.0,0.0,0.0,0.0,0.0,0.0
1291,2026-05-14 23:06:34,2026-5-14_stair1_left.csv,stair1,0.0,0.0,3160.0,290.0,0.0,0.0,0.0,0.0,1392.0,0.0,0.0,0.0,0.0,0.0,0.0,0.0,0.0,0.0
1292,2026-05-14 23:06:34,2026-5-14_stair1_left.csv,stair1,0.0,0.0,3160.0,290.0,0.0,0.0,0.0,0.0,1392.0,0.0,0.0,0.0,0.0,0.0,0.0,0.0,0.0,0.0
1293,2026-05-14 23:06:34,2026-5-14_stair1_left.csv,stair1,0.0,0.0,3160.0,290.0,0.0,0.0,0.0,0.0,1392.0,0.0,0.0,0.0,0.0,0.0,0.0,0.0,0.0,0.0
1294,2026-05-14 23:06:34,2026-5-14_stair1_left.csv,stair1,0.0,0.0,3160.0,290.0,0.0,0.0,0.0,0.0,1392.0,0.0,0.0,0.0,0.0,0.0,0.0,0.0,0.0,0.0
1295,2026-05-14 23:06:34,2026-5-14_stair1_left.csv,stair1,0.0,0.0,3160.0,290.0,0.0,0.0,0.0,0.0,1392.0,0.0,0.0,0.0,0.0,0.0,0.0,0.0,0.0,0.0
1296,2026-05-14 23:06:34,2026-5-14_stair1_left.csv,stair1,0.0,0.0,3160.0,290.0,0.0,0.0,0.0,0.0,1392.0,0.0,0.0,0.0,0.0,0.0,0.0,0.0,0.0,0.0
1297,2026-05-14 23:06:35,2026-5-14_stair1_left.csv,stair1,0.0,0.0,3160.0,290.0,0.0,0.0,0.0,0.0,1392.0,0.0,0.0,0.0,0.0,0.0,0.0,0.0,0.0,0.0
1298,2026-05-14 23:06:35,2026-5-14_stair1_left.csv,stair1,0.0,0.0,3160.0,290.0,0.0,0.0,0.0,0.0,1392.0,0.0,0.0,0.0,0.0,0.0,0.0,0.0,0.0,0.0
1299,2026-05-14 23:06:35,2026-5-14_stair1_left.csv,stair1,0.0,0.0,3160.0,290.0,0.0,0.0,0.0,0.0,1392.0,0.0,0.0,0.0,0.0,0.0,0.0,0.0,0.0,0.0
1300,2026-05-14 23:06:35,2026-5-14_stair1_left.csv,stair1,0.0,0.0,3160.0,290.0,0.0,0.0,0.0,0.0,1392.0,0.0,0.0,0.0,0.0,0.0,0.0,0.0,0.0,0.0
1301,2026-05-14 23:06:35,2026-5-14_stair1_left.csv,stair1,0.0,0.0,3160.0,290.0,0.0,0.0,0.0,0.0,1392.0,0.0,0.0,0.0,0.0,0.0,0.0,0.0,0.0,0.0
1302,2026-05-14 23:06:35,2026-5-14_stair1_left.csv,stair1,0.0,0.0,3160.0,290.0,0.0,0.0,0.0,0.0,1392.0,0.0,0.0,0.0,0.0,0.0,0.0,0.0,0.0,0.0
1303,2026-05-14 23:06:35,2026-5-14_stair1_left.csv,stair1,0.0,0.0,3160.0,290.0,0.0,0.0,0.0,0.0,1392.0,0.0,0.0,0.0,0.0,0.0,0.0,0.0,0.0,0.0
1304,2026-05-14 23:06:35,2026-5-14_stair1_left.csv,stair1,0.0,0.0,3160.0,290.0,0.0,0.0,0.0,0.0,1392.0,0.0,0.0,0.0,0.0,0.0,0.0,0.0,0.0,0.0
1305,2026-05-14 23:06:35,2026-5-14_stair1_left.csv,stair1,0.0,0.0,3160.0,290.0,0.0,0.0,0.0,0.0,1392.0,0.0,0.0,0.0,0.0,0.0,0.0,0.0,0.0,0.0
1306,2026-05-14 23:06:35,2026-5-14_stair1_left.csv,stair1,0.0,0.0,3160.0,290.0,0.0,0.0,0.0,0.0,1392.0,0.0,0.0,0.0,0.0,0.0,0.0,0.0,0.0,0.0
1307,2026-05-14 23:06:35,2026-5-14_stair1_left.csv,stair1,0.0,0.0,3160.0,290.0,0.0,0.0,0.0,0.0,1392.0,0.0,0.0,0.0,0.0,0.0,0.0,0.0,0.0,0.0
1308,2026-05-14 23:06:35,2026-5-14_stair1_left.csv,stair1,0.0,0.0,3160.0,290.0,0.0,0.0,0.0,0.0,1392.0,0.0,0.0,0.0,0.0,0.0,0.0,0.0,0.0,0.0
1309,2026-05-14 23:06:35,2026-5-14_stair1_left.csv,stair1,0.0,0.0,3160.0,290.0,0.0,0.0,0.0,0.0,1392.0,0.0,0.0,0.0,0.0,0.0,0.0,0.0,0.0,0.0
1310,2026-05-14 23:06:35,2026-5-14_stair1_left.csv,stair1,0.0,0.0,3160.0,290.0,0.0,0.0,0.0,0.0,1392.0,0.0,0.0,0.0,0.0,0.0,0.0,0.0,0.0,0.0
1311,2026-05-14 23:06:35,2026-5-14_stair1_left.csv,stair1,0.0,0.0,3160.0,290.0,0.0,0.0,0.0,0.0,1392.0,0.0,0.0,0.0,0.0,0.0,0.0,0.0,0.0,0.0
1312,2026-05-14 23:06:35,2026-5-14_stair1_left.csv,stair1,0.0,0.0,3160.0,290.0,0.0,0.0,0.0,0.0,1392.0,0.0,0.0,0.0,0.0,0.0,0.0,0.0,0.0,0.0
1313,2026-05-14 23:06:35,2026-5-14_stair1_left.csv,stair1,0.0,0.0,3160.0,290.0,0.0,0.0,0.0,0.0,1392.0,0.0,0.0,0.0,0.0,0.0,0.0,0.0,0.0,0.0
1314,2026-05-14 23:06:35,2026-5-14_stair1_left.csv,stair1,0.0,0.0,3160.0,290.0,0.0,0.0,0.0,0.0,1392.0,0.0,0.0,0.0,0.0,0.0,0.0,0.0,0.0,0.0
1315,2026-05-14 23:06:35,2026-5-14_stair1_left.csv,stair1,0.0,0.0,3160.0,290.0,0.0,0.0,0.0,0.0,1392.0,0.0,0.0,0.0,0.0,0.0,0.0,0.0,0.0,0.0
1316,2026-05-14 23:06:35,2026-5-14_stair1_left.csv,stair1,0.0,0.0,3160.0,290.0,0.0,0.0,0.0,0.0,1392.0,0.0,0.0,0.0,0.0,0.0,0.0,0.0,0.0,0.0
1317,2026-05-14 23:06:36,2026-5-14_stair1_left.csv,stair1,0.0,0.0,3160.0,290.0,0.0,0.0,0.0,0.0,1392.0,0.0,0.0,0.0,0.0,0.0,0.0,0.0,0.0,0.0
1318,2026-05-14 23:06:36,2026-5-14_stair1_left.csv,stair1,0.0,0.0,3160.0,290.0,0.0,0.0,0.0,0.0,1392.0,0.0,0.0,0.0,0.0,0.0,0.0,0.0,0.0,0.0
1319,2026-05-14 23:06:36,2026-5-14_stair1_left.csv,stair1,0.0,0.0,3160.0,290.0,0.0,0.0,0.0,0.0,1392.0,0.0,0.0,0.0,0.0,0.0,0.0,0.0,0.0,0.0
1320,2026-05-14 23:06:36,2026-5-14_stair1_left.csv,stair1,0.0,0.0,3160.0,290.0,0.0,0.0,0.0,0.0,1392.0,0.0,0.0,0.0,0.0,0.0,0.0,0.0,0.0,0.0
1321,2026-05-14 23:06:36,2026-5-14_stair1_left.csv,stair1,0.0,0.0,3160.0,290.0,0.0,0.0,0.0,0.0,1392.0,0.0,0.0,0.0,0.0,0.0,0.0,0.0,0.0,0.0
1322,2026-05-14 23:06:36,2026-5-14_stair1_left.csv,stair1,0.0,0.0,3160.0,290.0,0.0,0.0,0.0,0.0,1392.0,0.0,0.0,0.0,0.0,0.0,0.0,0.0,0.0,0.0
1323,2026-05-14 23:06:36,2026-5-14_stair1_left.csv,stair1,0.0,0.0,3160.0,290.0,0.0,0.0,0.0,0.0,1392.0,0.0,0.0,0.0,0.0,0.0,0.0,0.0,0.0,0.0
1324,2026-05-14 23:06:36,2026-5-14_stair1_left.csv,stair1,0.0,0.0,3160.0,290.0,0.0,0.0,0.0,0.0,1392.0,0.0,0.0,0.0,0.0,0.0,0.0,0.0,0.0,0.0
1325,2026-05-14 23:06:36,2026-5-14_stair1_left.csv,stair1,0.0,0.0,3160.0,290.0,0.0,0.0,0.0,0.0,1392.0,0.0,0.0,0.0,0.0,0.0,0.0,0.0,0.0,0.0
1326,2026-05-14 23:06:36,2026-5-14_stair1_left.csv,stair1,0.0,0.0,3160.0,290.0,0.0,0.0,0.0,0.0,1392.0,0.0,0.0,0.0,0.0,0.0,0.0,0.0,0.0,0.0
1327,2026-05-14 23:06:36,2026-5-14_stair1_left.csv,stair1,0.0,0.0,3160.0,290.0,0.0,0.0,0.0,0.0,1392.0,0.0,0.0,0.0,0.0,0.0,0.0,0.0,0.0,0.0
1328,2026-05-14 23:06:36,2026-5-14_stair1_left.csv,stair1,0.0,0.0,3160.0,290.0,0.0,0.0,0.0,0.0,1392.0,0.0,0.0,0.0,0.0,0.0,0.0,0.0,0.0,0.0
1329,2026-05-14 23:06:36,2026-5-14_stair1_left.csv,stair1,0.0,0.0,3160.0,290.0,0.0,0.0,0.0,0.0,1392.0,0.0,0.0,0.0,0.0,0.0,0.0,0.0,0.0,0.0
1330,2026-05-14 23:06:36,2026-5-14_stair1_left.csv,stair1,0.0,0.0,3160.0,290.0,0.0,0.0,0.0,0.0,1392.0,0.0,0.0,0.0,0.0,0.0,0.0,0.0,0.0,0.0
1331,2026-05-14 23:06:36,2026-5-14_stair1_left.csv,stair1,0.0,0.0,3160.0,290.0,0.0,0.0,0.0,0.0,1392.0,0.0,0.0,0.0,0.0,0.0,0.0,0.0,0.0,0.0
1332,2026-05-14 23:06:36,2026-5-14_stair1_left.csv,stair1,0.0,0.0,3160.0,290.0,0.0,0.0,0.0,0.0,1392.0,0.0,0.0,0.0,0.0,0.0,0.0,0.0,0.0,0.0
1333,2026-05-14 23:06:36,2026-5-14_stair1_left.csv,stair1,0.0,0.0,3160.0,290.0,0.0,0.0,0.0,0.0,1392.0,0.0,0.0,0.0,0.0,0.0,0.0,0.0,0.0,0.0
1334,2026-05-14 23:06:36,2026-5-14_stair1_left.csv,stair1,0.0,0.0,3160.0,290.0,0.0,0.0,0.0,0.0,1392.0,0.0,0.0,0.0,0.0,0.0,0.0,0.0,0.0,0.0
1335,2026-05-14 23:06:36,2026-5-14_stair1_left.csv,stair1,0.0,0.0,3160.0,290.0,0.0,0.0,0.0,0.0,1392.0,0.0,0.0,0.0,0.0,0.0,0.0,0.0,0.0,0.0
1336,2026-05-14 23:06:36,2026-5-14_stair1_left.csv,stair1,0.0,0.0,3160.0,290.0,0.0,0.0,0.0,0.0,1392.0,0.0,0.0,0.0,0.0,0.0,0.0,0.0,0.0,0.0
1337,2026-05-14 23:06:37,2026-5-14_stair1_left.csv,stair1,0.0,0.0,3160.0,290.0,0.0,0.0,0.0,0.0,1392.0,0.0,0.0,0.0,0.0,0.0,0.0,0.0,0.0,0.0
1338,2026-05-14 23:06:37,2026-5-14_stair1_left.csv,stair1,0.0,0.0,3160.0,290.0,0.0,0.0,0.0,0.0,1392.0,0.0,0.0,0.0,0.0,0.0,0.0,0.0,0.0,0.0
1339,2026-05-14 23:06:37,2026-5-14_stair1_left.csv,stair1,0.0,0.0,3160.0,290.0,0.0,0.0,0.0,0.0,1392.0,0.0,0.0,0.0,0.0,0.0,0.0,0.0,0.0,0.0
1340,2026-05-14 23:06:37,2026-5-14_stair1_left.csv,stair1,0.0,0.0,3160.0,290.0,0.0,0.0,0.0,0.0,1392.0,0.0,0.0,0.0,0.0,0.0,0.0,0.0,0.0,0.0
1341,2026-05-14 23:06:37,2026-5-14_stair1_left.csv,stair1,0.0,0.0,3160.0,290.0,0.0,0.0,0.0,0.0,1392.0,0.0,0.0,0.0,0.0,0.0,0.0,0.0,0.0,0.0
1342,2026-05-14 23:06:37,2026-5-14_stair1_left.csv,stair1,0.0,0.0,3160.0,290.0,0.0,0.0,0.0,0.0,1392.0,0.0,0.0,0.0,0.0,0.0,0.0,0.0,0.0,0.0
1343,2026-05-14 23:06:37,2026-5-14_stair1_left.csv,stair1,0.0,0.0,3160.0,290.0,0.0,0.0,0.0,0.0,1392.0,0.0,0.0,0.0,0.0,0.0,0.0,0.0,0.0,0.0
1344,2026-05-14 23:06:37,2026-5-14_stair1_left.csv,stair1,0.0,0.0,3160.0,290.0,0.0,0.0,0.0,0.0,1392.0,0.0,0.0,0.0,0.0,0.0,0.0,0.0,0.0,0.0
1345,2026-05-14 23:06:37,2026-5-14_stair1_left.csv,stair1,0.0,0.0,3160.0,290.0,0.0,0.0,0.0,0.0,1392.0,0.0,0.0,0.0,0.0,0.0,0.0,0.0,0.0,0.0
1346,2026-05-14 23:06:37,2026-5-14_stair1_left.csv,stair1,0.0,0.0,3160.0,290.0,0.0,0.0,0.0,0.0,1392.0,0.0,0.0,0.0,0.0,0.0,0.0,0.0,0.0,0.0
1347,2026-05-14 23:06:37,2026-5-14_stair1_left.csv,stair1,0.0,0.0,3160.0,290.0,0.0,0.0,0.0,0.0,1392.0,0.0,0.0,0.0,0.0,0.0,0.0,0.0,0.0,0.0
1348,2026-05-14 23:06:37,2026-5-14_stair1_left.csv,stair1,0.0,0.0,3160.0,290.0,0.0,0.0,0.0,0.0,1392.0,0.0,0.0,0.0,0.0,0.0,0.0,0.0,0.0,0.0
1349,2026-05-14 23:06:37,2026-5-14_stair1_left.csv,stair1,0.0,0.0,3160.0,290.0,0.0,0.0,0.0,0.0,1392.0,0.0,0.0,0.0,0.0,0.0,0.0,0.0,0.0,0.0
1350,2026-05-14 23:06:37,2026-5-14_stair1_left.csv,stair1,0.0,0.0,3160.0,290.0,0.0,0.0,0.0,0.0,1392.0,0.0,0.0,0.0,0.0,0.0,0.0,0.0,0.0,0.0
1351,2026-05-14 23:06:37,2026-5-14_stair1_left.csv,stair1,0.0,0.0,3160.0,290.0,0.0,0.0,0.0,0.0,1392.0,0.0,0.0,0.0,0.0,0.0,0.0,0.0,0.0,0.0
1352,2026-05-14 23:06:37,2026-5-14_stair1_left.csv,stair1,0.0,0.0,3160.0,290.0,0.0,0.0,0.0,0.0,1392.0,0.0,0.0,0.0,0.0,0.0,0.0,0.0,0.0,0.0
1353,2026-05-14 23:06:37,2026-5-14_stair1_left.csv,stair1,0.0,0.0,3160.0,290.0,0.0,0.0,0.0,0.0,1392.0,0.0,0.0,0.0,0.0,0.0,0.0,0.0,0.0,0.0
1354,2026-05-14 23:06:37,2026-5-14_stair1_left.csv,stair1,0.0,0.0,3160.0,290.0,0.0,0.0,0.0,0.0,1392.0,0.0,0.0,0.0,0.0,0.0,0.0,0.0,0.0,0.0
1355,2026-05-14 23:06:37,2026-5-14_stair1_left.csv,stair1,0.0,0.0,3160.0,290.0,0.0,0.0,0.0,0.0,1392.0,0.0,0.0,0.0,0.0,0.0,0.0,0.0,0.0,0.0
1356,2026-05-14 23:06:37,2026-5-14_stair1_left.csv,stair1,0.0,0.0,3160.0,290.0,0.0,0.0,0.0,0.0,1392.0,0.0,0.0,0.0,0.0,0.0,0.0,0.0,0.0,0.0
1357,2026-05-14 23:06:38,2026-5-14_stair1_left.csv,stair1,0.0,0.0,3160.0,290.0,0.0,0.0,0.0,0.0,1392.0,0.0,0.0,0.0,0.0,0.0,0.0,0.0,0.0,0.0
1358,2026-05-14 23:06:38,2026-5-14_stair1_left.csv,stair1,0.0,0.0,3160.0,290.0,0.0,0.0,0.0,0.0,1392.0,0.0,0.0,0.0,0.0,0.0,0.0,0.0,0.0,0.0
1359,2026-05-14 23:06:38,2026-5-14_stair1_left.csv,stair1,0.0,0.0,3160.0,290.0,0.0,0.0,0.0,0.0,1392.0,0.0,0.0,0.0,0.0,0.0,0.0,0.0,0.0,0.0
1360,2026-05-14 23:06:38,2026-5-14_stair1_left.csv,stair1,0.0,0.0,3160.0,290.0,0.0,0.0,0.0,0.0,1392.0,0.0,0.0,0.0,0.0,0.0,0.0,0.0,0.0,0.0
1361,2026-05-14 23:06:38,2026-5-14_stair1_left.csv,stair1,0.0,0.0,3160.0,290.0,0.0,0.0,0.0,0.0,1392.0,0.0,0.0,0.0,0.0,0.0,0.0,0.0,0.0,0.0
1362,2026-05-14 23:06:38,2026-5-14_stair1_left.csv,stair1,0.0,0.0,3160.0,290.0,0.0,0.0,0.0,0.0,1392.0,0.0,0.0,0.0,0.0,0.0,0.0,0.0,0.0,0.0
1363,2026-05-14 23:06:38,2026-5-14_stair1_left.csv,stair1,0.0,0.0,3160.0,290.0,0.0,0.0,0.0,0.0,1392.0,0.0,0.0,0.0,0.0,0.0,0.0,0.0,0.0,0.0
1364,2026-05-14 23:06:38,2026-5-14_stair1_left.csv,stair1,0.0,0.0,3160.0,290.0,0.0,0.0,0.0,0.0,1392.0,0.0,0.0,0.0,0.0,0.0,0.0,0.0,0.0,0.0
1365,2026-05-14 23:06:38,2026-5-14_stair1_left.csv,stair1,0.0,0.0,3160.0,290.0,0.0,0.0,0.0,0.0,1392.0,0.0,0.0,0.0,0.0,0.0,0.0,0.0,0.0,0.0
1366,2026-05-14 23:06:38,2026-5-14_stair1_left.csv,stair1,0.0,0.0,3160.0,290.0,0.0,0.0,0.0,0.0,1392.0,0.0,0.0,0.0,0.0,0.0,0.0,0.0,0.0,0.0
1367,2026-05-14 23:06:38,2026-5-14_stair1_left.csv,stair1,0.0,0.0,3160.0,290.0,0.0,0.0,0.0,0.0,1392.0,0.0,0.0,0.0,0.0,0.0,0.0,0.0,0.0,0.0
1368,2026-05-14 23:06:38,2026-5-14_stair1_left.csv,stair1,0.0,0.0,3160.0,290.0,0.0,0.0,0.0,0.0,1392.0,0.0,0.0,0.0,0.0,0.0,0.0,0.0,0.0,0.0
1369,2026-05-14 23:06:38,2026-5-14_stair1_left.csv,stair1,0.0,0.0,3160.0,290.0,0.0,0.0,0.0,0.0,1392.0,0.0,0.0,0.0,0.0,0.0,0.0,0.0,0.0,0.0
1370,2026-05-14 23:06:38,2026-5-14_stair1_left.csv,stair1,0.0,0.0,3160.0,290.0,0.0,0.0,0.0,0.0,1392.0,0.0,0.0,0.0,0.0,0.0,0.0,0.0,0.0,0.0
1371,2026-05-14 23:06:38,2026-5-14_stair1_left.csv,stair1,0.0,0.0,3160.0,290.0,0.0,0.0,0.0,0.0,1392.0,0.0,0.0,0.0,0.0,0.0,0.0,0.0,0.0,0.0
1372,2026-05-14 23:06:38,2026-5-14_stair1_left.csv,stair1,0.0,0.0,3160.0,290.0,0.0,0.0,0.0,0.0,1392.0,0.0,0.0,0.0,0.0,0.0,0.0,0.0,0.0,0.0
1373,2026-05-14 23:06:38,2026-5-14_stair1_left.csv,stair1,0.0,0.0,3160.0,290.0,0.0,0.0,0.0,0.0,1392.0,0.0,0.0,0.0,0.0,0.0,0.0,0.0,0.0,0.0
1374,2026-05-14 23:06:38,2026-5-14_stair1_left.csv,stair1,0.0,0.0,3160.0,290.0,0.0,0.0,0.0,0.0,1392.0,0.0,0.0,0.0,0.0,0.0,0.0,0.0,0.0,0.0
1375,2026-05-14 23:06:38,2026-5-14_stair1_left.csv,stair1,0.0,0.0,3160.0,290.0,0.0,0.0,0.0,0.0,1392.0,0.0,0.0,0.0,0.0,0.0,0.0,0.0,0.0,0.0
1376,2026-05-14 23:06:38,2026-5-14_stair1_left.csv,stair1,0.0,0.0,3160.0,290.0,0.0,0.0,0.0,0.0,1392.0,0.0,0.0,0.0,0.0,0.0,0.0,0.0,0.0,0.0
1377,2026-05-14 23:06:39,2026-5-14_stair1_left.csv,stair1,0.0,0.0,3160.0,290.0,0.0,0.0,0.0,0.0,1392.0,0.0,0.0,0.0,0.0,0.0,0.0,0.0,0.0,0.0
1378,2026-05-14 23:06:39,2026-5-14_stair1_left.csv,stair1,0.0,0.0,3160.0,290.0,0.0,0.0,0.0,0.0,1392.0,0.0,0.0,0.0,0.0,0.0,0.0,0.0,0.0,0.0
1379,2026-05-14 23:06:39,2026-5-14_stair1_left.csv,stair1,0.0,0.0,3160.0,290.0,0.0,0.0,0.0,0.0,1392.0,0.0,0.0,0.0,0.0,0.0,0.0,0.0,0.0,0.0
1380,2026-05-14 23:06:39,2026-5-14_stair1_left.csv,stair1,0.0,0.0,3160.0,290.0,0.0,0.0,0.0,0.0,1392.0,0.0,0.0,0.0,0.0,0.0,0.0,0.0,0.0,0.0
1381,2026-05-14 23:06:39,2026-5-14_stair1_left.csv,stair1,0.0,0.0,3160.0,290.0,0.0,0.0,0.0,0.0,1392.0,0.0,0.0,0.0,0.0,0.0,0.0,0.0,0.0,0.0
1382,2026-05-14 23:06:39,2026-5-14_stair1_left.csv,stair1,0.0,0.0,3160.0,290.0,0.0,0.0,0.0,0.0,1392.0,0.0,0.0,0.0,0.0,0.0,0.0,0.0,0.0,0.0
1383,2026-05-14 23:06:39,2026-5-14_stair1_left.csv,stair1,0.0,0.0,3160.0,290.0,0.0,0.0,0.0,0.0,1392.0,0.0,0.0,0.0,0.0,0.0,0.0,0.0,0.0,0.0
1384,2026-05-14 23:06:39,2026-5-14_stair1_left.csv,stair1,0.0,0.0,3160.0,290.0,0.0,0.0,0.0,0.0,1392.0,0.0,0.0,0.0,0.0,0.0,0.0,0.0,0.0,0.0
1385,2026-05-14 23:06:39,2026-5-14_stair1_left.csv,stair1,0.0,0.0,3160.0,290.0,0.0,0.0,0.0,0.0,1392.0,0.0,0.0,0.0,0.0,0.0,0.0,0.0,0.0,0.0
1386,2026-05-14 23:06:39,2026-5-14_stair1_left.csv,stair1,0.0,0.0,3160.0,290.0,0.0,0.0,0.0,0.0,1392.0,0.0,0.0,0.0,0.0,0.0,0.0,0.0,0.0,0.0
1387,2026-05-14 23:06:39,2026-5-14_stair1_left.csv,stair1,0.0,0.0,3160.0,290.0,0.0,0.0,0.0,0.0,1392.0,0.0,0.0,0.0,0.0,0.0,0.0,0.0,0.0,0.0
1388,2026-05-14 23:06:39,2026-5-14_stair1_left.csv,stair1,0.0,0.0,3160.0,290.0,0.0,0.0,0.0,0.0,1392.0,0.0,0.0,0.0,0.0,0.0,0.0,0.0,0.0,0.0
1389,2026-05-14 23:06:39,2026-5-14_stair1_left.csv,stair1,0.0,0.0,3160.0,290.0,0.0,0.0,0.0,0.0,1392.0,0.0,0.0,0.0,0.0,0.0,0.0,0.0,0.0,0.0
1390,2026-05-14 23:06:39,2026-5-14_stair1_left.csv,stair1,0.0,0.0,3160.0,290.0,0.0,0.0,0.0,0.0,1392.0,0.0,0.0,0.0,0.0,0.0,0.0,0.0,0.0,0.0
1391,2026-05-14 23:06:39,2026-5-14_stair1_left.csv,stair1,0.0,0.0,3160.0,290.0,0.0,0.0,0.0,0.0,1392.0,0.0,0.0,0.0,0.0,0.0,0.0,0.0,0.0,0.0
1392,2026-05-14 23:06:39,2026-5-14_stair1_left.csv,stair1,0.0,0.0,3160.0,290.0,0.0,0.0,0.0,0.0,1392.0,0.0,0.0,0.0,0.0,0.0,0.0,0.0,0.0,0.0
1393,2026-05-14 23:06:39,2026-5-14_stair1_left.csv,stair1,0.0,0.0,3160.0,290.0,0.0,0.0,0.0,0.0,1392.0,0.0,0.0,0.0,0.0,0.0,0.0,0.0,0.0,0.0
1394,2026-05-14 23:06:39,2026-5-14_stair1_left.csv,stair1,0.0,0.0,3160.0,290.0,0.0,0.0,0.0,0.0,1392.0,0.0,0.0,0.0,0.0,0.0,0.0,0.0,0.0,0.0
1395,2026-05-14 23:06:39,2026-5-14_stair1_left.csv,stair1,0.0,0.0,3160.0,290.0,0.0,0.0,0.0,0.0,1392.0,0.0,0.0,0.0,0.0,0.0,0.0,0.0,0.0,0.0
1396,2026-05-14 23:06:39,2026-5-14_stair1_left.csv,stair1,0.0,0.0,3160.0,290.0,0.0,0.0,0.0,0.0,1392.0,0.0,0.0,0.0,0.0,0.0,0.0,0.0,0.0,0.0
1397,2026-05-14 23:06:40,2026-5-14_stair1_left.csv,stair1,0.0,0.0,3160.0,290.0,0.0,0.0,0.0,0.0,1392.0,0.0,0.0,0.0,0.0,0.0,0.0,0.0,0.0,0.0
1398,2026-05-14 23:06:40,2026-5-14_stair1_left.csv,stair1,0.0,0.0,3160.0,290.0,0.0,0.0,0.0,0.0,1392.0,0.0,0.0,0.0,0.0,0.0,0.0,0.0,0.0,0.0
1399,2026-05-14 23:06:40,2026-5-14_stair1_left.csv,stair1,0.0,0.0,3160.0,290.0,0.0,0.0,0.0,0.0,1392.0,0.0,0.0,0.0,0.0,0.0,0.0,0.0,0.0,0.0
1400,2026-05-14 23:06:40,2026-5-14_stair1_left.csv,stair1,0.0,0.0,3160.0,290.0,0.0,0.0,0.0,0.0,1392.0,0.0,0.0,0.0,0.0,0.0,0.0,0.0,0.0,0.0
1401,2026-05-14 23:06:40,2026-5-14_stair1_left.csv,stair1,0.0,0.0,3160.0,290.0,0.0,0.0,0.0,0.0,1392.0,0.0,0.0,0.0,0.0,0.0,0.0,0.0,0.0,0.0
1402,2026-05-14 23:06:40,2026-5-14_stair1_left.csv,stair1,0.0,0.0,3160.0,290.0,0.0,0.0,0.0,0.0,1392.0,0.0,0.0,0.0,0.0,0.0,0.0,0.0,0.0,0.0
1403,2026-05-14 23:06:40,2026-5-14_stair1_left.csv,stair1,0.0,0.0,3160.0,290.0,0.0,0.0,0.0,0.0,1392.0,0.0,0.0,0.0,0.0,0.0,0.0,0.0,0.0,0.0
1404,2026-05-14 23:06:40,2026-5-14_stair1_left.csv,stair1,0.0,0.0,3160.0,290.0,0.0,0.0,0.0,0.0,1392.0,0.0,0.0,0.0,0.0,0.0,0.0,0.0,0.0,0.0
1405,2026-05-14 23:06:40,2026-5-14_stair1_left.csv,stair1,0.0,0.0,3160.0,290.0,0.0,0.0,0.0,0.0,1392.0,0.0,0.0,0.0,0.0,0.0,0.0,0.0,0.0,0.0
1406,2026-05-14 23:06:40,2026-5-14_stair1_left.csv,stair1,0.0,0.0,3160.0,290.0,0.0,0.0,0.0,0.0,1392.0,0.0,0.0,0.0,0.0,0.0,0.0,0.0,0.0,0.0
1407,2026-05-14 23:06:40,2026-5-14_stair1_left.csv,stair1,0.0,0.0,3160.0,290.0,0.0,0.0,0.0,0.0,1392.0,0.0,0.0,0.0,0.0,0.0,0.0,0.0,0.0,0.0
1408,2026-05-14 23:06:40,2026-5-14_stair1_left.csv,stair1,0.0,0.0,3160.0,290.0,0.0,0.0,0.0,0.0,1392.0,0.0,0.0,0.0,0.0,0.0,0.0,0.0,0.0,0.0
1409,2026-05-14 23:06:40,2026-5-14_stair1_left.csv,stair1,0.0,0.0,3160.0,290.0,0.0,0.0,0.0,0.0,1392.0,0.0,0.0,0.0,0.0,0.0,0.0,0.0,0.0,0.0
1410,2026-05-14 23:06:40,2026-5-14_stair1_left.csv,stair1,0.0,0.0,3160.0,290.0,0.0,0.0,0.0,0.0,1392.0,0.0,0.0,0.0,0.0,0.0,0.0,0.0,0.0,0.0
1411,2026-05-14 23:06:40,2026-5-14_stair1_left.csv,stair1,0.0,0.0,3160.0,290.0,0.0,0.0,0.0,0.0,1392.0,0.0,0.0,0.0,0.0,0.0,0.0,0.0,0.0,0.0
1412,2026-05-14 23:06:40,2026-5-14_stair1_left.csv,stair1,0.0,0.0,3160.0,290.0,0.0,0.0,0.0,0.0,1392.0,0.0,0.0,0.0,0.0,0.0,0.0,0.0,0.0,0.0
1413,2026-05-14 23:06:40,2026-5-14_stair1_left.csv,stair1,0.0,0.0,3160.0,290.0,0.0,0.0,0.0,0.0,1392.0,0.0,0.0,0.0,0.0,0.0,0.0,0.0,0.0,0.0
1414,2026-05-14 23:06:40,2026-5-14_stair1_left.csv,stair1,0.0,0.0,3160.0,290.0,0.0,0.0,0.0,0.0,1392.0,0.0,0.0,0.0,0.0,0.0,0.0,0.0,0.0,0.0
1415,2026-05-14 23:06:40,2026-5-14_stair1_left.csv,stair1,0.0,0.0,3160.0,290.0,0.0,0.0,0.0,0.0,1392.0,0.0,0.0,0.0,0.0,0.0,0.0,0.0,0.0,0.0
1416,2026-05-14 23:06:40,2026-5-14_stair1_left.csv,stair1,0.0,0.0,3160.0,290.0,0.0,0.0,0.0,0.0,1392.0,0.0,0.0,0.0,0.0,0.0,0.0,0.0,0.0,0.0
1417,2026-05-14 23:06:41,2026-5-14_stair1_left.csv,stair1,0.0,0.0,3160.0,290.0,0.0,0.0,0.0,0.0,1392.0,0.0,0.0,0.0,0.0,0.0,0.0,0.0,0.0,0.0
1418,2026-05-14 23:06:41,2026-5-14_stair1_left.csv,stair1,0.0,0.0,3160.0,290.0,0.0,0.0,0.0,0.0,1392.0,0.0,0.0,0.0,0.0,0.0,0.0,0.0,0.0,0.0
1419,2026-05-14 23:06:41,2026-5-14_stair1_left.csv,stair1,0.0,0.0,3160.0,290.0,0.0,0.0,0.0,0.0,1392.0,0.0,0.0,0.0,0.0,0.0,0.0,0.0,0.0,0.0
1420,2026-05-14 23:06:41,2026-5-14_stair1_left.csv,stair1,0.0,0.0,3160.0,290.0,0.0,0.0,0.0,0.0,1392.0,0.0,0.0,0.0,0.0,0.0,0.0,0.0,0.0,0.0
1421,2026-05-14 23:06:41,2026-5-14_stair1_left.csv,stair1,0.0,0.0,3160.0,290.0,0.0,0.0,0.0,0.0,1392.0,0.0,0.0,0.0,0.0,0.0,0.0,0.0,0.0,0.0
1422,2026-05-14 23:06:41,2026-5-14_stair1_left.csv,stair1,0.0,0.0,3160.0,290.0,0.0,0.0,0.0,0.0,1392.0,0.0,0.0,0.0,0.0,0.0,0.0,0.0,0.0,0.0
1423,2026-05-14 23:06:41,2026-5-14_stair1_left.csv,stair1,0.0,0.0,3160.0,290.0,0.0,0.0,0.0,0.0,1392.0,0.0,0.0,0.0,0.0,0.0,0.0,0.0,0.0,0.0
1424,2026-05-14 23:06:41,2026-5-14_stair1_left.csv,stair1,0.0,0.0,3160.0,290.0,0.0,0.0,0.0,0.0,1392.0,0.0,0.0,0.0,0.0,0.0,0.0,0.0,0.0,0.0
1425,2026-05-14 23:06:41,2026-5-14_stair1_left.csv,stair1,0.0,0.0,3160.0,290.0,0.0,0.0,0.0,0.0,1392.0,0.0,0.0,0.0,0.0,0.0,0.0,0.0,0.0,0.0
1426,2026-05-14 23:06:41,2026-5-14_stair1_left.csv,stair1,0.0,0.0,3160.0,290.0,0.0,0.0,0.0,0.0,1392.0,0.0,0.0,0.0,0.0,0.0,0.0,0.0,0.0,0.0
1427,2026-05-14 23:06:41,2026-5-14_stair1_left.csv,stair1,0.0,0.0,3160.0,290.0,0.0,0.0,0.0,0.0,1392.0,0.0,0.0,0.0,0.0,0.0,0.0,0.0,0.0,0.0
1428,2026-05-14 23:06:41,2026-5-14_stair1_left.csv,stair1,0.0,0.0,3160.0,290.0,0.0,0.0,0.0,0.0,1392.0,0.0,0.0,0.0,0.0,0.0,0.0,0.0,0.0,0.0
1429,2026-05-14 23:06:41,2026-5-14_stair1_left.csv,stair1,0.0,0.0,3160.0,290.0,0.0,0.0,0.0,0.0,1392.0,0.0,0.0,0.0,0.0,0.0,0.0,0.0,0.0,0.0
1430,2026-05-14 23:06:41,2026-5-14_stair1_left.csv,stair1,0.0,0.0,3160.0,290.0,0.0,0.0,0.0,0.0,1392.0,0.0,0.0,0.0,0.0,0.0,0.0,0.0,0.0,0.0
1431,2026-05-14 23:06:41,2026-5-14_stair1_left.csv,stair1,0.0,0.0,3160.0,290.0,0.0,0.0,0.0,0.0,1392.0,0.0,0.0,0.0,0.0,0.0,0.0,0.0,0.0,0.0
1432,2026-05-14 23:06:41,2026-5-14_stair1_left.csv,stair1,0.0,0.0,3160.0,290.0,0.0,0.0,0.0,0.0,1392.0,0.0,0.0,0.0,0.0,0.0,0.0,0.0,0.0,0.0
1433,2026-05-14 23:06:41,2026-5-14_stair1_left.csv,stair1,0.0,0.0,3160.0,290.0,0.0,0.0,0.0,0.0,1392.0,0.0,0.0,0.0,0.0,0.0,0.0,0.0,0.0,0.0
1434,2026-05-14 23:06:41,2026-5-14_stair1_left.csv,stair1,0.0,0.0,3160.0,290.0,0.0,0.0,0.0,0.0,1392.0,0.0,0.0,0.0,0.0,0.0,0.0,0.0,0.0,0.0
1435,2026-05-14 23:06:41,2026-5-14_stair1_left.csv,stair1,0.0,0.0,3160.0,290.0,0.0,0.0,0.0,0.0,1392.0,0.0,0.0,0.0,0.0,0.0,0.0,0.0,0.0,0.0
1436,2026-05-14 23:06:41,2026-5-14_stair1_left.csv,stair1,0.0,0.0,3160.0,290.0,0.0,0.0,0.0,0.0,1392.0,0.0,0.0,0.0,0.0,0.0,0.0,0.0,0.0,0.0
1437,2026-05-14 23:06:42,2026-5-14_stair1_left.csv,stair1,0.0,0.0,3160.0,290.0,0.0,0.0,0.0,0.0,1392.0,0.0,0.0,0.0,0.0,0.0,0.0,0.0,0.0,0.0
1438,2026-05-14 23:06:42,2026-5-14_stair1_left.csv,stair1,0.0,0.0,3160.0,290.0,0.0,0.0,0.0,0.0,1392.0,0.0,0.0,0.0,0.0,0.0,0.0,0.0,0.0,0.0
1439,2026-05-14 23:06:42,2026-5-14_stair1_left.csv,stair1,0.0,0.0,3160.0,290.0,0.0,0.0,0.0,0.0,1392.0,0.0,0.0,0.0,0.0,0.0,0.0,0.0,0.0,0.0
1440,2026-05-14 23:06:42,2026-5-14_stair1_left.csv,stair1,0.0,0.0,3160.0,290.0,0.0,0.0,0.0,0.0,1392.0,0.0,0.0,0.0,0.0,0.0,0.0,0.0,0.0,0.0
1441,2026-05-14 23:06:42,2026-5-14_stair1_left.csv,stair1,0.0,0.0,3160.0,290.0,0.0,0.0,0.0,0.0,1392.0,0.0,0.0,0.0,0.0,0.0,0.0,0.0,0.0,0.0
1442,2026-05-14 23:06:42,2026-5-14_stair1_left.csv,stair1,0.0,0.0,3160.0,290.0,0.0,0.0,0.0,0.0,1392.0,0.0,0.0,0.0,0.0,0.0,0.0,0.0,0.0,0.0
1443,2026-05-14 23:06:42,2026-5-14_stair1_left.csv,stair1,0.0,0.0,3160.0,290.0,0.0,0.0,0.0,0.0,1392.0,0.0,0.0,0.0,0.0,0.0,0.0,0.0,0.0,0.0
1444,2026-05-14 23:06:42,2026-5-14_stair1_left.csv,stair1,0.0,0.0,3160.0,290.0,0.0,0.0,0.0,0.0,1392.0,0.0,0.0,0.0,0.0,0.0,0.0,0.0,0.0,0.0
1445,2026-05-14 23:06:42,2026-5-14_stair1_left.csv,stair1,0.0,0.0,3160.0,290.0,0.0,0.0,0.0,0.0,1392.0,0.0,0.0,0.0,0.0,0.0,0.0,0.0,0.0,0.0
1446,2026-05-14 23:06:42,2026-5-14_stair1_left.csv,stair1,0.0,0.0,3160.0,290.0,0.0,0.0,0.0,0.0,1392.0,0.0,0.0,0.0,0.0,0.0,0.0,0.0,0.0,0.0
1447,2026-05-14 23:06:42,2026-5-14_stair1_left.csv,stair1,0.0,0.0,3160.0,290.0,0.0,0.0,0.0,0.0,1392.0,0.0,0.0,0.0,0.0,0.0,0.0,0.0,0.0,0.0
1448,2026-05-14 23:06:42,2026-5-14_stair1_left.csv,stair1,0.0,0.0,3160.0,290.0,0.0,0.0,0.0,0.0,1392.0,0.0,0.0,0.0,0.0,0.0,0.0,0.0,0.0,0.0
1449,2026-05-14 23:06:42,2026-5-14_stair1_left.csv,stair1,0.0,0.0,3160.0,290.0,0.0,0.0,0.0,0.0,1392.0,0.0,0.0,0.0,0.0,0.0,0.0,0.0,0.0,0.0
1450,2026-05-14 23:06:42,2026-5-14_stair1_left.csv,stair1,0.0,0.0,3160.0,290.0,0.0,0.0,0.0,0.0,1392.0,0.0,0.0,0.0,0.0,0.0,0.0,0.0,0.0,0.0
1451,2026-05-14 23:06:42,2026-5-14_stair1_left.csv,stair1,0.0,0.0,3160.0,290.0,0.0,0.0,0.0,0.0,1392.0,0.0,0.0,0.0,0.0,0.0,0.0,0.0,0.0,0.0
1452,2026-05-14 23:06:42,2026-5-14_stair1_left.csv,stair1,0.0,0.0,3160.0,290.0,0.0,0.0,0.0,0.0,1392.0,0.0,0.0,0.0,0.0,0.0,0.0,0.0,0.0,0.0
1453,2026-05-14 23:06:42,2026-5-14_stair1_left.csv,stair1,0.0,0.0,3160.0,290.0,0.0,0.0,0.0,0.0,1392.0,0.0,0.0,0.0,0.0,0.0,0.0,0.0,0.0,0.0
1454,2026-05-14 23:06:42,2026-5-14_stair1_left.csv,stair1,0.0,0.0,3160.0,290.0,0.0,0.0,0.0,0.0,1392.0,0.0,0.0,0.0,0.0,0.0,0.0,0.0,0.0,0.0
1455,2026-05-14 23:06:42,2026-5-14_stair1_left.csv,stair1,0.0,0.0,3160.0,290.0,0.0,0.0,0.0,0.0,1392.0,0.0,0.0,0.0,0.0,0.0,0.0,0.0,0.0,0.0
1456,2026-05-14 23:06:42,2026-5-14_stair1_left.csv,stair1,0.0,0.0,3160.0,290.0,0.0,0.0,0.0,0.0,1392.0,0.0,0.0,0.0,0.0,0.0,0.0,0.0,0.0,0.0
1457,2026-05-14 23:06:43,2026-5-14_stair1_left.csv,stair1,0.0,0.0,3160.0,290.0,0.0,0.0,0.0,0.0,1392.0,0.0,0.0,0.0,0.0,0.0,0.0,0.0,0.0,0.0
1458,2026-05-14 23:06:43,2026-5-14_stair1_left.csv,stair1,0.0,0.0,3160.0,290.0,0.0,0.0,0.0,0.0,1392.0,0.0,0.0,0.0,0.0,0.0,0.0,0.0,0.0,0.0
1459,2026-05-14 23:06:43,2026-5-14_stair1_left.csv,stair1,0.0,0.0,3160.0,290.0,0.0,0.0,0.0,0.0,1392.0,0.0,0.0,0.0,0.0,0.0,0.0,0.0,0.0,0.0
1460,2026-05-14 23:06:43,2026-5-14_stair1_left.csv,stair1,0.0,0.0,3160.0,290.0,0.0,0.0,0.0,0.0,1392.0,0.0,0.0,0.0,0.0,0.0,0.0,0.0,0.0,0.0
1461,2026-05-14 23:06:43,2026-5-14_stair1_left.csv,stair1,0.0,0.0,3160.0,290.0,0.0,0.0,0.0,0.0,1392.0,0.0,0.0,0.0,0.0,0.0,0.0,0.0,0.0,0.0
1462,2026-05-14 23:06:43,2026-5-14_stair1_left.csv,stair1,0.0,0.0,3160.0,290.0,0.0,0.0,0.0,0.0,1392.0,0.0,0.0,0.0,0.0,0.0,0.0,0.0,0.0,0.0
1463,2026-05-14 23:06:43,2026-5-14_stair1_left.csv,stair1,0.0,0.0,3160.0,290.0,0.0,0.0,0.0,0.0,1392.0,0.0,0.0,0.0,0.0,0.0,0.0,0.0,0.0,0.0
1464,2026-05-14 23:06:43,2026-5-14_stair1_left.csv,stair1,0.0,0.0,3160.0,290.0,0.0,0.0,0.0,0.0,1392.0,0.0,0.0,0.0,0.0,0.0,0.0,0.0,0.0,0.0
1465,2026-05-14 23:06:43,2026-5-14_stair1_left.csv,stair1,0.0,0.0,3160.0,290.0,0.0,0.0,0.0,0.0,1392.0,0.0,0.0,0.0,0.0,0.0,0.0,0.0,0.0,0.0
1466,2026-05-14 23:06:43,2026-5-14_stair1_left.csv,stair1,0.0,0.0,3160.0,290.0,0.0,0.0,0.0,0.0,1392.0,0.0,0.0,0.0,0.0,0.0,0.0,0.0,0.0,0.0
1467,2026-05-14 23:06:43,2026-5-14_stair1_left.csv,stair1,0.0,0.0,3160.0,290.0,0.0,0.0,0.0,0.0,1392.0,0.0,0.0,0.0,0.0,0.0,0.0,0.0,0.0,0.0
1468,2026-05-14 23:06:43,2026-5-14_stair1_left.csv,stair1,0.0,0.0,3160.0,290.0,0.0,0.0,0.0,0.0,1392.0,0.0,0.0,0.0,0.0,0.0,0.0,0.0,0.0,0.0
1469,2026-05-14 23:06:43,2026-5-14_stair1_left.csv,stair1,0.0,0.0,3160.0,290.0,0.0,0.0,0.0,0.0,1392.0,0.0,0.0,0.0,0.0,0.0,0.0,0.0,0.0,0.0
1470,2026-05-14 23:06:43,2026-5-14_stair1_left.csv,stair1,0.0,0.0,3160.0,290.0,0.0,0.0,0.0,0.0,1392.0,0.0,0.0,0.0,0.0,0.0,0.0,0.0,0.0,0.0
1471,2026-05-14 23:06:43,2026-5-14_stair1_left.csv,stair1,0.0,0.0,3160.0,290.0,0.0,0.0,0.0,0.0,1392.0,0.0,0.0,0.0,0.0,0.0,0.0,0.0,0.0,0.0
1472,2026-05-14 23:06:43,2026-5-14_stair1_left.csv,stair1,0.0,0.0,3160.0,290.0,0.0,0.0,0.0,0.0,1392.0,0.0,0.0,0.0,0.0,0.0,0.0,0.0,0.0,0.0
1473,2026-05-14 23:06:43,2026-5-14_stair1_left.csv,stair1,0.0,0.0,3160.0,290.0,0.0,0.0,0.0,0.0,1392.0,0.0,0.0,0.0,0.0,0.0,0.0,0.0,0.0,0.0
1474,2026-05-14 23:06:43,2026-5-14_stair1_left.csv,stair1,0.0,0.0,3160.0,290.0,0.0,0.0,0.0,0.0,1392.0,0.0,0.0,0.0,0.0,0.0,0.0,0.0,0.0,0.0
1475,2026-05-14 23:06:43,2026-5-14_stair1_left.csv,stair1,0.0,0.0,3160.0,290.0,0.0,0.0,0.0,0.0,1392.0,0.0,0.0,0.0,0.0,0.0,0.0,0.0,0.0,0.0
1476,2026-05-14 23:06:43,2026-5-14_stair1_left.csv,stair1,0.0,0.0,3160.0,290.0,0.0,0.0,0.0,0.0,1392.0,0.0,0.0,0.0,0.0,0.0,0.0,0.0,0.0,0.0
1477,2026-05-14 23:06:44,2026-5-14_stair1_left.csv,stair1,0.0,0.0,3160.0,290.0,0.0,0.0,0.0,0.0,1392.0,0.0,0.0,0.0,0.0,0.0,0.0,0.0,0.0,0.0
1478,2026-05-14 23:06:44,2026-5-14_stair1_left.csv,stair1,0.0,0.0,3160.0,290.0,0.0,0.0,0.0,0.0,1392.0,0.0,0.0,0.0,0.0,0.0,0.0,0.0,0.0,0.0
1479,2026-05-14 23:06:44,2026-5-14_stair1_left.csv,stair1,0.0,0.0,3160.0,290.0,0.0,0.0,0.0,0.0,1392.0,0.0,0.0,0.0,0.0,0.0,0.0,0.0,0.0,0.0
1480,2026-05-14 23:06:44,2026-5-14_stair1_left.csv,stair1,0.0,0.0,3160.0,290.0,0.0,0.0,0.0,0.0,1392.0,0.0,0.0,0.0,0.0,0.0,0.0,0.0,0.0,0.0
1481,2026-05-14 23:06:44,2026-5-14_stair1_left.csv,stair1,0.0,0.0,3160.0,290.0,0.0,0.0,0.0,0.0,1392.0,0.0,0.0,0.0,0.0,0.0,0.0,0.0,0.0,0.0
1482,2026-05-14 23:06:44,2026-5-14_stair1_left.csv,stair1,0.0,0.0,3160.0,290.0,0.0,0.0,0.0,0.0,1392.0,0.0,0.0,0.0,0.0,0.0,0.0,0.0,0.0,0.0
1483,2026-05-14 23:06:44,2026-5-14_stair1_left.csv,stair1,0.0,0.0,3160.0,290.0,0.0,0.0,0.0,0.0,1392.0,0.0,0.0,0.0,0.0,0.0,0.0,0.0,0.0,0.0
1484,2026-05-14 23:06:44,2026-5-14_stair1_left.csv,stair1,0.0,0.0,3160.0,290.0,0.0,0.0,0.0,0.0,1392.0,0.0,0.0,0.0,0.0,0.0,0.0,0.0,0.0,0.0
1485,2026-05-14 23:06:44,2026-5-14_stair1_left.csv,stair1,0.0,0.0,3160.0,290.0,0.0,0.0,0.0,0.0,1392.0,0.0,0.0,0.0,0.0,0.0,0.0,0.0,0.0,0.0
1486,2026-05-14 23:06:44,2026-5-14_stair1_left.csv,stair1,0.0,0.0,3160.0,290.0,0.0,0.0,0.0,0.0,1392.0,0.0,0.0,0.0,0.0,0.0,0.0,0.0,0.0,0.0
1487,2026-05-14 23:06:44,2026-5-14_stair1_left.csv,stair1,0.0,0.0,3160.0,290.0,0.0,0.0,0.0,0.0,1392.0,0.0,0.0,0.0,0.0,0.0,0.0,0.0,0.0,0.0
1488,2026-05-14 23:06:44,2026-5-14_stair1_left.csv,stair1,0.0,0.0,3160.0,290.0,0.0,0.0,0.0,0.0,1392.0,0.0,0.0,0.0,0.0,0.0,0.0,0.0,0.0,0.0
1489,2026-05-14 23:06:44,2026-5-14_stair1_left.csv,stair1,0.0,0.0,3160.0,290.0,0.0,0.0,0.0,0.0,1392.0,0.0,0.0,0.0,0.0,0.0,0.0,0.0,0.0,0.0
1490,2026-05-14 23:06:44,2026-5-14_stair1_left.csv,stair1,0.0,0.0,3160.0,290.0,0.0,0.0,0.0,0.0,1392.0,0.0,0.0,0.0,0.0,0.0,0.0,0.0,0.0,0.0
1491,2026-05-14 23:06:44,2026-5-14_stair1_left.csv,stair1,0.0,0.0,3160.0,290.0,0.0,0.0,0.0,0.0,1392.0,0.0,0.0,0.0,0.0,0.0,0.0,0.0,0.0,0.0
1492,2026-05-14 23:06:44,2026-5-14_stair1_left.csv,stair1,0.0,0.0,3160.0,290.0,0.0,0.0,0.0,0.0,1392.0,0.0,0.0,0.0,0.0,0.0,0.0,0.0,0.0,0.0
1493,2026-05-14 23:06:44,2026-5-14_stair1_left.csv,stair1,0.0,0.0,3160.0,290.0,0.0,0.0,0.0,0.0,1392.0,0.0,0.0,0.0,0.0,0.0,0.0,0.0,0.0,0.0
1494,2026-05-14 23:06:44,2026-5-14_stair1_left.csv,stair1,0.0,0.0,3160.0,290.0,0.0,0.0,0.0,0.0,1392.0,0.0,0.0,0.0,0.0,0.0,0.0,0.0,0.0,0.0
1495,2026-05-14 23:06:44,2026-5-14_stair1_left.csv,stair1,0.0,0.0,3160.0,290.0,0.0,0.0,0.0,0.0,1392.0,0.0,0.0,0.0,0.0,0.0,0.0,0.0,0.0,0.0
1496,2026-05-14 23:06:44,2026-5-14_stair1_left.csv,stair1,0.0,0.0,3160.0,290.0,0.0,0.0,0.0,0.0,1392.0,0.0,0.0,0.0,0.0,0.0,0.0,0.0,0.0,0.0
1497,2026-05-14 23:06:45,2026-5-14_stair1_left.csv,stair1,0.0,0.0,3160.0,290.0,0.0,0.0,0.0,0.0,1392.0,0.0,0.0,0.0,0.0,0.0,0.0,0.0,0.0,0.0
1498,2026-05-14 23:06:45,2026-5-14_stair1_left.csv,stair1,0.0,0.0,3160.0,290.0,0.0,0.0,0.0,0.0,1392.0,0.0,0.0,0.0,0.0,0.0,0.0,0.0,0.0,0.0
1499,2026-05-14 23:06:45,2026-5-14_stair1_left.csv,stair1,0.0,0.0,3160.0,290.0,0.0,0.0,0.0,0.0,1392.0,0.0,0.0,0.0,0.0,0.0,0.0,0.0,0.0,0.0
1500,2026-05-14 23:06:45,2026-5-14_stair1_left.csv,stair1,0.0,0.0,3160.0,290.0,0.0,0.0,0.0,0.0,1392.0,0.0,0.0,0.0,0.0,0.0,0.0,0.0,0.0,0.0
1501,2026-05-14 23:06:45,2026-5-14_stair1_left.csv,stair1,0.0,0.0,3160.0,290.0,0.0,0.0,0.0,0.0,1392.0,0.0,0.0,0.0,0.0,0.0,0.0,0.0,0.0,0.0
1502,2026-05-14 23:06:45,2026-5-14_stair1_left.csv,stair1,0.0,0.0,3160.0,290.0,0.0,0.0,0.0,0.0,1392.0,0.0,0.0,0.0,0.0,0.0,0.0,0.0,0.0,0.0
1503,2026-05-14 23:06:45,2026-5-14_stair1_left.csv,stair1,0.0,0.0,3160.0,290.0,0.0,0.0,0.0,0.0,1392.0,0.0,0.0,0.0,0.0,0.0,0.0,0.0,0.0,0.0
1504,2026-05-14 23:06:45,2026-5-14_stair1_left.csv,stair1,0.0,0.0,3160.0,290.0,0.0,0.0,0.0,0.0,1392.0,0.0,0.0,0.0,0.0,0.0,0.0,0.0,0.0,0.0
1505,2026-05-14 23:06:45,2026-5-14_stair1_left.csv,stair1,0.0,0.0,3160.0,290.0,0.0,0.0,0.0,0.0,1392.0,0.0,0.0,0.0,0.0,0.0,0.0,0.0,0.0,0.0
1506,2026-05-14 23:06:45,2026-5-14_stair1_left.csv,stair1,0.0,0.0,3160.0,290.0,0.0,0.0,0.0,0.0,1392.0,0.0,0.0,0.0,0.0,0.0,0.0,0.0,0.0,0.0
1507,2026-05-14 23:06:45,2026-5-14_stair1_left.csv,stair1,0.0,0.0,3160.0,290.0,0.0,0.0,0.0,0.0,1392.0,0.0,0.0,0.0,0.0,0.0,0.0,0.0,0.0,0.0
1508,2026-05-14 23:06:45,2026-5-14_stair1_left.csv,stair1,0.0,0.0,3160.0,290.0,0.0,0.0,0.0,0.0,1392.0,0.0,0.0,0.0,0.0,0.0,0.0,0.0,0.0,0.0
1509,2026-05-14 23:06:45,2026-5-14_stair1_left.csv,stair1,0.0,0.0,3160.0,290.0,0.0,0.0,0.0,0.0,1392.0,0.0,0.0,0.0,0.0,0.0,0.0,0.0,0.0,0.0
1510,2026-05-14 23:06:45,2026-5-14_stair1_left.csv,stair1,0.0,0.0,3160.0,290.0,0.0,0.0,0.0,0.0,1392.0,0.0,0.0,0.0,0.0,0.0,0.0,0.0,0.0,0.0
1511,2026-05-14 23:06:45,2026-5-14_stair1_left.csv,stair1,0.0,0.0,3160.0,290.0,0.0,0.0,0.0,0.0,1392.0,0.0,0.0,0.0,0.0,0.0,0.0,0.0,0.0,0.0
1512,2026-05-14 23:06:45,2026-5-14_stair1_left.csv,stair1,0.0,0.0,3160.0,290.0,0.0,0.0,0.0,0.0,1392.0,0.0,0.0,0.0,0.0,0.0,0.0,0.0,0.0,0.0
1513,2026-05-14 23:06:45,2026-5-14_stair1_left.csv,stair1,0.0,0.0,3160.0,290.0,0.0,0.0,0.0,0.0,1392.0,0.0,0.0,0.0,0.0,0.0,0.0,0.0,0.0,0.0
1514,2026-05-14 23:06:45,2026-5-14_stair1_left.csv,stair1,0.0,0.0,3160.0,290.0,0.0,0.0,0.0,0.0,1392.0,0.0,0.0,0.0,0.0,0.0,0.0,0.0,0.0,0.0
1515,2026-05-14 23:06:45,2026-5-14_stair1_left.csv,stair1,0.0,0.0,3160.0,290.0,0.0,0.0,0.0,0.0,1392.0,0.0,0.0,0.0,0.0,0.0,0.0,0.0,0.0,0.0
1516,2026-05-14 23:06:45,2026-5-14_stair1_left.csv,stair1,0.0,0.0,3160.0,290.0,0.0,0.0,0.0,0.0,1392.0,0.0,0.0,0.0,0.0,0.0,0.0,0.0,0.0,0.0
1517,2026-05-14 23:06:46,2026-5-14_stair1_left.csv,stair1,0.0,0.0,3160.0,290.0,0.0,0.0,0.0,0.0,1392.0,0.0,0.0,0.0,0.0,0.0,0.0,0.0,0.0,0.0
1518,2026-05-14 23:06:46,2026-5-14_stair1_left.csv,stair1,0.0,0.0,3160.0,290.0,0.0,0.0,0.0,0.0,1392.0,0.0,0.0,0.0,0.0,0.0,0.0,0.0,0.0,0.0
1519,2026-05-14 23:06:46,2026-5-14_stair1_left.csv,stair1,0.0,0.0,3160.0,290.0,0.0,0.0,0.0,0.0,1392.0,0.0,0.0,0.0,0.0,0.0,0.0,0.0,0.0,0.0
1520,2026-05-14 23:06:46,2026-5-14_stair1_left.csv,stair1,0.0,0.0,3160.0,290.0,0.0,0.0,0.0,0.0,1392.0,0.0,0.0,0.0,0.0,0.0,0.0,0.0,0.0,0.0
1521,2026-05-14 23:06:46,2026-5-14_stair1_left.csv,stair1,0.0,0.0,3160.0,290.0,0.0,0.0,0.0,0.0,1392.0,0.0,0.0,0.0,0.0,0.0,0.0,0.0,0.0,0.0
1522,2026-05-14 23:06:46,2026-5-14_stair1_left.csv,stair1,0.0,0.0,3160.0,290.0,0.0,0.0,0.0,0.0,1392.0,0.0,0.0,0.0,0.0,0.0,0.0,0.0,0.0,0.0
1523,2026-05-14 23:06:46,2026-5-14_stair1_left.csv,stair1,0.0,0.0,3160.0,290.0,0.0,0.0,0.0,0.0,1392.0,0.0,0.0,0.0,0.0,0.0,0.0,0.0,0.0,0.0
1524,2026-05-14 23:06:46,2026-5-14_stair1_left.csv,stair1,0.0,0.0,3160.0,290.0,0.0,0.0,0.0,0.0,1392.0,0.0,0.0,0.0,0.0,0.0,0.0,0.0,0.0,0.0
1525,2026-05-14 23:06:46,2026-5-14_stair1_left.csv,stair1,0.0,0.0,3160.0,290.0,0.0,0.0,0.0,0.0,1392.0,0.0,0.0,0.0,0.0,0.0,0.0,0.0,0.0,0.0
1526,2026-05-14 23:06:46,2026-5-14_stair1_left.csv,stair1,0.0,0.0,3160.0,290.0,0.0,0.0,0.0,0.0,1392.0,0.0,0.0,0.0,0.0,0.0,0.0,0.0,0.0,0.0
1527,2026-05-14 23:06:46,2026-5-14_stair1_left.csv,stair1,0.0,0.0,3160.0,290.0,0.0,0.0,0.0,0.0,1392.0,0.0,0.0,0.0,0.0,0.0,0.0,0.0,0.0,0.0
1528,2026-05-14 23:06:46,2026-5-14_stair1_left.csv,stair1,0.0,0.0,3160.0,290.0,0.0,0.0,0.0,0.0,1392.0,0.0,0.0,0.0,0.0,0.0,0.0,0.0,0.0,0.0
1529,2026-05-14 23:06:46,2026-5-14_stair1_left.csv,stair1,0.0,0.0,3160.0,290.0,0.0,0.0,0.0,0.0,1392.0,0.0,0.0,0.0,0.0,0.0,0.0,0.0,0.0,0.0
1530,2026-05-14 23:06:46,2026-5-14_stair1_left.csv,stair1,0.0,0.0,3160.0,290.0,0.0,0.0,0.0,0.0,1392.0,0.0,0.0,0.0,0.0,0.0,0.0,0.0,0.0,0.0
1531,2026-05-14 23:06:46,2026-5-14_stair1_left.csv,stair1,0.0,0.0,3160.0,290.0,0.0,0.0,0.0,0.0,1392.0,0.0,0.0,0.0,0.0,0.0,0.0,0.0,0.0,0.0
1532,2026-05-14 23:06:46,2026-5-14_stair1_left.csv,stair1,0.0,0.0,3160.0,290.0,0.0,0.0,0.0,0.0,1392.0,0.0,0.0,0.0,0.0,0.0,0.0,0.0,0.0,0.0
1533,2026-05-14 23:06:46,2026-5-14_stair1_left.csv,stair1,0.0,0.0,3160.0,290.0,0.0,0.0,0.0,0.0,1392.0,0.0,0.0,0.0,0.0,0.0,0.0,0.0,0.0,0.0
1534,2026-05-14 23:06:46,2026-5-14_stair1_left.csv,stair1,0.0,0.0,3160.0,290.0,0.0,0.0,0.0,0.0,1392.0,0.0,0.0,0.0,0.0,0.0,0.0,0.0,0.0,0.0
1535,2026-05-14 23:06:46,2026-5-14_stair1_left.csv,stair1,0.0,0.0,3160.0,290.0,0.0,0.0,0.0,0.0,1392.0,0.0,0.0,0.0,0.0,0.0,0.0,0.0,0.0,0.0
1536,2026-05-14 23:06:46,2026-5-14_stair1_left.csv,stair1,0.0,0.0,3160.0,290.0,0.0,0.0,0.0,0.0,1392.0,0.0,0.0,0.0,0.0,0.0,0.0,0.0,0.0,0.0
1537,2026-05-14 23:06:47,2026-5-14_stair1_left.csv,stair1,0.0,0.0,3160.0,290.0,0.0,0.0,0.0,0.0,1392.0,0.0,0.0,0.0,0.0,0.0,0.0,0.0,0.0,0.0
1538,2026-05-14 23:06:47,2026-5-14_stair1_left.csv,stair1,0.0,0.0,3160.0,290.0,0.0,0.0,0.0,0.0,1392.0,0.0,0.0,0.0,0.0,0.0,0.0,0.0,0.0,0.0
1539,2026-05-14 23:06:47,2026-5-14_stair1_left.csv,stair1,0.0,0.0,3160.0,290.0,0.0,0.0,0.0,0.0,1392.0,0.0,0.0,0.0,0.0,0.0,0.0,0.0,0.0,0.0
1540,2026-05-14 23:06:47,2026-5-14_stair1_left.csv,stair1,0.0,0.0,3160.0,290.0,0.0,0.0,0.0,0.0,1392.0,0.0,0.0,0.0,0.0,0.0,0.0,0.0,0.0,0.0
1541,2026-05-14 23:06:47,2026-5-14_stair1_left.csv,stair1,0.0,0.0,3160.0,290.0,0.0,0.0,0.0,0.0,1392.0,0.0,0.0,0.0,0.0,0.0,0.0,0.0,0.0,0.0
1542,2026-05-14 23:06:47,2026-5-14_stair1_left.csv,stair1,0.0,0.0,3160.0,290.0,0.0,0.0,0.0,0.0,1392.0,0.0,0.0,0.0,0.0,0.0,0.0,0.0,0.0,0.0
1543,2026-05-14 23:06:47,2026-5-14_stair1_left.csv,stair1,0.0,0.0,3160.0,290.0,0.0,0.0,0.0,0.0,1392.0,0.0,0.0,0.0,0.0,0.0,0.0,0.0,0.0,0.0
1544,2026-05-14 23:06:47,2026-5-14_stair1_left.csv,stair1,0.0,0.0,3160.0,290.0,0.0,0.0,0.0,0.0,1392.0,0.0,0.0,0.0,0.0,0.0,0.0,0.0,0.0,0.0
1545,2026-05-14 23:06:47,2026-5-14_stair1_left.csv,stair1,0.0,0.0,3160.0,290.0,0.0,0.0,0.0,0.0,1392.0,0.0,0.0,0.0,0.0,0.0,0.0,0.0,0.0,0.0
1546,2026-05-14 23:06:47,2026-5-14_stair1_left.csv,stair1,0.0,0.0,3160.0,290.0,0.0,0.0,0.0,0.0,1392.0,0.0,0.0,0.0,0.0,0.0,0.0,0.0,0.0,0.0
1547,2026-05-14 23:06:47,2026-5-14_stair1_left.csv,stair1,0.0,0.0,3160.0,290.0,0.0,0.0,0.0,0.0,1392.0,0.0,0.0,0.0,0.0,0.0,0.0,0.0,0.0,0.0
1548,2026-05-14 23:06:47,2026-5-14_stair1_left.csv,stair1,0.0,0.0,3160.0,290.0,0.0,0.0,0.0,0.0,1392.0,0.0,0.0,0.0,0.0,0.0,0.0,0.0,0.0,0.0
1549,2026-05-14 23:06:47,2026-5-14_stair1_left.csv,stair1,0.0,0.0,3160.0,290.0,0.0,0.0,0.0,0.0,1392.0,0.0,0.0,0.0,0.0,0.0,0.0,0.0,0.0,0.0
1550,2026-05-14 23:06:47,2026-5-14_stair1_left.csv,stair1,0.0,0.0,3160.0,290.0,0.0,0.0,0.0,0.0,1392.0,0.0,0.0,0.0,0.0,0.0,0.0,0.0,0.0,0.0
1551,2026-05-14 23:06:47,2026-5-14_stair1_left.csv,stair1,0.0,0.0,3160.0,290.0,0.0,0.0,0.0,0.0,1392.0,0.0,0.0,0.0,0.0,0.0,0.0,0.0,0.0,0.0
1552,2026-05-14 23:06:47,2026-5-14_stair1_left.csv,stair1,0.0,0.0,3160.0,290.0,0.0,0.0,0.0,0.0,1392.0,0.0,0.0,0.0,0.0,0.0,0.0,0.0,0.0,0.0
1553,2026-05-14 23:06:47,2026-5-14_stair1_left.csv,stair1,0.0,0.0,3160.0,290.0,0.0,0.0,0.0,0.0,1392.0,0.0,0.0,0.0,0.0,0.0,0.0,0.0,0.0,0.0
1554,2026-05-14 23:06:47,2026-5-14_stair1_left.csv,stair1,0.0,0.0,3160.0,290.0,0.0,0.0,0.0,0.0,1392.0,0.0,0.0,0.0,0.0,0.0,0.0,0.0,0.0,0.0
1555,2026-05-14 23:06:47,2026-5-14_stair1_left.csv,stair1,0.0,0.0,3160.0,290.0,0.0,0.0,0.0,0.0,1392.0,0.0,0.0,0.0,0.0,0.0,0.0,0.0,0.0,0.0
1556,2026-05-14 23:06:47,2026-5-14_stair1_left.csv,stair1,0.0,0.0,3160.0,290.0,0.0,0.0,0.0,0.0,1392.0,0.0,0.0,0.0,0.0,0.0,0.0,0.0,0.0,0.0
1557,2026-05-14 23:06:48,2026-5-14_stair1_left.csv,stair1,0.0,0.0,3160.0,290.0,0.0,0.0,0.0,0.0,1392.0,0.0,0.0,0.0,0.0,0.0,0.0,0.0,0.0,0.0
1558,2026-05-14 23:06:48,2026-5-14_stair1_left.csv,stair1,0.0,0.0,3160.0,290.0,0.0,0.0,0.0,0.0,1392.0,0.0,0.0,0.0,0.0,0.0,0.0,0.0,0.0,0.0
1559,2026-05-14 23:06:48,2026-5-14_stair1_left.csv,stair1,0.0,0.0,3160.0,290.0,0.0,0.0,0.0,0.0,1392.0,0.0,0.0,0.0,0.0,0.0,0.0,0.0,0.0,0.0
1560,2026-05-14 23:06:48,2026-5-14_stair1_left.csv,stair1,0.0,0.0,3160.0,290.0,0.0,0.0,0.0,0.0,1392.0,0.0,0.0,0.0,0.0,0.0,0.0,0.0,0.0,0.0
1561,2026-05-14 23:06:48,2026-5-14_stair1_left.csv,stair1,0.0,0.0,3160.0,290.0,0.0,0.0,0.0,0.0,1392.0,0.0,0.0,0.0,0.0,0.0,0.0,0.0,0.0,0.0
1562,2026-05-14 23:06:48,2026-5-14_stair1_left.csv,stair1,0.0,0.0,3160.0,290.0,0.0,0.0,0.0,0.0,1392.0,0.0,0.0,0.0,0.0,0.0,0.0,0.0,0.0,0.0
1563,2026-05-14 23:06:48,2026-5-14_stair1_left.csv,stair1,0.0,0.0,3160.0,290.0,0.0,0.0,0.0,0.0,1392.0,0.0,0.0,0.0,0.0,0.0,0.0,0.0,0.0,0.0
1564,2026-05-14 23:06:48,2026-5-14_stair1_left.csv,stair1,0.0,0.0,3160.0,290.0,0.0,0.0,0.0,0.0,1392.0,0.0,0.0,0.0,0.0,0.0,0.0,0.0,0.0,0.0
1565,2026-05-14 23:06:48,2026-5-14_stair1_left.csv,stair1,0.0,0.0,3160.0,290.0,0.0,0.0,0.0,0.0,1392.0,0.0,0.0,0.0,0.0,0.0,0.0,0.0,0.0,0.0
1566,2026-05-14 23:06:48,2026-5-14_stair1_left.csv,stair1,0.0,0.0,3160.0,290.0,0.0,0.0,0.0,0.0,1392.0,0.0,0.0,0.0,0.0,0.0,0.0,0.0,0.0,0.0
1567,2026-05-14 23:06:48,2026-5-14_stair1_left.csv,stair1,0.0,0.0,3160.0,290.0,0.0,0.0,0.0,0.0,1392.0,0.0,0.0,0.0,0.0,0.0,0.0,0.0,0.0,0.0
1568,2026-05-14 23:06:48,2026-5-14_stair1_left.csv,stair1,0.0,0.0,3160.0,290.0,0.0,0.0,0.0,0.0,1392.0,0.0,0.0,0.0,0.0,0.0,0.0,0.0,0.0,0.0
1569,2026-05-14 23:06:48,2026-5-14_stair1_left.csv,stair1,0.0,0.0,3160.0,290.0,0.0,0.0,0.0,0.0,1392.0,0.0,0.0,0.0,0.0,0.0,0.0,0.0,0.0,0.0
1570,2026-05-14 23:06:48,2026-5-14_stair1_left.csv,stair1,0.0,0.0,3160.0,290.0,0.0,0.0,0.0,0.0,1392.0,0.0,0.0,0.0,0.0,0.0,0.0,0.0,0.0,0.0
1571,2026-05-14 23:06:48,2026-5-14_stair1_left.csv,stair1,0.0,0.0,3160.0,290.0,0.0,0.0,0.0,0.0,1392.0,0.0,0.0,0.0,0.0,0.0,0.0,0.0,0.0,0.0
1572,2026-05-14 23:06:48,2026-5-14_stair1_left.csv,stair1,0.0,0.0,3160.0,290.0,0.0,0.0,0.0,0.0,1392.0,0.0,0.0,0.0,0.0,0.0,0.0,0.0,0.0,0.0
1573,2026-05-14 23:06:48,2026-5-14_stair1_left.csv,stair1,0.0,0.0,3160.0,290.0,0.0,0.0,0.0,0.0,1392.0,0.0,0.0,0.0,0.0,0.0,0.0,0.0,0.0,0.0
1574,2026-05-14 23:06:48,2026-5-14_stair1_left.csv,stair1,0.0,0.0,3160.0,290.0,0.0,0.0,0.0,0.0,1392.0,0.0,0.0,0.0,0.0,0.0,0.0,0.0,0.0,0.0
1575,2026-05-14 23:06:48,2026-5-14_stair1_left.csv,stair1,0.0,0.0,3160.0,290.0,0.0,0.0,0.0,0.0,1392.0,0.0,0.0,0.0,0.0,0.0,0.0,0.0,0.0,0.0
1576,2026-05-14 23:06:48,2026-5-14_stair1_left.csv,stair1,0.0,0.0,3160.0,290.0,0.0,0.0,0.0,0.0,1392.0,0.0,0.0,0.0,0.0,0.0,0.0,0.0,0.0,0.0
1577,2026-05-14 23:06:49,2026-5-14_stair1_left.csv,stair1,0.0,0.0,3160.0,290.0,0.0,0.0,0.0,0.0,1392.0,0.0,0.0,0.0,0.0,0.0,0.0,0.0,0.0,0.0
1578,2026-05-14 23:06:49,2026-5-14_stair1_left.csv,stair1,0.0,0.0,3160.0,290.0,0.0,0.0,0.0,0.0,1392.0,0.0,0.0,0.0,0.0,0.0,0.0,0.0,0.0,0.0
1579,2026-05-14 23:06:49,2026-5-14_stair1_left.csv,stair1,0.0,0.0,3160.0,290.0,0.0,0.0,0.0,0.0,1392.0,0.0,0.0,0.0,0.0,0.0,0.0,0.0,0.0,0.0
1580,2026-05-14 23:06:49,2026-5-14_stair1_left.csv,stair1,0.0,0.0,3160.0,290.0,0.0,0.0,0.0,0.0,1392.0,0.0,0.0,0.0,0.0,0.0,0.0,0.0,0.0,0.0
1581,2026-05-14 23:07:12,2026-5-14_stair1_left.csv,stair1,0.0,0.0,0.0,0.0,0.0,0.0,0.0,0.0,0.0,0.0,0.0,0.0,0.0,0.0,0.0,0.0,0.0,0.0
1582,2026-05-14 23:07:12,2026-5-14_stair1_left.csv,stair1,0.0,0.0,0.0,0.0,0.0,0.0,0.0,0.0,0.0,0.0,0.0,0.0,0.0,0.0,0.0,0.0,0.0,0.0
1583,2026-05-14 23:07:12,2026-5-14_stair1_left.csv,stair1,0.0,0.0,0.0,0.0,0.0,0.0,0.0,0.0,0.0,0.0,0.0,0.0,0.0,0.0,0.0,0.0,0.0,0.0
1584,2026-05-14 23:07:12,2026-5-14_stair1_left.csv,stair1,0.0,0.0,0.0,0.0,0.0,0.0,0.0,0.0,0.0,0.0,0.0,0.0,0.0,0.0,0.0,0.0,0.0,0.0
1585,2026-05-14 23:07:12,2026-5-14_stair1_left.csv,stair1,0.0,0.0,0.0,0.0,0.0,0.0,0.0,0.0,0.0,0.0,0.0,0.0,0.0,0.0,0.0,0.0,0.0,0.0
1586,2026-05-14 23:07:12,2026-5-14_stair1_left.csv,stair1,0.0,0.0,0.0,0.0,0.0,0.0,0.0,0.0,0.0,0.0,0.0,0.0,0.0,0.0,0.0,0.0,0.0,0.0
1587,2026-05-14 23:07:12,2026-5-14_stair1_left.csv,stair1,0.0,0.0,0.0,0.0,0.0,0.0,0.0,0.0,0.0,0.0,0.0,0.0,0.0,0.0,0.0,0.0,0.0,0.0
1588,2026-05-14 23:07:12,2026-5-14_stair1_left.csv,stair1,0.0,0.0,0.0,0.0,0.0,0.0,0.0,0.0,0.0,0.0,0.0,0.0,0.0,0.0,0.0,0.0,0.0,0.0
1589,2026-05-14 23:07:12,2026-5-14_stair1_left.csv,stair1,0.0,0.0,0.0,0.0,0.0,0.0,0.0,0.0,0.0,0.0,0.0,0.0,0.0,0.0,0.0,0.0,0.0,0.0
1590,2026-05-14 23:07:12,2026-5-14_stair1_left.csv,stair1,0.0,0.0,0.0,0.0,0.0,0.0,0.0,0.0,0.0,0.0,0.0,0.0,0.0,0.0,0.0,0.0,0.0,0.0
1591,2026-05-14 23:07:12,2026-5-14_stair1_left.csv,stair1,0.0,0.0,0.0,0.0,0.0,0.0,0.0,0.0,0.0,0.0,0.0,0.0,0.0,0.0,0.0,0.0,0.0,0.0
1592,2026-05-14 23:07:12,2026-5-14_stair1_left.csv,stair1,0.0,0.0,0.0,0.0,0.0,0.0,0.0,0.0,0.0,0.0,0.0,0.0,0.0,0.0,0.0,0.0,0.0,0.0
1593,2026-05-14 23:07:12,2026-5-14_stair1_left.csv,stair1,0.0,0.0,0.0,0.0,0.0,0.0,0.0,0.0,0.0,0.0,0.0,0.0,0.0,0.0,0.0,0.0,0.0,0.0
1594,2026-05-14 23:07:12,2026-5-14_stair1_left.csv,stair1,0.0,0.0,0.0,0.0,0.0,0.0,0.0,0.0,0.0,0.0,0.0,0.0,0.0,0.0,0.0,0.0,0.0,0.0
1595,2026-05-14 23:07:12,2026-5-14_stair1_left.csv,stair1,0.0,0.0,0.0,0.0,0.0,0.0,0.0,0.0,0.0,0.0,0.0,0.0,0.0,0.0,0.0,0.0,0.0,0.0
1596,2026-05-14 23:07:12,2026-5-14_stair1_left.csv,stair1,0.0,0.0,0.0,0.0,0.0,0.0,0.0,0.0,0.0,0.0,0.0,0.0,0.0,0.0,0.0,0.0,0.0,0.0
1597,2026-05-14 23:07:12,2026-5-14_stair1_left.csv,stair1,0.0,0.0,0.0,0.0,0.0,0.0,0.0,0.0,0.0,0.0,0.0,0.0,0.0,0.0,0.0,0.0,0.0,0.0
1598,2026-05-14 23:07:12,2026-5-14_stair1_left.csv,stair1,0.0,0.0,0.0,0.0,0.0,0.0,0.0,0.0,0.0,0.0,0.0,0.0,0.0,0.0,0.0,0.0,0.0,0.0
1599,2026-05-14 23:07:12,2026-5-14_stair1_left.csv,stair1,0.0,0.0,0.0,0.0,0.0,0.0,0.0,0.0,0.0,0.0,0.0,0.0,0.0,0.0,0.0,0.0,0.0,0.0
1600,2026-05-14 23:07:12,2026-5-14_stair1_left.csv,stair1,0.0,0.0,0.0,0.0,0.0,0.0,0.0,0.0,0.0,0.0,0.0,0.0,0.0,0.0,0.0,0.0,0.0,0.0
1601,2026-05-14 23:07:13,2026-5-14_stair1_left.csv,stair1,0.0,0.0,0.0,0.0,0.0,0.0,0.0,0.0,0.0,0.0,0.0,0.0,0.0,0.0,0.0,0.0,0.0,0.0
1602,2026-05-14 23:07:13,2026-5-14_stair1_left.csv,stair1,0.0,0.0,0.0,0.0,0.0,0.0,0.0,0.0,0.0,0.0,0.0,0.0,0.0,0.0,0.0,0.0,0.0,0.0
1603,2026-05-14 23:07:13,2026-5-14_stair1_left.csv,stair1,0.0,0.0,0.0,0.0,0.0,0.0,0.0,0.0,0.0,0.0,0.0,0.0,0.0,0.0,0.0,0.0,0.0,0.0
1604,2026-05-14 23:07:13,2026-5-14_stair1_left.csv,stair1,0.0,0.0,0.0,0.0,0.0,0.0,0.0,0.0,0.0,0.0,0.0,0.0,0.0,0.0,0.0,0.0,0.0,0.0
1605,2026-05-14 23:07:13,2026-5-14_stair1_left.csv,stair1,0.0,0.0,0.0,0.0,0.0,0.0,0.0,0.0,0.0,0.0,0.0,0.0,0.0,0.0,0.0,0.0,0.0,0.0
1606,2026-05-14 23:07:13,2026-5-14_stair1_left.csv,stair1,0.0,0.0,0.0,0.0,0.0,0.0,0.0,0.0,0.0,0.0,0.0,0.0,0.0,0.0,0.0,0.0,0.0,0.0
1607,2026-05-14 23:07:13,2026-5-14_stair1_left.csv,stair1,0.0,0.0,0.0,0.0,0.0,0.0,0.0,0.0,0.0,0.0,0.0,0.0,0.0,0.0,0.0,0.0,0.0,0.0
1608,2026-05-14 23:07:13,2026-5-14_stair1_left.csv,stair1,0.0,0.0,0.0,0.0,0.0,0.0,0.0,0.0,0.0,0.0,0.0,0.0,0.0,0.0,0.0,0.0,0.0,0.0
1609,2026-05-14 23:07:13,2026-5-14_stair1_left.csv,stair1,0.0,0.0,0.0,0.0,0.0,0.0,0.0,0.0,0.0,0.0,0.0,0.0,0.0,0.0,0.0,0.0,0.0,0.0
1610,2026-05-14 23:07:13,2026-5-14_stair1_left.csv,stair1,0.0,0.0,0.0,0.0,0.0,0.0,0.0,0.0,0.0,0.0,0.0,0.0,0.0,0.0,0.0,0.0,0.0,0.0
1611,2026-05-14 23:07:13,2026-5-14_stair1_left.csv,stair1,0.0,0.0,0.0,0.0,0.0,0.0,0.0,0.0,0.0,0.0,0.0,0.0,0.0,0.0,0.0,0.0,0.0,0.0
1612,2026-05-14 23:07:13,2026-5-14_stair1_left.csv,stair1,0.0,0.0,0.0,0.0,0.0,0.0,0.0,0.0,0.0,0.0,0.0,0.0,0.0,0.0,0.0,0.0,0.0,0.0
1613,2026-05-14 23:07:13,2026-5-14_stair1_left.csv,stair1,0.0,0.0,0.0,0.0,0.0,0.0,0.0,0.0,0.0,0.0,0.0,0.0,0.0,0.0,0.0,0.0,0.0,0.0
1614,2026-05-14 23:07:13,2026-5-14_stair1_left.csv,stair1,0.0,0.0,0.0,0.0,0.0,0.0,0.0,0.0,0.0,0.0,0.0,0.0,0.0,0.0,0.0,0.0,0.0,0.0
1615,2026-05-14 23:07:13,2026-5-14_stair1_left.csv,stair1,0.0,0.0,0.0,0.0,0.0,0.0,0.0,0.0,0.0,0.0,0.0,0.0,0.0,0.0,0.0,0.0,0.0,0.0
1616,2026-05-14 23:07:13,2026-5-14_stair1_left.csv,stair1,0.0,0.0,0.0,0.0,0.0,0.0,0.0,0.0,0.0,0.0,0.0,0.0,0.0,0.0,0.0,0.0,0.0,0.0
1617,2026-05-14 23:07:13,2026-5-14_stair1_left.csv,stair1,0.0,0.0,0.0,0.0,0.0,0.0,0.0,0.0,0.0,0.0,0.0,0.0,0.0,0.0,0.0,0.0,0.0,0.0
1618,2026-05-14 23:07:13,2026-5-14_stair1_left.csv,stair1,0.0,0.0,0.0,0.0,0.0,0.0,0.0,0.0,0.0,0.0,0.0,0.0,0.0,0.0,0.0,0.0,0.0,0.0
1619,2026-05-14 23:07:13,2026-5-14_stair1_left.csv,stair1,0.0,0.0,0.0,0.0,0.0,0.0,0.0,0.0,0.0,0.0,0.0,0.0,0.0,0.0,0.0,0.0,0.0,0.0
1620,2026-05-14 23:07:13,2026-5-14_stair1_left.csv,stair1,0.0,0.0,0.0,0.0,0.0,0.0,0.0,0.0,0.0,0.0,0.0,0.0,0.0,0.0,0.0,0.0,0.0,0.0
1621,2026-05-14 23:07:14,2026-5-14_stair1_left.csv,stair1,0.0,0.0,0.0,0.0,0.0,0.0,0.0,0.0,0.0,0.0,0.0,0.0,0.0,0.0,0.0,0.0,0.0,0.0
1622,2026-05-14 23:07:14,2026-5-14_stair1_left.csv,stair1,0.0,0.0,0.0,0.0,0.0,0.0,0.0,0.0,0.0,0.0,0.0,0.0,0.0,0.0,0.0,0.0,0.0,0.0
1623,2026-05-14 23:07:14,2026-5-14_stair1_left.csv,stair1,0.0,0.0,0.0,0.0,0.0,0.0,0.0,0.0,0.0,0.0,0.0,0.0,0.0,0.0,0.0,0.0,0.0,0.0
1624,2026-05-14 23:07:14,2026-5-14_stair1_left.csv,stair1,0.0,0.0,0.0,0.0,0.0,0.0,0.0,0.0,0.0,0.0,0.0,0.0,0.0,0.0,0.0,0.0,0.0,0.0
1625,2026-05-14 23:07:14,2026-5-14_stair1_left.csv,stair1,0.0,0.0,0.0,0.0,0.0,0.0,0.0,0.0,0.0,0.0,0.0,0.0,0.0,0.0,0.0,0.0,0.0,0.0
1626,2026-05-14 23:07:14,2026-5-14_stair1_left.csv,stair1,0.0,0.0,0.0,0.0,0.0,0.0,0.0,0.0,0.0,0.0,0.0,0.0,0.0,0.0,0.0,0.0,0.0,0.0
1627,2026-05-14 23:07:14,2026-5-14_stair1_left.csv,stair1,0.0,0.0,0.0,0.0,0.0,0.0,0.0,0.0,0.0,0.0,0.0,0.0,0.0,0.0,0.0,0.0,0.0,0.0
1628,2026-05-14 23:07:14,2026-5-14_stair1_left.csv,stair1,0.0,0.0,0.0,0.0,0.0,0.0,0.0,0.0,0.0,0.0,0.0,0.0,0.0,0.0,0.0,0.0,0.0,0.0
1629,2026-05-14 23:07:14,2026-5-14_stair1_left.csv,stair1,0.0,0.0,0.0,0.0,0.0,0.0,0.0,0.0,0.0,0.0,0.0,0.0,0.0,0.0,0.0,0.0,0.0,0.0
1630,2026-05-14 23:07:14,2026-5-14_stair1_left.csv,stair1,0.0,0.0,0.0,0.0,0.0,0.0,0.0,0.0,0.0,0.0,0.0,0.0,0.0,0.0,0.0,0.0,0.0,0.0
1631,2026-05-14 23:07:14,2026-5-14_stair1_left.csv,stair1,0.0,0.0,0.0,0.0,0.0,0.0,0.0,0.0,0.0,0.0,0.0,0.0,0.0,0.0,0.0,0.0,0.0,0.0
1632,2026-05-14 23:07:14,2026-5-14_stair1_left.csv,stair1,0.0,0.0,0.0,0.0,0.0,0.0,0.0,0.0,0.0,0.0,0.0,0.0,0.0,0.0,0.0,0.0,0.0,0.0
1633,2026-05-14 23:07:14,2026-5-14_stair1_left.csv,stair1,0.0,0.0,0.0,0.0,0.0,0.0,0.0,0.0,0.0,0.0,0.0,0.0,0.0,0.0,0.0,0.0,0.0,0.0
1634,2026-05-14 23:07:14,2026-5-14_stair1_left.csv,stair1,0.0,0.0,0.0,0.0,0.0,0.0,0.0,0.0,0.0,0.0,0.0,0.0,0.0,0.0,0.0,0.0,0.0,0.0
1635,2026-05-14 23:07:14,2026-5-14_stair1_left.csv,stair1,0.0,0.0,0.0,0.0,0.0,0.0,0.0,0.0,0.0,0.0,0.0,0.0,0.0,0.0,0.0,0.0,0.0,0.0
1636,2026-05-14 23:07:14,2026-5-14_stair1_left.csv,stair1,0.0,0.0,0.0,0.0,0.0,0.0,0.0,0.0,0.0,0.0,0.0,0.0,0.0,0.0,0.0,0.0,0.0,0.0
1637,2026-05-14 23:07:14,2026-5-14_stair1_left.csv,stair1,0.0,0.0,0.0,0.0,0.0,0.0,0.0,0.0,0.0,0.0,0.0,0.0,0.0,0.0,0.0,0.0,0.0,0.0
1638,2026-05-14 23:07:14,2026-5-14_stair1_left.csv,stair1,0.0,0.0,0.0,0.0,0.0,0.0,0.0,0.0,0.0,0.0,0.0,0.0,0.0,0.0,0.0,0.0,0.0,0.0
1639,2026-05-14 23:07:14,2026-5-14_stair1_left.csv,stair1,0.0,0.0,0.0,0.0,0.0,0.0,0.0,0.0,0.0,0.0,0.0,0.0,0.0,0.0,0.0,0.0,0.0,0.0
1640,2026-05-14 23:07:14,2026-5-14_stair1_left.csv,stair1,0.0,0.0,0.0,0.0,0.0,0.0,0.0,0.0,0.0,0.0,0.0,0.0,0.0,0.0,0.0,0.0,0.0,0.0
1641,2026-05-14 23:07:15,2026-5-14_stair1_left.csv,stair1,0.0,0.0,0.0,0.0,0.0,0.0,0.0,0.0,0.0,0.0,0.0,0.0,0.0,0.0,0.0,0.0,0.0,0.0
1642,2026-05-14 23:07:15,2026-5-14_stair1_left.csv,stair1,0.0,0.0,0.0,0.0,0.0,0.0,0.0,0.0,0.0,0.0,0.0,0.0,0.0,0.0,0.0,0.0,0.0,0.0
1643,2026-05-14 23:07:15,2026-5-14_stair1_left.csv,stair1,0.0,0.0,0.0,0.0,0.0,0.0,0.0,0.0,0.0,0.0,0.0,0.0,0.0,0.0,0.0,0.0,0.0,0.0
1644,2026-05-14 23:07:15,2026-5-14_stair1_left.csv,stair1,0.0,0.0,0.0,0.0,0.0,0.0,0.0,0.0,0.0,0.0,0.0,0.0,0.0,0.0,0.0,0.0,0.0,0.0
1645,2026-05-14 23:07:15,2026-5-14_stair1_left.csv,stair1,0.0,0.0,0.0,0.0,0.0,0.0,0.0,0.0,0.0,0.0,0.0,0.0,0.0,0.0,0.0,0.0,0.0,0.0
1646,2026-05-14 23:07:15,2026-5-14_stair1_left.csv,stair1,0.0,0.0,0.0,0.0,0.0,0.0,0.0,0.0,0.0,0.0,0.0,0.0,0.0,0.0,0.0,0.0,0.0,0.0
1647,2026-05-14 23:07:15,2026-5-14_stair1_left.csv,stair1,0.0,0.0,0.0,0.0,0.0,0.0,0.0,0.0,0.0,0.0,0.0,0.0,0.0,0.0,0.0,0.0,0.0,0.0
1648,2026-05-14 23:07:15,2026-5-14_stair1_left.csv,stair1,0.0,0.0,0.0,0.0,0.0,0.0,0.0,0.0,0.0,0.0,0.0,0.0,0.0,0.0,0.0,0.0,0.0,0.0
1649,2026-05-14 23:07:15,2026-5-14_stair1_left.csv,stair1,0.0,0.0,0.0,0.0,0.0,0.0,0.0,0.0,0.0,0.0,0.0,0.0,0.0,0.0,0.0,0.0,0.0,0.0
1650,2026-05-14 23:07:15,2026-5-14_stair1_left.csv,stair1,0.0,0.0,0.0,0.0,0.0,0.0,0.0,0.0,0.0,0.0,0.0,0.0,0.0,0.0,0.0,0.0,0.0,0.0
1651,2026-05-14 23:07:15,2026-5-14_stair1_left.csv,stair1,0.0,0.0,0.0,0.0,0.0,0.0,0.0,0.0,0.0,0.0,0.0,0.0,0.0,0.0,0.0,0.0,0.0,0.0
1652,2026-05-14 23:07:15,2026-5-14_stair1_left.csv,stair1,0.0,0.0,0.0,0.0,0.0,0.0,0.0,0.0,0.0,0.0,0.0,0.0,0.0,0.0,0.0,0.0,0.0,0.0
1653,2026-05-14 23:07:15,2026-5-14_stair1_left.csv,stair1,0.0,0.0,0.0,0.0,0.0,0.0,0.0,0.0,0.0,0.0,0.0,0.0,0.0,0.0,0.0,0.0,0.0,0.0
1654,2026-05-14 23:07:15,2026-5-14_stair1_left.csv,stair1,0.0,0.0,0.0,0.0,0.0,0.0,0.0,0.0,0.0,0.0,0.0,0.0,0.0,0.0,0.0,0.0,0.0,0.0
1655,2026-05-14 23:07:15,2026-5-14_stair1_left.csv,stair1,0.0,0.0,0.0,0.0,0.0,0.0,0.0,0.0,0.0,0.0,0.0,0.0,0.0,0.0,0.0,0.0,0.0,0.0
1656,2026-05-14 23:07:15,2026-5-14_stair1_left.csv,stair1,0.0,0.0,0.0,0.0,0.0,0.0,0.0,0.0,0.0,0.0,0.0,0.0,0.0,0.0,0.0,0.0,0.0,0.0
1657,2026-05-14 23:07:15,2026-5-14_stair1_left.csv,stair1,0.0,0.0,0.0,0.0,0.0,0.0,0.0,0.0,0.0,0.0,0.0,0.0,0.0,0.0,0.0,0.0,0.0,0.0
1658,2026-05-14 23:07:15,2026-5-14_stair1_left.csv,stair1,0.0,0.0,0.0,0.0,0.0,0.0,0.0,0.0,0.0,0.0,0.0,0.0,0.0,0.0,0.0,0.0,0.0,0.0
1659,2026-05-14 23:07:15,2026-5-14_stair1_left.csv,stair1,0.0,0.0,0.0,0.0,0.0,0.0,0.0,0.0,0.0,0.0,0.0,0.0,0.0,0.0,0.0,0.0,0.0,0.0
1660,2026-05-14 23:07:15,2026-5-14_stair1_left.csv,stair1,0.0,0.0,0.0,0.0,0.0,0.0,0.0,0.0,0.0,0.0,0.0,0.0,0.0,0.0,0.0,0.0,0.0,0.0
1661,2026-05-14 23:07:16,2026-5-14_stair1_left.csv,stair1,0.0,0.0,0.0,0.0,0.0,0.0,0.0,0.0,0.0,0.0,0.0,0.0,0.0,0.0,0.0,0.0,0.0,0.0
1662,2026-05-14 23:07:16,2026-5-14_stair1_left.csv,stair1,0.0,0.0,0.0,0.0,0.0,0.0,0.0,0.0,0.0,0.0,0.0,0.0,0.0,0.0,0.0,0.0,0.0,0.0
1663,2026-05-14 23:07:16,2026-5-14_stair1_left.csv,stair1,0.0,0.0,0.0,0.0,0.0,0.0,0.0,0.0,0.0,0.0,0.0,0.0,0.0,0.0,0.0,0.0,0.0,0.0
1664,2026-05-14 23:07:16,2026-5-14_stair1_left.csv,stair1,0.0,0.0,0.0,0.0,0.0,0.0,0.0,0.0,0.0,0.0,0.0,0.0,0.0,0.0,0.0,0.0,0.0,0.0
1665,2026-05-14 23:07:16,2026-5-14_stair1_left.csv,stair1,0.0,0.0,0.0,0.0,0.0,0.0,0.0,0.0,0.0,0.0,0.0,0.0,0.0,0.0,0.0,0.0,0.0,0.0
1666,2026-05-14 23:07:16,2026-5-14_stair1_left.csv,stair1,0.0,0.0,0.0,0.0,0.0,0.0,0.0,0.0,0.0,0.0,0.0,0.0,0.0,0.0,0.0,0.0,0.0,0.0
1667,2026-05-14 23:07:16,2026-5-14_stair1_left.csv,stair1,0.0,0.0,0.0,0.0,0.0,0.0,0.0,0.0,0.0,0.0,0.0,0.0,0.0,0.0,0.0,0.0,0.0,0.0
1668,2026-05-14 23:07:16,2026-5-14_stair1_left.csv,stair1,0.0,0.0,0.0,0.0,0.0,0.0,0.0,0.0,0.0,0.0,0.0,0.0,0.0,0.0,0.0,0.0,0.0,0.0
1669,2026-05-14 23:07:16,2026-5-14_stair1_left.csv,stair1,0.0,0.0,0.0,0.0,0.0,0.0,0.0,0.0,0.0,0.0,0.0,0.0,0.0,0.0,0.0,0.0,0.0,0.0
1670,2026-05-14 23:07:16,2026-5-14_stair1_left.csv,stair1,0.0,0.0,0.0,0.0,0.0,0.0,0.0,0.0,0.0,0.0,0.0,0.0,0.0,0.0,0.0,0.0,0.0,0.0
1671,2026-05-14 23:07:16,2026-5-14_stair1_left.csv,stair1,0.0,0.0,0.0,0.0,0.0,0.0,0.0,0.0,0.0,0.0,0.0,0.0,0.0,0.0,0.0,0.0,0.0,0.0
1672,2026-05-14 23:07:16,2026-5-14_stair1_left.csv,stair1,0.0,0.0,0.0,0.0,0.0,0.0,0.0,0.0,0.0,0.0,0.0,0.0,0.0,0.0,0.0,0.0,0.0,0.0
1673,2026-05-14 23:07:16,2026-5-14_stair1_left.csv,stair1,0.0,0.0,0.0,0.0,0.0,0.0,0.0,0.0,0.0,0.0,0.0,0.0,0.0,0.0,0.0,0.0,0.0,0.0
1674,2026-05-14 23:07:16,2026-5-14_stair1_left.csv,stair1,0.0,0.0,0.0,0.0,0.0,0.0,0.0,0.0,0.0,0.0,0.0,0.0,0.0,0.0,0.0,0.0,0.0,0.0
1675,2026-05-14 23:07:16,2026-5-14_stair1_left.csv,stair1,0.0,0.0,0.0,0.0,0.0,0.0,0.0,0.0,0.0,0.0,0.0,0.0,0.0,0.0,0.0,0.0,0.0,0.0
1676,2026-05-14 23:07:16,2026-5-14_stair1_left.csv,stair1,0.0,0.0,0.0,0.0,0.0,0.0,0.0,0.0,0.0,0.0,0.0,0.0,0.0,0.0,0.0,0.0,0.0,0.0
1677,2026-05-14 23:07:16,2026-5-14_stair1_left.csv,stair1,0.0,0.0,0.0,0.0,0.0,0.0,0.0,0.0,0.0,0.0,0.0,0.0,0.0,0.0,0.0,0.0,0.0,0.0
1678,2026-05-14 23:07:16,2026-5-14_stair1_left.csv,stair1,0.0,0.0,0.0,0.0,0.0,0.0,0.0,0.0,0.0,0.0,0.0,0.0,0.0,0.0,0.0,0.0,0.0,0.0
1679,2026-05-14 23:07:16,2026-5-14_stair1_left.csv,stair1,0.0,0.0,0.0,0.0,0.0,0.0,0.0,0.0,0.0,0.0,0.0,0.0,0.0,0.0,0.0,0.0,0.0,0.0
1680,2026-05-14 23:07:16,2026-5-14_stair1_left.csv,stair1,0.0,0.0,0.0,0.0,0.0,0.0,0.0,0.0,0.0,0.0,0.0,0.0,0.0,0.0,0.0,0.0,0.0,0.0
1681,2026-05-14 23:07:17,2026-5-14_stair1_left.csv,stair1,0.0,0.0,0.0,0.0,0.0,0.0,0.0,0.0,0.0,0.0,0.0,0.0,0.0,0.0,0.0,0.0,0.0,0.0
1682,2026-05-14 23:07:17,2026-5-14_stair1_left.csv,stair1,0.0,0.0,0.0,0.0,0.0,0.0,0.0,0.0,0.0,0.0,0.0,0.0,0.0,0.0,0.0,0.0,0.0,0.0
1683,2026-05-14 23:07:17,2026-5-14_stair1_left.csv,stair1,0.0,0.0,0.0,0.0,0.0,0.0,0.0,0.0,0.0,0.0,0.0,0.0,0.0,0.0,0.0,0.0,0.0,0.0
1684,2026-05-14 23:07:17,2026-5-14_stair1_left.csv,stair1,0.0,0.0,0.0,0.0,0.0,0.0,0.0,0.0,0.0,0.0,0.0,0.0,0.0,0.0,0.0,0.0,0.0,0.0
1685,2026-05-14 23:07:17,2026-5-14_stair1_left.csv,stair1,0.0,0.0,0.0,0.0,0.0,0.0,0.0,0.0,0.0,0.0,0.0,0.0,0.0,0.0,0.0,0.0,0.0,0.0
1686,2026-05-14 23:07:17,2026-5-14_stair1_left.csv,stair1,0.0,0.0,0.0,0.0,0.0,0.0,0.0,0.0,0.0,0.0,0.0,0.0,0.0,0.0,0.0,0.0,0.0,0.0
1687,2026-05-14 23:07:17,2026-5-14_stair1_left.csv,stair1,0.0,0.0,0.0,0.0,0.0,0.0,0.0,0.0,0.0,0.0,0.0,0.0,0.0,0.0,0.0,0.0,0.0,0.0
1688,2026-05-14 23:07:17,2026-5-14_stair1_left.csv,stair1,0.0,0.0,0.0,0.0,0.0,0.0,0.0,0.0,0.0,0.0,0.0,0.0,0.0,0.0,0.0,0.0,0.0,0.0
1689,2026-05-14 23:07:17,2026-5-14_stair1_left.csv,stair1,0.0,0.0,0.0,0.0,0.0,0.0,0.0,0.0,0.0,0.0,0.0,0.0,0.0,0.0,0.0,0.0,0.0,0.0
1690,2026-05-14 23:07:17,2026-5-14_stair1_left.csv,stair1,0.0,0.0,0.0,0.0,0.0,0.0,0.0,0.0,0.0,0.0,0.0,0.0,0.0,0.0,0.0,0.0,0.0,0.0
1691,2026-05-14 23:07:17,2026-5-14_stair1_left.csv,stair1,0.0,0.0,0.0,0.0,0.0,0.0,0.0,0.0,0.0,0.0,0.0,0.0,0.0,0.0,0.0,0.0,0.0,0.0
1692,2026-05-14 23:07:17,2026-5-14_stair1_left.csv,stair1,0.0,0.0,0.0,0.0,0.0,0.0,0.0,0.0,0.0,0.0,0.0,0.0,0.0,0.0,0.0,0.0,0.0,0.0
1693,2026-05-14 23:07:17,2026-5-14_stair1_left.csv,stair1,0.0,0.0,0.0,0.0,0.0,0.0,0.0,0.0,0.0,0.0,0.0,0.0,0.0,0.0,0.0,0.0,0.0,0.0
1694,2026-05-14 23:07:17,2026-5-14_stair1_left.csv,stair1,0.0,0.0,0.0,0.0,0.0,0.0,0.0,0.0,0.0,0.0,0.0,0.0,0.0,0.0,0.0,0.0,0.0,0.0
1695,2026-05-14 23:07:17,2026-5-14_stair1_left.csv,stair1,0.0,0.0,0.0,0.0,0.0,0.0,0.0,0.0,0.0,0.0,0.0,0.0,0.0,0.0,0.0,0.0,0.0,0.0
1696,2026-05-14 23:07:17,2026-5-14_stair1_left.csv,stair1,0.0,0.0,0.0,0.0,0.0,0.0,0.0,0.0,0.0,0.0,0.0,0.0,0.0,0.0,0.0,0.0,0.0,0.0
1697,2026-05-14 23:07:17,2026-5-14_stair1_left.csv,stair1,0.0,0.0,0.0,0.0,0.0,0.0,0.0,0.0,0.0,0.0,0.0,0.0,0.0,0.0,0.0,0.0,0.0,0.0
1698,2026-05-14 23:07:17,2026-5-14_stair1_left.csv,stair1,0.0,0.0,0.0,0.0,0.0,0.0,0.0,0.0,0.0,0.0,0.0,0.0,0.0,0.0,0.0,0.0,0.0,0.0
1699,2026-05-14 23:07:17,2026-5-14_stair1_left.csv,stair1,0.0,0.0,0.0,0.0,0.0,0.0,0.0,0.0,0.0,0.0,0.0,0.0,0.0,0.0,0.0,0.0,0.0,0.0
1700,2026-05-14 23:07:17,2026-5-14_stair1_left.csv,stair1,0.0,0.0,0.0,0.0,0.0,0.0,0.0,0.0,0.0,0.0,0.0,0.0,0.0,0.0,0.0,0.0,0.0,0.0
1701,2026-05-14 23:07:18,2026-5-14_stair1_left.csv,stair1,0.0,0.0,0.0,0.0,0.0,0.0,0.0,0.0,0.0,0.0,0.0,0.0,0.0,0.0,0.0,0.0,0.0,0.0
1702,2026-05-14 23:07:18,2026-5-14_stair1_left.csv,stair1,0.0,0.0,0.0,0.0,0.0,0.0,0.0,0.0,0.0,0.0,0.0,0.0,0.0,0.0,0.0,0.0,0.0,0.0
1703,2026-05-14 23:07:18,2026-5-14_stair1_left.csv,stair1,0.0,0.0,0.0,0.0,0.0,0.0,0.0,0.0,0.0,0.0,0.0,0.0,0.0,0.0,0.0,0.0,0.0,0.0
1704,2026-05-14 23:07:18,2026-5-14_stair1_left.csv,stair1,0.0,0.0,0.0,0.0,0.0,0.0,0.0,0.0,0.0,0.0,0.0,0.0,0.0,0.0,0.0,0.0,0.0,0.0
1705,2026-05-14 23:07:18,2026-5-14_stair1_left.csv,stair1,0.0,0.0,0.0,0.0,0.0,0.0,0.0,0.0,0.0,0.0,0.0,0.0,0.0,0.0,0.0,0.0,0.0,0.0
1706,2026-05-14 23:07:18,2026-5-14_stair1_left.csv,stair1,0.0,0.0,0.0,0.0,0.0,0.0,0.0,0.0,0.0,0.0,0.0,0.0,0.0,0.0,0.0,0.0,0.0,0.0
1707,2026-05-14 23:07:18,2026-5-14_stair1_left.csv,stair1,0.0,0.0,0.0,0.0,0.0,0.0,0.0,0.0,0.0,0.0,0.0,0.0,0.0,0.0,0.0,0.0,0.0,0.0
1708,2026-05-14 23:07:18,2026-5-14_stair1_left.csv,stair1,0.0,0.0,0.0,0.0,0.0,0.0,0.0,0.0,0.0,0.0,0.0,0.0,0.0,0.0,0.0,0.0,0.0,0.0
1709,2026-05-14 23:07:18,2026-5-14_stair1_left.csv,stair1,0.0,0.0,0.0,0.0,0.0,0.0,0.0,0.0,0.0,0.0,0.0,0.0,0.0,0.0,0.0,0.0,0.0,0.0
1710,2026-05-14 23:07:18,2026-5-14_stair1_left.csv,stair1,0.0,0.0,0.0,0.0,0.0,0.0,0.0,0.0,0.0,0.0,0.0,0.0,0.0,0.0,0.0,0.0,0.0,0.0
1711,2026-05-14 23:07:18,2026-5-14_stair1_left.csv,stair1,0.0,0.0,0.0,0.0,0.0,0.0,0.0,0.0,0.0,0.0,0.0,0.0,0.0,0.0,0.0,0.0,0.0,0.0
1712,2026-05-14 23:07:18,2026-5-14_stair1_left.csv,stair1,0.0,0.0,0.0,0.0,0.0,0.0,0.0,0.0,0.0,0.0,0.0,0.0,0.0,0.0,0.0,0.0,0.0,0.0
1713,2026-05-14 23:07:18,2026-5-14_stair1_left.csv,stair1,0.0,0.0,0.0,0.0,0.0,0.0,0.0,0.0,0.0,0.0,0.0,0.0,0.0,0.0,0.0,0.0,0.0,0.0
1714,2026-05-14 23:07:18,2026-5-14_stair1_left.csv,stair1,0.0,0.0,0.0,0.0,0.0,0.0,0.0,0.0,0.0,0.0,0.0,0.0,0.0,0.0,0.0,0.0,0.0,0.0
1715,2026-05-14 23:07:18,2026-5-14_stair1_left.csv,stair1,0.0,0.0,0.0,0.0,0.0,0.0,0.0,0.0,0.0,0.0,0.0,0.0,0.0,0.0,0.0,0.0,0.0,0.0
1716,2026-05-14 23:07:18,2026-5-14_stair1_left.csv,stair1,0.0,0.0,0.0,0.0,0.0,0.0,0.0,0.0,0.0,0.0,0.0,0.0,0.0,0.0,0.0,0.0,0.0,0.0
1717,2026-05-14 23:07:18,2026-5-14_stair1_left.csv,stair1,0.0,0.0,0.0,0.0,0.0,0.0,0.0,0.0,0.0,0.0,0.0,0.0,0.0,0.0,0.0,0.0,0.0,0.0
1718,2026-05-14 23:07:18,2026-5-14_stair1_left.csv,stair1,0.0,0.0,0.0,0.0,0.0,0.0,0.0,0.0,0.0,0.0,0.0,0.0,0.0,0.0,0.0,0.0,0.0,0.0
1719,2026-05-14 23:07:18,2026-5-14_stair1_left.csv,stair1,0.0,0.0,0.0,0.0,0.0,0.0,0.0,0.0,0.0,0.0,0.0,0.0,0.0,0.0,0.0,0.0,0.0,0.0
1720,2026-05-14 23:07:18,2026-5-14_stair1_left.csv,stair1,0.0,0.0,0.0,0.0,0.0,0.0,0.0,0.0,0.0,0.0,0.0,0.0,0.0,0.0,0.0,0.0,0.0,0.0
1721,2026-05-14 23:07:19,2026-5-14_stair1_left.csv,stair1,0.0,0.0,0.0,0.0,0.0,0.0,0.0,0.0,0.0,0.0,0.0,0.0,0.0,0.0,0.0,0.0,0.0,0.0
1722,2026-05-14 23:07:19,2026-5-14_stair1_left.csv,stair1,0.0,0.0,0.0,0.0,0.0,0.0,0.0,0.0,0.0,0.0,0.0,0.0,0.0,0.0,0.0,0.0,0.0,0.0
1723,2026-05-14 23:07:19,2026-5-14_stair1_left.csv,stair1,0.0,0.0,0.0,0.0,0.0,0.0,0.0,0.0,0.0,0.0,0.0,0.0,0.0,0.0,0.0,0.0,0.0,0.0
1724,2026-05-14 23:07:19,2026-5-14_stair1_left.csv,stair1,0.0,0.0,0.0,0.0,0.0,0.0,0.0,0.0,0.0,0.0,0.0,0.0,0.0,0.0,0.0,0.0,0.0,0.0
1725,2026-05-14 23:07:19,2026-5-14_stair1_left.csv,stair1,0.0,0.0,390.0,0.0,0.0,0.0,0.0,0.0,181.0,0.0,0.0,0.0,0.0,0.0,42.0,128.0,0.0,0.0
1726,2026-05-14 23:07:19,2026-5-14_stair1_left.csv,stair1,0.0,0.0,1352.0,21.0,0.0,0.0,0.0,0.0,1099.0,113.0,0.0,0.0,0.0,0.0,363.0,595.0,0.0,0.0
1727,2026-05-14 23:07:19,2026-5-14_stair1_left.csv,stair1,0.0,0.0,1352.0,21.0,0.0,0.0,0.0,0.0,1099.0,113.0,0.0,0.0,0.0,0.0,363.0,595.0,0.0,0.0
1728,2026-05-14 23:07:19,2026-5-14_stair1_left.csv,stair1,0.0,0.0,2830.0,963.0,0.0,0.0,0.0,0.0,2743.0,1324.0,0.0,0.0,0.0,0.0,1180.0,1411.0,163.0,0.0
1729,2026-05-14 23:07:19,2026-5-14_stair1_left.csv,stair1,0.0,0.0,4616.0,2114.0,0.0,0.0,0.0,0.0,4218.0,2917.0,45.0,0.0,70.0,0.0,2354.0,2915.0,1767.0,0.0
1730,2026-05-14 23:07:19,2026-5-14_stair1_left.csv,stair1,0.0,0.0,4616.0,2114.0,0.0,0.0,0.0,0.0,4218.0,2917.0,45.0,0.0,70.0,0.0,2354.0,2915.0,1767.0,0.0
1731,2026-05-14 23:07:19,2026-5-14_stair1_left.csv,stair1,0.0,0.0,4852.0,2388.0,0.0,0.0,0.0,0.0,4350.0,3078.0,154.0,0.0,206.0,0.0,2526.0,2926.0,1726.0,0.0
1732,2026-05-14 23:07:19,2026-5-14_stair1_left.csv,stair1,0.0,0.0,4992.0,2550.0,0.0,0.0,0.0,0.0,4419.0,3232.0,322.0,0.0,22.0,0.0,2631.0,2767.0,1316.0,0.0
1733,2026-05-14 23:07:19,2026-5-14_stair1_left.csv,stair1,0.0,0.0,4992.0,2550.0,0.0,0.0,0.0,0.0,4419.0,3232.0,322.0,0.0,22.0,0.0,2631.0,2767.0,1316.0,0.0
1734,2026-05-14 23:07:19,2026-5-14_stair1_left.csv,stair1,0.0,0.0,5106.0,2673.0,0.0,0.0,0.0,0.0,4613.0,3404.0,432.0,0.0,12.0,0.0,2773.0,2873.0,1329.0,0.0
1735,2026-05-14 23:07:19,2026-5-14_stair1_left.csv,stair1,0.0,0.0,5191.0,2769.0,0.0,0.0,0.0,0.0,4743.0,3551.0,532.0,28.0,108.0,0.0,2909.0,3021.0,1441.0,0.0
1736,2026-05-14 23:07:19,2026-5-14_stair1_left.csv,stair1,0.0,0.0,5624.0,3231.0,0.0,0.0,0.0,0.0,5347.0,4146.0,620.0,0.0,0.0,0.0,2968.0,2562.0,700.0,0.0
1737,2026-05-14 23:07:19,2026-5-14_stair1_left.csv,stair1,0.0,0.0,5624.0,3231.0,0.0,0.0,0.0,0.0,5347.0,4146.0,620.0,0.0,0.0,0.0,2968.0,2562.0,700.0,0.0
1738,2026-05-14 23:07:19,2026-5-14_stair1_left.csv,stair1,0.0,0.0,6390.0,3848.0,0.0,0.0,0.0,0.0,6498.0,4751.0,525.0,0.0,0.0,0.0,2800.0,1971.0,0.0,0.0
1739,2026-05-14 23:07:19,2026-5-14_stair1_left.csv,stair1,0.0,0.0,7290.0,4262.0,0.0,0.0,0.0,0.0,7420.0,5272.0,306.0,0.0,0.0,0.0,2525.0,1287.0,0.0,0.0
1740,2026-05-14 23:07:19,2026-5-14_stair1_left.csv,stair1,0.0,0.0,7483.0,3854.0,0.0,0.0,0.0,0.0,8070.0,5127.0,0.0,0.0,0.0,0.0,2052.0,402.0,0.0,0.0
1741,2026-05-14 23:07:20,2026-5-14_stair1_left.csv,stair1,0.0,0.0,7483.0,3854.0,0.0,0.0,0.0,0.0,8070.0,5127.0,0.0,0.0,0.0,0.0,2052.0,402.0,0.0,0.0
1742,2026-05-14 23:07:20,2026-5-14_stair1_left.csv,stair1,0.0,0.0,7702.0,3796.0,0.0,0.0,0.0,0.0,8352.0,5185.0,0.0,0.0,0.0,0.0,2030.0,352.0,0.0,0.0
1743,2026-05-14 23:07:20,2026-5-14_stair1_left.csv,stair1,0.0,0.0,7878.0,3844.0,0.0,0.0,0.0,0.0,8644.0,5281.0,0.0,0.0,0.0,0.0,2106.0,356.0,0.0,0.0
1744,2026-05-14 23:07:20,2026-5-14_stair1_left.csv,stair1,0.0,0.0,7878.0,3844.0,0.0,0.0,0.0,0.0,8644.0,5281.0,0.0,0.0,0.0,0.0,2106.0,356.0,0.0,0.0
1745,2026-05-14 23:07:20,2026-5-14_stair1_left.csv,stair1,0.0,0.0,7878.0,3844.0,0.0,0.0,0.0,0.0,8644.0,5281.0,0.0,0.0,0.0,0.0,2106.0,356.0,0.0,0.0
1746,2026-05-14 23:07:20,2026-5-14_stair1_left.csv,stair1,0.0,0.0,7940.0,3891.0,0.0,0.0,0.0,0.0,7689.0,4339.0,0.0,0.0,0.0,0.0,1484.0,463.0,0.0,0.0
1747,2026-05-14 23:07:20,2026-5-14_stair1_left.csv,stair1,0.0,0.0,1277.0,0.0,0.0,0.0,0.0,0.0,1524.0,0.0,0.0,0.0,0.0,0.0,0.0,0.0,0.0,0.0
1748,2026-05-14 23:07:20,2026-5-14_stair1_left.csv,stair1,0.0,0.0,1277.0,0.0,0.0,0.0,0.0,0.0,1524.0,0.0,0.0,0.0,0.0,0.0,0.0,0.0,0.0,0.0
1749,2026-05-14 23:07:20,2026-5-14_stair1_left.csv,stair1,0.0,0.0,1195.0,0.0,0.0,0.0,0.0,0.0,1301.0,0.0,0.0,0.0,0.0,0.0,0.0,0.0,0.0,0.0
1750,2026-05-14 23:07:20,2026-5-14_stair1_left.csv,stair1,0.0,0.0,975.0,0.0,0.0,0.0,0.0,0.0,1134.0,0.0,0.0,0.0,0.0,0.0,0.0,0.0,0.0,0.0
1751,2026-05-14 23:07:20,2026-5-14_stair1_left.csv,stair1,0.0,0.0,814.0,0.0,0.0,0.0,0.0,0.0,918.0,0.0,0.0,0.0,0.0,0.0,0.0,0.0,0.0,0.0
1752,2026-05-14 23:07:20,2026-5-14_stair1_left.csv,stair1,0.0,0.0,712.0,0.0,0.0,0.0,0.0,0.0,780.0,0.0,0.0,0.0,0.0,0.0,0.0,0.0,0.0,0.0
1753,2026-05-14 23:07:20,2026-5-14_stair1_left.csv,stair1,0.0,0.0,736.0,0.0,0.0,0.0,0.0,0.0,656.0,0.0,0.0,0.0,0.0,0.0,0.0,0.0,0.0,0.0
1754,2026-05-14 23:07:20,2026-5-14_stair1_left.csv,stair1,0.0,0.0,601.0,0.0,0.0,0.0,0.0,0.0,476.0,0.0,0.0,0.0,0.0,0.0,0.0,0.0,0.0,0.0
1755,2026-05-14 23:07:20,2026-5-14_stair1_left.csv,stair1,0.0,0.0,601.0,0.0,0.0,0.0,0.0,0.0,476.0,0.0,0.0,0.0,0.0,0.0,0.0,0.0,0.0,0.0
1756,2026-05-14 23:07:20,2026-5-14_stair1_left.csv,stair1,0.0,0.0,513.0,0.0,0.0,0.0,0.0,0.0,419.0,0.0,0.0,0.0,0.0,0.0,0.0,0.0,0.0,0.0
1757,2026-05-14 23:07:20,2026-5-14_stair1_left.csv,stair1,0.0,0.0,423.0,0.0,0.0,0.0,0.0,0.0,298.0,0.0,0.0,0.0,0.0,0.0,0.0,0.0,0.0,0.0
1758,2026-05-14 23:07:20,2026-5-14_stair1_left.csv,stair1,0.0,0.0,268.0,0.0,0.0,0.0,0.0,0.0,186.0,0.0,0.0,0.0,0.0,0.0,0.0,0.0,0.0,0.0
1759,2026-05-14 23:07:20,2026-5-14_stair1_left.csv,stair1,0.0,0.0,221.0,0.0,0.0,0.0,0.0,0.0,90.0,0.0,0.0,0.0,0.0,0.0,0.0,0.0,0.0,0.0
1760,2026-05-14 23:07:20,2026-5-14_stair1_left.csv,stair1,0.0,0.0,179.0,0.0,0.0,0.0,0.0,0.0,45.0,0.0,0.0,0.0,0.0,0.0,0.0,0.0,0.0,0.0
1761,2026-05-14 23:07:21,2026-5-14_stair1_left.csv,stair1,0.0,0.0,179.0,0.0,0.0,0.0,0.0,0.0,45.0,0.0,0.0,0.0,0.0,0.0,0.0,0.0,0.0,0.0
1762,2026-05-14 23:07:21,2026-5-14_stair1_left.csv,stair1,0.0,0.0,168.0,0.0,0.0,0.0,0.0,0.0,0.0,0.0,0.0,0.0,0.0,0.0,0.0,0.0,0.0,0.0
1763,2026-05-14 23:07:21,2026-5-14_stair1_left.csv,stair1,0.0,0.0,3137.0,498.0,0.0,0.0,0.0,0.0,3332.0,1144.0,0.0,0.0,0.0,0.0,0.0,0.0,0.0,0.0
1764,2026-05-14 23:07:21,2026-5-14_stair1_left.csv,stair1,0.0,0.0,6441.0,2986.0,0.0,0.0,0.0,0.0,6562.0,3546.0,0.0,0.0,0.0,0.0,1262.0,739.0,0.0,0.0
1765,2026-05-14 23:07:21,2026-5-14_stair1_left.csv,stair1,0.0,0.0,6441.0,2986.0,0.0,0.0,0.0,0.0,6562.0,3546.0,0.0,0.0,0.0,0.0,1262.0,739.0,0.0,0.0
1766,2026-05-14 23:07:21,2026-5-14_stair1_left.csv,stair1,0.0,0.0,7761.0,4075.0,0.0,0.0,0.0,0.0,7640.0,4760.0,0.0,0.0,283.0,0.0,1896.0,1274.0,196.0,0.0
1767,2026-05-14 23:07:21,2026-5-14_stair1_left.csv,stair1,0.0,0.0,8002.0,4171.0,0.0,0.0,0.0,0.0,8097.0,5250.0,0.0,0.0,271.0,0.0,2568.0,1856.0,578.0,0.0
1768,2026-05-14 23:07:21,2026-5-14_stair1_left.csv,stair1,0.0,0.0,7101.0,3618.0,0.0,0.0,0.0,0.0,7558.0,5178.0,0.0,0.0,0.0,0.0,2947.0,2177.0,516.0,0.0
1769,2026-05-14 23:07:21,2026-5-14_stair1_left.csv,stair1,0.0,0.0,7101.0,3618.0,0.0,0.0,0.0,0.0,7558.0,5178.0,0.0,0.0,0.0,0.0,2947.0,2177.0,516.0,0.0
1770,2026-05-14 23:07:21,2026-5-14_stair1_left.csv,stair1,0.0,0.0,4864.0,2474.0,0.0,0.0,0.0,0.0,5726.0,4216.0,0.0,0.0,0.0,0.0,3183.0,2649.0,885.0,0.0
1771,2026-05-14 23:07:21,2026-5-14_stair1_left.csv,stair1,0.0,0.0,4446.0,2232.0,0.0,0.0,0.0,0.0,5245.0,4016.0,11.0,0.0,169.0,0.0,3558.0,3164.0,1436.0,0.0
1772,2026-05-14 23:07:21,2026-5-14_stair1_left.csv,stair1,0.0,0.0,4446.0,2232.0,0.0,0.0,0.0,0.0,5245.0,4016.0,11.0,0.0,169.0,0.0,3558.0,3164.0,1436.0,0.0
1773,2026-05-14 23:07:21,2026-5-14_stair1_left.csv,stair1,0.0,0.0,4410.0,2240.0,0.0,0.0,0.0,0.0,5132.0,3970.0,259.0,0.0,620.0,0.0,3834.0,3627.0,1954.0,0.0
1774,2026-05-14 23:07:21,2026-5-14_stair1_left.csv,stair1,0.0,0.0,3395.0,1432.0,0.0,0.0,765.0,0.0,3988.0,2916.0,868.0,1170.0,3039.0,0.0,4910.0,6129.0,4654.0,0.0
1775,2026-05-14 23:07:21,2026-5-14_stair1_left.csv,stair1,0.0,0.0,3395.0,1432.0,0.0,0.0,765.0,0.0,3988.0,2916.0,868.0,1170.0,3039.0,0.0,4910.0,6129.0,4654.0,0.0
1776,2026-05-14 23:07:21,2026-5-14_stair1_left.csv,stair1,0.0,0.0,1737.0,0.0,0.0,0.0,1555.0,0.0,2564.0,541.0,51.0,1492.0,4282.0,0.0,3755.0,6367.0,5754.0,0.0
1777,2026-05-14 23:07:21,2026-5-14_stair1_left.csv,stair1,0.0,0.0,750.0,0.0,0.0,0.0,523.0,0.0,1588.0,0.0,0.0,0.0,2486.0,0.0,1377.0,2430.0,2806.0,0.0
1778,2026-05-14 23:07:21,2026-5-14_stair1_left.csv,stair1,0.0,0.0,750.0,0.0,0.0,0.0,523.0,0.0,1588.0,0.0,0.0,0.0,2486.0,0.0,1377.0,2430.0,2806.0,0.0
1779,2026-05-14 23:07:21,2026-5-14_stair1_left.csv,stair1,0.0,0.0,0.0,0.0,0.0,0.0,0.0,0.0,287.0,0.0,0.0,0.0,0.0,0.0,0.0,0.0,0.0,0.0
1780,2026-05-14 23:07:21,2026-5-14_stair1_left.csv,stair1,0.0,0.0,0.0,0.0,0.0,0.0,0.0,0.0,0.0,0.0,0.0,0.0,0.0,0.0,0.0,0.0,0.0,0.0
1781,2026-05-14 23:07:22,2026-5-14_stair1_left.csv,stair1,0.0,0.0,0.0,0.0,0.0,0.0,0.0,0.0,0.0,0.0,0.0,0.0,0.0,0.0,0.0,0.0,0.0,0.0
1782,2026-05-14 23:07:22,2026-5-14_stair1_left.csv,stair1,0.0,0.0,39.0,0.0,0.0,0.0,0.0,0.0,0.0,0.0,0.0,0.0,0.0,0.0,0.0,0.0,0.0,0.0
1783,2026-05-14 23:07:22,2026-5-14_stair1_left.csv,stair1,0.0,0.0,238.0,0.0,0.0,0.0,0.0,0.0,0.0,0.0,0.0,0.0,0.0,0.0,0.0,0.0,0.0,0.0
1784,2026-05-14 23:07:22,2026-5-14_stair1_left.csv,stair1,0.0,0.0,238.0,0.0,0.0,0.0,0.0,0.0,0.0,0.0,0.0,0.0,0.0,0.0,0.0,0.0,0.0,0.0
1785,2026-05-14 23:07:22,2026-5-14_stair1_left.csv,stair1,0.0,0.0,340.0,0.0,0.0,0.0,0.0,0.0,10.0,0.0,0.0,0.0,0.0,0.0,0.0,0.0,0.0,0.0
1786,2026-05-14 23:07:22,2026-5-14_stair1_left.csv,stair1,0.0,0.0,802.0,0.0,0.0,0.0,0.0,0.0,814.0,0.0,0.0,0.0,0.0,0.0,410.0,652.0,0.0,0.0
1787,2026-05-14 23:07:22,2026-5-14_stair1_left.csv,stair1,0.0,0.0,3021.0,1363.0,0.0,0.0,0.0,0.0,3543.0,1720.0,0.0,0.0,0.0,0.0,1711.0,2032.0,334.0,0.0
1788,2026-05-14 23:07:22,2026-5-14_stair1_left.csv,stair1,0.0,0.0,3021.0,1363.0,0.0,0.0,0.0,0.0,3543.0,1720.0,0.0,0.0,0.0,0.0,1711.0,2032.0,334.0,0.0
1789,2026-05-14 23:07:22,2026-5-14_stair1_left.csv,stair1,0.0,0.0,4669.0,2377.0,0.0,0.0,0.0,0.0,4521.0,2904.0,256.0,47.0,490.0,0.0,2444.0,2717.0,1417.0,0.0
1790,2026-05-14 23:07:22,2026-5-14_stair1_left.csv,stair1,0.0,0.0,5587.0,3119.0,0.0,0.0,107.0,0.0,4974.0,3722.0,810.0,483.0,1300.0,0.0,3087.0,3470.0,2063.0,0.0
1791,2026-05-14 23:07:22,2026-5-14_stair1_left.csv,stair1,0.0,0.0,4276.0,2155.0,0.0,0.0,0.0,0.0,4182.0,2734.0,269.0,216.0,621.0,0.0,3013.0,3343.0,1644.0,0.0
1792,2026-05-14 23:07:22,2026-5-14_stair1_left.csv,stair1,0.0,0.0,4276.0,2155.0,0.0,0.0,0.0,0.0,4182.0,2734.0,269.0,216.0,621.0,0.0,3013.0,3343.0,1644.0,0.0
1793,2026-05-14 23:07:22,2026-5-14_stair1_left.csv,stair1,0.0,0.0,3436.0,1395.0,0.0,0.0,0.0,0.0,3647.0,2252.0,0.0,0.0,211.0,0.0,2973.0,3275.0,1410.0,0.0
1794,2026-05-14 23:07:22,2026-5-14_stair1_left.csv,stair1,0.0,0.0,2921.0,1147.0,0.0,0.0,0.0,0.0,3543.0,2115.0,0.0,0.0,0.0,0.0,3241.0,3394.0,1365.0,0.0
1795,2026-05-14 23:07:22,2026-5-14_stair1_left.csv,stair1,0.0,0.0,2921.0,1147.0,0.0,0.0,0.0,0.0,3543.0,2115.0,0.0,0.0,0.0,0.0,3241.0,3394.0,1365.0,0.0
1796,2026-05-14 23:07:22,2026-5-14_stair1_left.csv,stair1,0.0,0.0,3975.0,2292.0,0.0,0.0,0.0,0.0,4524.0,3493.0,789.0,708.0,521.0,0.0,4415.0,4802.0,2420.0,0.0
1797,2026-05-14 23:07:22,2026-5-14_stair1_left.csv,stair1,0.0,0.0,3652.0,1917.0,0.0,0.0,958.0,0.0,3722.0,2641.0,1198.0,1975.0,3292.0,0.0,4515.0,6292.0,4501.0,0.0
1798,2026-05-14 23:07:22,2026-5-14_stair1_left.csv,stair1,0.0,0.0,3652.0,1917.0,0.0,0.0,958.0,0.0,3722.0,2641.0,1198.0,1975.0,3292.0,0.0,4515.0,6292.0,4501.0,0.0
1799,2026-05-14 23:07:22,2026-5-14_stair1_left.csv,stair1,692.0,0.0,1565.0,0.0,0.0,0.0,3463.0,0.0,2067.0,0.0,144.0,2242.0,5612.0,0.0,2693.0,5422.0,5200.0,0.0
1800,2026-05-14 23:07:22,2026-5-14_stair1_left.csv,stair1,692.0,0.0,1565.0,0.0,0.0,0.0,3463.0,0.0,2067.0,0.0,144.0,2242.0,5612.0,0.0,2693.0,5422.0,5200.0,0.0
1801,2026-05-14 23:07:23,2026-5-14_stair1_left.csv,stair1,0.0,0.0,0.0,0.0,0.0,0.0,0.0,0.0,0.0,0.0,0.0,0.0,0.0,0.0,0.0,0.0,0.0,0.0
1802,2026-05-14 23:07:23,2026-5-14_stair1_left.csv,stair1,0.0,0.0,0.0,0.0,0.0,0.0,0.0,0.0,0.0,0.0,0.0,0.0,0.0,0.0,0.0,0.0,0.0,0.0
1803,2026-05-14 23:07:23,2026-5-14_stair1_left.csv,stair1,0.0,0.0,0.0,0.0,0.0,0.0,0.0,0.0,0.0,0.0,0.0,0.0,0.0,0.0,0.0,0.0,0.0,0.0
1804,2026-05-14 23:07:23,2026-5-14_stair1_left.csv,stair1,0.0,0.0,0.0,0.0,0.0,0.0,0.0,0.0,0.0,0.0,0.0,0.0,0.0,0.0,0.0,0.0,0.0,0.0
1805,2026-05-14 23:07:23,2026-5-14_stair1_left.csv,stair1,0.0,0.0,0.0,0.0,0.0,0.0,0.0,0.0,0.0,0.0,0.0,0.0,0.0,0.0,0.0,0.0,0.0,0.0
1806,2026-05-14 23:07:23,2026-5-14_stair1_left.csv,stair1,0.0,0.0,219.0,0.0,0.0,0.0,0.0,0.0,0.0,0.0,0.0,0.0,0.0,0.0,0.0,0.0,0.0,0.0
1807,2026-05-14 23:07:23,2026-5-14_stair1_left.csv,stair1,0.0,0.0,243.0,0.0,0.0,0.0,0.0,0.0,0.0,0.0,0.0,0.0,0.0,0.0,0.0,0.0,0.0,0.0
1808,2026-05-14 23:07:23,2026-5-14_stair1_left.csv,stair1,0.0,0.0,135.0,0.0,0.0,0.0,0.0,0.0,0.0,0.0,0.0,0.0,0.0,0.0,0.0,0.0,0.0,0.0
1809,2026-05-14 23:07:23,2026-5-14_stair1_left.csv,stair1,0.0,0.0,135.0,0.0,0.0,0.0,0.0,0.0,0.0,0.0,0.0,0.0,0.0,0.0,0.0,0.0,0.0,0.0
1810,2026-05-14 23:07:23,2026-5-14_stair1_left.csv,stair1,0.0,0.0,2098.0,281.0,0.0,0.0,0.0,0.0,2139.0,553.0,0.0,0.0,0.0,0.0,1030.0,1411.0,463.0,0.0
1811,2026-05-14 23:07:23,2026-5-14_stair1_left.csv,stair1,0.0,0.0,4229.0,1720.0,0.0,0.0,802.0,0.0,3548.0,2109.0,206.0,27.0,1338.0,0.0,1855.0,2195.0,1526.0,0.0
1812,2026-05-14 23:07:23,2026-5-14_stair1_left.csv,stair1,0.0,0.0,4229.0,1720.0,0.0,0.0,802.0,0.0,3548.0,2109.0,206.0,27.0,1338.0,0.0,1855.0,2195.0,1526.0,0.0
1813,2026-05-14 23:07:23,2026-5-14_stair1_left.csv,stair1,343.0,0.0,4690.0,2319.0,0.0,0.0,1259.0,0.0,3776.0,2571.0,677.0,253.0,1975.0,0.0,2299.0,2761.0,2113.0,0.0
1814,2026-05-14 23:07:23,2026-5-14_stair1_left.csv,stair1,271.0,0.0,3980.0,1643.0,0.0,0.0,1323.0,0.0,3175.0,2037.0,522.0,404.0,2195.0,0.0,2329.0,3098.0,2304.0,0.0
1815,2026-05-14 23:07:23,2026-5-14_stair1_left.csv,stair1,271.0,0.0,3980.0,1643.0,0.0,0.0,1323.0,0.0,3175.0,2037.0,522.0,404.0,2195.0,0.0,2329.0,3098.0,2304.0,0.0
1816,2026-05-14 23:07:23,2026-5-14_stair1_left.csv,stair1,0.0,0.0,1773.0,74.0,0.0,0.0,918.0,0.0,1934.0,624.0,0.0,473.0,2258.0,0.0,2325.0,3356.0,2630.0,0.0
1817,2026-05-14 23:07:23,2026-5-14_stair1_left.csv,stair1,0.0,0.0,1682.0,0.0,0.0,0.0,889.0,0.0,1901.0,586.0,0.0,611.0,2403.0,0.0,2521.0,3537.0,2894.0,0.0
1818,2026-05-14 23:07:23,2026-5-14_stair1_left.csv,stair1,0.0,0.0,1682.0,0.0,0.0,0.0,889.0,0.0,1901.0,586.0,0.0,611.0,2403.0,0.0,2521.0,3537.0,2894.0,0.0
1819,2026-05-14 23:07:23,2026-5-14_stair1_left.csv,stair1,0.0,0.0,1682.0,0.0,0.0,0.0,889.0,0.0,1901.0,586.0,0.0,611.0,2403.0,0.0,2521.0,3537.0,2894.0,0.0
1820,2026-05-14 23:07:23,2026-5-14_stair1_left.csv,stair1,1016.0,0.0,2016.0,42.0,0.0,0.0,3046.0,0.0,2073.0,654.0,411.0,1911.0,5072.0,0.0,2872.0,4976.0,4894.0,0.0
1821,2026-05-14 23:07:24,2026-5-14_stair1_left.csv,stair1,2065.0,0.0,420.0,0.0,0.0,0.0,3450.0,0.0,793.0,0.0,0.0,0.0,4270.0,0.0,471.0,1606.0,2210.0,0.0
1822,2026-05-14 23:07:24,2026-5-14_stair1_left.csv,stair1,2065.0,0.0,420.0,0.0,0.0,0.0,3450.0,0.0,793.0,0.0,0.0,0.0,4270.0,0.0,471.0,1606.0,2210.0,0.0
1823,2026-05-14 23:07:24,2026-5-14_stair1_left.csv,stair1,0.0,0.0,0.0,0.0,0.0,0.0,0.0,0.0,0.0,0.0,0.0,0.0,0.0,0.0,0.0,404.0,0.0,0.0
1824,2026-05-14 23:07:24,2026-5-14_stair1_left.csv,stair1,0.0,0.0,0.0,0.0,0.0,0.0,0.0,0.0,0.0,0.0,0.0,0.0,0.0,0.0,0.0,0.0,0.0,0.0
1825,2026-05-14 23:07:24,2026-5-14_stair1_left.csv,stair1,0.0,0.0,0.0,0.0,0.0,0.0,0.0,0.0,0.0,0.0,0.0,0.0,0.0,0.0,0.0,0.0,0.0,0.0
1826,2026-05-14 23:07:24,2026-5-14_stair1_left.csv,stair1,0.0,0.0,0.0,0.0,0.0,0.0,0.0,0.0,0.0,0.0,0.0,0.0,0.0,0.0,0.0,0.0,0.0,0.0
1827,2026-05-14 23:07:24,2026-5-14_stair1_left.csv,stair1,0.0,0.0,0.0,0.0,0.0,0.0,0.0,0.0,0.0,0.0,0.0,0.0,0.0,0.0,0.0,0.0,0.0,0.0
1828,2026-05-14 23:07:24,2026-5-14_stair1_left.csv,stair1,0.0,0.0,0.0,0.0,0.0,0.0,0.0,0.0,0.0,0.0,0.0,0.0,0.0,0.0,0.0,0.0,0.0,0.0
1829,2026-05-14 23:07:24,2026-5-14_stair1_left.csv,stair1,0.0,0.0,33.0,0.0,0.0,0.0,0.0,0.0,0.0,0.0,0.0,0.0,0.0,0.0,0.0,0.0,0.0,0.0
1830,2026-05-14 23:07:24,2026-5-14_stair1_left.csv,stair1,0.0,0.0,36.0,0.0,0.0,0.0,0.0,0.0,0.0,0.0,0.0,0.0,0.0,0.0,0.0,0.0,0.0,0.0
1831,2026-05-14 23:07:24,2026-5-14_stair1_left.csv,stair1,0.0,0.0,0.0,0.0,0.0,0.0,0.0,0.0,0.0,0.0,0.0,0.0,0.0,0.0,0.0,0.0,0.0,0.0
1832,2026-05-14 23:07:24,2026-5-14_stair1_left.csv,stair1,0.0,0.0,2653.0,849.0,0.0,0.0,0.0,0.0,2708.0,1187.0,0.0,0.0,0.0,0.0,959.0,1096.0,0.0,0.0
1833,2026-05-14 23:07:24,2026-5-14_stair1_left.csv,stair1,0.0,0.0,2653.0,849.0,0.0,0.0,0.0,0.0,2708.0,1187.0,0.0,0.0,0.0,0.0,959.0,1096.0,0.0,0.0
1834,2026-05-14 23:07:24,2026-5-14_stair1_left.csv,stair1,0.0,0.0,5096.0,2637.0,0.0,0.0,214.0,0.0,4928.0,3236.0,235.0,0.0,949.0,0.0,2406.0,2541.0,1517.0,0.0
1835,2026-05-14 23:07:24,2026-5-14_stair1_left.csv,stair1,0.0,0.0,5828.0,3320.0,0.0,0.0,864.0,0.0,5287.0,4139.0,832.0,85.0,2008.0,0.0,3191.0,0.0,0.0,0.0
1836,2026-05-14 23:07:24,2026-5-14_stair1_left.csv,stair1,0.0,0.0,5828.0,3320.0,0.0,0.0,864.0,0.0,5287.0,4139.0,832.0,85.0,2008.0,0.0,3191.0,0.0,0.0,0.0
1837,2026-05-14 23:07:24,2026-5-14_stair1_left.csv,stair1,0.0,0.0,5828.0,3320.0,0.0,0.0,864.0,0.0,5287.0,4139.0,832.0,85.0,2008.0,0.0,3191.0,0.0,0.0,0.0
1838,2026-05-14 23:07:24,2026-5-14_stair1_left.csv,stair1,0.0,0.0,3344.0,1354.0,0.0,0.0,830.0,0.0,3186.0,2104.0,293.0,345.0,2117.0,0.0,2962.0,3690.0,2833.0,0.0
1839,2026-05-14 23:07:24,2026-5-14_stair1_left.csv,stair1,0.0,0.0,1505.0,0.0,0.0,0.0,896.0,0.0,1861.0,659.0,0.0,646.0,2325.0,0.0,2786.0,3762.0,3034.0,0.0
1840,2026-05-14 23:07:24,2026-5-14_stair1_left.csv,stair1,0.0,0.0,1505.0,0.0,0.0,0.0,896.0,0.0,1861.0,659.0,0.0,646.0,2325.0,0.0,2786.0,3762.0,3034.0,0.0
1841,2026-05-14 23:07:25,2026-5-14_stair1_left.csv,stair1,0.0,0.0,1720.0,20.0,0.0,0.0,1275.0,0.0,2075.0,920.0,125.0,933.0,2922.0,0.0,3069.0,0.0,0.0,0.0
1842,2026-05-14 23:07:25,2026-5-14_stair1_left.csv,stair1,0.0,0.0,1720.0,20.0,0.0,0.0,1275.0,0.0,2075.0,920.0,125.0,933.0,2922.0,0.0,3069.0,0.0,0.0,0.0
1843,2026-05-14 23:07:25,2026-5-14_stair1_left.csv,stair1,2133.0,0.0,907.0,0.0,0.0,0.0,4080.0,0.0,1463.0,0.0,0.0,308.0,5720.0,0.0,1812.0,3380.0,4369.0,0.0
1844,2026-05-14 23:07:25,2026-5-14_stair1_left.csv,stair1,2133.0,0.0,907.0,0.0,0.0,0.0,4080.0,0.0,1463.0,0.0,0.0,308.0,5720.0,0.0,1812.0,3380.0,4369.0,0.0
1845,2026-05-14 23:07:25,2026-5-14_stair1_left.csv,stair1,1418.0,0.0,58.0,0.0,0.0,0.0,2593.0,0.0,488.0,0.0,0.0,0.0,3279.0,0.0,177.0,1400.0,1649.0,0.0
1846,2026-05-14 23:07:25,2026-5-14_stair1_left.csv,stair1,0.0,0.0,0.0,0.0,0.0,0.0,0.0,0.0,0.0,0.0,0.0,0.0,0.0,0.0,0.0,249.0,0.0,0.0
1847,2026-05-14 23:07:25,2026-5-14_stair1_left.csv,stair1,0.0,0.0,0.0,0.0,0.0,0.0,0.0,0.0,0.0,0.0,0.0,0.0,0.0,0.0,0.0,249.0,0.0,0.0
1848,2026-05-14 23:07:25,2026-5-14_stair1_left.csv,stair1,0.0,0.0,0.0,0.0,0.0,0.0,0.0,0.0,0.0,0.0,0.0,0.0,0.0,0.0,0.0,0.0,0.0,0.0
1849,2026-05-14 23:07:25,2026-5-14_stair1_left.csv,stair1,0.0,0.0,0.0,0.0,0.0,0.0,0.0,0.0,0.0,0.0,0.0,0.0,0.0,0.0,0.0,0.0,0.0,0.0
1850,2026-05-14 23:07:25,2026-5-14_stair1_left.csv,stair1,0.0,0.0,0.0,0.0,0.0,0.0,0.0,0.0,0.0,0.0,0.0,0.0,0.0,0.0,0.0,0.0,0.0,0.0
1851,2026-05-14 23:07:25,2026-5-14_stair1_left.csv,stair1,0.0,0.0,0.0,0.0,0.0,0.0,0.0,0.0,0.0,0.0,0.0,0.0,0.0,0.0,0.0,0.0,0.0,0.0
1852,2026-05-14 23:07:25,2026-5-14_stair1_left.csv,stair1,0.0,0.0,0.0,0.0,0.0,0.0,0.0,0.0,0.0,0.0,0.0,0.0,0.0,0.0,0.0,0.0,0.0,0.0
1853,2026-05-14 23:07:25,2026-5-14_stair1_left.csv,stair1,0.0,0.0,0.0,0.0,0.0,0.0,0.0,0.0,0.0,0.0,0.0,0.0,0.0,0.0,0.0,0.0,0.0,0.0
1854,2026-05-14 23:07:25,2026-5-14_stair1_left.csv,stair1,0.0,0.0,0.0,0.0,0.0,0.0,0.0,0.0,0.0,0.0,0.0,0.0,0.0,0.0,0.0,0.0,0.0,0.0
1855,2026-05-14 23:07:25,2026-5-14_stair1_left.csv,stair1,0.0,0.0,0.0,0.0,0.0,0.0,0.0,0.0,0.0,0.0,0.0,0.0,0.0,0.0,0.0,0.0,0.0,0.0
1856,2026-05-14 23:07:25,2026-5-14_stair1_left.csv,stair1,0.0,0.0,2714.0,1041.0,0.0,0.0,0.0,0.0,3014.0,1536.0,0.0,0.0,0.0,0.0,1146.0,1067.0,0.0,0.0
1857,2026-05-14 23:07:25,2026-5-14_stair1_left.csv,stair1,0.0,0.0,5263.0,2706.0,0.0,0.0,0.0,0.0,4498.0,3025.0,0.0,0.0,569.0,0.0,1819.0,1746.0,1090.0,0.0
1858,2026-05-14 23:07:25,2026-5-14_stair1_left.csv,stair1,0.0,0.0,5263.0,2706.0,0.0,0.0,0.0,0.0,4498.0,3025.0,0.0,0.0,569.0,0.0,1819.0,1746.0,1090.0,0.0
1859,2026-05-14 23:07:25,2026-5-14_stair1_left.csv,stair1,0.0,0.0,5263.0,2706.0,0.0,0.0,0.0,0.0,4498.0,3025.0,0.0,0.0,569.0,0.0,1819.0,1746.0,1090.0,0.0
1860,2026-05-14 23:07:25,2026-5-14_stair1_left.csv,stair1,0.0,0.0,5495.0,2974.0,0.0,0.0,529.0,0.0,4388.0,3013.0,198.0,0.0,1076.0,0.0,1750.0,1859.0,1484.0,0.0
1861,2026-05-14 23:07:26,2026-5-14_stair1_left.csv,stair1,0.0,0.0,3953.0,1544.0,0.0,0.0,141.0,0.0,3297.0,1943.0,0.0,0.0,939.0,0.0,1646.0,1839.0,1358.0,0.0
1862,2026-05-14 23:07:26,2026-5-14_stair1_left.csv,stair1,0.0,0.0,3953.0,1544.0,0.0,0.0,141.0,0.0,3297.0,1943.0,0.0,0.0,939.0,0.0,1646.0,1839.0,1358.0,0.0
1863,2026-05-14 23:07:26,2026-5-14_stair1_left.csv,stair1,0.0,0.0,3981.0,1638.0,0.0,0.0,183.0,0.0,3536.0,2138.0,0.0,0.0,1096.0,0.0,1999.0,2158.0,1622.0,0.0
1864,2026-05-14 23:07:26,2026-5-14_stair1_left.csv,stair1,454.0,0.0,3699.0,1587.0,0.0,0.0,1611.0,0.0,3012.0,1973.0,473.0,408.0,2894.0,0.0,2481.0,3224.0,3070.0,0.0
1865,2026-05-14 23:07:26,2026-5-14_stair1_left.csv,stair1,454.0,0.0,3699.0,1587.0,0.0,0.0,1611.0,0.0,3012.0,1973.0,473.0,408.0,2894.0,0.0,2481.0,3224.0,3070.0,0.0
1866,2026-05-14 23:07:26,2026-5-14_stair1_left.csv,stair1,2185.0,0.0,1825.0,0.0,0.0,0.0,3125.0,0.0,1725.0,10.0,0.0,938.0,4189.0,0.0,1800.0,3191.0,3446.0,0.0
1867,2026-05-14 23:07:26,2026-5-14_stair1_left.csv,stair1,2185.0,0.0,1825.0,0.0,0.0,0.0,3125.0,0.0,1725.0,10.0,0.0,938.0,4189.0,0.0,1800.0,3191.0,3446.0,0.0
1868,2026-05-14 23:07:26,2026-5-14_stair1_left.csv,stair1,2604.0,0.0,1222.0,0.0,0.0,0.0,3226.0,0.0,1417.0,0.0,0.0,0.0,4193.0,0.0,1260.0,2137.0,2668.0,0.0
1869,2026-05-14 23:07:26,2026-5-14_stair1_left.csv,stair1,0.0,0.0,0.0,0.0,0.0,0.0,0.0,0.0,0.0,0.0,0.0,0.0,0.0,0.0,0.0,0.0,0.0,0.0
1870,2026-05-14 23:07:26,2026-5-14_stair1_left.csv,stair1,0.0,0.0,0.0,0.0,0.0,0.0,0.0,0.0,0.0,0.0,0.0,0.0,0.0,0.0,0.0,0.0,0.0,0.0
1871,2026-05-14 23:07:26,2026-5-14_stair1_left.csv,stair1,0.0,0.0,0.0,0.0,0.0,0.0,0.0,0.0,0.0,0.0,0.0,0.0,0.0,0.0,0.0,0.0,0.0,0.0
1872,2026-05-14 23:07:26,2026-5-14_stair1_left.csv,stair1,0.0,0.0,0.0,0.0,0.0,0.0,0.0,0.0,0.0,0.0,0.0,0.0,0.0,0.0,0.0,0.0,0.0,0.0
1873,2026-05-14 23:07:26,2026-5-14_stair1_left.csv,stair1,0.0,0.0,0.0,0.0,0.0,0.0,0.0,0.0,0.0,0.0,0.0,0.0,0.0,0.0,0.0,0.0,0.0,0.0
1874,2026-05-14 23:07:26,2026-5-14_stair1_left.csv,stair1,0.0,0.0,0.0,0.0,0.0,0.0,0.0,0.0,0.0,0.0,0.0,0.0,0.0,0.0,0.0,0.0,0.0,0.0
1875,2026-05-14 23:07:26,2026-5-14_stair1_left.csv,stair1,0.0,0.0,2.0,0.0,0.0,0.0,0.0,0.0,0.0,0.0,0.0,0.0,0.0,0.0,0.0,0.0,0.0,0.0
1876,2026-05-14 23:07:26,2026-5-14_stair1_left.csv,stair1,0.0,0.0,0.0,0.0,0.0,0.0,0.0,0.0,0.0,0.0,0.0,0.0,0.0,0.0,0.0,0.0,0.0,0.0
1877,2026-05-14 23:07:26,2026-5-14_stair1_left.csv,stair1,0.0,0.0,0.0,0.0,0.0,0.0,0.0,0.0,0.0,0.0,0.0,0.0,0.0,0.0,0.0,0.0,0.0,0.0
1878,2026-05-14 23:07:26,2026-5-14_stair1_left.csv,stair1,0.0,0.0,0.0,0.0,0.0,0.0,0.0,0.0,0.0,0.0,0.0,0.0,0.0,0.0,0.0,0.0,0.0,0.0
1879,2026-05-14 23:07:26,2026-5-14_stair1_left.csv,stair1,0.0,0.0,3136.0,1209.0,0.0,0.0,0.0,0.0,3481.0,1773.0,0.0,0.0,188.0,0.0,1540.0,1457.0,694.0,0.0
1880,2026-05-14 23:07:26,2026-5-14_stair1_left.csv,stair1,0.0,0.0,5213.0,3038.0,0.0,0.0,737.0,0.0,4890.0,3594.0,705.0,0.0,1610.0,0.0,2780.0,2542.0,1868.0,0.0
1881,2026-05-14 23:07:27,2026-5-14_stair1_left.csv,stair1,0.0,0.0,5213.0,3038.0,0.0,0.0,737.0,0.0,4890.0,3594.0,705.0,0.0,1610.0,0.0,2780.0,2542.0,1868.0,0.0
1882,2026-05-14 23:07:27,2026-5-14_stair1_left.csv,stair1,0.0,0.0,5477.0,3299.0,0.0,0.0,942.0,0.0,4884.0,3937.0,1069.0,0.0,2001.0,0.0,3137.0,3060.0,2346.0,0.0
1883,2026-05-14 23:07:27,2026-5-14_stair1_left.csv,stair1,0.0,0.0,4689.0,2601.0,0.0,0.0,724.0,0.0,4331.0,3391.0,637.0,0.0,1846.0,0.0,3139.0,3049.0,2232.0,0.0
1884,2026-05-14 23:07:27,2026-5-14_stair1_left.csv,stair1,0.0,0.0,4689.0,2601.0,0.0,0.0,724.0,0.0,4331.0,3391.0,637.0,0.0,1846.0,0.0,3139.0,3049.0,2232.0,0.0
1885,2026-05-14 23:07:27,2026-5-14_stair1_left.csv,stair1,0.0,0.0,2929.0,1224.0,0.0,0.0,0.0,0.0,3398.0,2378.0,0.0,0.0,1001.0,0.0,3043.0,3043.0,1965.0,0.0
1886,2026-05-14 23:07:27,2026-5-14_stair1_left.csv,stair1,0.0,0.0,3293.0,1628.0,0.0,0.0,0.0,0.0,3892.0,2790.0,70.0,0.0,1107.0,0.0,3276.0,3174.0,2062.0,0.0
1887,2026-05-14 23:07:27,2026-5-14_stair1_left.csv,stair1,0.0,0.0,3293.0,1628.0,0.0,0.0,0.0,0.0,3892.0,2790.0,70.0,0.0,1107.0,0.0,3276.0,3174.0,2062.0,0.0
1888,2026-05-14 23:07:27,2026-5-14_stair1_left.csv,stair1,0.0,0.0,3854.0,2354.0,0.0,0.0,1210.0,0.0,3836.0,3110.0,1108.0,573.0,3219.0,0.0,3895.0,4409.0,3976.0,0.0
1889,2026-05-14 23:07:27,2026-5-14_stair1_left.csv,stair1,622.0,0.0,2186.0,457.0,0.0,0.0,2931.0,0.0,2349.0,1013.0,487.0,1311.0,5007.0,0.0,3005.0,4659.0,4726.0,0.0
1890,2026-05-14 23:07:27,2026-5-14_stair1_left.csv,stair1,622.0,0.0,2186.0,457.0,0.0,0.0,2931.0,0.0,2349.0,1013.0,487.0,1311.0,5007.0,0.0,3005.0,4659.0,4726.0,0.0
1891,2026-05-14 23:07:27,2026-5-14_stair1_left.csv,stair1,1650.0,0.0,45.0,0.0,0.0,0.0,1883.0,0.0,444.0,0.0,0.0,0.0,2093.0,0.0,0.0,1167.0,766.0,0.0
1892,2026-05-14 23:07:27,2026-5-14_stair1_left.csv,stair1,0.0,0.0,0.0,0.0,0.0,0.0,0.0,0.0,0.0,0.0,0.0,0.0,0.0,0.0,0.0,0.0,0.0,0.0
1893,2026-05-14 23:07:27,2026-5-14_stair1_left.csv,stair1,0.0,0.0,0.0,0.0,0.0,0.0,0.0,0.0,0.0,0.0,0.0,0.0,0.0,0.0,0.0,0.0,0.0,0.0
1894,2026-05-14 23:07:27,2026-5-14_stair1_left.csv,stair1,0.0,0.0,0.0,0.0,0.0,0.0,0.0,0.0,0.0,0.0,0.0,0.0,0.0,0.0,0.0,0.0,0.0,0.0
1895,2026-05-14 23:07:27,2026-5-14_stair1_left.csv,stair1,0.0,0.0,0.0,0.0,0.0,0.0,0.0,0.0,0.0,0.0,0.0,0.0,0.0,0.0,0.0,0.0,0.0,0.0
1896,2026-05-14 23:07:27,2026-5-14_stair1_left.csv,stair1,0.0,0.0,0.0,0.0,0.0,0.0,0.0,0.0,0.0,0.0,0.0,0.0,0.0,0.0,0.0,0.0,0.0,0.0
1897,2026-05-14 23:07:27,2026-5-14_stair1_left.csv,stair1,0.0,0.0,0.0,0.0,0.0,0.0,0.0,0.0,0.0,0.0,0.0,0.0,0.0,0.0,0.0,0.0,0.0,0.0
1898,2026-05-14 23:07:27,2026-5-14_stair1_left.csv,stair1,0.0,0.0,0.0,0.0,0.0,0.0,0.0,0.0,0.0,0.0,0.0,0.0,0.0,0.0,0.0,0.0,0.0,0.0
1899,2026-05-14 23:07:27,2026-5-14_stair1_left.csv,stair1,0.0,0.0,0.0,0.0,0.0,0.0,0.0,0.0,0.0,0.0,0.0,0.0,0.0,0.0,0.0,0.0,0.0,0.0
1900,2026-05-14 23:07:27,2026-5-14_stair1_left.csv,stair1,0.0,0.0,0.0,0.0,0.0,0.0,0.0,0.0,0.0,0.0,0.0,0.0,0.0,0.0,0.0,0.0,0.0,0.0
1901,2026-05-14 23:07:28,2026-5-14_stair1_left.csv,stair1,0.0,0.0,0.0,0.0,0.0,0.0,0.0,0.0,0.0,0.0,0.0,0.0,0.0,0.0,0.0,0.0,0.0,0.0
1902,2026-05-14 23:07:28,2026-5-14_stair1_left.csv,stair1,0.0,0.0,4203.0,1660.0,0.0,0.0,0.0,0.0,4633.0,2425.0,0.0,0.0,0.0,0.0,839.0,298.0,0.0,0.0
1903,2026-05-14 23:07:28,2026-5-14_stair1_left.csv,stair1,0.0,0.0,7556.0,4653.0,0.0,0.0,0.0,0.0,7011.0,4908.0,0.0,0.0,0.0,0.0,906.0,502.0,0.0,0.0
1904,2026-05-14 23:07:28,2026-5-14_stair1_left.csv,stair1,0.0,0.0,8315.0,5234.0,0.0,0.0,0.0,0.0,7240.0,5078.0,0.0,0.0,0.0,0.0,1118.0,408.0,0.0,0.0
1905,2026-05-14 23:07:28,2026-5-14_stair1_left.csv,stair1,0.0,0.0,6832.0,4082.0,0.0,0.0,0.0,0.0,6013.0,4290.0,0.0,0.0,86.0,0.0,1597.0,915.0,256.0,0.0
1906,2026-05-14 23:07:28,2026-5-14_stair1_left.csv,stair1,0.0,0.0,6832.0,4082.0,0.0,0.0,0.0,0.0,6013.0,4290.0,0.0,0.0,86.0,0.0,1597.0,915.0,256.0,0.0
1907,2026-05-14 23:07:28,2026-5-14_stair1_left.csv,stair1,0.0,0.0,4946.0,2623.0,0.0,0.0,0.0,0.0,4656.0,3130.0,0.0,0.0,337.0,0.0,1858.0,1444.0,617.0,0.0
1908,2026-05-14 23:07:28,2026-5-14_stair1_left.csv,stair1,0.0,0.0,3066.0,987.0,0.0,0.0,0.0,0.0,3515.0,2155.0,0.0,319.0,1308.0,0.0,2424.0,2698.0,1939.0,0.0
1909,2026-05-14 23:07:28,2026-5-14_stair1_left.csv,stair1,0.0,0.0,3066.0,987.0,0.0,0.0,0.0,0.0,3515.0,2155.0,0.0,319.0,1308.0,0.0,2424.0,2698.0,1939.0,0.0
1910,2026-05-14 23:07:28,2026-5-14_stair1_left.csv,stair1,0.0,0.0,3185.0,1075.0,0.0,0.0,231.0,0.0,3652.0,2424.0,272.0,813.0,1948.0,0.0,2960.0,3409.0,2549.0,0.0
1911,2026-05-14 23:07:28,2026-5-14_stair1_left.csv,stair1,0.0,0.0,2689.0,411.0,0.0,0.0,1721.0,0.0,2997.0,1307.0,475.0,2166.0,4429.0,0.0,3170.0,5215.0,4913.0,0.0
1912,2026-05-14 23:07:28,2026-5-14_stair1_left.csv,stair1,0.0,0.0,2689.0,411.0,0.0,0.0,1721.0,0.0,2997.0,1307.0,475.0,2166.0,4429.0,0.0,3170.0,5215.0,4913.0,0.0
1913,2026-05-14 23:07:28,2026-5-14_stair1_left.csv,stair1,1.0,0.0,2093.0,0.0,0.0,0.0,3198.0,0.0,2197.0,232.0,164.0,1843.0,6360.0,0.0,2550.0,4918.0,6255.0,0.0
1914,2026-05-14 23:07:28,2026-5-14_stair1_left.csv,stair1,220.0,0.0,1497.0,0.0,0.0,0.0,3929.0,0.0,1755.0,0.0,0.0,193.0,6790.0,0.0,1668.0,2886.0,5614.0,0.0
1915,2026-05-14 23:07:28,2026-5-14_stair1_left.csv,stair1,220.0,0.0,1497.0,0.0,0.0,0.0,3929.0,0.0,1755.0,0.0,0.0,193.0,6790.0,0.0,1668.0,2886.0,5614.0,0.0
1916,2026-05-14 23:07:28,2026-5-14_stair1_left.csv,stair1,0.0,0.0,0.0,0.0,0.0,0.0,0.0,0.0,0.0,0.0,0.0,0.0,0.0,0.0,0.0,259.0,0.0,0.0
1917,2026-05-14 23:07:28,2026-5-14_stair1_left.csv,stair1,0.0,0.0,0.0,0.0,0.0,0.0,0.0,0.0,0.0,0.0,0.0,0.0,0.0,0.0,0.0,259.0,0.0,0.0
1918,2026-05-14 23:07:28,2026-5-14_stair1_left.csv,stair1,0.0,0.0,0.0,0.0,0.0,0.0,0.0,0.0,0.0,0.0,0.0,0.0,0.0,0.0,0.0,0.0,0.0,0.0
1919,2026-05-14 23:07:28,2026-5-14_stair1_left.csv,stair1,0.0,0.0,0.0,0.0,0.0,0.0,0.0,0.0,0.0,0.0,0.0,0.0,0.0,0.0,0.0,0.0,0.0,0.0
1920,2026-05-14 23:07:28,2026-5-14_stair1_left.csv,stair1,0.0,0.0,0.0,0.0,0.0,0.0,0.0,0.0,0.0,0.0,0.0,0.0,0.0,0.0,0.0,0.0,0.0,0.0
1921,2026-05-14 23:07:29,2026-5-14_stair1_left.csv,stair1,0.0,0.0,0.0,0.0,0.0,0.0,0.0,0.0,0.0,0.0,0.0,0.0,0.0,0.0,0.0,0.0,0.0,0.0
1922,2026-05-14 23:07:29,2026-5-14_stair1_left.csv,stair1,0.0,0.0,0.0,0.0,0.0,0.0,0.0,0.0,0.0,0.0,0.0,0.0,0.0,0.0,0.0,0.0,0.0,0.0
1923,2026-05-14 23:07:29,2026-5-14_stair1_left.csv,stair1,0.0,0.0,0.0,0.0,0.0,0.0,0.0,0.0,0.0,0.0,0.0,0.0,0.0,0.0,0.0,0.0,0.0,0.0
1924,2026-05-14 23:07:29,2026-5-14_stair1_left.csv,stair1,0.0,0.0,0.0,0.0,0.0,0.0,0.0,0.0,0.0,0.0,0.0,0.0,0.0,0.0,0.0,0.0,0.0,0.0
1925,2026-05-14 23:07:29,2026-5-14_stair1_left.csv,stair1,0.0,0.0,0.0,0.0,0.0,0.0,0.0,0.0,0.0,0.0,0.0,0.0,0.0,0.0,0.0,0.0,0.0,0.0
1926,2026-05-14 23:07:29,2026-5-14_stair1_left.csv,stair1,0.0,0.0,0.0,0.0,0.0,0.0,0.0,0.0,0.0,0.0,0.0,0.0,0.0,0.0,0.0,0.0,0.0,0.0
1927,2026-05-14 23:07:29,2026-5-14_stair1_left.csv,stair1,0.0,0.0,0.0,0.0,0.0,0.0,0.0,0.0,0.0,0.0,0.0,0.0,0.0,0.0,0.0,0.0,0.0,0.0
1928,2026-05-14 23:07:29,2026-5-14_stair1_left.csv,stair1,0.0,0.0,0.0,0.0,0.0,0.0,0.0,0.0,0.0,0.0,0.0,0.0,0.0,0.0,0.0,0.0,0.0,0.0
1929,2026-05-14 23:07:29,2026-5-14_stair1_left.csv,stair1,0.0,0.0,0.0,0.0,0.0,0.0,0.0,0.0,0.0,0.0,0.0,0.0,0.0,0.0,0.0,0.0,0.0,0.0
1930,2026-05-14 23:07:29,2026-5-14_stair1_left.csv,stair1,0.0,0.0,5313.0,2167.0,0.0,0.0,0.0,0.0,6400.0,3611.0,0.0,0.0,0.0,0.0,1114.0,165.0,0.0,0.0
1931,2026-05-14 23:07:29,2026-5-14_stair1_left.csv,stair1,0.0,0.0,5313.0,2167.0,0.0,0.0,0.0,0.0,6400.0,3611.0,0.0,0.0,0.0,0.0,1114.0,165.0,0.0,0.0
1932,2026-05-14 23:07:29,2026-5-14_stair1_left.csv,stair1,0.0,0.0,5313.0,2167.0,0.0,0.0,0.0,0.0,6400.0,3611.0,0.0,0.0,0.0,0.0,1114.0,165.0,0.0,0.0
1933,2026-05-14 23:07:29,2026-5-14_stair1_left.csv,stair1,0.0,0.0,5313.0,2167.0,0.0,0.0,0.0,0.0,6400.0,3611.0,0.0,0.0,0.0,0.0,1114.0,165.0,0.0,0.0
1934,2026-05-14 23:07:29,2026-5-14_stair1_left.csv,stair1,0.0,0.0,6120.0,3698.0,0.0,0.0,0.0,0.0,5276.0,3763.0,0.0,0.0,0.0,0.0,1570.0,858.0,0.0,0.0
1935,2026-05-14 23:07:29,2026-5-14_stair1_left.csv,stair1,0.0,0.0,6120.0,3698.0,0.0,0.0,0.0,0.0,5276.0,3763.0,0.0,0.0,0.0,0.0,1570.0,858.0,0.0,0.0
1936,2026-05-14 23:07:29,2026-5-14_stair1_left.csv,stair1,0.0,0.0,6120.0,3698.0,0.0,0.0,0.0,0.0,5276.0,3763.0,0.0,0.0,0.0,0.0,1570.0,858.0,0.0,0.0
1937,2026-05-14 23:07:29,2026-5-14_stair1_left.csv,stair1,0.0,0.0,6120.0,3698.0,0.0,0.0,0.0,0.0,5276.0,3763.0,0.0,0.0,0.0,0.0,1570.0,858.0,0.0,0.0
1938,2026-05-14 23:07:29,2026-5-14_stair1_left.csv,stair1,2087.0,434.0,2721.0,0.0,0.0,0.0,2805.0,0.0,1983.0,0.0,0.0,733.0,3626.0,0.0,1281.0,2284.0,2553.0,0.0
1939,2026-05-14 23:07:29,2026-5-14_stair1_left.csv,stair1,2087.0,434.0,2721.0,0.0,0.0,0.0,2805.0,0.0,1983.0,0.0,0.0,733.0,3626.0,0.0,1281.0,2284.0,2553.0,0.0
1940,2026-05-14 23:07:29,2026-5-14_stair1_left.csv,stair1,2087.0,434.0,2721.0,0.0,0.0,0.0,2805.0,0.0,1983.0,0.0,0.0,733.0,3626.0,0.0,1281.0,2284.0,2553.0,0.0
1941,2026-05-14 23:07:30,2026-5-14_stair1_left.csv,stair1,2087.0,434.0,2721.0,0.0,0.0,0.0,2805.0,0.0,1983.0,0.0,0.0,733.0,3626.0,0.0,1281.0,2284.0,2553.0,0.0
1942,2026-05-14 23:07:30,2026-5-14_stair1_left.csv,stair1,2087.0,434.0,2721.0,0.0,0.0,0.0,2805.0,0.0,1983.0,0.0,0.0,733.0,3626.0,0.0,1281.0,2284.0,2553.0,0.0
1943,2026-05-14 23:07:30,2026-5-14_stair1_left.csv,stair1,2087.0,434.0,2721.0,0.0,0.0,0.0,2805.0,0.0,1983.0,0.0,0.0,733.0,3626.0,0.0,1281.0,2284.0,2553.0,0.0
1944,2026-05-14 23:07:30,2026-5-14_stair1_left.csv,stair1,2087.0,434.0,2721.0,0.0,0.0,0.0,2805.0,0.0,1983.0,0.0,0.0,733.0,3626.0,0.0,1281.0,2284.0,2553.0,0.0
1945,2026-05-14 23:07:30,2026-5-14_stair1_left.csv,stair1,2087.0,434.0,2721.0,0.0,0.0,0.0,2805.0,0.0,1983.0,0.0,0.0,733.0,3626.0,0.0,1281.0,2284.0,2553.0,0.0
1946,2026-05-14 23:07:30,2026-5-14_stair1_left.csv,stair1,0.0,0.0,0.0,0.0,0.0,0.0,0.0,0.0,0.0,0.0,0.0,0.0,0.0,0.0,0.0,0.0,0.0,0.0
1947,2026-05-14 23:07:30,2026-5-14_stair1_left.csv,stair1,0.0,0.0,0.0,0.0,0.0,0.0,0.0,0.0,0.0,0.0,0.0,0.0,0.0,0.0,0.0,0.0,0.0,0.0
1948,2026-05-14 23:07:30,2026-5-14_stair1_left.csv,stair1,0.0,0.0,0.0,0.0,0.0,0.0,0.0,0.0,0.0,0.0,0.0,0.0,0.0,0.0,0.0,0.0,0.0,0.0
1949,2026-05-14 23:07:30,2026-5-14_stair1_left.csv,stair1,0.0,0.0,207.0,0.0,0.0,0.0,0.0,0.0,0.0,0.0,0.0,0.0,0.0,0.0,0.0,0.0,0.0,0.0
1950,2026-05-14 23:07:30,2026-5-14_stair1_left.csv,stair1,0.0,0.0,152.0,0.0,0.0,0.0,0.0,0.0,0.0,0.0,0.0,0.0,0.0,0.0,0.0,0.0,0.0,0.0
1951,2026-05-14 23:07:30,2026-5-14_stair1_left.csv,stair1,0.0,0.0,152.0,0.0,0.0,0.0,0.0,0.0,0.0,0.0,0.0,0.0,0.0,0.0,0.0,0.0,0.0,0.0
1952,2026-05-14 23:07:30,2026-5-14_stair1_left.csv,stair1,0.0,0.0,152.0,0.0,0.0,0.0,0.0,0.0,0.0,0.0,0.0,0.0,0.0,0.0,0.0,0.0,0.0,0.0
1953,2026-05-14 23:07:30,2026-5-14_stair1_left.csv,stair1,0.0,0.0,152.0,0.0,0.0,0.0,0.0,0.0,0.0,0.0,0.0,0.0,0.0,0.0,0.0,0.0,0.0,0.0
1954,2026-05-14 23:07:30,2026-5-14_stair1_left.csv,stair1,414.0,0.0,4686.0,2355.0,0.0,0.0,0.0,0.0,4517.0,3131.0,0.0,0.0,758.0,0.0,2318.0,1751.0,789.0,0.0
1955,2026-05-14 23:07:30,2026-5-14_stair1_left.csv,stair1,414.0,0.0,4686.0,2355.0,0.0,0.0,0.0,0.0,4517.0,3131.0,0.0,0.0,758.0,0.0,2318.0,1751.0,789.0,0.0
1956,2026-05-14 23:07:30,2026-5-14_stair1_left.csv,stair1,66.0,0.0,5054.0,2534.0,0.0,0.0,0.0,0.0,4927.0,3447.0,0.0,0.0,346.0,0.0,2170.0,1466.0,608.0,0.0
1957,2026-05-14 23:07:30,2026-5-14_stair1_left.csv,stair1,66.0,0.0,5054.0,2534.0,0.0,0.0,0.0,0.0,4927.0,3447.0,0.0,0.0,346.0,0.0,2170.0,1466.0,608.0,0.0
1958,2026-05-14 23:07:30,2026-5-14_stair1_left.csv,stair1,66.0,0.0,5054.0,2534.0,0.0,0.0,0.0,0.0,4927.0,3447.0,0.0,0.0,346.0,0.0,2170.0,1466.0,608.0,0.0
1959,2026-05-14 23:07:30,2026-5-14_stair1_left.csv,stair1,66.0,0.0,5054.0,2534.0,0.0,0.0,0.0,0.0,4927.0,3447.0,0.0,0.0,346.0,0.0,2170.0,1466.0,608.0,0.0
1960,2026-05-14 23:07:30,2026-5-14_stair1_left.csv,stair1,66.0,0.0,5054.0,2534.0,0.0,0.0,0.0,0.0,4927.0,3447.0,0.0,0.0,346.0,0.0,2170.0,1466.0,608.0,0.0
1961,2026-05-14 23:07:31,2026-5-14_stair1_left.csv,stair1,66.0,0.0,5054.0,2534.0,0.0,0.0,0.0,0.0,4927.0,3447.0,0.0,0.0,346.0,0.0,2170.0,1466.0,608.0,0.0
1962,2026-05-14 23:07:31,2026-5-14_stair1_left.csv,stair1,0.0,0.0,30.0,0.0,0.0,0.0,0.0,0.0,0.0,0.0,0.0,0.0,0.0,0.0,0.0,0.0,0.0,0.0
1963,2026-05-14 23:07:31,2026-5-14_stair1_left.csv,stair1,0.0,0.0,30.0,0.0,0.0,0.0,0.0,0.0,0.0,0.0,0.0,0.0,0.0,0.0,0.0,0.0,0.0,0.0
1964,2026-05-14 23:07:31,2026-5-14_stair1_left.csv,stair1,0.0,0.0,30.0,0.0,0.0,0.0,0.0,0.0,0.0,0.0,0.0,0.0,0.0,0.0,0.0,0.0,0.0,0.0
1965,2026-05-14 23:07:31,2026-5-14_stair1_left.csv,stair1,0.0,0.0,30.0,0.0,0.0,0.0,0.0,0.0,0.0,0.0,0.0,0.0,0.0,0.0,0.0,0.0,0.0,0.0
1966,2026-05-14 23:07:31,2026-5-14_stair1_left.csv,stair1,0.0,0.0,403.0,0.0,0.0,0.0,0.0,0.0,44.0,0.0,0.0,0.0,0.0,0.0,0.0,0.0,0.0,0.0
1967,2026-05-14 23:07:31,2026-5-14_stair1_left.csv,stair1,0.0,0.0,403.0,0.0,0.0,0.0,0.0,0.0,44.0,0.0,0.0,0.0,0.0,0.0,0.0,0.0,0.0,0.0
1968,2026-05-14 23:07:31,2026-5-14_stair1_left.csv,stair1,0.0,0.0,403.0,0.0,0.0,0.0,0.0,0.0,44.0,0.0,0.0,0.0,0.0,0.0,0.0,0.0,0.0,0.0
1969,2026-05-14 23:07:31,2026-5-14_stair1_left.csv,stair1,0.0,0.0,390.0,0.0,0.0,0.0,0.0,0.0,90.0,0.0,0.0,0.0,0.0,0.0,0.0,0.0,0.0,0.0
1970,2026-05-14 23:07:31,2026-5-14_stair1_left.csv,stair1,0.0,0.0,390.0,0.0,0.0,0.0,0.0,0.0,90.0,0.0,0.0,0.0,0.0,0.0,0.0,0.0,0.0,0.0
1971,2026-05-14 23:07:31,2026-5-14_stair1_left.csv,stair1,0.0,0.0,217.0,0.0,0.0,0.0,0.0,0.0,10.0,0.0,0.0,0.0,0.0,0.0,0.0,0.0,0.0,0.0
1972,2026-05-14 23:07:31,2026-5-14_stair1_left.csv,stair1,0.0,0.0,3737.0,1201.0,0.0,0.0,0.0,0.0,2838.0,1195.0,0.0,0.0,0.0,0.0,539.0,363.0,0.0,0.0
1973,2026-05-14 23:07:31,2026-5-14_stair1_left.csv,stair1,0.0,0.0,3737.0,1201.0,0.0,0.0,0.0,0.0,2838.0,1195.0,0.0,0.0,0.0,0.0,539.0,363.0,0.0,0.0
1974,2026-05-14 23:07:31,2026-5-14_stair1_left.csv,stair1,0.0,0.0,3737.0,1201.0,0.0,0.0,0.0,0.0,2838.0,1195.0,0.0,0.0,0.0,0.0,539.0,363.0,0.0,0.0
1975,2026-05-14 23:07:31,2026-5-14_stair1_left.csv,stair1,0.0,0.0,3737.0,1201.0,0.0,0.0,0.0,0.0,2838.0,1195.0,0.0,0.0,0.0,0.0,539.0,363.0,0.0,0.0
1976,2026-05-14 23:07:31,2026-5-14_stair1_left.csv,stair1,0.0,0.0,5124.0,2357.0,0.0,0.0,546.0,0.0,4030.0,2322.0,95.0,0.0,1338.0,0.0,1541.0,1950.0,1444.0,0.0
1977,2026-05-14 23:07:31,2026-5-14_stair1_left.csv,stair1,0.0,0.0,5124.0,2357.0,0.0,0.0,546.0,0.0,4030.0,2322.0,95.0,0.0,1338.0,0.0,1541.0,1950.0,1444.0,0.0
1978,2026-05-14 23:07:31,2026-5-14_stair1_left.csv,stair1,0.0,0.0,5124.0,2357.0,0.0,0.0,546.0,0.0,4030.0,2322.0,95.0,0.0,1338.0,0.0,1541.0,1950.0,1444.0,0.0
1979,2026-05-14 23:07:31,2026-5-14_stair1_left.csv,stair1,0.0,0.0,5124.0,2357.0,0.0,0.0,546.0,0.0,4030.0,2322.0,95.0,0.0,1338.0,0.0,1541.0,1950.0,1444.0,0.0
1980,2026-05-14 23:07:31,2026-5-14_stair1_left.csv,stair1,0.0,0.0,4846.0,2248.0,0.0,0.0,0.0,0.0,4415.0,2697.0,102.0,0.0,515.0,0.0,1952.0,1784.0,969.0,0.0
1981,2026-05-14 23:07:32,2026-5-14_stair1_left.csv,stair1,0.0,0.0,4846.0,2248.0,0.0,0.0,0.0,0.0,4415.0,2697.0,102.0,0.0,515.0,0.0,1952.0,1784.0,969.0,0.0
1982,2026-05-14 23:07:32,2026-5-14_stair1_left.csv,stair1,0.0,0.0,4846.0,2248.0,0.0,0.0,0.0,0.0,4415.0,2697.0,102.0,0.0,515.0,0.0,1952.0,1784.0,969.0,0.0
1983,2026-05-14 23:07:32,2026-5-14_stair1_left.csv,stair1,0.0,0.0,4846.0,2248.0,0.0,0.0,0.0,0.0,4415.0,2697.0,102.0,0.0,515.0,0.0,1952.0,1784.0,969.0,0.0
1984,2026-05-14 23:07:32,2026-5-14_stair1_left.csv,stair1,23.0,0.0,3860.0,1506.0,0.0,0.0,1077.0,0.0,3130.0,1684.0,447.0,473.0,2362.0,0.0,2017.0,2805.0,2380.0,0.0
1985,2026-05-14 23:07:32,2026-5-14_stair1_left.csv,stair1,23.0,0.0,3860.0,1506.0,0.0,0.0,1077.0,0.0,3130.0,1684.0,447.0,473.0,2362.0,0.0,2017.0,2805.0,2380.0,0.0
1986,2026-05-14 23:07:32,2026-5-14_stair1_left.csv,stair1,2062.0,11.0,684.0,0.0,0.0,0.0,728.0,0.0,430.0,0.0,0.0,0.0,0.0,0.0,0.0,378.0,0.0,0.0
1987,2026-05-14 23:07:32,2026-5-14_stair1_left.csv,stair1,0.0,0.0,0.0,0.0,0.0,0.0,0.0,0.0,0.0,0.0,0.0,0.0,0.0,0.0,0.0,0.0,0.0,0.0
1988,2026-05-14 23:07:32,2026-5-14_stair1_left.csv,stair1,0.0,0.0,0.0,0.0,0.0,0.0,0.0,0.0,0.0,0.0,0.0,0.0,0.0,0.0,0.0,0.0,0.0,0.0
1989,2026-05-14 23:07:32,2026-5-14_stair1_left.csv,stair1,0.0,0.0,0.0,0.0,0.0,0.0,0.0,0.0,0.0,0.0,0.0,0.0,0.0,0.0,0.0,0.0,0.0,0.0
1990,2026-05-14 23:07:32,2026-5-14_stair1_left.csv,stair1,0.0,0.0,0.0,0.0,0.0,0.0,0.0,0.0,0.0,0.0,0.0,0.0,0.0,0.0,0.0,0.0,0.0,0.0
1991,2026-05-14 23:07:32,2026-5-14_stair1_left.csv,stair1,0.0,0.0,0.0,0.0,0.0,0.0,0.0,0.0,0.0,0.0,0.0,0.0,0.0,0.0,0.0,0.0,0.0,0.0
1992,2026-05-14 23:07:32,2026-5-14_stair1_left.csv,stair1,0.0,0.0,0.0,0.0,0.0,0.0,0.0,0.0,0.0,0.0,0.0,0.0,0.0,0.0,0.0,0.0,0.0,0.0
1993,2026-05-14 23:07:32,2026-5-14_stair1_left.csv,stair1,0.0,0.0,0.0,0.0,0.0,0.0,0.0,0.0,0.0,0.0,0.0,0.0,0.0,0.0,0.0,0.0,0.0,0.0
1994,2026-05-14 23:07:32,2026-5-14_stair1_left.csv,stair1,0.0,0.0,0.0,0.0,0.0,0.0,0.0,0.0,0.0,0.0,0.0,0.0,0.0,0.0,0.0,0.0,0.0,0.0
1995,2026-05-14 23:07:32,2026-5-14_stair1_left.csv,stair1,0.0,0.0,0.0,0.0,0.0,0.0,0.0,0.0,0.0,0.0,0.0,0.0,0.0,0.0,0.0,0.0,0.0,0.0
1996,2026-05-14 23:07:32,2026-5-14_stair1_left.csv,stair1,0.0,0.0,0.0,0.0,0.0,0.0,0.0,0.0,0.0,0.0,0.0,0.0,0.0,0.0,0.0,0.0,0.0,0.0
1997,2026-05-14 23:07:32,2026-5-14_stair1_left.csv,stair1,0.0,0.0,0.0,0.0,0.0,0.0,0.0,0.0,0.0,0.0,0.0,0.0,0.0,0.0,0.0,0.0,0.0,0.0
1998,2026-05-14 23:07:32,2026-5-14_stair1_left.csv,stair1,0.0,0.0,0.0,0.0,0.0,0.0,0.0,0.0,0.0,0.0,0.0,0.0,0.0,0.0,0.0,0.0,0.0,0.0
1999,2026-05-14 23:07:32,2026-5-14_stair1_left.csv,stair1,0.0,0.0,0.0,0.0,0.0,0.0,0.0,0.0,0.0,0.0,0.0,0.0,0.0,0.0,0.0,0.0,0.0,0.0
2000,2026-05-14 23:07:32,2026-5-14_stair1_left.csv,stair1,0.0,0.0,0.0,0.0,0.0,0.0,0.0,0.0,0.0,0.0,0.0,0.0,0.0,0.0,0.0,0.0,0.0,0.0
2001,2026-05-14 23:07:33,2026-5-14_stair1_left.csv,stair1,0.0,0.0,0.0,0.0,0.0,0.0,0.0,0.0,0.0,0.0,0.0,0.0,0.0,0.0,0.0,0.0,0.0,0.0
2002,2026-05-14 23:07:33,2026-5-14_stair1_left.csv,stair1,0.0,0.0,0.0,0.0,0.0,0.0,0.0,0.0,0.0,0.0,0.0,0.0,0.0,0.0,0.0,0.0,0.0,0.0
2003,2026-05-14 23:07:33,2026-5-14_stair1_left.csv,stair1,0.0,0.0,0.0,0.0,0.0,0.0,0.0,0.0,0.0,0.0,0.0,0.0,0.0,0.0,0.0,0.0,0.0,0.0
2004,2026-05-14 23:07:33,2026-5-14_stair1_left.csv,stair1,0.0,0.0,0.0,0.0,0.0,0.0,0.0,0.0,0.0,0.0,0.0,0.0,0.0,0.0,0.0,0.0,0.0,0.0
2005,2026-05-14 23:07:33,2026-5-14_stair1_left.csv,stair1,0.0,0.0,0.0,0.0,0.0,0.0,0.0,0.0,0.0,0.0,0.0,0.0,0.0,0.0,0.0,0.0,0.0,0.0
2006,2026-05-14 23:07:33,2026-5-14_stair1_left.csv,stair1,0.0,0.0,0.0,0.0,0.0,0.0,0.0,0.0,0.0,0.0,0.0,0.0,0.0,0.0,0.0,0.0,0.0,0.0
2007,2026-05-14 23:07:33,2026-5-14_stair1_left.csv,stair1,0.0,0.0,0.0,0.0,0.0,0.0,0.0,0.0,0.0,0.0,0.0,0.0,0.0,0.0,0.0,0.0,0.0,0.0
2008,2026-05-14 23:07:33,2026-5-14_stair1_left.csv,stair1,0.0,0.0,0.0,0.0,0.0,0.0,0.0,0.0,0.0,0.0,0.0,0.0,0.0,0.0,0.0,0.0,0.0,0.0
2009,2026-05-14 23:07:33,2026-5-14_stair1_left.csv,stair1,0.0,0.0,0.0,0.0,0.0,0.0,0.0,0.0,0.0,0.0,0.0,0.0,0.0,0.0,0.0,0.0,0.0,0.0
2010,2026-05-14 23:07:33,2026-5-14_stair1_left.csv,stair1,0.0,0.0,0.0,0.0,0.0,0.0,0.0,0.0,0.0,0.0,0.0,0.0,0.0,0.0,0.0,0.0,0.0,0.0
2011,2026-05-14 23:07:33,2026-5-14_stair1_left.csv,stair1,0.0,0.0,2394.0,188.0,0.0,0.0,0.0,0.0,2286.0,617.0,0.0,0.0,0.0,0.0,505.0,417.0,0.0,0.0
2012,2026-05-14 23:07:33,2026-5-14_stair1_left.csv,stair1,0.0,0.0,5947.0,3079.0,0.0,0.0,0.0,0.0,6209.0,4174.0,0.0,0.0,0.0,0.0,2607.0,2112.0,278.0,0.0
2013,2026-05-14 23:07:33,2026-5-14_stair1_left.csv,stair1,0.0,0.0,5947.0,3079.0,0.0,0.0,0.0,0.0,6209.0,4174.0,0.0,0.0,0.0,0.0,2607.0,2112.0,278.0,0.0
2014,2026-05-14 23:07:33,2026-5-14_stair1_left.csv,stair1,0.0,0.0,6163.0,3100.0,0.0,0.0,0.0,0.0,6593.0,4670.0,0.0,0.0,0.0,0.0,2968.0,2454.0,398.0,0.0
2015,2026-05-14 23:07:33,2026-5-14_stair1_left.csv,stair1,0.0,0.0,6163.0,3100.0,0.0,0.0,0.0,0.0,6593.0,4670.0,0.0,0.0,0.0,0.0,2968.0,2454.0,398.0,0.0
2016,2026-05-14 23:07:33,2026-5-14_stair1_left.csv,stair1,0.0,0.0,6069.0,3034.0,0.0,0.0,0.0,0.0,6453.0,4623.0,0.0,0.0,0.0,0.0,2936.0,2483.0,498.0,0.0
2017,2026-05-14 23:07:33,2026-5-14_stair1_left.csv,stair1,0.0,0.0,6069.0,3034.0,0.0,0.0,0.0,0.0,6453.0,4623.0,0.0,0.0,0.0,0.0,2936.0,2483.0,498.0,0.0
2018,2026-05-14 23:07:33,2026-5-14_stair1_left.csv,stair1,0.0,0.0,6069.0,3034.0,0.0,0.0,0.0,0.0,6453.0,4623.0,0.0,0.0,0.0,0.0,2936.0,2483.0,498.0,0.0
2019,2026-05-14 23:07:33,2026-5-14_stair1_left.csv,stair1,0.0,0.0,6069.0,3034.0,0.0,0.0,0.0,0.0,6453.0,4623.0,0.0,0.0,0.0,0.0,2936.0,2483.0,498.0,0.0
2020,2026-05-14 23:07:33,2026-5-14_stair1_left.csv,stair1,0.0,0.0,6069.0,3034.0,0.0,0.0,0.0,0.0,6453.0,4623.0,0.0,0.0,0.0,0.0,2936.0,2483.0,498.0,0.0
2021,2026-05-14 23:07:34,2026-5-14_stair1_left.csv,stair1,0.0,0.0,6069.0,3034.0,0.0,0.0,0.0,0.0,6453.0,4623.0,0.0,0.0,0.0,0.0,2936.0,2483.0,498.0,0.0
2022,2026-05-14 23:07:34,2026-5-14_stair1_left.csv,stair1,0.0,0.0,6069.0,3034.0,0.0,0.0,0.0,0.0,6453.0,4623.0,0.0,0.0,0.0,0.0,2936.0,2483.0,498.0,0.0
2023,2026-05-14 23:07:34,2026-5-14_stair1_left.csv,stair1,0.0,0.0,912.0,0.0,0.0,0.0,0.0,0.0,648.0,0.0,0.0,0.0,0.0,0.0,0.0,0.0,0.0,0.0
2024,2026-05-14 23:07:34,2026-5-14_stair1_left.csv,stair1,0.0,0.0,912.0,0.0,0.0,0.0,0.0,0.0,648.0,0.0,0.0,0.0,0.0,0.0,0.0,0.0,0.0,0.0
2025,2026-05-14 23:07:34,2026-5-14_stair1_left.csv,stair1,0.0,0.0,912.0,0.0,0.0,0.0,0.0,0.0,648.0,0.0,0.0,0.0,0.0,0.0,0.0,0.0,0.0,0.0
2026,2026-05-14 23:07:34,2026-5-14_stair1_left.csv,stair1,0.0,0.0,912.0,0.0,0.0,0.0,0.0,0.0,648.0,0.0,0.0,0.0,0.0,0.0,0.0,0.0,0.0,0.0
2027,2026-05-14 23:07:34,2026-5-14_stair1_left.csv,stair1,0.0,0.0,203.0,0.0,0.0,0.0,0.0,0.0,0.0,0.0,0.0,0.0,0.0,0.0,0.0,0.0,0.0,0.0
2028,2026-05-14 23:07:34,2026-5-14_stair1_left.csv,stair1,0.0,0.0,203.0,0.0,0.0,0.0,0.0,0.0,0.0,0.0,0.0,0.0,0.0,0.0,0.0,0.0,0.0,0.0
2029,2026-05-14 23:07:34,2026-5-14_stair1_left.csv,stair1,0.0,0.0,203.0,0.0,0.0,0.0,0.0,0.0,0.0,0.0,0.0,0.0,0.0,0.0,0.0,0.0,0.0,0.0
2030,2026-05-14 23:07:34,2026-5-14_stair1_left.csv,stair1,0.0,0.0,203.0,0.0,0.0,0.0,0.0,0.0,0.0,0.0,0.0,0.0,0.0,0.0,0.0,0.0,0.0,0.0
2031,2026-05-14 23:07:34,2026-5-14_stair1_left.csv,stair1,0.0,0.0,203.0,0.0,0.0,0.0,0.0,0.0,0.0,0.0,0.0,0.0,0.0,0.0,0.0,0.0,0.0,0.0
2032,2026-05-14 23:07:34,2026-5-14_stair1_left.csv,stair1,0.0,0.0,203.0,0.0,0.0,0.0,0.0,0.0,0.0,0.0,0.0,0.0,0.0,0.0,0.0,0.0,0.0,0.0
2033,2026-05-14 23:07:34,2026-5-14_stair1_left.csv,stair1,0.0,0.0,203.0,0.0,0.0,0.0,0.0,0.0,0.0,0.0,0.0,0.0,0.0,0.0,0.0,0.0,0.0,0.0
2034,2026-05-14 23:07:34,2026-5-14_stair1_left.csv,stair1,0.0,0.0,203.0,0.0,0.0,0.0,0.0,0.0,0.0,0.0,0.0,0.0,0.0,0.0,0.0,0.0,0.0,0.0
2035,2026-05-14 23:07:34,2026-5-14_stair1_left.csv,stair1,0.0,0.0,203.0,0.0,0.0,0.0,0.0,0.0,0.0,0.0,0.0,0.0,0.0,0.0,0.0,0.0,0.0,0.0
2036,2026-05-14 23:07:34,2026-5-14_stair1_left.csv,stair1,0.0,0.0,309.0,0.0,0.0,0.0,458.0,0.0,378.0,0.0,0.0,0.0,1140.0,0.0,0.0,263.0,109.0,0.0
2037,2026-05-14 23:07:34,2026-5-14_stair1_left.csv,stair1,3070.0,0.0,2941.0,147.0,0.0,0.0,4558.0,0.0,2547.0,263.0,6.0,1696.0,5413.0,0.0,1721.0,4090.0,3945.0,0.0
2038,2026-05-14 23:07:34,2026-5-14_stair1_left.csv,stair1,3070.0,0.0,2941.0,147.0,0.0,0.0,4558.0,0.0,2547.0,263.0,6.0,1696.0,5413.0,0.0,1721.0,4090.0,3945.0,0.0
2039,2026-05-14 23:07:34,2026-5-14_stair1_left.csv,stair1,3070.0,0.0,2941.0,147.0,0.0,0.0,4558.0,0.0,2547.0,263.0,6.0,1696.0,5413.0,0.0,1721.0,4090.0,3945.0,0.0
2040,2026-05-14 23:07:34,2026-5-14_stair1_left.csv,stair1,3070.0,0.0,2941.0,147.0,0.0,0.0,4558.0,0.0,2547.0,263.0,6.0,1696.0,5413.0,0.0,1721.0,4090.0,3945.0,0.0
2041,2026-05-14 23:07:35,2026-5-14_stair1_left.csv,stair1,3070.0,0.0,2941.0,147.0,0.0,0.0,4558.0,0.0,2547.0,263.0,6.0,1696.0,5413.0,0.0,1721.0,4090.0,3945.0,0.0
2042,2026-05-14 23:07:35,2026-5-14_stair1_left.csv,stair1,3070.0,0.0,2941.0,147.0,0.0,0.0,4558.0,0.0,2547.0,263.0,6.0,1696.0,5413.0,0.0,1721.0,4090.0,3945.0,0.0
2043,2026-05-14 23:07:35,2026-5-14_stair1_left.csv,stair1,3070.0,0.0,2941.0,147.0,0.0,0.0,4558.0,0.0,2547.0,263.0,6.0,1696.0,5413.0,0.0,1721.0,4090.0,3945.0,0.0
2044,2026-05-14 23:07:35,2026-5-14_stair1_left.csv,stair1,4655.0,0.0,2312.0,0.0,0.0,0.0,5464.0,0.0,1970.0,0.0,0.0,259.0,4974.0,0.0,1092.0,1671.0,1868.0,0.0
2045,2026-05-14 23:07:35,2026-5-14_stair1_left.csv,stair1,4655.0,0.0,2312.0,0.0,0.0,0.0,5464.0,0.0,1970.0,0.0,0.0,259.0,4974.0,0.0,1092.0,1671.0,1868.0,0.0
2046,2026-05-14 23:07:35,2026-5-14_stair1_left.csv,stair1,4655.0,0.0,2312.0,0.0,0.0,0.0,5464.0,0.0,1970.0,0.0,0.0,259.0,4974.0,0.0,1092.0,1671.0,1868.0,0.0
2047,2026-05-14 23:07:35,2026-5-14_stair1_left.csv,stair1,4655.0,0.0,2312.0,0.0,0.0,0.0,5464.0,0.0,1970.0,0.0,0.0,259.0,4974.0,0.0,1092.0,1671.0,1868.0,0.0
2048,2026-05-14 23:07:35,2026-5-14_stair1_left.csv,stair1,4655.0,0.0,2312.0,0.0,0.0,0.0,5464.0,0.0,1970.0,0.0,0.0,259.0,4974.0,0.0,1092.0,1671.0,1868.0,0.0
2049,2026-05-14 23:07:35,2026-5-14_stair1_left.csv,stair1,4655.0,0.0,2312.0,0.0,0.0,0.0,5464.0,0.0,1970.0,0.0,0.0,259.0,4974.0,0.0,1092.0,1671.0,1868.0,0.0
2050,2026-05-14 23:07:35,2026-5-14_stair1_left.csv,stair1,4655.0,0.0,2312.0,0.0,0.0,0.0,5464.0,0.0,1970.0,0.0,0.0,259.0,4974.0,0.0,1092.0,1671.0,1868.0,0.0
2051,2026-05-14 23:07:35,2026-5-14_stair1_left.csv,stair1,4655.0,0.0,2312.0,0.0,0.0,0.0,5464.0,0.0,1970.0,0.0,0.0,259.0,4974.0,0.0,1092.0,1671.0,1868.0,0.0
2052,2026-05-14 23:07:35,2026-5-14_stair1_left.csv,stair1,4655.0,0.0,2312.0,0.0,0.0,0.0,5464.0,0.0,1970.0,0.0,0.0,259.0,4974.0,0.0,1092.0,1671.0,1868.0,0.0
2053,2026-05-14 23:07:35,2026-5-14_stair1_left.csv,stair1,4655.0,0.0,2312.0,0.0,0.0,0.0,5464.0,0.0,1970.0,0.0,0.0,259.0,4974.0,0.0,1092.0,1671.0,1868.0,0.0
2054,2026-05-14 23:07:35,2026-5-14_stair1_left.csv,stair1,4655.0,0.0,2312.0,0.0,0.0,0.0,5464.0,0.0,1970.0,0.0,0.0,259.0,4974.0,0.0,1092.0,1671.0,1868.0,0.0
2055,2026-05-14 23:07:35,2026-5-14_stair1_left.csv,stair1,4655.0,0.0,2312.0,0.0,0.0,0.0,5464.0,0.0,1970.0,0.0,0.0,259.0,4974.0,0.0,1092.0,1671.0,1868.0,0.0
2056,2026-05-14 23:07:35,2026-5-14_stair1_left.csv,stair1,4655.0,0.0,2312.0,0.0,0.0,0.0,5464.0,0.0,1970.0,0.0,0.0,259.0,4974.0,0.0,1092.0,1671.0,1868.0,0.0
2057,2026-05-14 23:07:35,2026-5-14_stair1_left.csv,stair1,4655.0,0.0,2312.0,0.0,0.0,0.0,5464.0,0.0,1970.0,0.0,0.0,259.0,4974.0,0.0,1092.0,1671.0,1868.0,0.0
2058,2026-05-14 23:07:35,2026-5-14_stair1_left.csv,stair1,4655.0,0.0,2312.0,0.0,0.0,0.0,5464.0,0.0,1970.0,0.0,0.0,259.0,4974.0,0.0,1092.0,1671.0,1868.0,0.0
2059,2026-05-14 23:07:35,2026-5-14_stair1_left.csv,stair1,4655.0,0.0,2312.0,0.0,0.0,0.0,5464.0,0.0,1970.0,0.0,0.0,259.0,4974.0,0.0,1092.0,1671.0,1868.0,0.0
2060,2026-05-14 23:07:35,2026-5-14_stair1_left.csv,stair1,3775.0,0.0,894.0,0.0,0.0,0.0,2025.0,0.0,655.0,0.0,0.0,0.0,837.0,0.0,0.0,380.0,0.0,0.0
2061,2026-05-14 23:07:36,2026-5-14_stair1_left.csv,stair1,3775.0,0.0,894.0,0.0,0.0,0.0,2025.0,0.0,655.0,0.0,0.0,0.0,837.0,0.0,0.0,380.0,0.0,0.0
2062,2026-05-14 23:07:36,2026-5-14_stair1_left.csv,stair1,3775.0,0.0,894.0,0.0,0.0,0.0,2025.0,0.0,655.0,0.0,0.0,0.0,837.0,0.0,0.0,380.0,0.0,0.0
2063,2026-05-14 23:07:36,2026-5-14_stair1_left.csv,stair1,0.0,0.0,2218.0,358.0,0.0,0.0,1212.0,0.0,2839.0,807.0,224.0,483.0,3150.0,0.0,2300.0,3970.0,3592.0,0.0
2064,2026-05-14 23:07:36,2026-5-14_stair1_left.csv,stair1,0.0,0.0,2218.0,358.0,0.0,0.0,1212.0,0.0,2839.0,807.0,224.0,483.0,3150.0,0.0,2300.0,3970.0,3592.0,0.0
2065,2026-05-14 23:07:36,2026-5-14_stair1_left.csv,stair1,0.0,0.0,5064.0,2737.0,0.0,0.0,0.0,0.0,4824.0,2739.0,0.0,0.0,0.0,0.0,999.0,697.0,0.0,0.0
2066,2026-05-14 23:07:36,2026-5-14_stair1_left.csv,stair1,0.0,0.0,5064.0,2737.0,0.0,0.0,0.0,0.0,4824.0,2739.0,0.0,0.0,0.0,0.0,999.0,697.0,0.0,0.0
2067,2026-05-14 23:07:36,2026-5-14_stair1_left.csv,stair1,0.0,0.0,5064.0,2737.0,0.0,0.0,0.0,0.0,4824.0,2739.0,0.0,0.0,0.0,0.0,999.0,697.0,0.0,0.0
2068,2026-05-14 23:07:36,2026-5-14_stair1_left.csv,stair1,0.0,0.0,3655.0,1620.0,0.0,0.0,633.0,0.0,3147.0,1345.0,0.0,0.0,1974.0,0.0,1375.0,2179.0,1971.0,0.0
2069,2026-05-14 23:07:36,2026-5-14_stair1_left.csv,stair1,0.0,0.0,3655.0,1620.0,0.0,0.0,633.0,0.0,3147.0,1345.0,0.0,0.0,1974.0,0.0,1375.0,2179.0,1971.0,0.0
2070,2026-05-14 23:07:36,2026-5-14_stair1_left.csv,stair1,1957.0,0.0,1546.0,0.0,0.0,0.0,2062.0,0.0,1593.0,0.0,0.0,0.0,3018.0,0.0,502.0,1673.0,1959.0,0.0
2071,2026-05-14 23:07:36,2026-5-14_stair1_left.csv,stair1,1957.0,0.0,1546.0,0.0,0.0,0.0,2062.0,0.0,1593.0,0.0,0.0,0.0,3018.0,0.0,502.0,1673.0,1959.0,0.0
2072,2026-05-14 23:07:36,2026-5-14_stair1_left.csv,stair1,1957.0,0.0,1546.0,0.0,0.0,0.0,2062.0,0.0,1593.0,0.0,0.0,0.0,3018.0,0.0,502.0,1673.0,1959.0,0.0
2073,2026-05-14 23:07:36,2026-5-14_stair1_left.csv,stair1,5908.0,2336.0,811.0,0.0,0.0,0.0,3959.0,0.0,784.0,0.0,0.0,0.0,3546.0,242.0,0.0,599.0,931.0,0.0
2074,2026-05-14 23:07:36,2026-5-14_stair1_left.csv,stair1,5908.0,2336.0,811.0,0.0,0.0,0.0,3959.0,0.0,784.0,0.0,0.0,0.0,3546.0,242.0,0.0,599.0,931.0,0.0
2075,2026-05-14 23:07:36,2026-5-14_stair1_left.csv,stair1,5908.0,2336.0,811.0,0.0,0.0,0.0,3959.0,0.0,784.0,0.0,0.0,0.0,3546.0,242.0,0.0,599.0,931.0,0.0
2076,2026-05-14 23:07:36,2026-5-14_stair1_left.csv,stair1,5908.0,2336.0,811.0,0.0,0.0,0.0,3959.0,0.0,784.0,0.0,0.0,0.0,3546.0,242.0,0.0,599.0,931.0,0.0
2077,2026-05-14 23:07:36,2026-5-14_stair1_left.csv,stair1,1814.0,0.0,0.0,0.0,0.0,0.0,0.0,0.0,0.0,0.0,0.0,0.0,0.0,0.0,0.0,0.0,0.0,0.0
2078,2026-05-14 23:07:36,2026-5-14_stair1_left.csv,stair1,1814.0,0.0,0.0,0.0,0.0,0.0,0.0,0.0,0.0,0.0,0.0,0.0,0.0,0.0,0.0,0.0,0.0,0.0
2079,2026-05-14 23:07:36,2026-5-14_stair1_left.csv,stair1,0.0,0.0,0.0,0.0,0.0,0.0,0.0,0.0,0.0,0.0,0.0,0.0,0.0,0.0,0.0,0.0,0.0,0.0
2080,2026-05-14 23:07:36,2026-5-14_stair1_left.csv,stair1,0.0,0.0,0.0,0.0,0.0,0.0,0.0,0.0,0.0,0.0,0.0,0.0,0.0,0.0,0.0,0.0,0.0,0.0
2081,2026-05-14 23:07:37,2026-5-14_stair1_left.csv,stair1,0.0,0.0,0.0,0.0,0.0,0.0,0.0,0.0,0.0,0.0,0.0,0.0,0.0,0.0,0.0,0.0,0.0,0.0
2082,2026-05-14 23:07:37,2026-5-14_stair1_left.csv,stair1,0.0,0.0,0.0,0.0,0.0,0.0,0.0,0.0,0.0,0.0,0.0,0.0,0.0,0.0,0.0,0.0,0.0,0.0
2083,2026-05-14 23:07:37,2026-5-14_stair1_left.csv,stair1,0.0,0.0,0.0,0.0,0.0,0.0,0.0,0.0,0.0,0.0,0.0,0.0,0.0,0.0,0.0,0.0,0.0,0.0
2084,2026-05-14 23:07:37,2026-5-14_stair1_left.csv,stair1,0.0,0.0,1016.0,0.0,0.0,0.0,0.0,0.0,1772.0,0.0,0.0,0.0,0.0,0.0,0.0,0.0,0.0,0.0
2085,2026-05-14 23:07:37,2026-5-14_stair1_left.csv,stair1,0.0,0.0,1016.0,0.0,0.0,0.0,0.0,0.0,1772.0,0.0,0.0,0.0,0.0,0.0,0.0,0.0,0.0,0.0
2086,2026-05-14 23:07:37,2026-5-14_stair1_left.csv,stair1,0.0,0.0,4903.0,3010.0,0.0,0.0,0.0,0.0,4468.0,2661.0,0.0,0.0,0.0,0.0,715.0,495.0,0.0,0.0
2087,2026-05-14 23:07:37,2026-5-14_stair1_left.csv,stair1,0.0,0.0,6088.0,4503.0,0.0,0.0,0.0,0.0,5736.0,4487.0,0.0,0.0,141.0,0.0,1519.0,1378.0,764.0,0.0
2088,2026-05-14 23:07:37,2026-5-14_stair1_left.csv,stair1,0.0,0.0,6088.0,4503.0,0.0,0.0,0.0,0.0,5736.0,4487.0,0.0,0.0,141.0,0.0,1519.0,1378.0,764.0,0.0
2089,2026-05-14 23:07:37,2026-5-14_stair1_left.csv,stair1,0.0,0.0,5808.0,4364.0,0.0,0.0,0.0,0.0,5019.0,3975.0,601.0,0.0,1043.0,0.0,1883.0,1907.0,1445.0,0.0
2090,2026-05-14 23:07:37,2026-5-14_stair1_left.csv,stair1,0.0,0.0,3816.0,2234.0,0.0,0.0,457.0,0.0,3360.0,1885.0,219.0,0.0,1503.0,0.0,1478.0,2063.0,1601.0,0.0
2091,2026-05-14 23:07:37,2026-5-14_stair1_left.csv,stair1,139.0,0.0,1493.0,0.0,0.0,0.0,833.0,0.0,1659.0,0.0,0.0,0.0,1647.0,0.0,737.0,1570.0,1486.0,0.0
2092,2026-05-14 23:07:37,2026-5-14_stair1_left.csv,stair1,139.0,0.0,1493.0,0.0,0.0,0.0,833.0,0.0,1659.0,0.0,0.0,0.0,1647.0,0.0,737.0,1570.0,1486.0,0.0
2093,2026-05-14 23:07:37,2026-5-14_stair1_left.csv,stair1,738.0,0.0,1544.0,0.0,0.0,0.0,1140.0,0.0,1412.0,0.0,0.0,0.0,1623.0,0.0,429.0,1066.0,938.0,0.0
2094,2026-05-14 23:07:37,2026-5-14_stair1_left.csv,stair1,1286.0,0.0,2109.0,0.0,0.0,0.0,1521.0,0.0,1692.0,0.0,0.0,0.0,1908.0,0.0,584.0,1334.0,1181.0,0.0
2095,2026-05-14 23:07:37,2026-5-14_stair1_left.csv,stair1,1286.0,0.0,2109.0,0.0,0.0,0.0,1521.0,0.0,1692.0,0.0,0.0,0.0,1908.0,0.0,584.0,1334.0,1181.0,0.0
2096,2026-05-14 23:07:37,2026-5-14_stair1_left.csv,stair1,3093.0,0.0,2681.0,0.0,0.0,0.0,3175.0,0.0,1863.0,0.0,0.0,0.0,3424.0,0.0,598.0,1173.0,1784.0,0.0
2097,2026-05-14 23:07:37,2026-5-14_stair1_left.csv,stair1,2836.0,0.0,1115.0,0.0,0.0,0.0,1534.0,0.0,746.0,0.0,0.0,0.0,1056.0,0.0,6.0,519.0,233.0,0.0
2098,2026-05-14 23:07:37,2026-5-14_stair1_left.csv,stair1,2836.0,0.0,1115.0,0.0,0.0,0.0,1534.0,0.0,746.0,0.0,0.0,0.0,1056.0,0.0,6.0,519.0,233.0,0.0
2099,2026-05-14 23:07:37,2026-5-14_stair1_left.csv,stair1,0.0,0.0,0.0,0.0,0.0,0.0,0.0,0.0,0.0,0.0,0.0,0.0,0.0,0.0,0.0,0.0,0.0,0.0
2100,2026-05-14 23:07:37,2026-5-14_stair1_left.csv,stair1,0.0,0.0,0.0,0.0,0.0,0.0,0.0,0.0,0.0,0.0,0.0,0.0,0.0,0.0,0.0,0.0,0.0,0.0
2101,2026-05-14 23:07:38,2026-5-14_stair1_left.csv,stair1,0.0,0.0,0.0,0.0,0.0,0.0,0.0,0.0,0.0,0.0,0.0,0.0,0.0,0.0,0.0,0.0,0.0,0.0
2102,2026-05-14 23:07:38,2026-5-14_stair1_left.csv,stair1,0.0,0.0,0.0,0.0,0.0,0.0,0.0,0.0,0.0,0.0,0.0,0.0,0.0,0.0,0.0,0.0,0.0,0.0
2103,2026-05-14 23:07:38,2026-5-14_stair1_left.csv,stair1,0.0,0.0,0.0,0.0,0.0,0.0,0.0,0.0,0.0,0.0,0.0,0.0,0.0,0.0,0.0,0.0,0.0,0.0
2104,2026-05-14 23:07:38,2026-5-14_stair1_left.csv,stair1,0.0,0.0,0.0,0.0,0.0,0.0,0.0,0.0,0.0,0.0,0.0,0.0,0.0,0.0,0.0,0.0,0.0,0.0
2105,2026-05-14 23:07:38,2026-5-14_stair1_left.csv,stair1,0.0,0.0,0.0,0.0,0.0,0.0,0.0,0.0,0.0,0.0,0.0,0.0,0.0,0.0,0.0,0.0,0.0,0.0
2106,2026-05-14 23:07:38,2026-5-14_stair1_left.csv,stair1,1003.0,0.0,2398.0,577.0,0.0,0.0,2422.0,0.0,3691.0,1624.0,179.0,760.0,3838.0,0.0,1914.0,3761.0,3526.0,0.0
2107,2026-05-14 23:07:38,2026-5-14_stair1_left.csv,stair1,2625.0,0.0,3718.0,1462.0,0.0,0.0,3871.0,0.0,3137.0,1261.0,628.0,573.0,4942.0,0.0,1955.0,4166.0,4692.0,0.0
2108,2026-05-14 23:07:38,2026-5-14_stair1_left.csv,stair1,2625.0,0.0,3718.0,1462.0,0.0,0.0,3871.0,0.0,3137.0,1261.0,628.0,573.0,4942.0,0.0,1955.0,4166.0,4692.0,0.0
2109,2026-05-14 23:07:38,2026-5-14_stair1_left.csv,stair1,2618.0,0.0,3793.0,1518.0,0.0,0.0,3414.0,0.0,3084.0,1589.0,834.0,504.0,4469.0,0.0,2236.0,3816.0,4042.0,0.0
2110,2026-05-14 23:07:38,2026-5-14_stair1_left.csv,stair1,1655.0,0.0,2532.0,505.0,0.0,0.0,2022.0,0.0,2001.0,496.0,0.0,0.0,3000.0,0.0,1418.0,2590.0,2551.0,0.0
2111,2026-05-14 23:07:38,2026-5-14_stair1_left.csv,stair1,1655.0,0.0,2532.0,505.0,0.0,0.0,2022.0,0.0,2001.0,496.0,0.0,0.0,3000.0,0.0,1418.0,2590.0,2551.0,0.0
2112,2026-05-14 23:07:38,2026-5-14_stair1_left.csv,stair1,1349.0,0.0,1827.0,0.0,0.0,0.0,1359.0,0.0,1294.0,0.0,0.0,0.0,1600.0,0.0,645.0,1239.0,1088.0,0.0
2113,2026-05-14 23:07:38,2026-5-14_stair1_left.csv,stair1,829.0,0.0,3639.0,1115.0,0.0,0.0,733.0,0.0,2522.0,662.0,0.0,0.0,1130.0,0.0,632.0,1330.0,1144.0,0.0
2114,2026-05-14 23:07:38,2026-5-14_stair1_left.csv,stair1,829.0,0.0,3639.0,1115.0,0.0,0.0,733.0,0.0,2522.0,662.0,0.0,0.0,1130.0,0.0,632.0,1330.0,1144.0,0.0
2115,2026-05-14 23:07:38,2026-5-14_stair1_left.csv,stair1,3526.0,381.0,2379.0,0.0,0.0,0.0,2989.0,0.0,1288.0,0.0,0.0,0.0,2504.0,0.0,425.0,747.0,586.0,0.0
2116,2026-05-14 23:07:38,2026-5-14_stair1_left.csv,stair1,0.0,0.0,283.0,0.0,0.0,0.0,0.0,0.0,0.0,0.0,0.0,0.0,0.0,0.0,0.0,0.0,0.0,0.0
2117,2026-05-14 23:07:38,2026-5-14_stair1_left.csv,stair1,0.0,0.0,283.0,0.0,0.0,0.0,0.0,0.0,0.0,0.0,0.0,0.0,0.0,0.0,0.0,0.0,0.0,0.0
2118,2026-05-14 23:07:38,2026-5-14_stair1_left.csv,stair1,0.0,0.0,0.0,0.0,0.0,0.0,0.0,0.0,0.0,0.0,0.0,0.0,0.0,0.0,0.0,0.0,0.0,0.0
2119,2026-05-14 23:07:38,2026-5-14_stair1_left.csv,stair1,0.0,0.0,0.0,0.0,0.0,0.0,0.0,0.0,0.0,0.0,0.0,0.0,0.0,0.0,0.0,0.0,0.0,0.0
2120,2026-05-14 23:07:38,2026-5-14_stair1_left.csv,stair1,0.0,0.0,0.0,0.0,0.0,0.0,0.0,0.0,0.0,0.0,0.0,0.0,0.0,0.0,0.0,0.0,0.0,0.0
2121,2026-05-14 23:07:39,2026-5-14_stair1_left.csv,stair1,0.0,0.0,0.0,0.0,0.0,0.0,0.0,0.0,0.0,0.0,0.0,0.0,0.0,0.0,0.0,0.0,0.0,0.0
2122,2026-05-14 23:07:39,2026-5-14_stair1_left.csv,stair1,0.0,0.0,0.0,0.0,0.0,0.0,0.0,0.0,0.0,0.0,0.0,0.0,0.0,0.0,0.0,0.0,0.0,0.0
2123,2026-05-14 23:07:39,2026-5-14_stair1_left.csv,stair1,0.0,0.0,0.0,0.0,0.0,0.0,0.0,0.0,0.0,0.0,0.0,0.0,0.0,0.0,0.0,0.0,0.0,0.0
2124,2026-05-14 23:07:39,2026-5-14_stair1_left.csv,stair1,0.0,0.0,0.0,0.0,0.0,0.0,0.0,0.0,0.0,0.0,0.0,0.0,0.0,0.0,0.0,0.0,0.0,0.0
2125,2026-05-14 23:07:39,2026-5-14_stair1_left.csv,stair1,0.0,0.0,0.0,0.0,0.0,0.0,129.0,0.0,0.0,0.0,0.0,0.0,1673.0,0.0,0.0,768.0,1611.0,0.0
2126,2026-05-14 23:07:39,2026-5-14_stair1_left.csv,stair1,934.0,0.0,581.0,0.0,0.0,0.0,1969.0,0.0,645.0,0.0,0.0,295.0,3195.0,0.0,673.0,3105.0,3080.0,0.0
2127,2026-05-14 23:07:39,2026-5-14_stair1_left.csv,stair1,2905.0,248.0,4716.0,2438.0,0.0,0.0,2632.0,0.0,2977.0,1648.0,162.0,0.0,2703.0,0.0,834.0,1865.0,2313.0,0.0
2128,2026-05-14 23:07:39,2026-5-14_stair1_left.csv,stair1,2905.0,248.0,4716.0,2438.0,0.0,0.0,2632.0,0.0,2977.0,1648.0,162.0,0.0,2703.0,0.0,834.0,1865.0,2313.0,0.0
2129,2026-05-14 23:07:39,2026-5-14_stair1_left.csv,stair1,2905.0,248.0,4716.0,2438.0,0.0,0.0,2632.0,0.0,2977.0,1648.0,162.0,0.0,2703.0,0.0,834.0,1865.0,2313.0,0.0
2130,2026-05-14 23:07:39,2026-5-14_stair1_left.csv,stair1,2905.0,248.0,4716.0,2438.0,0.0,0.0,2632.0,0.0,2977.0,1648.0,162.0,0.0,2703.0,0.0,834.0,1865.0,2313.0,0.0
2131,2026-05-14 23:07:39,2026-5-14_stair1_left.csv,stair1,2774.0,239.0,3091.0,830.0,0.0,0.0,2240.0,0.0,1549.0,162.0,0.0,0.0,2193.0,0.0,370.0,1214.0,1601.0,0.0
2132,2026-05-14 23:07:39,2026-5-14_stair1_left.csv,stair1,3535.0,889.0,1471.0,0.0,0.0,0.0,2269.0,0.0,383.0,0.0,0.0,0.0,1467.0,0.0,0.0,193.0,0.0,0.0
2133,2026-05-14 23:07:39,2026-5-14_stair1_left.csv,stair1,3535.0,889.0,1471.0,0.0,0.0,0.0,2269.0,0.0,383.0,0.0,0.0,0.0,1467.0,0.0,0.0,193.0,0.0,0.0
2134,2026-05-14 23:07:39,2026-5-14_stair1_left.csv,stair1,5038.0,3916.0,932.0,0.0,0.0,0.0,854.0,0.0,0.0,0.0,0.0,0.0,0.0,0.0,0.0,0.0,0.0,0.0
2135,2026-05-14 23:07:39,2026-5-14_stair1_left.csv,stair1,5038.0,3916.0,932.0,0.0,0.0,0.0,854.0,0.0,0.0,0.0,0.0,0.0,0.0,0.0,0.0,0.0,0.0,0.0
2136,2026-05-14 23:07:39,2026-5-14_stair1_left.csv,stair1,1663.0,1024.0,0.0,0.0,0.0,0.0,0.0,0.0,0.0,0.0,0.0,0.0,0.0,0.0,0.0,0.0,0.0,0.0
2137,2026-05-14 23:07:39,2026-5-14_stair1_left.csv,stair1,0.0,0.0,0.0,0.0,0.0,0.0,0.0,0.0,0.0,0.0,0.0,0.0,0.0,0.0,0.0,0.0,0.0,0.0
2138,2026-05-14 23:07:39,2026-5-14_stair1_left.csv,stair1,0.0,0.0,0.0,0.0,0.0,0.0,0.0,0.0,0.0,0.0,0.0,0.0,0.0,0.0,0.0,0.0,0.0,0.0
2139,2026-05-14 23:07:39,2026-5-14_stair1_left.csv,stair1,0.0,0.0,0.0,0.0,0.0,0.0,0.0,0.0,0.0,0.0,0.0,0.0,0.0,0.0,0.0,0.0,0.0,0.0
2140,2026-05-14 23:07:39,2026-5-14_stair1_left.csv,stair1,0.0,0.0,0.0,0.0,0.0,0.0,0.0,0.0,0.0,0.0,0.0,0.0,0.0,0.0,0.0,0.0,0.0,0.0
2141,2026-05-14 23:07:40,2026-5-14_stair1_left.csv,stair1,0.0,0.0,0.0,0.0,0.0,0.0,0.0,0.0,0.0,0.0,0.0,0.0,0.0,0.0,0.0,0.0,0.0,0.0
2142,2026-05-14 23:07:40,2026-5-14_stair1_left.csv,stair1,0.0,0.0,0.0,0.0,0.0,0.0,0.0,0.0,0.0,0.0,0.0,0.0,0.0,0.0,0.0,0.0,0.0,0.0
2143,2026-05-14 23:07:40,2026-5-14_stair1_left.csv,stair1,0.0,0.0,0.0,0.0,0.0,0.0,0.0,0.0,0.0,0.0,0.0,0.0,0.0,0.0,0.0,0.0,0.0,0.0
2144,2026-05-14 23:07:40,2026-5-14_stair1_left.csv,stair1,0.0,0.0,0.0,0.0,0.0,0.0,1112.0,0.0,0.0,0.0,0.0,0.0,2410.0,0.0,104.0,1715.0,1988.0,0.0
2145,2026-05-14 23:07:40,2026-5-14_stair1_left.csv,stair1,1084.0,0.0,3016.0,812.0,0.0,0.0,2822.0,0.0,2466.0,688.0,0.0,32.0,3845.0,0.0,823.0,3228.0,3664.0,0.0
2146,2026-05-14 23:07:40,2026-5-14_stair1_left.csv,stair1,1084.0,0.0,3016.0,812.0,0.0,0.0,2822.0,0.0,2466.0,688.0,0.0,32.0,3845.0,0.0,823.0,3228.0,3664.0,0.0
2147,2026-05-14 23:07:40,2026-5-14_stair1_left.csv,stair1,2571.0,0.0,3345.0,862.0,0.0,0.0,3983.0,0.0,2051.0,562.0,0.0,83.0,4537.0,0.0,673.0,2642.0,3620.0,0.0
2148,2026-05-14 23:07:40,2026-5-14_stair1_left.csv,stair1,2550.0,0.0,3237.0,932.0,0.0,0.0,3548.0,0.0,1824.0,416.0,0.0,0.0,3790.0,0.0,538.0,1991.0,2803.0,0.0
2149,2026-05-14 23:07:40,2026-5-14_stair1_left.csv,stair1,2550.0,0.0,3237.0,932.0,0.0,0.0,3548.0,0.0,1824.0,416.0,0.0,0.0,3790.0,0.0,538.0,1991.0,2803.0,0.0
2150,2026-05-14 23:07:40,2026-5-14_stair1_left.csv,stair1,1473.0,0.0,1248.0,0.0,0.0,0.0,2412.0,0.0,602.0,0.0,0.0,0.0,2750.0,0.0,304.0,818.0,1483.0,0.0
2151,2026-05-14 23:07:40,2026-5-14_stair1_left.csv,stair1,1285.0,0.0,1204.0,0.0,0.0,0.0,2330.0,0.0,694.0,0.0,0.0,0.0,2767.0,0.0,479.0,1009.0,1634.0,0.0
2152,2026-05-14 23:07:40,2026-5-14_stair1_left.csv,stair1,1448.0,0.0,1746.0,0.0,0.0,0.0,2539.0,0.0,1088.0,0.0,0.0,0.0,3026.0,0.0,680.0,1471.0,2034.0,0.0
2153,2026-05-14 23:07:40,2026-5-14_stair1_left.csv,stair1,1448.0,0.0,1746.0,0.0,0.0,0.0,2539.0,0.0,1088.0,0.0,0.0,0.0,3026.0,0.0,680.0,1471.0,2034.0,0.0
2154,2026-05-14 23:07:40,2026-5-14_stair1_left.csv,stair1,2923.0,0.0,1549.0,0.0,0.0,0.0,3599.0,0.0,595.0,0.0,0.0,0.0,2829.0,0.0,409.0,688.0,840.0,0.0
2155,2026-05-14 23:07:40,2026-5-14_stair1_left.csv,stair1,52.0,0.0,180.0,0.0,0.0,0.0,0.0,0.0,0.0,0.0,0.0,0.0,0.0,0.0,0.0,0.0,0.0,0.0
2156,2026-05-14 23:07:40,2026-5-14_stair1_left.csv,stair1,52.0,0.0,180.0,0.0,0.0,0.0,0.0,0.0,0.0,0.0,0.0,0.0,0.0,0.0,0.0,0.0,0.0,0.0
2157,2026-05-14 23:07:40,2026-5-14_stair1_left.csv,stair1,0.0,0.0,0.0,0.0,0.0,0.0,0.0,0.0,0.0,0.0,0.0,0.0,0.0,0.0,0.0,0.0,0.0,0.0
2158,2026-05-14 23:07:40,2026-5-14_stair1_left.csv,stair1,0.0,0.0,0.0,0.0,0.0,0.0,0.0,0.0,0.0,0.0,0.0,0.0,0.0,0.0,0.0,0.0,0.0,0.0
2159,2026-05-14 23:07:40,2026-5-14_stair1_left.csv,stair1,0.0,0.0,0.0,0.0,0.0,0.0,0.0,0.0,0.0,0.0,0.0,0.0,0.0,0.0,0.0,0.0,0.0,0.0
2160,2026-05-14 23:07:40,2026-5-14_stair1_left.csv,stair1,0.0,0.0,0.0,0.0,0.0,0.0,0.0,0.0,0.0,0.0,0.0,0.0,0.0,0.0,0.0,0.0,0.0,0.0
2161,2026-05-14 23:07:41,2026-5-14_stair1_left.csv,stair1,0.0,0.0,0.0,0.0,0.0,0.0,0.0,0.0,0.0,0.0,0.0,0.0,0.0,0.0,0.0,0.0,0.0,0.0
2162,2026-05-14 23:07:41,2026-5-14_stair1_left.csv,stair1,0.0,0.0,0.0,0.0,0.0,0.0,0.0,0.0,0.0,0.0,0.0,0.0,0.0,0.0,0.0,0.0,0.0,0.0
2163,2026-05-14 23:07:41,2026-5-14_stair1_left.csv,stair1,0.0,0.0,0.0,0.0,0.0,0.0,300.0,0.0,0.0,0.0,0.0,0.0,1531.0,0.0,508.0,1986.0,1665.0,0.0
2164,2026-05-14 23:07:41,2026-5-14_stair1_left.csv,stair1,199.0,0.0,4517.0,2874.0,0.0,0.0,1685.0,0.0,3814.0,2073.0,0.0,0.0,2937.0,0.0,1151.0,2637.0,3342.0,0.0
2165,2026-05-14 23:07:41,2026-5-14_stair1_left.csv,stair1,755.0,0.0,5345.0,3797.0,0.0,0.0,2791.0,0.0,4290.0,3212.0,597.0,0.0,4111.0,0.0,1799.0,3083.0,4300.0,0.0
2166,2026-05-14 23:07:41,2026-5-14_stair1_left.csv,stair1,755.0,0.0,5345.0,3797.0,0.0,0.0,2791.0,0.0,4290.0,3212.0,597.0,0.0,4111.0,0.0,1799.0,3083.0,4300.0,0.0
2167,2026-05-14 23:07:41,2026-5-14_stair1_left.csv,stair1,465.0,0.0,4835.0,3308.0,0.0,0.0,1717.0,0.0,3797.0,2723.0,229.0,0.0,2789.0,0.0,1561.0,2162.0,2775.0,0.0
2168,2026-05-14 23:07:41,2026-5-14_stair1_left.csv,stair1,0.0,0.0,3697.0,2058.0,0.0,0.0,0.0,0.0,3303.0,2172.0,0.0,0.0,461.0,0.0,1390.0,1166.0,800.0,0.0
2169,2026-05-14 23:07:41,2026-5-14_stair1_left.csv,stair1,0.0,0.0,3697.0,2058.0,0.0,0.0,0.0,0.0,3303.0,2172.0,0.0,0.0,461.0,0.0,1390.0,1166.0,800.0,0.0
2170,2026-05-14 23:07:41,2026-5-14_stair1_left.csv,stair1,0.0,0.0,4197.0,2479.0,0.0,0.0,0.0,0.0,3975.0,2813.0,0.0,0.0,28.0,0.0,1565.0,1353.0,516.0,0.0
2171,2026-05-14 23:07:41,2026-5-14_stair1_left.csv,stair1,0.0,0.0,4547.0,2800.0,0.0,0.0,0.0,0.0,4264.0,3093.0,0.0,0.0,0.0,0.0,1721.0,1367.0,553.0,0.0
2172,2026-05-14 23:07:41,2026-5-14_stair1_left.csv,stair1,0.0,0.0,4547.0,2800.0,0.0,0.0,0.0,0.0,4264.0,3093.0,0.0,0.0,0.0,0.0,1721.0,1367.0,553.0,0.0
2173,2026-05-14 23:07:41,2026-5-14_stair1_left.csv,stair1,877.0,0.0,2281.0,0.0,0.0,0.0,3031.0,0.0,1492.0,47.0,0.0,0.0,4172.0,0.0,937.0,1387.0,2407.0,0.0
2174,2026-05-14 23:07:41,2026-5-14_stair1_left.csv,stair1,877.0,0.0,2281.0,0.0,0.0,0.0,3031.0,0.0,1492.0,47.0,0.0,0.0,4172.0,0.0,937.0,1387.0,2407.0,0.0
2175,2026-05-14 23:07:41,2026-5-14_stair1_left.csv,stair1,209.0,0.0,806.0,0.0,0.0,0.0,1094.0,0.0,191.0,0.0,0.0,0.0,1125.0,0.0,116.0,364.0,375.0,0.0
2176,2026-05-14 23:07:41,2026-5-14_stair1_left.csv,stair1,0.0,0.0,0.0,0.0,0.0,0.0,0.0,0.0,0.0,0.0,0.0,0.0,0.0,0.0,0.0,0.0,0.0,0.0
2177,2026-05-14 23:07:41,2026-5-14_stair1_left.csv,stair1,0.0,0.0,0.0,0.0,0.0,0.0,0.0,0.0,0.0,0.0,0.0,0.0,0.0,0.0,0.0,0.0,0.0,0.0
2178,2026-05-14 23:07:41,2026-5-14_stair1_left.csv,stair1,0.0,0.0,0.0,0.0,0.0,0.0,0.0,0.0,0.0,0.0,0.0,0.0,0.0,0.0,0.0,0.0,0.0,0.0
2179,2026-05-14 23:07:41,2026-5-14_stair1_left.csv,stair1,0.0,0.0,0.0,0.0,0.0,0.0,0.0,0.0,0.0,0.0,0.0,0.0,0.0,0.0,0.0,0.0,0.0,0.0
2180,2026-05-14 23:07:41,2026-5-14_stair1_left.csv,stair1,0.0,0.0,0.0,0.0,0.0,0.0,0.0,0.0,0.0,0.0,0.0,0.0,0.0,0.0,0.0,0.0,0.0,0.0
2181,2026-05-14 23:07:42,2026-5-14_stair1_left.csv,stair1,0.0,0.0,0.0,0.0,0.0,0.0,0.0,0.0,0.0,0.0,0.0,0.0,0.0,0.0,0.0,0.0,0.0,0.0
2182,2026-05-14 23:07:42,2026-5-14_stair1_left.csv,stair1,0.0,0.0,0.0,0.0,0.0,0.0,1135.0,0.0,0.0,0.0,0.0,0.0,2349.0,0.0,458.0,1929.0,2145.0,0.0
2183,2026-05-14 23:07:42,2026-5-14_stair1_left.csv,stair1,1887.0,0.0,4429.0,2310.0,0.0,0.0,3285.0,0.0,3291.0,1484.0,20.0,0.0,4069.0,0.0,851.0,2513.0,3558.0,0.0
2184,2026-05-14 23:07:42,2026-5-14_stair1_left.csv,stair1,1887.0,0.0,4429.0,2310.0,0.0,0.0,3285.0,0.0,3291.0,1484.0,20.0,0.0,4069.0,0.0,851.0,2513.0,3558.0,0.0
2185,2026-05-14 23:07:42,2026-5-14_stair1_left.csv,stair1,3025.0,0.0,4772.0,2709.0,0.0,0.0,3991.0,0.0,3094.0,1802.0,199.0,0.0,4643.0,0.0,987.0,2276.0,3515.0,0.0
2186,2026-05-14 23:07:42,2026-5-14_stair1_left.csv,stair1,2539.0,0.0,4094.0,1909.0,0.0,0.0,2717.0,0.0,2272.0,766.0,0.0,0.0,2770.0,0.0,299.0,922.0,1828.0,0.0
2187,2026-05-14 23:07:42,2026-5-14_stair1_left.csv,stair1,2539.0,0.0,4094.0,1909.0,0.0,0.0,2717.0,0.0,2272.0,766.0,0.0,0.0,2770.0,0.0,299.0,922.0,1828.0,0.0
2188,2026-05-14 23:07:42,2026-5-14_stair1_left.csv,stair1,2415.0,0.0,2418.0,331.0,0.0,0.0,2251.0,0.0,994.0,0.0,0.0,0.0,2241.0,0.0,0.0,469.0,1085.0,0.0
2189,2026-05-14 23:07:42,2026-5-14_stair1_left.csv,stair1,2839.0,0.0,2050.0,0.0,0.0,0.0,2790.0,0.0,821.0,0.0,0.0,0.0,2593.0,0.0,0.0,283.0,859.0,0.0
2190,2026-05-14 23:07:42,2026-5-14_stair1_left.csv,stair1,2839.0,0.0,2050.0,0.0,0.0,0.0,2790.0,0.0,821.0,0.0,0.0,0.0,2593.0,0.0,0.0,283.0,859.0,0.0
2191,2026-05-14 23:07:42,2026-5-14_stair1_left.csv,stair1,3279.0,0.0,2283.0,0.0,0.0,0.0,3708.0,0.0,1104.0,0.0,0.0,0.0,3575.0,0.0,227.0,564.0,1341.0,0.0
2192,2026-05-14 23:07:42,2026-5-14_stair1_left.csv,stair1,3498.0,0.0,1236.0,0.0,0.0,0.0,2848.0,0.0,331.0,0.0,0.0,0.0,1744.0,0.0,141.0,344.0,96.0,0.0
2193,2026-05-14 23:07:42,2026-5-14_stair1_left.csv,stair1,3498.0,0.0,1236.0,0.0,0.0,0.0,2848.0,0.0,331.0,0.0,0.0,0.0,1744.0,0.0,141.0,344.0,96.0,0.0
2194,2026-05-14 23:07:42,2026-5-14_stair1_left.csv,stair1,0.0,0.0,180.0,0.0,0.0,0.0,0.0,0.0,0.0,0.0,0.0,0.0,0.0,0.0,0.0,0.0,0.0,0.0
2195,2026-05-14 23:07:42,2026-5-14_stair1_left.csv,stair1,0.0,0.0,0.0,0.0,0.0,0.0,0.0,0.0,0.0,0.0,0.0,0.0,0.0,0.0,0.0,0.0,0.0,0.0
2196,2026-05-14 23:07:42,2026-5-14_stair1_left.csv,stair1,0.0,0.0,0.0,0.0,0.0,0.0,0.0,0.0,0.0,0.0,0.0,0.0,0.0,0.0,0.0,0.0,0.0,0.0
2197,2026-05-14 23:07:42,2026-5-14_stair1_left.csv,stair1,0.0,0.0,0.0,0.0,0.0,0.0,0.0,0.0,0.0,0.0,0.0,0.0,0.0,0.0,0.0,0.0,0.0,0.0
2198,2026-05-14 23:07:42,2026-5-14_stair1_left.csv,stair1,0.0,0.0,0.0,0.0,0.0,0.0,0.0,0.0,0.0,0.0,0.0,0.0,0.0,0.0,0.0,0.0,0.0,0.0
2199,2026-05-14 23:07:42,2026-5-14_stair1_left.csv,stair1,0.0,0.0,0.0,0.0,0.0,0.0,0.0,0.0,0.0,0.0,0.0,0.0,0.0,0.0,0.0,0.0,0.0,0.0
2200,2026-05-14 23:07:42,2026-5-14_stair1_left.csv,stair1,0.0,0.0,0.0,0.0,0.0,0.0,0.0,0.0,0.0,0.0,0.0,0.0,0.0,0.0,0.0,0.0,0.0,0.0
2201,2026-05-14 23:07:43,2026-5-14_stair1_left.csv,stair1,4893.0,0.0,3027.0,616.0,0.0,0.0,5983.0,0.0,1848.0,0.0,0.0,540.0,6279.0,0.0,138.0,2770.0,4912.0,0.0
2202,2026-05-14 23:07:43,2026-5-14_stair1_left.csv,stair1,6063.0,0.0,3572.0,733.0,0.0,0.0,6503.0,0.0,1740.0,0.0,0.0,476.0,6765.0,0.0,336.0,2302.0,4656.0,0.0
2203,2026-05-14 23:07:43,2026-5-14_stair1_left.csv,stair1,6063.0,0.0,3572.0,733.0,0.0,0.0,6503.0,0.0,1740.0,0.0,0.0,476.0,6765.0,0.0,336.0,2302.0,4656.0,0.0
2204,2026-05-14 23:07:43,2026-5-14_stair1_left.csv,stair1,6393.0,0.0,2980.0,295.0,0.0,0.0,6156.0,0.0,1372.0,0.0,0.0,75.0,5785.0,0.0,135.0,1448.0,3019.0,0.0
2205,2026-05-14 23:07:43,2026-5-14_stair1_left.csv,stair1,5295.0,0.0,2019.0,0.0,0.0,0.0,4581.0,0.0,651.0,0.0,0.0,0.0,3824.0,0.0,0.0,426.0,1208.0,0.0
2206,2026-05-14 23:07:43,2026-5-14_stair1_left.csv,stair1,5295.0,0.0,2019.0,0.0,0.0,0.0,4581.0,0.0,651.0,0.0,0.0,0.0,3824.0,0.0,0.0,426.0,1208.0,0.0
2207,2026-05-14 23:07:43,2026-5-14_stair1_left.csv,stair1,3802.0,0.0,1451.0,0.0,0.0,0.0,3286.0,0.0,259.0,0.0,0.0,0.0,2597.0,0.0,0.0,331.0,682.0,0.0
2208,2026-05-14 23:07:43,2026-5-14_stair1_left.csv,stair1,3802.0,0.0,1451.0,0.0,0.0,0.0,3286.0,0.0,259.0,0.0,0.0,0.0,2597.0,0.0,0.0,331.0,682.0,0.0
2209,2026-05-14 23:07:43,2026-5-14_stair1_left.csv,stair1,5504.0,0.0,1006.0,0.0,0.0,0.0,4858.0,0.0,294.0,0.0,0.0,0.0,4106.0,0.0,485.0,988.0,1552.0,0.0
2210,2026-05-14 23:07:43,2026-5-14_stair1_left.csv,stair1,0.0,0.0,0.0,0.0,0.0,0.0,0.0,0.0,0.0,0.0,0.0,0.0,0.0,0.0,0.0,0.0,0.0,0.0
2211,2026-05-14 23:07:43,2026-5-14_stair1_left.csv,stair1,0.0,0.0,0.0,0.0,0.0,0.0,0.0,0.0,0.0,0.0,0.0,0.0,0.0,0.0,0.0,0.0,0.0,0.0
2212,2026-05-14 23:07:43,2026-5-14_stair1_left.csv,stair1,0.0,0.0,0.0,0.0,0.0,0.0,0.0,0.0,0.0,0.0,0.0,0.0,0.0,0.0,0.0,0.0,0.0,0.0
2213,2026-05-14 23:07:43,2026-5-14_stair1_left.csv,stair1,0.0,0.0,0.0,0.0,0.0,0.0,0.0,0.0,0.0,0.0,0.0,0.0,0.0,0.0,0.0,0.0,0.0,0.0
2214,2026-05-14 23:07:43,2026-5-14_stair1_left.csv,stair1,0.0,0.0,0.0,0.0,0.0,0.0,0.0,0.0,0.0,0.0,0.0,0.0,0.0,0.0,0.0,0.0,0.0,0.0
2215,2026-05-14 23:07:43,2026-5-14_stair1_left.csv,stair1,0.0,0.0,0.0,0.0,0.0,0.0,0.0,0.0,0.0,0.0,0.0,0.0,0.0,0.0,0.0,0.0,0.0,0.0
2216,2026-05-14 23:07:43,2026-5-14_stair1_left.csv,stair1,0.0,0.0,0.0,0.0,0.0,0.0,0.0,0.0,0.0,0.0,0.0,0.0,0.0,0.0,0.0,0.0,0.0,0.0
2217,2026-05-14 23:07:43,2026-5-14_stair1_left.csv,stair1,0.0,0.0,0.0,0.0,0.0,0.0,0.0,0.0,0.0,0.0,0.0,0.0,0.0,0.0,0.0,0.0,0.0,0.0
2218,2026-05-14 23:07:43,2026-5-14_stair1_left.csv,stair1,0.0,0.0,0.0,0.0,0.0,0.0,0.0,0.0,0.0,0.0,0.0,0.0,0.0,0.0,0.0,0.0,0.0,0.0
2219,2026-05-14 23:07:43,2026-5-14_stair1_left.csv,stair1,0.0,0.0,4836.0,2561.0,0.0,0.0,0.0,0.0,4601.0,2234.0,0.0,0.0,0.0,0.0,550.0,112.0,0.0,0.0
2220,2026-05-14 23:07:43,2026-5-14_stair1_left.csv,stair1,0.0,0.0,4732.0,3913.0,0.0,0.0,0.0,0.0,5079.0,3811.0,273.0,0.0,510.0,0.0,1908.0,2128.0,1348.0,0.0
2221,2026-05-14 23:07:44,2026-5-14_stair1_left.csv,stair1,0.0,0.0,4732.0,3913.0,0.0,0.0,0.0,0.0,5079.0,3811.0,273.0,0.0,510.0,0.0,1908.0,2128.0,1348.0,0.0
2222,2026-05-14 23:07:44,2026-5-14_stair1_left.csv,stair1,0.0,0.0,4551.0,3678.0,0.0,0.0,70.0,0.0,4176.0,2978.0,568.0,0.0,1516.0,0.0,1622.0,2150.0,1856.0,0.0
2223,2026-05-14 23:07:44,2026-5-14_stair1_left.csv,stair1,527.0,0.0,1709.0,499.0,0.0,0.0,868.0,0.0,1598.0,273.0,0.0,0.0,1842.0,0.0,946.0,1813.0,1776.0,0.0
2224,2026-05-14 23:07:44,2026-5-14_stair1_left.csv,stair1,527.0,0.0,1709.0,499.0,0.0,0.0,868.0,0.0,1598.0,273.0,0.0,0.0,1842.0,0.0,946.0,1813.0,1776.0,0.0
2225,2026-05-14 23:07:44,2026-5-14_stair1_left.csv,stair1,613.0,0.0,1543.0,136.0,0.0,0.0,1028.0,0.0,1529.0,76.0,0.0,0.0,2213.0,0.0,962.0,2084.0,2169.0,0.0
2226,2026-05-14 23:07:44,2026-5-14_stair1_left.csv,stair1,734.0,0.0,1392.0,0.0,0.0,0.0,1277.0,0.0,1417.0,0.0,0.0,0.0,2486.0,0.0,984.0,2225.0,2336.0,0.0
2227,2026-05-14 23:07:44,2026-5-14_stair1_left.csv,stair1,1077.0,0.0,1770.0,282.0,0.0,0.0,1619.0,0.0,1782.0,325.0,85.0,0.0,3101.0,0.0,1270.0,2784.0,2998.0,0.0
2228,2026-05-14 23:07:44,2026-5-14_stair1_left.csv,stair1,1077.0,0.0,1770.0,282.0,0.0,0.0,1619.0,0.0,1782.0,325.0,85.0,0.0,3101.0,0.0,1270.0,2784.0,2998.0,0.0
2229,2026-05-14 23:07:44,2026-5-14_stair1_left.csv,stair1,950.0,0.0,1574.0,106.0,0.0,0.0,1620.0,0.0,1648.0,160.0,0.0,0.0,3123.0,0.0,1303.0,2768.0,2995.0,0.0
2230,2026-05-14 23:07:44,2026-5-14_stair1_left.csv,stair1,782.0,0.0,1682.0,170.0,0.0,0.0,1394.0,0.0,1758.0,279.0,0.0,0.0,2629.0,0.0,1094.0,2331.0,2491.0,0.0
2231,2026-05-14 23:07:44,2026-5-14_stair1_left.csv,stair1,782.0,0.0,1682.0,170.0,0.0,0.0,1394.0,0.0,1758.0,279.0,0.0,0.0,2629.0,0.0,1094.0,2331.0,2491.0,0.0
2232,2026-05-14 23:07:44,2026-5-14_stair1_left.csv,stair1,644.0,0.0,1379.0,0.0,0.0,0.0,1028.0,0.0,1419.0,9.0,0.0,0.0,2058.0,0.0,676.0,1593.0,1700.0,0.0
2233,2026-05-14 23:07:44,2026-5-14_stair1_left.csv,stair1,701.0,0.0,1215.0,0.0,0.0,0.0,934.0,0.0,1189.0,0.0,0.0,0.0,1722.0,0.0,431.0,1189.0,1271.0,0.0
2234,2026-05-14 23:07:44,2026-5-14_stair1_left.csv,stair1,701.0,0.0,1215.0,0.0,0.0,0.0,934.0,0.0,1189.0,0.0,0.0,0.0,1722.0,0.0,431.0,1189.0,1271.0,0.0
2235,2026-05-14 23:07:44,2026-5-14_stair1_left.csv,stair1,644.0,0.0,1046.0,0.0,0.0,0.0,689.0,0.0,957.0,0.0,0.0,0.0,1399.0,0.0,192.0,904.0,938.0,0.0
2236,2026-05-14 23:07:44,2026-5-14_stair1_left.csv,stair1,341.0,0.0,651.0,0.0,0.0,0.0,225.0,0.0,591.0,0.0,0.0,0.0,783.0,0.0,0.0,513.0,456.0,0.0
2237,2026-05-14 23:07:44,2026-5-14_stair1_left.csv,stair1,341.0,0.0,651.0,0.0,0.0,0.0,225.0,0.0,591.0,0.0,0.0,0.0,783.0,0.0,0.0,513.0,456.0,0.0
2238,2026-05-14 23:07:44,2026-5-14_stair1_left.csv,stair1,354.0,0.0,609.0,0.0,0.0,0.0,142.0,0.0,425.0,0.0,0.0,0.0,727.0,0.0,0.0,362.0,239.0,0.0
2239,2026-05-14 23:07:44,2026-5-14_stair1_left.csv,stair1,592.0,0.0,180.0,0.0,0.0,0.0,170.0,0.0,0.0,0.0,0.0,0.0,273.0,0.0,0.0,0.0,0.0,0.0
2240,2026-05-14 23:07:44,2026-5-14_stair1_left.csv,stair1,592.0,0.0,180.0,0.0,0.0,0.0,170.0,0.0,0.0,0.0,0.0,0.0,273.0,0.0,0.0,0.0,0.0,0.0
2241,2026-05-14 23:07:45,2026-5-14_stair1_left.csv,stair1,743.0,0.0,15.0,0.0,0.0,0.0,207.0,0.0,0.0,0.0,0.0,0.0,190.0,0.0,0.0,0.0,0.0,0.0
2242,2026-05-14 23:07:45,2026-5-14_stair1_left.csv,stair1,1178.0,0.0,0.0,0.0,0.0,0.0,367.0,0.0,0.0,0.0,0.0,0.0,193.0,0.0,0.0,0.0,0.0,0.0
2243,2026-05-14 23:07:45,2026-5-14_stair1_left.csv,stair1,1362.0,0.0,0.0,0.0,0.0,0.0,409.0,0.0,0.0,0.0,0.0,0.0,229.0,0.0,0.0,0.0,0.0,0.0
2244,2026-05-14 23:07:45,2026-5-14_stair1_left.csv,stair1,1559.0,0.0,0.0,0.0,0.0,0.0,447.0,0.0,0.0,0.0,0.0,0.0,165.0,0.0,0.0,0.0,0.0,0.0
2245,2026-05-14 23:07:45,2026-5-14_stair1_left.csv,stair1,1614.0,0.0,0.0,0.0,0.0,0.0,481.0,0.0,0.0,0.0,0.0,0.0,150.0,0.0,0.0,0.0,0.0,0.0
2246,2026-05-14 23:07:45,2026-5-14_stair1_left.csv,stair1,1614.0,0.0,0.0,0.0,0.0,0.0,481.0,0.0,0.0,0.0,0.0,0.0,150.0,0.0,0.0,0.0,0.0,0.0
2247,2026-05-14 23:07:45,2026-5-14_stair1_left.csv,stair1,1833.0,88.0,0.0,0.0,0.0,0.0,602.0,0.0,0.0,0.0,0.0,0.0,148.0,0.0,0.0,0.0,0.0,0.0
2248,2026-05-14 23:07:45,2026-5-14_stair1_left.csv,stair1,1907.0,158.0,0.0,0.0,0.0,0.0,636.0,0.0,0.0,0.0,0.0,0.0,214.0,0.0,0.0,0.0,0.0,0.0
2249,2026-05-14 23:07:45,2026-5-14_stair1_left.csv,stair1,1991.0,140.0,0.0,0.0,0.0,0.0,729.0,0.0,0.0,0.0,0.0,0.0,306.0,0.0,0.0,0.0,0.0,0.0
2250,2026-05-14 23:07:45,2026-5-14_stair1_left.csv,stair1,1991.0,140.0,0.0,0.0,0.0,0.0,729.0,0.0,0.0,0.0,0.0,0.0,306.0,0.0,0.0,0.0,0.0,0.0
2251,2026-05-14 23:07:45,2026-5-14_stair1_left.csv,stair1,2014.0,141.0,0.0,0.0,0.0,0.0,786.0,0.0,0.0,0.0,0.0,0.0,353.0,0.0,0.0,0.0,0.0,0.0
2252,2026-05-14 23:07:45,2026-5-14_stair1_left.csv,stair1,2014.0,141.0,0.0,0.0,0.0,0.0,786.0,0.0,0.0,0.0,0.0,0.0,353.0,0.0,0.0,0.0,0.0,0.0
2253,2026-05-14 23:07:45,2026-5-14_stair1_left.csv,stair1,1978.0,0.0,0.0,0.0,0.0,0.0,820.0,0.0,0.0,0.0,0.0,0.0,405.0,0.0,0.0,0.0,0.0,0.0
2254,2026-05-14 23:07:45,2026-5-14_stair1_left.csv,stair1,1887.0,0.0,0.0,0.0,0.0,0.0,810.0,0.0,0.0,0.0,0.0,0.0,475.0,0.0,0.0,0.0,0.0,0.0
2255,2026-05-14 23:07:45,2026-5-14_stair1_left.csv,stair1,1663.0,0.0,0.0,0.0,0.0,0.0,742.0,0.0,0.0,0.0,0.0,0.0,435.0,0.0,0.0,0.0,0.0,0.0
2256,2026-05-14 23:07:45,2026-5-14_stair1_left.csv,stair1,1375.0,0.0,0.0,0.0,0.0,0.0,691.0,0.0,0.0,0.0,0.0,0.0,505.0,0.0,0.0,0.0,0.0,0.0
2257,2026-05-14 23:07:45,2026-5-14_stair1_left.csv,stair1,1375.0,0.0,0.0,0.0,0.0,0.0,691.0,0.0,0.0,0.0,0.0,0.0,505.0,0.0,0.0,0.0,0.0,0.0
2258,2026-05-14 23:07:45,2026-5-14_stair1_left.csv,stair1,1305.0,0.0,0.0,0.0,0.0,0.0,665.0,0.0,0.0,0.0,0.0,0.0,524.0,0.0,0.0,0.0,0.0,0.0
2259,2026-05-14 23:07:45,2026-5-14_stair1_left.csv,stair1,1166.0,0.0,9.0,0.0,0.0,0.0,613.0,0.0,0.0,0.0,0.0,0.0,523.0,0.0,0.0,0.0,0.0,0.0
2260,2026-05-14 23:07:45,2026-5-14_stair1_left.csv,stair1,1142.0,0.0,18.0,0.0,0.0,0.0,600.0,0.0,0.0,0.0,0.0,0.0,490.0,0.0,0.0,0.0,0.0,0.0
2261,2026-05-14 23:07:46,2026-5-14_stair1_left.csv,stair1,1119.0,0.0,30.0,0.0,0.0,0.0,602.0,0.0,0.0,0.0,0.0,0.0,529.0,0.0,0.0,0.0,0.0,0.0
2262,2026-05-14 23:07:46,2026-5-14_stair1_left.csv,stair1,1214.0,0.0,0.0,0.0,0.0,0.0,694.0,0.0,0.0,0.0,0.0,0.0,589.0,0.0,0.0,13.0,0.0,0.0
2263,2026-05-14 23:07:46,2026-5-14_stair1_left.csv,stair1,1214.0,0.0,0.0,0.0,0.0,0.0,694.0,0.0,0.0,0.0,0.0,0.0,589.0,0.0,0.0,13.0,0.0,0.0
2264,2026-05-14 23:07:46,2026-5-14_stair1_left.csv,stair1,1214.0,0.0,0.0,0.0,0.0,0.0,694.0,0.0,0.0,0.0,0.0,0.0,589.0,0.0,0.0,13.0,0.0,0.0
2265,2026-05-14 23:07:46,2026-5-14_stair1_left.csv,stair1,1333.0,0.0,0.0,0.0,0.0,0.0,735.0,0.0,0.0,0.0,0.0,0.0,608.0,0.0,0.0,24.0,0.0,0.0
2266,2026-05-14 23:07:46,2026-5-14_stair1_left.csv,stair1,1392.0,0.0,0.0,0.0,0.0,0.0,781.0,0.0,0.0,0.0,0.0,0.0,629.0,0.0,0.0,13.0,0.0,0.0
2267,2026-05-14 23:07:46,2026-5-14_stair1_left.csv,stair1,1418.0,0.0,0.0,0.0,0.0,0.0,827.0,0.0,0.0,0.0,0.0,0.0,628.0,0.0,0.0,12.0,0.0,0.0
2268,2026-05-14 23:07:46,2026-5-14_stair1_left.csv,stair1,1452.0,0.0,0.0,0.0,0.0,0.0,813.0,0.0,0.0,0.0,0.0,0.0,602.0,0.0,0.0,0.0,0.0,0.0
2269,2026-05-14 23:07:46,2026-5-14_stair1_left.csv,stair1,1452.0,0.0,0.0,0.0,0.0,0.0,813.0,0.0,0.0,0.0,0.0,0.0,602.0,0.0,0.0,0.0,0.0,0.0
2270,2026-05-14 23:07:46,2026-5-14_stair1_left.csv,stair1,1501.0,0.0,0.0,0.0,0.0,0.0,846.0,0.0,0.0,0.0,0.0,0.0,640.0,0.0,0.0,0.0,0.0,0.0
2271,2026-05-14 23:07:46,2026-5-14_stair1_left.csv,stair1,1501.0,0.0,0.0,0.0,0.0,0.0,858.0,0.0,0.0,0.0,0.0,0.0,664.0,0.0,0.0,26.0,0.0,0.0
2272,2026-05-14 23:07:46,2026-5-14_stair1_left.csv,stair1,1490.0,0.0,0.0,0.0,0.0,0.0,858.0,0.0,0.0,0.0,0.0,0.0,687.0,0.0,0.0,50.0,0.0,0.0
2273,2026-05-14 23:07:46,2026-5-14_stair1_left.csv,stair1,1454.0,0.0,0.0,0.0,0.0,0.0,845.0,0.0,0.0,0.0,0.0,0.0,687.0,0.0,0.0,62.0,0.0,0.0
2274,2026-05-14 23:07:46,2026-5-14_stair1_left.csv,stair1,1454.0,0.0,0.0,0.0,0.0,0.0,845.0,0.0,0.0,0.0,0.0,0.0,687.0,0.0,0.0,62.0,0.0,0.0
2275,2026-05-14 23:07:46,2026-5-14_stair1_left.csv,stair1,1406.0,0.0,0.0,0.0,0.0,0.0,754.0,0.0,0.0,0.0,0.0,0.0,606.0,0.0,0.0,73.0,0.0,0.0
2276,2026-05-14 23:07:46,2026-5-14_stair1_left.csv,stair1,1298.0,0.0,0.0,0.0,0.0,0.0,675.0,0.0,0.0,0.0,0.0,0.0,594.0,0.0,0.0,73.0,0.0,0.0
2277,2026-05-14 23:07:46,2026-5-14_stair1_left.csv,stair1,1298.0,0.0,0.0,0.0,0.0,0.0,675.0,0.0,0.0,0.0,0.0,0.0,594.0,0.0,0.0,73.0,0.0,0.0
2278,2026-05-14 23:07:46,2026-5-14_stair1_left.csv,stair1,1213.0,0.0,0.0,0.0,0.0,0.0,609.0,0.0,0.0,0.0,0.0,0.0,513.0,0.0,0.0,73.0,0.0,0.0
2279,2026-05-14 23:07:46,2026-5-14_stair1_left.csv,stair1,1166.0,0.0,0.0,0.0,0.0,0.0,599.0,0.0,0.0,0.0,0.0,0.0,549.0,0.0,0.0,94.0,0.0,0.0
2280,2026-05-14 23:07:46,2026-5-14_stair1_left.csv,stair1,1166.0,0.0,0.0,0.0,0.0,0.0,599.0,0.0,0.0,0.0,0.0,0.0,549.0,0.0,0.0,94.0,0.0,0.0
2281,2026-05-14 23:07:47,2026-5-14_stair1_left.csv,stair1,1117.0,0.0,0.0,0.0,0.0,0.0,574.0,0.0,0.0,0.0,0.0,0.0,501.0,0.0,0.0,94.0,0.0,0.0
2282,2026-05-14 23:07:47,2026-5-14_stair1_left.csv,stair1,1139.0,0.0,0.0,0.0,0.0,0.0,565.0,0.0,0.0,0.0,0.0,0.0,539.0,0.0,0.0,97.0,0.0,0.0
2283,2026-05-14 23:07:47,2026-5-14_stair1_left.csv,stair1,1128.0,0.0,0.0,0.0,0.0,0.0,556.0,0.0,0.0,0.0,0.0,0.0,493.0,0.0,0.0,96.0,0.0,0.0
2284,2026-05-14 23:07:47,2026-5-14_stair1_left.csv,stair1,1141.0,0.0,0.0,0.0,0.0,0.0,566.0,0.0,0.0,0.0,0.0,0.0,504.0,0.0,0.0,108.0,0.0,0.0
2285,2026-05-14 23:07:47,2026-5-14_stair1_left.csv,stair1,1141.0,0.0,0.0,0.0,0.0,0.0,555.0,0.0,0.0,0.0,0.0,0.0,573.0,0.0,0.0,86.0,0.0,0.0
2286,2026-05-14 23:07:47,2026-5-14_stair1_left.csv,stair1,1141.0,0.0,0.0,0.0,0.0,0.0,555.0,0.0,0.0,0.0,0.0,0.0,573.0,0.0,0.0,86.0,0.0,0.0
2287,2026-05-14 23:07:47,2026-5-14_stair1_left.csv,stair1,1198.0,0.0,0.0,0.0,0.0,0.0,598.0,0.0,0.0,0.0,0.0,0.0,540.0,0.0,0.0,87.0,0.0,0.0
2288,2026-05-14 23:07:47,2026-5-14_stair1_left.csv,stair1,1189.0,0.0,0.0,0.0,0.0,0.0,586.0,0.0,0.0,0.0,0.0,0.0,562.0,0.0,0.0,85.0,0.0,0.0
2289,2026-05-14 23:07:47,2026-5-14_stair1_left.csv,stair1,1201.0,0.0,0.0,0.0,0.0,0.0,598.0,0.0,0.0,0.0,0.0,0.0,527.0,0.0,0.0,97.0,0.0,0.0
2290,2026-05-14 23:07:47,2026-5-14_stair1_left.csv,stair1,1201.0,0.0,0.0,0.0,0.0,0.0,598.0,0.0,0.0,0.0,0.0,0.0,527.0,0.0,0.0,97.0,0.0,0.0
2291,2026-05-14 23:07:47,2026-5-14_stair1_left.csv,stair1,1201.0,0.0,0.0,0.0,0.0,0.0,598.0,0.0,0.0,0.0,0.0,0.0,527.0,0.0,0.0,97.0,0.0,0.0
2292,2026-05-14 23:07:47,2026-5-14_stair1_left.csv,stair1,1201.0,0.0,0.0,0.0,0.0,0.0,598.0,0.0,0.0,0.0,0.0,0.0,527.0,0.0,0.0,97.0,0.0,0.0
2293,2026-05-14 23:07:47,2026-5-14_stair1_left.csv,stair1,1201.0,0.0,0.0,0.0,0.0,0.0,598.0,0.0,0.0,0.0,0.0,0.0,527.0,0.0,0.0,97.0,0.0,0.0
2294,2026-05-14 23:07:47,2026-5-14_stair1_left.csv,stair1,1201.0,0.0,0.0,0.0,0.0,0.0,598.0,0.0,0.0,0.0,0.0,0.0,527.0,0.0,0.0,97.0,0.0,0.0
2295,2026-05-14 23:07:47,2026-5-14_stair1_left.csv,stair1,1201.0,0.0,0.0,0.0,0.0,0.0,598.0,0.0,0.0,0.0,0.0,0.0,527.0,0.0,0.0,97.0,0.0,0.0
2296,2026-05-14 23:07:47,2026-5-14_stair1_left.csv,stair1,1201.0,0.0,0.0,0.0,0.0,0.0,598.0,0.0,0.0,0.0,0.0,0.0,527.0,0.0,0.0,97.0,0.0,0.0
2297,2026-05-14 23:07:47,2026-5-14_stair1_left.csv,stair1,1201.0,0.0,0.0,0.0,0.0,0.0,598.0,0.0,0.0,0.0,0.0,0.0,527.0,0.0,0.0,97.0,0.0,0.0
2298,2026-05-14 23:07:47,2026-5-14_stair1_left.csv,stair1,1201.0,0.0,0.0,0.0,0.0,0.0,598.0,0.0,0.0,0.0,0.0,0.0,527.0,0.0,0.0,97.0,0.0,0.0
2299,2026-05-14 23:07:47,2026-5-14_stair1_left.csv,stair1,1201.0,0.0,0.0,0.0,0.0,0.0,598.0,0.0,0.0,0.0,0.0,0.0,527.0,0.0,0.0,97.0,0.0,0.0
2300,2026-05-14 23:07:47,2026-5-14_stair1_left.csv,stair1,1201.0,0.0,0.0,0.0,0.0,0.0,598.0,0.0,0.0,0.0,0.0,0.0,527.0,0.0,0.0,97.0,0.0,0.0
2301,2026-05-14 23:07:48,2026-5-14_stair1_left.csv,stair1,1201.0,0.0,0.0,0.0,0.0,0.0,598.0,0.0,0.0,0.0,0.0,0.0,527.0,0.0,0.0,97.0,0.0,0.0
2302,2026-05-14 23:07:48,2026-5-14_stair1_left.csv,stair1,1201.0,0.0,0.0,0.0,0.0,0.0,598.0,0.0,0.0,0.0,0.0,0.0,527.0,0.0,0.0,97.0,0.0,0.0
2303,2026-05-14 23:07:48,2026-5-14_stair1_left.csv,stair1,1201.0,0.0,0.0,0.0,0.0,0.0,598.0,0.0,0.0,0.0,0.0,0.0,527.0,0.0,0.0,97.0,0.0,0.0
2304,2026-05-14 23:07:48,2026-5-14_stair1_left.csv,stair1,1201.0,0.0,0.0,0.0,0.0,0.0,598.0,0.0,0.0,0.0,0.0,0.0,527.0,0.0,0.0,97.0,0.0,0.0
2305,2026-05-14 23:07:48,2026-5-14_stair1_left.csv,stair1,1201.0,0.0,0.0,0.0,0.0,0.0,598.0,0.0,0.0,0.0,0.0,0.0,527.0,0.0,0.0,97.0,0.0,0.0
2306,2026-05-14 23:07:48,2026-5-14_stair1_left.csv,stair1,1201.0,0.0,0.0,0.0,0.0,0.0,598.0,0.0,0.0,0.0,0.0,0.0,527.0,0.0,0.0,97.0,0.0,0.0
2307,2026-05-14 23:07:48,2026-5-14_stair1_left.csv,stair1,1201.0,0.0,0.0,0.0,0.0,0.0,598.0,0.0,0.0,0.0,0.0,0.0,527.0,0.0,0.0,97.0,0.0,0.0
2308,2026-05-14 23:07:48,2026-5-14_stair1_left.csv,stair1,1201.0,0.0,0.0,0.0,0.0,0.0,598.0,0.0,0.0,0.0,0.0,0.0,527.0,0.0,0.0,97.0,0.0,0.0
2309,2026-05-14 23:07:48,2026-5-14_stair1_left.csv,stair1,1201.0,0.0,0.0,0.0,0.0,0.0,598.0,0.0,0.0,0.0,0.0,0.0,527.0,0.0,0.0,97.0,0.0,0.0
2310,2026-05-14 23:07:48,2026-5-14_stair1_left.csv,stair1,1201.0,0.0,0.0,0.0,0.0,0.0,598.0,0.0,0.0,0.0,0.0,0.0,527.0,0.0,0.0,97.0,0.0,0.0
2311,2026-05-14 23:07:48,2026-5-14_stair1_left.csv,stair1,1201.0,0.0,0.0,0.0,0.0,0.0,598.0,0.0,0.0,0.0,0.0,0.0,527.0,0.0,0.0,97.0,0.0,0.0
2312,2026-05-14 23:07:48,2026-5-14_stair1_left.csv,stair1,1201.0,0.0,0.0,0.0,0.0,0.0,598.0,0.0,0.0,0.0,0.0,0.0,527.0,0.0,0.0,97.0,0.0,0.0
2313,2026-05-14 23:07:48,2026-5-14_stair1_left.csv,stair1,1201.0,0.0,0.0,0.0,0.0,0.0,598.0,0.0,0.0,0.0,0.0,0.0,527.0,0.0,0.0,97.0,0.0,0.0
2314,2026-05-14 23:07:48,2026-5-14_stair1_left.csv,stair1,1201.0,0.0,0.0,0.0,0.0,0.0,598.0,0.0,0.0,0.0,0.0,0.0,527.0,0.0,0.0,97.0,0.0,0.0
2315,2026-05-14 23:07:48,2026-5-14_stair1_left.csv,stair1,1201.0,0.0,0.0,0.0,0.0,0.0,598.0,0.0,0.0,0.0,0.0,0.0,527.0,0.0,0.0,97.0,0.0,0.0
2316,2026-05-14 23:07:48,2026-5-14_stair1_left.csv,stair1,1201.0,0.0,0.0,0.0,0.0,0.0,598.0,0.0,0.0,0.0,0.0,0.0,527.0,0.0,0.0,97.0,0.0,0.0
2317,2026-05-14 23:07:48,2026-5-14_stair1_left.csv,stair1,1201.0,0.0,0.0,0.0,0.0,0.0,598.0,0.0,0.0,0.0,0.0,0.0,527.0,0.0,0.0,97.0,0.0,0.0
2318,2026-05-14 23:07:48,2026-5-14_stair1_left.csv,stair1,1201.0,0.0,0.0,0.0,0.0,0.0,598.0,0.0,0.0,0.0,0.0,0.0,527.0,0.0,0.0,97.0,0.0,0.0
2319,2026-05-14 23:07:48,2026-5-14_stair1_left.csv,stair1,1201.0,0.0,0.0,0.0,0.0,0.0,598.0,0.0,0.0,0.0,0.0,0.0,527.0,0.0,0.0,97.0,0.0,0.0
2320,2026-05-14 23:07:48,2026-5-14_stair1_left.csv,stair1,1201.0,0.0,0.0,0.0,0.0,0.0,598.0,0.0,0.0,0.0,0.0,0.0,527.0,0.0,0.0,97.0,0.0,0.0
2321,2026-05-14 23:07:49,2026-5-14_stair1_left.csv,stair1,1201.0,0.0,0.0,0.0,0.0,0.0,598.0,0.0,0.0,0.0,0.0,0.0,527.0,0.0,0.0,97.0,0.0,0.0
2322,2026-05-14 23:07:49,2026-5-14_stair1_left.csv,stair1,1201.0,0.0,0.0,0.0,0.0,0.0,598.0,0.0,0.0,0.0,0.0,0.0,527.0,0.0,0.0,97.0,0.0,0.0
2323,2026-05-14 23:07:49,2026-5-14_stair1_left.csv,stair1,1201.0,0.0,0.0,0.0,0.0,0.0,598.0,0.0,0.0,0.0,0.0,0.0,527.0,0.0,0.0,97.0,0.0,0.0
2324,2026-05-14 23:07:49,2026-5-14_stair1_left.csv,stair1,1201.0,0.0,0.0,0.0,0.0,0.0,598.0,0.0,0.0,0.0,0.0,0.0,527.0,0.0,0.0,97.0,0.0,0.0
2325,2026-05-14 23:07:49,2026-5-14_stair1_left.csv,stair1,1201.0,0.0,0.0,0.0,0.0,0.0,598.0,0.0,0.0,0.0,0.0,0.0,527.0,0.0,0.0,97.0,0.0,0.0
2326,2026-05-14 23:07:49,2026-5-14_stair1_left.csv,stair1,1201.0,0.0,0.0,0.0,0.0,0.0,598.0,0.0,0.0,0.0,0.0,0.0,527.0,0.0,0.0,97.0,0.0,0.0
2327,2026-05-14 23:07:49,2026-5-14_stair1_left.csv,stair1,1201.0,0.0,0.0,0.0,0.0,0.0,598.0,0.0,0.0,0.0,0.0,0.0,527.0,0.0,0.0,97.0,0.0,0.0
2328,2026-05-14 23:07:49,2026-5-14_stair1_left.csv,stair1,1201.0,0.0,0.0,0.0,0.0,0.0,598.0,0.0,0.0,0.0,0.0,0.0,527.0,0.0,0.0,97.0,0.0,0.0
2329,2026-05-14 23:07:49,2026-5-14_stair1_left.csv,stair1,1201.0,0.0,0.0,0.0,0.0,0.0,598.0,0.0,0.0,0.0,0.0,0.0,527.0,0.0,0.0,97.0,0.0,0.0
2330,2026-05-14 23:07:49,2026-5-14_stair1_left.csv,stair1,1201.0,0.0,0.0,0.0,0.0,0.0,598.0,0.0,0.0,0.0,0.0,0.0,527.0,0.0,0.0,97.0,0.0,0.0
2331,2026-05-14 23:07:49,2026-5-14_stair1_left.csv,stair1,1201.0,0.0,0.0,0.0,0.0,0.0,598.0,0.0,0.0,0.0,0.0,0.0,527.0,0.0,0.0,97.0,0.0,0.0
2332,2026-05-14 23:07:49,2026-5-14_stair1_left.csv,stair1,1201.0,0.0,0.0,0.0,0.0,0.0,598.0,0.0,0.0,0.0,0.0,0.0,527.0,0.0,0.0,97.0,0.0,0.0
2333,2026-05-14 23:07:49,2026-5-14_stair1_left.csv,stair1,1201.0,0.0,0.0,0.0,0.0,0.0,598.0,0.0,0.0,0.0,0.0,0.0,527.0,0.0,0.0,97.0,0.0,0.0
2334,2026-05-14 23:07:49,2026-5-14_stair1_left.csv,stair1,1201.0,0.0,0.0,0.0,0.0,0.0,598.0,0.0,0.0,0.0,0.0,0.0,527.0,0.0,0.0,97.0,0.0,0.0
2335,2026-05-14 23:07:49,2026-5-14_stair1_left.csv,stair1,1201.0,0.0,0.0,0.0,0.0,0.0,598.0,0.0,0.0,0.0,0.0,0.0,527.0,0.0,0.0,97.0,0.0,0.0
2336,2026-05-14 23:07:49,2026-5-14_stair1_left.csv,stair1,1201.0,0.0,0.0,0.0,0.0,0.0,598.0,0.0,0.0,0.0,0.0,0.0,527.0,0.0,0.0,97.0,0.0,0.0
2337,2026-05-14 23:07:49,2026-5-14_stair1_left.csv,stair1,1201.0,0.0,0.0,0.0,0.0,0.0,598.0,0.0,0.0,0.0,0.0,0.0,527.0,0.0,0.0,97.0,0.0,0.0
2338,2026-05-14 23:07:49,2026-5-14_stair1_left.csv,stair1,1201.0,0.0,0.0,0.0,0.0,0.0,598.0,0.0,0.0,0.0,0.0,0.0,527.0,0.0,0.0,97.0,0.0,0.0
2339,2026-05-14 23:07:49,2026-5-14_stair1_left.csv,stair1,1201.0,0.0,0.0,0.0,0.0,0.0,598.0,0.0,0.0,0.0,0.0,0.0,527.0,0.0,0.0,97.0,0.0,0.0
2340,2026-05-14 23:07:49,2026-5-14_stair1_left.csv,stair1,1201.0,0.0,0.0,0.0,0.0,0.0,598.0,0.0,0.0,0.0,0.0,0.0,527.0,0.0,0.0,97.0,0.0,0.0
2341,2026-05-14 23:07:50,2026-5-14_stair1_left.csv,stair1,1201.0,0.0,0.0,0.0,0.0,0.0,598.0,0.0,0.0,0.0,0.0,0.0,527.0,0.0,0.0,97.0,0.0,0.0
2342,2026-05-14 23:07:50,2026-5-14_stair1_left.csv,stair1,1201.0,0.0,0.0,0.0,0.0,0.0,598.0,0.0,0.0,0.0,0.0,0.0,527.0,0.0,0.0,97.0,0.0,0.0
2343,2026-05-14 23:07:50,2026-5-14_stair1_left.csv,stair1,1201.0,0.0,0.0,0.0,0.0,0.0,598.0,0.0,0.0,0.0,0.0,0.0,527.0,0.0,0.0,97.0,0.0,0.0
2344,2026-05-14 23:07:50,2026-5-14_stair1_left.csv,stair1,1201.0,0.0,0.0,0.0,0.0,0.0,598.0,0.0,0.0,0.0,0.0,0.0,527.0,0.0,0.0,97.0,0.0,0.0
2345,2026-05-14 23:07:50,2026-5-14_stair1_left.csv,stair1,1201.0,0.0,0.0,0.0,0.0,0.0,598.0,0.0,0.0,0.0,0.0,0.0,527.0,0.0,0.0,97.0,0.0,0.0
2346,2026-05-14 23:07:50,2026-5-14_stair1_left.csv,stair1,1201.0,0.0,0.0,0.0,0.0,0.0,598.0,0.0,0.0,0.0,0.0,0.0,527.0,0.0,0.0,97.0,0.0,0.0
2347,2026-05-14 23:07:50,2026-5-14_stair1_left.csv,stair1,1201.0,0.0,0.0,0.0,0.0,0.0,598.0,0.0,0.0,0.0,0.0,0.0,527.0,0.0,0.0,97.0,0.0,0.0
2348,2026-05-14 23:07:50,2026-5-14_stair1_left.csv,stair1,1201.0,0.0,0.0,0.0,0.0,0.0,598.0,0.0,0.0,0.0,0.0,0.0,527.0,0.0,0.0,97.0,0.0,0.0
2349,2026-05-14 23:07:50,2026-5-14_stair1_left.csv,stair1,1201.0,0.0,0.0,0.0,0.0,0.0,598.0,0.0,0.0,0.0,0.0,0.0,527.0,0.0,0.0,97.0,0.0,0.0
2350,2026-05-14 23:07:50,2026-5-14_stair1_left.csv,stair1,1201.0,0.0,0.0,0.0,0.0,0.0,598.0,0.0,0.0,0.0,0.0,0.0,527.0,0.0,0.0,97.0,0.0,0.0
2351,2026-05-14 23:07:50,2026-5-14_stair1_left.csv,stair1,1201.0,0.0,0.0,0.0,0.0,0.0,598.0,0.0,0.0,0.0,0.0,0.0,527.0,0.0,0.0,97.0,0.0,0.0
2352,2026-05-14 23:07:50,2026-5-14_stair1_left.csv,stair1,1201.0,0.0,0.0,0.0,0.0,0.0,598.0,0.0,0.0,0.0,0.0,0.0,527.0,0.0,0.0,97.0,0.0,0.0
2353,2026-05-14 23:07:50,2026-5-14_stair1_left.csv,stair1,1201.0,0.0,0.0,0.0,0.0,0.0,598.0,0.0,0.0,0.0,0.0,0.0,527.0,0.0,0.0,97.0,0.0,0.0
2354,2026-05-14 23:07:50,2026-5-14_stair1_left.csv,stair1,1201.0,0.0,0.0,0.0,0.0,0.0,598.0,0.0,0.0,0.0,0.0,0.0,527.0,0.0,0.0,97.0,0.0,0.0
2355,2026-05-14 23:07:50,2026-5-14_stair1_left.csv,stair1,1201.0,0.0,0.0,0.0,0.0,0.0,598.0,0.0,0.0,0.0,0.0,0.0,527.0,0.0,0.0,97.0,0.0,0.0
2356,2026-05-14 23:07:50,2026-5-14_stair1_left.csv,stair1,1201.0,0.0,0.0,0.0,0.0,0.0,598.0,0.0,0.0,0.0,0.0,0.0,527.0,0.0,0.0,97.0,0.0,0.0
2357,2026-05-14 23:07:50,2026-5-14_stair1_left.csv,stair1,1201.0,0.0,0.0,0.0,0.0,0.0,598.0,0.0,0.0,0.0,0.0,0.0,527.0,0.0,0.0,97.0,0.0,0.0
2358,2026-05-14 23:07:50,2026-5-14_stair1_left.csv,stair1,1201.0,0.0,0.0,0.0,0.0,0.0,598.0,0.0,0.0,0.0,0.0,0.0,527.0,0.0,0.0,97.0,0.0,0.0
2359,2026-05-14 23:07:50,2026-5-14_stair1_left.csv,stair1,1201.0,0.0,0.0,0.0,0.0,0.0,598.0,0.0,0.0,0.0,0.0,0.0,527.0,0.0,0.0,97.0,0.0,0.0
2360,2026-05-14 23:07:50,2026-5-14_stair1_left.csv,stair1,1201.0,0.0,0.0,0.0,0.0,0.0,598.0,0.0,0.0,0.0,0.0,0.0,527.0,0.0,0.0,97.0,0.0,0.0
2361,2026-05-14 23:07:51,2026-5-14_stair1_left.csv,stair1,1201.0,0.0,0.0,0.0,0.0,0.0,598.0,0.0,0.0,0.0,0.0,0.0,527.0,0.0,0.0,97.0,0.0,0.0
2362,2026-05-14 23:07:51,2026-5-14_stair1_left.csv,stair1,1201.0,0.0,0.0,0.0,0.0,0.0,598.0,0.0,0.0,0.0,0.0,0.0,527.0,0.0,0.0,97.0,0.0,0.0
2363,2026-05-14 23:07:51,2026-5-14_stair1_left.csv,stair1,1201.0,0.0,0.0,0.0,0.0,0.0,598.0,0.0,0.0,0.0,0.0,0.0,527.0,0.0,0.0,97.0,0.0,0.0
2364,2026-05-14 23:07:51,2026-5-14_stair1_left.csv,stair1,1201.0,0.0,0.0,0.0,0.0,0.0,598.0,0.0,0.0,0.0,0.0,0.0,527.0,0.0,0.0,97.0,0.0,0.0
2365,2026-05-14 23:07:51,2026-5-14_stair1_left.csv,stair1,1201.0,0.0,0.0,0.0,0.0,0.0,598.0,0.0,0.0,0.0,0.0,0.0,527.0,0.0,0.0,97.0,0.0,0.0
2366,2026-05-14 23:07:51,2026-5-14_stair1_left.csv,stair1,1201.0,0.0,0.0,0.0,0.0,0.0,598.0,0.0,0.0,0.0,0.0,0.0,527.0,0.0,0.0,97.0,0.0,0.0
2367,2026-05-14 23:07:51,2026-5-14_stair1_left.csv,stair1,1201.0,0.0,0.0,0.0,0.0,0.0,598.0,0.0,0.0,0.0,0.0,0.0,527.0,0.0,0.0,97.0,0.0,0.0
2368,2026-05-14 23:07:51,2026-5-14_stair1_left.csv,stair1,1201.0,0.0,0.0,0.0,0.0,0.0,598.0,0.0,0.0,0.0,0.0,0.0,527.0,0.0,0.0,97.0,0.0,0.0
2369,2026-05-14 23:07:51,2026-5-14_stair1_left.csv,stair1,1201.0,0.0,0.0,0.0,0.0,0.0,598.0,0.0,0.0,0.0,0.0,0.0,527.0,0.0,0.0,97.0,0.0,0.0
2370,2026-05-14 23:07:51,2026-5-14_stair1_left.csv,stair1,1201.0,0.0,0.0,0.0,0.0,0.0,598.0,0.0,0.0,0.0,0.0,0.0,527.0,0.0,0.0,97.0,0.0,0.0
2371,2026-05-14 23:07:51,2026-5-14_stair1_left.csv,stair1,1201.0,0.0,0.0,0.0,0.0,0.0,598.0,0.0,0.0,0.0,0.0,0.0,527.0,0.0,0.0,97.0,0.0,0.0
2372,2026-05-14 23:07:51,2026-5-14_stair1_left.csv,stair1,1201.0,0.0,0.0,0.0,0.0,0.0,598.0,0.0,0.0,0.0,0.0,0.0,527.0,0.0,0.0,97.0,0.0,0.0
2373,2026-05-14 23:07:51,2026-5-14_stair1_left.csv,stair1,1201.0,0.0,0.0,0.0,0.0,0.0,598.0,0.0,0.0,0.0,0.0,0.0,527.0,0.0,0.0,97.0,0.0,0.0
2374,2026-05-14 23:07:51,2026-5-14_stair1_left.csv,stair1,1201.0,0.0,0.0,0.0,0.0,0.0,598.0,0.0,0.0,0.0,0.0,0.0,527.0,0.0,0.0,97.0,0.0,0.0
2375,2026-05-14 23:07:51,2026-5-14_stair1_left.csv,stair1,1201.0,0.0,0.0,0.0,0.0,0.0,598.0,0.0,0.0,0.0,0.0,0.0,527.0,0.0,0.0,97.0,0.0,0.0
2376,2026-05-14 23:07:51,2026-5-14_stair1_left.csv,stair1,1201.0,0.0,0.0,0.0,0.0,0.0,598.0,0.0,0.0,0.0,0.0,0.0,527.0,0.0,0.0,97.0,0.0,0.0
2377,2026-05-14 23:07:51,2026-5-14_stair1_left.csv,stair1,1201.0,0.0,0.0,0.0,0.0,0.0,598.0,0.0,0.0,0.0,0.0,0.0,527.0,0.0,0.0,97.0,0.0,0.0
2378,2026-05-14 23:07:51,2026-5-14_stair1_left.csv,stair1,1201.0,0.0,0.0,0.0,0.0,0.0,598.0,0.0,0.0,0.0,0.0,0.0,527.0,0.0,0.0,97.0,0.0,0.0
2379,2026-05-14 23:07:51,2026-5-14_stair1_left.csv,stair1,1201.0,0.0,0.0,0.0,0.0,0.0,598.0,0.0,0.0,0.0,0.0,0.0,527.0,0.0,0.0,97.0,0.0,0.0
2380,2026-05-14 23:07:51,2026-5-14_stair1_left.csv,stair1,1201.0,0.0,0.0,0.0,0.0,0.0,598.0,0.0,0.0,0.0,0.0,0.0,527.0,0.0,0.0,97.0,0.0,0.0
2381,2026-05-14 23:07:52,2026-5-14_stair1_left.csv,stair1,1201.0,0.0,0.0,0.0,0.0,0.0,598.0,0.0,0.0,0.0,0.0,0.0,527.0,0.0,0.0,97.0,0.0,0.0
2382,2026-05-14 23:07:52,2026-5-14_stair1_left.csv,stair1,1201.0,0.0,0.0,0.0,0.0,0.0,598.0,0.0,0.0,0.0,0.0,0.0,527.0,0.0,0.0,97.0,0.0,0.0
2383,2026-05-14 23:07:52,2026-5-14_stair1_left.csv,stair1,1201.0,0.0,0.0,0.0,0.0,0.0,598.0,0.0,0.0,0.0,0.0,0.0,527.0,0.0,0.0,97.0,0.0,0.0
2384,2026-05-14 23:07:52,2026-5-14_stair1_left.csv,stair1,1201.0,0.0,0.0,0.0,0.0,0.0,598.0,0.0,0.0,0.0,0.0,0.0,527.0,0.0,0.0,97.0,0.0,0.0
2385,2026-05-14 23:07:52,2026-5-14_stair1_left.csv,stair1,1201.0,0.0,0.0,0.0,0.0,0.0,598.0,0.0,0.0,0.0,0.0,0.0,527.0,0.0,0.0,97.0,0.0,0.0
2386,2026-05-14 23:07:52,2026-5-14_stair1_left.csv,stair1,1201.0,0.0,0.0,0.0,0.0,0.0,598.0,0.0,0.0,0.0,0.0,0.0,527.0,0.0,0.0,97.0,0.0,0.0
2387,2026-05-14 23:07:52,2026-5-14_stair1_left.csv,stair1,1201.0,0.0,0.0,0.0,0.0,0.0,598.0,0.0,0.0,0.0,0.0,0.0,527.0,0.0,0.0,97.0,0.0,0.0
2388,2026-05-14 23:07:52,2026-5-14_stair1_left.csv,stair1,1201.0,0.0,0.0,0.0,0.0,0.0,598.0,0.0,0.0,0.0,0.0,0.0,527.0,0.0,0.0,97.0,0.0,0.0
2389,2026-05-14 23:07:52,2026-5-14_stair1_left.csv,stair1,1201.0,0.0,0.0,0.0,0.0,0.0,598.0,0.0,0.0,0.0,0.0,0.0,527.0,0.0,0.0,97.0,0.0,0.0
2390,2026-05-14 23:07:52,2026-5-14_stair1_left.csv,stair1,1201.0,0.0,0.0,0.0,0.0,0.0,598.0,0.0,0.0,0.0,0.0,0.0,527.0,0.0,0.0,97.0,0.0,0.0
2391,2026-05-14 23:07:52,2026-5-14_stair1_left.csv,stair1,1201.0,0.0,0.0,0.0,0.0,0.0,598.0,0.0,0.0,0.0,0.0,0.0,527.0,0.0,0.0,97.0,0.0,0.0
2392,2026-05-14 23:07:52,2026-5-14_stair1_left.csv,stair1,1201.0,0.0,0.0,0.0,0.0,0.0,598.0,0.0,0.0,0.0,0.0,0.0,527.0,0.0,0.0,97.0,0.0,0.0
2393,2026-05-14 23:07:52,2026-5-14_stair1_left.csv,stair1,1201.0,0.0,0.0,0.0,0.0,0.0,598.0,0.0,0.0,0.0,0.0,0.0,527.0,0.0,0.0,97.0,0.0,0.0
2394,2026-05-14 23:07:52,2026-5-14_stair1_left.csv,stair1,1201.0,0.0,0.0,0.0,0.0,0.0,598.0,0.0,0.0,0.0,0.0,0.0,527.0,0.0,0.0,97.0,0.0,0.0
2395,2026-05-14 23:07:52,2026-5-14_stair1_left.csv,stair1,1201.0,0.0,0.0,0.0,0.0,0.0,598.0,0.0,0.0,0.0,0.0,0.0,527.0,0.0,0.0,97.0,0.0,0.0
2396,2026-05-14 23:07:52,2026-5-14_stair1_left.csv,stair1,1201.0,0.0,0.0,0.0,0.0,0.0,598.0,0.0,0.0,0.0,0.0,0.0,527.0,0.0,0.0,97.0,0.0,0.0
2397,2026-05-14 23:07:52,2026-5-14_stair1_left.csv,stair1,1201.0,0.0,0.0,0.0,0.0,0.0,598.0,0.0,0.0,0.0,0.0,0.0,527.0,0.0,0.0,97.0,0.0,0.0
2398,2026-05-14 23:07:52,2026-5-14_stair1_left.csv,stair1,1201.0,0.0,0.0,0.0,0.0,0.0,598.0,0.0,0.0,0.0,0.0,0.0,527.0,0.0,0.0,97.0,0.0,0.0
2399,2026-05-14 23:07:52,2026-5-14_stair1_left.csv,stair1,1201.0,0.0,0.0,0.0,0.0,0.0,598.0,0.0,0.0,0.0,0.0,0.0,527.0,0.0,0.0,97.0,0.0,0.0
2400,2026-05-14 23:07:52,2026-5-14_stair1_left.csv,stair1,1201.0,0.0,0.0,0.0,0.0,0.0,598.0,0.0,0.0,0.0,0.0,0.0,527.0,0.0,0.0,97.0,0.0,0.0
2401,2026-05-14 23:07:53,2026-5-14_stair1_left.csv,stair1,1201.0,0.0,0.0,0.0,0.0,0.0,598.0,0.0,0.0,0.0,0.0,0.0,527.0,0.0,0.0,97.0,0.0,0.0
2402,2026-05-14 23:07:53,2026-5-14_stair1_left.csv,stair1,1201.0,0.0,0.0,0.0,0.0,0.0,598.0,0.0,0.0,0.0,0.0,0.0,527.0,0.0,0.0,97.0,0.0,0.0
2403,2026-05-14 23:07:53,2026-5-14_stair1_left.csv,stair1,1201.0,0.0,0.0,0.0,0.0,0.0,598.0,0.0,0.0,0.0,0.0,0.0,527.0,0.0,0.0,97.0,0.0,0.0
2404,2026-05-14 23:07:53,2026-5-14_stair1_left.csv,stair1,1201.0,0.0,0.0,0.0,0.0,0.0,598.0,0.0,0.0,0.0,0.0,0.0,527.0,0.0,0.0,97.0,0.0,0.0
2405,2026-05-14 23:07:53,2026-5-14_stair1_left.csv,stair1,1201.0,0.0,0.0,0.0,0.0,0.0,598.0,0.0,0.0,0.0,0.0,0.0,527.0,0.0,0.0,97.0,0.0,0.0
2406,2026-05-14 23:07:53,2026-5-14_stair1_left.csv,stair1,1201.0,0.0,0.0,0.0,0.0,0.0,598.0,0.0,0.0,0.0,0.0,0.0,527.0,0.0,0.0,97.0,0.0,0.0
2407,2026-05-14 23:07:53,2026-5-14_stair1_left.csv,stair1,1201.0,0.0,0.0,0.0,0.0,0.0,598.0,0.0,0.0,0.0,0.0,0.0,527.0,0.0,0.0,97.0,0.0,0.0
2408,2026-05-14 23:07:53,2026-5-14_stair1_left.csv,stair1,1201.0,0.0,0.0,0.0,0.0,0.0,598.0,0.0,0.0,0.0,0.0,0.0,527.0,0.0,0.0,97.0,0.0,0.0
2409,2026-05-14 23:07:53,2026-5-14_stair1_left.csv,stair1,1201.0,0.0,0.0,0.0,0.0,0.0,598.0,0.0,0.0,0.0,0.0,0.0,527.0,0.0,0.0,97.0,0.0,0.0
2410,2026-05-14 23:07:53,2026-5-14_stair1_left.csv,stair1,1201.0,0.0,0.0,0.0,0.0,0.0,598.0,0.0,0.0,0.0,0.0,0.0,527.0,0.0,0.0,97.0,0.0,0.0
2411,2026-05-14 23:07:53,2026-5-14_stair1_left.csv,stair1,1201.0,0.0,0.0,0.0,0.0,0.0,598.0,0.0,0.0,0.0,0.0,0.0,527.0,0.0,0.0,97.0,0.0,0.0
2412,2026-05-14 23:07:53,2026-5-14_stair1_left.csv,stair1,1201.0,0.0,0.0,0.0,0.0,0.0,598.0,0.0,0.0,0.0,0.0,0.0,527.0,0.0,0.0,97.0,0.0,0.0
2413,2026-05-14 23:07:53,2026-5-14_stair1_left.csv,stair1,1201.0,0.0,0.0,0.0,0.0,0.0,598.0,0.0,0.0,0.0,0.0,0.0,527.0,0.0,0.0,97.0,0.0,0.0
2414,2026-05-14 23:07:53,2026-5-14_stair1_left.csv,stair1,1201.0,0.0,0.0,0.0,0.0,0.0,598.0,0.0,0.0,0.0,0.0,0.0,527.0,0.0,0.0,97.0,0.0,0.0
2415,2026-05-14 23:07:53,2026-5-14_stair1_left.csv,stair1,1201.0,0.0,0.0,0.0,0.0,0.0,598.0,0.0,0.0,0.0,0.0,0.0,527.0,0.0,0.0,97.0,0.0,0.0
2416,2026-05-14 23:07:53,2026-5-14_stair1_left.csv,stair1,1201.0,0.0,0.0,0.0,0.0,0.0,598.0,0.0,0.0,0.0,0.0,0.0,527.0,0.0,0.0,97.0,0.0,0.0
2417,2026-05-14 23:07:53,2026-5-14_stair1_left.csv,stair1,1201.0,0.0,0.0,0.0,0.0,0.0,598.0,0.0,0.0,0.0,0.0,0.0,527.0,0.0,0.0,97.0,0.0,0.0
2418,2026-05-14 23:07:53,2026-5-14_stair1_left.csv,stair1,1201.0,0.0,0.0,0.0,0.0,0.0,598.0,0.0,0.0,0.0,0.0,0.0,527.0,0.0,0.0,97.0,0.0,0.0
2419,2026-05-14 23:07:53,2026-5-14_stair1_left.csv,stair1,1201.0,0.0,0.0,0.0,0.0,0.0,598.0,0.0,0.0,0.0,0.0,0.0,527.0,0.0,0.0,97.0,0.0,0.0
2420,2026-05-14 23:07:53,2026-5-14_stair1_left.csv,stair1,1201.0,0.0,0.0,0.0,0.0,0.0,598.0,0.0,0.0,0.0,0.0,0.0,527.0,0.0,0.0,97.0,0.0,0.0
2421,2026-05-14 23:07:54,2026-5-14_stair1_left.csv,stair1,1201.0,0.0,0.0,0.0,0.0,0.0,598.0,0.0,0.0,0.0,0.0,0.0,527.0,0.0,0.0,97.0,0.0,0.0
2422,2026-05-14 23:07:54,2026-5-14_stair1_left.csv,stair1,1201.0,0.0,0.0,0.0,0.0,0.0,598.0,0.0,0.0,0.0,0.0,0.0,527.0,0.0,0.0,97.0,0.0,0.0
2423,2026-05-14 23:07:54,2026-5-14_stair1_left.csv,stair1,1201.0,0.0,0.0,0.0,0.0,0.0,598.0,0.0,0.0,0.0,0.0,0.0,527.0,0.0,0.0,97.0,0.0,0.0
2424,2026-05-14 23:07:54,2026-5-14_stair1_left.csv,stair1,1201.0,0.0,0.0,0.0,0.0,0.0,598.0,0.0,0.0,0.0,0.0,0.0,527.0,0.0,0.0,97.0,0.0,0.0
2425,2026-05-14 23:07:54,2026-5-14_stair1_left.csv,stair1,1201.0,0.0,0.0,0.0,0.0,0.0,598.0,0.0,0.0,0.0,0.0,0.0,527.0,0.0,0.0,97.0,0.0,0.0
2426,2026-05-14 23:07:54,2026-5-14_stair1_left.csv,stair1,1201.0,0.0,0.0,0.0,0.0,0.0,598.0,0.0,0.0,0.0,0.0,0.0,527.0,0.0,0.0,97.0,0.0,0.0
2427,2026-05-14 23:07:54,2026-5-14_stair1_left.csv,stair1,1201.0,0.0,0.0,0.0,0.0,0.0,598.0,0.0,0.0,0.0,0.0,0.0,527.0,0.0,0.0,97.0,0.0,0.0
2428,2026-05-14 23:07:54,2026-5-14_stair1_left.csv,stair1,1201.0,0.0,0.0,0.0,0.0,0.0,598.0,0.0,0.0,0.0,0.0,0.0,527.0,0.0,0.0,97.0,0.0,0.0
2429,2026-05-14 23:07:54,2026-5-14_stair1_left.csv,stair1,1201.0,0.0,0.0,0.0,0.0,0.0,598.0,0.0,0.0,0.0,0.0,0.0,527.0,0.0,0.0,97.0,0.0,0.0
2430,2026-05-14 23:07:54,2026-5-14_stair1_left.csv,stair1,1201.0,0.0,0.0,0.0,0.0,0.0,598.0,0.0,0.0,0.0,0.0,0.0,527.0,0.0,0.0,97.0,0.0,0.0
2431,2026-05-14 23:07:54,2026-5-14_stair1_left.csv,stair1,1201.0,0.0,0.0,0.0,0.0,0.0,598.0,0.0,0.0,0.0,0.0,0.0,527.0,0.0,0.0,97.0,0.0,0.0
2432,2026-05-14 23:07:54,2026-5-14_stair1_left.csv,stair1,1201.0,0.0,0.0,0.0,0.0,0.0,598.0,0.0,0.0,0.0,0.0,0.0,527.0,0.0,0.0,97.0,0.0,0.0
2433,2026-05-14 23:07:54,2026-5-14_stair1_left.csv,stair1,1201.0,0.0,0.0,0.0,0.0,0.0,598.0,0.0,0.0,0.0,0.0,0.0,527.0,0.0,0.0,97.0,0.0,0.0
2434,2026-05-14 23:07:54,2026-5-14_stair1_left.csv,stair1,1201.0,0.0,0.0,0.0,0.0,0.0,598.0,0.0,0.0,0.0,0.0,0.0,527.0,0.0,0.0,97.0,0.0,0.0
2435,2026-05-14 23:07:54,2026-5-14_stair1_left.csv,stair1,1201.0,0.0,0.0,0.0,0.0,0.0,598.0,0.0,0.0,0.0,0.0,0.0,527.0,0.0,0.0,97.0,0.0,0.0
2436,2026-05-14 23:07:54,2026-5-14_stair1_left.csv,stair1,1201.0,0.0,0.0,0.0,0.0,0.0,598.0,0.0,0.0,0.0,0.0,0.0,527.0,0.0,0.0,97.0,0.0,0.0
2437,2026-05-14 23:07:54,2026-5-14_stair1_left.csv,stair1,1201.0,0.0,0.0,0.0,0.0,0.0,598.0,0.0,0.0,0.0,0.0,0.0,527.0,0.0,0.0,97.0,0.0,0.0
2438,2026-05-14 23:07:54,2026-5-14_stair1_left.csv,stair1,1201.0,0.0,0.0,0.0,0.0,0.0,598.0,0.0,0.0,0.0,0.0,0.0,527.0,0.0,0.0,97.0,0.0,0.0
2439,2026-05-14 23:07:54,2026-5-14_stair1_left.csv,stair1,1201.0,0.0,0.0,0.0,0.0,0.0,598.0,0.0,0.0,0.0,0.0,0.0,527.0,0.0,0.0,97.0,0.0,0.0
2440,2026-05-14 23:07:54,2026-5-14_stair1_left.csv,stair1,1201.0,0.0,0.0,0.0,0.0,0.0,598.0,0.0,0.0,0.0,0.0,0.0,527.0,0.0,0.0,97.0,0.0,0.0
2441,2026-05-14 23:07:55,2026-5-14_stair1_left.csv,stair1,1201.0,0.0,0.0,0.0,0.0,0.0,598.0,0.0,0.0,0.0,0.0,0.0,527.0,0.0,0.0,97.0,0.0,0.0
2442,2026-05-14 23:07:55,2026-5-14_stair1_left.csv,stair1,1201.0,0.0,0.0,0.0,0.0,0.0,598.0,0.0,0.0,0.0,0.0,0.0,527.0,0.0,0.0,97.0,0.0,0.0
2443,2026-05-14 23:07:55,2026-5-14_stair1_left.csv,stair1,1201.0,0.0,0.0,0.0,0.0,0.0,598.0,0.0,0.0,0.0,0.0,0.0,527.0,0.0,0.0,97.0,0.0,0.0
2444,2026-05-14 23:07:55,2026-5-14_stair1_left.csv,stair1,1201.0,0.0,0.0,0.0,0.0,0.0,598.0,0.0,0.0,0.0,0.0,0.0,527.0,0.0,0.0,97.0,0.0,0.0
2445,2026-05-14 23:07:55,2026-5-14_stair1_left.csv,stair1,1201.0,0.0,0.0,0.0,0.0,0.0,598.0,0.0,0.0,0.0,0.0,0.0,527.0,0.0,0.0,97.0,0.0,0.0
2446,2026-05-14 23:07:55,2026-5-14_stair1_left.csv,stair1,1201.0,0.0,0.0,0.0,0.0,0.0,598.0,0.0,0.0,0.0,0.0,0.0,527.0,0.0,0.0,97.0,0.0,0.0
2447,2026-05-14 23:07:55,2026-5-14_stair1_left.csv,stair1,1201.0,0.0,0.0,0.0,0.0,0.0,598.0,0.0,0.0,0.0,0.0,0.0,527.0,0.0,0.0,97.0,0.0,0.0
2448,2026-05-14 23:07:55,2026-5-14_stair1_left.csv,stair1,1201.0,0.0,0.0,0.0,0.0,0.0,598.0,0.0,0.0,0.0,0.0,0.0,527.0,0.0,0.0,97.0,0.0,0.0
2449,2026-05-14 23:07:55,2026-5-14_stair1_left.csv,stair1,1201.0,0.0,0.0,0.0,0.0,0.0,598.0,0.0,0.0,0.0,0.0,0.0,527.0,0.0,0.0,97.0,0.0,0.0
2450,2026-05-14 23:07:55,2026-5-14_stair1_left.csv,stair1,1201.0,0.0,0.0,0.0,0.0,0.0,598.0,0.0,0.0,0.0,0.0,0.0,527.0,0.0,0.0,97.0,0.0,0.0
2451,2026-05-14 23:07:55,2026-5-14_stair1_left.csv,stair1,1201.0,0.0,0.0,0.0,0.0,0.0,598.0,0.0,0.0,0.0,0.0,0.0,527.0,0.0,0.0,97.0,0.0,0.0
2452,2026-05-14 23:07:55,2026-5-14_stair1_left.csv,stair1,1201.0,0.0,0.0,0.0,0.0,0.0,598.0,0.0,0.0,0.0,0.0,0.0,527.0,0.0,0.0,97.0,0.0,0.0
2453,2026-05-14 23:07:55,2026-5-14_stair1_left.csv,stair1,1201.0,0.0,0.0,0.0,0.0,0.0,598.0,0.0,0.0,0.0,0.0,0.0,527.0,0.0,0.0,97.0,0.0,0.0
2454,2026-05-14 23:07:55,2026-5-14_stair1_left.csv,stair1,1201.0,0.0,0.0,0.0,0.0,0.0,598.0,0.0,0.0,0.0,0.0,0.0,527.0,0.0,0.0,97.0,0.0,0.0
2455,2026-05-14 23:07:55,2026-5-14_stair1_left.csv,stair1,1201.0,0.0,0.0,0.0,0.0,0.0,598.0,0.0,0.0,0.0,0.0,0.0,527.0,0.0,0.0,97.0,0.0,0.0
2456,2026-05-14 23:07:55,2026-5-14_stair1_left.csv,stair1,1201.0,0.0,0.0,0.0,0.0,0.0,598.0,0.0,0.0,0.0,0.0,0.0,527.0,0.0,0.0,97.0,0.0,0.0
2457,2026-05-14 23:07:55,2026-5-14_stair1_left.csv,stair1,1201.0,0.0,0.0,0.0,0.0,0.0,598.0,0.0,0.0,0.0,0.0,0.0,527.0,0.0,0.0,97.0,0.0,0.0
2458,2026-05-14 23:07:55,2026-5-14_stair1_left.csv,stair1,1201.0,0.0,0.0,0.0,0.0,0.0,598.0,0.0,0.0,0.0,0.0,0.0,527.0,0.0,0.0,97.0,0.0,0.0
2459,2026-05-14 23:07:55,2026-5-14_stair1_left.csv,stair1,1201.0,0.0,0.0,0.0,0.0,0.0,598.0,0.0,0.0,0.0,0.0,0.0,527.0,0.0,0.0,97.0,0.0,0.0
2460,2026-05-14 23:07:55,2026-5-14_stair1_left.csv,stair1,1201.0,0.0,0.0,0.0,0.0,0.0,598.0,0.0,0.0,0.0,0.0,0.0,527.0,0.0,0.0,97.0,0.0,0.0
2461,2026-05-14 23:07:56,2026-5-14_stair1_left.csv,stair1,1201.0,0.0,0.0,0.0,0.0,0.0,598.0,0.0,0.0,0.0,0.0,0.0,527.0,0.0,0.0,97.0,0.0,0.0
2462,2026-05-14 23:07:56,2026-5-14_stair1_left.csv,stair1,1201.0,0.0,0.0,0.0,0.0,0.0,598.0,0.0,0.0,0.0,0.0,0.0,527.0,0.0,0.0,97.0,0.0,0.0
2463,2026-05-14 23:07:56,2026-5-14_stair1_left.csv,stair1,1201.0,0.0,0.0,0.0,0.0,0.0,598.0,0.0,0.0,0.0,0.0,0.0,527.0,0.0,0.0,97.0,0.0,0.0
2464,2026-05-14 23:07:56,2026-5-14_stair1_left.csv,stair1,1201.0,0.0,0.0,0.0,0.0,0.0,598.0,0.0,0.0,0.0,0.0,0.0,527.0,0.0,0.0,97.0,0.0,0.0
2465,2026-05-14 23:07:56,2026-5-14_stair1_left.csv,stair1,1201.0,0.0,0.0,0.0,0.0,0.0,598.0,0.0,0.0,0.0,0.0,0.0,527.0,0.0,0.0,97.0,0.0,0.0
2466,2026-05-14 23:07:56,2026-5-14_stair1_left.csv,stair1,1201.0,0.0,0.0,0.0,0.0,0.0,598.0,0.0,0.0,0.0,0.0,0.0,527.0,0.0,0.0,97.0,0.0,0.0
2467,2026-05-14 23:07:56,2026-5-14_stair1_left.csv,stair1,1201.0,0.0,0.0,0.0,0.0,0.0,598.0,0.0,0.0,0.0,0.0,0.0,527.0,0.0,0.0,97.0,0.0,0.0
2468,2026-05-14 23:07:56,2026-5-14_stair1_left.csv,stair1,1201.0,0.0,0.0,0.0,0.0,0.0,598.0,0.0,0.0,0.0,0.0,0.0,527.0,0.0,0.0,97.0,0.0,0.0
2469,2026-05-14 23:07:56,2026-5-14_stair1_left.csv,stair1,1201.0,0.0,0.0,0.0,0.0,0.0,598.0,0.0,0.0,0.0,0.0,0.0,527.0,0.0,0.0,97.0,0.0,0.0
2470,2026-05-14 23:07:56,2026-5-14_stair1_left.csv,stair1,1201.0,0.0,0.0,0.0,0.0,0.0,598.0,0.0,0.0,0.0,0.0,0.0,527.0,0.0,0.0,97.0,0.0,0.0
2471,2026-05-14 23:07:56,2026-5-14_stair1_left.csv,stair1,1201.0,0.0,0.0,0.0,0.0,0.0,598.0,0.0,0.0,0.0,0.0,0.0,527.0,0.0,0.0,97.0,0.0,0.0
2472,2026-05-14 23:07:56,2026-5-14_stair1_left.csv,stair1,1201.0,0.0,0.0,0.0,0.0,0.0,598.0,0.0,0.0,0.0,0.0,0.0,527.0,0.0,0.0,97.0,0.0,0.0
2473,2026-05-14 23:07:56,2026-5-14_stair1_left.csv,stair1,1201.0,0.0,0.0,0.0,0.0,0.0,598.0,0.0,0.0,0.0,0.0,0.0,527.0,0.0,0.0,97.0,0.0,0.0
2474,2026-05-14 23:07:56,2026-5-14_stair1_left.csv,stair1,1201.0,0.0,0.0,0.0,0.0,0.0,598.0,0.0,0.0,0.0,0.0,0.0,527.0,0.0,0.0,97.0,0.0,0.0
2475,2026-05-14 23:07:56,2026-5-14_stair1_left.csv,stair1,1201.0,0.0,0.0,0.0,0.0,0.0,598.0,0.0,0.0,0.0,0.0,0.0,527.0,0.0,0.0,97.0,0.0,0.0
2476,2026-05-14 23:07:56,2026-5-14_stair1_left.csv,stair1,1201.0,0.0,0.0,0.0,0.0,0.0,598.0,0.0,0.0,0.0,0.0,0.0,527.0,0.0,0.0,97.0,0.0,0.0
2477,2026-05-14 23:07:56,2026-5-14_stair1_left.csv,stair1,1201.0,0.0,0.0,0.0,0.0,0.0,598.0,0.0,0.0,0.0,0.0,0.0,527.0,0.0,0.0,97.0,0.0,0.0
2478,2026-05-14 23:07:56,2026-5-14_stair1_left.csv,stair1,1201.0,0.0,0.0,0.0,0.0,0.0,598.0,0.0,0.0,0.0,0.0,0.0,527.0,0.0,0.0,97.0,0.0,0.0
2479,2026-05-14 23:07:56,2026-5-14_stair1_left.csv,stair1,1201.0,0.0,0.0,0.0,0.0,0.0,598.0,0.0,0.0,0.0,0.0,0.0,527.0,0.0,0.0,97.0,0.0,0.0
2480,2026-05-14 23:07:56,2026-5-14_stair1_left.csv,stair1,1201.0,0.0,0.0,0.0,0.0,0.0,598.0,0.0,0.0,0.0,0.0,0.0,527.0,0.0,0.0,97.0,0.0,0.0
2481,2026-05-14 23:07:57,2026-5-14_stair1_left.csv,stair1,1201.0,0.0,0.0,0.0,0.0,0.0,598.0,0.0,0.0,0.0,0.0,0.0,527.0,0.0,0.0,97.0,0.0,0.0
2482,2026-05-14 23:07:57,2026-5-14_stair1_left.csv,stair1,1201.0,0.0,0.0,0.0,0.0,0.0,598.0,0.0,0.0,0.0,0.0,0.0,527.0,0.0,0.0,97.0,0.0,0.0
2483,2026-05-14 23:07:57,2026-5-14_stair1_left.csv,stair1,1201.0,0.0,0.0,0.0,0.0,0.0,598.0,0.0,0.0,0.0,0.0,0.0,527.0,0.0,0.0,97.0,0.0,0.0
2484,2026-05-14 23:07:57,2026-5-14_stair1_left.csv,stair1,1201.0,0.0,0.0,0.0,0.0,0.0,598.0,0.0,0.0,0.0,0.0,0.0,527.0,0.0,0.0,97.0,0.0,0.0
2485,2026-05-14 23:07:57,2026-5-14_stair1_left.csv,stair1,1201.0,0.0,0.0,0.0,0.0,0.0,598.0,0.0,0.0,0.0,0.0,0.0,527.0,0.0,0.0,97.0,0.0,0.0
2486,2026-05-14 23:07:57,2026-5-14_stair1_left.csv,stair1,1201.0,0.0,0.0,0.0,0.0,0.0,598.0,0.0,0.0,0.0,0.0,0.0,527.0,0.0,0.0,97.0,0.0,0.0
2487,2026-05-14 23:07:57,2026-5-14_stair1_left.csv,stair1,1201.0,0.0,0.0,0.0,0.0,0.0,598.0,0.0,0.0,0.0,0.0,0.0,527.0,0.0,0.0,97.0,0.0,0.0
2488,2026-05-14 23:07:57,2026-5-14_stair1_left.csv,stair1,1201.0,0.0,0.0,0.0,0.0,0.0,598.0,0.0,0.0,0.0,0.0,0.0,527.0,0.0,0.0,97.0,0.0,0.0
2489,2026-05-14 23:07:57,2026-5-14_stair1_left.csv,stair1,1201.0,0.0,0.0,0.0,0.0,0.0,598.0,0.0,0.0,0.0,0.0,0.0,527.0,0.0,0.0,97.0,0.0,0.0
2490,2026-05-14 23:07:57,2026-5-14_stair1_left.csv,stair1,1201.0,0.0,0.0,0.0,0.0,0.0,598.0,0.0,0.0,0.0,0.0,0.0,527.0,0.0,0.0,97.0,0.0,0.0
2491,2026-05-14 23:07:57,2026-5-14_stair1_left.csv,stair1,1201.0,0.0,0.0,0.0,0.0,0.0,598.0,0.0,0.0,0.0,0.0,0.0,527.0,0.0,0.0,97.0,0.0,0.0
2492,2026-05-14 23:07:57,2026-5-14_stair1_left.csv,stair1,1201.0,0.0,0.0,0.0,0.0,0.0,598.0,0.0,0.0,0.0,0.0,0.0,527.0,0.0,0.0,97.0,0.0,0.0
2493,2026-05-14 23:07:57,2026-5-14_stair1_left.csv,stair1,1201.0,0.0,0.0,0.0,0.0,0.0,598.0,0.0,0.0,0.0,0.0,0.0,527.0,0.0,0.0,97.0,0.0,0.0
2494,2026-05-14 23:07:57,2026-5-14_stair1_left.csv,stair1,1201.0,0.0,0.0,0.0,0.0,0.0,598.0,0.0,0.0,0.0,0.0,0.0,527.0,0.0,0.0,97.0,0.0,0.0
2495,2026-05-14 23:07:57,2026-5-14_stair1_left.csv,stair1,1201.0,0.0,0.0,0.0,0.0,0.0,598.0,0.0,0.0,0.0,0.0,0.0,527.0,0.0,0.0,97.0,0.0,0.0
2496,2026-05-14 23:07:57,2026-5-14_stair1_left.csv,stair1,1201.0,0.0,0.0,0.0,0.0,0.0,598.0,0.0,0.0,0.0,0.0,0.0,527.0,0.0,0.0,97.0,0.0,0.0
2497,2026-05-14 23:07:57,2026-5-14_stair1_left.csv,stair1,1201.0,0.0,0.0,0.0,0.0,0.0,598.0,0.0,0.0,0.0,0.0,0.0,527.0,0.0,0.0,97.0,0.0,0.0
2498,2026-05-14 23:07:57,2026-5-14_stair1_left.csv,stair1,1201.0,0.0,0.0,0.0,0.0,0.0,598.0,0.0,0.0,0.0,0.0,0.0,527.0,0.0,0.0,97.0,0.0,0.0
2499,2026-05-14 23:07:57,2026-5-14_stair1_left.csv,stair1,1201.0,0.0,0.0,0.0,0.0,0.0,598.0,0.0,0.0,0.0,0.0,0.0,527.0,0.0,0.0,97.0,0.0,0.0
2500,2026-05-14 23:07:57,2026-5-14_stair1_left.csv,stair1,1201.0,0.0,0.0,0.0,0.0,0.0,598.0,0.0,0.0,0.0,0.0,0.0,527.0,0.0,0.0,97.0,0.0,0.0
2501,2026-05-14 23:07:58,2026-5-14_stair1_left.csv,stair1,1201.0,0.0,0.0,0.0,0.0,0.0,598.0,0.0,0.0,0.0,0.0,0.0,527.0,0.0,0.0,97.0,0.0,0.0
2502,2026-05-14 23:07:58,2026-5-14_stair1_left.csv,stair1,1201.0,0.0,0.0,0.0,0.0,0.0,598.0,0.0,0.0,0.0,0.0,0.0,527.0,0.0,0.0,97.0,0.0,0.0
2503,2026-05-14 23:07:58,2026-5-14_stair1_left.csv,stair1,1201.0,0.0,0.0,0.0,0.0,0.0,598.0,0.0,0.0,0.0,0.0,0.0,527.0,0.0,0.0,97.0,0.0,0.0
2504,2026-05-14 23:07:58,2026-5-14_stair1_left.csv,stair1,1201.0,0.0,0.0,0.0,0.0,0.0,598.0,0.0,0.0,0.0,0.0,0.0,527.0,0.0,0.0,97.0,0.0,0.0
2505,2026-05-14 23:07:58,2026-5-14_stair1_left.csv,stair1,1201.0,0.0,0.0,0.0,0.0,0.0,598.0,0.0,0.0,0.0,0.0,0.0,527.0,0.0,0.0,97.0,0.0,0.0
2506,2026-05-14 23:07:58,2026-5-14_stair1_left.csv,stair1,1201.0,0.0,0.0,0.0,0.0,0.0,598.0,0.0,0.0,0.0,0.0,0.0,527.0,0.0,0.0,97.0,0.0,0.0
2507,2026-05-14 23:07:58,2026-5-14_stair1_left.csv,stair1,1201.0,0.0,0.0,0.0,0.0,0.0,598.0,0.0,0.0,0.0,0.0,0.0,527.0,0.0,0.0,97.0,0.0,0.0
2508,2026-05-14 23:07:58,2026-5-14_stair1_left.csv,stair1,1201.0,0.0,0.0,0.0,0.0,0.0,598.0,0.0,0.0,0.0,0.0,0.0,527.0,0.0,0.0,97.0,0.0,0.0
2509,2026-05-14 23:07:58,2026-5-14_stair1_left.csv,stair1,1201.0,0.0,0.0,0.0,0.0,0.0,598.0,0.0,0.0,0.0,0.0,0.0,527.0,0.0,0.0,97.0,0.0,0.0
2510,2026-05-14 23:07:58,2026-5-14_stair1_left.csv,stair1,1201.0,0.0,0.0,0.0,0.0,0.0,598.0,0.0,0.0,0.0,0.0,0.0,527.0,0.0,0.0,97.0,0.0,0.0
2511,2026-05-14 23:07:58,2026-5-14_stair1_left.csv,stair1,1201.0,0.0,0.0,0.0,0.0,0.0,598.0,0.0,0.0,0.0,0.0,0.0,527.0,0.0,0.0,97.0,0.0,0.0
2512,2026-05-14 23:07:58,2026-5-14_stair1_left.csv,stair1,1201.0,0.0,0.0,0.0,0.0,0.0,598.0,0.0,0.0,0.0,0.0,0.0,527.0,0.0,0.0,97.0,0.0,0.0
2513,2026-05-14 23:07:58,2026-5-14_stair1_left.csv,stair1,1201.0,0.0,0.0,0.0,0.0,0.0,598.0,0.0,0.0,0.0,0.0,0.0,527.0,0.0,0.0,97.0,0.0,0.0
2514,2026-05-14 23:07:58,2026-5-14_stair1_left.csv,stair1,1201.0,0.0,0.0,0.0,0.0,0.0,598.0,0.0,0.0,0.0,0.0,0.0,527.0,0.0,0.0,97.0,0.0,0.0
2515,2026-05-14 23:07:58,2026-5-14_stair1_left.csv,stair1,1201.0,0.0,0.0,0.0,0.0,0.0,598.0,0.0,0.0,0.0,0.0,0.0,527.0,0.0,0.0,97.0,0.0,0.0
2516,2026-05-14 23:07:58,2026-5-14_stair1_left.csv,stair1,1201.0,0.0,0.0,0.0,0.0,0.0,598.0,0.0,0.0,0.0,0.0,0.0,527.0,0.0,0.0,97.0,0.0,0.0
2517,2026-05-14 23:07:58,2026-5-14_stair1_left.csv,stair1,1201.0,0.0,0.0,0.0,0.0,0.0,598.0,0.0,0.0,0.0,0.0,0.0,527.0,0.0,0.0,97.0,0.0,0.0
2518,2026-05-14 23:07:58,2026-5-14_stair1_left.csv,stair1,1201.0,0.0,0.0,0.0,0.0,0.0,598.0,0.0,0.0,0.0,0.0,0.0,527.0,0.0,0.0,97.0,0.0,0.0
2519,2026-05-14 23:07:58,2026-5-14_stair1_left.csv,stair1,1201.0,0.0,0.0,0.0,0.0,0.0,598.0,0.0,0.0,0.0,0.0,0.0,527.0,0.0,0.0,97.0,0.0,0.0
2520,2026-05-14 23:07:58,2026-5-14_stair1_left.csv,stair1,1201.0,0.0,0.0,0.0,0.0,0.0,598.0,0.0,0.0,0.0,0.0,0.0,527.0,0.0,0.0,97.0,0.0,0.0
2521,2026-05-14 23:07:59,2026-5-14_stair1_left.csv,stair1,1201.0,0.0,0.0,0.0,0.0,0.0,598.0,0.0,0.0,0.0,0.0,0.0,527.0,0.0,0.0,97.0,0.0,0.0
2522,2026-05-14 23:07:59,2026-5-14_stair1_left.csv,stair1,1201.0,0.0,0.0,0.0,0.0,0.0,598.0,0.0,0.0,0.0,0.0,0.0,527.0,0.0,0.0,97.0,0.0,0.0
2523,2026-05-14 23:07:59,2026-5-14_stair1_left.csv,stair1,1201.0,0.0,0.0,0.0,0.0,0.0,598.0,0.0,0.0,0.0,0.0,0.0,527.0,0.0,0.0,97.0,0.0,0.0
2524,2026-05-14 23:07:59,2026-5-14_stair1_left.csv,stair1,1201.0,0.0,0.0,0.0,0.0,0.0,598.0,0.0,0.0,0.0,0.0,0.0,527.0,0.0,0.0,97.0,0.0,0.0
2525,2026-05-14 23:07:59,2026-5-14_stair1_left.csv,stair1,1201.0,0.0,0.0,0.0,0.0,0.0,598.0,0.0,0.0,0.0,0.0,0.0,527.0,0.0,0.0,97.0,0.0,0.0
2526,2026-05-14 23:07:59,2026-5-14_stair1_left.csv,stair1,1201.0,0.0,0.0,0.0,0.0,0.0,598.0,0.0,0.0,0.0,0.0,0.0,527.0,0.0,0.0,97.0,0.0,0.0
2527,2026-05-14 23:07:59,2026-5-14_stair1_left.csv,stair1,1201.0,0.0,0.0,0.0,0.0,0.0,598.0,0.0,0.0,0.0,0.0,0.0,527.0,0.0,0.0,97.0,0.0,0.0
2528,2026-05-14 23:07:59,2026-5-14_stair1_left.csv,stair1,1201.0,0.0,0.0,0.0,0.0,0.0,598.0,0.0,0.0,0.0,0.0,0.0,527.0,0.0,0.0,97.0,0.0,0.0
2529,2026-05-14 23:07:59,2026-5-14_stair1_left.csv,stair1,1201.0,0.0,0.0,0.0,0.0,0.0,598.0,0.0,0.0,0.0,0.0,0.0,527.0,0.0,0.0,97.0,0.0,0.0
2530,2026-05-14 23:07:59,2026-5-14_stair1_left.csv,stair1,1201.0,0.0,0.0,0.0,0.0,0.0,598.0,0.0,0.0,0.0,0.0,0.0,527.0,0.0,0.0,97.0,0.0,0.0
2531,2026-05-14 23:07:59,2026-5-14_stair1_left.csv,stair1,1201.0,0.0,0.0,0.0,0.0,0.0,598.0,0.0,0.0,0.0,0.0,0.0,527.0,0.0,0.0,97.0,0.0,0.0
2532,2026-05-14 23:07:59,2026-5-14_stair1_left.csv,stair1,1201.0,0.0,0.0,0.0,0.0,0.0,598.0,0.0,0.0,0.0,0.0,0.0,527.0,0.0,0.0,97.0,0.0,0.0
2533,2026-05-14 23:07:59,2026-5-14_stair1_left.csv,stair1,1201.0,0.0,0.0,0.0,0.0,0.0,598.0,0.0,0.0,0.0,0.0,0.0,527.0,0.0,0.0,97.0,0.0,0.0
2534,2026-05-14 23:07:59,2026-5-14_stair1_left.csv,stair1,1201.0,0.0,0.0,0.0,0.0,0.0,598.0,0.0,0.0,0.0,0.0,0.0,527.0,0.0,0.0,97.0,0.0,0.0
2535,2026-05-14 23:07:59,2026-5-14_stair1_left.csv,stair1,1201.0,0.0,0.0,0.0,0.0,0.0,598.0,0.0,0.0,0.0,0.0,0.0,527.0,0.0,0.0,97.0,0.0,0.0
2536,2026-05-14 23:07:59,2026-5-14_stair1_left.csv,stair1,1201.0,0.0,0.0,0.0,0.0,0.0,598.0,0.0,0.0,0.0,0.0,0.0,527.0,0.0,0.0,97.0,0.0,0.0
2537,2026-05-14 23:07:59,2026-5-14_stair1_left.csv,stair1,1201.0,0.0,0.0,0.0,0.0,0.0,598.0,0.0,0.0,0.0,0.0,0.0,527.0,0.0,0.0,97.0,0.0,0.0
2538,2026-05-14 23:07:59,2026-5-14_stair1_left.csv,stair1,1201.0,0.0,0.0,0.0,0.0,0.0,598.0,0.0,0.0,0.0,0.0,0.0,527.0,0.0,0.0,97.0,0.0,0.0
2539,2026-05-14 23:07:59,2026-5-14_stair1_left.csv,stair1,1201.0,0.0,0.0,0.0,0.0,0.0,598.0,0.0,0.0,0.0,0.0,0.0,527.0,0.0,0.0,97.0,0.0,0.0
2540,2026-05-14 23:07:59,2026-5-14_stair1_left.csv,stair1,1201.0,0.0,0.0,0.0,0.0,0.0,598.0,0.0,0.0,0.0,0.0,0.0,527.0,0.0,0.0,97.0,0.0,0.0
2541,2026-05-14 23:08:00,2026-5-14_stair1_left.csv,stair1,1201.0,0.0,0.0,0.0,0.0,0.0,598.0,0.0,0.0,0.0,0.0,0.0,527.0,0.0,0.0,97.0,0.0,0.0
2542,2026-05-14 23:08:00,2026-5-14_stair1_left.csv,stair1,1201.0,0.0,0.0,0.0,0.0,0.0,598.0,0.0,0.0,0.0,0.0,0.0,527.0,0.0,0.0,97.0,0.0,0.0
2543,2026-05-14 23:08:00,2026-5-14_stair1_left.csv,stair1,1201.0,0.0,0.0,0.0,0.0,0.0,598.0,0.0,0.0,0.0,0.0,0.0,527.0,0.0,0.0,97.0,0.0,0.0
2544,2026-05-14 23:08:00,2026-5-14_stair1_left.csv,stair1,1201.0,0.0,0.0,0.0,0.0,0.0,598.0,0.0,0.0,0.0,0.0,0.0,527.0,0.0,0.0,97.0,0.0,0.0
2545,2026-05-14 23:08:00,2026-5-14_stair1_left.csv,stair1,1201.0,0.0,0.0,0.0,0.0,0.0,598.0,0.0,0.0,0.0,0.0,0.0,527.0,0.0,0.0,97.0,0.0,0.0
2546,2026-05-14 23:08:00,2026-5-14_stair1_left.csv,stair1,1201.0,0.0,0.0,0.0,0.0,0.0,598.0,0.0,0.0,0.0,0.0,0.0,527.0,0.0,0.0,97.0,0.0,0.0
2547,2026-05-14 23:08:00,2026-5-14_stair1_left.csv,stair1,1201.0,0.0,0.0,0.0,0.0,0.0,598.0,0.0,0.0,0.0,0.0,0.0,527.0,0.0,0.0,97.0,0.0,0.0
2548,2026-05-14 23:08:00,2026-5-14_stair1_left.csv,stair1,1201.0,0.0,0.0,0.0,0.0,0.0,598.0,0.0,0.0,0.0,0.0,0.0,527.0,0.0,0.0,97.0,0.0,0.0
2549,2026-05-14 23:08:00,2026-5-14_stair1_left.csv,stair1,1201.0,0.0,0.0,0.0,0.0,0.0,598.0,0.0,0.0,0.0,0.0,0.0,527.0,0.0,0.0,97.0,0.0,0.0
2550,2026-05-14 23:08:00,2026-5-14_stair1_left.csv,stair1,1201.0,0.0,0.0,0.0,0.0,0.0,598.0,0.0,0.0,0.0,0.0,0.0,527.0,0.0,0.0,97.0,0.0,0.0
2551,2026-05-14 23:08:00,2026-5-14_stair1_left.csv,stair1,1201.0,0.0,0.0,0.0,0.0,0.0,598.0,0.0,0.0,0.0,0.0,0.0,527.0,0.0,0.0,97.0,0.0,0.0
2552,2026-05-14 23:08:00,2026-5-14_stair1_left.csv,stair1,1201.0,0.0,0.0,0.0,0.0,0.0,598.0,0.0,0.0,0.0,0.0,0.0,527.0,0.0,0.0,97.0,0.0,0.0
2553,2026-05-14 23:08:00,2026-5-14_stair1_left.csv,stair1,1201.0,0.0,0.0,0.0,0.0,0.0,598.0,0.0,0.0,0.0,0.0,0.0,527.0,0.0,0.0,97.0,0.0,0.0
2554,2026-05-14 23:08:00,2026-5-14_stair1_left.csv,stair1,1201.0,0.0,0.0,0.0,0.0,0.0,598.0,0.0,0.0,0.0,0.0,0.0,527.0,0.0,0.0,97.0,0.0,0.0
2555,2026-05-14 23:08:00,2026-5-14_stair1_left.csv,stair1,1201.0,0.0,0.0,0.0,0.0,0.0,598.0,0.0,0.0,0.0,0.0,0.0,527.0,0.0,0.0,97.0,0.0,0.0
2556,2026-05-14 23:08:00,2026-5-14_stair1_left.csv,stair1,1201.0,0.0,0.0,0.0,0.0,0.0,598.0,0.0,0.0,0.0,0.0,0.0,527.0,0.0,0.0,97.0,0.0,0.0
2557,2026-05-14 23:08:00,2026-5-14_stair1_left.csv,stair1,1201.0,0.0,0.0,0.0,0.0,0.0,598.0,0.0,0.0,0.0,0.0,0.0,527.0,0.0,0.0,97.0,0.0,0.0
2558,2026-05-14 23:08:00,2026-5-14_stair1_left.csv,stair1,1201.0,0.0,0.0,0.0,0.0,0.0,598.0,0.0,0.0,0.0,0.0,0.0,527.0,0.0,0.0,97.0,0.0,0.0
2559,2026-05-14 23:08:00,2026-5-14_stair1_left.csv,stair1,1201.0,0.0,0.0,0.0,0.0,0.0,598.0,0.0,0.0,0.0,0.0,0.0,527.0,0.0,0.0,97.0,0.0,0.0
2560,2026-05-14 23:08:00,2026-5-14_stair1_left.csv,stair1,1201.0,0.0,0.0,0.0,0.0,0.0,598.0,0.0,0.0,0.0,0.0,0.0,527.0,0.0,0.0,97.0,0.0,0.0
2561,2026-05-14 23:08:01,2026-5-14_stair1_left.csv,stair1,1201.0,0.0,0.0,0.0,0.0,0.0,598.0,0.0,0.0,0.0,0.0,0.0,527.0,0.0,0.0,97.0,0.0,0.0
2562,2026-05-14 23:08:01,2026-5-14_stair1_left.csv,stair1,1201.0,0.0,0.0,0.0,0.0,0.0,598.0,0.0,0.0,0.0,0.0,0.0,527.0,0.0,0.0,97.0,0.0,0.0
2563,2026-05-14 23:08:01,2026-5-14_stair1_left.csv,stair1,1201.0,0.0,0.0,0.0,0.0,0.0,598.0,0.0,0.0,0.0,0.0,0.0,527.0,0.0,0.0,97.0,0.0,0.0
2564,2026-05-14 23:08:01,2026-5-14_stair1_left.csv,stair1,1201.0,0.0,0.0,0.0,0.0,0.0,598.0,0.0,0.0,0.0,0.0,0.0,527.0,0.0,0.0,97.0,0.0,0.0
2565,2026-05-14 23:08:01,2026-5-14_stair1_left.csv,stair1,1201.0,0.0,0.0,0.0,0.0,0.0,598.0,0.0,0.0,0.0,0.0,0.0,527.0,0.0,0.0,97.0,0.0,0.0
2566,2026-05-14 23:08:01,2026-5-14_stair1_left.csv,stair1,1201.0,0.0,0.0,0.0,0.0,0.0,598.0,0.0,0.0,0.0,0.0,0.0,527.0,0.0,0.0,97.0,0.0,0.0
2567,2026-05-14 23:08:01,2026-5-14_stair1_left.csv,stair1,1201.0,0.0,0.0,0.0,0.0,0.0,598.0,0.0,0.0,0.0,0.0,0.0,527.0,0.0,0.0,97.0,0.0,0.0
2568,2026-05-14 23:08:01,2026-5-14_stair1_left.csv,stair1,1201.0,0.0,0.0,0.0,0.0,0.0,598.0,0.0,0.0,0.0,0.0,0.0,527.0,0.0,0.0,97.0,0.0,0.0
2569,2026-05-14 23:08:01,2026-5-14_stair1_left.csv,stair1,1201.0,0.0,0.0,0.0,0.0,0.0,598.0,0.0,0.0,0.0,0.0,0.0,527.0,0.0,0.0,97.0,0.0,0.0
2570,2026-05-14 23:08:01,2026-5-14_stair1_left.csv,stair1,1201.0,0.0,0.0,0.0,0.0,0.0,598.0,0.0,0.0,0.0,0.0,0.0,527.0,0.0,0.0,97.0,0.0,0.0
2571,2026-05-14 23:08:01,2026-5-14_stair1_left.csv,stair1,1201.0,0.0,0.0,0.0,0.0,0.0,598.0,0.0,0.0,0.0,0.0,0.0,527.0,0.0,0.0,97.0,0.0,0.0
2572,2026-05-14 23:08:01,2026-5-14_stair1_left.csv,stair1,1201.0,0.0,0.0,0.0,0.0,0.0,598.0,0.0,0.0,0.0,0.0,0.0,527.0,0.0,0.0,97.0,0.0,0.0
2573,2026-05-14 23:08:01,2026-5-14_stair1_left.csv,stair1,1201.0,0.0,0.0,0.0,0.0,0.0,598.0,0.0,0.0,0.0,0.0,0.0,527.0,0.0,0.0,97.0,0.0,0.0
2574,2026-05-14 23:08:01,2026-5-14_stair1_left.csv,stair1,1201.0,0.0,0.0,0.0,0.0,0.0,598.0,0.0,0.0,0.0,0.0,0.0,527.0,0.0,0.0,97.0,0.0,0.0
2575,2026-05-14 23:08:01,2026-5-14_stair1_left.csv,stair1,1201.0,0.0,0.0,0.0,0.0,0.0,598.0,0.0,0.0,0.0,0.0,0.0,527.0,0.0,0.0,97.0,0.0,0.0
2576,2026-05-14 23:08:01,2026-5-14_stair1_left.csv,stair1,1201.0,0.0,0.0,0.0,0.0,0.0,598.0,0.0,0.0,0.0,0.0,0.0,527.0,0.0,0.0,97.0,0.0,0.0
2577,2026-05-14 23:08:01,2026-5-14_stair1_left.csv,stair1,1201.0,0.0,0.0,0.0,0.0,0.0,598.0,0.0,0.0,0.0,0.0,0.0,527.0,0.0,0.0,97.0,0.0,0.0
2578,2026-05-14 23:08:01,2026-5-14_stair1_left.csv,stair1,1201.0,0.0,0.0,0.0,0.0,0.0,598.0,0.0,0.0,0.0,0.0,0.0,527.0,0.0,0.0,97.0,0.0,0.0
2579,2026-05-14 23:08:01,2026-5-14_stair1_left.csv,stair1,1201.0,0.0,0.0,0.0,0.0,0.0,598.0,0.0,0.0,0.0,0.0,0.0,527.0,0.0,0.0,97.0,0.0,0.0
2580,2026-05-14 23:08:01,2026-5-14_stair1_left.csv,stair1,1201.0,0.0,0.0,0.0,0.0,0.0,598.0,0.0,0.0,0.0,0.0,0.0,527.0,0.0,0.0,97.0,0.0,0.0
2581,2026-05-14 23:08:02,2026-5-14_stair1_left.csv,stair1,1201.0,0.0,0.0,0.0,0.0,0.0,598.0,0.0,0.0,0.0,0.0,0.0,527.0,0.0,0.0,97.0,0.0,0.0
2582,2026-05-14 23:08:02,2026-5-14_stair1_left.csv,stair1,1201.0,0.0,0.0,0.0,0.0,0.0,598.0,0.0,0.0,0.0,0.0,0.0,527.0,0.0,0.0,97.0,0.0,0.0
2583,2026-05-14 23:08:02,2026-5-14_stair1_left.csv,stair1,1201.0,0.0,0.0,0.0,0.0,0.0,598.0,0.0,0.0,0.0,0.0,0.0,527.0,0.0,0.0,97.0,0.0,0.0
2584,2026-05-14 23:08:02,2026-5-14_stair1_left.csv,stair1,1201.0,0.0,0.0,0.0,0.0,0.0,598.0,0.0,0.0,0.0,0.0,0.0,527.0,0.0,0.0,97.0,0.0,0.0
2585,2026-05-14 23:08:02,2026-5-14_stair1_left.csv,stair1,1201.0,0.0,0.0,0.0,0.0,0.0,598.0,0.0,0.0,0.0,0.0,0.0,527.0,0.0,0.0,97.0,0.0,0.0
2586,2026-05-14 23:08:02,2026-5-14_stair1_left.csv,stair1,1201.0,0.0,0.0,0.0,0.0,0.0,598.0,0.0,0.0,0.0,0.0,0.0,527.0,0.0,0.0,97.0,0.0,0.0
2587,2026-05-14 23:08:02,2026-5-14_stair1_left.csv,stair1,1201.0,0.0,0.0,0.0,0.0,0.0,598.0,0.0,0.0,0.0,0.0,0.0,527.0,0.0,0.0,97.0,0.0,0.0
2588,2026-05-14 23:08:02,2026-5-14_stair1_left.csv,stair1,1201.0,0.0,0.0,0.0,0.0,0.0,598.0,0.0,0.0,0.0,0.0,0.0,527.0,0.0,0.0,97.0,0.0,0.0
2589,2026-05-14 23:08:02,2026-5-14_stair1_left.csv,stair1,1201.0,0.0,0.0,0.0,0.0,0.0,598.0,0.0,0.0,0.0,0.0,0.0,527.0,0.0,0.0,97.0,0.0,0.0
2590,2026-05-14 23:08:02,2026-5-14_stair1_left.csv,stair1,1201.0,0.0,0.0,0.0,0.0,0.0,598.0,0.0,0.0,0.0,0.0,0.0,527.0,0.0,0.0,97.0,0.0,0.0
2591,2026-05-14 23:08:02,2026-5-14_stair1_left.csv,stair1,1201.0,0.0,0.0,0.0,0.0,0.0,598.0,0.0,0.0,0.0,0.0,0.0,527.0,0.0,0.0,97.0,0.0,0.0
2592,2026-05-14 23:08:02,2026-5-14_stair1_left.csv,stair1,1201.0,0.0,0.0,0.0,0.0,0.0,598.0,0.0,0.0,0.0,0.0,0.0,527.0,0.0,0.0,97.0,0.0,0.0
2593,2026-05-14 23:08:02,2026-5-14_stair1_left.csv,stair1,1201.0,0.0,0.0,0.0,0.0,0.0,598.0,0.0,0.0,0.0,0.0,0.0,527.0,0.0,0.0,97.0,0.0,0.0
2594,2026-05-14 23:08:02,2026-5-14_stair1_left.csv,stair1,1201.0,0.0,0.0,0.0,0.0,0.0,598.0,0.0,0.0,0.0,0.0,0.0,527.0,0.0,0.0,97.0,0.0,0.0
2595,2026-05-14 23:08:02,2026-5-14_stair1_left.csv,stair1,1201.0,0.0,0.0,0.0,0.0,0.0,598.0,0.0,0.0,0.0,0.0,0.0,527.0,0.0,0.0,97.0,0.0,0.0
2596,2026-05-14 23:08:02,2026-5-14_stair1_left.csv,stair1,1201.0,0.0,0.0,0.0,0.0,0.0,598.0,0.0,0.0,0.0,0.0,0.0,527.0,0.0,0.0,97.0,0.0,0.0
2597,2026-05-14 23:08:02,2026-5-14_stair1_left.csv,stair1,1201.0,0.0,0.0,0.0,0.0,0.0,598.0,0.0,0.0,0.0,0.0,0.0,527.0,0.0,0.0,97.0,0.0,0.0
2598,2026-05-14 23:08:02,2026-5-14_stair1_left.csv,stair1,1201.0,0.0,0.0,0.0,0.0,0.0,598.0,0.0,0.0,0.0,0.0,0.0,527.0,0.0,0.0,97.0,0.0,0.0
2599,2026-05-14 23:08:02,2026-5-14_stair1_left.csv,stair1,1201.0,0.0,0.0,0.0,0.0,0.0,598.0,0.0,0.0,0.0,0.0,0.0,527.0,0.0,0.0,97.0,0.0,0.0
2600,2026-05-14 23:08:02,2026-5-14_stair1_left.csv,stair1,1201.0,0.0,0.0,0.0,0.0,0.0,598.0,0.0,0.0,0.0,0.0,0.0,527.0,0.0,0.0,97.0,0.0,0.0
2601,2026-05-14 23:08:03,2026-5-14_stair1_left.csv,stair1,1201.0,0.0,0.0,0.0,0.0,0.0,598.0,0.0,0.0,0.0,0.0,0.0,527.0,0.0,0.0,97.0,0.0,0.0
2602,2026-05-14 23:08:03,2026-5-14_stair1_left.csv,stair1,1201.0,0.0,0.0,0.0,0.0,0.0,598.0,0.0,0.0,0.0,0.0,0.0,527.0,0.0,0.0,97.0,0.0,0.0
2603,2026-05-14 23:08:03,2026-5-14_stair1_left.csv,stair1,1201.0,0.0,0.0,0.0,0.0,0.0,598.0,0.0,0.0,0.0,0.0,0.0,527.0,0.0,0.0,97.0,0.0,0.0
2604,2026-05-14 23:08:03,2026-5-14_stair1_left.csv,stair1,1201.0,0.0,0.0,0.0,0.0,0.0,598.0,0.0,0.0,0.0,0.0,0.0,527.0,0.0,0.0,97.0,0.0,0.0
2605,2026-05-14 23:08:03,2026-5-14_stair1_left.csv,stair1,1201.0,0.0,0.0,0.0,0.0,0.0,598.0,0.0,0.0,0.0,0.0,0.0,527.0,0.0,0.0,97.0,0.0,0.0
2606,2026-05-14 23:08:03,2026-5-14_stair1_left.csv,stair1,1201.0,0.0,0.0,0.0,0.0,0.0,598.0,0.0,0.0,0.0,0.0,0.0,527.0,0.0,0.0,97.0,0.0,0.0
2607,2026-05-14 23:08:03,2026-5-14_stair1_left.csv,stair1,1201.0,0.0,0.0,0.0,0.0,0.0,598.0,0.0,0.0,0.0,0.0,0.0,527.0,0.0,0.0,97.0,0.0,0.0
2608,2026-05-14 23:08:03,2026-5-14_stair1_left.csv,stair1,1201.0,0.0,0.0,0.0,0.0,0.0,598.0,0.0,0.0,0.0,0.0,0.0,527.0,0.0,0.0,97.0,0.0,0.0
2609,2026-05-14 23:08:03,2026-5-14_stair1_left.csv,stair1,1201.0,0.0,0.0,0.0,0.0,0.0,598.0,0.0,0.0,0.0,0.0,0.0,527.0,0.0,0.0,97.0,0.0,0.0
2610,2026-05-14 23:08:03,2026-5-14_stair1_left.csv,stair1,1201.0,0.0,0.0,0.0,0.0,0.0,598.0,0.0,0.0,0.0,0.0,0.0,527.0,0.0,0.0,97.0,0.0,0.0
2611,2026-05-14 23:08:03,2026-5-14_stair1_left.csv,stair1,1201.0,0.0,0.0,0.0,0.0,0.0,598.0,0.0,0.0,0.0,0.0,0.0,527.0,0.0,0.0,97.0,0.0,0.0
2612,2026-05-14 23:08:03,2026-5-14_stair1_left.csv,stair1,1201.0,0.0,0.0,0.0,0.0,0.0,598.0,0.0,0.0,0.0,0.0,0.0,527.0,0.0,0.0,97.0,0.0,0.0
2613,2026-05-14 23:08:03,2026-5-14_stair1_left.csv,stair1,1201.0,0.0,0.0,0.0,0.0,0.0,598.0,0.0,0.0,0.0,0.0,0.0,527.0,0.0,0.0,97.0,0.0,0.0
2614,2026-05-14 23:08:03,2026-5-14_stair1_left.csv,stair1,1201.0,0.0,0.0,0.0,0.0,0.0,598.0,0.0,0.0,0.0,0.0,0.0,527.0,0.0,0.0,97.0,0.0,0.0
2615,2026-05-14 23:08:03,2026-5-14_stair1_left.csv,stair1,1201.0,0.0,0.0,0.0,0.0,0.0,598.0,0.0,0.0,0.0,0.0,0.0,527.0,0.0,0.0,97.0,0.0,0.0
2616,2026-05-14 23:08:03,2026-5-14_stair1_left.csv,stair1,1201.0,0.0,0.0,0.0,0.0,0.0,598.0,0.0,0.0,0.0,0.0,0.0,527.0,0.0,0.0,97.0,0.0,0.0
2617,2026-05-14 23:08:03,2026-5-14_stair1_left.csv,stair1,1201.0,0.0,0.0,0.0,0.0,0.0,598.0,0.0,0.0,0.0,0.0,0.0,527.0,0.0,0.0,97.0,0.0,0.0
2618,2026-05-14 23:08:03,2026-5-14_stair1_left.csv,stair1,1201.0,0.0,0.0,0.0,0.0,0.0,598.0,0.0,0.0,0.0,0.0,0.0,527.0,0.0,0.0,97.0,0.0,0.0
2619,2026-05-14 23:08:03,2026-5-14_stair1_left.csv,stair1,1201.0,0.0,0.0,0.0,0.0,0.0,598.0,0.0,0.0,0.0,0.0,0.0,527.0,0.0,0.0,97.0,0.0,0.0
2620,2026-05-14 23:08:03,2026-5-14_stair1_left.csv,stair1,1201.0,0.0,0.0,0.0,0.0,0.0,598.0,0.0,0.0,0.0,0.0,0.0,527.0,0.0,0.0,97.0,0.0,0.0
2621,2026-05-14 23:08:04,2026-5-14_stair1_left.csv,stair1,1201.0,0.0,0.0,0.0,0.0,0.0,598.0,0.0,0.0,0.0,0.0,0.0,527.0,0.0,0.0,97.0,0.0,0.0
2622,2026-05-14 23:08:04,2026-5-14_stair1_left.csv,stair1,1201.0,0.0,0.0,0.0,0.0,0.0,598.0,0.0,0.0,0.0,0.0,0.0,527.0,0.0,0.0,97.0,0.0,0.0
2623,2026-05-14 23:08:04,2026-5-14_stair1_left.csv,stair1,1201.0,0.0,0.0,0.0,0.0,0.0,598.0,0.0,0.0,0.0,0.0,0.0,527.0,0.0,0.0,97.0,0.0,0.0
2624,2026-05-14 23:08:04,2026-5-14_stair1_left.csv,stair1,1201.0,0.0,0.0,0.0,0.0,0.0,598.0,0.0,0.0,0.0,0.0,0.0,527.0,0.0,0.0,97.0,0.0,0.0
2625,2026-05-14 23:08:04,2026-5-14_stair1_left.csv,stair1,1201.0,0.0,0.0,0.0,0.0,0.0,598.0,0.0,0.0,0.0,0.0,0.0,527.0,0.0,0.0,97.0,0.0,0.0
2626,2026-05-14 23:08:04,2026-5-14_stair1_left.csv,stair1,1201.0,0.0,0.0,0.0,0.0,0.0,598.0,0.0,0.0,0.0,0.0,0.0,527.0,0.0,0.0,97.0,0.0,0.0
2627,2026-05-14 23:08:04,2026-5-14_stair1_left.csv,stair1,1201.0,0.0,0.0,0.0,0.0,0.0,598.0,0.0,0.0,0.0,0.0,0.0,527.0,0.0,0.0,97.0,0.0,0.0
2628,2026-05-14 23:08:04,2026-5-14_stair1_left.csv,stair1,1201.0,0.0,0.0,0.0,0.0,0.0,598.0,0.0,0.0,0.0,0.0,0.0,527.0,0.0,0.0,97.0,0.0,0.0
2629,2026-05-14 23:08:04,2026-5-14_stair1_left.csv,stair1,1201.0,0.0,0.0,0.0,0.0,0.0,598.0,0.0,0.0,0.0,0.0,0.0,527.0,0.0,0.0,97.0,0.0,0.0
2630,2026-05-14 23:08:04,2026-5-14_stair1_left.csv,stair1,1201.0,0.0,0.0,0.0,0.0,0.0,598.0,0.0,0.0,0.0,0.0,0.0,527.0,0.0,0.0,97.0,0.0,0.0
2631,2026-05-14 23:08:04,2026-5-14_stair1_left.csv,stair1,1201.0,0.0,0.0,0.0,0.0,0.0,598.0,0.0,0.0,0.0,0.0,0.0,527.0,0.0,0.0,97.0,0.0,0.0
2632,2026-05-14 23:08:04,2026-5-14_stair1_left.csv,stair1,1201.0,0.0,0.0,0.0,0.0,0.0,598.0,0.0,0.0,0.0,0.0,0.0,527.0,0.0,0.0,97.0,0.0,0.0
2633,2026-05-14 23:08:04,2026-5-14_stair1_left.csv,stair1,1201.0,0.0,0.0,0.0,0.0,0.0,598.0,0.0,0.0,0.0,0.0,0.0,527.0,0.0,0.0,97.0,0.0,0.0
2634,2026-05-14 23:08:04,2026-5-14_stair1_left.csv,stair1,1201.0,0.0,0.0,0.0,0.0,0.0,598.0,0.0,0.0,0.0,0.0,0.0,527.0,0.0,0.0,97.0,0.0,0.0
2635,2026-05-14 23:08:04,2026-5-14_stair1_left.csv,stair1,1201.0,0.0,0.0,0.0,0.0,0.0,598.0,0.0,0.0,0.0,0.0,0.0,527.0,0.0,0.0,97.0,0.0,0.0
2636,2026-05-14 23:08:04,2026-5-14_stair1_left.csv,stair1,1201.0,0.0,0.0,0.0,0.0,0.0,598.0,0.0,0.0,0.0,0.0,0.0,527.0,0.0,0.0,97.0,0.0,0.0
2637,2026-05-14 23:08:04,2026-5-14_stair1_left.csv,stair1,1201.0,0.0,0.0,0.0,0.0,0.0,598.0,0.0,0.0,0.0,0.0,0.0,527.0,0.0,0.0,97.0,0.0,0.0
2638,2026-05-14 23:08:04,2026-5-14_stair1_left.csv,stair1,1201.0,0.0,0.0,0.0,0.0,0.0,598.0,0.0,0.0,0.0,0.0,0.0,527.0,0.0,0.0,97.0,0.0,0.0
2639,2026-05-14 23:08:04,2026-5-14_stair1_left.csv,stair1,1201.0,0.0,0.0,0.0,0.0,0.0,598.0,0.0,0.0,0.0,0.0,0.0,527.0,0.0,0.0,97.0,0.0,0.0
2640,2026-05-14 23:08:04,2026-5-14_stair1_left.csv,stair1,1201.0,0.0,0.0,0.0,0.0,0.0,598.0,0.0,0.0,0.0,0.0,0.0,527.0,0.0,0.0,97.0,0.0,0.0
2641,2026-05-14 23:08:05,2026-5-14_stair1_left.csv,stair1,1201.0,0.0,0.0,0.0,0.0,0.0,598.0,0.0,0.0,0.0,0.0,0.0,527.0,0.0,0.0,97.0,0.0,0.0
2642,2026-05-14 23:08:05,2026-5-14_stair1_left.csv,stair1,1201.0,0.0,0.0,0.0,0.0,0.0,598.0,0.0,0.0,0.0,0.0,0.0,527.0,0.0,0.0,97.0,0.0,0.0
2643,2026-05-14 23:08:05,2026-5-14_stair1_left.csv,stair1,1201.0,0.0,0.0,0.0,0.0,0.0,598.0,0.0,0.0,0.0,0.0,0.0,527.0,0.0,0.0,97.0,0.0,0.0
2644,2026-05-14 23:08:05,2026-5-14_stair1_left.csv,stair1,1201.0,0.0,0.0,0.0,0.0,0.0,598.0,0.0,0.0,0.0,0.0,0.0,527.0,0.0,0.0,97.0,0.0,0.0
2645,2026-05-14 23:08:05,2026-5-14_stair1_left.csv,stair1,1201.0,0.0,0.0,0.0,0.0,0.0,598.0,0.0,0.0,0.0,0.0,0.0,527.0,0.0,0.0,97.0,0.0,0.0
2646,2026-05-14 23:08:05,2026-5-14_stair1_left.csv,stair1,1201.0,0.0,0.0,0.0,0.0,0.0,598.0,0.0,0.0,0.0,0.0,0.0,527.0,0.0,0.0,97.0,0.0,0.0
2647,2026-05-14 23:08:05,2026-5-14_stair1_left.csv,stair1,1201.0,0.0,0.0,0.0,0.0,0.0,598.0,0.0,0.0,0.0,0.0,0.0,527.0,0.0,0.0,97.0,0.0,0.0
2648,2026-05-14 23:08:05,2026-5-14_stair1_left.csv,stair1,1201.0,0.0,0.0,0.0,0.0,0.0,598.0,0.0,0.0,0.0,0.0,0.0,527.0,0.0,0.0,97.0,0.0,0.0
2649,2026-05-14 23:08:05,2026-5-14_stair1_left.csv,stair1,1201.0,0.0,0.0,0.0,0.0,0.0,598.0,0.0,0.0,0.0,0.0,0.0,527.0,0.0,0.0,97.0,0.0,0.0
2650,2026-05-14 23:08:05,2026-5-14_stair1_left.csv,stair1,1201.0,0.0,0.0,0.0,0.0,0.0,598.0,0.0,0.0,0.0,0.0,0.0,527.0,0.0,0.0,97.0,0.0,0.0
2651,2026-05-14 23:08:05,2026-5-14_stair1_left.csv,stair1,1201.0,0.0,0.0,0.0,0.0,0.0,598.0,0.0,0.0,0.0,0.0,0.0,527.0,0.0,0.0,97.0,0.0,0.0
2652,2026-05-14 23:08:05,2026-5-14_stair1_left.csv,stair1,1201.0,0.0,0.0,0.0,0.0,0.0,598.0,0.0,0.0,0.0,0.0,0.0,527.0,0.0,0.0,97.0,0.0,0.0
2653,2026-05-14 23:08:05,2026-5-14_stair1_left.csv,stair1,1201.0,0.0,0.0,0.0,0.0,0.0,598.0,0.0,0.0,0.0,0.0,0.0,527.0,0.0,0.0,97.0,0.0,0.0
2654,2026-05-14 23:08:05,2026-5-14_stair1_left.csv,stair1,1201.0,0.0,0.0,0.0,0.0,0.0,598.0,0.0,0.0,0.0,0.0,0.0,527.0,0.0,0.0,97.0,0.0,0.0
2655,2026-05-14 23:08:05,2026-5-14_stair1_left.csv,stair1,1201.0,0.0,0.0,0.0,0.0,0.0,598.0,0.0,0.0,0.0,0.0,0.0,527.0,0.0,0.0,97.0,0.0,0.0
2656,2026-05-14 23:08:05,2026-5-14_stair1_left.csv,stair1,1201.0,0.0,0.0,0.0,0.0,0.0,598.0,0.0,0.0,0.0,0.0,0.0,527.0,0.0,0.0,97.0,0.0,0.0
2657,2026-05-14 23:08:05,2026-5-14_stair1_left.csv,stair1,1201.0,0.0,0.0,0.0,0.0,0.0,598.0,0.0,0.0,0.0,0.0,0.0,527.0,0.0,0.0,97.0,0.0,0.0
2658,2026-05-14 23:08:05,2026-5-14_stair1_left.csv,stair1,1201.0,0.0,0.0,0.0,0.0,0.0,598.0,0.0,0.0,0.0,0.0,0.0,527.0,0.0,0.0,97.0,0.0,0.0
2659,2026-05-14 23:08:05,2026-5-14_stair1_left.csv,stair1,1201.0,0.0,0.0,0.0,0.0,0.0,598.0,0.0,0.0,0.0,0.0,0.0,527.0,0.0,0.0,97.0,0.0,0.0
2660,2026-05-14 23:08:05,2026-5-14_stair1_left.csv,stair1,1201.0,0.0,0.0,0.0,0.0,0.0,598.0,0.0,0.0,0.0,0.0,0.0,527.0,0.0,0.0,97.0,0.0,0.0
2661,2026-05-14 23:08:06,2026-5-14_stair1_left.csv,stair1,1201.0,0.0,0.0,0.0,0.0,0.0,598.0,0.0,0.0,0.0,0.0,0.0,527.0,0.0,0.0,97.0,0.0,0.0
2662,2026-05-14 23:08:06,2026-5-14_stair1_left.csv,stair1,1201.0,0.0,0.0,0.0,0.0,0.0,598.0,0.0,0.0,0.0,0.0,0.0,527.0,0.0,0.0,97.0,0.0,0.0
2663,2026-05-14 23:08:06,2026-5-14_stair1_left.csv,stair1,1201.0,0.0,0.0,0.0,0.0,0.0,598.0,0.0,0.0,0.0,0.0,0.0,527.0,0.0,0.0,97.0,0.0,0.0
2664,2026-05-14 23:08:06,2026-5-14_stair1_left.csv,stair1,1201.0,0.0,0.0,0.0,0.0,0.0,598.0,0.0,0.0,0.0,0.0,0.0,527.0,0.0,0.0,97.0,0.0,0.0
2665,2026-05-14 23:08:06,2026-5-14_stair1_left.csv,stair1,1201.0,0.0,0.0,0.0,0.0,0.0,598.0,0.0,0.0,0.0,0.0,0.0,527.0,0.0,0.0,97.0,0.0,0.0
2666,2026-05-14 23:08:06,2026-5-14_stair1_left.csv,stair1,1201.0,0.0,0.0,0.0,0.0,0.0,598.0,0.0,0.0,0.0,0.0,0.0,527.0,0.0,0.0,97.0,0.0,0.0
2667,2026-05-14 23:08:06,2026-5-14_stair1_left.csv,stair1,1201.0,0.0,0.0,0.0,0.0,0.0,598.0,0.0,0.0,0.0,0.0,0.0,527.0,0.0,0.0,97.0,0.0,0.0
2668,2026-05-14 23:08:06,2026-5-14_stair1_left.csv,stair1,1201.0,0.0,0.0,0.0,0.0,0.0,598.0,0.0,0.0,0.0,0.0,0.0,527.0,0.0,0.0,97.0,0.0,0.0
2669,2026-05-14 23:08:06,2026-5-14_stair1_left.csv,stair1,1201.0,0.0,0.0,0.0,0.0,0.0,598.0,0.0,0.0,0.0,0.0,0.0,527.0,0.0,0.0,97.0,0.0,0.0
2670,2026-05-14 23:08:06,2026-5-14_stair1_left.csv,stair1,1201.0,0.0,0.0,0.0,0.0,0.0,598.0,0.0,0.0,0.0,0.0,0.0,527.0,0.0,0.0,97.0,0.0,0.0
2671,2026-05-14 23:08:06,2026-5-14_stair1_left.csv,stair1,1201.0,0.0,0.0,0.0,0.0,0.0,598.0,0.0,0.0,0.0,0.0,0.0,527.0,0.0,0.0,97.0,0.0,0.0
2672,2026-05-14 23:08:06,2026-5-14_stair1_left.csv,stair1,1201.0,0.0,0.0,0.0,0.0,0.0,598.0,0.0,0.0,0.0,0.0,0.0,527.0,0.0,0.0,97.0,0.0,0.0
