sample_index,timestamp,source_file,activity_hint,L1_g,L2_g,L3_g,L4_g,L5_g,L6_g,L7_g,L8_g,L9_g,L10_g,L11_g,L12_g,L13_g,L14_g,L15_g,L16_g,L17_g,L18_g
0,2026-05-14 23:08:06,2026-5-14_stair2_left.csv,stair2,1201.0,0.0,0.0,0.0,0.0,0.0,598.0,0.0,0.0,0.0,0.0,0.0,527.0,0.0,0.0,97.0,0.0,0.0
1,2026-05-14 23:08:07,2026-5-14_stair2_left.csv,stair2,1201.0,0.0,0.0,0.0,0.0,0.0,598.0,0.0,0.0,0.0,0.0,0.0,527.0,0.0,0.0,97.0,0.0,0.0
2,2026-05-14 23:08:07,2026-5-14_stair2_left.csv,stair2,1201.0,0.0,0.0,0.0,0.0,0.0,598.0,0.0,0.0,0.0,0.0,0.0,527.0,0.0,0.0,97.0,0.0,0.0
3,2026-05-14 23:08:07,2026-5-14_stair2_left.csv,stair2,1201.0,0.0,0.0,0.0,0.0,0.0,598.0,0.0,0.0,0.0,0.0,0.0,527.0,0.0,0.0,97.0,0.0,0.0
4,2026-05-14 23:08:07,2026-5-14_stair2_left.csv,stair2,1201.0,0.0,0.0,0.0,0.0,0.0,598.0,0.0,0.0,0.0,0.0,0.0,527.0,0.0,0.0,97.0,0.0,0.0
5,2026-05-14 23:08:07,2026-5-14_stair2_left.csv,stair2,1201.0,0.0,0.0,0.0,0.0,0.0,598.0,0.0,0.0,0.0,0.0,0.0,527.0,0.0,0.0,97.0,0.0,0.0
6,2026-05-14 23:08:07,2026-5-14_stair2_left.csv,stair2,1201.0,0.0,0.0,0.0,0.0,0.0,598.0,0.0,0.0,0.0,0.0,0.0,527.0,0.0,0.0,97.0,0.0,0.0
7,2026-05-14 23:08:07,2026-5-14_stair2_left.csv,stair2,1201.0,0.0,0.0,0.0,0.0,0.0,598.0,0.0,0.0,0.0,0.0,0.0,527.0,0.0,0.0,97.0,0.0,0.0
8,2026-05-14 23:08:07,2026-5-14_stair2_left.csv,stair2,1201.0,0.0,0.0,0.0,0.0,0.0,598.0,0.0,0.0,0.0,0.0,0.0,527.0,0.0,0.0,97.0,0.0,0.0
9,2026-05-14 23:08:07,2026-5-14_stair2_left.csv,stair2,1201.0,0.0,0.0,0.0,0.0,0.0,598.0,0.0,0.0,0.0,0.0,0.0,527.0,0.0,0.0,97.0,0.0,0.0
10,2026-05-14 23:08:07,2026-5-14_stair2_left.csv,stair2,1201.0,0.0,0.0,0.0,0.0,0.0,598.0,0.0,0.0,0.0,0.0,0.0,527.0,0.0,0.0,97.0,0.0,0.0
11,2026-05-14 23:08:07,2026-5-14_stair2_left.csv,stair2,1201.0,0.0,0.0,0.0,0.0,0.0,598.0,0.0,0.0,0.0,0.0,0.0,527.0,0.0,0.0,97.0,0.0,0.0
12,2026-05-14 23:08:07,2026-5-14_stair2_left.csv,stair2,1201.0,0.0,0.0,0.0,0.0,0.0,598.0,0.0,0.0,0.0,0.0,0.0,527.0,0.0,0.0,97.0,0.0,0.0
13,2026-05-14 23:08:07,2026-5-14_stair2_left.csv,stair2,1201.0,0.0,0.0,0.0,0.0,0.0,598.0,0.0,0.0,0.0,0.0,0.0,527.0,0.0,0.0,97.0,0.0,0.0
14,2026-05-14 23:08:07,2026-5-14_stair2_left.csv,stair2,1201.0,0.0,0.0,0.0,0.0,0.0,598.0,0.0,0.0,0.0,0.0,0.0,527.0,0.0,0.0,97.0,0.0,0.0
15,2026-05-14 23:08:07,2026-5-14_stair2_left.csv,stair2,1201.0,0.0,0.0,0.0,0.0,0.0,598.0,0.0,0.0,0.0,0.0,0.0,527.0,0.0,0.0,97.0,0.0,0.0
16,2026-05-14 23:08:07,2026-5-14_stair2_left.csv,stair2,1201.0,0.0,0.0,0.0,0.0,0.0,598.0,0.0,0.0,0.0,0.0,0.0,527.0,0.0,0.0,97.0,0.0,0.0
17,2026-05-14 23:08:08,2026-5-14_stair2_left.csv,stair2,1201.0,0.0,0.0,0.0,0.0,0.0,598.0,0.0,0.0,0.0,0.0,0.0,527.0,0.0,0.0,97.0,0.0,0.0
18,2026-05-14 23:08:08,2026-5-14_stair2_left.csv,stair2,1201.0,0.0,0.0,0.0,0.0,0.0,598.0,0.0,0.0,0.0,0.0,0.0,527.0,0.0,0.0,97.0,0.0,0.0
19,2026-05-14 23:08:08,2026-5-14_stair2_left.csv,stair2,1201.0,0.0,0.0,0.0,0.0,0.0,598.0,0.0,0.0,0.0,0.0,0.0,527.0,0.0,0.0,97.0,0.0,0.0
20,2026-05-14 23:08:08,2026-5-14_stair2_left.csv,stair2,1201.0,0.0,0.0,0.0,0.0,0.0,598.0,0.0,0.0,0.0,0.0,0.0,527.0,0.0,0.0,97.0,0.0,0.0
21,2026-05-14 23:08:08,2026-5-14_stair2_left.csv,stair2,1201.0,0.0,0.0,0.0,0.0,0.0,598.0,0.0,0.0,0.0,0.0,0.0,527.0,0.0,0.0,97.0,0.0,0.0
22,2026-05-14 23:08:08,2026-5-14_stair2_left.csv,stair2,1201.0,0.0,0.0,0.0,0.0,0.0,598.0,0.0,0.0,0.0,0.0,0.0,527.0,0.0,0.0,97.0,0.0,0.0
23,2026-05-14 23:08:08,2026-5-14_stair2_left.csv,stair2,1201.0,0.0,0.0,0.0,0.0,0.0,598.0,0.0,0.0,0.0,0.0,0.0,527.0,0.0,0.0,97.0,0.0,0.0
24,2026-05-14 23:08:08,2026-5-14_stair2_left.csv,stair2,1201.0,0.0,0.0,0.0,0.0,0.0,598.0,0.0,0.0,0.0,0.0,0.0,527.0,0.0,0.0,97.0,0.0,0.0
25,2026-05-14 23:08:08,2026-5-14_stair2_left.csv,stair2,1201.0,0.0,0.0,0.0,0.0,0.0,598.0,0.0,0.0,0.0,0.0,0.0,527.0,0.0,0.0,97.0,0.0,0.0
26,2026-05-14 23:08:08,2026-5-14_stair2_left.csv,stair2,1201.0,0.0,0.0,0.0,0.0,0.0,598.0,0.0,0.0,0.0,0.0,0.0,527.0,0.0,0.0,97.0,0.0,0.0
27,2026-05-14 23:08:08,2026-5-14_stair2_left.csv,stair2,1201.0,0.0,0.0,0.0,0.0,0.0,598.0,0.0,0.0,0.0,0.0,0.0,527.0,0.0,0.0,97.0,0.0,0.0
28,2026-05-14 23:08:08,2026-5-14_stair2_left.csv,stair2,1201.0,0.0,0.0,0.0,0.0,0.0,598.0,0.0,0.0,0.0,0.0,0.0,527.0,0.0,0.0,97.0,0.0,0.0
29,2026-05-14 23:08:08,2026-5-14_stair2_left.csv,stair2,1201.0,0.0,0.0,0.0,0.0,0.0,598.0,0.0,0.0,0.0,0.0,0.0,527.0,0.0,0.0,97.0,0.0,0.0
30,2026-05-14 23:08:08,2026-5-14_stair2_left.csv,stair2,1201.0,0.0,0.0,0.0,0.0,0.0,598.0,0.0,0.0,0.0,0.0,0.0,527.0,0.0,0.0,97.0,0.0,0.0
31,2026-05-14 23:08:08,2026-5-14_stair2_left.csv,stair2,1201.0,0.0,0.0,0.0,0.0,0.0,598.0,0.0,0.0,0.0,0.0,0.0,527.0,0.0,0.0,97.0,0.0,0.0
32,2026-05-14 23:08:08,2026-5-14_stair2_left.csv,stair2,1201.0,0.0,0.0,0.0,0.0,0.0,598.0,0.0,0.0,0.0,0.0,0.0,527.0,0.0,0.0,97.0,0.0,0.0
33,2026-05-14 23:08:08,2026-5-14_stair2_left.csv,stair2,1201.0,0.0,0.0,0.0,0.0,0.0,598.0,0.0,0.0,0.0,0.0,0.0,527.0,0.0,0.0,97.0,0.0,0.0
34,2026-05-14 23:08:08,2026-5-14_stair2_left.csv,stair2,1201.0,0.0,0.0,0.0,0.0,0.0,598.0,0.0,0.0,0.0,0.0,0.0,527.0,0.0,0.0,97.0,0.0,0.0
35,2026-05-14 23:08:08,2026-5-14_stair2_left.csv,stair2,1201.0,0.0,0.0,0.0,0.0,0.0,598.0,0.0,0.0,0.0,0.0,0.0,527.0,0.0,0.0,97.0,0.0,0.0
36,2026-05-14 23:08:08,2026-5-14_stair2_left.csv,stair2,1201.0,0.0,0.0,0.0,0.0,0.0,598.0,0.0,0.0,0.0,0.0,0.0,527.0,0.0,0.0,97.0,0.0,0.0
37,2026-05-14 23:08:09,2026-5-14_stair2_left.csv,stair2,1201.0,0.0,0.0,0.0,0.0,0.0,598.0,0.0,0.0,0.0,0.0,0.0,527.0,0.0,0.0,97.0,0.0,0.0
38,2026-05-14 23:08:09,2026-5-14_stair2_left.csv,stair2,1201.0,0.0,0.0,0.0,0.0,0.0,598.0,0.0,0.0,0.0,0.0,0.0,527.0,0.0,0.0,97.0,0.0,0.0
39,2026-05-14 23:08:09,2026-5-14_stair2_left.csv,stair2,1201.0,0.0,0.0,0.0,0.0,0.0,598.0,0.0,0.0,0.0,0.0,0.0,527.0,0.0,0.0,97.0,0.0,0.0
40,2026-05-14 23:08:09,2026-5-14_stair2_left.csv,stair2,1201.0,0.0,0.0,0.0,0.0,0.0,598.0,0.0,0.0,0.0,0.0,0.0,527.0,0.0,0.0,97.0,0.0,0.0
41,2026-05-14 23:08:09,2026-5-14_stair2_left.csv,stair2,1201.0,0.0,0.0,0.0,0.0,0.0,598.0,0.0,0.0,0.0,0.0,0.0,527.0,0.0,0.0,97.0,0.0,0.0
42,2026-05-14 23:08:09,2026-5-14_stair2_left.csv,stair2,1201.0,0.0,0.0,0.0,0.0,0.0,598.0,0.0,0.0,0.0,0.0,0.0,527.0,0.0,0.0,97.0,0.0,0.0
43,2026-05-14 23:08:09,2026-5-14_stair2_left.csv,stair2,1201.0,0.0,0.0,0.0,0.0,0.0,598.0,0.0,0.0,0.0,0.0,0.0,527.0,0.0,0.0,97.0,0.0,0.0
44,2026-05-14 23:08:09,2026-5-14_stair2_left.csv,stair2,1201.0,0.0,0.0,0.0,0.0,0.0,598.0,0.0,0.0,0.0,0.0,0.0,527.0,0.0,0.0,97.0,0.0,0.0
45,2026-05-14 23:08:09,2026-5-14_stair2_left.csv,stair2,1201.0,0.0,0.0,0.0,0.0,0.0,598.0,0.0,0.0,0.0,0.0,0.0,527.0,0.0,0.0,97.0,0.0,0.0
46,2026-05-14 23:08:09,2026-5-14_stair2_left.csv,stair2,1201.0,0.0,0.0,0.0,0.0,0.0,598.0,0.0,0.0,0.0,0.0,0.0,527.0,0.0,0.0,97.0,0.0,0.0
47,2026-05-14 23:08:09,2026-5-14_stair2_left.csv,stair2,1201.0,0.0,0.0,0.0,0.0,0.0,598.0,0.0,0.0,0.0,0.0,0.0,527.0,0.0,0.0,97.0,0.0,0.0
48,2026-05-14 23:08:09,2026-5-14_stair2_left.csv,stair2,1201.0,0.0,0.0,0.0,0.0,0.0,598.0,0.0,0.0,0.0,0.0,0.0,527.0,0.0,0.0,97.0,0.0,0.0
49,2026-05-14 23:08:09,2026-5-14_stair2_left.csv,stair2,1201.0,0.0,0.0,0.0,0.0,0.0,598.0,0.0,0.0,0.0,0.0,0.0,527.0,0.0,0.0,97.0,0.0,0.0
50,2026-05-14 23:08:09,2026-5-14_stair2_left.csv,stair2,1201.0,0.0,0.0,0.0,0.0,0.0,598.0,0.0,0.0,0.0,0.0,0.0,527.0,0.0,0.0,97.0,0.0,0.0
51,2026-05-14 23:08:09,2026-5-14_stair2_left.csv,stair2,1201.0,0.0,0.0,0.0,0.0,0.0,598.0,0.0,0.0,0.0,0.0,0.0,527.0,0.0,0.0,97.0,0.0,0.0
52,2026-05-14 23:08:09,2026-5-14_stair2_left.csv,stair2,1201.0,0.0,0.0,0.0,0.0,0.0,598.0,0.0,0.0,0.0,0.0,0.0,527.0,0.0,0.0,97.0,0.0,0.0
53,2026-05-14 23:08:09,2026-5-14_stair2_left.csv,stair2,1201.0,0.0,0.0,0.0,0.0,0.0,598.0,0.0,0.0,0.0,0.0,0.0,527.0,0.0,0.0,97.0,0.0,0.0
54,2026-05-14 23:08:09,2026-5-14_stair2_left.csv,stair2,1201.0,0.0,0.0,0.0,0.0,0.0,598.0,0.0,0.0,0.0,0.0,0.0,527.0,0.0,0.0,97.0,0.0,0.0
55,2026-05-14 23:08:09,2026-5-14_stair2_left.csv,stair2,1201.0,0.0,0.0,0.0,0.0,0.0,598.0,0.0,0.0,0.0,0.0,0.0,527.0,0.0,0.0,97.0,0.0,0.0
56,2026-05-14 23:08:09,2026-5-14_stair2_left.csv,stair2,1201.0,0.0,0.0,0.0,0.0,0.0,598.0,0.0,0.0,0.0,0.0,0.0,527.0,0.0,0.0,97.0,0.0,0.0
57,2026-05-14 23:08:10,2026-5-14_stair2_left.csv,stair2,1201.0,0.0,0.0,0.0,0.0,0.0,598.0,0.0,0.0,0.0,0.0,0.0,527.0,0.0,0.0,97.0,0.0,0.0
58,2026-05-14 23:08:10,2026-5-14_stair2_left.csv,stair2,1201.0,0.0,0.0,0.0,0.0,0.0,598.0,0.0,0.0,0.0,0.0,0.0,527.0,0.0,0.0,97.0,0.0,0.0
59,2026-05-14 23:08:10,2026-5-14_stair2_left.csv,stair2,1201.0,0.0,0.0,0.0,0.0,0.0,598.0,0.0,0.0,0.0,0.0,0.0,527.0,0.0,0.0,97.0,0.0,0.0
60,2026-05-14 23:08:10,2026-5-14_stair2_left.csv,stair2,1201.0,0.0,0.0,0.0,0.0,0.0,598.0,0.0,0.0,0.0,0.0,0.0,527.0,0.0,0.0,97.0,0.0,0.0
61,2026-05-14 23:08:10,2026-5-14_stair2_left.csv,stair2,1201.0,0.0,0.0,0.0,0.0,0.0,598.0,0.0,0.0,0.0,0.0,0.0,527.0,0.0,0.0,97.0,0.0,0.0
62,2026-05-14 23:08:10,2026-5-14_stair2_left.csv,stair2,1201.0,0.0,0.0,0.0,0.0,0.0,598.0,0.0,0.0,0.0,0.0,0.0,527.0,0.0,0.0,97.0,0.0,0.0
63,2026-05-14 23:08:10,2026-5-14_stair2_left.csv,stair2,1201.0,0.0,0.0,0.0,0.0,0.0,598.0,0.0,0.0,0.0,0.0,0.0,527.0,0.0,0.0,97.0,0.0,0.0
64,2026-05-14 23:08:10,2026-5-14_stair2_left.csv,stair2,1201.0,0.0,0.0,0.0,0.0,0.0,598.0,0.0,0.0,0.0,0.0,0.0,527.0,0.0,0.0,97.0,0.0,0.0
65,2026-05-14 23:08:10,2026-5-14_stair2_left.csv,stair2,1201.0,0.0,0.0,0.0,0.0,0.0,598.0,0.0,0.0,0.0,0.0,0.0,527.0,0.0,0.0,97.0,0.0,0.0
66,2026-05-14 23:08:10,2026-5-14_stair2_left.csv,stair2,1201.0,0.0,0.0,0.0,0.0,0.0,598.0,0.0,0.0,0.0,0.0,0.0,527.0,0.0,0.0,97.0,0.0,0.0
67,2026-05-14 23:08:10,2026-5-14_stair2_left.csv,stair2,1201.0,0.0,0.0,0.0,0.0,0.0,598.0,0.0,0.0,0.0,0.0,0.0,527.0,0.0,0.0,97.0,0.0,0.0
68,2026-05-14 23:08:10,2026-5-14_stair2_left.csv,stair2,1201.0,0.0,0.0,0.0,0.0,0.0,598.0,0.0,0.0,0.0,0.0,0.0,527.0,0.0,0.0,97.0,0.0,0.0
69,2026-05-14 23:08:10,2026-5-14_stair2_left.csv,stair2,1201.0,0.0,0.0,0.0,0.0,0.0,598.0,0.0,0.0,0.0,0.0,0.0,527.0,0.0,0.0,97.0,0.0,0.0
70,2026-05-14 23:08:10,2026-5-14_stair2_left.csv,stair2,1201.0,0.0,0.0,0.0,0.0,0.0,598.0,0.0,0.0,0.0,0.0,0.0,527.0,0.0,0.0,97.0,0.0,0.0
71,2026-05-14 23:08:10,2026-5-14_stair2_left.csv,stair2,1201.0,0.0,0.0,0.0,0.0,0.0,598.0,0.0,0.0,0.0,0.0,0.0,527.0,0.0,0.0,97.0,0.0,0.0
72,2026-05-14 23:08:10,2026-5-14_stair2_left.csv,stair2,1201.0,0.0,0.0,0.0,0.0,0.0,598.0,0.0,0.0,0.0,0.0,0.0,527.0,0.0,0.0,97.0,0.0,0.0
73,2026-05-14 23:08:10,2026-5-14_stair2_left.csv,stair2,1201.0,0.0,0.0,0.0,0.0,0.0,598.0,0.0,0.0,0.0,0.0,0.0,527.0,0.0,0.0,97.0,0.0,0.0
74,2026-05-14 23:08:10,2026-5-14_stair2_left.csv,stair2,1201.0,0.0,0.0,0.0,0.0,0.0,598.0,0.0,0.0,0.0,0.0,0.0,527.0,0.0,0.0,97.0,0.0,0.0
75,2026-05-14 23:08:10,2026-5-14_stair2_left.csv,stair2,1201.0,0.0,0.0,0.0,0.0,0.0,598.0,0.0,0.0,0.0,0.0,0.0,527.0,0.0,0.0,97.0,0.0,0.0
76,2026-05-14 23:08:10,2026-5-14_stair2_left.csv,stair2,1201.0,0.0,0.0,0.0,0.0,0.0,598.0,0.0,0.0,0.0,0.0,0.0,527.0,0.0,0.0,97.0,0.0,0.0
77,2026-05-14 23:08:11,2026-5-14_stair2_left.csv,stair2,1201.0,0.0,0.0,0.0,0.0,0.0,598.0,0.0,0.0,0.0,0.0,0.0,527.0,0.0,0.0,97.0,0.0,0.0
78,2026-05-14 23:08:11,2026-5-14_stair2_left.csv,stair2,1201.0,0.0,0.0,0.0,0.0,0.0,598.0,0.0,0.0,0.0,0.0,0.0,527.0,0.0,0.0,97.0,0.0,0.0
79,2026-05-14 23:08:11,2026-5-14_stair2_left.csv,stair2,1201.0,0.0,0.0,0.0,0.0,0.0,598.0,0.0,0.0,0.0,0.0,0.0,527.0,0.0,0.0,97.0,0.0,0.0
80,2026-05-14 23:08:11,2026-5-14_stair2_left.csv,stair2,1201.0,0.0,0.0,0.0,0.0,0.0,598.0,0.0,0.0,0.0,0.0,0.0,527.0,0.0,0.0,97.0,0.0,0.0
81,2026-05-14 23:08:11,2026-5-14_stair2_left.csv,stair2,1201.0,0.0,0.0,0.0,0.0,0.0,598.0,0.0,0.0,0.0,0.0,0.0,527.0,0.0,0.0,97.0,0.0,0.0
82,2026-05-14 23:08:11,2026-5-14_stair2_left.csv,stair2,1201.0,0.0,0.0,0.0,0.0,0.0,598.0,0.0,0.0,0.0,0.0,0.0,527.0,0.0,0.0,97.0,0.0,0.0
83,2026-05-14 23:08:11,2026-5-14_stair2_left.csv,stair2,1201.0,0.0,0.0,0.0,0.0,0.0,598.0,0.0,0.0,0.0,0.0,0.0,527.0,0.0,0.0,97.0,0.0,0.0
84,2026-05-14 23:08:11,2026-5-14_stair2_left.csv,stair2,1201.0,0.0,0.0,0.0,0.0,0.0,598.0,0.0,0.0,0.0,0.0,0.0,527.0,0.0,0.0,97.0,0.0,0.0
85,2026-05-14 23:08:11,2026-5-14_stair2_left.csv,stair2,1201.0,0.0,0.0,0.0,0.0,0.0,598.0,0.0,0.0,0.0,0.0,0.0,527.0,0.0,0.0,97.0,0.0,0.0
86,2026-05-14 23:08:11,2026-5-14_stair2_left.csv,stair2,1201.0,0.0,0.0,0.0,0.0,0.0,598.0,0.0,0.0,0.0,0.0,0.0,527.0,0.0,0.0,97.0,0.0,0.0
87,2026-05-14 23:08:11,2026-5-14_stair2_left.csv,stair2,1201.0,0.0,0.0,0.0,0.0,0.0,598.0,0.0,0.0,0.0,0.0,0.0,527.0,0.0,0.0,97.0,0.0,0.0
88,2026-05-14 23:08:11,2026-5-14_stair2_left.csv,stair2,1201.0,0.0,0.0,0.0,0.0,0.0,598.0,0.0,0.0,0.0,0.0,0.0,527.0,0.0,0.0,97.0,0.0,0.0
89,2026-05-14 23:08:11,2026-5-14_stair2_left.csv,stair2,1201.0,0.0,0.0,0.0,0.0,0.0,598.0,0.0,0.0,0.0,0.0,0.0,527.0,0.0,0.0,97.0,0.0,0.0
90,2026-05-14 23:08:11,2026-5-14_stair2_left.csv,stair2,1201.0,0.0,0.0,0.0,0.0,0.0,598.0,0.0,0.0,0.0,0.0,0.0,527.0,0.0,0.0,97.0,0.0,0.0
91,2026-05-14 23:08:11,2026-5-14_stair2_left.csv,stair2,1201.0,0.0,0.0,0.0,0.0,0.0,598.0,0.0,0.0,0.0,0.0,0.0,527.0,0.0,0.0,97.0,0.0,0.0
92,2026-05-14 23:08:11,2026-5-14_stair2_left.csv,stair2,1201.0,0.0,0.0,0.0,0.0,0.0,598.0,0.0,0.0,0.0,0.0,0.0,527.0,0.0,0.0,97.0,0.0,0.0
93,2026-05-14 23:08:11,2026-5-14_stair2_left.csv,stair2,1201.0,0.0,0.0,0.0,0.0,0.0,598.0,0.0,0.0,0.0,0.0,0.0,527.0,0.0,0.0,97.0,0.0,0.0
94,2026-05-14 23:08:11,2026-5-14_stair2_left.csv,stair2,1201.0,0.0,0.0,0.0,0.0,0.0,598.0,0.0,0.0,0.0,0.0,0.0,527.0,0.0,0.0,97.0,0.0,0.0
95,2026-05-14 23:08:11,2026-5-14_stair2_left.csv,stair2,1201.0,0.0,0.0,0.0,0.0,0.0,598.0,0.0,0.0,0.0,0.0,0.0,527.0,0.0,0.0,97.0,0.0,0.0
96,2026-05-14 23:08:11,2026-5-14_stair2_left.csv,stair2,1201.0,0.0,0.0,0.0,0.0,0.0,598.0,0.0,0.0,0.0,0.0,0.0,527.0,0.0,0.0,97.0,0.0,0.0
97,2026-05-14 23:08:12,2026-5-14_stair2_left.csv,stair2,1201.0,0.0,0.0,0.0,0.0,0.0,598.0,0.0,0.0,0.0,0.0,0.0,527.0,0.0,0.0,97.0,0.0,0.0
98,2026-05-14 23:08:12,2026-5-14_stair2_left.csv,stair2,1201.0,0.0,0.0,0.0,0.0,0.0,598.0,0.0,0.0,0.0,0.0,0.0,527.0,0.0,0.0,97.0,0.0,0.0
99,2026-05-14 23:08:12,2026-5-14_stair2_left.csv,stair2,1201.0,0.0,0.0,0.0,0.0,0.0,598.0,0.0,0.0,0.0,0.0,0.0,527.0,0.0,0.0,97.0,0.0,0.0
100,2026-05-14 23:08:12,2026-5-14_stair2_left.csv,stair2,1201.0,0.0,0.0,0.0,0.0,0.0,598.0,0.0,0.0,0.0,0.0,0.0,527.0,0.0,0.0,97.0,0.0,0.0
101,2026-05-14 23:08:12,2026-5-14_stair2_left.csv,stair2,1201.0,0.0,0.0,0.0,0.0,0.0,598.0,0.0,0.0,0.0,0.0,0.0,527.0,0.0,0.0,97.0,0.0,0.0
102,2026-05-14 23:08:12,2026-5-14_stair2_left.csv,stair2,1201.0,0.0,0.0,0.0,0.0,0.0,598.0,0.0,0.0,0.0,0.0,0.0,527.0,0.0,0.0,97.0,0.0,0.0
103,2026-05-14 23:08:12,2026-5-14_stair2_left.csv,stair2,1201.0,0.0,0.0,0.0,0.0,0.0,598.0,0.0,0.0,0.0,0.0,0.0,527.0,0.0,0.0,97.0,0.0,0.0
104,2026-05-14 23:08:12,2026-5-14_stair2_left.csv,stair2,1201.0,0.0,0.0,0.0,0.0,0.0,598.0,0.0,0.0,0.0,0.0,0.0,527.0,0.0,0.0,97.0,0.0,0.0
105,2026-05-14 23:08:12,2026-5-14_stair2_left.csv,stair2,1201.0,0.0,0.0,0.0,0.0,0.0,598.0,0.0,0.0,0.0,0.0,0.0,527.0,0.0,0.0,97.0,0.0,0.0
106,2026-05-14 23:08:12,2026-5-14_stair2_left.csv,stair2,1201.0,0.0,0.0,0.0,0.0,0.0,598.0,0.0,0.0,0.0,0.0,0.0,527.0,0.0,0.0,97.0,0.0,0.0
107,2026-05-14 23:08:12,2026-5-14_stair2_left.csv,stair2,1201.0,0.0,0.0,0.0,0.0,0.0,598.0,0.0,0.0,0.0,0.0,0.0,527.0,0.0,0.0,97.0,0.0,0.0
108,2026-05-14 23:08:12,2026-5-14_stair2_left.csv,stair2,1201.0,0.0,0.0,0.0,0.0,0.0,598.0,0.0,0.0,0.0,0.0,0.0,527.0,0.0,0.0,97.0,0.0,0.0
109,2026-05-14 23:08:12,2026-5-14_stair2_left.csv,stair2,1201.0,0.0,0.0,0.0,0.0,0.0,598.0,0.0,0.0,0.0,0.0,0.0,527.0,0.0,0.0,97.0,0.0,0.0
110,2026-05-14 23:08:12,2026-5-14_stair2_left.csv,stair2,1201.0,0.0,0.0,0.0,0.0,0.0,598.0,0.0,0.0,0.0,0.0,0.0,527.0,0.0,0.0,97.0,0.0,0.0
111,2026-05-14 23:08:12,2026-5-14_stair2_left.csv,stair2,1201.0,0.0,0.0,0.0,0.0,0.0,598.0,0.0,0.0,0.0,0.0,0.0,527.0,0.0,0.0,97.0,0.0,0.0
112,2026-05-14 23:08:12,2026-5-14_stair2_left.csv,stair2,1201.0,0.0,0.0,0.0,0.0,0.0,598.0,0.0,0.0,0.0,0.0,0.0,527.0,0.0,0.0,97.0,0.0,0.0
113,2026-05-14 23:08:12,2026-5-14_stair2_left.csv,stair2,1201.0,0.0,0.0,0.0,0.0,0.0,598.0,0.0,0.0,0.0,0.0,0.0,527.0,0.0,0.0,97.0,0.0,0.0
114,2026-05-14 23:08:12,2026-5-14_stair2_left.csv,stair2,1201.0,0.0,0.0,0.0,0.0,0.0,598.0,0.0,0.0,0.0,0.0,0.0,527.0,0.0,0.0,97.0,0.0,0.0
115,2026-05-14 23:08:12,2026-5-14_stair2_left.csv,stair2,1201.0,0.0,0.0,0.0,0.0,0.0,598.0,0.0,0.0,0.0,0.0,0.0,527.0,0.0,0.0,97.0,0.0,0.0
116,2026-05-14 23:08:12,2026-5-14_stair2_left.csv,stair2,1201.0,0.0,0.0,0.0,0.0,0.0,598.0,0.0,0.0,0.0,0.0,0.0,527.0,0.0,0.0,97.0,0.0,0.0
117,2026-05-14 23:08:13,2026-5-14_stair2_left.csv,stair2,1201.0,0.0,0.0,0.0,0.0,0.0,598.0,0.0,0.0,0.0,0.0,0.0,527.0,0.0,0.0,97.0,0.0,0.0
118,2026-05-14 23:08:13,2026-5-14_stair2_left.csv,stair2,1201.0,0.0,0.0,0.0,0.0,0.0,598.0,0.0,0.0,0.0,0.0,0.0,527.0,0.0,0.0,97.0,0.0,0.0
119,2026-05-14 23:08:13,2026-5-14_stair2_left.csv,stair2,1201.0,0.0,0.0,0.0,0.0,0.0,598.0,0.0,0.0,0.0,0.0,0.0,527.0,0.0,0.0,97.0,0.0,0.0
120,2026-05-14 23:08:13,2026-5-14_stair2_left.csv,stair2,1201.0,0.0,0.0,0.0,0.0,0.0,598.0,0.0,0.0,0.0,0.0,0.0,527.0,0.0,0.0,97.0,0.0,0.0
121,2026-05-14 23:08:13,2026-5-14_stair2_left.csv,stair2,1201.0,0.0,0.0,0.0,0.0,0.0,598.0,0.0,0.0,0.0,0.0,0.0,527.0,0.0,0.0,97.0,0.0,0.0
122,2026-05-14 23:08:13,2026-5-14_stair2_left.csv,stair2,1201.0,0.0,0.0,0.0,0.0,0.0,598.0,0.0,0.0,0.0,0.0,0.0,527.0,0.0,0.0,97.0,0.0,0.0
123,2026-05-14 23:08:13,2026-5-14_stair2_left.csv,stair2,1201.0,0.0,0.0,0.0,0.0,0.0,598.0,0.0,0.0,0.0,0.0,0.0,527.0,0.0,0.0,97.0,0.0,0.0
124,2026-05-14 23:08:13,2026-5-14_stair2_left.csv,stair2,1201.0,0.0,0.0,0.0,0.0,0.0,598.0,0.0,0.0,0.0,0.0,0.0,527.0,0.0,0.0,97.0,0.0,0.0
125,2026-05-14 23:08:13,2026-5-14_stair2_left.csv,stair2,1201.0,0.0,0.0,0.0,0.0,0.0,598.0,0.0,0.0,0.0,0.0,0.0,527.0,0.0,0.0,97.0,0.0,0.0
126,2026-05-14 23:08:13,2026-5-14_stair2_left.csv,stair2,1201.0,0.0,0.0,0.0,0.0,0.0,598.0,0.0,0.0,0.0,0.0,0.0,527.0,0.0,0.0,97.0,0.0,0.0
127,2026-05-14 23:08:13,2026-5-14_stair2_left.csv,stair2,1201.0,0.0,0.0,0.0,0.0,0.0,598.0,0.0,0.0,0.0,0.0,0.0,527.0,0.0,0.0,97.0,0.0,0.0
128,2026-05-14 23:08:13,2026-5-14_stair2_left.csv,stair2,1201.0,0.0,0.0,0.0,0.0,0.0,598.0,0.0,0.0,0.0,0.0,0.0,527.0,0.0,0.0,97.0,0.0,0.0
129,2026-05-14 23:08:13,2026-5-14_stair2_left.csv,stair2,1201.0,0.0,0.0,0.0,0.0,0.0,598.0,0.0,0.0,0.0,0.0,0.0,527.0,0.0,0.0,97.0,0.0,0.0
130,2026-05-14 23:08:13,2026-5-14_stair2_left.csv,stair2,1201.0,0.0,0.0,0.0,0.0,0.0,598.0,0.0,0.0,0.0,0.0,0.0,527.0,0.0,0.0,97.0,0.0,0.0
131,2026-05-14 23:08:13,2026-5-14_stair2_left.csv,stair2,1201.0,0.0,0.0,0.0,0.0,0.0,598.0,0.0,0.0,0.0,0.0,0.0,527.0,0.0,0.0,97.0,0.0,0.0
132,2026-05-14 23:08:13,2026-5-14_stair2_left.csv,stair2,1201.0,0.0,0.0,0.0,0.0,0.0,598.0,0.0,0.0,0.0,0.0,0.0,527.0,0.0,0.0,97.0,0.0,0.0
133,2026-05-14 23:08:13,2026-5-14_stair2_left.csv,stair2,1201.0,0.0,0.0,0.0,0.0,0.0,598.0,0.0,0.0,0.0,0.0,0.0,527.0,0.0,0.0,97.0,0.0,0.0
134,2026-05-14 23:08:13,2026-5-14_stair2_left.csv,stair2,1201.0,0.0,0.0,0.0,0.0,0.0,598.0,0.0,0.0,0.0,0.0,0.0,527.0,0.0,0.0,97.0,0.0,0.0
135,2026-05-14 23:08:13,2026-5-14_stair2_left.csv,stair2,1201.0,0.0,0.0,0.0,0.0,0.0,598.0,0.0,0.0,0.0,0.0,0.0,527.0,0.0,0.0,97.0,0.0,0.0
136,2026-05-14 23:08:13,2026-5-14_stair2_left.csv,stair2,1201.0,0.0,0.0,0.0,0.0,0.0,598.0,0.0,0.0,0.0,0.0,0.0,527.0,0.0,0.0,97.0,0.0,0.0
137,2026-05-14 23:08:14,2026-5-14_stair2_left.csv,stair2,1201.0,0.0,0.0,0.0,0.0,0.0,598.0,0.0,0.0,0.0,0.0,0.0,527.0,0.0,0.0,97.0,0.0,0.0
138,2026-05-14 23:08:14,2026-5-14_stair2_left.csv,stair2,1201.0,0.0,0.0,0.0,0.0,0.0,598.0,0.0,0.0,0.0,0.0,0.0,527.0,0.0,0.0,97.0,0.0,0.0
139,2026-05-14 23:08:14,2026-5-14_stair2_left.csv,stair2,1201.0,0.0,0.0,0.0,0.0,0.0,598.0,0.0,0.0,0.0,0.0,0.0,527.0,0.0,0.0,97.0,0.0,0.0
140,2026-05-14 23:08:14,2026-5-14_stair2_left.csv,stair2,1201.0,0.0,0.0,0.0,0.0,0.0,598.0,0.0,0.0,0.0,0.0,0.0,527.0,0.0,0.0,97.0,0.0,0.0
141,2026-05-14 23:08:14,2026-5-14_stair2_left.csv,stair2,1201.0,0.0,0.0,0.0,0.0,0.0,598.0,0.0,0.0,0.0,0.0,0.0,527.0,0.0,0.0,97.0,0.0,0.0
142,2026-05-14 23:08:14,2026-5-14_stair2_left.csv,stair2,1201.0,0.0,0.0,0.0,0.0,0.0,598.0,0.0,0.0,0.0,0.0,0.0,527.0,0.0,0.0,97.0,0.0,0.0
143,2026-05-14 23:08:14,2026-5-14_stair2_left.csv,stair2,1201.0,0.0,0.0,0.0,0.0,0.0,598.0,0.0,0.0,0.0,0.0,0.0,527.0,0.0,0.0,97.0,0.0,0.0
144,2026-05-14 23:08:14,2026-5-14_stair2_left.csv,stair2,1201.0,0.0,0.0,0.0,0.0,0.0,598.0,0.0,0.0,0.0,0.0,0.0,527.0,0.0,0.0,97.0,0.0,0.0
145,2026-05-14 23:08:14,2026-5-14_stair2_left.csv,stair2,1201.0,0.0,0.0,0.0,0.0,0.0,598.0,0.0,0.0,0.0,0.0,0.0,527.0,0.0,0.0,97.0,0.0,0.0
146,2026-05-14 23:08:14,2026-5-14_stair2_left.csv,stair2,1201.0,0.0,0.0,0.0,0.0,0.0,598.0,0.0,0.0,0.0,0.0,0.0,527.0,0.0,0.0,97.0,0.0,0.0
147,2026-05-14 23:08:14,2026-5-14_stair2_left.csv,stair2,1201.0,0.0,0.0,0.0,0.0,0.0,598.0,0.0,0.0,0.0,0.0,0.0,527.0,0.0,0.0,97.0,0.0,0.0
148,2026-05-14 23:08:14,2026-5-14_stair2_left.csv,stair2,1201.0,0.0,0.0,0.0,0.0,0.0,598.0,0.0,0.0,0.0,0.0,0.0,527.0,0.0,0.0,97.0,0.0,0.0
149,2026-05-14 23:08:14,2026-5-14_stair2_left.csv,stair2,1201.0,0.0,0.0,0.0,0.0,0.0,598.0,0.0,0.0,0.0,0.0,0.0,527.0,0.0,0.0,97.0,0.0,0.0
150,2026-05-14 23:08:14,2026-5-14_stair2_left.csv,stair2,1201.0,0.0,0.0,0.0,0.0,0.0,598.0,0.0,0.0,0.0,0.0,0.0,527.0,0.0,0.0,97.0,0.0,0.0
151,2026-05-14 23:08:14,2026-5-14_stair2_left.csv,stair2,1201.0,0.0,0.0,0.0,0.0,0.0,598.0,0.0,0.0,0.0,0.0,0.0,527.0,0.0,0.0,97.0,0.0,0.0
152,2026-05-14 23:08:14,2026-5-14_stair2_left.csv,stair2,1201.0,0.0,0.0,0.0,0.0,0.0,598.0,0.0,0.0,0.0,0.0,0.0,527.0,0.0,0.0,97.0,0.0,0.0
153,2026-05-14 23:08:14,2026-5-14_stair2_left.csv,stair2,1201.0,0.0,0.0,0.0,0.0,0.0,598.0,0.0,0.0,0.0,0.0,0.0,527.0,0.0,0.0,97.0,0.0,0.0
154,2026-05-14 23:08:14,2026-5-14_stair2_left.csv,stair2,1201.0,0.0,0.0,0.0,0.0,0.0,598.0,0.0,0.0,0.0,0.0,0.0,527.0,0.0,0.0,97.0,0.0,0.0
155,2026-05-14 23:08:14,2026-5-14_stair2_left.csv,stair2,1201.0,0.0,0.0,0.0,0.0,0.0,598.0,0.0,0.0,0.0,0.0,0.0,527.0,0.0,0.0,97.0,0.0,0.0
156,2026-05-14 23:08:14,2026-5-14_stair2_left.csv,stair2,1201.0,0.0,0.0,0.0,0.0,0.0,598.0,0.0,0.0,0.0,0.0,0.0,527.0,0.0,0.0,97.0,0.0,0.0
157,2026-05-14 23:08:15,2026-5-14_stair2_left.csv,stair2,1201.0,0.0,0.0,0.0,0.0,0.0,598.0,0.0,0.0,0.0,0.0,0.0,527.0,0.0,0.0,97.0,0.0,0.0
158,2026-05-14 23:08:15,2026-5-14_stair2_left.csv,stair2,1201.0,0.0,0.0,0.0,0.0,0.0,598.0,0.0,0.0,0.0,0.0,0.0,527.0,0.0,0.0,97.0,0.0,0.0
159,2026-05-14 23:08:15,2026-5-14_stair2_left.csv,stair2,1201.0,0.0,0.0,0.0,0.0,0.0,598.0,0.0,0.0,0.0,0.0,0.0,527.0,0.0,0.0,97.0,0.0,0.0
160,2026-05-14 23:08:15,2026-5-14_stair2_left.csv,stair2,1201.0,0.0,0.0,0.0,0.0,0.0,598.0,0.0,0.0,0.0,0.0,0.0,527.0,0.0,0.0,97.0,0.0,0.0
161,2026-05-14 23:08:15,2026-5-14_stair2_left.csv,stair2,1201.0,0.0,0.0,0.0,0.0,0.0,598.0,0.0,0.0,0.0,0.0,0.0,527.0,0.0,0.0,97.0,0.0,0.0
162,2026-05-14 23:08:15,2026-5-14_stair2_left.csv,stair2,1201.0,0.0,0.0,0.0,0.0,0.0,598.0,0.0,0.0,0.0,0.0,0.0,527.0,0.0,0.0,97.0,0.0,0.0
163,2026-05-14 23:08:15,2026-5-14_stair2_left.csv,stair2,1201.0,0.0,0.0,0.0,0.0,0.0,598.0,0.0,0.0,0.0,0.0,0.0,527.0,0.0,0.0,97.0,0.0,0.0
164,2026-05-14 23:08:15,2026-5-14_stair2_left.csv,stair2,1201.0,0.0,0.0,0.0,0.0,0.0,598.0,0.0,0.0,0.0,0.0,0.0,527.0,0.0,0.0,97.0,0.0,0.0
165,2026-05-14 23:08:15,2026-5-14_stair2_left.csv,stair2,1201.0,0.0,0.0,0.0,0.0,0.0,598.0,0.0,0.0,0.0,0.0,0.0,527.0,0.0,0.0,97.0,0.0,0.0
166,2026-05-14 23:08:15,2026-5-14_stair2_left.csv,stair2,1201.0,0.0,0.0,0.0,0.0,0.0,598.0,0.0,0.0,0.0,0.0,0.0,527.0,0.0,0.0,97.0,0.0,0.0
167,2026-05-14 23:08:15,2026-5-14_stair2_left.csv,stair2,1201.0,0.0,0.0,0.0,0.0,0.0,598.0,0.0,0.0,0.0,0.0,0.0,527.0,0.0,0.0,97.0,0.0,0.0
168,2026-05-14 23:08:15,2026-5-14_stair2_left.csv,stair2,1201.0,0.0,0.0,0.0,0.0,0.0,598.0,0.0,0.0,0.0,0.0,0.0,527.0,0.0,0.0,97.0,0.0,0.0
169,2026-05-14 23:08:15,2026-5-14_stair2_left.csv,stair2,1201.0,0.0,0.0,0.0,0.0,0.0,598.0,0.0,0.0,0.0,0.0,0.0,527.0,0.0,0.0,97.0,0.0,0.0
170,2026-05-14 23:08:15,2026-5-14_stair2_left.csv,stair2,1201.0,0.0,0.0,0.0,0.0,0.0,598.0,0.0,0.0,0.0,0.0,0.0,527.0,0.0,0.0,97.0,0.0,0.0
171,2026-05-14 23:08:15,2026-5-14_stair2_left.csv,stair2,1201.0,0.0,0.0,0.0,0.0,0.0,598.0,0.0,0.0,0.0,0.0,0.0,527.0,0.0,0.0,97.0,0.0,0.0
172,2026-05-14 23:08:15,2026-5-14_stair2_left.csv,stair2,1201.0,0.0,0.0,0.0,0.0,0.0,598.0,0.0,0.0,0.0,0.0,0.0,527.0,0.0,0.0,97.0,0.0,0.0
173,2026-05-14 23:08:15,2026-5-14_stair2_left.csv,stair2,1201.0,0.0,0.0,0.0,0.0,0.0,598.0,0.0,0.0,0.0,0.0,0.0,527.0,0.0,0.0,97.0,0.0,0.0
174,2026-05-14 23:08:15,2026-5-14_stair2_left.csv,stair2,1201.0,0.0,0.0,0.0,0.0,0.0,598.0,0.0,0.0,0.0,0.0,0.0,527.0,0.0,0.0,97.0,0.0,0.0
175,2026-05-14 23:08:15,2026-5-14_stair2_left.csv,stair2,1201.0,0.0,0.0,0.0,0.0,0.0,598.0,0.0,0.0,0.0,0.0,0.0,527.0,0.0,0.0,97.0,0.0,0.0
176,2026-05-14 23:08:15,2026-5-14_stair2_left.csv,stair2,1201.0,0.0,0.0,0.0,0.0,0.0,598.0,0.0,0.0,0.0,0.0,0.0,527.0,0.0,0.0,97.0,0.0,0.0
177,2026-05-14 23:08:16,2026-5-14_stair2_left.csv,stair2,1201.0,0.0,0.0,0.0,0.0,0.0,598.0,0.0,0.0,0.0,0.0,0.0,527.0,0.0,0.0,97.0,0.0,0.0
178,2026-05-14 23:08:16,2026-5-14_stair2_left.csv,stair2,1201.0,0.0,0.0,0.0,0.0,0.0,598.0,0.0,0.0,0.0,0.0,0.0,527.0,0.0,0.0,97.0,0.0,0.0
179,2026-05-14 23:08:16,2026-5-14_stair2_left.csv,stair2,1201.0,0.0,0.0,0.0,0.0,0.0,598.0,0.0,0.0,0.0,0.0,0.0,527.0,0.0,0.0,97.0,0.0,0.0
180,2026-05-14 23:08:16,2026-5-14_stair2_left.csv,stair2,1201.0,0.0,0.0,0.0,0.0,0.0,598.0,0.0,0.0,0.0,0.0,0.0,527.0,0.0,0.0,97.0,0.0,0.0
181,2026-05-14 23:08:16,2026-5-14_stair2_left.csv,stair2,1201.0,0.0,0.0,0.0,0.0,0.0,598.0,0.0,0.0,0.0,0.0,0.0,527.0,0.0,0.0,97.0,0.0,0.0
182,2026-05-14 23:08:16,2026-5-14_stair2_left.csv,stair2,1201.0,0.0,0.0,0.0,0.0,0.0,598.0,0.0,0.0,0.0,0.0,0.0,527.0,0.0,0.0,97.0,0.0,0.0
183,2026-05-14 23:08:16,2026-5-14_stair2_left.csv,stair2,1201.0,0.0,0.0,0.0,0.0,0.0,598.0,0.0,0.0,0.0,0.0,0.0,527.0,0.0,0.0,97.0,0.0,0.0
184,2026-05-14 23:08:16,2026-5-14_stair2_left.csv,stair2,1201.0,0.0,0.0,0.0,0.0,0.0,598.0,0.0,0.0,0.0,0.0,0.0,527.0,0.0,0.0,97.0,0.0,0.0
185,2026-05-14 23:08:16,2026-5-14_stair2_left.csv,stair2,1201.0,0.0,0.0,0.0,0.0,0.0,598.0,0.0,0.0,0.0,0.0,0.0,527.0,0.0,0.0,97.0,0.0,0.0
186,2026-05-14 23:08:16,2026-5-14_stair2_left.csv,stair2,1201.0,0.0,0.0,0.0,0.0,0.0,598.0,0.0,0.0,0.0,0.0,0.0,527.0,0.0,0.0,97.0,0.0,0.0
187,2026-05-14 23:08:16,2026-5-14_stair2_left.csv,stair2,1201.0,0.0,0.0,0.0,0.0,0.0,598.0,0.0,0.0,0.0,0.0,0.0,527.0,0.0,0.0,97.0,0.0,0.0
188,2026-05-14 23:08:16,2026-5-14_stair2_left.csv,stair2,1201.0,0.0,0.0,0.0,0.0,0.0,598.0,0.0,0.0,0.0,0.0,0.0,527.0,0.0,0.0,97.0,0.0,0.0
189,2026-05-14 23:08:16,2026-5-14_stair2_left.csv,stair2,1201.0,0.0,0.0,0.0,0.0,0.0,598.0,0.0,0.0,0.0,0.0,0.0,527.0,0.0,0.0,97.0,0.0,0.0
190,2026-05-14 23:08:16,2026-5-14_stair2_left.csv,stair2,1201.0,0.0,0.0,0.0,0.0,0.0,598.0,0.0,0.0,0.0,0.0,0.0,527.0,0.0,0.0,97.0,0.0,0.0
191,2026-05-14 23:08:16,2026-5-14_stair2_left.csv,stair2,1201.0,0.0,0.0,0.0,0.0,0.0,598.0,0.0,0.0,0.0,0.0,0.0,527.0,0.0,0.0,97.0,0.0,0.0
192,2026-05-14 23:08:16,2026-5-14_stair2_left.csv,stair2,1201.0,0.0,0.0,0.0,0.0,0.0,598.0,0.0,0.0,0.0,0.0,0.0,527.0,0.0,0.0,97.0,0.0,0.0
193,2026-05-14 23:08:16,2026-5-14_stair2_left.csv,stair2,1201.0,0.0,0.0,0.0,0.0,0.0,598.0,0.0,0.0,0.0,0.0,0.0,527.0,0.0,0.0,97.0,0.0,0.0
194,2026-05-14 23:08:16,2026-5-14_stair2_left.csv,stair2,1201.0,0.0,0.0,0.0,0.0,0.0,598.0,0.0,0.0,0.0,0.0,0.0,527.0,0.0,0.0,97.0,0.0,0.0
195,2026-05-14 23:08:16,2026-5-14_stair2_left.csv,stair2,1201.0,0.0,0.0,0.0,0.0,0.0,598.0,0.0,0.0,0.0,0.0,0.0,527.0,0.0,0.0,97.0,0.0,0.0
196,2026-05-14 23:08:16,2026-5-14_stair2_left.csv,stair2,1201.0,0.0,0.0,0.0,0.0,0.0,598.0,0.0,0.0,0.0,0.0,0.0,527.0,0.0,0.0,97.0,0.0,0.0
197,2026-05-14 23:08:17,2026-5-14_stair2_left.csv,stair2,1201.0,0.0,0.0,0.0,0.0,0.0,598.0,0.0,0.0,0.0,0.0,0.0,527.0,0.0,0.0,97.0,0.0,0.0
198,2026-05-14 23:08:17,2026-5-14_stair2_left.csv,stair2,1201.0,0.0,0.0,0.0,0.0,0.0,598.0,0.0,0.0,0.0,0.0,0.0,527.0,0.0,0.0,97.0,0.0,0.0
199,2026-05-14 23:08:17,2026-5-14_stair2_left.csv,stair2,1201.0,0.0,0.0,0.0,0.0,0.0,598.0,0.0,0.0,0.0,0.0,0.0,527.0,0.0,0.0,97.0,0.0,0.0
200,2026-05-14 23:08:17,2026-5-14_stair2_left.csv,stair2,1201.0,0.0,0.0,0.0,0.0,0.0,598.0,0.0,0.0,0.0,0.0,0.0,527.0,0.0,0.0,97.0,0.0,0.0
201,2026-05-14 23:08:17,2026-5-14_stair2_left.csv,stair2,1201.0,0.0,0.0,0.0,0.0,0.0,598.0,0.0,0.0,0.0,0.0,0.0,527.0,0.0,0.0,97.0,0.0,0.0
202,2026-05-14 23:08:17,2026-5-14_stair2_left.csv,stair2,1201.0,0.0,0.0,0.0,0.0,0.0,598.0,0.0,0.0,0.0,0.0,0.0,527.0,0.0,0.0,97.0,0.0,0.0
203,2026-05-14 23:08:17,2026-5-14_stair2_left.csv,stair2,1201.0,0.0,0.0,0.0,0.0,0.0,598.0,0.0,0.0,0.0,0.0,0.0,527.0,0.0,0.0,97.0,0.0,0.0
204,2026-05-14 23:08:17,2026-5-14_stair2_left.csv,stair2,1201.0,0.0,0.0,0.0,0.0,0.0,598.0,0.0,0.0,0.0,0.0,0.0,527.0,0.0,0.0,97.0,0.0,0.0
205,2026-05-14 23:08:17,2026-5-14_stair2_left.csv,stair2,1201.0,0.0,0.0,0.0,0.0,0.0,598.0,0.0,0.0,0.0,0.0,0.0,527.0,0.0,0.0,97.0,0.0,0.0
206,2026-05-14 23:08:17,2026-5-14_stair2_left.csv,stair2,1201.0,0.0,0.0,0.0,0.0,0.0,598.0,0.0,0.0,0.0,0.0,0.0,527.0,0.0,0.0,97.0,0.0,0.0
207,2026-05-14 23:08:17,2026-5-14_stair2_left.csv,stair2,1201.0,0.0,0.0,0.0,0.0,0.0,598.0,0.0,0.0,0.0,0.0,0.0,527.0,0.0,0.0,97.0,0.0,0.0
208,2026-05-14 23:08:17,2026-5-14_stair2_left.csv,stair2,1201.0,0.0,0.0,0.0,0.0,0.0,598.0,0.0,0.0,0.0,0.0,0.0,527.0,0.0,0.0,97.0,0.0,0.0
209,2026-05-14 23:08:17,2026-5-14_stair2_left.csv,stair2,1201.0,0.0,0.0,0.0,0.0,0.0,598.0,0.0,0.0,0.0,0.0,0.0,527.0,0.0,0.0,97.0,0.0,0.0
210,2026-05-14 23:08:17,2026-5-14_stair2_left.csv,stair2,1201.0,0.0,0.0,0.0,0.0,0.0,598.0,0.0,0.0,0.0,0.0,0.0,527.0,0.0,0.0,97.0,0.0,0.0
211,2026-05-14 23:08:17,2026-5-14_stair2_left.csv,stair2,1201.0,0.0,0.0,0.0,0.0,0.0,598.0,0.0,0.0,0.0,0.0,0.0,527.0,0.0,0.0,97.0,0.0,0.0
212,2026-05-14 23:08:17,2026-5-14_stair2_left.csv,stair2,1201.0,0.0,0.0,0.0,0.0,0.0,598.0,0.0,0.0,0.0,0.0,0.0,527.0,0.0,0.0,97.0,0.0,0.0
213,2026-05-14 23:08:17,2026-5-14_stair2_left.csv,stair2,1201.0,0.0,0.0,0.0,0.0,0.0,598.0,0.0,0.0,0.0,0.0,0.0,527.0,0.0,0.0,97.0,0.0,0.0
214,2026-05-14 23:08:17,2026-5-14_stair2_left.csv,stair2,1201.0,0.0,0.0,0.0,0.0,0.0,598.0,0.0,0.0,0.0,0.0,0.0,527.0,0.0,0.0,97.0,0.0,0.0
215,2026-05-14 23:08:17,2026-5-14_stair2_left.csv,stair2,1201.0,0.0,0.0,0.0,0.0,0.0,598.0,0.0,0.0,0.0,0.0,0.0,527.0,0.0,0.0,97.0,0.0,0.0
216,2026-05-14 23:08:17,2026-5-14_stair2_left.csv,stair2,1201.0,0.0,0.0,0.0,0.0,0.0,598.0,0.0,0.0,0.0,0.0,0.0,527.0,0.0,0.0,97.0,0.0,0.0
217,2026-05-14 23:08:18,2026-5-14_stair2_left.csv,stair2,1201.0,0.0,0.0,0.0,0.0,0.0,598.0,0.0,0.0,0.0,0.0,0.0,527.0,0.0,0.0,97.0,0.0,0.0
218,2026-05-14 23:08:18,2026-5-14_stair2_left.csv,stair2,1201.0,0.0,0.0,0.0,0.0,0.0,598.0,0.0,0.0,0.0,0.0,0.0,527.0,0.0,0.0,97.0,0.0,0.0
219,2026-05-14 23:08:18,2026-5-14_stair2_left.csv,stair2,1201.0,0.0,0.0,0.0,0.0,0.0,598.0,0.0,0.0,0.0,0.0,0.0,527.0,0.0,0.0,97.0,0.0,0.0
220,2026-05-14 23:08:18,2026-5-14_stair2_left.csv,stair2,1201.0,0.0,0.0,0.0,0.0,0.0,598.0,0.0,0.0,0.0,0.0,0.0,527.0,0.0,0.0,97.0,0.0,0.0
221,2026-05-14 23:08:18,2026-5-14_stair2_left.csv,stair2,1201.0,0.0,0.0,0.0,0.0,0.0,598.0,0.0,0.0,0.0,0.0,0.0,527.0,0.0,0.0,97.0,0.0,0.0
222,2026-05-14 23:08:18,2026-5-14_stair2_left.csv,stair2,1201.0,0.0,0.0,0.0,0.0,0.0,598.0,0.0,0.0,0.0,0.0,0.0,527.0,0.0,0.0,97.0,0.0,0.0
223,2026-05-14 23:08:18,2026-5-14_stair2_left.csv,stair2,1201.0,0.0,0.0,0.0,0.0,0.0,598.0,0.0,0.0,0.0,0.0,0.0,527.0,0.0,0.0,97.0,0.0,0.0
224,2026-05-14 23:08:18,2026-5-14_stair2_left.csv,stair2,1201.0,0.0,0.0,0.0,0.0,0.0,598.0,0.0,0.0,0.0,0.0,0.0,527.0,0.0,0.0,97.0,0.0,0.0
225,2026-05-14 23:08:18,2026-5-14_stair2_left.csv,stair2,1201.0,0.0,0.0,0.0,0.0,0.0,598.0,0.0,0.0,0.0,0.0,0.0,527.0,0.0,0.0,97.0,0.0,0.0
226,2026-05-14 23:08:18,2026-5-14_stair2_left.csv,stair2,1201.0,0.0,0.0,0.0,0.0,0.0,598.0,0.0,0.0,0.0,0.0,0.0,527.0,0.0,0.0,97.0,0.0,0.0
227,2026-05-14 23:08:18,2026-5-14_stair2_left.csv,stair2,1201.0,0.0,0.0,0.0,0.0,0.0,598.0,0.0,0.0,0.0,0.0,0.0,527.0,0.0,0.0,97.0,0.0,0.0
228,2026-05-14 23:08:18,2026-5-14_stair2_left.csv,stair2,1201.0,0.0,0.0,0.0,0.0,0.0,598.0,0.0,0.0,0.0,0.0,0.0,527.0,0.0,0.0,97.0,0.0,0.0
229,2026-05-14 23:08:18,2026-5-14_stair2_left.csv,stair2,1201.0,0.0,0.0,0.0,0.0,0.0,598.0,0.0,0.0,0.0,0.0,0.0,527.0,0.0,0.0,97.0,0.0,0.0
230,2026-05-14 23:08:18,2026-5-14_stair2_left.csv,stair2,1201.0,0.0,0.0,0.0,0.0,0.0,598.0,0.0,0.0,0.0,0.0,0.0,527.0,0.0,0.0,97.0,0.0,0.0
231,2026-05-14 23:08:18,2026-5-14_stair2_left.csv,stair2,1201.0,0.0,0.0,0.0,0.0,0.0,598.0,0.0,0.0,0.0,0.0,0.0,527.0,0.0,0.0,97.0,0.0,0.0
232,2026-05-14 23:08:18,2026-5-14_stair2_left.csv,stair2,1201.0,0.0,0.0,0.0,0.0,0.0,598.0,0.0,0.0,0.0,0.0,0.0,527.0,0.0,0.0,97.0,0.0,0.0
233,2026-05-14 23:08:18,2026-5-14_stair2_left.csv,stair2,1201.0,0.0,0.0,0.0,0.0,0.0,598.0,0.0,0.0,0.0,0.0,0.0,527.0,0.0,0.0,97.0,0.0,0.0
234,2026-05-14 23:08:18,2026-5-14_stair2_left.csv,stair2,1201.0,0.0,0.0,0.0,0.0,0.0,598.0,0.0,0.0,0.0,0.0,0.0,527.0,0.0,0.0,97.0,0.0,0.0
235,2026-05-14 23:08:18,2026-5-14_stair2_left.csv,stair2,1201.0,0.0,0.0,0.0,0.0,0.0,598.0,0.0,0.0,0.0,0.0,0.0,527.0,0.0,0.0,97.0,0.0,0.0
236,2026-05-14 23:08:18,2026-5-14_stair2_left.csv,stair2,1201.0,0.0,0.0,0.0,0.0,0.0,598.0,0.0,0.0,0.0,0.0,0.0,527.0,0.0,0.0,97.0,0.0,0.0
237,2026-05-14 23:08:19,2026-5-14_stair2_left.csv,stair2,1201.0,0.0,0.0,0.0,0.0,0.0,598.0,0.0,0.0,0.0,0.0,0.0,527.0,0.0,0.0,97.0,0.0,0.0
238,2026-05-14 23:08:19,2026-5-14_stair2_left.csv,stair2,1201.0,0.0,0.0,0.0,0.0,0.0,598.0,0.0,0.0,0.0,0.0,0.0,527.0,0.0,0.0,97.0,0.0,0.0
239,2026-05-14 23:08:19,2026-5-14_stair2_left.csv,stair2,1201.0,0.0,0.0,0.0,0.0,0.0,598.0,0.0,0.0,0.0,0.0,0.0,527.0,0.0,0.0,97.0,0.0,0.0
240,2026-05-14 23:08:19,2026-5-14_stair2_left.csv,stair2,1201.0,0.0,0.0,0.0,0.0,0.0,598.0,0.0,0.0,0.0,0.0,0.0,527.0,0.0,0.0,97.0,0.0,0.0
241,2026-05-14 23:08:19,2026-5-14_stair2_left.csv,stair2,1201.0,0.0,0.0,0.0,0.0,0.0,598.0,0.0,0.0,0.0,0.0,0.0,527.0,0.0,0.0,97.0,0.0,0.0
242,2026-05-14 23:08:19,2026-5-14_stair2_left.csv,stair2,1201.0,0.0,0.0,0.0,0.0,0.0,598.0,0.0,0.0,0.0,0.0,0.0,527.0,0.0,0.0,97.0,0.0,0.0
243,2026-05-14 23:08:19,2026-5-14_stair2_left.csv,stair2,1201.0,0.0,0.0,0.0,0.0,0.0,598.0,0.0,0.0,0.0,0.0,0.0,527.0,0.0,0.0,97.0,0.0,0.0
244,2026-05-14 23:08:19,2026-5-14_stair2_left.csv,stair2,1201.0,0.0,0.0,0.0,0.0,0.0,598.0,0.0,0.0,0.0,0.0,0.0,527.0,0.0,0.0,97.0,0.0,0.0
245,2026-05-14 23:08:19,2026-5-14_stair2_left.csv,stair2,1201.0,0.0,0.0,0.0,0.0,0.0,598.0,0.0,0.0,0.0,0.0,0.0,527.0,0.0,0.0,97.0,0.0,0.0
246,2026-05-14 23:08:19,2026-5-14_stair2_left.csv,stair2,1201.0,0.0,0.0,0.0,0.0,0.0,598.0,0.0,0.0,0.0,0.0,0.0,527.0,0.0,0.0,97.0,0.0,0.0
247,2026-05-14 23:08:19,2026-5-14_stair2_left.csv,stair2,1201.0,0.0,0.0,0.0,0.0,0.0,598.0,0.0,0.0,0.0,0.0,0.0,527.0,0.0,0.0,97.0,0.0,0.0
248,2026-05-14 23:08:19,2026-5-14_stair2_left.csv,stair2,1201.0,0.0,0.0,0.0,0.0,0.0,598.0,0.0,0.0,0.0,0.0,0.0,527.0,0.0,0.0,97.0,0.0,0.0
249,2026-05-14 23:08:19,2026-5-14_stair2_left.csv,stair2,1201.0,0.0,0.0,0.0,0.0,0.0,598.0,0.0,0.0,0.0,0.0,0.0,527.0,0.0,0.0,97.0,0.0,0.0
250,2026-05-14 23:08:19,2026-5-14_stair2_left.csv,stair2,1201.0,0.0,0.0,0.0,0.0,0.0,598.0,0.0,0.0,0.0,0.0,0.0,527.0,0.0,0.0,97.0,0.0,0.0
251,2026-05-14 23:08:19,2026-5-14_stair2_left.csv,stair2,1201.0,0.0,0.0,0.0,0.0,0.0,598.0,0.0,0.0,0.0,0.0,0.0,527.0,0.0,0.0,97.0,0.0,0.0
252,2026-05-14 23:08:19,2026-5-14_stair2_left.csv,stair2,1201.0,0.0,0.0,0.0,0.0,0.0,598.0,0.0,0.0,0.0,0.0,0.0,527.0,0.0,0.0,97.0,0.0,0.0
253,2026-05-14 23:08:19,2026-5-14_stair2_left.csv,stair2,1201.0,0.0,0.0,0.0,0.0,0.0,598.0,0.0,0.0,0.0,0.0,0.0,527.0,0.0,0.0,97.0,0.0,0.0
254,2026-05-14 23:08:19,2026-5-14_stair2_left.csv,stair2,1201.0,0.0,0.0,0.0,0.0,0.0,598.0,0.0,0.0,0.0,0.0,0.0,527.0,0.0,0.0,97.0,0.0,0.0
255,2026-05-14 23:08:19,2026-5-14_stair2_left.csv,stair2,1201.0,0.0,0.0,0.0,0.0,0.0,598.0,0.0,0.0,0.0,0.0,0.0,527.0,0.0,0.0,97.0,0.0,0.0
256,2026-05-14 23:08:19,2026-5-14_stair2_left.csv,stair2,1201.0,0.0,0.0,0.0,0.0,0.0,598.0,0.0,0.0,0.0,0.0,0.0,527.0,0.0,0.0,97.0,0.0,0.0
257,2026-05-14 23:08:20,2026-5-14_stair2_left.csv,stair2,1201.0,0.0,0.0,0.0,0.0,0.0,598.0,0.0,0.0,0.0,0.0,0.0,527.0,0.0,0.0,97.0,0.0,0.0
258,2026-05-14 23:08:20,2026-5-14_stair2_left.csv,stair2,1201.0,0.0,0.0,0.0,0.0,0.0,598.0,0.0,0.0,0.0,0.0,0.0,527.0,0.0,0.0,97.0,0.0,0.0
259,2026-05-14 23:08:20,2026-5-14_stair2_left.csv,stair2,1201.0,0.0,0.0,0.0,0.0,0.0,598.0,0.0,0.0,0.0,0.0,0.0,527.0,0.0,0.0,97.0,0.0,0.0
260,2026-05-14 23:08:20,2026-5-14_stair2_left.csv,stair2,1201.0,0.0,0.0,0.0,0.0,0.0,598.0,0.0,0.0,0.0,0.0,0.0,527.0,0.0,0.0,97.0,0.0,0.0
261,2026-05-14 23:08:20,2026-5-14_stair2_left.csv,stair2,1201.0,0.0,0.0,0.0,0.0,0.0,598.0,0.0,0.0,0.0,0.0,0.0,527.0,0.0,0.0,97.0,0.0,0.0
262,2026-05-14 23:08:20,2026-5-14_stair2_left.csv,stair2,1201.0,0.0,0.0,0.0,0.0,0.0,598.0,0.0,0.0,0.0,0.0,0.0,527.0,0.0,0.0,97.0,0.0,0.0
263,2026-05-14 23:08:20,2026-5-14_stair2_left.csv,stair2,1201.0,0.0,0.0,0.0,0.0,0.0,598.0,0.0,0.0,0.0,0.0,0.0,527.0,0.0,0.0,97.0,0.0,0.0
264,2026-05-14 23:08:20,2026-5-14_stair2_left.csv,stair2,1201.0,0.0,0.0,0.0,0.0,0.0,598.0,0.0,0.0,0.0,0.0,0.0,527.0,0.0,0.0,97.0,0.0,0.0
265,2026-05-14 23:08:20,2026-5-14_stair2_left.csv,stair2,1201.0,0.0,0.0,0.0,0.0,0.0,598.0,0.0,0.0,0.0,0.0,0.0,527.0,0.0,0.0,97.0,0.0,0.0
266,2026-05-14 23:08:20,2026-5-14_stair2_left.csv,stair2,1201.0,0.0,0.0,0.0,0.0,0.0,598.0,0.0,0.0,0.0,0.0,0.0,527.0,0.0,0.0,97.0,0.0,0.0
267,2026-05-14 23:08:20,2026-5-14_stair2_left.csv,stair2,1201.0,0.0,0.0,0.0,0.0,0.0,598.0,0.0,0.0,0.0,0.0,0.0,527.0,0.0,0.0,97.0,0.0,0.0
268,2026-05-14 23:08:20,2026-5-14_stair2_left.csv,stair2,1201.0,0.0,0.0,0.0,0.0,0.0,598.0,0.0,0.0,0.0,0.0,0.0,527.0,0.0,0.0,97.0,0.0,0.0
269,2026-05-14 23:08:20,2026-5-14_stair2_left.csv,stair2,1201.0,0.0,0.0,0.0,0.0,0.0,598.0,0.0,0.0,0.0,0.0,0.0,527.0,0.0,0.0,97.0,0.0,0.0
270,2026-05-14 23:08:20,2026-5-14_stair2_left.csv,stair2,1201.0,0.0,0.0,0.0,0.0,0.0,598.0,0.0,0.0,0.0,0.0,0.0,527.0,0.0,0.0,97.0,0.0,0.0
271,2026-05-14 23:08:20,2026-5-14_stair2_left.csv,stair2,1201.0,0.0,0.0,0.0,0.0,0.0,598.0,0.0,0.0,0.0,0.0,0.0,527.0,0.0,0.0,97.0,0.0,0.0
272,2026-05-14 23:08:20,2026-5-14_stair2_left.csv,stair2,1201.0,0.0,0.0,0.0,0.0,0.0,598.0,0.0,0.0,0.0,0.0,0.0,527.0,0.0,0.0,97.0,0.0,0.0
273,2026-05-14 23:08:20,2026-5-14_stair2_left.csv,stair2,1201.0,0.0,0.0,0.0,0.0,0.0,598.0,0.0,0.0,0.0,0.0,0.0,527.0,0.0,0.0,97.0,0.0,0.0
274,2026-05-14 23:08:20,2026-5-14_stair2_left.csv,stair2,1201.0,0.0,0.0,0.0,0.0,0.0,598.0,0.0,0.0,0.0,0.0,0.0,527.0,0.0,0.0,97.0,0.0,0.0
275,2026-05-14 23:08:20,2026-5-14_stair2_left.csv,stair2,1201.0,0.0,0.0,0.0,0.0,0.0,598.0,0.0,0.0,0.0,0.0,0.0,527.0,0.0,0.0,97.0,0.0,0.0
276,2026-05-14 23:08:20,2026-5-14_stair2_left.csv,stair2,1201.0,0.0,0.0,0.0,0.0,0.0,598.0,0.0,0.0,0.0,0.0,0.0,527.0,0.0,0.0,97.0,0.0,0.0
277,2026-05-14 23:08:21,2026-5-14_stair2_left.csv,stair2,1201.0,0.0,0.0,0.0,0.0,0.0,598.0,0.0,0.0,0.0,0.0,0.0,527.0,0.0,0.0,97.0,0.0,0.0
278,2026-05-14 23:08:21,2026-5-14_stair2_left.csv,stair2,1201.0,0.0,0.0,0.0,0.0,0.0,598.0,0.0,0.0,0.0,0.0,0.0,527.0,0.0,0.0,97.0,0.0,0.0
279,2026-05-14 23:08:21,2026-5-14_stair2_left.csv,stair2,1201.0,0.0,0.0,0.0,0.0,0.0,598.0,0.0,0.0,0.0,0.0,0.0,527.0,0.0,0.0,97.0,0.0,0.0
280,2026-05-14 23:08:21,2026-5-14_stair2_left.csv,stair2,1201.0,0.0,0.0,0.0,0.0,0.0,598.0,0.0,0.0,0.0,0.0,0.0,527.0,0.0,0.0,97.0,0.0,0.0
281,2026-05-14 23:08:21,2026-5-14_stair2_left.csv,stair2,1201.0,0.0,0.0,0.0,0.0,0.0,598.0,0.0,0.0,0.0,0.0,0.0,527.0,0.0,0.0,97.0,0.0,0.0
282,2026-05-14 23:08:21,2026-5-14_stair2_left.csv,stair2,1201.0,0.0,0.0,0.0,0.0,0.0,598.0,0.0,0.0,0.0,0.0,0.0,527.0,0.0,0.0,97.0,0.0,0.0
283,2026-05-14 23:08:21,2026-5-14_stair2_left.csv,stair2,1201.0,0.0,0.0,0.0,0.0,0.0,598.0,0.0,0.0,0.0,0.0,0.0,527.0,0.0,0.0,97.0,0.0,0.0
284,2026-05-14 23:08:21,2026-5-14_stair2_left.csv,stair2,1201.0,0.0,0.0,0.0,0.0,0.0,598.0,0.0,0.0,0.0,0.0,0.0,527.0,0.0,0.0,97.0,0.0,0.0
285,2026-05-14 23:08:21,2026-5-14_stair2_left.csv,stair2,1201.0,0.0,0.0,0.0,0.0,0.0,598.0,0.0,0.0,0.0,0.0,0.0,527.0,0.0,0.0,97.0,0.0,0.0
286,2026-05-14 23:08:21,2026-5-14_stair2_left.csv,stair2,1201.0,0.0,0.0,0.0,0.0,0.0,598.0,0.0,0.0,0.0,0.0,0.0,527.0,0.0,0.0,97.0,0.0,0.0
287,2026-05-14 23:08:21,2026-5-14_stair2_left.csv,stair2,1201.0,0.0,0.0,0.0,0.0,0.0,598.0,0.0,0.0,0.0,0.0,0.0,527.0,0.0,0.0,97.0,0.0,0.0
288,2026-05-14 23:08:21,2026-5-14_stair2_left.csv,stair2,1201.0,0.0,0.0,0.0,0.0,0.0,598.0,0.0,0.0,0.0,0.0,0.0,527.0,0.0,0.0,97.0,0.0,0.0
289,2026-05-14 23:08:21,2026-5-14_stair2_left.csv,stair2,1201.0,0.0,0.0,0.0,0.0,0.0,598.0,0.0,0.0,0.0,0.0,0.0,527.0,0.0,0.0,97.0,0.0,0.0
290,2026-05-14 23:08:21,2026-5-14_stair2_left.csv,stair2,1201.0,0.0,0.0,0.0,0.0,0.0,598.0,0.0,0.0,0.0,0.0,0.0,527.0,0.0,0.0,97.0,0.0,0.0
291,2026-05-14 23:08:21,2026-5-14_stair2_left.csv,stair2,1201.0,0.0,0.0,0.0,0.0,0.0,598.0,0.0,0.0,0.0,0.0,0.0,527.0,0.0,0.0,97.0,0.0,0.0
292,2026-05-14 23:08:21,2026-5-14_stair2_left.csv,stair2,1201.0,0.0,0.0,0.0,0.0,0.0,598.0,0.0,0.0,0.0,0.0,0.0,527.0,0.0,0.0,97.0,0.0,0.0
293,2026-05-14 23:08:21,2026-5-14_stair2_left.csv,stair2,1201.0,0.0,0.0,0.0,0.0,0.0,598.0,0.0,0.0,0.0,0.0,0.0,527.0,0.0,0.0,97.0,0.0,0.0
294,2026-05-14 23:08:21,2026-5-14_stair2_left.csv,stair2,1201.0,0.0,0.0,0.0,0.0,0.0,598.0,0.0,0.0,0.0,0.0,0.0,527.0,0.0,0.0,97.0,0.0,0.0
295,2026-05-14 23:08:21,2026-5-14_stair2_left.csv,stair2,1201.0,0.0,0.0,0.0,0.0,0.0,598.0,0.0,0.0,0.0,0.0,0.0,527.0,0.0,0.0,97.0,0.0,0.0
296,2026-05-14 23:08:21,2026-5-14_stair2_left.csv,stair2,1201.0,0.0,0.0,0.0,0.0,0.0,598.0,0.0,0.0,0.0,0.0,0.0,527.0,0.0,0.0,97.0,0.0,0.0
297,2026-05-14 23:08:22,2026-5-14_stair2_left.csv,stair2,1201.0,0.0,0.0,0.0,0.0,0.0,598.0,0.0,0.0,0.0,0.0,0.0,527.0,0.0,0.0,97.0,0.0,0.0
298,2026-05-14 23:08:22,2026-5-14_stair2_left.csv,stair2,1234.0,0.0,0.0,0.0,0.0,0.0,599.0,0.0,0.0,0.0,0.0,0.0,516.0,0.0,0.0,86.0,0.0,0.0
299,2026-05-14 23:08:22,2026-5-14_stair2_left.csv,stair2,1234.0,0.0,0.0,0.0,0.0,0.0,599.0,0.0,0.0,0.0,0.0,0.0,516.0,0.0,0.0,86.0,0.0,0.0
300,2026-05-14 23:08:22,2026-5-14_stair2_left.csv,stair2,1234.0,0.0,0.0,0.0,0.0,0.0,599.0,0.0,0.0,0.0,0.0,0.0,516.0,0.0,0.0,86.0,0.0,0.0
301,2026-05-14 23:08:22,2026-5-14_stair2_left.csv,stair2,1270.0,0.0,0.0,0.0,0.0,0.0,620.0,0.0,0.0,0.0,0.0,0.0,562.0,0.0,0.0,86.0,0.0,0.0
302,2026-05-14 23:08:22,2026-5-14_stair2_left.csv,stair2,1295.0,0.0,0.0,0.0,0.0,0.0,632.0,0.0,0.0,0.0,0.0,0.0,562.0,0.0,0.0,86.0,0.0,0.0
303,2026-05-14 23:08:22,2026-5-14_stair2_left.csv,stair2,1295.0,0.0,0.0,0.0,0.0,0.0,632.0,0.0,0.0,0.0,0.0,0.0,562.0,0.0,0.0,86.0,0.0,0.0
304,2026-05-14 23:08:22,2026-5-14_stair2_left.csv,stair2,0.0,0.0,2672.0,389.0,0.0,0.0,0.0,0.0,2580.0,1057.0,0.0,0.0,0.0,0.0,0.0,0.0,0.0,0.0
305,2026-05-14 23:08:22,2026-5-14_stair2_left.csv,stair2,0.0,0.0,2672.0,389.0,0.0,0.0,0.0,0.0,2580.0,1057.0,0.0,0.0,0.0,0.0,0.0,0.0,0.0,0.0
306,2026-05-14 23:08:22,2026-5-14_stair2_left.csv,stair2,0.0,0.0,2647.0,377.0,0.0,0.0,0.0,0.0,2565.0,1054.0,0.0,0.0,0.0,0.0,0.0,0.0,0.0,0.0
307,2026-05-14 23:08:22,2026-5-14_stair2_left.csv,stair2,0.0,0.0,2621.0,352.0,0.0,0.0,0.0,0.0,2536.0,1015.0,0.0,0.0,0.0,0.0,0.0,0.0,0.0,0.0
308,2026-05-14 23:08:22,2026-5-14_stair2_left.csv,stair2,0.0,0.0,2568.0,293.0,0.0,0.0,0.0,0.0,2479.0,951.0,0.0,0.0,0.0,0.0,0.0,0.0,0.0,0.0
309,2026-05-14 23:08:22,2026-5-14_stair2_left.csv,stair2,0.0,0.0,2568.0,293.0,0.0,0.0,0.0,0.0,2479.0,951.0,0.0,0.0,0.0,0.0,0.0,0.0,0.0,0.0
310,2026-05-14 23:08:22,2026-5-14_stair2_left.csv,stair2,0.0,0.0,2513.0,253.0,0.0,0.0,0.0,0.0,2398.0,885.0,0.0,0.0,0.0,0.0,0.0,0.0,0.0,0.0
311,2026-05-14 23:08:22,2026-5-14_stair2_left.csv,stair2,0.0,0.0,2462.0,239.0,0.0,0.0,0.0,0.0,2341.0,822.0,0.0,0.0,0.0,0.0,0.0,0.0,0.0,0.0
312,2026-05-14 23:08:22,2026-5-14_stair2_left.csv,stair2,0.0,0.0,2462.0,239.0,0.0,0.0,0.0,0.0,2341.0,822.0,0.0,0.0,0.0,0.0,0.0,0.0,0.0,0.0
313,2026-05-14 23:08:22,2026-5-14_stair2_left.csv,stair2,0.0,0.0,2442.0,179.0,0.0,0.0,0.0,0.0,2312.0,760.0,0.0,0.0,0.0,0.0,0.0,0.0,0.0,0.0
314,2026-05-14 23:08:22,2026-5-14_stair2_left.csv,stair2,0.0,0.0,2420.0,168.0,0.0,0.0,0.0,0.0,2286.0,758.0,0.0,0.0,0.0,0.0,0.0,0.0,0.0,0.0
315,2026-05-14 23:08:22,2026-5-14_stair2_left.csv,stair2,0.0,0.0,2420.0,168.0,0.0,0.0,0.0,0.0,2286.0,758.0,0.0,0.0,0.0,0.0,0.0,0.0,0.0,0.0
316,2026-05-14 23:08:22,2026-5-14_stair2_left.csv,stair2,0.0,0.0,2458.0,215.0,0.0,0.0,0.0,0.0,2271.0,756.0,0.0,0.0,0.0,0.0,0.0,0.0,0.0,0.0
317,2026-05-14 23:08:23,2026-5-14_stair2_left.csv,stair2,0.0,0.0,2472.0,227.0,0.0,0.0,0.0,0.0,2262.0,757.0,0.0,0.0,0.0,0.0,0.0,0.0,0.0,0.0
318,2026-05-14 23:08:23,2026-5-14_stair2_left.csv,stair2,0.0,0.0,2472.0,227.0,0.0,0.0,0.0,0.0,2262.0,757.0,0.0,0.0,0.0,0.0,0.0,0.0,0.0,0.0
319,2026-05-14 23:08:23,2026-5-14_stair2_left.csv,stair2,0.0,0.0,2447.0,215.0,0.0,0.0,0.0,0.0,2251.0,746.0,0.0,0.0,0.0,0.0,0.0,0.0,0.0,0.0
320,2026-05-14 23:08:23,2026-5-14_stair2_left.csv,stair2,0.0,0.0,2447.0,215.0,0.0,0.0,0.0,0.0,2251.0,746.0,0.0,0.0,0.0,0.0,0.0,0.0,0.0,0.0
321,2026-05-14 23:08:23,2026-5-14_stair2_left.csv,stair2,0.0,0.0,2447.0,215.0,0.0,0.0,0.0,0.0,2251.0,746.0,0.0,0.0,0.0,0.0,0.0,0.0,0.0,0.0
322,2026-05-14 23:08:23,2026-5-14_stair2_left.csv,stair2,0.0,0.0,2427.0,216.0,0.0,0.0,0.0,0.0,2201.0,709.0,0.0,0.0,0.0,0.0,0.0,0.0,0.0,0.0
323,2026-05-14 23:08:23,2026-5-14_stair2_left.csv,stair2,0.0,0.0,2411.0,202.0,0.0,0.0,0.0,0.0,2199.0,686.0,0.0,0.0,0.0,0.0,0.0,0.0,0.0,0.0
324,2026-05-14 23:08:23,2026-5-14_stair2_left.csv,stair2,0.0,0.0,2399.0,202.0,0.0,0.0,0.0,0.0,2164.0,696.0,0.0,0.0,0.0,0.0,0.0,0.0,0.0,0.0
325,2026-05-14 23:08:23,2026-5-14_stair2_left.csv,stair2,0.0,0.0,2399.0,202.0,0.0,0.0,0.0,0.0,2164.0,696.0,0.0,0.0,0.0,0.0,0.0,0.0,0.0,0.0
326,2026-05-14 23:08:23,2026-5-14_stair2_left.csv,stair2,0.0,0.0,2374.0,200.0,0.0,0.0,0.0,0.0,2125.0,670.0,0.0,0.0,0.0,0.0,0.0,0.0,0.0,0.0
327,2026-05-14 23:08:23,2026-5-14_stair2_left.csv,stair2,0.0,0.0,2347.0,176.0,0.0,0.0,0.0,0.0,2069.0,617.0,0.0,0.0,0.0,0.0,0.0,0.0,0.0,0.0
328,2026-05-14 23:08:23,2026-5-14_stair2_left.csv,stair2,0.0,0.0,2347.0,176.0,0.0,0.0,0.0,0.0,2069.0,617.0,0.0,0.0,0.0,0.0,0.0,0.0,0.0,0.0
329,2026-05-14 23:08:23,2026-5-14_stair2_left.csv,stair2,0.0,0.0,2345.0,174.0,0.0,0.0,0.0,0.0,2044.0,606.0,0.0,0.0,0.0,0.0,0.0,0.0,0.0,0.0
330,2026-05-14 23:08:23,2026-5-14_stair2_left.csv,stair2,0.0,0.0,2333.0,163.0,0.0,0.0,0.0,0.0,2043.0,616.0,0.0,0.0,0.0,0.0,0.0,0.0,0.0,0.0
331,2026-05-14 23:08:23,2026-5-14_stair2_left.csv,stair2,0.0,0.0,2311.0,163.0,0.0,0.0,0.0,0.0,1982.0,601.0,0.0,0.0,0.0,0.0,0.0,0.0,0.0,0.0
332,2026-05-14 23:08:23,2026-5-14_stair2_left.csv,stair2,0.0,0.0,2294.0,127.0,0.0,0.0,0.0,0.0,1944.0,576.0,0.0,0.0,0.0,0.0,0.0,0.0,0.0,0.0
333,2026-05-14 23:08:23,2026-5-14_stair2_left.csv,stair2,0.0,0.0,2294.0,127.0,0.0,0.0,0.0,0.0,1944.0,576.0,0.0,0.0,0.0,0.0,0.0,0.0,0.0,0.0
334,2026-05-14 23:08:23,2026-5-14_stair2_left.csv,stair2,0.0,0.0,2227.0,88.0,0.0,0.0,0.0,0.0,1916.0,528.0,0.0,0.0,0.0,0.0,0.0,0.0,0.0,0.0
335,2026-05-14 23:08:23,2026-5-14_stair2_left.csv,stair2,0.0,0.0,2166.0,52.0,0.0,0.0,0.0,0.0,1851.0,476.0,0.0,0.0,0.0,0.0,0.0,0.0,0.0,0.0
336,2026-05-14 23:08:23,2026-5-14_stair2_left.csv,stair2,0.0,0.0,2166.0,52.0,0.0,0.0,0.0,0.0,1851.0,476.0,0.0,0.0,0.0,0.0,0.0,0.0,0.0,0.0
337,2026-05-14 23:08:24,2026-5-14_stair2_left.csv,stair2,0.0,0.0,2138.0,38.0,0.0,0.0,0.0,0.0,1760.0,390.0,0.0,0.0,0.0,0.0,0.0,0.0,0.0,0.0
338,2026-05-14 23:08:24,2026-5-14_stair2_left.csv,stair2,0.0,0.0,2130.0,50.0,0.0,0.0,0.0,0.0,1722.0,387.0,0.0,0.0,0.0,0.0,0.0,0.0,0.0,0.0
339,2026-05-14 23:08:24,2026-5-14_stair2_left.csv,stair2,0.0,0.0,2130.0,50.0,0.0,0.0,0.0,0.0,1722.0,387.0,0.0,0.0,0.0,0.0,0.0,0.0,0.0,0.0
340,2026-05-14 23:08:24,2026-5-14_stair2_left.csv,stair2,0.0,0.0,2146.0,0.0,0.0,0.0,0.0,0.0,1691.0,348.0,0.0,0.0,0.0,0.0,0.0,0.0,0.0,0.0
341,2026-05-14 23:08:24,2026-5-14_stair2_left.csv,stair2,0.0,0.0,2098.0,0.0,0.0,0.0,0.0,0.0,1632.0,324.0,0.0,0.0,0.0,0.0,0.0,0.0,0.0,0.0
342,2026-05-14 23:08:24,2026-5-14_stair2_left.csv,stair2,0.0,0.0,2012.0,0.0,0.0,0.0,0.0,0.0,1544.0,238.0,0.0,0.0,0.0,0.0,0.0,0.0,0.0,0.0
343,2026-05-14 23:08:24,2026-5-14_stair2_left.csv,stair2,0.0,0.0,2012.0,0.0,0.0,0.0,0.0,0.0,1544.0,238.0,0.0,0.0,0.0,0.0,0.0,0.0,0.0,0.0
344,2026-05-14 23:08:24,2026-5-14_stair2_left.csv,stair2,0.0,0.0,1786.0,0.0,0.0,0.0,0.0,0.0,1302.0,53.0,0.0,0.0,0.0,0.0,0.0,0.0,0.0,0.0
345,2026-05-14 23:08:24,2026-5-14_stair2_left.csv,stair2,0.0,0.0,1713.0,0.0,0.0,0.0,0.0,0.0,1166.0,28.0,0.0,0.0,0.0,0.0,0.0,0.0,0.0,0.0
346,2026-05-14 23:08:24,2026-5-14_stair2_left.csv,stair2,0.0,0.0,1713.0,0.0,0.0,0.0,0.0,0.0,1166.0,28.0,0.0,0.0,0.0,0.0,0.0,0.0,0.0,0.0
347,2026-05-14 23:08:24,2026-5-14_stair2_left.csv,stair2,0.0,0.0,1629.0,0.0,0.0,0.0,0.0,0.0,1161.0,0.0,0.0,0.0,0.0,0.0,0.0,0.0,0.0,0.0
348,2026-05-14 23:08:24,2026-5-14_stair2_left.csv,stair2,0.0,0.0,1653.0,0.0,0.0,0.0,0.0,0.0,1148.0,0.0,0.0,0.0,0.0,0.0,0.0,0.0,0.0,0.0
349,2026-05-14 23:08:24,2026-5-14_stair2_left.csv,stair2,0.0,0.0,1653.0,0.0,0.0,0.0,0.0,0.0,1148.0,0.0,0.0,0.0,0.0,0.0,0.0,0.0,0.0,0.0
350,2026-05-14 23:08:24,2026-5-14_stair2_left.csv,stair2,0.0,0.0,1666.0,0.0,0.0,0.0,0.0,0.0,1174.0,0.0,0.0,0.0,0.0,0.0,0.0,0.0,0.0,0.0
351,2026-05-14 23:08:24,2026-5-14_stair2_left.csv,stair2,0.0,0.0,1682.0,0.0,0.0,0.0,0.0,0.0,1159.0,0.0,0.0,0.0,0.0,0.0,0.0,0.0,0.0,0.0
352,2026-05-14 23:08:24,2026-5-14_stair2_left.csv,stair2,0.0,0.0,1636.0,0.0,0.0,0.0,0.0,0.0,1162.0,0.0,0.0,0.0,0.0,0.0,0.0,0.0,0.0,0.0
353,2026-05-14 23:08:24,2026-5-14_stair2_left.csv,stair2,0.0,0.0,1636.0,0.0,0.0,0.0,0.0,0.0,1162.0,0.0,0.0,0.0,0.0,0.0,0.0,0.0,0.0,0.0
354,2026-05-14 23:08:24,2026-5-14_stair2_left.csv,stair2,0.0,0.0,1634.0,0.0,0.0,0.0,0.0,0.0,1137.0,0.0,0.0,0.0,0.0,0.0,0.0,0.0,0.0,0.0
355,2026-05-14 23:08:24,2026-5-14_stair2_left.csv,stair2,0.0,0.0,1635.0,0.0,0.0,0.0,0.0,0.0,1140.0,0.0,0.0,0.0,0.0,0.0,0.0,0.0,0.0,0.0
356,2026-05-14 23:08:24,2026-5-14_stair2_left.csv,stair2,0.0,0.0,1669.0,0.0,0.0,0.0,0.0,0.0,1144.0,6.0,0.0,0.0,0.0,0.0,0.0,0.0,0.0,0.0
357,2026-05-14 23:08:25,2026-5-14_stair2_left.csv,stair2,0.0,0.0,1669.0,0.0,0.0,0.0,0.0,0.0,1144.0,6.0,0.0,0.0,0.0,0.0,0.0,0.0,0.0,0.0
358,2026-05-14 23:08:25,2026-5-14_stair2_left.csv,stair2,0.0,0.0,1669.0,0.0,0.0,0.0,0.0,0.0,1144.0,6.0,0.0,0.0,0.0,0.0,0.0,0.0,0.0,0.0
359,2026-05-14 23:08:25,2026-5-14_stair2_left.csv,stair2,0.0,0.0,1755.0,0.0,0.0,0.0,0.0,0.0,1217.0,44.0,0.0,0.0,0.0,0.0,0.0,0.0,0.0,0.0
360,2026-05-14 23:08:25,2026-5-14_stair2_left.csv,stair2,0.0,0.0,1780.0,0.0,0.0,0.0,0.0,0.0,1231.0,68.0,0.0,0.0,0.0,0.0,0.0,0.0,0.0,0.0
361,2026-05-14 23:08:25,2026-5-14_stair2_left.csv,stair2,0.0,0.0,1796.0,0.0,0.0,0.0,0.0,0.0,1236.0,82.0,0.0,0.0,0.0,0.0,0.0,0.0,0.0,0.0
362,2026-05-14 23:08:25,2026-5-14_stair2_left.csv,stair2,0.0,0.0,1796.0,0.0,0.0,0.0,0.0,0.0,1236.0,82.0,0.0,0.0,0.0,0.0,0.0,0.0,0.0,0.0
363,2026-05-14 23:08:25,2026-5-14_stair2_left.csv,stair2,0.0,0.0,1821.0,0.0,0.0,0.0,0.0,0.0,1270.0,105.0,0.0,0.0,0.0,0.0,0.0,0.0,0.0,0.0
364,2026-05-14 23:08:25,2026-5-14_stair2_left.csv,stair2,0.0,0.0,1848.0,0.0,0.0,0.0,0.0,0.0,1308.0,119.0,0.0,0.0,0.0,0.0,0.0,0.0,0.0,0.0
365,2026-05-14 23:08:25,2026-5-14_stair2_left.csv,stair2,0.0,0.0,1848.0,0.0,0.0,0.0,0.0,0.0,1308.0,119.0,0.0,0.0,0.0,0.0,0.0,0.0,0.0,0.0
366,2026-05-14 23:08:25,2026-5-14_stair2_left.csv,stair2,0.0,0.0,1911.0,0.0,0.0,0.0,0.0,0.0,1384.0,180.0,0.0,0.0,0.0,0.0,0.0,0.0,0.0,0.0
367,2026-05-14 23:08:25,2026-5-14_stair2_left.csv,stair2,0.0,0.0,1931.0,0.0,0.0,0.0,0.0,0.0,1385.0,191.0,0.0,0.0,0.0,0.0,0.0,0.0,0.0,0.0
368,2026-05-14 23:08:25,2026-5-14_stair2_left.csv,stair2,0.0,0.0,1934.0,0.0,0.0,0.0,0.0,0.0,1372.0,179.0,0.0,0.0,0.0,0.0,0.0,0.0,0.0,0.0
369,2026-05-14 23:08:25,2026-5-14_stair2_left.csv,stair2,0.0,0.0,1934.0,0.0,0.0,0.0,0.0,0.0,1372.0,179.0,0.0,0.0,0.0,0.0,0.0,0.0,0.0,0.0
370,2026-05-14 23:08:25,2026-5-14_stair2_left.csv,stair2,0.0,0.0,1973.0,0.0,0.0,0.0,0.0,0.0,1383.0,179.0,0.0,0.0,0.0,0.0,0.0,0.0,0.0,0.0
371,2026-05-14 23:08:25,2026-5-14_stair2_left.csv,stair2,0.0,0.0,1998.0,0.0,0.0,0.0,0.0,0.0,1372.0,190.0,0.0,0.0,0.0,0.0,0.0,0.0,0.0,0.0
372,2026-05-14 23:08:25,2026-5-14_stair2_left.csv,stair2,0.0,0.0,2033.0,0.0,0.0,0.0,0.0,0.0,1406.0,202.0,0.0,0.0,0.0,0.0,0.0,0.0,0.0,0.0
373,2026-05-14 23:08:25,2026-5-14_stair2_left.csv,stair2,0.0,0.0,2033.0,0.0,0.0,0.0,0.0,0.0,1406.0,202.0,0.0,0.0,0.0,0.0,0.0,0.0,0.0,0.0
374,2026-05-14 23:08:25,2026-5-14_stair2_left.csv,stair2,0.0,0.0,2046.0,0.0,0.0,0.0,0.0,0.0,1396.0,213.0,0.0,0.0,0.0,0.0,0.0,0.0,0.0,0.0
375,2026-05-14 23:08:25,2026-5-14_stair2_left.csv,stair2,0.0,0.0,2046.0,0.0,0.0,0.0,0.0,0.0,1396.0,213.0,0.0,0.0,0.0,0.0,0.0,0.0,0.0,0.0
376,2026-05-14 23:08:25,2026-5-14_stair2_left.csv,stair2,0.0,0.0,2094.0,0.0,0.0,0.0,0.0,0.0,1456.0,228.0,0.0,0.0,0.0,0.0,0.0,0.0,0.0,0.0
377,2026-05-14 23:08:26,2026-5-14_stair2_left.csv,stair2,0.0,0.0,2094.0,0.0,0.0,0.0,0.0,0.0,1456.0,228.0,0.0,0.0,0.0,0.0,0.0,0.0,0.0,0.0
378,2026-05-14 23:08:26,2026-5-14_stair2_left.csv,stair2,0.0,0.0,2133.0,0.0,0.0,0.0,0.0,0.0,1506.0,266.0,0.0,0.0,0.0,0.0,0.0,0.0,0.0,0.0
379,2026-05-14 23:08:26,2026-5-14_stair2_left.csv,stair2,0.0,0.0,2172.0,11.0,0.0,0.0,0.0,0.0,1548.0,304.0,0.0,0.0,0.0,0.0,0.0,0.0,0.0,0.0
380,2026-05-14 23:08:26,2026-5-14_stair2_left.csv,stair2,0.0,0.0,2227.0,82.0,0.0,0.0,0.0,0.0,1625.0,377.0,0.0,0.0,0.0,0.0,0.0,0.0,0.0,0.0
381,2026-05-14 23:08:26,2026-5-14_stair2_left.csv,stair2,0.0,0.0,2227.0,82.0,0.0,0.0,0.0,0.0,1625.0,377.0,0.0,0.0,0.0,0.0,0.0,0.0,0.0,0.0
382,2026-05-14 23:08:26,2026-5-14_stair2_left.csv,stair2,0.0,0.0,2244.0,85.0,0.0,0.0,0.0,0.0,1616.0,379.0,0.0,0.0,0.0,0.0,0.0,0.0,0.0,0.0
383,2026-05-14 23:08:26,2026-5-14_stair2_left.csv,stair2,0.0,0.0,2234.0,86.0,0.0,0.0,0.0,0.0,1619.0,381.0,0.0,0.0,0.0,0.0,0.0,0.0,0.0,0.0
384,2026-05-14 23:08:26,2026-5-14_stair2_left.csv,stair2,0.0,0.0,2244.0,74.0,0.0,0.0,0.0,0.0,1590.0,343.0,0.0,0.0,0.0,0.0,0.0,0.0,0.0,0.0
385,2026-05-14 23:08:26,2026-5-14_stair2_left.csv,stair2,0.0,0.0,2244.0,74.0,0.0,0.0,0.0,0.0,1590.0,343.0,0.0,0.0,0.0,0.0,0.0,0.0,0.0,0.0
386,2026-05-14 23:08:26,2026-5-14_stair2_left.csv,stair2,0.0,0.0,2127.0,0.0,0.0,0.0,0.0,0.0,1344.0,182.0,0.0,0.0,0.0,0.0,0.0,0.0,0.0,0.0
387,2026-05-14 23:08:26,2026-5-14_stair2_left.csv,stair2,0.0,0.0,1883.0,0.0,0.0,0.0,0.0,0.0,1127.0,0.0,0.0,0.0,0.0,0.0,0.0,0.0,0.0,0.0
388,2026-05-14 23:08:26,2026-5-14_stair2_left.csv,stair2,0.0,0.0,1883.0,0.0,0.0,0.0,0.0,0.0,1127.0,0.0,0.0,0.0,0.0,0.0,0.0,0.0,0.0,0.0
389,2026-05-14 23:08:26,2026-5-14_stair2_left.csv,stair2,0.0,0.0,1725.0,0.0,0.0,0.0,0.0,0.0,1003.0,0.0,0.0,0.0,0.0,0.0,0.0,0.0,0.0,0.0
390,2026-05-14 23:08:26,2026-5-14_stair2_left.csv,stair2,0.0,0.0,1574.0,0.0,0.0,0.0,0.0,0.0,859.0,0.0,0.0,0.0,0.0,0.0,0.0,0.0,0.0,0.0
391,2026-05-14 23:08:26,2026-5-14_stair2_left.csv,stair2,0.0,0.0,1574.0,0.0,0.0,0.0,0.0,0.0,859.0,0.0,0.0,0.0,0.0,0.0,0.0,0.0,0.0,0.0
392,2026-05-14 23:08:26,2026-5-14_stair2_left.csv,stair2,0.0,0.0,1574.0,0.0,0.0,0.0,0.0,0.0,859.0,0.0,0.0,0.0,0.0,0.0,0.0,0.0,0.0,0.0
393,2026-05-14 23:08:26,2026-5-14_stair2_left.csv,stair2,0.0,0.0,1232.0,0.0,0.0,0.0,0.0,0.0,572.0,0.0,0.0,0.0,0.0,0.0,0.0,0.0,0.0,0.0
394,2026-05-14 23:08:26,2026-5-14_stair2_left.csv,stair2,0.0,0.0,1217.0,0.0,0.0,0.0,0.0,0.0,596.0,0.0,0.0,0.0,0.0,0.0,0.0,0.0,0.0,0.0
395,2026-05-14 23:08:26,2026-5-14_stair2_left.csv,stair2,0.0,0.0,1192.0,0.0,0.0,0.0,0.0,0.0,539.0,0.0,0.0,0.0,0.0,0.0,0.0,0.0,0.0,0.0
396,2026-05-14 23:08:26,2026-5-14_stair2_left.csv,stair2,0.0,0.0,1192.0,0.0,0.0,0.0,0.0,0.0,539.0,0.0,0.0,0.0,0.0,0.0,0.0,0.0,0.0,0.0
397,2026-05-14 23:08:27,2026-5-14_stair2_left.csv,stair2,0.0,0.0,1185.0,0.0,0.0,0.0,0.0,0.0,550.0,0.0,0.0,0.0,0.0,0.0,0.0,0.0,0.0,0.0
398,2026-05-14 23:08:27,2026-5-14_stair2_left.csv,stair2,0.0,0.0,1197.0,0.0,0.0,0.0,0.0,0.0,553.0,0.0,0.0,0.0,0.0,0.0,0.0,0.0,0.0,0.0
399,2026-05-14 23:08:27,2026-5-14_stair2_left.csv,stair2,0.0,0.0,1197.0,0.0,0.0,0.0,0.0,0.0,553.0,0.0,0.0,0.0,0.0,0.0,0.0,0.0,0.0,0.0
400,2026-05-14 23:08:27,2026-5-14_stair2_left.csv,stair2,0.0,0.0,1200.0,0.0,0.0,0.0,0.0,0.0,555.0,0.0,0.0,0.0,0.0,0.0,0.0,0.0,0.0,0.0
401,2026-05-14 23:08:27,2026-5-14_stair2_left.csv,stair2,0.0,0.0,1174.0,0.0,0.0,0.0,0.0,0.0,523.0,0.0,0.0,0.0,0.0,0.0,0.0,0.0,0.0,0.0
402,2026-05-14 23:08:27,2026-5-14_stair2_left.csv,stair2,0.0,0.0,1149.0,0.0,0.0,0.0,0.0,0.0,499.0,0.0,0.0,0.0,0.0,0.0,0.0,0.0,0.0,0.0
403,2026-05-14 23:08:27,2026-5-14_stair2_left.csv,stair2,0.0,0.0,1149.0,0.0,0.0,0.0,0.0,0.0,499.0,0.0,0.0,0.0,0.0,0.0,0.0,0.0,0.0,0.0
404,2026-05-14 23:08:27,2026-5-14_stair2_left.csv,stair2,0.0,0.0,1161.0,0.0,0.0,0.0,0.0,0.0,477.0,0.0,0.0,0.0,0.0,0.0,0.0,0.0,0.0,0.0
405,2026-05-14 23:08:27,2026-5-14_stair2_left.csv,stair2,0.0,0.0,1127.0,0.0,0.0,0.0,0.0,0.0,477.0,0.0,0.0,0.0,0.0,0.0,0.0,0.0,0.0,0.0
406,2026-05-14 23:08:27,2026-5-14_stair2_left.csv,stair2,0.0,0.0,1105.0,0.0,0.0,0.0,0.0,0.0,488.0,0.0,0.0,0.0,0.0,0.0,0.0,0.0,0.0,0.0
407,2026-05-14 23:08:27,2026-5-14_stair2_left.csv,stair2,0.0,0.0,1105.0,0.0,0.0,0.0,0.0,0.0,488.0,0.0,0.0,0.0,0.0,0.0,0.0,0.0,0.0,0.0
408,2026-05-14 23:08:27,2026-5-14_stair2_left.csv,stair2,0.0,0.0,1080.0,0.0,0.0,0.0,0.0,0.0,453.0,0.0,0.0,0.0,0.0,0.0,0.0,0.0,0.0,0.0
409,2026-05-14 23:08:27,2026-5-14_stair2_left.csv,stair2,0.0,0.0,1035.0,0.0,0.0,0.0,0.0,0.0,432.0,0.0,0.0,0.0,0.0,0.0,0.0,0.0,0.0,0.0
410,2026-05-14 23:08:27,2026-5-14_stair2_left.csv,stair2,0.0,0.0,1035.0,0.0,0.0,0.0,0.0,0.0,432.0,0.0,0.0,0.0,0.0,0.0,0.0,0.0,0.0,0.0
411,2026-05-14 23:08:27,2026-5-14_stair2_left.csv,stair2,0.0,0.0,1048.0,0.0,0.0,0.0,0.0,0.0,397.0,0.0,0.0,0.0,0.0,0.0,0.0,0.0,0.0,0.0
412,2026-05-14 23:08:27,2026-5-14_stair2_left.csv,stair2,0.0,0.0,1047.0,0.0,0.0,0.0,0.0,0.0,418.0,0.0,0.0,0.0,0.0,0.0,0.0,0.0,0.0,0.0
413,2026-05-14 23:08:27,2026-5-14_stair2_left.csv,stair2,0.0,0.0,1026.0,0.0,0.0,0.0,0.0,0.0,384.0,0.0,0.0,0.0,0.0,0.0,0.0,0.0,0.0,0.0
414,2026-05-14 23:08:27,2026-5-14_stair2_left.csv,stair2,0.0,0.0,1026.0,0.0,0.0,0.0,0.0,0.0,384.0,0.0,0.0,0.0,0.0,0.0,0.0,0.0,0.0,0.0
415,2026-05-14 23:08:27,2026-5-14_stair2_left.csv,stair2,0.0,0.0,1026.0,0.0,0.0,0.0,0.0,0.0,384.0,0.0,0.0,0.0,0.0,0.0,0.0,0.0,0.0,0.0
416,2026-05-14 23:08:27,2026-5-14_stair2_left.csv,stair2,0.0,0.0,1046.0,0.0,0.0,0.0,0.0,0.0,381.0,0.0,0.0,0.0,0.0,0.0,0.0,0.0,0.0,0.0
417,2026-05-14 23:08:28,2026-5-14_stair2_left.csv,stair2,0.0,0.0,1026.0,0.0,0.0,0.0,0.0,0.0,384.0,0.0,0.0,0.0,0.0,0.0,0.0,0.0,0.0,0.0
418,2026-05-14 23:08:28,2026-5-14_stair2_left.csv,stair2,0.0,0.0,1003.0,0.0,0.0,0.0,0.0,0.0,351.0,0.0,0.0,0.0,0.0,0.0,0.0,0.0,0.0,0.0
419,2026-05-14 23:08:28,2026-5-14_stair2_left.csv,stair2,0.0,0.0,1003.0,0.0,0.0,0.0,0.0,0.0,351.0,0.0,0.0,0.0,0.0,0.0,0.0,0.0,0.0,0.0
420,2026-05-14 23:08:28,2026-5-14_stair2_left.csv,stair2,0.0,0.0,1003.0,0.0,0.0,0.0,0.0,0.0,359.0,0.0,0.0,0.0,0.0,0.0,0.0,0.0,0.0,0.0
421,2026-05-14 23:08:28,2026-5-14_stair2_left.csv,stair2,0.0,0.0,798.0,0.0,0.0,0.0,0.0,0.0,190.0,0.0,0.0,0.0,0.0,0.0,0.0,0.0,0.0,0.0
422,2026-05-14 23:08:28,2026-5-14_stair2_left.csv,stair2,0.0,0.0,798.0,0.0,0.0,0.0,0.0,0.0,190.0,0.0,0.0,0.0,0.0,0.0,0.0,0.0,0.0,0.0
423,2026-05-14 23:08:28,2026-5-14_stair2_left.csv,stair2,0.0,0.0,369.0,0.0,0.0,0.0,0.0,0.0,0.0,0.0,0.0,0.0,0.0,0.0,0.0,0.0,0.0,0.0
424,2026-05-14 23:08:28,2026-5-14_stair2_left.csv,stair2,0.0,0.0,14.0,0.0,0.0,0.0,0.0,0.0,0.0,0.0,0.0,0.0,0.0,0.0,0.0,0.0,0.0,0.0
425,2026-05-14 23:08:28,2026-5-14_stair2_left.csv,stair2,0.0,0.0,14.0,0.0,0.0,0.0,0.0,0.0,0.0,0.0,0.0,0.0,0.0,0.0,0.0,0.0,0.0,0.0
426,2026-05-14 23:08:28,2026-5-14_stair2_left.csv,stair2,0.0,0.0,0.0,0.0,0.0,0.0,0.0,0.0,0.0,0.0,0.0,0.0,0.0,0.0,0.0,0.0,0.0,0.0
427,2026-05-14 23:08:28,2026-5-14_stair2_left.csv,stair2,0.0,0.0,0.0,0.0,0.0,0.0,0.0,0.0,0.0,0.0,0.0,0.0,0.0,0.0,0.0,0.0,0.0,0.0
428,2026-05-14 23:08:28,2026-5-14_stair2_left.csv,stair2,0.0,0.0,64.0,0.0,0.0,0.0,0.0,0.0,0.0,0.0,0.0,0.0,0.0,0.0,0.0,0.0,0.0,0.0
429,2026-05-14 23:08:28,2026-5-14_stair2_left.csv,stair2,0.0,0.0,64.0,0.0,0.0,0.0,0.0,0.0,0.0,0.0,0.0,0.0,0.0,0.0,0.0,0.0,0.0,0.0
430,2026-05-14 23:08:28,2026-5-14_stair2_left.csv,stair2,0.0,0.0,116.0,0.0,0.0,0.0,0.0,0.0,0.0,0.0,0.0,0.0,0.0,0.0,0.0,0.0,0.0,0.0
431,2026-05-14 23:08:28,2026-5-14_stair2_left.csv,stair2,0.0,0.0,161.0,0.0,0.0,0.0,0.0,0.0,23.0,0.0,0.0,0.0,0.0,0.0,0.0,0.0,0.0,0.0
432,2026-05-14 23:08:28,2026-5-14_stair2_left.csv,stair2,0.0,0.0,350.0,0.0,0.0,0.0,0.0,0.0,242.0,0.0,0.0,0.0,0.0,0.0,0.0,0.0,0.0,0.0
433,2026-05-14 23:08:28,2026-5-14_stair2_left.csv,stair2,0.0,0.0,350.0,0.0,0.0,0.0,0.0,0.0,242.0,0.0,0.0,0.0,0.0,0.0,0.0,0.0,0.0,0.0
434,2026-05-14 23:08:28,2026-5-14_stair2_left.csv,stair2,0.0,0.0,473.0,0.0,0.0,0.0,0.0,0.0,760.0,0.0,0.0,0.0,0.0,0.0,0.0,0.0,0.0,0.0
435,2026-05-14 23:08:28,2026-5-14_stair2_left.csv,stair2,0.0,0.0,4055.0,1749.0,0.0,0.0,0.0,0.0,4974.0,2975.0,0.0,0.0,0.0,0.0,1022.0,82.0,0.0,0.0
436,2026-05-14 23:08:28,2026-5-14_stair2_left.csv,stair2,0.0,0.0,4055.0,1749.0,0.0,0.0,0.0,0.0,4974.0,2975.0,0.0,0.0,0.0,0.0,1022.0,82.0,0.0,0.0
437,2026-05-14 23:08:29,2026-5-14_stair2_left.csv,stair2,0.0,0.0,5329.0,2646.0,0.0,0.0,0.0,0.0,5773.0,3968.0,0.0,0.0,0.0,0.0,1667.0,1002.0,0.0,0.0
438,2026-05-14 23:08:29,2026-5-14_stair2_left.csv,stair2,0.0,0.0,5329.0,2646.0,0.0,0.0,0.0,0.0,5773.0,3968.0,0.0,0.0,0.0,0.0,1667.0,1002.0,0.0,0.0
439,2026-05-14 23:08:29,2026-5-14_stair2_left.csv,stair2,0.0,0.0,5423.0,2691.0,0.0,0.0,0.0,0.0,5816.0,4014.0,0.0,0.0,0.0,0.0,1685.0,1096.0,0.0,0.0
440,2026-05-14 23:08:29,2026-5-14_stair2_left.csv,stair2,0.0,0.0,5423.0,2691.0,0.0,0.0,0.0,0.0,5816.0,4014.0,0.0,0.0,0.0,0.0,1685.0,1096.0,0.0,0.0
441,2026-05-14 23:08:29,2026-5-14_stair2_left.csv,stair2,0.0,0.0,5040.0,2521.0,0.0,0.0,0.0,0.0,5041.0,3385.0,0.0,0.0,163.0,0.0,1583.0,1512.0,732.0,0.0
442,2026-05-14 23:08:29,2026-5-14_stair2_left.csv,stair2,1741.0,0.0,2328.0,0.0,0.0,0.0,2305.0,0.0,2247.0,0.0,0.0,125.0,3004.0,0.0,598.0,1580.0,1674.0,0.0
443,2026-05-14 23:08:29,2026-5-14_stair2_left.csv,stair2,1741.0,0.0,2328.0,0.0,0.0,0.0,2305.0,0.0,2247.0,0.0,0.0,125.0,3004.0,0.0,598.0,1580.0,1674.0,0.0
444,2026-05-14 23:08:29,2026-5-14_stair2_left.csv,stair2,1741.0,0.0,2328.0,0.0,0.0,0.0,2305.0,0.0,2247.0,0.0,0.0,125.0,3004.0,0.0,598.0,1580.0,1674.0,0.0
445,2026-05-14 23:08:29,2026-5-14_stair2_left.csv,stair2,3172.0,0.0,1766.0,0.0,0.0,0.0,2973.0,0.0,1644.0,0.0,0.0,0.0,3052.0,0.0,0.0,514.0,559.0,0.0
446,2026-05-14 23:08:29,2026-5-14_stair2_left.csv,stair2,3172.0,0.0,1766.0,0.0,0.0,0.0,2973.0,0.0,1644.0,0.0,0.0,0.0,3052.0,0.0,0.0,514.0,559.0,0.0
447,2026-05-14 23:08:29,2026-5-14_stair2_left.csv,stair2,4023.0,706.0,1140.0,0.0,0.0,0.0,2417.0,0.0,791.0,0.0,0.0,0.0,1325.0,0.0,0.0,0.0,0.0,0.0
448,2026-05-14 23:08:29,2026-5-14_stair2_left.csv,stair2,4023.0,706.0,1140.0,0.0,0.0,0.0,2417.0,0.0,791.0,0.0,0.0,0.0,1325.0,0.0,0.0,0.0,0.0,0.0
449,2026-05-14 23:08:29,2026-5-14_stair2_left.csv,stair2,4570.0,1123.0,894.0,0.0,0.0,0.0,2496.0,0.0,580.0,0.0,0.0,0.0,1030.0,0.0,0.0,0.0,0.0,0.0
450,2026-05-14 23:08:29,2026-5-14_stair2_left.csv,stair2,4570.0,1123.0,894.0,0.0,0.0,0.0,2496.0,0.0,580.0,0.0,0.0,0.0,1030.0,0.0,0.0,0.0,0.0,0.0
451,2026-05-14 23:08:29,2026-5-14_stair2_left.csv,stair2,4570.0,1123.0,894.0,0.0,0.0,0.0,2496.0,0.0,580.0,0.0,0.0,0.0,1030.0,0.0,0.0,0.0,0.0,0.0
452,2026-05-14 23:08:29,2026-5-14_stair2_left.csv,stair2,6062.0,1853.0,709.0,0.0,0.0,0.0,3132.0,0.0,0.0,0.0,0.0,0.0,1233.0,647.0,0.0,0.0,0.0,0.0
453,2026-05-14 23:08:29,2026-5-14_stair2_left.csv,stair2,6062.0,1853.0,709.0,0.0,0.0,0.0,3132.0,0.0,0.0,0.0,0.0,0.0,1233.0,647.0,0.0,0.0,0.0,0.0
454,2026-05-14 23:08:29,2026-5-14_stair2_left.csv,stair2,6642.0,1993.0,574.0,0.0,0.0,0.0,3667.0,347.0,0.0,0.0,0.0,0.0,1595.0,1049.0,0.0,0.0,0.0,0.0
455,2026-05-14 23:08:29,2026-5-14_stair2_left.csv,stair2,6642.0,1993.0,574.0,0.0,0.0,0.0,3667.0,347.0,0.0,0.0,0.0,0.0,1595.0,1049.0,0.0,0.0,0.0,0.0
456,2026-05-14 23:08:29,2026-5-14_stair2_left.csv,stair2,6695.0,2106.0,481.0,0.0,0.0,0.0,3682.0,291.0,0.0,0.0,0.0,0.0,1558.0,1059.0,0.0,0.0,0.0,0.0
457,2026-05-14 23:08:30,2026-5-14_stair2_left.csv,stair2,6426.0,2084.0,313.0,0.0,0.0,0.0,3534.0,372.0,0.0,0.0,0.0,0.0,1525.0,1005.0,0.0,0.0,0.0,0.0
458,2026-05-14 23:08:30,2026-5-14_stair2_left.csv,stair2,6426.0,2084.0,313.0,0.0,0.0,0.0,3534.0,372.0,0.0,0.0,0.0,0.0,1525.0,1005.0,0.0,0.0,0.0,0.0
459,2026-05-14 23:08:30,2026-5-14_stair2_left.csv,stair2,6754.0,2379.0,135.0,0.0,0.0,0.0,3607.0,528.0,0.0,0.0,0.0,0.0,1551.0,1109.0,0.0,0.0,0.0,0.0
460,2026-05-14 23:08:30,2026-5-14_stair2_left.csv,stair2,6754.0,2379.0,135.0,0.0,0.0,0.0,3607.0,528.0,0.0,0.0,0.0,0.0,1551.0,1109.0,0.0,0.0,0.0,0.0
461,2026-05-14 23:08:30,2026-5-14_stair2_left.csv,stair2,6558.0,2337.0,13.0,0.0,0.0,0.0,3403.0,485.0,0.0,0.0,0.0,0.0,1399.0,1038.0,0.0,0.0,0.0,0.0
462,2026-05-14 23:08:30,2026-5-14_stair2_left.csv,stair2,6558.0,2337.0,13.0,0.0,0.0,0.0,3403.0,485.0,0.0,0.0,0.0,0.0,1399.0,1038.0,0.0,0.0,0.0,0.0
463,2026-05-14 23:08:30,2026-5-14_stair2_left.csv,stair2,5602.0,1965.0,0.0,0.0,0.0,0.0,2737.0,0.0,0.0,0.0,0.0,0.0,942.0,403.0,0.0,0.0,0.0,0.0
464,2026-05-14 23:08:30,2026-5-14_stair2_left.csv,stair2,5602.0,1965.0,0.0,0.0,0.0,0.0,2737.0,0.0,0.0,0.0,0.0,0.0,942.0,403.0,0.0,0.0,0.0,0.0
465,2026-05-14 23:08:30,2026-5-14_stair2_left.csv,stair2,5520.0,1892.0,0.0,0.0,0.0,0.0,2866.0,0.0,0.0,0.0,0.0,0.0,992.0,0.0,0.0,0.0,0.0,0.0
466,2026-05-14 23:08:30,2026-5-14_stair2_left.csv,stair2,5520.0,1892.0,0.0,0.0,0.0,0.0,2866.0,0.0,0.0,0.0,0.0,0.0,992.0,0.0,0.0,0.0,0.0,0.0
467,2026-05-14 23:08:30,2026-5-14_stair2_left.csv,stair2,5693.0,1730.0,181.0,0.0,0.0,0.0,2866.0,0.0,0.0,0.0,0.0,0.0,1277.0,0.0,0.0,0.0,0.0,0.0
468,2026-05-14 23:08:30,2026-5-14_stair2_left.csv,stair2,2876.0,273.0,2219.0,0.0,0.0,0.0,1635.0,0.0,0.0,0.0,0.0,0.0,1197.0,0.0,0.0,0.0,131.0,0.0
469,2026-05-14 23:08:30,2026-5-14_stair2_left.csv,stair2,2876.0,273.0,2219.0,0.0,0.0,0.0,1635.0,0.0,0.0,0.0,0.0,0.0,1197.0,0.0,0.0,0.0,131.0,0.0
470,2026-05-14 23:08:30,2026-5-14_stair2_left.csv,stair2,786.0,0.0,2251.0,0.0,0.0,0.0,290.0,0.0,381.0,0.0,0.0,0.0,337.0,0.0,0.0,0.0,67.0,0.0
471,2026-05-14 23:08:30,2026-5-14_stair2_left.csv,stair2,786.0,0.0,2251.0,0.0,0.0,0.0,290.0,0.0,381.0,0.0,0.0,0.0,337.0,0.0,0.0,0.0,67.0,0.0
472,2026-05-14 23:08:30,2026-5-14_stair2_left.csv,stair2,0.0,0.0,2171.0,1291.0,0.0,0.0,0.0,0.0,2387.0,1428.0,0.0,0.0,0.0,0.0,289.0,421.0,0.0,0.0
473,2026-05-14 23:08:30,2026-5-14_stair2_left.csv,stair2,0.0,0.0,2171.0,1291.0,0.0,0.0,0.0,0.0,2387.0,1428.0,0.0,0.0,0.0,0.0,289.0,421.0,0.0,0.0
474,2026-05-14 23:08:30,2026-5-14_stair2_left.csv,stair2,0.0,0.0,2006.0,892.0,0.0,0.0,0.0,0.0,3756.0,3060.0,0.0,0.0,0.0,0.0,2246.0,992.0,0.0,0.0
475,2026-05-14 23:08:30,2026-5-14_stair2_left.csv,stair2,0.0,0.0,2006.0,892.0,0.0,0.0,0.0,0.0,3756.0,3060.0,0.0,0.0,0.0,0.0,2246.0,992.0,0.0,0.0
476,2026-05-14 23:08:30,2026-5-14_stair2_left.csv,stair2,0.0,0.0,1840.0,495.0,0.0,0.0,0.0,0.0,4944.0,3402.0,0.0,0.0,0.0,0.0,2346.0,623.0,0.0,0.0
477,2026-05-14 23:08:31,2026-5-14_stair2_left.csv,stair2,0.0,0.0,1840.0,495.0,0.0,0.0,0.0,0.0,4944.0,3402.0,0.0,0.0,0.0,0.0,2346.0,623.0,0.0,0.0
478,2026-05-14 23:08:31,2026-5-14_stair2_left.csv,stair2,0.0,0.0,2001.0,378.0,0.0,0.0,0.0,0.0,5663.0,3328.0,0.0,0.0,0.0,0.0,2126.0,463.0,0.0,0.0
479,2026-05-14 23:08:31,2026-5-14_stair2_left.csv,stair2,0.0,0.0,3259.0,583.0,0.0,0.0,0.0,0.0,7249.0,3440.0,0.0,0.0,0.0,0.0,1723.0,306.0,0.0,0.0
480,2026-05-14 23:08:31,2026-5-14_stair2_left.csv,stair2,0.0,0.0,3259.0,583.0,0.0,0.0,0.0,0.0,7249.0,3440.0,0.0,0.0,0.0,0.0,1723.0,306.0,0.0,0.0
481,2026-05-14 23:08:31,2026-5-14_stair2_left.csv,stair2,0.0,0.0,4794.0,809.0,0.0,0.0,0.0,0.0,8767.0,4190.0,0.0,0.0,0.0,0.0,2111.0,375.0,0.0,0.0
482,2026-05-14 23:08:31,2026-5-14_stair2_left.csv,stair2,0.0,0.0,4794.0,809.0,0.0,0.0,0.0,0.0,8767.0,4190.0,0.0,0.0,0.0,0.0,2111.0,375.0,0.0,0.0
483,2026-05-14 23:08:31,2026-5-14_stair2_left.csv,stair2,0.0,0.0,5348.0,926.0,0.0,0.0,0.0,0.0,9285.0,4816.0,0.0,0.0,0.0,0.0,2530.0,435.0,0.0,0.0
484,2026-05-14 23:08:31,2026-5-14_stair2_left.csv,stair2,0.0,0.0,5348.0,926.0,0.0,0.0,0.0,0.0,9285.0,4816.0,0.0,0.0,0.0,0.0,2530.0,435.0,0.0,0.0
485,2026-05-14 23:08:31,2026-5-14_stair2_left.csv,stair2,0.0,0.0,5276.0,956.0,0.0,0.0,0.0,0.0,9417.0,5652.0,0.0,0.0,0.0,0.0,3222.0,817.0,0.0,0.0
486,2026-05-14 23:08:31,2026-5-14_stair2_left.csv,stair2,0.0,0.0,5276.0,956.0,0.0,0.0,0.0,0.0,9417.0,5652.0,0.0,0.0,0.0,0.0,3222.0,817.0,0.0,0.0
487,2026-05-14 23:08:31,2026-5-14_stair2_left.csv,stair2,0.0,0.0,4209.0,828.0,0.0,0.0,0.0,0.0,8394.0,5869.0,0.0,0.0,0.0,0.0,4440.0,2191.0,0.0,0.0
488,2026-05-14 23:08:31,2026-5-14_stair2_left.csv,stair2,0.0,0.0,4209.0,828.0,0.0,0.0,0.0,0.0,8394.0,5869.0,0.0,0.0,0.0,0.0,4440.0,2191.0,0.0,0.0
489,2026-05-14 23:08:31,2026-5-14_stair2_left.csv,stair2,0.0,0.0,3628.0,768.0,0.0,0.0,0.0,0.0,7496.0,5690.0,0.0,0.0,0.0,0.0,4999.0,3277.0,0.0,0.0
490,2026-05-14 23:08:31,2026-5-14_stair2_left.csv,stair2,0.0,0.0,3406.0,718.0,0.0,0.0,0.0,0.0,7151.0,5557.0,0.0,0.0,0.0,0.0,5085.0,3557.0,0.0,0.0
491,2026-05-14 23:08:31,2026-5-14_stair2_left.csv,stair2,0.0,0.0,3406.0,718.0,0.0,0.0,0.0,0.0,7151.0,5557.0,0.0,0.0,0.0,0.0,5085.0,3557.0,0.0,0.0
492,2026-05-14 23:08:31,2026-5-14_stair2_left.csv,stair2,0.0,0.0,2779.0,717.0,0.0,0.0,0.0,0.0,5850.0,4526.0,0.0,0.0,0.0,0.0,5091.0,4278.0,582.0,0.0
493,2026-05-14 23:08:31,2026-5-14_stair2_left.csv,stair2,0.0,0.0,2779.0,717.0,0.0,0.0,0.0,0.0,5850.0,4526.0,0.0,0.0,0.0,0.0,5091.0,4278.0,582.0,0.0
494,2026-05-14 23:08:31,2026-5-14_stair2_left.csv,stair2,0.0,0.0,2466.0,642.0,0.0,0.0,0.0,0.0,5292.0,3779.0,0.0,0.0,0.0,0.0,4902.0,4861.0,1293.0,0.0
495,2026-05-14 23:08:31,2026-5-14_stair2_left.csv,stair2,0.0,0.0,2650.0,55.0,0.0,0.0,790.0,0.0,3484.0,587.0,0.0,131.0,2738.0,0.0,1341.0,2661.0,2785.0,0.0
496,2026-05-14 23:08:31,2026-5-14_stair2_left.csv,stair2,0.0,0.0,2650.0,55.0,0.0,0.0,790.0,0.0,3484.0,587.0,0.0,131.0,2738.0,0.0,1341.0,2661.0,2785.0,0.0
497,2026-05-14 23:08:32,2026-5-14_stair2_left.csv,stair2,0.0,0.0,2650.0,55.0,0.0,0.0,790.0,0.0,3484.0,587.0,0.0,131.0,2738.0,0.0,1341.0,2661.0,2785.0,0.0
498,2026-05-14 23:08:32,2026-5-14_stair2_left.csv,stair2,941.0,0.0,2007.0,0.0,0.0,0.0,2041.0,0.0,2393.0,0.0,0.0,111.0,2957.0,0.0,432.0,1830.0,2105.0,0.0
499,2026-05-14 23:08:32,2026-5-14_stair2_left.csv,stair2,941.0,0.0,2007.0,0.0,0.0,0.0,2041.0,0.0,2393.0,0.0,0.0,111.0,2957.0,0.0,432.0,1830.0,2105.0,0.0
500,2026-05-14 23:08:32,2026-5-14_stair2_left.csv,stair2,3162.0,0.0,1666.0,0.0,0.0,0.0,2748.0,0.0,1407.0,0.0,0.0,0.0,2538.0,0.0,0.0,287.0,430.0,0.0
501,2026-05-14 23:08:32,2026-5-14_stair2_left.csv,stair2,3162.0,0.0,1666.0,0.0,0.0,0.0,2748.0,0.0,1407.0,0.0,0.0,0.0,2538.0,0.0,0.0,287.0,430.0,0.0
502,2026-05-14 23:08:32,2026-5-14_stair2_left.csv,stair2,4470.0,1285.0,1831.0,0.0,0.0,0.0,3058.0,0.0,956.0,0.0,0.0,0.0,2121.0,0.0,0.0,0.0,0.0,0.0
503,2026-05-14 23:08:32,2026-5-14_stair2_left.csv,stair2,4470.0,1285.0,1831.0,0.0,0.0,0.0,3058.0,0.0,956.0,0.0,0.0,0.0,2121.0,0.0,0.0,0.0,0.0,0.0
504,2026-05-14 23:08:32,2026-5-14_stair2_left.csv,stair2,4284.0,1138.0,2514.0,0.0,0.0,0.0,2407.0,0.0,1041.0,0.0,0.0,0.0,1551.0,0.0,0.0,0.0,0.0,0.0
505,2026-05-14 23:08:32,2026-5-14_stair2_left.csv,stair2,4284.0,1138.0,2514.0,0.0,0.0,0.0,2407.0,0.0,1041.0,0.0,0.0,0.0,1551.0,0.0,0.0,0.0,0.0,0.0
506,2026-05-14 23:08:32,2026-5-14_stair2_left.csv,stair2,2663.0,279.0,3646.0,390.0,0.0,0.0,1073.0,0.0,1726.0,0.0,0.0,0.0,464.0,0.0,0.0,0.0,0.0,0.0
507,2026-05-14 23:08:32,2026-5-14_stair2_left.csv,stair2,2663.0,279.0,3646.0,390.0,0.0,0.0,1073.0,0.0,1726.0,0.0,0.0,0.0,464.0,0.0,0.0,0.0,0.0,0.0
508,2026-05-14 23:08:32,2026-5-14_stair2_left.csv,stair2,961.0,0.0,4447.0,1252.0,0.0,0.0,0.0,0.0,2905.0,470.0,0.0,0.0,0.0,0.0,0.0,0.0,0.0,0.0
509,2026-05-14 23:08:32,2026-5-14_stair2_left.csv,stair2,961.0,0.0,4447.0,1252.0,0.0,0.0,0.0,0.0,2905.0,470.0,0.0,0.0,0.0,0.0,0.0,0.0,0.0,0.0
510,2026-05-14 23:08:32,2026-5-14_stair2_left.csv,stair2,0.0,0.0,4112.0,1417.0,0.0,0.0,0.0,0.0,3559.0,1343.0,0.0,0.0,0.0,0.0,0.0,4.0,0.0,0.0
511,2026-05-14 23:08:32,2026-5-14_stair2_left.csv,stair2,0.0,0.0,4112.0,1417.0,0.0,0.0,0.0,0.0,3559.0,1343.0,0.0,0.0,0.0,0.0,0.0,4.0,0.0,0.0
512,2026-05-14 23:08:32,2026-5-14_stair2_left.csv,stair2,0.0,0.0,1030.0,0.0,0.0,0.0,0.0,0.0,549.0,0.0,0.0,0.0,0.0,0.0,0.0,0.0,0.0,0.0
513,2026-05-14 23:08:32,2026-5-14_stair2_left.csv,stair2,0.0,0.0,1030.0,0.0,0.0,0.0,0.0,0.0,549.0,0.0,0.0,0.0,0.0,0.0,0.0,0.0,0.0,0.0
514,2026-05-14 23:08:32,2026-5-14_stair2_left.csv,stair2,0.0,0.0,0.0,0.0,0.0,0.0,0.0,0.0,0.0,0.0,0.0,0.0,0.0,0.0,0.0,0.0,0.0,0.0
515,2026-05-14 23:08:32,2026-5-14_stair2_left.csv,stair2,0.0,0.0,0.0,0.0,0.0,0.0,0.0,0.0,0.0,0.0,0.0,0.0,0.0,0.0,0.0,0.0,0.0,0.0
516,2026-05-14 23:08:32,2026-5-14_stair2_left.csv,stair2,0.0,0.0,0.0,0.0,0.0,0.0,0.0,0.0,0.0,0.0,0.0,0.0,0.0,0.0,0.0,0.0,0.0,0.0
517,2026-05-14 23:08:33,2026-5-14_stair2_left.csv,stair2,0.0,0.0,0.0,0.0,0.0,0.0,0.0,0.0,0.0,0.0,0.0,0.0,0.0,0.0,0.0,0.0,0.0,0.0
518,2026-05-14 23:08:33,2026-5-14_stair2_left.csv,stair2,0.0,0.0,0.0,0.0,0.0,0.0,0.0,0.0,0.0,0.0,0.0,0.0,0.0,0.0,0.0,0.0,0.0,0.0
519,2026-05-14 23:08:33,2026-5-14_stair2_left.csv,stair2,0.0,0.0,0.0,0.0,0.0,0.0,0.0,0.0,0.0,0.0,0.0,0.0,0.0,0.0,0.0,0.0,0.0,0.0
520,2026-05-14 23:08:33,2026-5-14_stair2_left.csv,stair2,0.0,0.0,0.0,0.0,0.0,0.0,0.0,0.0,0.0,0.0,0.0,0.0,0.0,0.0,0.0,0.0,0.0,0.0
521,2026-05-14 23:08:33,2026-5-14_stair2_left.csv,stair2,0.0,0.0,0.0,0.0,0.0,0.0,0.0,0.0,0.0,0.0,0.0,0.0,0.0,0.0,0.0,0.0,0.0,0.0
522,2026-05-14 23:08:33,2026-5-14_stair2_left.csv,stair2,0.0,0.0,0.0,0.0,0.0,0.0,0.0,0.0,0.0,0.0,0.0,0.0,0.0,0.0,0.0,0.0,0.0,0.0
523,2026-05-14 23:08:33,2026-5-14_stair2_left.csv,stair2,0.0,0.0,0.0,0.0,0.0,0.0,0.0,0.0,0.0,0.0,0.0,0.0,0.0,0.0,0.0,0.0,0.0,0.0
524,2026-05-14 23:08:33,2026-5-14_stair2_left.csv,stair2,0.0,0.0,0.0,0.0,0.0,0.0,0.0,0.0,0.0,0.0,0.0,0.0,0.0,0.0,0.0,0.0,0.0,0.0
525,2026-05-14 23:08:33,2026-5-14_stair2_left.csv,stair2,0.0,0.0,0.0,0.0,0.0,0.0,0.0,0.0,0.0,0.0,0.0,0.0,0.0,0.0,0.0,0.0,0.0,0.0
526,2026-05-14 23:08:33,2026-5-14_stair2_left.csv,stair2,0.0,0.0,0.0,0.0,0.0,0.0,0.0,0.0,0.0,0.0,0.0,0.0,0.0,0.0,0.0,0.0,0.0,0.0
527,2026-05-14 23:08:33,2026-5-14_stair2_left.csv,stair2,0.0,0.0,0.0,0.0,0.0,0.0,0.0,0.0,0.0,0.0,0.0,0.0,0.0,0.0,0.0,0.0,0.0,0.0
528,2026-05-14 23:08:33,2026-5-14_stair2_left.csv,stair2,0.0,0.0,0.0,0.0,0.0,0.0,0.0,0.0,0.0,0.0,0.0,0.0,0.0,0.0,0.0,0.0,0.0,0.0
529,2026-05-14 23:08:33,2026-5-14_stair2_left.csv,stair2,0.0,0.0,0.0,0.0,0.0,0.0,0.0,0.0,0.0,0.0,0.0,0.0,0.0,0.0,0.0,0.0,0.0,0.0
530,2026-05-14 23:08:33,2026-5-14_stair2_left.csv,stair2,0.0,0.0,0.0,0.0,0.0,0.0,0.0,0.0,0.0,0.0,0.0,0.0,0.0,0.0,0.0,0.0,0.0,0.0
531,2026-05-14 23:08:33,2026-5-14_stair2_left.csv,stair2,0.0,0.0,0.0,0.0,0.0,0.0,0.0,0.0,0.0,0.0,0.0,0.0,0.0,0.0,0.0,0.0,0.0,0.0
532,2026-05-14 23:08:33,2026-5-14_stair2_left.csv,stair2,0.0,0.0,0.0,0.0,0.0,0.0,0.0,0.0,0.0,0.0,0.0,0.0,0.0,0.0,0.0,0.0,0.0,0.0
533,2026-05-14 23:08:33,2026-5-14_stair2_left.csv,stair2,0.0,0.0,0.0,0.0,0.0,0.0,0.0,0.0,0.0,0.0,0.0,0.0,0.0,0.0,0.0,0.0,0.0,0.0
534,2026-05-14 23:08:33,2026-5-14_stair2_left.csv,stair2,0.0,0.0,2113.0,278.0,0.0,0.0,0.0,0.0,2637.0,754.0,0.0,0.0,0.0,0.0,0.0,0.0,0.0,0.0
535,2026-05-14 23:08:33,2026-5-14_stair2_left.csv,stair2,0.0,0.0,3691.0,1806.0,0.0,0.0,0.0,0.0,4615.0,2430.0,0.0,0.0,0.0,0.0,1276.0,959.0,0.0,0.0
536,2026-05-14 23:08:33,2026-5-14_stair2_left.csv,stair2,0.0,0.0,3691.0,1806.0,0.0,0.0,0.0,0.0,4615.0,2430.0,0.0,0.0,0.0,0.0,1276.0,959.0,0.0,0.0
537,2026-05-14 23:08:34,2026-5-14_stair2_left.csv,stair2,0.0,0.0,4080.0,2131.0,0.0,0.0,0.0,0.0,5253.0,2954.0,0.0,0.0,0.0,0.0,1902.0,1842.0,659.0,0.0
538,2026-05-14 23:08:34,2026-5-14_stair2_left.csv,stair2,0.0,0.0,4080.0,2131.0,0.0,0.0,0.0,0.0,5253.0,2954.0,0.0,0.0,0.0,0.0,1902.0,1842.0,659.0,0.0
539,2026-05-14 23:08:34,2026-5-14_stair2_left.csv,stair2,0.0,0.0,3954.0,1869.0,0.0,0.0,0.0,0.0,5099.0,2840.0,0.0,0.0,347.0,0.0,1793.0,1961.0,1118.0,0.0
540,2026-05-14 23:08:34,2026-5-14_stair2_left.csv,stair2,0.0,0.0,3954.0,1869.0,0.0,0.0,0.0,0.0,5099.0,2840.0,0.0,0.0,347.0,0.0,1793.0,1961.0,1118.0,0.0
541,2026-05-14 23:08:34,2026-5-14_stair2_left.csv,stair2,0.0,0.0,3681.0,1213.0,0.0,0.0,0.0,0.0,4330.0,1800.0,0.0,0.0,672.0,0.0,978.0,1377.0,1002.0,0.0
542,2026-05-14 23:08:34,2026-5-14_stair2_left.csv,stair2,0.0,0.0,3681.0,1213.0,0.0,0.0,0.0,0.0,4330.0,1800.0,0.0,0.0,672.0,0.0,978.0,1377.0,1002.0,0.0
543,2026-05-14 23:08:34,2026-5-14_stair2_left.csv,stair2,0.0,0.0,3967.0,1095.0,0.0,0.0,508.0,0.0,3944.0,1475.0,0.0,0.0,1274.0,0.0,741.0,1303.0,1315.0,0.0
544,2026-05-14 23:08:34,2026-5-14_stair2_left.csv,stair2,0.0,0.0,3967.0,1095.0,0.0,0.0,508.0,0.0,3944.0,1475.0,0.0,0.0,1274.0,0.0,741.0,1303.0,1315.0,0.0
545,2026-05-14 23:08:34,2026-5-14_stair2_left.csv,stair2,574.0,0.0,3363.0,625.0,0.0,0.0,1040.0,0.0,3232.0,900.0,0.0,0.0,1653.0,0.0,502.0,1355.0,1367.0,0.0
546,2026-05-14 23:08:34,2026-5-14_stair2_left.csv,stair2,574.0,0.0,3363.0,625.0,0.0,0.0,1040.0,0.0,3232.0,900.0,0.0,0.0,1653.0,0.0,502.0,1355.0,1367.0,0.0
547,2026-05-14 23:08:34,2026-5-14_stair2_left.csv,stair2,1607.0,0.0,2159.0,0.0,0.0,0.0,1811.0,0.0,1966.0,0.0,0.0,0.0,2159.0,0.0,170.0,1330.0,1353.0,0.0
548,2026-05-14 23:08:34,2026-5-14_stair2_left.csv,stair2,1607.0,0.0,2159.0,0.0,0.0,0.0,1811.0,0.0,1966.0,0.0,0.0,0.0,2159.0,0.0,170.0,1330.0,1353.0,0.0
549,2026-05-14 23:08:34,2026-5-14_stair2_left.csv,stair2,2014.0,0.0,1974.0,0.0,0.0,0.0,2056.0,0.0,1697.0,0.0,0.0,0.0,2331.0,0.0,0.0,1157.0,1342.0,0.0
550,2026-05-14 23:08:34,2026-5-14_stair2_left.csv,stair2,2014.0,0.0,1974.0,0.0,0.0,0.0,2056.0,0.0,1697.0,0.0,0.0,0.0,2331.0,0.0,0.0,1157.0,1342.0,0.0
551,2026-05-14 23:08:34,2026-5-14_stair2_left.csv,stair2,2183.0,0.0,1856.0,0.0,0.0,0.0,2077.0,0.0,1487.0,0.0,0.0,0.0,2319.0,0.0,0.0,1048.0,1300.0,0.0
552,2026-05-14 23:08:34,2026-5-14_stair2_left.csv,stair2,2183.0,0.0,1856.0,0.0,0.0,0.0,2077.0,0.0,1487.0,0.0,0.0,0.0,2319.0,0.0,0.0,1048.0,1300.0,0.0
553,2026-05-14 23:08:34,2026-5-14_stair2_left.csv,stair2,2125.0,0.0,1578.0,0.0,0.0,0.0,1992.0,0.0,1252.0,0.0,0.0,0.0,2264.0,0.0,0.0,1052.0,1155.0,0.0
554,2026-05-14 23:08:34,2026-5-14_stair2_left.csv,stair2,1809.0,0.0,1577.0,0.0,0.0,0.0,1818.0,0.0,1370.0,0.0,0.0,0.0,2246.0,0.0,115.0,1224.0,1329.0,0.0
555,2026-05-14 23:08:34,2026-5-14_stair2_left.csv,stair2,1809.0,0.0,1577.0,0.0,0.0,0.0,1818.0,0.0,1370.0,0.0,0.0,0.0,2246.0,0.0,115.0,1224.0,1329.0,0.0
556,2026-05-14 23:08:34,2026-5-14_stair2_left.csv,stair2,1482.0,0.0,2000.0,0.0,0.0,0.0,1470.0,0.0,1760.0,0.0,0.0,0.0,1950.0,0.0,237.0,1281.0,1304.0,0.0
557,2026-05-14 23:08:35,2026-5-14_stair2_left.csv,stair2,1482.0,0.0,2000.0,0.0,0.0,0.0,1470.0,0.0,1760.0,0.0,0.0,0.0,1950.0,0.0,237.0,1281.0,1304.0,0.0
558,2026-05-14 23:08:35,2026-5-14_stair2_left.csv,stair2,822.0,0.0,2402.0,63.0,0.0,0.0,1093.0,0.0,2360.0,359.0,0.0,0.0,1589.0,0.0,455.0,1281.0,1222.0,0.0
559,2026-05-14 23:08:35,2026-5-14_stair2_left.csv,stair2,822.0,0.0,2402.0,63.0,0.0,0.0,1093.0,0.0,2360.0,359.0,0.0,0.0,1589.0,0.0,455.0,1281.0,1222.0,0.0
560,2026-05-14 23:08:35,2026-5-14_stair2_left.csv,stair2,494.0,0.0,2526.0,200.0,0.0,0.0,848.0,0.0,2527.0,474.0,0.0,0.0,1488.0,0.0,545.0,1338.0,1256.0,0.0
561,2026-05-14 23:08:35,2026-5-14_stair2_left.csv,stair2,494.0,0.0,2526.0,200.0,0.0,0.0,848.0,0.0,2527.0,474.0,0.0,0.0,1488.0,0.0,545.0,1338.0,1256.0,0.0
562,2026-05-14 23:08:35,2026-5-14_stair2_left.csv,stair2,161.0,0.0,2939.0,740.0,0.0,0.0,530.0,0.0,3070.0,980.0,0.0,0.0,1201.0,0.0,615.0,1276.0,963.0,0.0
563,2026-05-14 23:08:35,2026-5-14_stair2_left.csv,stair2,161.0,0.0,2939.0,740.0,0.0,0.0,530.0,0.0,3070.0,980.0,0.0,0.0,1201.0,0.0,615.0,1276.0,963.0,0.0
564,2026-05-14 23:08:35,2026-5-14_stair2_left.csv,stair2,0.0,0.0,3381.0,1075.0,0.0,0.0,110.0,0.0,3565.0,1452.0,0.0,0.0,678.0,0.0,602.0,1040.0,682.0,0.0
565,2026-05-14 23:08:35,2026-5-14_stair2_left.csv,stair2,0.0,0.0,3381.0,1075.0,0.0,0.0,110.0,0.0,3565.0,1452.0,0.0,0.0,678.0,0.0,602.0,1040.0,682.0,0.0
566,2026-05-14 23:08:35,2026-5-14_stair2_left.csv,stair2,0.0,0.0,3826.0,1531.0,0.0,0.0,0.0,0.0,4084.0,1810.0,0.0,0.0,202.0,0.0,684.0,890.0,387.0,0.0
567,2026-05-14 23:08:35,2026-5-14_stair2_left.csv,stair2,0.0,0.0,3826.0,1531.0,0.0,0.0,0.0,0.0,4084.0,1810.0,0.0,0.0,202.0,0.0,684.0,890.0,387.0,0.0
568,2026-05-14 23:08:35,2026-5-14_stair2_left.csv,stair2,0.0,0.0,3968.0,1581.0,0.0,0.0,0.0,0.0,4322.0,1925.0,0.0,0.0,0.0,0.0,766.0,654.0,0.0,0.0
569,2026-05-14 23:08:35,2026-5-14_stair2_left.csv,stair2,0.0,0.0,3968.0,1581.0,0.0,0.0,0.0,0.0,4322.0,1925.0,0.0,0.0,0.0,0.0,766.0,654.0,0.0,0.0
570,2026-05-14 23:08:35,2026-5-14_stair2_left.csv,stair2,0.0,0.0,935.0,0.0,0.0,0.0,0.0,0.0,973.0,0.0,0.0,0.0,0.0,0.0,0.0,0.0,0.0,0.0
571,2026-05-14 23:08:35,2026-5-14_stair2_left.csv,stair2,0.0,0.0,935.0,0.0,0.0,0.0,0.0,0.0,973.0,0.0,0.0,0.0,0.0,0.0,0.0,0.0,0.0,0.0
572,2026-05-14 23:08:35,2026-5-14_stair2_left.csv,stair2,0.0,0.0,0.0,0.0,0.0,0.0,0.0,0.0,0.0,0.0,0.0,0.0,0.0,0.0,0.0,0.0,0.0,0.0
573,2026-05-14 23:08:35,2026-5-14_stair2_left.csv,stair2,0.0,0.0,0.0,0.0,0.0,0.0,0.0,0.0,0.0,0.0,0.0,0.0,0.0,0.0,0.0,0.0,0.0,0.0
574,2026-05-14 23:08:35,2026-5-14_stair2_left.csv,stair2,0.0,0.0,0.0,0.0,0.0,0.0,0.0,0.0,0.0,0.0,0.0,0.0,0.0,0.0,0.0,0.0,0.0,0.0
575,2026-05-14 23:08:35,2026-5-14_stair2_left.csv,stair2,0.0,0.0,0.0,0.0,0.0,0.0,0.0,0.0,0.0,0.0,0.0,0.0,0.0,0.0,0.0,0.0,0.0,0.0
576,2026-05-14 23:08:35,2026-5-14_stair2_left.csv,stair2,0.0,0.0,0.0,0.0,0.0,0.0,0.0,0.0,0.0,0.0,0.0,0.0,0.0,0.0,0.0,0.0,0.0,0.0
577,2026-05-14 23:08:36,2026-5-14_stair2_left.csv,stair2,0.0,0.0,0.0,0.0,0.0,0.0,0.0,0.0,0.0,0.0,0.0,0.0,0.0,0.0,0.0,0.0,0.0,0.0
578,2026-05-14 23:08:36,2026-5-14_stair2_left.csv,stair2,0.0,0.0,0.0,0.0,0.0,0.0,0.0,0.0,0.0,0.0,0.0,0.0,0.0,0.0,0.0,0.0,0.0,0.0
579,2026-05-14 23:08:36,2026-5-14_stair2_left.csv,stair2,0.0,0.0,0.0,0.0,0.0,0.0,0.0,0.0,0.0,0.0,0.0,0.0,0.0,0.0,0.0,0.0,0.0,0.0
580,2026-05-14 23:08:36,2026-5-14_stair2_left.csv,stair2,0.0,0.0,0.0,0.0,0.0,0.0,0.0,0.0,0.0,0.0,0.0,0.0,0.0,0.0,0.0,0.0,0.0,0.0
581,2026-05-14 23:08:36,2026-5-14_stair2_left.csv,stair2,0.0,0.0,0.0,0.0,0.0,0.0,0.0,0.0,0.0,0.0,0.0,0.0,0.0,0.0,0.0,0.0,0.0,0.0
582,2026-05-14 23:08:36,2026-5-14_stair2_left.csv,stair2,0.0,0.0,0.0,0.0,0.0,0.0,0.0,0.0,0.0,0.0,0.0,0.0,0.0,0.0,0.0,0.0,0.0,0.0
583,2026-05-14 23:08:36,2026-5-14_stair2_left.csv,stair2,0.0,0.0,0.0,0.0,0.0,0.0,0.0,0.0,0.0,0.0,0.0,0.0,0.0,0.0,0.0,0.0,0.0,0.0
584,2026-05-14 23:08:36,2026-5-14_stair2_left.csv,stair2,0.0,0.0,0.0,0.0,0.0,0.0,0.0,0.0,0.0,0.0,0.0,0.0,0.0,0.0,0.0,0.0,0.0,0.0
585,2026-05-14 23:08:36,2026-5-14_stair2_left.csv,stair2,0.0,0.0,0.0,0.0,0.0,0.0,0.0,0.0,41.0,0.0,0.0,0.0,0.0,0.0,0.0,0.0,0.0,0.0
586,2026-05-14 23:08:36,2026-5-14_stair2_left.csv,stair2,0.0,0.0,160.0,0.0,0.0,0.0,0.0,0.0,386.0,0.0,0.0,0.0,0.0,0.0,0.0,0.0,0.0,0.0
587,2026-05-14 23:08:36,2026-5-14_stair2_left.csv,stair2,0.0,0.0,465.0,0.0,0.0,0.0,0.0,0.0,859.0,0.0,0.0,0.0,0.0,0.0,0.0,0.0,0.0,0.0
588,2026-05-14 23:08:36,2026-5-14_stair2_left.csv,stair2,0.0,0.0,465.0,0.0,0.0,0.0,0.0,0.0,859.0,0.0,0.0,0.0,0.0,0.0,0.0,0.0,0.0,0.0
589,2026-05-14 23:08:36,2026-5-14_stair2_left.csv,stair2,0.0,0.0,465.0,0.0,0.0,0.0,0.0,0.0,859.0,0.0,0.0,0.0,0.0,0.0,0.0,0.0,0.0,0.0
590,2026-05-14 23:08:36,2026-5-14_stair2_left.csv,stair2,0.0,0.0,2638.0,408.0,0.0,0.0,0.0,0.0,2984.0,608.0,0.0,0.0,0.0,0.0,642.0,1030.0,186.0,0.0
591,2026-05-14 23:08:36,2026-5-14_stair2_left.csv,stair2,0.0,0.0,2638.0,408.0,0.0,0.0,0.0,0.0,2984.0,608.0,0.0,0.0,0.0,0.0,642.0,1030.0,186.0,0.0
592,2026-05-14 23:08:36,2026-5-14_stair2_left.csv,stair2,0.0,0.0,2907.0,316.0,0.0,0.0,234.0,0.0,2864.0,358.0,0.0,0.0,489.0,0.0,363.0,1048.0,569.0,0.0
593,2026-05-14 23:08:36,2026-5-14_stair2_left.csv,stair2,1084.0,0.0,3564.0,458.0,0.0,0.0,851.0,0.0,2542.0,85.0,0.0,0.0,640.0,0.0,0.0,584.0,150.0,0.0
594,2026-05-14 23:08:36,2026-5-14_stair2_left.csv,stair2,1084.0,0.0,3564.0,458.0,0.0,0.0,851.0,0.0,2542.0,85.0,0.0,0.0,640.0,0.0,0.0,584.0,150.0,0.0
595,2026-05-14 23:08:36,2026-5-14_stair2_left.csv,stair2,1084.0,0.0,3564.0,458.0,0.0,0.0,851.0,0.0,2542.0,85.0,0.0,0.0,640.0,0.0,0.0,584.0,150.0,0.0
596,2026-05-14 23:08:36,2026-5-14_stair2_left.csv,stair2,1445.0,0.0,3621.0,484.0,0.0,0.0,928.0,0.0,2434.0,0.0,0.0,0.0,636.0,0.0,0.0,366.0,0.0,0.0
597,2026-05-14 23:08:37,2026-5-14_stair2_left.csv,stair2,1801.0,0.0,3475.0,334.0,0.0,0.0,1209.0,0.0,2294.0,0.0,0.0,0.0,919.0,0.0,0.0,324.0,126.0,0.0
598,2026-05-14 23:08:37,2026-5-14_stair2_left.csv,stair2,1801.0,0.0,3475.0,334.0,0.0,0.0,1209.0,0.0,2294.0,0.0,0.0,0.0,919.0,0.0,0.0,324.0,126.0,0.0
599,2026-05-14 23:08:37,2026-5-14_stair2_left.csv,stair2,2673.0,290.0,3345.0,49.0,0.0,0.0,1932.0,0.0,2235.0,0.0,0.0,0.0,1449.0,0.0,0.0,514.0,325.0,0.0
600,2026-05-14 23:08:37,2026-5-14_stair2_left.csv,stair2,2673.0,290.0,3345.0,49.0,0.0,0.0,1932.0,0.0,2235.0,0.0,0.0,0.0,1449.0,0.0,0.0,514.0,325.0,0.0
601,2026-05-14 23:08:37,2026-5-14_stair2_left.csv,stair2,2986.0,617.0,3132.0,0.0,0.0,0.0,2069.0,0.0,1940.0,0.0,0.0,0.0,1608.0,0.0,0.0,403.0,215.0,0.0
602,2026-05-14 23:08:37,2026-5-14_stair2_left.csv,stair2,2986.0,617.0,3132.0,0.0,0.0,0.0,2069.0,0.0,1940.0,0.0,0.0,0.0,1608.0,0.0,0.0,403.0,215.0,0.0
603,2026-05-14 23:08:37,2026-5-14_stair2_left.csv,stair2,2213.0,120.0,2335.0,0.0,0.0,0.0,1657.0,0.0,1422.0,0.0,0.0,0.0,1388.0,0.0,0.0,363.0,164.0,0.0
604,2026-05-14 23:08:37,2026-5-14_stair2_left.csv,stair2,2213.0,120.0,2335.0,0.0,0.0,0.0,1657.0,0.0,1422.0,0.0,0.0,0.0,1388.0,0.0,0.0,363.0,164.0,0.0
605,2026-05-14 23:08:37,2026-5-14_stair2_left.csv,stair2,0.0,0.0,3604.0,1051.0,0.0,0.0,0.0,0.0,3835.0,1319.0,0.0,0.0,18.0,0.0,272.0,630.0,137.0,0.0
606,2026-05-14 23:08:37,2026-5-14_stair2_left.csv,stair2,0.0,0.0,3604.0,1051.0,0.0,0.0,0.0,0.0,3835.0,1319.0,0.0,0.0,18.0,0.0,272.0,630.0,137.0,0.0
607,2026-05-14 23:08:37,2026-5-14_stair2_left.csv,stair2,0.0,0.0,4103.0,1562.0,0.0,0.0,0.0,0.0,4599.0,2064.0,0.0,0.0,0.0,0.0,593.0,820.0,196.0,0.0
608,2026-05-14 23:08:37,2026-5-14_stair2_left.csv,stair2,0.0,0.0,4103.0,1562.0,0.0,0.0,0.0,0.0,4599.0,2064.0,0.0,0.0,0.0,0.0,593.0,820.0,196.0,0.0
609,2026-05-14 23:08:37,2026-5-14_stair2_left.csv,stair2,0.0,0.0,4312.0,1776.0,0.0,0.0,0.0,0.0,4847.0,2390.0,0.0,0.0,0.0,0.0,808.0,831.0,114.0,0.0
610,2026-05-14 23:08:37,2026-5-14_stair2_left.csv,stair2,0.0,0.0,4312.0,1776.0,0.0,0.0,0.0,0.0,4847.0,2390.0,0.0,0.0,0.0,0.0,808.0,831.0,114.0,0.0
611,2026-05-14 23:08:37,2026-5-14_stair2_left.csv,stair2,0.0,0.0,4697.0,2049.0,0.0,0.0,0.0,0.0,5252.0,2571.0,0.0,0.0,0.0,0.0,839.0,828.0,66.0,0.0
612,2026-05-14 23:08:37,2026-5-14_stair2_left.csv,stair2,0.0,0.0,4697.0,2049.0,0.0,0.0,0.0,0.0,5252.0,2571.0,0.0,0.0,0.0,0.0,839.0,828.0,66.0,0.0
613,2026-05-14 23:08:37,2026-5-14_stair2_left.csv,stair2,0.0,0.0,4745.0,2068.0,0.0,0.0,0.0,0.0,5338.0,2644.0,0.0,0.0,0.0,0.0,894.0,882.0,73.0,0.0
614,2026-05-14 23:08:37,2026-5-14_stair2_left.csv,stair2,0.0,0.0,4824.0,2084.0,0.0,0.0,0.0,0.0,5504.0,2695.0,0.0,0.0,0.0,0.0,890.0,879.0,37.0,0.0
615,2026-05-14 23:08:37,2026-5-14_stair2_left.csv,stair2,0.0,0.0,4824.0,2084.0,0.0,0.0,0.0,0.0,5504.0,2695.0,0.0,0.0,0.0,0.0,890.0,879.0,37.0,0.0
616,2026-05-14 23:08:37,2026-5-14_stair2_left.csv,stair2,0.0,0.0,4918.0,2126.0,0.0,0.0,0.0,0.0,5579.0,2834.0,0.0,0.0,0.0,0.0,962.0,962.0,115.0,0.0
617,2026-05-14 23:08:38,2026-5-14_stair2_left.csv,stair2,0.0,0.0,4849.0,2005.0,0.0,0.0,0.0,0.0,5371.0,2679.0,0.0,0.0,0.0,0.0,897.0,942.0,64.0,0.0
618,2026-05-14 23:08:38,2026-5-14_stair2_left.csv,stair2,0.0,0.0,4849.0,2005.0,0.0,0.0,0.0,0.0,5371.0,2679.0,0.0,0.0,0.0,0.0,897.0,942.0,64.0,0.0
619,2026-05-14 23:08:38,2026-5-14_stair2_left.csv,stair2,0.0,0.0,4644.0,1862.0,0.0,0.0,0.0,0.0,5091.0,2343.0,0.0,0.0,0.0,0.0,802.0,824.0,0.0,0.0
620,2026-05-14 23:08:38,2026-5-14_stair2_left.csv,stair2,0.0,0.0,4644.0,1862.0,0.0,0.0,0.0,0.0,5091.0,2343.0,0.0,0.0,0.0,0.0,802.0,824.0,0.0,0.0
621,2026-05-14 23:08:38,2026-5-14_stair2_left.csv,stair2,0.0,0.0,3792.0,1103.0,0.0,0.0,0.0,0.0,4067.0,1421.0,0.0,0.0,0.0,0.0,413.0,548.0,0.0,0.0
622,2026-05-14 23:08:38,2026-5-14_stair2_left.csv,stair2,0.0,0.0,3724.0,875.0,0.0,0.0,0.0,0.0,3648.0,1091.0,0.0,0.0,0.0,0.0,196.0,472.0,0.0,0.0
623,2026-05-14 23:08:38,2026-5-14_stair2_left.csv,stair2,0.0,0.0,3724.0,875.0,0.0,0.0,0.0,0.0,3648.0,1091.0,0.0,0.0,0.0,0.0,196.0,472.0,0.0,0.0
624,2026-05-14 23:08:38,2026-5-14_stair2_left.csv,stair2,0.0,0.0,3651.0,839.0,0.0,0.0,0.0,0.0,3530.0,959.0,0.0,0.0,0.0,0.0,108.0,394.0,0.0,0.0
625,2026-05-14 23:08:38,2026-5-14_stair2_left.csv,stair2,0.0,0.0,3651.0,839.0,0.0,0.0,0.0,0.0,3530.0,959.0,0.0,0.0,0.0,0.0,108.0,394.0,0.0,0.0
626,2026-05-14 23:08:38,2026-5-14_stair2_left.csv,stair2,0.0,0.0,3317.0,584.0,0.0,0.0,0.0,0.0,3234.0,731.0,0.0,0.0,0.0,0.0,84.0,392.0,0.0,0.0
627,2026-05-14 23:08:38,2026-5-14_stair2_left.csv,stair2,0.0,0.0,3224.0,544.0,0.0,0.0,0.0,0.0,3130.0,690.0,0.0,0.0,0.0,0.0,66.0,462.0,0.0,0.0
628,2026-05-14 23:08:38,2026-5-14_stair2_left.csv,stair2,0.0,0.0,3224.0,544.0,0.0,0.0,0.0,0.0,3130.0,690.0,0.0,0.0,0.0,0.0,66.0,462.0,0.0,0.0
629,2026-05-14 23:08:38,2026-5-14_stair2_left.csv,stair2,0.0,0.0,3218.0,558.0,0.0,0.0,0.0,0.0,3107.0,643.0,0.0,0.0,0.0,0.0,18.0,446.0,0.0,0.0
630,2026-05-14 23:08:38,2026-5-14_stair2_left.csv,stair2,0.0,0.0,3180.0,486.0,0.0,0.0,0.0,0.0,2892.0,401.0,0.0,0.0,0.0,0.0,20.0,449.0,0.0,0.0
631,2026-05-14 23:08:38,2026-5-14_stair2_left.csv,stair2,0.0,0.0,3180.0,486.0,0.0,0.0,0.0,0.0,2892.0,401.0,0.0,0.0,0.0,0.0,20.0,449.0,0.0,0.0
632,2026-05-14 23:08:38,2026-5-14_stair2_left.csv,stair2,0.0,0.0,3129.0,392.0,0.0,0.0,0.0,0.0,2719.0,332.0,0.0,0.0,0.0,0.0,111.0,532.0,0.0,0.0
633,2026-05-14 23:08:38,2026-5-14_stair2_left.csv,stair2,0.0,0.0,2954.0,288.0,0.0,0.0,0.0,0.0,2538.0,283.0,0.0,0.0,0.0,0.0,166.0,566.0,0.0,0.0
634,2026-05-14 23:08:38,2026-5-14_stair2_left.csv,stair2,0.0,0.0,2954.0,288.0,0.0,0.0,0.0,0.0,2538.0,283.0,0.0,0.0,0.0,0.0,166.0,566.0,0.0,0.0
635,2026-05-14 23:08:38,2026-5-14_stair2_left.csv,stair2,0.0,0.0,2724.0,89.0,0.0,0.0,0.0,0.0,2368.0,189.0,0.0,0.0,0.0,0.0,78.0,385.0,0.0,0.0
636,2026-05-14 23:08:38,2026-5-14_stair2_left.csv,stair2,0.0,0.0,2086.0,0.0,0.0,0.0,0.0,0.0,1807.0,0.0,0.0,0.0,0.0,0.0,0.0,51.0,0.0,0.0
637,2026-05-14 23:08:39,2026-5-14_stair2_left.csv,stair2,0.0,0.0,2086.0,0.0,0.0,0.0,0.0,0.0,1807.0,0.0,0.0,0.0,0.0,0.0,0.0,51.0,0.0,0.0
638,2026-05-14 23:08:39,2026-5-14_stair2_left.csv,stair2,0.0,0.0,2086.0,0.0,0.0,0.0,0.0,0.0,1807.0,0.0,0.0,0.0,0.0,0.0,0.0,51.0,0.0,0.0
639,2026-05-14 23:08:39,2026-5-14_stair2_left.csv,stair2,0.0,0.0,1084.0,0.0,0.0,0.0,0.0,0.0,745.0,0.0,0.0,0.0,0.0,0.0,0.0,0.0,0.0,0.0
640,2026-05-14 23:08:39,2026-5-14_stair2_left.csv,stair2,0.0,0.0,1084.0,0.0,0.0,0.0,0.0,0.0,745.0,0.0,0.0,0.0,0.0,0.0,0.0,0.0,0.0,0.0
641,2026-05-14 23:08:39,2026-5-14_stair2_left.csv,stair2,0.0,0.0,1159.0,0.0,0.0,0.0,0.0,0.0,642.0,0.0,0.0,0.0,0.0,0.0,0.0,0.0,0.0,0.0
642,2026-05-14 23:08:39,2026-5-14_stair2_left.csv,stair2,0.0,0.0,1108.0,0.0,0.0,0.0,0.0,0.0,596.0,0.0,0.0,0.0,0.0,0.0,0.0,0.0,0.0,0.0
643,2026-05-14 23:08:39,2026-5-14_stair2_left.csv,stair2,0.0,0.0,795.0,0.0,0.0,0.0,0.0,0.0,439.0,0.0,0.0,0.0,0.0,0.0,0.0,0.0,0.0,0.0
644,2026-05-14 23:08:39,2026-5-14_stair2_left.csv,stair2,0.0,0.0,795.0,0.0,0.0,0.0,0.0,0.0,439.0,0.0,0.0,0.0,0.0,0.0,0.0,0.0,0.0,0.0
645,2026-05-14 23:08:39,2026-5-14_stair2_left.csv,stair2,0.0,0.0,795.0,0.0,0.0,0.0,0.0,0.0,439.0,0.0,0.0,0.0,0.0,0.0,0.0,0.0,0.0,0.0
646,2026-05-14 23:08:39,2026-5-14_stair2_left.csv,stair2,0.0,0.0,931.0,0.0,0.0,0.0,0.0,0.0,485.0,0.0,0.0,0.0,0.0,0.0,0.0,0.0,0.0,0.0
647,2026-05-14 23:08:39,2026-5-14_stair2_left.csv,stair2,0.0,0.0,905.0,0.0,0.0,0.0,0.0,0.0,448.0,0.0,0.0,0.0,0.0,0.0,0.0,0.0,0.0,0.0
648,2026-05-14 23:08:39,2026-5-14_stair2_left.csv,stair2,0.0,0.0,905.0,0.0,0.0,0.0,0.0,0.0,448.0,0.0,0.0,0.0,0.0,0.0,0.0,0.0,0.0,0.0
649,2026-05-14 23:08:39,2026-5-14_stair2_left.csv,stair2,0.0,0.0,936.0,0.0,0.0,0.0,0.0,0.0,443.0,0.0,0.0,0.0,0.0,0.0,0.0,0.0,0.0,0.0
650,2026-05-14 23:08:39,2026-5-14_stair2_left.csv,stair2,0.0,0.0,939.0,0.0,0.0,0.0,0.0,0.0,455.0,0.0,0.0,0.0,0.0,0.0,0.0,0.0,0.0,0.0
651,2026-05-14 23:08:39,2026-5-14_stair2_left.csv,stair2,0.0,0.0,939.0,0.0,0.0,0.0,0.0,0.0,443.0,0.0,0.0,0.0,0.0,0.0,0.0,0.0,0.0,0.0
652,2026-05-14 23:08:39,2026-5-14_stair2_left.csv,stair2,0.0,0.0,939.0,0.0,0.0,0.0,0.0,0.0,443.0,0.0,0.0,0.0,0.0,0.0,0.0,0.0,0.0,0.0
653,2026-05-14 23:08:39,2026-5-14_stair2_left.csv,stair2,0.0,0.0,902.0,0.0,0.0,0.0,0.0,0.0,441.0,0.0,0.0,0.0,0.0,0.0,0.0,0.0,0.0,0.0
654,2026-05-14 23:08:39,2026-5-14_stair2_left.csv,stair2,0.0,0.0,902.0,0.0,0.0,0.0,0.0,0.0,441.0,0.0,0.0,0.0,0.0,0.0,0.0,0.0,0.0,0.0
655,2026-05-14 23:08:39,2026-5-14_stair2_left.csv,stair2,0.0,0.0,808.0,0.0,0.0,0.0,0.0,0.0,362.0,0.0,0.0,0.0,0.0,0.0,0.0,0.0,0.0,0.0
656,2026-05-14 23:08:39,2026-5-14_stair2_left.csv,stair2,0.0,0.0,808.0,0.0,0.0,0.0,0.0,0.0,362.0,0.0,0.0,0.0,0.0,0.0,0.0,0.0,0.0,0.0
657,2026-05-14 23:08:40,2026-5-14_stair2_left.csv,stair2,0.0,0.0,811.0,0.0,0.0,0.0,0.0,0.0,361.0,0.0,0.0,0.0,0.0,0.0,0.0,0.0,0.0,0.0
658,2026-05-14 23:08:40,2026-5-14_stair2_left.csv,stair2,0.0,0.0,786.0,0.0,0.0,0.0,0.0,0.0,316.0,0.0,0.0,0.0,0.0,0.0,0.0,0.0,0.0,0.0
659,2026-05-14 23:08:40,2026-5-14_stair2_left.csv,stair2,0.0,0.0,775.0,0.0,0.0,0.0,0.0,0.0,316.0,0.0,0.0,0.0,0.0,0.0,0.0,0.0,0.0,0.0
660,2026-05-14 23:08:40,2026-5-14_stair2_left.csv,stair2,0.0,0.0,785.0,0.0,0.0,0.0,0.0,0.0,319.0,0.0,0.0,0.0,0.0,0.0,0.0,0.0,0.0,0.0
661,2026-05-14 23:08:40,2026-5-14_stair2_left.csv,stair2,0.0,0.0,785.0,0.0,0.0,0.0,0.0,0.0,319.0,0.0,0.0,0.0,0.0,0.0,0.0,0.0,0.0,0.0
662,2026-05-14 23:08:40,2026-5-14_stair2_left.csv,stair2,0.0,0.0,786.0,0.0,0.0,0.0,0.0,0.0,308.0,0.0,0.0,0.0,0.0,0.0,0.0,0.0,0.0,0.0
663,2026-05-14 23:08:40,2026-5-14_stair2_left.csv,stair2,0.0,0.0,854.0,0.0,0.0,0.0,0.0,0.0,384.0,0.0,0.0,0.0,0.0,0.0,0.0,0.0,0.0,0.0
664,2026-05-14 23:08:40,2026-5-14_stair2_left.csv,stair2,0.0,0.0,867.0,0.0,0.0,0.0,0.0,0.0,376.0,0.0,0.0,0.0,0.0,0.0,0.0,0.0,0.0,0.0
665,2026-05-14 23:08:40,2026-5-14_stair2_left.csv,stair2,0.0,0.0,867.0,0.0,0.0,0.0,0.0,0.0,376.0,0.0,0.0,0.0,0.0,0.0,0.0,0.0,0.0,0.0
666,2026-05-14 23:08:40,2026-5-14_stair2_left.csv,stair2,0.0,0.0,795.0,0.0,0.0,0.0,0.0,0.0,319.0,0.0,0.0,0.0,0.0,0.0,0.0,0.0,0.0,0.0
667,2026-05-14 23:08:40,2026-5-14_stair2_left.csv,stair2,0.0,0.0,750.0,0.0,0.0,0.0,0.0,0.0,286.0,0.0,0.0,0.0,0.0,0.0,0.0,0.0,0.0,0.0
668,2026-05-14 23:08:40,2026-5-14_stair2_left.csv,stair2,0.0,0.0,777.0,0.0,0.0,0.0,0.0,0.0,307.0,0.0,0.0,0.0,0.0,0.0,0.0,0.0,0.0,0.0
669,2026-05-14 23:08:40,2026-5-14_stair2_left.csv,stair2,0.0,0.0,777.0,0.0,0.0,0.0,0.0,0.0,307.0,0.0,0.0,0.0,0.0,0.0,0.0,0.0,0.0,0.0
670,2026-05-14 23:08:40,2026-5-14_stair2_left.csv,stair2,0.0,0.0,777.0,0.0,0.0,0.0,0.0,0.0,307.0,0.0,0.0,0.0,0.0,0.0,0.0,0.0,0.0,0.0
671,2026-05-14 23:08:40,2026-5-14_stair2_left.csv,stair2,0.0,0.0,803.0,0.0,0.0,0.0,0.0,0.0,319.0,0.0,0.0,0.0,0.0,0.0,0.0,0.0,0.0,0.0
672,2026-05-14 23:08:40,2026-5-14_stair2_left.csv,stair2,0.0,0.0,799.0,0.0,0.0,0.0,0.0,0.0,308.0,0.0,0.0,0.0,0.0,0.0,0.0,0.0,0.0,0.0
673,2026-05-14 23:08:40,2026-5-14_stair2_left.csv,stair2,0.0,0.0,799.0,0.0,0.0,0.0,0.0,0.0,308.0,0.0,0.0,0.0,0.0,0.0,0.0,0.0,0.0,0.0
674,2026-05-14 23:08:40,2026-5-14_stair2_left.csv,stair2,0.0,0.0,799.0,0.0,0.0,0.0,0.0,0.0,308.0,0.0,0.0,0.0,0.0,0.0,0.0,0.0,0.0,0.0
675,2026-05-14 23:08:40,2026-5-14_stair2_left.csv,stair2,0.0,0.0,763.0,0.0,0.0,0.0,0.0,0.0,273.0,0.0,0.0,0.0,0.0,0.0,0.0,0.0,0.0,0.0
676,2026-05-14 23:08:40,2026-5-14_stair2_left.csv,stair2,0.0,0.0,742.0,0.0,0.0,0.0,0.0,0.0,274.0,0.0,0.0,0.0,0.0,0.0,0.0,0.0,0.0,0.0
677,2026-05-14 23:08:41,2026-5-14_stair2_left.csv,stair2,0.0,0.0,742.0,0.0,0.0,0.0,0.0,0.0,274.0,0.0,0.0,0.0,0.0,0.0,0.0,0.0,0.0,0.0
678,2026-05-14 23:08:41,2026-5-14_stair2_left.csv,stair2,0.0,0.0,718.0,0.0,0.0,0.0,0.0,0.0,239.0,0.0,0.0,0.0,0.0,0.0,0.0,0.0,0.0,0.0
679,2026-05-14 23:08:41,2026-5-14_stair2_left.csv,stair2,0.0,0.0,685.0,0.0,0.0,0.0,0.0,0.0,228.0,0.0,0.0,0.0,0.0,0.0,0.0,0.0,0.0,0.0
680,2026-05-14 23:08:41,2026-5-14_stair2_left.csv,stair2,0.0,0.0,637.0,0.0,0.0,0.0,0.0,0.0,204.0,0.0,0.0,0.0,0.0,0.0,0.0,0.0,0.0,0.0
681,2026-05-14 23:08:41,2026-5-14_stair2_left.csv,stair2,0.0,0.0,637.0,0.0,0.0,0.0,0.0,0.0,204.0,0.0,0.0,0.0,0.0,0.0,0.0,0.0,0.0,0.0
682,2026-05-14 23:08:41,2026-5-14_stair2_left.csv,stair2,0.0,0.0,458.0,0.0,0.0,0.0,0.0,0.0,113.0,0.0,0.0,0.0,0.0,0.0,0.0,0.0,0.0,0.0
683,2026-05-14 23:08:41,2026-5-14_stair2_left.csv,stair2,0.0,0.0,245.0,0.0,0.0,0.0,0.0,0.0,0.0,0.0,0.0,0.0,0.0,0.0,0.0,0.0,0.0,0.0
684,2026-05-14 23:08:41,2026-5-14_stair2_left.csv,stair2,0.0,0.0,245.0,0.0,0.0,0.0,0.0,0.0,0.0,0.0,0.0,0.0,0.0,0.0,0.0,0.0,0.0,0.0
685,2026-05-14 23:08:41,2026-5-14_stair2_left.csv,stair2,0.0,0.0,0.0,0.0,0.0,0.0,0.0,0.0,0.0,0.0,0.0,0.0,0.0,0.0,0.0,0.0,0.0,0.0
686,2026-05-14 23:08:41,2026-5-14_stair2_left.csv,stair2,0.0,0.0,0.0,0.0,0.0,0.0,0.0,0.0,0.0,0.0,0.0,0.0,0.0,0.0,0.0,0.0,0.0,0.0
687,2026-05-14 23:08:41,2026-5-14_stair2_left.csv,stair2,0.0,0.0,0.0,0.0,0.0,0.0,0.0,0.0,0.0,0.0,0.0,0.0,0.0,0.0,0.0,0.0,0.0,0.0
688,2026-05-14 23:08:41,2026-5-14_stair2_left.csv,stair2,0.0,0.0,0.0,0.0,0.0,0.0,0.0,0.0,0.0,0.0,0.0,0.0,0.0,0.0,0.0,0.0,0.0,0.0
689,2026-05-14 23:08:41,2026-5-14_stair2_left.csv,stair2,0.0,0.0,0.0,0.0,0.0,0.0,0.0,0.0,61.0,0.0,0.0,0.0,0.0,0.0,0.0,0.0,0.0,0.0
690,2026-05-14 23:08:41,2026-5-14_stair2_left.csv,stair2,0.0,0.0,991.0,0.0,0.0,0.0,0.0,0.0,1415.0,0.0,0.0,0.0,0.0,0.0,0.0,0.0,0.0,0.0
691,2026-05-14 23:08:41,2026-5-14_stair2_left.csv,stair2,0.0,0.0,1614.0,0.0,0.0,0.0,0.0,0.0,1928.0,175.0,0.0,0.0,0.0,0.0,197.0,448.0,0.0,0.0
692,2026-05-14 23:08:41,2026-5-14_stair2_left.csv,stair2,0.0,0.0,1614.0,0.0,0.0,0.0,0.0,0.0,1928.0,175.0,0.0,0.0,0.0,0.0,197.0,448.0,0.0,0.0
693,2026-05-14 23:08:41,2026-5-14_stair2_left.csv,stair2,0.0,0.0,2703.0,559.0,0.0,0.0,0.0,0.0,3162.0,992.0,0.0,0.0,0.0,0.0,838.0,1088.0,0.0,0.0
694,2026-05-14 23:08:41,2026-5-14_stair2_left.csv,stair2,0.0,0.0,2703.0,559.0,0.0,0.0,0.0,0.0,3162.0,992.0,0.0,0.0,0.0,0.0,838.0,1088.0,0.0,0.0
695,2026-05-14 23:08:41,2026-5-14_stair2_left.csv,stair2,0.0,0.0,4302.0,1874.0,0.0,0.0,3.0,0.0,4717.0,2665.0,0.0,0.0,927.0,0.0,2265.0,2661.0,1623.0,0.0
696,2026-05-14 23:08:41,2026-5-14_stair2_left.csv,stair2,0.0,0.0,4302.0,1874.0,0.0,0.0,3.0,0.0,4717.0,2665.0,0.0,0.0,927.0,0.0,2265.0,2661.0,1623.0,0.0
697,2026-05-14 23:08:42,2026-5-14_stair2_left.csv,stair2,0.0,0.0,4754.0,2272.0,0.0,0.0,359.0,0.0,5043.0,3062.0,293.0,225.0,1296.0,0.0,2614.0,2967.0,2034.0,0.0
698,2026-05-14 23:08:42,2026-5-14_stair2_left.csv,stair2,0.0,0.0,4754.0,2272.0,0.0,0.0,359.0,0.0,5043.0,3062.0,293.0,225.0,1296.0,0.0,2614.0,2967.0,2034.0,0.0
699,2026-05-14 23:08:42,2026-5-14_stair2_left.csv,stair2,0.0,0.0,4833.0,2403.0,0.0,0.0,811.0,0.0,5004.0,3006.0,418.0,176.0,1357.0,0.0,2322.0,2445.0,1557.0,0.0
700,2026-05-14 23:08:42,2026-5-14_stair2_left.csv,stair2,0.0,0.0,4833.0,2403.0,0.0,0.0,811.0,0.0,5004.0,3006.0,418.0,176.0,1357.0,0.0,2322.0,2445.0,1557.0,0.0
701,2026-05-14 23:08:42,2026-5-14_stair2_left.csv,stair2,0.0,0.0,4679.0,2098.0,0.0,0.0,608.0,0.0,5017.0,2814.0,32.0,6.0,942.0,0.0,2005.0,1993.0,1028.0,0.0
702,2026-05-14 23:08:42,2026-5-14_stair2_left.csv,stair2,0.0,0.0,4679.0,2098.0,0.0,0.0,608.0,0.0,5017.0,2814.0,32.0,6.0,942.0,0.0,2005.0,1993.0,1028.0,0.0
703,2026-05-14 23:08:42,2026-5-14_stair2_left.csv,stair2,0.0,0.0,5038.0,2497.0,0.0,0.0,257.0,0.0,5557.0,3114.0,0.0,0.0,445.0,0.0,1825.0,1694.0,472.0,0.0
704,2026-05-14 23:08:42,2026-5-14_stair2_left.csv,stair2,0.0,0.0,5038.0,2497.0,0.0,0.0,257.0,0.0,5557.0,3114.0,0.0,0.0,445.0,0.0,1825.0,1694.0,472.0,0.0
705,2026-05-14 23:08:42,2026-5-14_stair2_left.csv,stair2,0.0,0.0,5237.0,2784.0,0.0,0.0,68.0,0.0,5850.0,3345.0,0.0,0.0,282.0,0.0,1805.0,1557.0,330.0,0.0
706,2026-05-14 23:08:42,2026-5-14_stair2_left.csv,stair2,0.0,0.0,5237.0,2784.0,0.0,0.0,68.0,0.0,5850.0,3345.0,0.0,0.0,282.0,0.0,1805.0,1557.0,330.0,0.0
707,2026-05-14 23:08:42,2026-5-14_stair2_left.csv,stair2,0.0,0.0,5754.0,3176.0,0.0,0.0,0.0,0.0,6089.0,3438.0,55.0,0.0,161.0,0.0,1460.0,1344.0,144.0,0.0
708,2026-05-14 23:08:42,2026-5-14_stair2_left.csv,stair2,0.0,0.0,5754.0,3176.0,0.0,0.0,0.0,0.0,6089.0,3438.0,55.0,0.0,161.0,0.0,1460.0,1344.0,144.0,0.0
709,2026-05-14 23:08:42,2026-5-14_stair2_left.csv,stair2,282.0,0.0,5281.0,2632.0,0.0,0.0,313.0,0.0,4919.0,2170.0,0.0,0.0,230.0,0.0,966.0,989.0,8.0,0.0
710,2026-05-14 23:08:42,2026-5-14_stair2_left.csv,stair2,282.0,0.0,5281.0,2632.0,0.0,0.0,313.0,0.0,4919.0,2170.0,0.0,0.0,230.0,0.0,966.0,989.0,8.0,0.0
711,2026-05-14 23:08:42,2026-5-14_stair2_left.csv,stair2,2170.0,60.0,962.0,0.0,0.0,0.0,0.0,0.0,348.0,0.0,0.0,0.0,0.0,0.0,0.0,0.0,0.0,0.0
712,2026-05-14 23:08:42,2026-5-14_stair2_left.csv,stair2,2170.0,60.0,962.0,0.0,0.0,0.0,0.0,0.0,348.0,0.0,0.0,0.0,0.0,0.0,0.0,0.0,0.0,0.0
713,2026-05-14 23:08:42,2026-5-14_stair2_left.csv,stair2,2170.0,60.0,962.0,0.0,0.0,0.0,0.0,0.0,348.0,0.0,0.0,0.0,0.0,0.0,0.0,0.0,0.0,0.0
714,2026-05-14 23:08:42,2026-5-14_stair2_left.csv,stair2,0.0,0.0,244.0,0.0,0.0,0.0,0.0,0.0,126.0,0.0,0.0,0.0,0.0,0.0,0.0,0.0,0.0,0.0
715,2026-05-14 23:08:42,2026-5-14_stair2_left.csv,stair2,0.0,0.0,89.0,0.0,0.0,0.0,0.0,0.0,0.0,0.0,0.0,0.0,0.0,0.0,0.0,0.0,0.0,0.0
716,2026-05-14 23:08:42,2026-5-14_stair2_left.csv,stair2,0.0,0.0,89.0,0.0,0.0,0.0,0.0,0.0,0.0,0.0,0.0,0.0,0.0,0.0,0.0,0.0,0.0,0.0
717,2026-05-14 23:08:43,2026-5-14_stair2_left.csv,stair2,0.0,0.0,492.0,0.0,0.0,0.0,0.0,0.0,148.0,0.0,0.0,0.0,0.0,0.0,0.0,0.0,0.0,0.0
718,2026-05-14 23:08:43,2026-5-14_stair2_left.csv,stair2,0.0,0.0,594.0,0.0,0.0,0.0,0.0,0.0,335.0,0.0,0.0,0.0,0.0,0.0,0.0,0.0,0.0,0.0
719,2026-05-14 23:08:43,2026-5-14_stair2_left.csv,stair2,0.0,0.0,594.0,0.0,0.0,0.0,0.0,0.0,335.0,0.0,0.0,0.0,0.0,0.0,0.0,0.0,0.0,0.0
720,2026-05-14 23:08:43,2026-5-14_stair2_left.csv,stair2,0.0,0.0,594.0,0.0,0.0,0.0,0.0,0.0,335.0,0.0,0.0,0.0,0.0,0.0,0.0,0.0,0.0,0.0
721,2026-05-14 23:08:43,2026-5-14_stair2_left.csv,stair2,0.0,0.0,77.0,0.0,0.0,0.0,0.0,0.0,0.0,0.0,0.0,0.0,0.0,0.0,0.0,0.0,0.0,0.0
722,2026-05-14 23:08:43,2026-5-14_stair2_left.csv,stair2,0.0,0.0,77.0,0.0,0.0,0.0,0.0,0.0,0.0,0.0,0.0,0.0,0.0,0.0,0.0,0.0,0.0,0.0
723,2026-05-14 23:08:43,2026-5-14_stair2_left.csv,stair2,595.0,0.0,7173.0,3202.0,0.0,0.0,0.0,0.0,6325.0,2896.0,0.0,0.0,0.0,0.0,0.0,0.0,0.0,0.0
724,2026-05-14 23:08:43,2026-5-14_stair2_left.csv,stair2,595.0,0.0,7173.0,3202.0,0.0,0.0,0.0,0.0,6325.0,2896.0,0.0,0.0,0.0,0.0,0.0,0.0,0.0,0.0
725,2026-05-14 23:08:43,2026-5-14_stair2_left.csv,stair2,1243.0,0.0,7773.0,3709.0,0.0,0.0,157.0,0.0,6530.0,3215.0,0.0,0.0,122.0,0.0,8.0,95.0,0.0,0.0
726,2026-05-14 23:08:43,2026-5-14_stair2_left.csv,stair2,1243.0,0.0,7773.0,3709.0,0.0,0.0,157.0,0.0,6530.0,3215.0,0.0,0.0,122.0,0.0,8.0,95.0,0.0,0.0
727,2026-05-14 23:08:43,2026-5-14_stair2_left.csv,stair2,1017.0,0.0,7352.0,3246.0,0.0,0.0,68.0,0.0,6146.0,2899.0,0.0,0.0,80.0,0.0,0.0,152.0,0.0,0.0
728,2026-05-14 23:08:43,2026-5-14_stair2_left.csv,stair2,1017.0,0.0,7352.0,3246.0,0.0,0.0,68.0,0.0,6146.0,2899.0,0.0,0.0,80.0,0.0,0.0,152.0,0.0,0.0
729,2026-05-14 23:08:43,2026-5-14_stair2_left.csv,stair2,778.0,0.0,6569.0,2579.0,0.0,0.0,0.0,0.0,5562.0,2416.0,0.0,0.0,0.0,0.0,0.0,190.0,0.0,0.0
730,2026-05-14 23:08:43,2026-5-14_stair2_left.csv,stair2,621.0,0.0,6901.0,2906.0,0.0,0.0,0.0,0.0,6000.0,2864.0,0.0,0.0,0.0,0.0,340.0,552.0,0.0,0.0
731,2026-05-14 23:08:43,2026-5-14_stair2_left.csv,stair2,621.0,0.0,6901.0,2906.0,0.0,0.0,0.0,0.0,6000.0,2864.0,0.0,0.0,0.0,0.0,340.0,552.0,0.0,0.0
732,2026-05-14 23:08:43,2026-5-14_stair2_left.csv,stair2,621.0,0.0,6901.0,2906.0,0.0,0.0,0.0,0.0,6000.0,2864.0,0.0,0.0,0.0,0.0,340.0,552.0,0.0,0.0
733,2026-05-14 23:08:43,2026-5-14_stair2_left.csv,stair2,884.0,0.0,6691.0,3033.0,0.0,0.0,294.0,0.0,5737.0,2893.0,0.0,0.0,322.0,0.0,756.0,996.0,161.0,0.0
734,2026-05-14 23:08:43,2026-5-14_stair2_left.csv,stair2,3481.0,121.0,2961.0,0.0,0.0,512.0,2800.0,0.0,2460.0,0.0,0.0,610.0,2056.0,0.0,352.0,1503.0,875.0,0.0
735,2026-05-14 23:08:43,2026-5-14_stair2_left.csv,stair2,3481.0,121.0,2961.0,0.0,0.0,512.0,2800.0,0.0,2460.0,0.0,0.0,610.0,2056.0,0.0,352.0,1503.0,875.0,0.0
736,2026-05-14 23:08:43,2026-5-14_stair2_left.csv,stair2,3481.0,121.0,2961.0,0.0,0.0,512.0,2800.0,0.0,2460.0,0.0,0.0,610.0,2056.0,0.0,352.0,1503.0,875.0,0.0
737,2026-05-14 23:08:44,2026-5-14_stair2_left.csv,stair2,0.0,0.0,507.0,0.0,0.0,0.0,0.0,0.0,581.0,0.0,0.0,0.0,0.0,0.0,0.0,0.0,0.0,0.0
738,2026-05-14 23:08:44,2026-5-14_stair2_left.csv,stair2,0.0,0.0,507.0,0.0,0.0,0.0,0.0,0.0,581.0,0.0,0.0,0.0,0.0,0.0,0.0,0.0,0.0,0.0
739,2026-05-14 23:08:44,2026-5-14_stair2_left.csv,stair2,0.0,0.0,160.0,0.0,0.0,0.0,0.0,0.0,0.0,0.0,0.0,0.0,0.0,0.0,0.0,0.0,0.0,0.0
740,2026-05-14 23:08:44,2026-5-14_stair2_left.csv,stair2,0.0,0.0,160.0,0.0,0.0,0.0,0.0,0.0,0.0,0.0,0.0,0.0,0.0,0.0,0.0,0.0,0.0,0.0
741,2026-05-14 23:08:44,2026-5-14_stair2_left.csv,stair2,0.0,0.0,411.0,0.0,0.0,0.0,0.0,0.0,67.0,0.0,0.0,0.0,0.0,0.0,0.0,0.0,0.0,0.0
742,2026-05-14 23:08:44,2026-5-14_stair2_left.csv,stair2,0.0,0.0,581.0,0.0,0.0,0.0,0.0,0.0,391.0,0.0,0.0,0.0,0.0,0.0,0.0,0.0,0.0,0.0
743,2026-05-14 23:08:44,2026-5-14_stair2_left.csv,stair2,0.0,0.0,581.0,0.0,0.0,0.0,0.0,0.0,391.0,0.0,0.0,0.0,0.0,0.0,0.0,0.0,0.0,0.0
744,2026-05-14 23:08:44,2026-5-14_stair2_left.csv,stair2,0.0,0.0,481.0,0.0,0.0,0.0,0.0,0.0,322.0,0.0,0.0,0.0,0.0,0.0,0.0,0.0,0.0,0.0
745,2026-05-14 23:08:44,2026-5-14_stair2_left.csv,stair2,0.0,0.0,1368.0,0.0,0.0,0.0,0.0,0.0,1575.0,82.0,0.0,0.0,0.0,0.0,66.0,316.0,0.0,0.0
746,2026-05-14 23:08:44,2026-5-14_stair2_left.csv,stair2,0.0,0.0,1368.0,0.0,0.0,0.0,0.0,0.0,1575.0,82.0,0.0,0.0,0.0,0.0,66.0,316.0,0.0,0.0
747,2026-05-14 23:08:44,2026-5-14_stair2_left.csv,stair2,416.0,0.0,5357.0,2590.0,0.0,0.0,813.0,0.0,5042.0,2595.0,0.0,0.0,997.0,0.0,1404.0,1722.0,719.0,0.0
748,2026-05-14 23:08:44,2026-5-14_stair2_left.csv,stair2,416.0,0.0,5357.0,2590.0,0.0,0.0,813.0,0.0,5042.0,2595.0,0.0,0.0,997.0,0.0,1404.0,1722.0,719.0,0.0
749,2026-05-14 23:08:44,2026-5-14_stair2_left.csv,stair2,764.0,0.0,5307.0,2648.0,0.0,0.0,1242.0,0.0,4985.0,2698.0,223.0,144.0,1594.0,0.0,1828.0,2313.0,1234.0,0.0
750,2026-05-14 23:08:44,2026-5-14_stair2_left.csv,stair2,764.0,0.0,5307.0,2648.0,0.0,0.0,1242.0,0.0,4985.0,2698.0,223.0,144.0,1594.0,0.0,1828.0,2313.0,1234.0,0.0
751,2026-05-14 23:08:44,2026-5-14_stair2_left.csv,stair2,268.0,0.0,3183.0,736.0,0.0,0.0,960.0,0.0,3291.0,1319.0,0.0,231.0,1635.0,0.0,1832.0,2688.0,1378.0,0.0
752,2026-05-14 23:08:44,2026-5-14_stair2_left.csv,stair2,268.0,0.0,3183.0,736.0,0.0,0.0,960.0,0.0,3291.0,1319.0,0.0,231.0,1635.0,0.0,1832.0,2688.0,1378.0,0.0
753,2026-05-14 23:08:44,2026-5-14_stair2_left.csv,stair2,0.0,0.0,2308.0,137.0,0.0,0.0,1038.0,0.0,2811.0,1129.0,0.0,786.0,2136.0,0.0,2491.0,3587.0,2274.0,0.0
754,2026-05-14 23:08:44,2026-5-14_stair2_left.csv,stair2,0.0,0.0,2308.0,137.0,0.0,0.0,1038.0,0.0,2811.0,1129.0,0.0,786.0,2136.0,0.0,2491.0,3587.0,2274.0,0.0
755,2026-05-14 23:08:44,2026-5-14_stair2_left.csv,stair2,169.0,0.0,2743.0,637.0,0.0,0.0,1803.0,0.0,3087.0,1668.0,358.0,1575.0,3381.0,0.0,3192.0,4748.0,3205.0,0.0
756,2026-05-14 23:08:44,2026-5-14_stair2_left.csv,stair2,169.0,0.0,2743.0,637.0,0.0,0.0,1803.0,0.0,3087.0,1668.0,358.0,1575.0,3381.0,0.0,3192.0,4748.0,3205.0,0.0
757,2026-05-14 23:08:45,2026-5-14_stair2_left.csv,stair2,169.0,0.0,2743.0,637.0,0.0,0.0,1803.0,0.0,3087.0,1668.0,358.0,1575.0,3381.0,0.0,3192.0,4748.0,3205.0,0.0
758,2026-05-14 23:08:45,2026-5-14_stair2_left.csv,stair2,2004.0,0.0,1083.0,0.0,0.0,0.0,3879.0,0.0,1787.0,0.0,0.0,585.0,5191.0,0.0,1513.0,3472.0,3704.0,0.0
759,2026-05-14 23:08:45,2026-5-14_stair2_left.csv,stair2,2004.0,0.0,1083.0,0.0,0.0,0.0,3879.0,0.0,1787.0,0.0,0.0,585.0,5191.0,0.0,1513.0,3472.0,3704.0,0.0
760,2026-05-14 23:08:45,2026-5-14_stair2_left.csv,stair2,0.0,0.0,0.0,0.0,0.0,0.0,0.0,0.0,9.0,0.0,0.0,0.0,0.0,0.0,0.0,287.0,0.0,0.0
761,2026-05-14 23:08:45,2026-5-14_stair2_left.csv,stair2,0.0,0.0,0.0,0.0,0.0,0.0,0.0,0.0,9.0,0.0,0.0,0.0,0.0,0.0,0.0,287.0,0.0,0.0
762,2026-05-14 23:08:45,2026-5-14_stair2_left.csv,stair2,0.0,0.0,0.0,0.0,0.0,0.0,0.0,0.0,9.0,0.0,0.0,0.0,0.0,0.0,0.0,287.0,0.0,0.0
763,2026-05-14 23:08:45,2026-5-14_stair2_left.csv,stair2,0.0,0.0,0.0,0.0,0.0,0.0,0.0,0.0,0.0,0.0,0.0,0.0,0.0,0.0,0.0,0.0,0.0,0.0
764,2026-05-14 23:08:45,2026-5-14_stair2_left.csv,stair2,0.0,0.0,0.0,0.0,0.0,0.0,0.0,0.0,0.0,0.0,0.0,0.0,0.0,0.0,0.0,0.0,0.0,0.0
765,2026-05-14 23:08:45,2026-5-14_stair2_left.csv,stair2,0.0,0.0,20.0,0.0,0.0,0.0,0.0,0.0,0.0,0.0,0.0,0.0,0.0,0.0,0.0,0.0,0.0,0.0
766,2026-05-14 23:08:45,2026-5-14_stair2_left.csv,stair2,0.0,0.0,20.0,0.0,0.0,0.0,0.0,0.0,0.0,0.0,0.0,0.0,0.0,0.0,0.0,0.0,0.0,0.0
767,2026-05-14 23:08:45,2026-5-14_stair2_left.csv,stair2,0.0,0.0,0.0,0.0,0.0,0.0,0.0,0.0,0.0,0.0,0.0,0.0,0.0,0.0,0.0,0.0,0.0,0.0
768,2026-05-14 23:08:45,2026-5-14_stair2_left.csv,stair2,0.0,0.0,2385.0,431.0,0.0,0.0,0.0,0.0,2444.0,495.0,0.0,0.0,0.0,0.0,418.0,663.0,0.0,0.0
769,2026-05-14 23:08:45,2026-5-14_stair2_left.csv,stair2,0.0,0.0,2385.0,431.0,0.0,0.0,0.0,0.0,2444.0,495.0,0.0,0.0,0.0,0.0,418.0,663.0,0.0,0.0
770,2026-05-14 23:08:45,2026-5-14_stair2_left.csv,stair2,313.0,0.0,4807.0,2257.0,0.0,0.0,329.0,0.0,3943.0,1771.0,0.0,0.0,524.0,0.0,775.0,889.0,420.0,0.0
771,2026-05-14 23:08:45,2026-5-14_stair2_left.csv,stair2,313.0,0.0,4807.0,2257.0,0.0,0.0,329.0,0.0,3943.0,1771.0,0.0,0.0,524.0,0.0,775.0,889.0,420.0,0.0
772,2026-05-14 23:08:45,2026-5-14_stair2_left.csv,stair2,999.0,0.0,5539.0,2999.0,0.0,0.0,652.0,0.0,4299.0,2130.0,0.0,0.0,658.0,0.0,700.0,723.0,326.0,0.0
773,2026-05-14 23:08:45,2026-5-14_stair2_left.csv,stair2,703.0,0.0,4887.0,2114.0,0.0,0.0,315.0,0.0,3675.0,1476.0,0.0,0.0,395.0,0.0,501.0,478.0,186.0,0.0
774,2026-05-14 23:08:45,2026-5-14_stair2_left.csv,stair2,703.0,0.0,4887.0,2114.0,0.0,0.0,315.0,0.0,3675.0,1476.0,0.0,0.0,395.0,0.0,501.0,478.0,186.0,0.0
775,2026-05-14 23:08:45,2026-5-14_stair2_left.csv,stair2,303.0,0.0,4512.0,1777.0,0.0,0.0,109.0,0.0,3508.0,1378.0,0.0,0.0,435.0,0.0,617.0,628.0,244.0,0.0
776,2026-05-14 23:08:45,2026-5-14_stair2_left.csv,stair2,303.0,0.0,4512.0,1777.0,0.0,0.0,109.0,0.0,3508.0,1378.0,0.0,0.0,435.0,0.0,617.0,628.0,244.0,0.0
777,2026-05-14 23:08:46,2026-5-14_stair2_left.csv,stair2,0.0,0.0,4814.0,2188.0,0.0,0.0,0.0,0.0,4132.0,2031.0,0.0,0.0,496.0,0.0,1221.0,1140.0,663.0,0.0
778,2026-05-14 23:08:46,2026-5-14_stair2_left.csv,stair2,0.0,0.0,4814.0,2188.0,0.0,0.0,0.0,0.0,4132.0,2031.0,0.0,0.0,496.0,0.0,1221.0,1140.0,663.0,0.0
779,2026-05-14 23:08:46,2026-5-14_stair2_left.csv,stair2,1808.0,0.0,3493.0,945.0,0.0,0.0,2491.0,0.0,2803.0,776.0,39.0,517.0,3010.0,0.0,1376.0,2363.0,2033.0,0.0
780,2026-05-14 23:08:46,2026-5-14_stair2_left.csv,stair2,1808.0,0.0,3493.0,945.0,0.0,0.0,2491.0,0.0,2803.0,776.0,39.0,517.0,3010.0,0.0,1376.0,2363.0,2033.0,0.0
781,2026-05-14 23:08:46,2026-5-14_stair2_left.csv,stair2,1808.0,0.0,3493.0,945.0,0.0,0.0,2491.0,0.0,2803.0,776.0,39.0,517.0,3010.0,0.0,1376.0,2363.0,2033.0,0.0
782,2026-05-14 23:08:46,2026-5-14_stair2_left.csv,stair2,2562.0,318.0,598.0,0.0,0.0,0.0,2248.0,0.0,534.0,0.0,0.0,0.0,1660.0,0.0,0.0,364.0,0.0,0.0
783,2026-05-14 23:08:46,2026-5-14_stair2_left.csv,stair2,2562.0,318.0,598.0,0.0,0.0,0.0,2248.0,0.0,534.0,0.0,0.0,0.0,1660.0,0.0,0.0,364.0,0.0,0.0
784,2026-05-14 23:08:46,2026-5-14_stair2_left.csv,stair2,0.0,0.0,0.0,0.0,0.0,0.0,0.0,0.0,0.0,0.0,0.0,0.0,0.0,0.0,0.0,0.0,0.0,0.0
785,2026-05-14 23:08:46,2026-5-14_stair2_left.csv,stair2,0.0,0.0,0.0,0.0,0.0,0.0,0.0,0.0,0.0,0.0,0.0,0.0,0.0,0.0,0.0,0.0,0.0,0.0
786,2026-05-14 23:08:46,2026-5-14_stair2_left.csv,stair2,0.0,0.0,0.0,0.0,0.0,0.0,0.0,0.0,0.0,0.0,0.0,0.0,0.0,0.0,0.0,0.0,0.0,0.0
787,2026-05-14 23:08:46,2026-5-14_stair2_left.csv,stair2,0.0,0.0,35.0,0.0,0.0,0.0,0.0,0.0,0.0,0.0,0.0,0.0,0.0,0.0,0.0,0.0,0.0,0.0
788,2026-05-14 23:08:46,2026-5-14_stair2_left.csv,stair2,0.0,0.0,35.0,0.0,0.0,0.0,0.0,0.0,0.0,0.0,0.0,0.0,0.0,0.0,0.0,0.0,0.0,0.0
789,2026-05-14 23:08:46,2026-5-14_stair2_left.csv,stair2,0.0,0.0,239.0,0.0,0.0,0.0,0.0,0.0,0.0,0.0,0.0,0.0,0.0,0.0,0.0,0.0,0.0,0.0
790,2026-05-14 23:08:46,2026-5-14_stair2_left.csv,stair2,0.0,0.0,239.0,0.0,0.0,0.0,0.0,0.0,0.0,0.0,0.0,0.0,0.0,0.0,0.0,0.0,0.0,0.0
791,2026-05-14 23:08:46,2026-5-14_stair2_left.csv,stair2,0.0,0.0,47.0,0.0,0.0,0.0,0.0,0.0,0.0,0.0,0.0,0.0,0.0,0.0,0.0,0.0,0.0,0.0
792,2026-05-14 23:08:46,2026-5-14_stair2_left.csv,stair2,0.0,0.0,47.0,0.0,0.0,0.0,0.0,0.0,0.0,0.0,0.0,0.0,0.0,0.0,0.0,0.0,0.0,0.0
793,2026-05-14 23:08:46,2026-5-14_stair2_left.csv,stair2,1065.0,0.0,4593.0,2192.0,0.0,0.0,1475.0,0.0,4190.0,2313.0,329.0,91.0,1981.0,0.0,1760.0,2309.0,1493.0,0.0
794,2026-05-14 23:08:46,2026-5-14_stair2_left.csv,stair2,1065.0,0.0,4593.0,2192.0,0.0,0.0,1475.0,0.0,4190.0,2313.0,329.0,91.0,1981.0,0.0,1760.0,2309.0,1493.0,0.0
795,2026-05-14 23:08:46,2026-5-14_stair2_left.csv,stair2,1065.0,0.0,4593.0,2192.0,0.0,0.0,1475.0,0.0,4190.0,2313.0,329.0,91.0,1981.0,0.0,1760.0,2309.0,1493.0,0.0
796,2026-05-14 23:08:46,2026-5-14_stair2_left.csv,stair2,960.0,0.0,3552.0,1181.0,0.0,0.0,1435.0,0.0,3200.0,1397.0,0.0,118.0,2049.0,0.0,1613.0,2367.0,1552.0,0.0
797,2026-05-14 23:08:47,2026-5-14_stair2_left.csv,stair2,721.0,0.0,2286.0,150.0,0.0,0.0,1439.0,0.0,2299.0,498.0,0.0,163.0,2114.0,0.0,1588.0,2554.0,1759.0,0.0
798,2026-05-14 23:08:47,2026-5-14_stair2_left.csv,stair2,721.0,0.0,2286.0,150.0,0.0,0.0,1439.0,0.0,2299.0,498.0,0.0,163.0,2114.0,0.0,1588.0,2554.0,1759.0,0.0
799,2026-05-14 23:08:47,2026-5-14_stair2_left.csv,stair2,1136.0,0.0,1893.0,0.0,0.0,0.0,2232.0,0.0,2149.0,406.0,0.0,1008.0,3277.0,0.0,2028.0,3505.0,2729.0,0.0
800,2026-05-14 23:08:47,2026-5-14_stair2_left.csv,stair2,1136.0,0.0,1893.0,0.0,0.0,0.0,2232.0,0.0,2149.0,406.0,0.0,1008.0,3277.0,0.0,2028.0,3505.0,2729.0,0.0
801,2026-05-14 23:08:47,2026-5-14_stair2_left.csv,stair2,1136.0,0.0,1893.0,0.0,0.0,0.0,2232.0,0.0,2149.0,406.0,0.0,1008.0,3277.0,0.0,2028.0,3505.0,2729.0,0.0
802,2026-05-14 23:08:47,2026-5-14_stair2_left.csv,stair2,2378.0,0.0,1267.0,0.0,0.0,0.0,3471.0,0.0,1718.0,0.0,0.0,953.0,4051.0,0.0,1439.0,3264.0,2748.0,0.0
803,2026-05-14 23:08:47,2026-5-14_stair2_left.csv,stair2,2840.0,0.0,89.0,0.0,0.0,0.0,2678.0,0.0,311.0,0.0,0.0,0.0,1898.0,0.0,0.0,336.0,0.0,0.0
804,2026-05-14 23:08:47,2026-5-14_stair2_left.csv,stair2,2840.0,0.0,89.0,0.0,0.0,0.0,2678.0,0.0,311.0,0.0,0.0,0.0,1898.0,0.0,0.0,336.0,0.0,0.0
805,2026-05-14 23:08:47,2026-5-14_stair2_left.csv,stair2,2840.0,0.0,89.0,0.0,0.0,0.0,2678.0,0.0,311.0,0.0,0.0,0.0,1898.0,0.0,0.0,336.0,0.0,0.0
806,2026-05-14 23:08:47,2026-5-14_stair2_left.csv,stair2,0.0,0.0,0.0,0.0,0.0,0.0,0.0,0.0,0.0,0.0,0.0,0.0,0.0,0.0,0.0,0.0,0.0,0.0
807,2026-05-14 23:08:47,2026-5-14_stair2_left.csv,stair2,0.0,0.0,0.0,0.0,0.0,0.0,0.0,0.0,0.0,0.0,0.0,0.0,0.0,0.0,0.0,0.0,0.0,0.0
808,2026-05-14 23:08:47,2026-5-14_stair2_left.csv,stair2,0.0,0.0,0.0,0.0,0.0,0.0,0.0,0.0,0.0,0.0,0.0,0.0,0.0,0.0,0.0,0.0,0.0,0.0
809,2026-05-14 23:08:47,2026-5-14_stair2_left.csv,stair2,0.0,0.0,0.0,0.0,0.0,0.0,0.0,0.0,0.0,0.0,0.0,0.0,0.0,0.0,0.0,0.0,0.0,0.0
810,2026-05-14 23:08:47,2026-5-14_stair2_left.csv,stair2,0.0,0.0,0.0,0.0,0.0,0.0,0.0,0.0,0.0,0.0,0.0,0.0,0.0,0.0,0.0,0.0,0.0,0.0
811,2026-05-14 23:08:47,2026-5-14_stair2_left.csv,stair2,0.0,0.0,0.0,0.0,0.0,0.0,0.0,0.0,0.0,0.0,0.0,0.0,0.0,0.0,0.0,0.0,0.0,0.0
812,2026-05-14 23:08:47,2026-5-14_stair2_left.csv,stair2,0.0,0.0,0.0,0.0,0.0,0.0,0.0,0.0,0.0,0.0,0.0,0.0,0.0,0.0,0.0,0.0,0.0,0.0
813,2026-05-14 23:08:47,2026-5-14_stair2_left.csv,stair2,0.0,0.0,1793.0,23.0,0.0,0.0,0.0,0.0,1357.0,0.0,0.0,0.0,0.0,0.0,97.0,151.0,0.0,0.0
814,2026-05-14 23:08:47,2026-5-14_stair2_left.csv,stair2,0.0,0.0,5693.0,3490.0,0.0,0.0,83.0,0.0,4954.0,3130.0,134.0,0.0,473.0,0.0,1554.0,1237.0,710.0,0.0
815,2026-05-14 23:08:47,2026-5-14_stair2_left.csv,stair2,0.0,0.0,5693.0,3490.0,0.0,0.0,83.0,0.0,4954.0,3130.0,134.0,0.0,473.0,0.0,1554.0,1237.0,710.0,0.0
816,2026-05-14 23:08:47,2026-5-14_stair2_left.csv,stair2,164.0,0.0,5824.0,3773.0,0.0,0.0,270.0,0.0,4808.0,3063.0,160.0,0.0,706.0,0.0,1324.0,1137.0,694.0,0.0
817,2026-05-14 23:08:48,2026-5-14_stair2_left.csv,stair2,164.0,0.0,5824.0,3773.0,0.0,0.0,270.0,0.0,4808.0,3063.0,160.0,0.0,706.0,0.0,1324.0,1137.0,694.0,0.0
818,2026-05-14 23:08:48,2026-5-14_stair2_left.csv,stair2,277.0,0.0,5331.0,3029.0,0.0,0.0,309.0,0.0,4283.0,2431.0,0.0,0.0,491.0,0.0,972.0,960.0,499.0,0.0
819,2026-05-14 23:08:48,2026-5-14_stair2_left.csv,stair2,277.0,0.0,5331.0,3029.0,0.0,0.0,309.0,0.0,4283.0,2431.0,0.0,0.0,491.0,0.0,972.0,960.0,499.0,0.0
820,2026-05-14 23:08:48,2026-5-14_stair2_left.csv,stair2,342.0,0.0,4489.0,2022.0,0.0,0.0,492.0,0.0,3672.0,1865.0,0.0,0.0,657.0,0.0,1016.0,1063.0,589.0,0.0
821,2026-05-14 23:08:48,2026-5-14_stair2_left.csv,stair2,342.0,0.0,4489.0,2022.0,0.0,0.0,492.0,0.0,3672.0,1865.0,0.0,0.0,657.0,0.0,1016.0,1063.0,589.0,0.0
822,2026-05-14 23:08:48,2026-5-14_stair2_left.csv,stair2,599.0,0.0,4381.0,2060.0,0.0,0.0,832.0,0.0,3547.0,1873.0,0.0,0.0,1192.0,0.0,1202.0,1331.0,1002.0,0.0
823,2026-05-14 23:08:48,2026-5-14_stair2_left.csv,stair2,599.0,0.0,4381.0,2060.0,0.0,0.0,832.0,0.0,3547.0,1873.0,0.0,0.0,1192.0,0.0,1202.0,1331.0,1002.0,0.0
824,2026-05-14 23:08:48,2026-5-14_stair2_left.csv,stair2,3789.0,1134.0,1790.0,0.0,0.0,0.0,3531.0,0.0,1576.0,0.0,0.0,0.0,3345.0,0.0,665.0,1463.0,1240.0,0.0
825,2026-05-14 23:08:48,2026-5-14_stair2_left.csv,stair2,3789.0,1134.0,1790.0,0.0,0.0,0.0,3531.0,0.0,1576.0,0.0,0.0,0.0,3345.0,0.0,665.0,1463.0,1240.0,0.0
826,2026-05-14 23:08:48,2026-5-14_stair2_left.csv,stair2,2486.0,580.0,4.0,0.0,0.0,0.0,1060.0,0.0,0.0,0.0,0.0,0.0,69.0,0.0,0.0,0.0,0.0,0.0
827,2026-05-14 23:08:48,2026-5-14_stair2_left.csv,stair2,2486.0,580.0,4.0,0.0,0.0,0.0,1060.0,0.0,0.0,0.0,0.0,0.0,69.0,0.0,0.0,0.0,0.0,0.0
828,2026-05-14 23:08:48,2026-5-14_stair2_left.csv,stair2,0.0,0.0,0.0,0.0,0.0,0.0,0.0,0.0,0.0,0.0,0.0,0.0,0.0,0.0,0.0,0.0,0.0,0.0
829,2026-05-14 23:08:48,2026-5-14_stair2_left.csv,stair2,0.0,0.0,0.0,0.0,0.0,0.0,0.0,0.0,0.0,0.0,0.0,0.0,0.0,0.0,0.0,0.0,0.0,0.0
830,2026-05-14 23:08:48,2026-5-14_stair2_left.csv,stair2,0.0,0.0,0.0,0.0,0.0,0.0,0.0,0.0,0.0,0.0,0.0,0.0,0.0,0.0,0.0,0.0,0.0,0.0
831,2026-05-14 23:08:48,2026-5-14_stair2_left.csv,stair2,0.0,0.0,0.0,0.0,0.0,0.0,0.0,0.0,0.0,0.0,0.0,0.0,0.0,0.0,0.0,0.0,0.0,0.0
832,2026-05-14 23:08:48,2026-5-14_stair2_left.csv,stair2,0.0,0.0,0.0,0.0,0.0,0.0,0.0,0.0,0.0,0.0,0.0,0.0,0.0,0.0,0.0,0.0,0.0,0.0
833,2026-05-14 23:08:48,2026-5-14_stair2_left.csv,stair2,0.0,0.0,0.0,0.0,0.0,0.0,0.0,0.0,0.0,0.0,0.0,0.0,0.0,0.0,0.0,0.0,0.0,0.0
834,2026-05-14 23:08:48,2026-5-14_stair2_left.csv,stair2,0.0,0.0,0.0,0.0,0.0,0.0,0.0,0.0,0.0,0.0,0.0,0.0,0.0,0.0,0.0,0.0,0.0,0.0
835,2026-05-14 23:08:48,2026-5-14_stair2_left.csv,stair2,0.0,0.0,992.0,0.0,0.0,0.0,0.0,0.0,1284.0,120.0,0.0,0.0,0.0,0.0,355.0,398.0,0.0,0.0
836,2026-05-14 23:08:48,2026-5-14_stair2_left.csv,stair2,0.0,0.0,992.0,0.0,0.0,0.0,0.0,0.0,1284.0,120.0,0.0,0.0,0.0,0.0,355.0,398.0,0.0,0.0
837,2026-05-14 23:08:49,2026-5-14_stair2_left.csv,stair2,0.0,0.0,3473.0,1885.0,0.0,0.0,0.0,0.0,4003.0,2237.0,0.0,0.0,309.0,0.0,1520.0,1415.0,721.0,0.0
838,2026-05-14 23:08:49,2026-5-14_stair2_left.csv,stair2,209.0,0.0,4807.0,3030.0,0.0,0.0,1039.0,0.0,4259.0,3150.0,676.0,0.0,2026.0,0.0,2460.0,2398.0,1951.0,0.0
839,2026-05-14 23:08:49,2026-5-14_stair2_left.csv,stair2,209.0,0.0,4807.0,3030.0,0.0,0.0,1039.0,0.0,4259.0,3150.0,676.0,0.0,2026.0,0.0,2460.0,2398.0,1951.0,0.0
840,2026-05-14 23:08:49,2026-5-14_stair2_left.csv,stair2,209.0,0.0,4807.0,3030.0,0.0,0.0,1039.0,0.0,4259.0,3150.0,676.0,0.0,2026.0,0.0,2460.0,2398.0,1951.0,0.0
841,2026-05-14 23:08:49,2026-5-14_stair2_left.csv,stair2,460.0,0.0,3612.0,1551.0,0.0,0.0,1199.0,0.0,3152.0,1769.0,145.0,0.0,1987.0,0.0,1910.0,2215.0,1702.0,0.0
842,2026-05-14 23:08:49,2026-5-14_stair2_left.csv,stair2,595.0,0.0,2285.0,411.0,0.0,0.0,1331.0,0.0,2184.0,654.0,0.0,0.0,2061.0,0.0,1618.0,2138.0,1630.0,0.0
843,2026-05-14 23:08:49,2026-5-14_stair2_left.csv,stair2,595.0,0.0,2285.0,411.0,0.0,0.0,1331.0,0.0,2184.0,654.0,0.0,0.0,2061.0,0.0,1618.0,2138.0,1630.0,0.0
844,2026-05-14 23:08:49,2026-5-14_stair2_left.csv,stair2,2235.0,0.0,1516.0,0.0,0.0,0.0,2844.0,0.0,1769.0,0.0,0.0,485.0,3695.0,0.0,1354.0,2587.0,2500.0,0.0
845,2026-05-14 23:08:49,2026-5-14_stair2_left.csv,stair2,2235.0,0.0,1516.0,0.0,0.0,0.0,2844.0,0.0,1769.0,0.0,0.0,485.0,3695.0,0.0,1354.0,2587.0,2500.0,0.0
846,2026-05-14 23:08:49,2026-5-14_stair2_left.csv,stair2,2235.0,0.0,1516.0,0.0,0.0,0.0,2844.0,0.0,1769.0,0.0,0.0,485.0,3695.0,0.0,1354.0,2587.0,2500.0,0.0
847,2026-05-14 23:08:49,2026-5-14_stair2_left.csv,stair2,5176.0,2033.0,849.0,0.0,0.0,0.0,4431.0,0.0,738.0,0.0,0.0,0.0,3865.0,0.0,0.0,661.0,650.0,0.0
848,2026-05-14 23:08:49,2026-5-14_stair2_left.csv,stair2,5176.0,2033.0,849.0,0.0,0.0,0.0,4431.0,0.0,738.0,0.0,0.0,0.0,3865.0,0.0,0.0,661.0,650.0,0.0
849,2026-05-14 23:08:49,2026-5-14_stair2_left.csv,stair2,4379.0,2060.0,128.0,0.0,0.0,0.0,2428.0,0.0,0.0,0.0,0.0,0.0,848.0,0.0,0.0,35.0,0.0,0.0
850,2026-05-14 23:08:49,2026-5-14_stair2_left.csv,stair2,4379.0,2060.0,128.0,0.0,0.0,0.0,2428.0,0.0,0.0,0.0,0.0,0.0,848.0,0.0,0.0,35.0,0.0,0.0
851,2026-05-14 23:08:49,2026-5-14_stair2_left.csv,stair2,0.0,0.0,0.0,0.0,0.0,0.0,0.0,0.0,0.0,0.0,0.0,0.0,0.0,0.0,0.0,0.0,0.0,0.0
852,2026-05-14 23:08:49,2026-5-14_stair2_left.csv,stair2,0.0,0.0,0.0,0.0,0.0,0.0,0.0,0.0,0.0,0.0,0.0,0.0,0.0,0.0,0.0,0.0,0.0,0.0
853,2026-05-14 23:08:49,2026-5-14_stair2_left.csv,stair2,0.0,0.0,0.0,0.0,0.0,0.0,0.0,0.0,0.0,0.0,0.0,0.0,0.0,0.0,0.0,0.0,0.0,0.0
854,2026-05-14 23:08:49,2026-5-14_stair2_left.csv,stair2,0.0,0.0,0.0,0.0,0.0,0.0,0.0,0.0,0.0,0.0,0.0,0.0,0.0,0.0,0.0,0.0,0.0,0.0
855,2026-05-14 23:08:49,2026-5-14_stair2_left.csv,stair2,0.0,0.0,0.0,0.0,0.0,0.0,0.0,0.0,0.0,0.0,0.0,0.0,0.0,0.0,0.0,0.0,0.0,0.0
856,2026-05-14 23:08:49,2026-5-14_stair2_left.csv,stair2,0.0,0.0,0.0,0.0,0.0,0.0,0.0,0.0,0.0,0.0,0.0,0.0,0.0,0.0,0.0,0.0,0.0,0.0
857,2026-05-14 23:08:50,2026-5-14_stair2_left.csv,stair2,0.0,0.0,0.0,0.0,0.0,0.0,0.0,0.0,0.0,0.0,0.0,0.0,0.0,0.0,0.0,0.0,0.0,0.0
858,2026-05-14 23:08:50,2026-5-14_stair2_left.csv,stair2,0.0,0.0,0.0,0.0,0.0,0.0,0.0,0.0,0.0,0.0,0.0,0.0,0.0,0.0,0.0,0.0,0.0,0.0
859,2026-05-14 23:08:50,2026-5-14_stair2_left.csv,stair2,0.0,0.0,2532.0,0.0,0.0,0.0,0.0,0.0,2508.0,352.0,0.0,0.0,0.0,0.0,0.0,0.0,0.0,0.0
860,2026-05-14 23:08:50,2026-5-14_stair2_left.csv,stair2,0.0,0.0,2532.0,0.0,0.0,0.0,0.0,0.0,2508.0,352.0,0.0,0.0,0.0,0.0,0.0,0.0,0.0,0.0
861,2026-05-14 23:08:50,2026-5-14_stair2_left.csv,stair2,0.0,0.0,7818.0,4795.0,0.0,0.0,0.0,0.0,7032.0,4555.0,0.0,0.0,0.0,0.0,342.0,0.0,0.0,0.0
862,2026-05-14 23:08:50,2026-5-14_stair2_left.csv,stair2,0.0,0.0,7818.0,4795.0,0.0,0.0,0.0,0.0,7032.0,4555.0,0.0,0.0,0.0,0.0,342.0,0.0,0.0,0.0
863,2026-05-14 23:08:50,2026-5-14_stair2_left.csv,stair2,0.0,0.0,7420.0,5029.0,0.0,0.0,0.0,0.0,6494.0,4549.0,0.0,0.0,0.0,0.0,769.0,138.0,0.0,0.0
864,2026-05-14 23:08:50,2026-5-14_stair2_left.csv,stair2,0.0,0.0,5952.0,3979.0,0.0,0.0,0.0,0.0,5351.0,3633.0,0.0,0.0,0.0,0.0,961.0,445.0,0.0,0.0
865,2026-05-14 23:08:50,2026-5-14_stair2_left.csv,stair2,0.0,0.0,5952.0,3979.0,0.0,0.0,0.0,0.0,5351.0,3633.0,0.0,0.0,0.0,0.0,961.0,445.0,0.0,0.0
866,2026-05-14 23:08:50,2026-5-14_stair2_left.csv,stair2,0.0,0.0,3283.0,943.0,0.0,0.0,309.0,0.0,3035.0,964.0,0.0,0.0,820.0,0.0,720.0,983.0,434.0,0.0
867,2026-05-14 23:08:50,2026-5-14_stair2_left.csv,stair2,0.0,0.0,3283.0,943.0,0.0,0.0,309.0,0.0,3035.0,964.0,0.0,0.0,820.0,0.0,720.0,983.0,434.0,0.0
868,2026-05-14 23:08:50,2026-5-14_stair2_left.csv,stair2,429.0,0.0,2006.0,0.0,0.0,0.0,1036.0,0.0,2089.0,0.0,0.0,0.0,1693.0,0.0,612.0,1439.0,1090.0,0.0
869,2026-05-14 23:08:50,2026-5-14_stair2_left.csv,stair2,429.0,0.0,2006.0,0.0,0.0,0.0,1036.0,0.0,2089.0,0.0,0.0,0.0,1693.0,0.0,612.0,1439.0,1090.0,0.0
870,2026-05-14 23:08:50,2026-5-14_stair2_left.csv,stair2,429.0,0.0,2006.0,0.0,0.0,0.0,1036.0,0.0,2089.0,0.0,0.0,0.0,1693.0,0.0,612.0,1439.0,1090.0,0.0
871,2026-05-14 23:08:50,2026-5-14_stair2_left.csv,stair2,2939.0,47.0,1788.0,0.0,0.0,0.0,4246.0,0.0,1841.0,0.0,0.0,370.0,5157.0,0.0,914.0,2229.0,2820.0,0.0
872,2026-05-14 23:08:50,2026-5-14_stair2_left.csv,stair2,2939.0,47.0,1788.0,0.0,0.0,0.0,4246.0,0.0,1841.0,0.0,0.0,370.0,5157.0,0.0,914.0,2229.0,2820.0,0.0
873,2026-05-14 23:08:50,2026-5-14_stair2_left.csv,stair2,2771.0,885.0,589.0,0.0,0.0,0.0,2521.0,0.0,312.0,0.0,0.0,0.0,1824.0,0.0,0.0,457.0,0.0,0.0
874,2026-05-14 23:08:50,2026-5-14_stair2_left.csv,stair2,2771.0,885.0,589.0,0.0,0.0,0.0,2521.0,0.0,312.0,0.0,0.0,0.0,1824.0,0.0,0.0,457.0,0.0,0.0
875,2026-05-14 23:08:50,2026-5-14_stair2_left.csv,stair2,2771.0,885.0,589.0,0.0,0.0,0.0,2521.0,0.0,312.0,0.0,0.0,0.0,1824.0,0.0,0.0,457.0,0.0,0.0
876,2026-05-14 23:08:50,2026-5-14_stair2_left.csv,stair2,633.0,0.0,0.0,0.0,0.0,0.0,0.0,0.0,0.0,0.0,0.0,0.0,0.0,0.0,0.0,0.0,0.0,0.0
877,2026-05-14 23:08:51,2026-5-14_stair2_left.csv,stair2,633.0,0.0,0.0,0.0,0.0,0.0,0.0,0.0,0.0,0.0,0.0,0.0,0.0,0.0,0.0,0.0,0.0,0.0
878,2026-05-14 23:08:51,2026-5-14_stair2_left.csv,stair2,0.0,0.0,0.0,0.0,0.0,0.0,0.0,0.0,0.0,0.0,0.0,0.0,0.0,0.0,0.0,0.0,0.0,0.0
879,2026-05-14 23:08:51,2026-5-14_stair2_left.csv,stair2,0.0,0.0,0.0,0.0,0.0,0.0,0.0,0.0,0.0,0.0,0.0,0.0,0.0,0.0,0.0,0.0,0.0,0.0
880,2026-05-14 23:08:51,2026-5-14_stair2_left.csv,stair2,0.0,0.0,0.0,0.0,0.0,0.0,0.0,0.0,0.0,0.0,0.0,0.0,0.0,0.0,0.0,0.0,0.0,0.0
881,2026-05-14 23:08:51,2026-5-14_stair2_left.csv,stair2,0.0,0.0,0.0,0.0,0.0,0.0,0.0,0.0,0.0,0.0,0.0,0.0,0.0,0.0,0.0,0.0,0.0,0.0
882,2026-05-14 23:08:51,2026-5-14_stair2_left.csv,stair2,0.0,0.0,0.0,0.0,0.0,0.0,0.0,0.0,0.0,0.0,0.0,0.0,0.0,0.0,0.0,0.0,0.0,0.0
883,2026-05-14 23:08:51,2026-5-14_stair2_left.csv,stair2,0.0,0.0,0.0,0.0,0.0,0.0,0.0,0.0,0.0,0.0,0.0,0.0,0.0,0.0,0.0,0.0,0.0,0.0
884,2026-05-14 23:08:51,2026-5-14_stair2_left.csv,stair2,0.0,0.0,5193.0,2093.0,0.0,0.0,0.0,0.0,6219.0,3170.0,0.0,0.0,0.0,0.0,742.0,142.0,0.0,0.0
885,2026-05-14 23:08:51,2026-5-14_stair2_left.csv,stair2,0.0,0.0,5193.0,2093.0,0.0,0.0,0.0,0.0,6219.0,3170.0,0.0,0.0,0.0,0.0,742.0,142.0,0.0,0.0
886,2026-05-14 23:08:51,2026-5-14_stair2_left.csv,stair2,0.0,0.0,5193.0,2093.0,0.0,0.0,0.0,0.0,6219.0,3170.0,0.0,0.0,0.0,0.0,742.0,142.0,0.0,0.0
887,2026-05-14 23:08:51,2026-5-14_stair2_left.csv,stair2,0.0,0.0,7982.0,5000.0,0.0,0.0,0.0,0.0,8176.0,5998.0,0.0,0.0,0.0,0.0,2301.0,1543.0,261.0,0.0
888,2026-05-14 23:08:51,2026-5-14_stair2_left.csv,stair2,0.0,0.0,7982.0,5000.0,0.0,0.0,0.0,0.0,8176.0,5998.0,0.0,0.0,0.0,0.0,2301.0,1543.0,261.0,0.0
889,2026-05-14 23:08:51,2026-5-14_stair2_left.csv,stair2,0.0,0.0,7267.0,4709.0,0.0,0.0,0.0,0.0,7477.0,5653.0,0.0,0.0,0.0,0.0,2476.0,1862.0,562.0,0.0
890,2026-05-14 23:08:51,2026-5-14_stair2_left.csv,stair2,0.0,0.0,7267.0,4709.0,0.0,0.0,0.0,0.0,7477.0,5653.0,0.0,0.0,0.0,0.0,2476.0,1862.0,562.0,0.0
891,2026-05-14 23:08:51,2026-5-14_stair2_left.csv,stair2,0.0,0.0,7267.0,4709.0,0.0,0.0,0.0,0.0,7477.0,5653.0,0.0,0.0,0.0,0.0,2476.0,1862.0,562.0,0.0
892,2026-05-14 23:08:51,2026-5-14_stair2_left.csv,stair2,0.0,0.0,4081.0,2168.0,0.0,0.0,0.0,0.0,4546.0,3053.0,282.0,82.0,1641.0,0.0,3009.0,3397.0,2737.0,0.0
893,2026-05-14 23:08:51,2026-5-14_stair2_left.csv,stair2,0.0,0.0,4081.0,2168.0,0.0,0.0,0.0,0.0,4546.0,3053.0,282.0,82.0,1641.0,0.0,3009.0,3397.0,2737.0,0.0
894,2026-05-14 23:08:51,2026-5-14_stair2_left.csv,stair2,0.0,0.0,4081.0,2168.0,0.0,0.0,0.0,0.0,4546.0,3053.0,282.0,82.0,1641.0,0.0,3009.0,3397.0,2737.0,0.0
895,2026-05-14 23:08:51,2026-5-14_stair2_left.csv,stair2,1708.0,0.0,1958.0,0.0,0.0,0.0,4023.0,0.0,2154.0,0.0,0.0,184.0,6398.0,0.0,1494.0,2797.0,4411.0,0.0
896,2026-05-14 23:08:51,2026-5-14_stair2_left.csv,stair2,1708.0,0.0,1958.0,0.0,0.0,0.0,4023.0,0.0,2154.0,0.0,0.0,184.0,6398.0,0.0,1494.0,2797.0,4411.0,0.0
897,2026-05-14 23:08:52,2026-5-14_stair2_left.csv,stair2,1708.0,0.0,1958.0,0.0,0.0,0.0,4023.0,0.0,2154.0,0.0,0.0,184.0,6398.0,0.0,1494.0,2797.0,4411.0,0.0
898,2026-05-14 23:08:52,2026-5-14_stair2_left.csv,stair2,2254.0,0.0,1386.0,0.0,0.0,0.0,4335.0,0.0,1487.0,0.0,0.0,0.0,5488.0,0.0,572.0,1453.0,2433.0,0.0
899,2026-05-14 23:08:52,2026-5-14_stair2_left.csv,stair2,2254.0,0.0,1386.0,0.0,0.0,0.0,4335.0,0.0,1487.0,0.0,0.0,0.0,5488.0,0.0,572.0,1453.0,2433.0,0.0
900,2026-05-14 23:08:52,2026-5-14_stair2_left.csv,stair2,2254.0,0.0,1386.0,0.0,0.0,0.0,4335.0,0.0,1487.0,0.0,0.0,0.0,5488.0,0.0,572.0,1453.0,2433.0,0.0
901,2026-05-14 23:08:52,2026-5-14_stair2_left.csv,stair2,2254.0,0.0,1386.0,0.0,0.0,0.0,4335.0,0.0,1487.0,0.0,0.0,0.0,5488.0,0.0,572.0,1453.0,2433.0,0.0
902,2026-05-14 23:08:52,2026-5-14_stair2_left.csv,stair2,2254.0,0.0,1386.0,0.0,0.0,0.0,4335.0,0.0,1487.0,0.0,0.0,0.0,5488.0,0.0,572.0,1453.0,2433.0,0.0
903,2026-05-14 23:08:52,2026-5-14_stair2_left.csv,stair2,2254.0,0.0,1386.0,0.0,0.0,0.0,4335.0,0.0,1487.0,0.0,0.0,0.0,5488.0,0.0,572.0,1453.0,2433.0,0.0
904,2026-05-14 23:08:52,2026-5-14_stair2_left.csv,stair2,2254.0,0.0,1386.0,0.0,0.0,0.0,4335.0,0.0,1487.0,0.0,0.0,0.0,5488.0,0.0,572.0,1453.0,2433.0,0.0
905,2026-05-14 23:08:52,2026-5-14_stair2_left.csv,stair2,2254.0,0.0,1386.0,0.0,0.0,0.0,4335.0,0.0,1487.0,0.0,0.0,0.0,5488.0,0.0,572.0,1453.0,2433.0,0.0
906,2026-05-14 23:08:52,2026-5-14_stair2_left.csv,stair2,2254.0,0.0,1386.0,0.0,0.0,0.0,4335.0,0.0,1487.0,0.0,0.0,0.0,5488.0,0.0,572.0,1453.0,2433.0,0.0
907,2026-05-14 23:08:52,2026-5-14_stair2_left.csv,stair2,2254.0,0.0,1386.0,0.0,0.0,0.0,4335.0,0.0,1487.0,0.0,0.0,0.0,5488.0,0.0,572.0,1453.0,2433.0,0.0
908,2026-05-14 23:08:52,2026-5-14_stair2_left.csv,stair2,2254.0,0.0,1386.0,0.0,0.0,0.0,4335.0,0.0,1487.0,0.0,0.0,0.0,5488.0,0.0,572.0,1453.0,2433.0,0.0
909,2026-05-14 23:08:52,2026-5-14_stair2_left.csv,stair2,2254.0,0.0,1386.0,0.0,0.0,0.0,4335.0,0.0,1487.0,0.0,0.0,0.0,5488.0,0.0,572.0,1453.0,2433.0,0.0
910,2026-05-14 23:08:52,2026-5-14_stair2_left.csv,stair2,2254.0,0.0,1386.0,0.0,0.0,0.0,4335.0,0.0,1487.0,0.0,0.0,0.0,5488.0,0.0,572.0,1453.0,2433.0,0.0
911,2026-05-14 23:08:52,2026-5-14_stair2_left.csv,stair2,2254.0,0.0,1386.0,0.0,0.0,0.0,4335.0,0.0,1487.0,0.0,0.0,0.0,5488.0,0.0,572.0,1453.0,2433.0,0.0
912,2026-05-14 23:08:52,2026-5-14_stair2_left.csv,stair2,2254.0,0.0,1386.0,0.0,0.0,0.0,4335.0,0.0,1487.0,0.0,0.0,0.0,5488.0,0.0,572.0,1453.0,2433.0,0.0
913,2026-05-14 23:08:52,2026-5-14_stair2_left.csv,stair2,2254.0,0.0,1386.0,0.0,0.0,0.0,4335.0,0.0,1487.0,0.0,0.0,0.0,5488.0,0.0,572.0,1453.0,2433.0,0.0
914,2026-05-14 23:08:52,2026-5-14_stair2_left.csv,stair2,2254.0,0.0,1386.0,0.0,0.0,0.0,4335.0,0.0,1487.0,0.0,0.0,0.0,5488.0,0.0,572.0,1453.0,2433.0,0.0
915,2026-05-14 23:08:52,2026-5-14_stair2_left.csv,stair2,2254.0,0.0,1386.0,0.0,0.0,0.0,4335.0,0.0,1487.0,0.0,0.0,0.0,5488.0,0.0,572.0,1453.0,2433.0,0.0
916,2026-05-14 23:08:52,2026-5-14_stair2_left.csv,stair2,2254.0,0.0,1386.0,0.0,0.0,0.0,4335.0,0.0,1487.0,0.0,0.0,0.0,5488.0,0.0,572.0,1453.0,2433.0,0.0
917,2026-05-14 23:08:53,2026-5-14_stair2_left.csv,stair2,2254.0,0.0,1386.0,0.0,0.0,0.0,4335.0,0.0,1487.0,0.0,0.0,0.0,5488.0,0.0,572.0,1453.0,2433.0,0.0
918,2026-05-14 23:08:53,2026-5-14_stair2_left.csv,stair2,2254.0,0.0,1386.0,0.0,0.0,0.0,4335.0,0.0,1487.0,0.0,0.0,0.0,5488.0,0.0,572.0,1453.0,2433.0,0.0
919,2026-05-14 23:08:53,2026-5-14_stair2_left.csv,stair2,2254.0,0.0,1386.0,0.0,0.0,0.0,4335.0,0.0,1487.0,0.0,0.0,0.0,5488.0,0.0,572.0,1453.0,2433.0,0.0
920,2026-05-14 23:08:53,2026-5-14_stair2_left.csv,stair2,2254.0,0.0,1386.0,0.0,0.0,0.0,4335.0,0.0,1487.0,0.0,0.0,0.0,5488.0,0.0,572.0,1453.0,2433.0,0.0
921,2026-05-14 23:08:53,2026-5-14_stair2_left.csv,stair2,2254.0,0.0,1386.0,0.0,0.0,0.0,4335.0,0.0,1487.0,0.0,0.0,0.0,5488.0,0.0,572.0,1453.0,2433.0,0.0
922,2026-05-14 23:08:53,2026-5-14_stair2_left.csv,stair2,2254.0,0.0,1386.0,0.0,0.0,0.0,4335.0,0.0,1487.0,0.0,0.0,0.0,5488.0,0.0,572.0,1453.0,2433.0,0.0
923,2026-05-14 23:08:53,2026-5-14_stair2_left.csv,stair2,2254.0,0.0,1386.0,0.0,0.0,0.0,4335.0,0.0,1487.0,0.0,0.0,0.0,5488.0,0.0,572.0,1453.0,2433.0,0.0
924,2026-05-14 23:08:53,2026-5-14_stair2_left.csv,stair2,2254.0,0.0,1386.0,0.0,0.0,0.0,4335.0,0.0,1487.0,0.0,0.0,0.0,5488.0,0.0,572.0,1453.0,2433.0,0.0
925,2026-05-14 23:08:53,2026-5-14_stair2_left.csv,stair2,2254.0,0.0,1386.0,0.0,0.0,0.0,4335.0,0.0,1487.0,0.0,0.0,0.0,5488.0,0.0,572.0,1453.0,2433.0,0.0
926,2026-05-14 23:08:53,2026-5-14_stair2_left.csv,stair2,2254.0,0.0,1386.0,0.0,0.0,0.0,4335.0,0.0,1487.0,0.0,0.0,0.0,5488.0,0.0,572.0,1453.0,2433.0,0.0
927,2026-05-14 23:08:53,2026-5-14_stair2_left.csv,stair2,2254.0,0.0,1386.0,0.0,0.0,0.0,4335.0,0.0,1487.0,0.0,0.0,0.0,5488.0,0.0,572.0,1453.0,2433.0,0.0
928,2026-05-14 23:08:53,2026-5-14_stair2_left.csv,stair2,2254.0,0.0,1386.0,0.0,0.0,0.0,4335.0,0.0,1487.0,0.0,0.0,0.0,5488.0,0.0,572.0,1453.0,2433.0,0.0
929,2026-05-14 23:08:53,2026-5-14_stair2_left.csv,stair2,2254.0,0.0,1386.0,0.0,0.0,0.0,4335.0,0.0,1487.0,0.0,0.0,0.0,5488.0,0.0,572.0,1453.0,2433.0,0.0
930,2026-05-14 23:08:53,2026-5-14_stair2_left.csv,stair2,2254.0,0.0,1386.0,0.0,0.0,0.0,4335.0,0.0,1487.0,0.0,0.0,0.0,5488.0,0.0,572.0,1453.0,2433.0,0.0
931,2026-05-14 23:08:53,2026-5-14_stair2_left.csv,stair2,2254.0,0.0,1386.0,0.0,0.0,0.0,4335.0,0.0,1487.0,0.0,0.0,0.0,5488.0,0.0,572.0,1453.0,2433.0,0.0
932,2026-05-14 23:08:53,2026-5-14_stair2_left.csv,stair2,2254.0,0.0,1386.0,0.0,0.0,0.0,4335.0,0.0,1487.0,0.0,0.0,0.0,5488.0,0.0,572.0,1453.0,2433.0,0.0
933,2026-05-14 23:08:53,2026-5-14_stair2_left.csv,stair2,2254.0,0.0,1386.0,0.0,0.0,0.0,4335.0,0.0,1487.0,0.0,0.0,0.0,5488.0,0.0,572.0,1453.0,2433.0,0.0
934,2026-05-14 23:08:53,2026-5-14_stair2_left.csv,stair2,2254.0,0.0,1386.0,0.0,0.0,0.0,4335.0,0.0,1487.0,0.0,0.0,0.0,5488.0,0.0,572.0,1453.0,2433.0,0.0
935,2026-05-14 23:08:53,2026-5-14_stair2_left.csv,stair2,2254.0,0.0,1386.0,0.0,0.0,0.0,4335.0,0.0,1487.0,0.0,0.0,0.0,5488.0,0.0,572.0,1453.0,2433.0,0.0
936,2026-05-14 23:08:53,2026-5-14_stair2_left.csv,stair2,2254.0,0.0,1386.0,0.0,0.0,0.0,4335.0,0.0,1487.0,0.0,0.0,0.0,5488.0,0.0,572.0,1453.0,2433.0,0.0
937,2026-05-14 23:08:54,2026-5-14_stair2_left.csv,stair2,2254.0,0.0,1386.0,0.0,0.0,0.0,4335.0,0.0,1487.0,0.0,0.0,0.0,5488.0,0.0,572.0,1453.0,2433.0,0.0
938,2026-05-14 23:08:54,2026-5-14_stair2_left.csv,stair2,2254.0,0.0,1386.0,0.0,0.0,0.0,4335.0,0.0,1487.0,0.0,0.0,0.0,5488.0,0.0,572.0,1453.0,2433.0,0.0
939,2026-05-14 23:08:54,2026-5-14_stair2_left.csv,stair2,2254.0,0.0,1386.0,0.0,0.0,0.0,4335.0,0.0,1487.0,0.0,0.0,0.0,5488.0,0.0,572.0,1453.0,2433.0,0.0
940,2026-05-14 23:08:54,2026-5-14_stair2_left.csv,stair2,2254.0,0.0,1386.0,0.0,0.0,0.0,4335.0,0.0,1487.0,0.0,0.0,0.0,5488.0,0.0,572.0,1453.0,2433.0,0.0
941,2026-05-14 23:08:54,2026-5-14_stair2_left.csv,stair2,2254.0,0.0,1386.0,0.0,0.0,0.0,4335.0,0.0,1487.0,0.0,0.0,0.0,5488.0,0.0,572.0,1453.0,2433.0,0.0
942,2026-05-14 23:08:54,2026-5-14_stair2_left.csv,stair2,2254.0,0.0,1386.0,0.0,0.0,0.0,4335.0,0.0,1487.0,0.0,0.0,0.0,5488.0,0.0,572.0,1453.0,2433.0,0.0
943,2026-05-14 23:08:54,2026-5-14_stair2_left.csv,stair2,2254.0,0.0,1386.0,0.0,0.0,0.0,4335.0,0.0,1487.0,0.0,0.0,0.0,5488.0,0.0,572.0,1453.0,2433.0,0.0
944,2026-05-14 23:08:54,2026-5-14_stair2_left.csv,stair2,2254.0,0.0,1386.0,0.0,0.0,0.0,4335.0,0.0,1487.0,0.0,0.0,0.0,5488.0,0.0,572.0,1453.0,2433.0,0.0
945,2026-05-14 23:08:54,2026-5-14_stair2_left.csv,stair2,2254.0,0.0,1386.0,0.0,0.0,0.0,4335.0,0.0,1487.0,0.0,0.0,0.0,5488.0,0.0,572.0,1453.0,2433.0,0.0
946,2026-05-14 23:08:54,2026-5-14_stair2_left.csv,stair2,2254.0,0.0,1386.0,0.0,0.0,0.0,4335.0,0.0,1487.0,0.0,0.0,0.0,5488.0,0.0,572.0,1453.0,2433.0,0.0
947,2026-05-14 23:08:54,2026-5-14_stair2_left.csv,stair2,2254.0,0.0,1386.0,0.0,0.0,0.0,4335.0,0.0,1487.0,0.0,0.0,0.0,5488.0,0.0,572.0,1453.0,2433.0,0.0
948,2026-05-14 23:08:54,2026-5-14_stair2_left.csv,stair2,2254.0,0.0,1386.0,0.0,0.0,0.0,4335.0,0.0,1487.0,0.0,0.0,0.0,5488.0,0.0,572.0,1453.0,2433.0,0.0
949,2026-05-14 23:08:54,2026-5-14_stair2_left.csv,stair2,2254.0,0.0,1386.0,0.0,0.0,0.0,4335.0,0.0,1487.0,0.0,0.0,0.0,5488.0,0.0,572.0,1453.0,2433.0,0.0
950,2026-05-14 23:08:54,2026-5-14_stair2_left.csv,stair2,2254.0,0.0,1386.0,0.0,0.0,0.0,4335.0,0.0,1487.0,0.0,0.0,0.0,5488.0,0.0,572.0,1453.0,2433.0,0.0
951,2026-05-14 23:08:54,2026-5-14_stair2_left.csv,stair2,2254.0,0.0,1386.0,0.0,0.0,0.0,4335.0,0.0,1487.0,0.0,0.0,0.0,5488.0,0.0,572.0,1453.0,2433.0,0.0
952,2026-05-14 23:08:54,2026-5-14_stair2_left.csv,stair2,2254.0,0.0,1386.0,0.0,0.0,0.0,4335.0,0.0,1487.0,0.0,0.0,0.0,5488.0,0.0,572.0,1453.0,2433.0,0.0
953,2026-05-14 23:08:54,2026-5-14_stair2_left.csv,stair2,2254.0,0.0,1386.0,0.0,0.0,0.0,4335.0,0.0,1487.0,0.0,0.0,0.0,5488.0,0.0,572.0,1453.0,2433.0,0.0
954,2026-05-14 23:08:54,2026-5-14_stair2_left.csv,stair2,2254.0,0.0,1386.0,0.0,0.0,0.0,4335.0,0.0,1487.0,0.0,0.0,0.0,5488.0,0.0,572.0,1453.0,2433.0,0.0
955,2026-05-14 23:08:54,2026-5-14_stair2_left.csv,stair2,2254.0,0.0,1386.0,0.0,0.0,0.0,4335.0,0.0,1487.0,0.0,0.0,0.0,5488.0,0.0,572.0,1453.0,2433.0,0.0
956,2026-05-14 23:08:54,2026-5-14_stair2_left.csv,stair2,2254.0,0.0,1386.0,0.0,0.0,0.0,4335.0,0.0,1487.0,0.0,0.0,0.0,5488.0,0.0,572.0,1453.0,2433.0,0.0
957,2026-05-14 23:08:55,2026-5-14_stair2_left.csv,stair2,2254.0,0.0,1386.0,0.0,0.0,0.0,4335.0,0.0,1487.0,0.0,0.0,0.0,5488.0,0.0,572.0,1453.0,2433.0,0.0
958,2026-05-14 23:08:55,2026-5-14_stair2_left.csv,stair2,2254.0,0.0,1386.0,0.0,0.0,0.0,4335.0,0.0,1487.0,0.0,0.0,0.0,5488.0,0.0,572.0,1453.0,2433.0,0.0
959,2026-05-14 23:08:55,2026-5-14_stair2_left.csv,stair2,2254.0,0.0,1386.0,0.0,0.0,0.0,4335.0,0.0,1487.0,0.0,0.0,0.0,5488.0,0.0,572.0,1453.0,2433.0,0.0
960,2026-05-14 23:08:55,2026-5-14_stair2_left.csv,stair2,2254.0,0.0,1386.0,0.0,0.0,0.0,4335.0,0.0,1487.0,0.0,0.0,0.0,5488.0,0.0,572.0,1453.0,2433.0,0.0
961,2026-05-14 23:08:55,2026-5-14_stair2_left.csv,stair2,2254.0,0.0,1386.0,0.0,0.0,0.0,4335.0,0.0,1487.0,0.0,0.0,0.0,5488.0,0.0,572.0,1453.0,2433.0,0.0
962,2026-05-14 23:08:55,2026-5-14_stair2_left.csv,stair2,2254.0,0.0,1386.0,0.0,0.0,0.0,4335.0,0.0,1487.0,0.0,0.0,0.0,5488.0,0.0,572.0,1453.0,2433.0,0.0
963,2026-05-14 23:08:55,2026-5-14_stair2_left.csv,stair2,2254.0,0.0,1386.0,0.0,0.0,0.0,4335.0,0.0,1487.0,0.0,0.0,0.0,5488.0,0.0,572.0,1453.0,2433.0,0.0
964,2026-05-14 23:08:55,2026-5-14_stair2_left.csv,stair2,2254.0,0.0,1386.0,0.0,0.0,0.0,4335.0,0.0,1487.0,0.0,0.0,0.0,5488.0,0.0,572.0,1453.0,2433.0,0.0
965,2026-05-14 23:08:55,2026-5-14_stair2_left.csv,stair2,2254.0,0.0,1386.0,0.0,0.0,0.0,4335.0,0.0,1487.0,0.0,0.0,0.0,5488.0,0.0,572.0,1453.0,2433.0,0.0
966,2026-05-14 23:08:55,2026-5-14_stair2_left.csv,stair2,2254.0,0.0,1386.0,0.0,0.0,0.0,4335.0,0.0,1487.0,0.0,0.0,0.0,5488.0,0.0,572.0,1453.0,2433.0,0.0
967,2026-05-14 23:08:55,2026-5-14_stair2_left.csv,stair2,2254.0,0.0,1386.0,0.0,0.0,0.0,4335.0,0.0,1487.0,0.0,0.0,0.0,5488.0,0.0,572.0,1453.0,2433.0,0.0
968,2026-05-14 23:08:55,2026-5-14_stair2_left.csv,stair2,2254.0,0.0,1386.0,0.0,0.0,0.0,4335.0,0.0,1487.0,0.0,0.0,0.0,5488.0,0.0,572.0,1453.0,2433.0,0.0
969,2026-05-14 23:08:55,2026-5-14_stair2_left.csv,stair2,2254.0,0.0,1386.0,0.0,0.0,0.0,4335.0,0.0,1487.0,0.0,0.0,0.0,5488.0,0.0,572.0,1453.0,2433.0,0.0
970,2026-05-14 23:08:55,2026-5-14_stair2_left.csv,stair2,2254.0,0.0,1386.0,0.0,0.0,0.0,4335.0,0.0,1487.0,0.0,0.0,0.0,5488.0,0.0,572.0,1453.0,2433.0,0.0
971,2026-05-14 23:08:55,2026-5-14_stair2_left.csv,stair2,2254.0,0.0,1386.0,0.0,0.0,0.0,4335.0,0.0,1487.0,0.0,0.0,0.0,5488.0,0.0,572.0,1453.0,2433.0,0.0
972,2026-05-14 23:08:55,2026-5-14_stair2_left.csv,stair2,2254.0,0.0,1386.0,0.0,0.0,0.0,4335.0,0.0,1487.0,0.0,0.0,0.0,5488.0,0.0,572.0,1453.0,2433.0,0.0
973,2026-05-14 23:08:55,2026-5-14_stair2_left.csv,stair2,2254.0,0.0,1386.0,0.0,0.0,0.0,4335.0,0.0,1487.0,0.0,0.0,0.0,5488.0,0.0,572.0,1453.0,2433.0,0.0
974,2026-05-14 23:08:55,2026-5-14_stair2_left.csv,stair2,2254.0,0.0,1386.0,0.0,0.0,0.0,4335.0,0.0,1487.0,0.0,0.0,0.0,5488.0,0.0,572.0,1453.0,2433.0,0.0
975,2026-05-14 23:08:55,2026-5-14_stair2_left.csv,stair2,2254.0,0.0,1386.0,0.0,0.0,0.0,4335.0,0.0,1487.0,0.0,0.0,0.0,5488.0,0.0,572.0,1453.0,2433.0,0.0
976,2026-05-14 23:08:55,2026-5-14_stair2_left.csv,stair2,2254.0,0.0,1386.0,0.0,0.0,0.0,4335.0,0.0,1487.0,0.0,0.0,0.0,5488.0,0.0,572.0,1453.0,2433.0,0.0
977,2026-05-14 23:08:56,2026-5-14_stair2_left.csv,stair2,2254.0,0.0,1386.0,0.0,0.0,0.0,4335.0,0.0,1487.0,0.0,0.0,0.0,5488.0,0.0,572.0,1453.0,2433.0,0.0
978,2026-05-14 23:08:56,2026-5-14_stair2_left.csv,stair2,2254.0,0.0,1386.0,0.0,0.0,0.0,4335.0,0.0,1487.0,0.0,0.0,0.0,5488.0,0.0,572.0,1453.0,2433.0,0.0
979,2026-05-14 23:08:56,2026-5-14_stair2_left.csv,stair2,2254.0,0.0,1386.0,0.0,0.0,0.0,4335.0,0.0,1487.0,0.0,0.0,0.0,5488.0,0.0,572.0,1453.0,2433.0,0.0
980,2026-05-14 23:08:56,2026-5-14_stair2_left.csv,stair2,2254.0,0.0,1386.0,0.0,0.0,0.0,4335.0,0.0,1487.0,0.0,0.0,0.0,5488.0,0.0,572.0,1453.0,2433.0,0.0
981,2026-05-14 23:08:56,2026-5-14_stair2_left.csv,stair2,2254.0,0.0,1386.0,0.0,0.0,0.0,4335.0,0.0,1487.0,0.0,0.0,0.0,5488.0,0.0,572.0,1453.0,2433.0,0.0
982,2026-05-14 23:08:56,2026-5-14_stair2_left.csv,stair2,2254.0,0.0,1386.0,0.0,0.0,0.0,4335.0,0.0,1487.0,0.0,0.0,0.0,5488.0,0.0,572.0,1453.0,2433.0,0.0
983,2026-05-14 23:08:56,2026-5-14_stair2_left.csv,stair2,2254.0,0.0,1386.0,0.0,0.0,0.0,4335.0,0.0,1487.0,0.0,0.0,0.0,5488.0,0.0,572.0,1453.0,2433.0,0.0
984,2026-05-14 23:08:56,2026-5-14_stair2_left.csv,stair2,2254.0,0.0,1386.0,0.0,0.0,0.0,4335.0,0.0,1487.0,0.0,0.0,0.0,5488.0,0.0,572.0,1453.0,2433.0,0.0
985,2026-05-14 23:08:56,2026-5-14_stair2_left.csv,stair2,2254.0,0.0,1386.0,0.0,0.0,0.0,4335.0,0.0,1487.0,0.0,0.0,0.0,5488.0,0.0,572.0,1453.0,2433.0,0.0
986,2026-05-14 23:08:56,2026-5-14_stair2_left.csv,stair2,2254.0,0.0,1386.0,0.0,0.0,0.0,4335.0,0.0,1487.0,0.0,0.0,0.0,5488.0,0.0,572.0,1453.0,2433.0,0.0
987,2026-05-14 23:08:56,2026-5-14_stair2_left.csv,stair2,2254.0,0.0,1386.0,0.0,0.0,0.0,4335.0,0.0,1487.0,0.0,0.0,0.0,5488.0,0.0,572.0,1453.0,2433.0,0.0
988,2026-05-14 23:08:56,2026-5-14_stair2_left.csv,stair2,2254.0,0.0,1386.0,0.0,0.0,0.0,4335.0,0.0,1487.0,0.0,0.0,0.0,5488.0,0.0,572.0,1453.0,2433.0,0.0
989,2026-05-14 23:08:56,2026-5-14_stair2_left.csv,stair2,2254.0,0.0,1386.0,0.0,0.0,0.0,4335.0,0.0,1487.0,0.0,0.0,0.0,5488.0,0.0,572.0,1453.0,2433.0,0.0
990,2026-05-14 23:08:56,2026-5-14_stair2_left.csv,stair2,2254.0,0.0,1386.0,0.0,0.0,0.0,4335.0,0.0,1487.0,0.0,0.0,0.0,5488.0,0.0,572.0,1453.0,2433.0,0.0
991,2026-05-14 23:08:56,2026-5-14_stair2_left.csv,stair2,2254.0,0.0,1386.0,0.0,0.0,0.0,4335.0,0.0,1487.0,0.0,0.0,0.0,5488.0,0.0,572.0,1453.0,2433.0,0.0
992,2026-05-14 23:08:56,2026-5-14_stair2_left.csv,stair2,2254.0,0.0,1386.0,0.0,0.0,0.0,4335.0,0.0,1487.0,0.0,0.0,0.0,5488.0,0.0,572.0,1453.0,2433.0,0.0
993,2026-05-14 23:08:56,2026-5-14_stair2_left.csv,stair2,2254.0,0.0,1386.0,0.0,0.0,0.0,4335.0,0.0,1487.0,0.0,0.0,0.0,5488.0,0.0,572.0,1453.0,2433.0,0.0
994,2026-05-14 23:08:56,2026-5-14_stair2_left.csv,stair2,2254.0,0.0,1386.0,0.0,0.0,0.0,4335.0,0.0,1487.0,0.0,0.0,0.0,5488.0,0.0,572.0,1453.0,2433.0,0.0
995,2026-05-14 23:08:56,2026-5-14_stair2_left.csv,stair2,2254.0,0.0,1386.0,0.0,0.0,0.0,4335.0,0.0,1487.0,0.0,0.0,0.0,5488.0,0.0,572.0,1453.0,2433.0,0.0
996,2026-05-14 23:08:56,2026-5-14_stair2_left.csv,stair2,2254.0,0.0,1386.0,0.0,0.0,0.0,4335.0,0.0,1487.0,0.0,0.0,0.0,5488.0,0.0,572.0,1453.0,2433.0,0.0
997,2026-05-14 23:08:57,2026-5-14_stair2_left.csv,stair2,2254.0,0.0,1386.0,0.0,0.0,0.0,4335.0,0.0,1487.0,0.0,0.0,0.0,5488.0,0.0,572.0,1453.0,2433.0,0.0
998,2026-05-14 23:08:57,2026-5-14_stair2_left.csv,stair2,2254.0,0.0,1386.0,0.0,0.0,0.0,4335.0,0.0,1487.0,0.0,0.0,0.0,5488.0,0.0,572.0,1453.0,2433.0,0.0
999,2026-05-14 23:08:57,2026-5-14_stair2_left.csv,stair2,2254.0,0.0,1386.0,0.0,0.0,0.0,4335.0,0.0,1487.0,0.0,0.0,0.0,5488.0,0.0,572.0,1453.0,2433.0,0.0
1000,2026-05-14 23:08:57,2026-5-14_stair2_left.csv,stair2,2254.0,0.0,1386.0,0.0,0.0,0.0,4335.0,0.0,1487.0,0.0,0.0,0.0,5488.0,0.0,572.0,1453.0,2433.0,0.0
1001,2026-05-14 23:08:57,2026-5-14_stair2_left.csv,stair2,2254.0,0.0,1386.0,0.0,0.0,0.0,4335.0,0.0,1487.0,0.0,0.0,0.0,5488.0,0.0,572.0,1453.0,2433.0,0.0
1002,2026-05-14 23:08:57,2026-5-14_stair2_left.csv,stair2,2254.0,0.0,1386.0,0.0,0.0,0.0,4335.0,0.0,1487.0,0.0,0.0,0.0,5488.0,0.0,572.0,1453.0,2433.0,0.0
1003,2026-05-14 23:08:57,2026-5-14_stair2_left.csv,stair2,2254.0,0.0,1386.0,0.0,0.0,0.0,4335.0,0.0,1487.0,0.0,0.0,0.0,5488.0,0.0,572.0,1453.0,2433.0,0.0
1004,2026-05-14 23:08:57,2026-5-14_stair2_left.csv,stair2,2254.0,0.0,1386.0,0.0,0.0,0.0,4335.0,0.0,1487.0,0.0,0.0,0.0,5488.0,0.0,572.0,1453.0,2433.0,0.0
1005,2026-05-14 23:08:57,2026-5-14_stair2_left.csv,stair2,2254.0,0.0,1386.0,0.0,0.0,0.0,4335.0,0.0,1487.0,0.0,0.0,0.0,5488.0,0.0,572.0,1453.0,2433.0,0.0
1006,2026-05-14 23:08:57,2026-5-14_stair2_left.csv,stair2,2254.0,0.0,1386.0,0.0,0.0,0.0,4335.0,0.0,1487.0,0.0,0.0,0.0,5488.0,0.0,572.0,1453.0,2433.0,0.0
1007,2026-05-14 23:08:57,2026-5-14_stair2_left.csv,stair2,2254.0,0.0,1386.0,0.0,0.0,0.0,4335.0,0.0,1487.0,0.0,0.0,0.0,5488.0,0.0,572.0,1453.0,2433.0,0.0
1008,2026-05-14 23:08:57,2026-5-14_stair2_left.csv,stair2,2254.0,0.0,1386.0,0.0,0.0,0.0,4335.0,0.0,1487.0,0.0,0.0,0.0,5488.0,0.0,572.0,1453.0,2433.0,0.0
1009,2026-05-14 23:08:57,2026-5-14_stair2_left.csv,stair2,2254.0,0.0,1386.0,0.0,0.0,0.0,4335.0,0.0,1487.0,0.0,0.0,0.0,5488.0,0.0,572.0,1453.0,2433.0,0.0
1010,2026-05-14 23:08:57,2026-5-14_stair2_left.csv,stair2,2254.0,0.0,1386.0,0.0,0.0,0.0,4335.0,0.0,1487.0,0.0,0.0,0.0,5488.0,0.0,572.0,1453.0,2433.0,0.0
1011,2026-05-14 23:08:57,2026-5-14_stair2_left.csv,stair2,2254.0,0.0,1386.0,0.0,0.0,0.0,4335.0,0.0,1487.0,0.0,0.0,0.0,5488.0,0.0,572.0,1453.0,2433.0,0.0
1012,2026-05-14 23:08:57,2026-5-14_stair2_left.csv,stair2,2254.0,0.0,1386.0,0.0,0.0,0.0,4335.0,0.0,1487.0,0.0,0.0,0.0,5488.0,0.0,572.0,1453.0,2433.0,0.0
1013,2026-05-14 23:08:57,2026-5-14_stair2_left.csv,stair2,2254.0,0.0,1386.0,0.0,0.0,0.0,4335.0,0.0,1487.0,0.0,0.0,0.0,5488.0,0.0,572.0,1453.0,2433.0,0.0
1014,2026-05-14 23:08:57,2026-5-14_stair2_left.csv,stair2,2254.0,0.0,1386.0,0.0,0.0,0.0,4335.0,0.0,1487.0,0.0,0.0,0.0,5488.0,0.0,572.0,1453.0,2433.0,0.0
1015,2026-05-14 23:08:57,2026-5-14_stair2_left.csv,stair2,2254.0,0.0,1386.0,0.0,0.0,0.0,4335.0,0.0,1487.0,0.0,0.0,0.0,5488.0,0.0,572.0,1453.0,2433.0,0.0
1016,2026-05-14 23:08:57,2026-5-14_stair2_left.csv,stair2,2254.0,0.0,1386.0,0.0,0.0,0.0,4335.0,0.0,1487.0,0.0,0.0,0.0,5488.0,0.0,572.0,1453.0,2433.0,0.0
1017,2026-05-14 23:08:58,2026-5-14_stair2_left.csv,stair2,2254.0,0.0,1386.0,0.0,0.0,0.0,4335.0,0.0,1487.0,0.0,0.0,0.0,5488.0,0.0,572.0,1453.0,2433.0,0.0
1018,2026-05-14 23:08:58,2026-5-14_stair2_left.csv,stair2,2254.0,0.0,1386.0,0.0,0.0,0.0,4335.0,0.0,1487.0,0.0,0.0,0.0,5488.0,0.0,572.0,1453.0,2433.0,0.0
1019,2026-05-14 23:08:58,2026-5-14_stair2_left.csv,stair2,2254.0,0.0,1386.0,0.0,0.0,0.0,4335.0,0.0,1487.0,0.0,0.0,0.0,5488.0,0.0,572.0,1453.0,2433.0,0.0
1020,2026-05-14 23:08:58,2026-5-14_stair2_left.csv,stair2,2254.0,0.0,1386.0,0.0,0.0,0.0,4335.0,0.0,1487.0,0.0,0.0,0.0,5488.0,0.0,572.0,1453.0,2433.0,0.0
1021,2026-05-14 23:08:58,2026-5-14_stair2_left.csv,stair2,2254.0,0.0,1386.0,0.0,0.0,0.0,4335.0,0.0,1487.0,0.0,0.0,0.0,5488.0,0.0,572.0,1453.0,2433.0,0.0
1022,2026-05-14 23:08:58,2026-5-14_stair2_left.csv,stair2,2254.0,0.0,1386.0,0.0,0.0,0.0,4335.0,0.0,1487.0,0.0,0.0,0.0,5488.0,0.0,572.0,1453.0,2433.0,0.0
1023,2026-05-14 23:08:58,2026-5-14_stair2_left.csv,stair2,2254.0,0.0,1386.0,0.0,0.0,0.0,4335.0,0.0,1487.0,0.0,0.0,0.0,5488.0,0.0,572.0,1453.0,2433.0,0.0
1024,2026-05-14 23:08:58,2026-5-14_stair2_left.csv,stair2,2254.0,0.0,1386.0,0.0,0.0,0.0,4335.0,0.0,1487.0,0.0,0.0,0.0,5488.0,0.0,572.0,1453.0,2433.0,0.0
1025,2026-05-14 23:08:58,2026-5-14_stair2_left.csv,stair2,2254.0,0.0,1386.0,0.0,0.0,0.0,4335.0,0.0,1487.0,0.0,0.0,0.0,5488.0,0.0,572.0,1453.0,2433.0,0.0
1026,2026-05-14 23:08:58,2026-5-14_stair2_left.csv,stair2,2254.0,0.0,1386.0,0.0,0.0,0.0,4335.0,0.0,1487.0,0.0,0.0,0.0,5488.0,0.0,572.0,1453.0,2433.0,0.0
1027,2026-05-14 23:08:58,2026-5-14_stair2_left.csv,stair2,2254.0,0.0,1386.0,0.0,0.0,0.0,4335.0,0.0,1487.0,0.0,0.0,0.0,5488.0,0.0,572.0,1453.0,2433.0,0.0
1028,2026-05-14 23:08:58,2026-5-14_stair2_left.csv,stair2,2254.0,0.0,1386.0,0.0,0.0,0.0,4335.0,0.0,1487.0,0.0,0.0,0.0,5488.0,0.0,572.0,1453.0,2433.0,0.0
1029,2026-05-14 23:08:58,2026-5-14_stair2_left.csv,stair2,2254.0,0.0,1386.0,0.0,0.0,0.0,4335.0,0.0,1487.0,0.0,0.0,0.0,5488.0,0.0,572.0,1453.0,2433.0,0.0
1030,2026-05-14 23:08:58,2026-5-14_stair2_left.csv,stair2,2254.0,0.0,1386.0,0.0,0.0,0.0,4335.0,0.0,1487.0,0.0,0.0,0.0,5488.0,0.0,572.0,1453.0,2433.0,0.0
1031,2026-05-14 23:08:58,2026-5-14_stair2_left.csv,stair2,2254.0,0.0,1386.0,0.0,0.0,0.0,4335.0,0.0,1487.0,0.0,0.0,0.0,5488.0,0.0,572.0,1453.0,2433.0,0.0
1032,2026-05-14 23:08:58,2026-5-14_stair2_left.csv,stair2,2254.0,0.0,1386.0,0.0,0.0,0.0,4335.0,0.0,1487.0,0.0,0.0,0.0,5488.0,0.0,572.0,1453.0,2433.0,0.0
1033,2026-05-14 23:08:58,2026-5-14_stair2_left.csv,stair2,2254.0,0.0,1386.0,0.0,0.0,0.0,4335.0,0.0,1487.0,0.0,0.0,0.0,5488.0,0.0,572.0,1453.0,2433.0,0.0
1034,2026-05-14 23:08:58,2026-5-14_stair2_left.csv,stair2,2254.0,0.0,1386.0,0.0,0.0,0.0,4335.0,0.0,1487.0,0.0,0.0,0.0,5488.0,0.0,572.0,1453.0,2433.0,0.0
1035,2026-05-14 23:08:58,2026-5-14_stair2_left.csv,stair2,2254.0,0.0,1386.0,0.0,0.0,0.0,4335.0,0.0,1487.0,0.0,0.0,0.0,5488.0,0.0,572.0,1453.0,2433.0,0.0
1036,2026-05-14 23:08:58,2026-5-14_stair2_left.csv,stair2,2254.0,0.0,1386.0,0.0,0.0,0.0,4335.0,0.0,1487.0,0.0,0.0,0.0,5488.0,0.0,572.0,1453.0,2433.0,0.0
1037,2026-05-14 23:08:59,2026-5-14_stair2_left.csv,stair2,2254.0,0.0,1386.0,0.0,0.0,0.0,4335.0,0.0,1487.0,0.0,0.0,0.0,5488.0,0.0,572.0,1453.0,2433.0,0.0
1038,2026-05-14 23:08:59,2026-5-14_stair2_left.csv,stair2,2254.0,0.0,1386.0,0.0,0.0,0.0,4335.0,0.0,1487.0,0.0,0.0,0.0,5488.0,0.0,572.0,1453.0,2433.0,0.0
1039,2026-05-14 23:08:59,2026-5-14_stair2_left.csv,stair2,2254.0,0.0,1386.0,0.0,0.0,0.0,4335.0,0.0,1487.0,0.0,0.0,0.0,5488.0,0.0,572.0,1453.0,2433.0,0.0
1040,2026-05-14 23:08:59,2026-5-14_stair2_left.csv,stair2,2254.0,0.0,1386.0,0.0,0.0,0.0,4335.0,0.0,1487.0,0.0,0.0,0.0,5488.0,0.0,572.0,1453.0,2433.0,0.0
1041,2026-05-14 23:08:59,2026-5-14_stair2_left.csv,stair2,2254.0,0.0,1386.0,0.0,0.0,0.0,4335.0,0.0,1487.0,0.0,0.0,0.0,5488.0,0.0,572.0,1453.0,2433.0,0.0
1042,2026-05-14 23:08:59,2026-5-14_stair2_left.csv,stair2,2254.0,0.0,1386.0,0.0,0.0,0.0,4335.0,0.0,1487.0,0.0,0.0,0.0,5488.0,0.0,572.0,1453.0,2433.0,0.0
1043,2026-05-14 23:08:59,2026-5-14_stair2_left.csv,stair2,2254.0,0.0,1386.0,0.0,0.0,0.0,4335.0,0.0,1487.0,0.0,0.0,0.0,5488.0,0.0,572.0,1453.0,2433.0,0.0
1044,2026-05-14 23:08:59,2026-5-14_stair2_left.csv,stair2,2254.0,0.0,1386.0,0.0,0.0,0.0,4335.0,0.0,1487.0,0.0,0.0,0.0,5488.0,0.0,572.0,1453.0,2433.0,0.0
1045,2026-05-14 23:08:59,2026-5-14_stair2_left.csv,stair2,2254.0,0.0,1386.0,0.0,0.0,0.0,4335.0,0.0,1487.0,0.0,0.0,0.0,5488.0,0.0,572.0,1453.0,2433.0,0.0
1046,2026-05-14 23:08:59,2026-5-14_stair2_left.csv,stair2,2254.0,0.0,1386.0,0.0,0.0,0.0,4335.0,0.0,1487.0,0.0,0.0,0.0,5488.0,0.0,572.0,1453.0,2433.0,0.0
1047,2026-05-14 23:08:59,2026-5-14_stair2_left.csv,stair2,2254.0,0.0,1386.0,0.0,0.0,0.0,4335.0,0.0,1487.0,0.0,0.0,0.0,5488.0,0.0,572.0,1453.0,2433.0,0.0
1048,2026-05-14 23:08:59,2026-5-14_stair2_left.csv,stair2,2254.0,0.0,1386.0,0.0,0.0,0.0,4335.0,0.0,1487.0,0.0,0.0,0.0,5488.0,0.0,572.0,1453.0,2433.0,0.0
1049,2026-05-14 23:08:59,2026-5-14_stair2_left.csv,stair2,2254.0,0.0,1386.0,0.0,0.0,0.0,4335.0,0.0,1487.0,0.0,0.0,0.0,5488.0,0.0,572.0,1453.0,2433.0,0.0
1050,2026-05-14 23:08:59,2026-5-14_stair2_left.csv,stair2,2254.0,0.0,1386.0,0.0,0.0,0.0,4335.0,0.0,1487.0,0.0,0.0,0.0,5488.0,0.0,572.0,1453.0,2433.0,0.0
1051,2026-05-14 23:08:59,2026-5-14_stair2_left.csv,stair2,2254.0,0.0,1386.0,0.0,0.0,0.0,4335.0,0.0,1487.0,0.0,0.0,0.0,5488.0,0.0,572.0,1453.0,2433.0,0.0
1052,2026-05-14 23:08:59,2026-5-14_stair2_left.csv,stair2,9.0,0.0,3145.0,966.0,0.0,0.0,1038.0,0.0,2357.0,686.0,0.0,0.0,2034.0,0.0,9224.0,30983.0,43520.0,38.0
1053,2026-05-14 23:08:59,2026-5-14_stair2_left.csv,stair2,9.0,0.0,3145.0,966.0,0.0,0.0,1038.0,0.0,2357.0,686.0,0.0,0.0,2034.0,0.0,9224.0,30983.0,43520.0,38.0
1054,2026-05-14 23:08:59,2026-5-14_stair2_left.csv,stair2,1783.0,0.0,1962.0,0.0,0.0,0.0,2785.0,0.0,1087.0,0.0,0.0,0.0,2362.0,0.0,410.0,617.0,628.0,0.0
1055,2026-05-14 23:08:59,2026-5-14_stair2_left.csv,stair2,1783.0,0.0,1962.0,0.0,0.0,0.0,2785.0,0.0,1087.0,0.0,0.0,0.0,2362.0,0.0,410.0,617.0,628.0,0.0
1056,2026-05-14 23:08:59,2026-5-14_stair2_left.csv,stair2,1783.0,0.0,1962.0,0.0,0.0,0.0,2785.0,0.0,1087.0,0.0,0.0,0.0,2362.0,0.0,410.0,617.0,628.0,0.0
1057,2026-05-14 23:09:00,2026-5-14_stair2_left.csv,stair2,1783.0,0.0,1962.0,0.0,0.0,0.0,2785.0,0.0,1087.0,0.0,0.0,0.0,2362.0,0.0,410.0,617.0,628.0,0.0
1058,2026-05-14 23:09:00,2026-5-14_stair2_left.csv,stair2,1783.0,0.0,1962.0,0.0,0.0,0.0,2785.0,0.0,1087.0,0.0,0.0,0.0,2362.0,0.0,410.0,617.0,628.0,0.0
1059,2026-05-14 23:09:00,2026-5-14_stair2_left.csv,stair2,0.0,0.0,0.0,0.0,0.0,0.0,0.0,0.0,0.0,0.0,0.0,0.0,0.0,0.0,0.0,0.0,0.0,0.0
1060,2026-05-14 23:09:00,2026-5-14_stair2_left.csv,stair2,0.0,0.0,0.0,0.0,0.0,0.0,0.0,0.0,0.0,0.0,0.0,0.0,0.0,0.0,0.0,0.0,0.0,0.0
1061,2026-05-14 23:09:00,2026-5-14_stair2_left.csv,stair2,0.0,0.0,0.0,0.0,0.0,0.0,0.0,0.0,0.0,0.0,0.0,0.0,0.0,0.0,0.0,0.0,0.0,0.0
1062,2026-05-14 23:09:00,2026-5-14_stair2_left.csv,stair2,0.0,0.0,0.0,0.0,0.0,0.0,0.0,0.0,0.0,0.0,0.0,0.0,0.0,0.0,0.0,0.0,0.0,0.0
1063,2026-05-14 23:09:00,2026-5-14_stair2_left.csv,stair2,0.0,0.0,0.0,0.0,0.0,0.0,0.0,0.0,0.0,0.0,0.0,0.0,0.0,0.0,0.0,0.0,0.0,0.0
1064,2026-05-14 23:09:00,2026-5-14_stair2_left.csv,stair2,866.0,0.0,4195.0,2115.0,0.0,0.0,1604.0,0.0,4146.0,2276.0,420.0,206.0,2370.0,0.0,1459.0,2845.0,2507.0,0.0
1065,2026-05-14 23:09:00,2026-5-14_stair2_left.csv,stair2,866.0,0.0,4195.0,2115.0,0.0,0.0,1604.0,0.0,4146.0,2276.0,420.0,206.0,2370.0,0.0,1459.0,2845.0,2507.0,0.0
1066,2026-05-14 23:09:00,2026-5-14_stair2_left.csv,stair2,2819.0,0.0,3820.0,1755.0,0.0,0.0,3238.0,0.0,2932.0,1281.0,414.0,334.0,3678.0,0.0,1601.0,3318.0,3293.0,0.0
1067,2026-05-14 23:09:00,2026-5-14_stair2_left.csv,stair2,2819.0,0.0,3820.0,1755.0,0.0,0.0,3238.0,0.0,2932.0,1281.0,414.0,334.0,3678.0,0.0,1601.0,3318.0,3293.0,0.0
1068,2026-05-14 23:09:00,2026-5-14_stair2_left.csv,stair2,3388.0,0.0,3424.0,1345.0,0.0,0.0,3436.0,0.0,2440.0,834.0,219.0,259.0,3446.0,0.0,1414.0,2723.0,2685.0,0.0
1069,2026-05-14 23:09:00,2026-5-14_stair2_left.csv,stair2,3388.0,0.0,3424.0,1345.0,0.0,0.0,3436.0,0.0,2440.0,834.0,219.0,259.0,3446.0,0.0,1414.0,2723.0,2685.0,0.0
1070,2026-05-14 23:09:00,2026-5-14_stair2_left.csv,stair2,1941.0,0.0,875.0,0.0,0.0,0.0,2439.0,0.0,789.0,0.0,0.0,0.0,3160.0,0.0,647.0,1295.0,1978.0,0.0
1071,2026-05-14 23:09:00,2026-5-14_stair2_left.csv,stair2,1941.0,0.0,875.0,0.0,0.0,0.0,2439.0,0.0,789.0,0.0,0.0,0.0,3160.0,0.0,647.0,1295.0,1978.0,0.0
1072,2026-05-14 23:09:00,2026-5-14_stair2_left.csv,stair2,1941.0,0.0,875.0,0.0,0.0,0.0,2439.0,0.0,789.0,0.0,0.0,0.0,3160.0,0.0,647.0,1295.0,1978.0,0.0
1073,2026-05-14 23:09:00,2026-5-14_stair2_left.csv,stair2,2082.0,0.0,1587.0,0.0,0.0,0.0,2129.0,0.0,1214.0,0.0,0.0,0.0,2458.0,0.0,591.0,1408.0,1669.0,0.0
1074,2026-05-14 23:09:00,2026-5-14_stair2_left.csv,stair2,2082.0,0.0,1587.0,0.0,0.0,0.0,2129.0,0.0,1214.0,0.0,0.0,0.0,2458.0,0.0,591.0,1408.0,1669.0,0.0
1075,2026-05-14 23:09:00,2026-5-14_stair2_left.csv,stair2,4099.0,537.0,2425.0,0.0,0.0,0.0,2856.0,0.0,1130.0,0.0,0.0,0.0,1940.0,0.0,513.0,535.0,137.0,0.0
1076,2026-05-14 23:09:00,2026-5-14_stair2_left.csv,stair2,4099.0,537.0,2425.0,0.0,0.0,0.0,2856.0,0.0,1130.0,0.0,0.0,0.0,1940.0,0.0,513.0,535.0,137.0,0.0
1077,2026-05-14 23:09:01,2026-5-14_stair2_left.csv,stair2,0.0,0.0,0.0,0.0,0.0,0.0,0.0,0.0,0.0,0.0,0.0,0.0,0.0,0.0,0.0,0.0,0.0,0.0
1078,2026-05-14 23:09:01,2026-5-14_stair2_left.csv,stair2,0.0,0.0,0.0,0.0,0.0,0.0,0.0,0.0,0.0,0.0,0.0,0.0,0.0,0.0,0.0,0.0,0.0,0.0
1079,2026-05-14 23:09:01,2026-5-14_stair2_left.csv,stair2,0.0,0.0,0.0,0.0,0.0,0.0,0.0,0.0,0.0,0.0,0.0,0.0,0.0,0.0,0.0,0.0,0.0,0.0
1080,2026-05-14 23:09:01,2026-5-14_stair2_left.csv,stair2,0.0,0.0,0.0,0.0,0.0,0.0,0.0,0.0,0.0,0.0,0.0,0.0,0.0,0.0,0.0,0.0,0.0,0.0
1081,2026-05-14 23:09:01,2026-5-14_stair2_left.csv,stair2,0.0,0.0,0.0,0.0,0.0,0.0,0.0,0.0,0.0,0.0,0.0,0.0,0.0,0.0,0.0,0.0,0.0,0.0
1082,2026-05-14 23:09:01,2026-5-14_stair2_left.csv,stair2,0.0,0.0,0.0,0.0,0.0,0.0,0.0,0.0,0.0,0.0,0.0,0.0,0.0,0.0,0.0,0.0,0.0,0.0
1083,2026-05-14 23:09:01,2026-5-14_stair2_left.csv,stair2,0.0,0.0,0.0,0.0,0.0,0.0,463.0,0.0,0.0,0.0,0.0,0.0,1484.0,0.0,0.0,384.0,918.0,0.0
1084,2026-05-14 23:09:01,2026-5-14_stair2_left.csv,stair2,0.0,0.0,0.0,0.0,0.0,0.0,463.0,0.0,0.0,0.0,0.0,0.0,1484.0,0.0,0.0,384.0,918.0,0.0
1085,2026-05-14 23:09:01,2026-5-14_stair2_left.csv,stair2,1504.0,0.0,3397.0,1245.0,0.0,0.0,2229.0,0.0,3260.0,1380.0,249.0,433.0,2774.0,0.0,1083.0,2692.0,2469.0,0.0
1086,2026-05-14 23:09:01,2026-5-14_stair2_left.csv,stair2,1504.0,0.0,3397.0,1245.0,0.0,0.0,2229.0,0.0,3260.0,1380.0,249.0,433.0,2774.0,0.0,1083.0,2692.0,2469.0,0.0
1087,2026-05-14 23:09:01,2026-5-14_stair2_left.csv,stair2,3420.0,0.0,3651.0,1347.0,0.0,0.0,3498.0,0.0,2772.0,1013.0,374.0,521.0,3545.0,0.0,1319.0,2849.0,2950.0,0.0
1088,2026-05-14 23:09:01,2026-5-14_stair2_left.csv,stair2,3420.0,0.0,3651.0,1347.0,0.0,0.0,3498.0,0.0,2772.0,1013.0,374.0,521.0,3545.0,0.0,1319.0,2849.0,2950.0,0.0
1089,2026-05-14 23:09:01,2026-5-14_stair2_left.csv,stair2,2886.0,0.0,2075.0,166.0,0.0,0.0,2778.0,0.0,1468.0,0.0,0.0,0.0,2579.0,0.0,752.0,1648.0,1695.0,0.0
1090,2026-05-14 23:09:01,2026-5-14_stair2_left.csv,stair2,2886.0,0.0,2075.0,166.0,0.0,0.0,2778.0,0.0,1468.0,0.0,0.0,0.0,2579.0,0.0,752.0,1648.0,1695.0,0.0
1091,2026-05-14 23:09:01,2026-5-14_stair2_left.csv,stair2,2607.0,0.0,1480.0,0.0,0.0,0.0,2518.0,0.0,1033.0,0.0,0.0,0.0,2459.0,0.0,685.0,1320.0,1367.0,0.0
1092,2026-05-14 23:09:01,2026-5-14_stair2_left.csv,stair2,2607.0,0.0,1480.0,0.0,0.0,0.0,2518.0,0.0,1033.0,0.0,0.0,0.0,2459.0,0.0,685.0,1320.0,1367.0,0.0
1093,2026-05-14 23:09:01,2026-5-14_stair2_left.csv,stair2,1999.0,0.0,1479.0,0.0,0.0,0.0,1859.0,0.0,1096.0,0.0,0.0,0.0,1880.0,0.0,712.0,1521.0,1193.0,0.0
1094,2026-05-14 23:09:01,2026-5-14_stair2_left.csv,stair2,1999.0,0.0,1479.0,0.0,0.0,0.0,1859.0,0.0,1096.0,0.0,0.0,0.0,1880.0,0.0,712.0,1521.0,1193.0,0.0
1095,2026-05-14 23:09:01,2026-5-14_stair2_left.csv,stair2,2509.0,0.0,2378.0,0.0,0.0,0.0,2166.0,0.0,1298.0,0.0,0.0,0.0,2030.0,0.0,520.0,1077.0,1146.0,0.0
1096,2026-05-14 23:09:01,2026-5-14_stair2_left.csv,stair2,2509.0,0.0,2378.0,0.0,0.0,0.0,2166.0,0.0,1298.0,0.0,0.0,0.0,2030.0,0.0,520.0,1077.0,1146.0,0.0
1097,2026-05-14 23:09:02,2026-5-14_stair2_left.csv,stair2,2652.0,291.0,626.0,0.0,0.0,0.0,747.0,0.0,0.0,0.0,0.0,0.0,0.0,0.0,0.0,0.0,0.0,0.0
1098,2026-05-14 23:09:02,2026-5-14_stair2_left.csv,stair2,2652.0,291.0,626.0,0.0,0.0,0.0,747.0,0.0,0.0,0.0,0.0,0.0,0.0,0.0,0.0,0.0,0.0,0.0
1099,2026-05-14 23:09:02,2026-5-14_stair2_left.csv,stair2,0.0,0.0,0.0,0.0,0.0,0.0,0.0,0.0,0.0,0.0,0.0,0.0,0.0,0.0,0.0,0.0,0.0,0.0
1100,2026-05-14 23:09:02,2026-5-14_stair2_left.csv,stair2,0.0,0.0,0.0,0.0,0.0,0.0,0.0,0.0,0.0,0.0,0.0,0.0,0.0,0.0,0.0,0.0,0.0,0.0
1101,2026-05-14 23:09:02,2026-5-14_stair2_left.csv,stair2,0.0,0.0,0.0,0.0,0.0,0.0,0.0,0.0,0.0,0.0,0.0,0.0,0.0,0.0,0.0,0.0,0.0,0.0
1102,2026-05-14 23:09:02,2026-5-14_stair2_left.csv,stair2,0.0,0.0,0.0,0.0,0.0,0.0,0.0,0.0,0.0,0.0,0.0,0.0,0.0,0.0,0.0,0.0,0.0,0.0
1103,2026-05-14 23:09:02,2026-5-14_stair2_left.csv,stair2,0.0,0.0,0.0,0.0,0.0,0.0,0.0,0.0,0.0,0.0,0.0,0.0,0.0,0.0,0.0,0.0,0.0,0.0
1104,2026-05-14 23:09:02,2026-5-14_stair2_left.csv,stair2,0.0,0.0,0.0,0.0,0.0,0.0,0.0,0.0,0.0,0.0,0.0,0.0,0.0,0.0,0.0,0.0,0.0,0.0
1105,2026-05-14 23:09:02,2026-5-14_stair2_left.csv,stair2,0.0,0.0,0.0,0.0,0.0,0.0,0.0,0.0,0.0,0.0,0.0,0.0,0.0,0.0,0.0,0.0,0.0,0.0
1106,2026-05-14 23:09:02,2026-5-14_stair2_left.csv,stair2,0.0,0.0,0.0,0.0,0.0,0.0,254.0,0.0,0.0,0.0,0.0,0.0,1191.0,0.0,99.0,1632.0,1714.0,0.0
1107,2026-05-14 23:09:02,2026-5-14_stair2_left.csv,stair2,803.0,0.0,4249.0,2598.0,0.0,0.0,1584.0,0.0,3577.0,2508.0,703.0,329.0,2454.0,0.0,2321.0,4195.0,3942.0,0.0
1108,2026-05-14 23:09:02,2026-5-14_stair2_left.csv,stair2,803.0,0.0,4249.0,2598.0,0.0,0.0,1584.0,0.0,3577.0,2508.0,703.0,329.0,2454.0,0.0,2321.0,4195.0,3942.0,0.0
1109,2026-05-14 23:09:02,2026-5-14_stair2_left.csv,stair2,803.0,0.0,4249.0,2598.0,0.0,0.0,1584.0,0.0,3577.0,2508.0,703.0,329.0,2454.0,0.0,2321.0,4195.0,3942.0,0.0
1110,2026-05-14 23:09:02,2026-5-14_stair2_left.csv,stair2,583.0,0.0,4019.0,2456.0,0.0,0.0,1277.0,0.0,3130.0,2218.0,486.0,31.0,1880.0,0.0,2134.0,3368.0,2957.0,0.0
1111,2026-05-14 23:09:02,2026-5-14_stair2_left.csv,stair2,583.0,0.0,4019.0,2456.0,0.0,0.0,1277.0,0.0,3130.0,2218.0,486.0,31.0,1880.0,0.0,2134.0,3368.0,2957.0,0.0
1112,2026-05-14 23:09:02,2026-5-14_stair2_left.csv,stair2,397.0,0.0,1870.0,503.0,0.0,0.0,1101.0,0.0,1605.0,575.0,0.0,145.0,1751.0,0.0,1864.0,3170.0,2802.0,0.0
1113,2026-05-14 23:09:02,2026-5-14_stair2_left.csv,stair2,397.0,0.0,1870.0,503.0,0.0,0.0,1101.0,0.0,1605.0,575.0,0.0,145.0,1751.0,0.0,1864.0,3170.0,2802.0,0.0
1114,2026-05-14 23:09:02,2026-5-14_stair2_left.csv,stair2,412.0,0.0,1132.0,0.0,0.0,0.0,1255.0,0.0,1073.0,0.0,0.0,577.0,2138.0,0.0,1545.0,3226.0,3011.0,0.0
1115,2026-05-14 23:09:02,2026-5-14_stair2_left.csv,stair2,412.0,0.0,1132.0,0.0,0.0,0.0,1255.0,0.0,1073.0,0.0,0.0,577.0,2138.0,0.0,1545.0,3226.0,3011.0,0.0
1116,2026-05-14 23:09:02,2026-5-14_stair2_left.csv,stair2,2188.0,0.0,1553.0,0.0,0.0,0.0,2743.0,0.0,874.0,0.0,0.0,0.0,3156.0,0.0,830.0,1550.0,2563.0,0.0
1117,2026-05-14 23:09:03,2026-5-14_stair2_left.csv,stair2,2188.0,0.0,1553.0,0.0,0.0,0.0,2743.0,0.0,874.0,0.0,0.0,0.0,3156.0,0.0,830.0,1550.0,2563.0,0.0
1118,2026-05-14 23:09:03,2026-5-14_stair2_left.csv,stair2,2777.0,162.0,428.0,0.0,0.0,0.0,1437.0,0.0,0.0,0.0,0.0,0.0,956.0,0.0,11.0,670.0,466.0,0.0
1119,2026-05-14 23:09:03,2026-5-14_stair2_left.csv,stair2,2777.0,162.0,428.0,0.0,0.0,0.0,1437.0,0.0,0.0,0.0,0.0,0.0,956.0,0.0,11.0,670.0,466.0,0.0
1120,2026-05-14 23:09:03,2026-5-14_stair2_left.csv,stair2,0.0,0.0,0.0,0.0,0.0,0.0,0.0,0.0,0.0,0.0,0.0,0.0,0.0,0.0,0.0,0.0,0.0,0.0
1121,2026-05-14 23:09:03,2026-5-14_stair2_left.csv,stair2,0.0,0.0,0.0,0.0,0.0,0.0,0.0,0.0,0.0,0.0,0.0,0.0,0.0,0.0,0.0,0.0,0.0,0.0
1122,2026-05-14 23:09:03,2026-5-14_stair2_left.csv,stair2,0.0,0.0,0.0,0.0,0.0,0.0,0.0,0.0,0.0,0.0,0.0,0.0,0.0,0.0,0.0,0.0,0.0,0.0
1123,2026-05-14 23:09:03,2026-5-14_stair2_left.csv,stair2,0.0,0.0,0.0,0.0,0.0,0.0,0.0,0.0,0.0,0.0,0.0,0.0,0.0,0.0,0.0,0.0,0.0,0.0
1124,2026-05-14 23:09:03,2026-5-14_stair2_left.csv,stair2,0.0,0.0,0.0,0.0,0.0,0.0,0.0,0.0,0.0,0.0,0.0,0.0,0.0,0.0,0.0,0.0,0.0,0.0
1125,2026-05-14 23:09:03,2026-5-14_stair2_left.csv,stair2,0.0,0.0,0.0,0.0,0.0,0.0,0.0,0.0,0.0,0.0,0.0,0.0,0.0,0.0,0.0,0.0,0.0,0.0
1126,2026-05-14 23:09:03,2026-5-14_stair2_left.csv,stair2,0.0,0.0,7540.0,2621.0,0.0,0.0,0.0,0.0,7131.0,3485.0,0.0,0.0,0.0,0.0,614.0,149.0,0.0,0.0
1127,2026-05-14 23:09:03,2026-5-14_stair2_left.csv,stair2,0.0,0.0,5601.0,4877.0,0.0,0.0,0.0,0.0,6787.0,5132.0,369.0,0.0,39.0,0.0,3124.0,3735.0,2564.0,0.0
1128,2026-05-14 23:09:03,2026-5-14_stair2_left.csv,stair2,0.0,0.0,5601.0,4877.0,0.0,0.0,0.0,0.0,6787.0,5132.0,369.0,0.0,39.0,0.0,3124.0,3735.0,2564.0,0.0
1129,2026-05-14 23:09:03,2026-5-14_stair2_left.csv,stair2,0.0,0.0,6843.0,6095.0,0.0,0.0,0.0,0.0,6438.0,5502.0,1270.0,0.0,1688.0,0.0,2771.0,3134.0,2357.0,0.0
1130,2026-05-14 23:09:03,2026-5-14_stair2_left.csv,stair2,0.0,0.0,6843.0,6095.0,0.0,0.0,0.0,0.0,6438.0,5502.0,1270.0,0.0,1688.0,0.0,2771.0,3134.0,2357.0,0.0
1131,2026-05-14 23:09:03,2026-5-14_stair2_left.csv,stair2,0.0,0.0,1710.0,560.0,0.0,0.0,515.0,0.0,2535.0,627.0,38.0,0.0,1732.0,0.0,1909.0,3083.0,2330.0,0.0
1132,2026-05-14 23:09:03,2026-5-14_stair2_left.csv,stair2,0.0,0.0,1710.0,560.0,0.0,0.0,515.0,0.0,2535.0,627.0,38.0,0.0,1732.0,0.0,1909.0,3083.0,2330.0,0.0
1133,2026-05-14 23:09:03,2026-5-14_stair2_left.csv,stair2,0.0,0.0,899.0,0.0,0.0,0.0,489.0,0.0,1974.0,316.0,0.0,429.0,2351.0,0.0,2314.0,4229.0,3484.0,0.0
1134,2026-05-14 23:09:03,2026-5-14_stair2_left.csv,stair2,0.0,0.0,899.0,0.0,0.0,0.0,489.0,0.0,1974.0,316.0,0.0,429.0,2351.0,0.0,2314.0,4229.0,3484.0,0.0
1135,2026-05-14 23:09:03,2026-5-14_stair2_left.csv,stair2,0.0,0.0,819.0,0.0,0.0,0.0,1426.0,0.0,1892.0,158.0,39.0,1507.0,4380.0,0.0,2612.0,6008.0,5822.0,0.0
1136,2026-05-14 23:09:03,2026-5-14_stair2_left.csv,stair2,0.0,0.0,819.0,0.0,0.0,0.0,1426.0,0.0,1892.0,158.0,39.0,1507.0,4380.0,0.0,2612.0,6008.0,5822.0,0.0
1137,2026-05-14 23:09:04,2026-5-14_stair2_left.csv,stair2,421.0,0.0,137.0,0.0,0.0,0.0,2935.0,0.0,1013.0,0.0,0.0,0.0,5575.0,0.0,459.0,1924.0,4243.0,433.0
1138,2026-05-14 23:09:04,2026-5-14_stair2_left.csv,stair2,421.0,0.0,137.0,0.0,0.0,0.0,2935.0,0.0,1013.0,0.0,0.0,0.0,5575.0,0.0,459.0,1924.0,4243.0,433.0
1139,2026-05-14 23:09:04,2026-5-14_stair2_left.csv,stair2,421.0,0.0,137.0,0.0,0.0,0.0,2935.0,0.0,1013.0,0.0,0.0,0.0,5575.0,0.0,459.0,1924.0,4243.0,433.0
1140,2026-05-14 23:09:04,2026-5-14_stair2_left.csv,stair2,0.0,0.0,0.0,0.0,0.0,0.0,0.0,0.0,0.0,0.0,0.0,0.0,0.0,0.0,0.0,0.0,0.0,0.0
1141,2026-05-14 23:09:04,2026-5-14_stair2_left.csv,stair2,0.0,0.0,0.0,0.0,0.0,0.0,0.0,0.0,0.0,0.0,0.0,0.0,0.0,0.0,0.0,0.0,0.0,0.0
1142,2026-05-14 23:09:04,2026-5-14_stair2_left.csv,stair2,0.0,0.0,0.0,0.0,0.0,0.0,0.0,0.0,0.0,0.0,0.0,0.0,0.0,0.0,0.0,0.0,0.0,0.0
1143,2026-05-14 23:09:04,2026-5-14_stair2_left.csv,stair2,0.0,0.0,0.0,0.0,0.0,0.0,0.0,0.0,0.0,0.0,0.0,0.0,0.0,0.0,0.0,0.0,0.0,0.0
1144,2026-05-14 23:09:04,2026-5-14_stair2_left.csv,stair2,0.0,0.0,0.0,0.0,0.0,0.0,0.0,0.0,0.0,0.0,0.0,0.0,0.0,0.0,0.0,0.0,0.0,0.0
1145,2026-05-14 23:09:04,2026-5-14_stair2_left.csv,stair2,0.0,0.0,0.0,0.0,0.0,0.0,0.0,0.0,0.0,0.0,0.0,0.0,0.0,0.0,0.0,0.0,0.0,0.0
1146,2026-05-14 23:09:04,2026-5-14_stair2_left.csv,stair2,0.0,0.0,0.0,0.0,0.0,0.0,0.0,0.0,0.0,0.0,0.0,0.0,0.0,0.0,0.0,0.0,0.0,0.0
1147,2026-05-14 23:09:04,2026-5-14_stair2_left.csv,stair2,0.0,0.0,0.0,0.0,0.0,0.0,0.0,0.0,0.0,0.0,0.0,0.0,0.0,0.0,3.0,0.0,0.0,0.0
1148,2026-05-14 23:09:04,2026-5-14_stair2_left.csv,stair2,0.0,0.0,3440.0,2037.0,0.0,0.0,0.0,0.0,3319.0,1457.0,0.0,0.0,0.0,0.0,1008.0,894.0,153.0,0.0
1149,2026-05-14 23:09:04,2026-5-14_stair2_left.csv,stair2,0.0,0.0,3440.0,2037.0,0.0,0.0,0.0,0.0,3319.0,1457.0,0.0,0.0,0.0,0.0,1008.0,894.0,153.0,0.0
1150,2026-05-14 23:09:04,2026-5-14_stair2_left.csv,stair2,0.0,0.0,4564.0,2788.0,0.0,0.0,99.0,0.0,4055.0,2796.0,202.0,0.0,1319.0,0.0,1757.0,1903.0,1708.0,0.0
1151,2026-05-14 23:09:04,2026-5-14_stair2_left.csv,stair2,0.0,0.0,4564.0,2788.0,0.0,0.0,99.0,0.0,4055.0,2796.0,202.0,0.0,1319.0,0.0,1757.0,1903.0,1708.0,0.0
1152,2026-05-14 23:09:04,2026-5-14_stair2_left.csv,stair2,0.0,0.0,4564.0,2788.0,0.0,0.0,99.0,0.0,4055.0,2796.0,202.0,0.0,1319.0,0.0,1757.0,1903.0,1708.0,0.0
1153,2026-05-14 23:09:04,2026-5-14_stair2_left.csv,stair2,181.0,0.0,3356.0,1868.0,0.0,0.0,961.0,0.0,2978.0,1794.0,429.0,0.0,2077.0,0.0,1773.0,2332.0,2257.0,0.0
1154,2026-05-14 23:09:04,2026-5-14_stair2_left.csv,stair2,181.0,0.0,3356.0,1868.0,0.0,0.0,961.0,0.0,2978.0,1794.0,429.0,0.0,2077.0,0.0,1773.0,2332.0,2257.0,0.0
1155,2026-05-14 23:09:04,2026-5-14_stair2_left.csv,stair2,0.0,0.0,4349.0,2850.0,0.0,0.0,469.0,0.0,4130.0,2907.0,687.0,0.0,1923.0,0.0,2171.0,2422.0,2435.0,0.0
1156,2026-05-14 23:09:04,2026-5-14_stair2_left.csv,stair2,0.0,0.0,4349.0,2850.0,0.0,0.0,469.0,0.0,4130.0,2907.0,687.0,0.0,1923.0,0.0,2171.0,2422.0,2435.0,0.0
1157,2026-05-14 23:09:05,2026-5-14_stair2_left.csv,stair2,0.0,0.0,4706.0,3070.0,0.0,0.0,249.0,0.0,4366.0,3103.0,566.0,0.0,1615.0,0.0,2101.0,2237.0,2101.0,0.0
1158,2026-05-14 23:09:05,2026-5-14_stair2_left.csv,stair2,0.0,0.0,4706.0,3070.0,0.0,0.0,249.0,0.0,4366.0,3103.0,566.0,0.0,1615.0,0.0,2101.0,2237.0,2101.0,0.0
1159,2026-05-14 23:09:05,2026-5-14_stair2_left.csv,stair2,0.0,0.0,5048.0,2950.0,0.0,0.0,0.0,0.0,4764.0,3134.0,0.0,0.0,270.0,0.0,1407.0,1091.0,703.0,0.0
1160,2026-05-14 23:09:05,2026-5-14_stair2_left.csv,stair2,0.0,0.0,5048.0,2950.0,0.0,0.0,0.0,0.0,4764.0,3134.0,0.0,0.0,270.0,0.0,1407.0,1091.0,703.0,0.0
1161,2026-05-14 23:09:05,2026-5-14_stair2_left.csv,stair2,0.0,0.0,4394.0,2457.0,0.0,0.0,0.0,0.0,4165.0,2587.0,0.0,0.0,0.0,0.0,976.0,544.0,89.0,0.0
1162,2026-05-14 23:09:05,2026-5-14_stair2_left.csv,stair2,0.0,0.0,4394.0,2457.0,0.0,0.0,0.0,0.0,4165.0,2587.0,0.0,0.0,0.0,0.0,976.0,544.0,89.0,0.0
1163,2026-05-14 23:09:05,2026-5-14_stair2_left.csv,stair2,0.0,0.0,3389.0,1698.0,0.0,0.0,0.0,0.0,3005.0,1619.0,0.0,0.0,0.0,0.0,648.0,457.0,0.0,0.0
1164,2026-05-14 23:09:05,2026-5-14_stair2_left.csv,stair2,0.0,0.0,3389.0,1698.0,0.0,0.0,0.0,0.0,3005.0,1619.0,0.0,0.0,0.0,0.0,648.0,457.0,0.0,0.0
1165,2026-05-14 23:09:05,2026-5-14_stair2_left.csv,stair2,0.0,0.0,2379.0,869.0,0.0,0.0,0.0,0.0,1913.0,640.0,0.0,0.0,0.0,0.0,389.0,323.0,0.0,0.0
1166,2026-05-14 23:09:05,2026-5-14_stair2_left.csv,stair2,0.0,0.0,2379.0,869.0,0.0,0.0,0.0,0.0,1913.0,640.0,0.0,0.0,0.0,0.0,389.0,323.0,0.0,0.0
1167,2026-05-14 23:09:05,2026-5-14_stair2_left.csv,stair2,0.0,0.0,1754.0,382.0,0.0,0.0,0.0,0.0,1212.0,96.0,0.0,0.0,0.0,0.0,0.0,97.0,0.0,0.0
1168,2026-05-14 23:09:05,2026-5-14_stair2_left.csv,stair2,0.0,0.0,1754.0,382.0,0.0,0.0,0.0,0.0,1212.0,96.0,0.0,0.0,0.0,0.0,0.0,97.0,0.0,0.0
1169,2026-05-14 23:09:05,2026-5-14_stair2_left.csv,stair2,0.0,0.0,1643.0,223.0,0.0,0.0,0.0,0.0,1085.0,0.0,0.0,0.0,0.0,0.0,0.0,0.0,0.0,0.0
1170,2026-05-14 23:09:05,2026-5-14_stair2_left.csv,stair2,0.0,0.0,1274.0,34.0,0.0,0.0,0.0,0.0,777.0,0.0,0.0,0.0,0.0,0.0,0.0,0.0,0.0,0.0
1171,2026-05-14 23:09:05,2026-5-14_stair2_left.csv,stair2,0.0,0.0,1274.0,34.0,0.0,0.0,0.0,0.0,777.0,0.0,0.0,0.0,0.0,0.0,0.0,0.0,0.0,0.0
1172,2026-05-14 23:09:05,2026-5-14_stair2_left.csv,stair2,0.0,0.0,1249.0,0.0,0.0,0.0,0.0,0.0,751.0,0.0,0.0,0.0,0.0,0.0,0.0,0.0,0.0,0.0
1173,2026-05-14 23:09:05,2026-5-14_stair2_left.csv,stair2,0.0,0.0,1520.0,131.0,0.0,0.0,0.0,0.0,978.0,0.0,0.0,0.0,0.0,0.0,0.0,0.0,0.0,0.0
1174,2026-05-14 23:09:05,2026-5-14_stair2_left.csv,stair2,0.0,0.0,1520.0,131.0,0.0,0.0,0.0,0.0,978.0,0.0,0.0,0.0,0.0,0.0,0.0,0.0,0.0,0.0
1175,2026-05-14 23:09:05,2026-5-14_stair2_left.csv,stair2,0.0,0.0,1684.0,203.0,0.0,0.0,0.0,0.0,1163.0,77.0,0.0,0.0,0.0,0.0,0.0,0.0,0.0,0.0
1176,2026-05-14 23:09:05,2026-5-14_stair2_left.csv,stair2,0.0,0.0,1684.0,203.0,0.0,0.0,0.0,0.0,1163.0,77.0,0.0,0.0,0.0,0.0,0.0,0.0,0.0,0.0
1177,2026-05-14 23:09:06,2026-5-14_stair2_left.csv,stair2,0.0,0.0,2262.0,527.0,0.0,0.0,0.0,0.0,1594.0,399.0,0.0,0.0,0.0,0.0,0.0,0.0,0.0,0.0
1178,2026-05-14 23:09:06,2026-5-14_stair2_left.csv,stair2,0.0,0.0,2496.0,759.0,0.0,0.0,0.0,0.0,1806.0,601.0,0.0,0.0,0.0,0.0,0.0,0.0,0.0,0.0
1179,2026-05-14 23:09:06,2026-5-14_stair2_left.csv,stair2,0.0,0.0,2496.0,759.0,0.0,0.0,0.0,0.0,1806.0,601.0,0.0,0.0,0.0,0.0,0.0,0.0,0.0,0.0
1180,2026-05-14 23:09:06,2026-5-14_stair2_left.csv,stair2,0.0,0.0,2956.0,1053.0,0.0,0.0,0.0,0.0,2343.0,949.0,0.0,0.0,0.0,0.0,39.0,0.0,0.0,0.0
1181,2026-05-14 23:09:06,2026-5-14_stair2_left.csv,stair2,0.0,0.0,2956.0,1053.0,0.0,0.0,0.0,0.0,2343.0,949.0,0.0,0.0,0.0,0.0,39.0,0.0,0.0,0.0
1182,2026-05-14 23:09:06,2026-5-14_stair2_left.csv,stair2,0.0,0.0,3322.0,1319.0,0.0,0.0,0.0,0.0,2803.0,1176.0,0.0,0.0,0.0,0.0,59.0,0.0,0.0,0.0
1183,2026-05-14 23:09:06,2026-5-14_stair2_left.csv,stair2,0.0,0.0,3451.0,1437.0,0.0,0.0,0.0,0.0,2959.0,1323.0,0.0,0.0,0.0,0.0,131.0,0.0,0.0,0.0
1184,2026-05-14 23:09:06,2026-5-14_stair2_left.csv,stair2,0.0,0.0,3451.0,1437.0,0.0,0.0,0.0,0.0,2959.0,1323.0,0.0,0.0,0.0,0.0,131.0,0.0,0.0,0.0
1185,2026-05-14 23:09:06,2026-5-14_stair2_left.csv,stair2,0.0,0.0,3601.0,1576.0,0.0,0.0,0.0,0.0,3129.0,1433.0,0.0,0.0,0.0,0.0,327.0,97.0,0.0,0.0
1186,2026-05-14 23:09:06,2026-5-14_stair2_left.csv,stair2,0.0,0.0,3601.0,1576.0,0.0,0.0,0.0,0.0,3129.0,1433.0,0.0,0.0,0.0,0.0,327.0,97.0,0.0,0.0
1187,2026-05-14 23:09:06,2026-5-14_stair2_left.csv,stair2,0.0,0.0,3579.0,1554.0,0.0,0.0,0.0,0.0,3092.0,1483.0,0.0,0.0,0.0,0.0,375.0,209.0,0.0,0.0
1188,2026-05-14 23:09:06,2026-5-14_stair2_left.csv,stair2,0.0,0.0,3491.0,1538.0,0.0,0.0,0.0,0.0,3069.0,1448.0,0.0,0.0,0.0,0.0,380.0,236.0,0.0,0.0
1189,2026-05-14 23:09:06,2026-5-14_stair2_left.csv,stair2,0.0,0.0,3476.0,1477.0,0.0,0.0,0.0,0.0,3019.0,1423.0,0.0,0.0,0.0,0.0,406.0,285.0,0.0,0.0
1190,2026-05-14 23:09:06,2026-5-14_stair2_left.csv,stair2,0.0,0.0,3476.0,1477.0,0.0,0.0,0.0,0.0,3019.0,1423.0,0.0,0.0,0.0,0.0,406.0,285.0,0.0,0.0
1191,2026-05-14 23:09:06,2026-5-14_stair2_left.csv,stair2,0.0,0.0,3435.0,1450.0,0.0,0.0,0.0,0.0,3012.0,1414.0,0.0,0.0,0.0,0.0,419.0,297.0,0.0,0.0
1192,2026-05-14 23:09:06,2026-5-14_stair2_left.csv,stair2,0.0,0.0,3396.0,1447.0,0.0,0.0,0.0,0.0,3026.0,1404.0,0.0,0.0,0.0,0.0,434.0,323.0,0.0,0.0
1193,2026-05-14 23:09:06,2026-5-14_stair2_left.csv,stair2,0.0,0.0,3396.0,1447.0,0.0,0.0,0.0,0.0,3026.0,1404.0,0.0,0.0,0.0,0.0,434.0,323.0,0.0,0.0
1194,2026-05-14 23:09:06,2026-5-14_stair2_left.csv,stair2,0.0,0.0,3402.0,1462.0,0.0,0.0,0.0,0.0,3034.0,1421.0,0.0,0.0,0.0,0.0,483.0,350.0,0.0,0.0
1195,2026-05-14 23:09:06,2026-5-14_stair2_left.csv,stair2,0.0,0.0,3430.0,1477.0,0.0,0.0,0.0,0.0,3025.0,1423.0,0.0,0.0,0.0,0.0,474.0,352.0,0.0,0.0
1196,2026-05-14 23:09:06,2026-5-14_stair2_left.csv,stair2,0.0,0.0,3430.0,1477.0,0.0,0.0,0.0,0.0,3025.0,1423.0,0.0,0.0,0.0,0.0,474.0,352.0,0.0,0.0
1197,2026-05-14 23:09:07,2026-5-14_stair2_left.csv,stair2,0.0,0.0,3458.0,1468.0,0.0,0.0,0.0,0.0,3056.0,1440.0,0.0,0.0,0.0,0.0,488.0,355.0,0.0,0.0
1198,2026-05-14 23:09:07,2026-5-14_stair2_left.csv,stair2,0.0,0.0,3469.0,1468.0,0.0,0.0,0.0,0.0,3074.0,1467.0,0.0,0.0,0.0,0.0,510.0,366.0,0.0,0.0
1199,2026-05-14 23:09:07,2026-5-14_stair2_left.csv,stair2,0.0,0.0,3469.0,1468.0,0.0,0.0,0.0,0.0,3074.0,1467.0,0.0,0.0,0.0,0.0,510.0,366.0,0.0,0.0
1200,2026-05-14 23:09:07,2026-5-14_stair2_left.csv,stair2,0.0,0.0,3497.0,1495.0,0.0,0.0,0.0,0.0,3102.0,1494.0,0.0,0.0,0.0,0.0,499.0,366.0,0.0,0.0
1201,2026-05-14 23:09:07,2026-5-14_stair2_left.csv,stair2,0.0,0.0,3415.0,1463.0,0.0,0.0,0.0,0.0,3078.0,1450.0,0.0,0.0,0.0,0.0,496.0,364.0,0.0,0.0
1202,2026-05-14 23:09:07,2026-5-14_stair2_left.csv,stair2,0.0,0.0,3415.0,1463.0,0.0,0.0,0.0,0.0,3078.0,1450.0,0.0,0.0,0.0,0.0,496.0,364.0,0.0,0.0
1203,2026-05-14 23:09:07,2026-5-14_stair2_left.csv,stair2,0.0,0.0,3415.0,1463.0,0.0,0.0,0.0,0.0,3078.0,1450.0,0.0,0.0,0.0,0.0,496.0,364.0,0.0,0.0
1204,2026-05-14 23:09:07,2026-5-14_stair2_left.csv,stair2,0.0,0.0,3415.0,1463.0,0.0,0.0,0.0,0.0,3078.0,1450.0,0.0,0.0,0.0,0.0,496.0,364.0,0.0,0.0
1205,2026-05-14 23:09:07,2026-5-14_stair2_left.csv,stair2,0.0,0.0,3415.0,1463.0,0.0,0.0,0.0,0.0,3078.0,1450.0,0.0,0.0,0.0,0.0,496.0,364.0,0.0,0.0
1206,2026-05-14 23:09:07,2026-5-14_stair2_left.csv,stair2,0.0,0.0,3415.0,1463.0,0.0,0.0,0.0,0.0,3078.0,1450.0,0.0,0.0,0.0,0.0,496.0,364.0,0.0,0.0
1207,2026-05-14 23:09:07,2026-5-14_stair2_left.csv,stair2,0.0,0.0,3415.0,1463.0,0.0,0.0,0.0,0.0,3078.0,1450.0,0.0,0.0,0.0,0.0,496.0,364.0,0.0,0.0
1208,2026-05-14 23:09:07,2026-5-14_stair2_left.csv,stair2,0.0,0.0,3415.0,1463.0,0.0,0.0,0.0,0.0,3078.0,1450.0,0.0,0.0,0.0,0.0,496.0,364.0,0.0,0.0
1209,2026-05-14 23:09:07,2026-5-14_stair2_left.csv,stair2,0.0,0.0,3415.0,1463.0,0.0,0.0,0.0,0.0,3078.0,1450.0,0.0,0.0,0.0,0.0,496.0,364.0,0.0,0.0
1210,2026-05-14 23:09:07,2026-5-14_stair2_left.csv,stair2,0.0,0.0,3415.0,1463.0,0.0,0.0,0.0,0.0,3078.0,1450.0,0.0,0.0,0.0,0.0,496.0,364.0,0.0,0.0
1211,2026-05-14 23:09:07,2026-5-14_stair2_left.csv,stair2,0.0,0.0,3415.0,1463.0,0.0,0.0,0.0,0.0,3078.0,1450.0,0.0,0.0,0.0,0.0,496.0,364.0,0.0,0.0
1212,2026-05-14 23:09:07,2026-5-14_stair2_left.csv,stair2,0.0,0.0,3415.0,1463.0,0.0,0.0,0.0,0.0,3078.0,1450.0,0.0,0.0,0.0,0.0,496.0,364.0,0.0,0.0
1213,2026-05-14 23:09:07,2026-5-14_stair2_left.csv,stair2,0.0,0.0,3415.0,1463.0,0.0,0.0,0.0,0.0,3078.0,1450.0,0.0,0.0,0.0,0.0,496.0,364.0,0.0,0.0
1214,2026-05-14 23:09:07,2026-5-14_stair2_left.csv,stair2,0.0,0.0,3415.0,1463.0,0.0,0.0,0.0,0.0,3078.0,1450.0,0.0,0.0,0.0,0.0,496.0,364.0,0.0,0.0
1215,2026-05-14 23:09:07,2026-5-14_stair2_left.csv,stair2,0.0,0.0,3415.0,1463.0,0.0,0.0,0.0,0.0,3078.0,1450.0,0.0,0.0,0.0,0.0,496.0,364.0,0.0,0.0
1216,2026-05-14 23:09:07,2026-5-14_stair2_left.csv,stair2,0.0,0.0,3415.0,1463.0,0.0,0.0,0.0,0.0,3078.0,1450.0,0.0,0.0,0.0,0.0,496.0,364.0,0.0,0.0
1217,2026-05-14 23:09:08,2026-5-14_stair2_left.csv,stair2,0.0,0.0,3415.0,1463.0,0.0,0.0,0.0,0.0,3078.0,1450.0,0.0,0.0,0.0,0.0,496.0,364.0,0.0,0.0
1218,2026-05-14 23:09:08,2026-5-14_stair2_left.csv,stair2,0.0,0.0,3415.0,1463.0,0.0,0.0,0.0,0.0,3078.0,1450.0,0.0,0.0,0.0,0.0,496.0,364.0,0.0,0.0
1219,2026-05-14 23:09:08,2026-5-14_stair2_left.csv,stair2,0.0,0.0,3415.0,1463.0,0.0,0.0,0.0,0.0,3078.0,1450.0,0.0,0.0,0.0,0.0,496.0,364.0,0.0,0.0
1220,2026-05-14 23:09:08,2026-5-14_stair2_left.csv,stair2,0.0,0.0,3415.0,1463.0,0.0,0.0,0.0,0.0,3078.0,1450.0,0.0,0.0,0.0,0.0,496.0,364.0,0.0,0.0
1221,2026-05-14 23:09:08,2026-5-14_stair2_left.csv,stair2,0.0,0.0,3415.0,1463.0,0.0,0.0,0.0,0.0,3078.0,1450.0,0.0,0.0,0.0,0.0,496.0,364.0,0.0,0.0
1222,2026-05-14 23:09:08,2026-5-14_stair2_left.csv,stair2,0.0,0.0,3415.0,1463.0,0.0,0.0,0.0,0.0,3078.0,1450.0,0.0,0.0,0.0,0.0,496.0,364.0,0.0,0.0
1223,2026-05-14 23:09:08,2026-5-14_stair2_left.csv,stair2,0.0,0.0,3415.0,1463.0,0.0,0.0,0.0,0.0,3078.0,1450.0,0.0,0.0,0.0,0.0,496.0,364.0,0.0,0.0
1224,2026-05-14 23:09:08,2026-5-14_stair2_left.csv,stair2,0.0,0.0,3415.0,1463.0,0.0,0.0,0.0,0.0,3078.0,1450.0,0.0,0.0,0.0,0.0,496.0,364.0,0.0,0.0
1225,2026-05-14 23:09:08,2026-5-14_stair2_left.csv,stair2,0.0,0.0,3415.0,1463.0,0.0,0.0,0.0,0.0,3078.0,1450.0,0.0,0.0,0.0,0.0,496.0,364.0,0.0,0.0
1226,2026-05-14 23:09:08,2026-5-14_stair2_left.csv,stair2,0.0,0.0,3415.0,1463.0,0.0,0.0,0.0,0.0,3078.0,1450.0,0.0,0.0,0.0,0.0,496.0,364.0,0.0,0.0
1227,2026-05-14 23:09:08,2026-5-14_stair2_left.csv,stair2,0.0,0.0,3415.0,1463.0,0.0,0.0,0.0,0.0,3078.0,1450.0,0.0,0.0,0.0,0.0,496.0,364.0,0.0,0.0
1228,2026-05-14 23:09:08,2026-5-14_stair2_left.csv,stair2,0.0,0.0,3415.0,1463.0,0.0,0.0,0.0,0.0,3078.0,1450.0,0.0,0.0,0.0,0.0,496.0,364.0,0.0,0.0
1229,2026-05-14 23:09:08,2026-5-14_stair2_left.csv,stair2,0.0,0.0,3415.0,1463.0,0.0,0.0,0.0,0.0,3078.0,1450.0,0.0,0.0,0.0,0.0,496.0,364.0,0.0,0.0
1230,2026-05-14 23:09:08,2026-5-14_stair2_left.csv,stair2,0.0,0.0,3415.0,1463.0,0.0,0.0,0.0,0.0,3078.0,1450.0,0.0,0.0,0.0,0.0,496.0,364.0,0.0,0.0
1231,2026-05-14 23:09:08,2026-5-14_stair2_left.csv,stair2,0.0,0.0,3415.0,1463.0,0.0,0.0,0.0,0.0,3078.0,1450.0,0.0,0.0,0.0,0.0,496.0,364.0,0.0,0.0
1232,2026-05-14 23:09:08,2026-5-14_stair2_left.csv,stair2,0.0,0.0,3415.0,1463.0,0.0,0.0,0.0,0.0,3078.0,1450.0,0.0,0.0,0.0,0.0,496.0,364.0,0.0,0.0
1233,2026-05-14 23:09:08,2026-5-14_stair2_left.csv,stair2,0.0,0.0,3415.0,1463.0,0.0,0.0,0.0,0.0,3078.0,1450.0,0.0,0.0,0.0,0.0,496.0,364.0,0.0,0.0
1234,2026-05-14 23:09:08,2026-5-14_stair2_left.csv,stair2,0.0,0.0,3415.0,1463.0,0.0,0.0,0.0,0.0,3078.0,1450.0,0.0,0.0,0.0,0.0,496.0,364.0,0.0,0.0
1235,2026-05-14 23:09:08,2026-5-14_stair2_left.csv,stair2,0.0,0.0,3415.0,1463.0,0.0,0.0,0.0,0.0,3078.0,1450.0,0.0,0.0,0.0,0.0,496.0,364.0,0.0,0.0
1236,2026-05-14 23:09:08,2026-5-14_stair2_left.csv,stair2,0.0,0.0,3415.0,1463.0,0.0,0.0,0.0,0.0,3078.0,1450.0,0.0,0.0,0.0,0.0,496.0,364.0,0.0,0.0
1237,2026-05-14 23:09:09,2026-5-14_stair2_left.csv,stair2,0.0,0.0,3415.0,1463.0,0.0,0.0,0.0,0.0,3078.0,1450.0,0.0,0.0,0.0,0.0,496.0,364.0,0.0,0.0
1238,2026-05-14 23:09:09,2026-5-14_stair2_left.csv,stair2,0.0,0.0,3415.0,1463.0,0.0,0.0,0.0,0.0,3078.0,1450.0,0.0,0.0,0.0,0.0,496.0,364.0,0.0,0.0
1239,2026-05-14 23:09:09,2026-5-14_stair2_left.csv,stair2,0.0,0.0,3415.0,1463.0,0.0,0.0,0.0,0.0,3078.0,1450.0,0.0,0.0,0.0,0.0,496.0,364.0,0.0,0.0
1240,2026-05-14 23:09:09,2026-5-14_stair2_left.csv,stair2,0.0,0.0,3415.0,1463.0,0.0,0.0,0.0,0.0,3078.0,1450.0,0.0,0.0,0.0,0.0,496.0,364.0,0.0,0.0
1241,2026-05-14 23:09:09,2026-5-14_stair2_left.csv,stair2,0.0,0.0,3415.0,1463.0,0.0,0.0,0.0,0.0,3078.0,1450.0,0.0,0.0,0.0,0.0,496.0,364.0,0.0,0.0
1242,2026-05-14 23:09:09,2026-5-14_stair2_left.csv,stair2,0.0,0.0,3415.0,1463.0,0.0,0.0,0.0,0.0,3078.0,1450.0,0.0,0.0,0.0,0.0,496.0,364.0,0.0,0.0
1243,2026-05-14 23:09:09,2026-5-14_stair2_left.csv,stair2,0.0,0.0,3415.0,1463.0,0.0,0.0,0.0,0.0,3078.0,1450.0,0.0,0.0,0.0,0.0,496.0,364.0,0.0,0.0
1244,2026-05-14 23:09:09,2026-5-14_stair2_left.csv,stair2,0.0,0.0,3415.0,1463.0,0.0,0.0,0.0,0.0,3078.0,1450.0,0.0,0.0,0.0,0.0,496.0,364.0,0.0,0.0
1245,2026-05-14 23:09:09,2026-5-14_stair2_left.csv,stair2,0.0,0.0,3415.0,1463.0,0.0,0.0,0.0,0.0,3078.0,1450.0,0.0,0.0,0.0,0.0,496.0,364.0,0.0,0.0
1246,2026-05-14 23:09:09,2026-5-14_stair2_left.csv,stair2,0.0,0.0,3415.0,1463.0,0.0,0.0,0.0,0.0,3078.0,1450.0,0.0,0.0,0.0,0.0,496.0,364.0,0.0,0.0
1247,2026-05-14 23:09:09,2026-5-14_stair2_left.csv,stair2,0.0,0.0,3415.0,1463.0,0.0,0.0,0.0,0.0,3078.0,1450.0,0.0,0.0,0.0,0.0,496.0,364.0,0.0,0.0
1248,2026-05-14 23:09:09,2026-5-14_stair2_left.csv,stair2,0.0,0.0,3415.0,1463.0,0.0,0.0,0.0,0.0,3078.0,1450.0,0.0,0.0,0.0,0.0,496.0,364.0,0.0,0.0
1249,2026-05-14 23:09:09,2026-5-14_stair2_left.csv,stair2,0.0,0.0,3415.0,1463.0,0.0,0.0,0.0,0.0,3078.0,1450.0,0.0,0.0,0.0,0.0,496.0,364.0,0.0,0.0
1250,2026-05-14 23:09:09,2026-5-14_stair2_left.csv,stair2,0.0,0.0,3415.0,1463.0,0.0,0.0,0.0,0.0,3078.0,1450.0,0.0,0.0,0.0,0.0,496.0,364.0,0.0,0.0
1251,2026-05-14 23:09:09,2026-5-14_stair2_left.csv,stair2,0.0,0.0,3415.0,1463.0,0.0,0.0,0.0,0.0,3078.0,1450.0,0.0,0.0,0.0,0.0,496.0,364.0,0.0,0.0
1252,2026-05-14 23:09:09,2026-5-14_stair2_left.csv,stair2,0.0,0.0,3415.0,1463.0,0.0,0.0,0.0,0.0,3078.0,1450.0,0.0,0.0,0.0,0.0,496.0,364.0,0.0,0.0
1253,2026-05-14 23:09:09,2026-5-14_stair2_left.csv,stair2,0.0,0.0,3415.0,1463.0,0.0,0.0,0.0,0.0,3078.0,1450.0,0.0,0.0,0.0,0.0,496.0,364.0,0.0,0.0
1254,2026-05-14 23:09:09,2026-5-14_stair2_left.csv,stair2,0.0,0.0,3415.0,1463.0,0.0,0.0,0.0,0.0,3078.0,1450.0,0.0,0.0,0.0,0.0,496.0,364.0,0.0,0.0
1255,2026-05-14 23:09:09,2026-5-14_stair2_left.csv,stair2,0.0,0.0,3415.0,1463.0,0.0,0.0,0.0,0.0,3078.0,1450.0,0.0,0.0,0.0,0.0,496.0,364.0,0.0,0.0
1256,2026-05-14 23:09:09,2026-5-14_stair2_left.csv,stair2,0.0,0.0,3415.0,1463.0,0.0,0.0,0.0,0.0,3078.0,1450.0,0.0,0.0,0.0,0.0,496.0,364.0,0.0,0.0
1257,2026-05-14 23:09:10,2026-5-14_stair2_left.csv,stair2,0.0,0.0,3415.0,1463.0,0.0,0.0,0.0,0.0,3078.0,1450.0,0.0,0.0,0.0,0.0,496.0,364.0,0.0,0.0
1258,2026-05-14 23:09:10,2026-5-14_stair2_left.csv,stair2,0.0,0.0,3415.0,1463.0,0.0,0.0,0.0,0.0,3078.0,1450.0,0.0,0.0,0.0,0.0,496.0,364.0,0.0,0.0
1259,2026-05-14 23:09:10,2026-5-14_stair2_left.csv,stair2,0.0,0.0,3415.0,1463.0,0.0,0.0,0.0,0.0,3078.0,1450.0,0.0,0.0,0.0,0.0,496.0,364.0,0.0,0.0
1260,2026-05-14 23:09:10,2026-5-14_stair2_left.csv,stair2,0.0,0.0,3415.0,1463.0,0.0,0.0,0.0,0.0,3078.0,1450.0,0.0,0.0,0.0,0.0,496.0,364.0,0.0,0.0
1261,2026-05-14 23:09:10,2026-5-14_stair2_left.csv,stair2,0.0,0.0,3415.0,1463.0,0.0,0.0,0.0,0.0,3078.0,1450.0,0.0,0.0,0.0,0.0,496.0,364.0,0.0,0.0
1262,2026-05-14 23:09:10,2026-5-14_stair2_left.csv,stair2,0.0,0.0,3415.0,1463.0,0.0,0.0,0.0,0.0,3078.0,1450.0,0.0,0.0,0.0,0.0,496.0,364.0,0.0,0.0
1263,2026-05-14 23:09:10,2026-5-14_stair2_left.csv,stair2,0.0,0.0,3415.0,1463.0,0.0,0.0,0.0,0.0,3078.0,1450.0,0.0,0.0,0.0,0.0,496.0,364.0,0.0,0.0
1264,2026-05-14 23:09:10,2026-5-14_stair2_left.csv,stair2,0.0,0.0,3415.0,1463.0,0.0,0.0,0.0,0.0,3078.0,1450.0,0.0,0.0,0.0,0.0,496.0,364.0,0.0,0.0
1265,2026-05-14 23:09:10,2026-5-14_stair2_left.csv,stair2,0.0,0.0,3415.0,1463.0,0.0,0.0,0.0,0.0,3078.0,1450.0,0.0,0.0,0.0,0.0,496.0,364.0,0.0,0.0
1266,2026-05-14 23:09:10,2026-5-14_stair2_left.csv,stair2,0.0,0.0,3415.0,1463.0,0.0,0.0,0.0,0.0,3078.0,1450.0,0.0,0.0,0.0,0.0,496.0,364.0,0.0,0.0
1267,2026-05-14 23:09:10,2026-5-14_stair2_left.csv,stair2,0.0,0.0,3415.0,1463.0,0.0,0.0,0.0,0.0,3078.0,1450.0,0.0,0.0,0.0,0.0,496.0,364.0,0.0,0.0
1268,2026-05-14 23:09:10,2026-5-14_stair2_left.csv,stair2,0.0,0.0,3415.0,1463.0,0.0,0.0,0.0,0.0,3078.0,1450.0,0.0,0.0,0.0,0.0,496.0,364.0,0.0,0.0
1269,2026-05-14 23:09:10,2026-5-14_stair2_left.csv,stair2,0.0,0.0,3415.0,1463.0,0.0,0.0,0.0,0.0,3078.0,1450.0,0.0,0.0,0.0,0.0,496.0,364.0,0.0,0.0
1270,2026-05-14 23:09:10,2026-5-14_stair2_left.csv,stair2,0.0,0.0,3415.0,1463.0,0.0,0.0,0.0,0.0,3078.0,1450.0,0.0,0.0,0.0,0.0,496.0,364.0,0.0,0.0
1271,2026-05-14 23:09:10,2026-5-14_stair2_left.csv,stair2,0.0,0.0,3415.0,1463.0,0.0,0.0,0.0,0.0,3078.0,1450.0,0.0,0.0,0.0,0.0,496.0,364.0,0.0,0.0
1272,2026-05-14 23:09:10,2026-5-14_stair2_left.csv,stair2,0.0,0.0,3415.0,1463.0,0.0,0.0,0.0,0.0,3078.0,1450.0,0.0,0.0,0.0,0.0,496.0,364.0,0.0,0.0
1273,2026-05-14 23:09:10,2026-5-14_stair2_left.csv,stair2,0.0,0.0,3415.0,1463.0,0.0,0.0,0.0,0.0,3078.0,1450.0,0.0,0.0,0.0,0.0,496.0,364.0,0.0,0.0
1274,2026-05-14 23:09:10,2026-5-14_stair2_left.csv,stair2,0.0,0.0,3415.0,1463.0,0.0,0.0,0.0,0.0,3078.0,1450.0,0.0,0.0,0.0,0.0,496.0,364.0,0.0,0.0
1275,2026-05-14 23:09:10,2026-5-14_stair2_left.csv,stair2,0.0,0.0,3415.0,1463.0,0.0,0.0,0.0,0.0,3078.0,1450.0,0.0,0.0,0.0,0.0,496.0,364.0,0.0,0.0
1276,2026-05-14 23:09:10,2026-5-14_stair2_left.csv,stair2,0.0,0.0,3415.0,1463.0,0.0,0.0,0.0,0.0,3078.0,1450.0,0.0,0.0,0.0,0.0,496.0,364.0,0.0,0.0
1277,2026-05-14 23:09:11,2026-5-14_stair2_left.csv,stair2,0.0,0.0,3415.0,1463.0,0.0,0.0,0.0,0.0,3078.0,1450.0,0.0,0.0,0.0,0.0,496.0,364.0,0.0,0.0
1278,2026-05-14 23:09:11,2026-5-14_stair2_left.csv,stair2,0.0,0.0,3415.0,1463.0,0.0,0.0,0.0,0.0,3078.0,1450.0,0.0,0.0,0.0,0.0,496.0,364.0,0.0,0.0
1279,2026-05-14 23:09:11,2026-5-14_stair2_left.csv,stair2,0.0,0.0,3415.0,1463.0,0.0,0.0,0.0,0.0,3078.0,1450.0,0.0,0.0,0.0,0.0,496.0,364.0,0.0,0.0
1280,2026-05-14 23:09:11,2026-5-14_stair2_left.csv,stair2,0.0,0.0,3415.0,1463.0,0.0,0.0,0.0,0.0,3078.0,1450.0,0.0,0.0,0.0,0.0,496.0,364.0,0.0,0.0
1281,2026-05-14 23:09:11,2026-5-14_stair2_left.csv,stair2,0.0,0.0,3415.0,1463.0,0.0,0.0,0.0,0.0,3078.0,1450.0,0.0,0.0,0.0,0.0,496.0,364.0,0.0,0.0
1282,2026-05-14 23:09:11,2026-5-14_stair2_left.csv,stair2,0.0,0.0,3415.0,1463.0,0.0,0.0,0.0,0.0,3078.0,1450.0,0.0,0.0,0.0,0.0,496.0,364.0,0.0,0.0
1283,2026-05-14 23:09:11,2026-5-14_stair2_left.csv,stair2,0.0,0.0,3415.0,1463.0,0.0,0.0,0.0,0.0,3078.0,1450.0,0.0,0.0,0.0,0.0,496.0,364.0,0.0,0.0
1284,2026-05-14 23:09:11,2026-5-14_stair2_left.csv,stair2,0.0,0.0,3415.0,1463.0,0.0,0.0,0.0,0.0,3078.0,1450.0,0.0,0.0,0.0,0.0,496.0,364.0,0.0,0.0
1285,2026-05-14 23:09:11,2026-5-14_stair2_left.csv,stair2,0.0,0.0,3415.0,1463.0,0.0,0.0,0.0,0.0,3078.0,1450.0,0.0,0.0,0.0,0.0,496.0,364.0,0.0,0.0
1286,2026-05-14 23:09:11,2026-5-14_stair2_left.csv,stair2,0.0,0.0,3415.0,1463.0,0.0,0.0,0.0,0.0,3078.0,1450.0,0.0,0.0,0.0,0.0,496.0,364.0,0.0,0.0
1287,2026-05-14 23:09:11,2026-5-14_stair2_left.csv,stair2,0.0,0.0,3415.0,1463.0,0.0,0.0,0.0,0.0,3078.0,1450.0,0.0,0.0,0.0,0.0,496.0,364.0,0.0,0.0
1288,2026-05-14 23:09:11,2026-5-14_stair2_left.csv,stair2,0.0,0.0,3415.0,1463.0,0.0,0.0,0.0,0.0,3078.0,1450.0,0.0,0.0,0.0,0.0,496.0,364.0,0.0,0.0
1289,2026-05-14 23:09:11,2026-5-14_stair2_left.csv,stair2,0.0,0.0,3415.0,1463.0,0.0,0.0,0.0,0.0,3078.0,1450.0,0.0,0.0,0.0,0.0,496.0,364.0,0.0,0.0
1290,2026-05-14 23:09:11,2026-5-14_stair2_left.csv,stair2,0.0,0.0,3415.0,1463.0,0.0,0.0,0.0,0.0,3078.0,1450.0,0.0,0.0,0.0,0.0,496.0,364.0,0.0,0.0
1291,2026-05-14 23:09:11,2026-5-14_stair2_left.csv,stair2,0.0,0.0,3415.0,1463.0,0.0,0.0,0.0,0.0,3078.0,1450.0,0.0,0.0,0.0,0.0,496.0,364.0,0.0,0.0
1292,2026-05-14 23:09:11,2026-5-14_stair2_left.csv,stair2,0.0,0.0,3415.0,1463.0,0.0,0.0,0.0,0.0,3078.0,1450.0,0.0,0.0,0.0,0.0,496.0,364.0,0.0,0.0
1293,2026-05-14 23:09:11,2026-5-14_stair2_left.csv,stair2,0.0,0.0,3415.0,1463.0,0.0,0.0,0.0,0.0,3078.0,1450.0,0.0,0.0,0.0,0.0,496.0,364.0,0.0,0.0
1294,2026-05-14 23:09:11,2026-5-14_stair2_left.csv,stair2,0.0,0.0,3415.0,1463.0,0.0,0.0,0.0,0.0,3078.0,1450.0,0.0,0.0,0.0,0.0,496.0,364.0,0.0,0.0
1295,2026-05-14 23:09:11,2026-5-14_stair2_left.csv,stair2,0.0,0.0,3415.0,1463.0,0.0,0.0,0.0,0.0,3078.0,1450.0,0.0,0.0,0.0,0.0,496.0,364.0,0.0,0.0
1296,2026-05-14 23:09:11,2026-5-14_stair2_left.csv,stair2,0.0,0.0,3415.0,1463.0,0.0,0.0,0.0,0.0,3078.0,1450.0,0.0,0.0,0.0,0.0,496.0,364.0,0.0,0.0
1297,2026-05-14 23:09:12,2026-5-14_stair2_left.csv,stair2,0.0,0.0,3415.0,1463.0,0.0,0.0,0.0,0.0,3078.0,1450.0,0.0,0.0,0.0,0.0,496.0,364.0,0.0,0.0
1298,2026-05-14 23:09:12,2026-5-14_stair2_left.csv,stair2,0.0,0.0,3415.0,1463.0,0.0,0.0,0.0,0.0,3078.0,1450.0,0.0,0.0,0.0,0.0,496.0,364.0,0.0,0.0
1299,2026-05-14 23:09:12,2026-5-14_stair2_left.csv,stair2,0.0,0.0,3415.0,1463.0,0.0,0.0,0.0,0.0,3078.0,1450.0,0.0,0.0,0.0,0.0,496.0,364.0,0.0,0.0
1300,2026-05-14 23:09:12,2026-5-14_stair2_left.csv,stair2,0.0,0.0,3415.0,1463.0,0.0,0.0,0.0,0.0,3078.0,1450.0,0.0,0.0,0.0,0.0,496.0,364.0,0.0,0.0
1301,2026-05-14 23:09:12,2026-5-14_stair2_left.csv,stair2,0.0,0.0,3415.0,1463.0,0.0,0.0,0.0,0.0,3078.0,1450.0,0.0,0.0,0.0,0.0,496.0,364.0,0.0,0.0
1302,2026-05-14 23:09:12,2026-5-14_stair2_left.csv,stair2,0.0,0.0,3415.0,1463.0,0.0,0.0,0.0,0.0,3078.0,1450.0,0.0,0.0,0.0,0.0,496.0,364.0,0.0,0.0
1303,2026-05-14 23:09:12,2026-5-14_stair2_left.csv,stair2,0.0,0.0,3415.0,1463.0,0.0,0.0,0.0,0.0,3078.0,1450.0,0.0,0.0,0.0,0.0,496.0,364.0,0.0,0.0
1304,2026-05-14 23:09:12,2026-5-14_stair2_left.csv,stair2,0.0,0.0,3415.0,1463.0,0.0,0.0,0.0,0.0,3078.0,1450.0,0.0,0.0,0.0,0.0,496.0,364.0,0.0,0.0
1305,2026-05-14 23:09:12,2026-5-14_stair2_left.csv,stair2,0.0,0.0,3415.0,1463.0,0.0,0.0,0.0,0.0,3078.0,1450.0,0.0,0.0,0.0,0.0,496.0,364.0,0.0,0.0
1306,2026-05-14 23:09:12,2026-5-14_stair2_left.csv,stair2,0.0,0.0,3415.0,1463.0,0.0,0.0,0.0,0.0,3078.0,1450.0,0.0,0.0,0.0,0.0,496.0,364.0,0.0,0.0
1307,2026-05-14 23:09:12,2026-5-14_stair2_left.csv,stair2,0.0,0.0,3415.0,1463.0,0.0,0.0,0.0,0.0,3078.0,1450.0,0.0,0.0,0.0,0.0,496.0,364.0,0.0,0.0
1308,2026-05-14 23:09:12,2026-5-14_stair2_left.csv,stair2,0.0,0.0,3415.0,1463.0,0.0,0.0,0.0,0.0,3078.0,1450.0,0.0,0.0,0.0,0.0,496.0,364.0,0.0,0.0
1309,2026-05-14 23:09:12,2026-5-14_stair2_left.csv,stair2,0.0,0.0,3415.0,1463.0,0.0,0.0,0.0,0.0,3078.0,1450.0,0.0,0.0,0.0,0.0,496.0,364.0,0.0,0.0
1310,2026-05-14 23:09:12,2026-5-14_stair2_left.csv,stair2,0.0,0.0,3415.0,1463.0,0.0,0.0,0.0,0.0,3078.0,1450.0,0.0,0.0,0.0,0.0,496.0,364.0,0.0,0.0
1311,2026-05-14 23:09:12,2026-5-14_stair2_left.csv,stair2,0.0,0.0,3415.0,1463.0,0.0,0.0,0.0,0.0,3078.0,1450.0,0.0,0.0,0.0,0.0,496.0,364.0,0.0,0.0
1312,2026-05-14 23:09:12,2026-5-14_stair2_left.csv,stair2,0.0,0.0,3415.0,1463.0,0.0,0.0,0.0,0.0,3078.0,1450.0,0.0,0.0,0.0,0.0,496.0,364.0,0.0,0.0
1313,2026-05-14 23:09:12,2026-5-14_stair2_left.csv,stair2,0.0,0.0,3415.0,1463.0,0.0,0.0,0.0,0.0,3078.0,1450.0,0.0,0.0,0.0,0.0,496.0,364.0,0.0,0.0
1314,2026-05-14 23:09:12,2026-5-14_stair2_left.csv,stair2,0.0,0.0,3415.0,1463.0,0.0,0.0,0.0,0.0,3078.0,1450.0,0.0,0.0,0.0,0.0,496.0,364.0,0.0,0.0
1315,2026-05-14 23:09:12,2026-5-14_stair2_left.csv,stair2,0.0,0.0,3415.0,1463.0,0.0,0.0,0.0,0.0,3078.0,1450.0,0.0,0.0,0.0,0.0,496.0,364.0,0.0,0.0
1316,2026-05-14 23:09:12,2026-5-14_stair2_left.csv,stair2,0.0,0.0,3415.0,1463.0,0.0,0.0,0.0,0.0,3078.0,1450.0,0.0,0.0,0.0,0.0,496.0,364.0,0.0,0.0
1317,2026-05-14 23:09:13,2026-5-14_stair2_left.csv,stair2,0.0,0.0,3415.0,1463.0,0.0,0.0,0.0,0.0,3078.0,1450.0,0.0,0.0,0.0,0.0,496.0,364.0,0.0,0.0
1318,2026-05-14 23:09:13,2026-5-14_stair2_left.csv,stair2,0.0,0.0,3415.0,1463.0,0.0,0.0,0.0,0.0,3078.0,1450.0,0.0,0.0,0.0,0.0,496.0,364.0,0.0,0.0
1319,2026-05-14 23:09:13,2026-5-14_stair2_left.csv,stair2,0.0,0.0,3415.0,1463.0,0.0,0.0,0.0,0.0,3078.0,1450.0,0.0,0.0,0.0,0.0,496.0,364.0,0.0,0.0
1320,2026-05-14 23:09:13,2026-5-14_stair2_left.csv,stair2,0.0,0.0,3415.0,1463.0,0.0,0.0,0.0,0.0,3078.0,1450.0,0.0,0.0,0.0,0.0,496.0,364.0,0.0,0.0
1321,2026-05-14 23:09:13,2026-5-14_stair2_left.csv,stair2,0.0,0.0,3415.0,1463.0,0.0,0.0,0.0,0.0,3078.0,1450.0,0.0,0.0,0.0,0.0,496.0,364.0,0.0,0.0
1322,2026-05-14 23:09:13,2026-5-14_stair2_left.csv,stair2,0.0,0.0,3415.0,1463.0,0.0,0.0,0.0,0.0,3078.0,1450.0,0.0,0.0,0.0,0.0,496.0,364.0,0.0,0.0
1323,2026-05-14 23:09:13,2026-5-14_stair2_left.csv,stair2,0.0,0.0,3415.0,1463.0,0.0,0.0,0.0,0.0,3078.0,1450.0,0.0,0.0,0.0,0.0,496.0,364.0,0.0,0.0
1324,2026-05-14 23:09:13,2026-5-14_stair2_left.csv,stair2,0.0,0.0,3415.0,1463.0,0.0,0.0,0.0,0.0,3078.0,1450.0,0.0,0.0,0.0,0.0,496.0,364.0,0.0,0.0
1325,2026-05-14 23:09:13,2026-5-14_stair2_left.csv,stair2,0.0,0.0,3415.0,1463.0,0.0,0.0,0.0,0.0,3078.0,1450.0,0.0,0.0,0.0,0.0,496.0,364.0,0.0,0.0
1326,2026-05-14 23:09:13,2026-5-14_stair2_left.csv,stair2,0.0,0.0,3415.0,1463.0,0.0,0.0,0.0,0.0,3078.0,1450.0,0.0,0.0,0.0,0.0,496.0,364.0,0.0,0.0
1327,2026-05-14 23:09:13,2026-5-14_stair2_left.csv,stair2,0.0,0.0,3415.0,1463.0,0.0,0.0,0.0,0.0,3078.0,1450.0,0.0,0.0,0.0,0.0,496.0,364.0,0.0,0.0
1328,2026-05-14 23:09:13,2026-5-14_stair2_left.csv,stair2,0.0,0.0,3415.0,1463.0,0.0,0.0,0.0,0.0,3078.0,1450.0,0.0,0.0,0.0,0.0,496.0,364.0,0.0,0.0
1329,2026-05-14 23:09:13,2026-5-14_stair2_left.csv,stair2,0.0,0.0,3415.0,1463.0,0.0,0.0,0.0,0.0,3078.0,1450.0,0.0,0.0,0.0,0.0,496.0,364.0,0.0,0.0
1330,2026-05-14 23:09:13,2026-5-14_stair2_left.csv,stair2,0.0,0.0,3415.0,1463.0,0.0,0.0,0.0,0.0,3078.0,1450.0,0.0,0.0,0.0,0.0,496.0,364.0,0.0,0.0
1331,2026-05-14 23:09:13,2026-5-14_stair2_left.csv,stair2,0.0,0.0,3415.0,1463.0,0.0,0.0,0.0,0.0,3078.0,1450.0,0.0,0.0,0.0,0.0,496.0,364.0,0.0,0.0
1332,2026-05-14 23:09:13,2026-5-14_stair2_left.csv,stair2,0.0,0.0,3415.0,1463.0,0.0,0.0,0.0,0.0,3078.0,1450.0,0.0,0.0,0.0,0.0,496.0,364.0,0.0,0.0
1333,2026-05-14 23:09:13,2026-5-14_stair2_left.csv,stair2,0.0,0.0,3415.0,1463.0,0.0,0.0,0.0,0.0,3078.0,1450.0,0.0,0.0,0.0,0.0,496.0,364.0,0.0,0.0
1334,2026-05-14 23:09:13,2026-5-14_stair2_left.csv,stair2,0.0,0.0,3415.0,1463.0,0.0,0.0,0.0,0.0,3078.0,1450.0,0.0,0.0,0.0,0.0,496.0,364.0,0.0,0.0
1335,2026-05-14 23:09:13,2026-5-14_stair2_left.csv,stair2,0.0,0.0,3415.0,1463.0,0.0,0.0,0.0,0.0,3078.0,1450.0,0.0,0.0,0.0,0.0,496.0,364.0,0.0,0.0
1336,2026-05-14 23:09:13,2026-5-14_stair2_left.csv,stair2,0.0,0.0,3415.0,1463.0,0.0,0.0,0.0,0.0,3078.0,1450.0,0.0,0.0,0.0,0.0,496.0,364.0,0.0,0.0
1337,2026-05-14 23:09:14,2026-5-14_stair2_left.csv,stair2,0.0,0.0,3415.0,1463.0,0.0,0.0,0.0,0.0,3078.0,1450.0,0.0,0.0,0.0,0.0,496.0,364.0,0.0,0.0
1338,2026-05-14 23:09:14,2026-5-14_stair2_left.csv,stair2,0.0,0.0,3415.0,1463.0,0.0,0.0,0.0,0.0,3078.0,1450.0,0.0,0.0,0.0,0.0,496.0,364.0,0.0,0.0
1339,2026-05-14 23:09:14,2026-5-14_stair2_left.csv,stair2,0.0,0.0,3415.0,1463.0,0.0,0.0,0.0,0.0,3078.0,1450.0,0.0,0.0,0.0,0.0,496.0,364.0,0.0,0.0
1340,2026-05-14 23:09:14,2026-5-14_stair2_left.csv,stair2,0.0,0.0,3415.0,1463.0,0.0,0.0,0.0,0.0,3078.0,1450.0,0.0,0.0,0.0,0.0,496.0,364.0,0.0,0.0
1341,2026-05-14 23:09:14,2026-5-14_stair2_left.csv,stair2,0.0,0.0,3415.0,1463.0,0.0,0.0,0.0,0.0,3078.0,1450.0,0.0,0.0,0.0,0.0,496.0,364.0,0.0,0.0
1342,2026-05-14 23:09:14,2026-5-14_stair2_left.csv,stair2,0.0,0.0,3415.0,1463.0,0.0,0.0,0.0,0.0,3078.0,1450.0,0.0,0.0,0.0,0.0,496.0,364.0,0.0,0.0
1343,2026-05-14 23:09:14,2026-5-14_stair2_left.csv,stair2,0.0,0.0,3415.0,1463.0,0.0,0.0,0.0,0.0,3078.0,1450.0,0.0,0.0,0.0,0.0,496.0,364.0,0.0,0.0
1344,2026-05-14 23:09:14,2026-5-14_stair2_left.csv,stair2,0.0,0.0,3415.0,1463.0,0.0,0.0,0.0,0.0,3078.0,1450.0,0.0,0.0,0.0,0.0,496.0,364.0,0.0,0.0
1345,2026-05-14 23:09:14,2026-5-14_stair2_left.csv,stair2,0.0,0.0,3415.0,1463.0,0.0,0.0,0.0,0.0,3078.0,1450.0,0.0,0.0,0.0,0.0,496.0,364.0,0.0,0.0
1346,2026-05-14 23:09:14,2026-5-14_stair2_left.csv,stair2,0.0,0.0,3415.0,1463.0,0.0,0.0,0.0,0.0,3078.0,1450.0,0.0,0.0,0.0,0.0,496.0,364.0,0.0,0.0
1347,2026-05-14 23:09:14,2026-5-14_stair2_left.csv,stair2,0.0,0.0,3415.0,1463.0,0.0,0.0,0.0,0.0,3078.0,1450.0,0.0,0.0,0.0,0.0,496.0,364.0,0.0,0.0
1348,2026-05-14 23:09:14,2026-5-14_stair2_left.csv,stair2,0.0,0.0,3415.0,1463.0,0.0,0.0,0.0,0.0,3078.0,1450.0,0.0,0.0,0.0,0.0,496.0,364.0,0.0,0.0
1349,2026-05-14 23:09:14,2026-5-14_stair2_left.csv,stair2,0.0,0.0,3415.0,1463.0,0.0,0.0,0.0,0.0,3078.0,1450.0,0.0,0.0,0.0,0.0,496.0,364.0,0.0,0.0
1350,2026-05-14 23:09:14,2026-5-14_stair2_left.csv,stair2,0.0,0.0,3415.0,1463.0,0.0,0.0,0.0,0.0,3078.0,1450.0,0.0,0.0,0.0,0.0,496.0,364.0,0.0,0.0
1351,2026-05-14 23:09:14,2026-5-14_stair2_left.csv,stair2,0.0,0.0,3415.0,1463.0,0.0,0.0,0.0,0.0,3078.0,1450.0,0.0,0.0,0.0,0.0,496.0,364.0,0.0,0.0
1352,2026-05-14 23:09:14,2026-5-14_stair2_left.csv,stair2,0.0,0.0,3415.0,1463.0,0.0,0.0,0.0,0.0,3078.0,1450.0,0.0,0.0,0.0,0.0,496.0,364.0,0.0,0.0
1353,2026-05-14 23:09:14,2026-5-14_stair2_left.csv,stair2,0.0,0.0,3415.0,1463.0,0.0,0.0,0.0,0.0,3078.0,1450.0,0.0,0.0,0.0,0.0,496.0,364.0,0.0,0.0
1354,2026-05-14 23:09:14,2026-5-14_stair2_left.csv,stair2,0.0,0.0,3415.0,1463.0,0.0,0.0,0.0,0.0,3078.0,1450.0,0.0,0.0,0.0,0.0,496.0,364.0,0.0,0.0
1355,2026-05-14 23:09:14,2026-5-14_stair2_left.csv,stair2,0.0,0.0,3415.0,1463.0,0.0,0.0,0.0,0.0,3078.0,1450.0,0.0,0.0,0.0,0.0,496.0,364.0,0.0,0.0
1356,2026-05-14 23:09:14,2026-5-14_stair2_left.csv,stair2,0.0,0.0,3415.0,1463.0,0.0,0.0,0.0,0.0,3078.0,1450.0,0.0,0.0,0.0,0.0,496.0,364.0,0.0,0.0
1357,2026-05-14 23:09:15,2026-5-14_stair2_left.csv,stair2,0.0,0.0,3415.0,1463.0,0.0,0.0,0.0,0.0,3078.0,1450.0,0.0,0.0,0.0,0.0,496.0,364.0,0.0,0.0
1358,2026-05-14 23:09:15,2026-5-14_stair2_left.csv,stair2,0.0,0.0,3415.0,1463.0,0.0,0.0,0.0,0.0,3078.0,1450.0,0.0,0.0,0.0,0.0,496.0,364.0,0.0,0.0
1359,2026-05-14 23:09:15,2026-5-14_stair2_left.csv,stair2,0.0,0.0,3415.0,1463.0,0.0,0.0,0.0,0.0,3078.0,1450.0,0.0,0.0,0.0,0.0,496.0,364.0,0.0,0.0
1360,2026-05-14 23:09:15,2026-5-14_stair2_left.csv,stair2,0.0,0.0,3415.0,1463.0,0.0,0.0,0.0,0.0,3078.0,1450.0,0.0,0.0,0.0,0.0,496.0,364.0,0.0,0.0
1361,2026-05-14 23:09:15,2026-5-14_stair2_left.csv,stair2,0.0,0.0,3415.0,1463.0,0.0,0.0,0.0,0.0,3078.0,1450.0,0.0,0.0,0.0,0.0,496.0,364.0,0.0,0.0
1362,2026-05-14 23:09:15,2026-5-14_stair2_left.csv,stair2,0.0,0.0,3415.0,1463.0,0.0,0.0,0.0,0.0,3078.0,1450.0,0.0,0.0,0.0,0.0,496.0,364.0,0.0,0.0
1363,2026-05-14 23:09:15,2026-5-14_stair2_left.csv,stair2,0.0,0.0,3415.0,1463.0,0.0,0.0,0.0,0.0,3078.0,1450.0,0.0,0.0,0.0,0.0,496.0,364.0,0.0,0.0
1364,2026-05-14 23:09:15,2026-5-14_stair2_left.csv,stair2,0.0,0.0,3415.0,1463.0,0.0,0.0,0.0,0.0,3078.0,1450.0,0.0,0.0,0.0,0.0,496.0,364.0,0.0,0.0
1365,2026-05-14 23:09:15,2026-5-14_stair2_left.csv,stair2,0.0,0.0,3415.0,1463.0,0.0,0.0,0.0,0.0,3078.0,1450.0,0.0,0.0,0.0,0.0,496.0,364.0,0.0,0.0
1366,2026-05-14 23:09:15,2026-5-14_stair2_left.csv,stair2,0.0,0.0,3415.0,1463.0,0.0,0.0,0.0,0.0,3078.0,1450.0,0.0,0.0,0.0,0.0,496.0,364.0,0.0,0.0
1367,2026-05-14 23:09:15,2026-5-14_stair2_left.csv,stair2,0.0,0.0,3415.0,1463.0,0.0,0.0,0.0,0.0,3078.0,1450.0,0.0,0.0,0.0,0.0,496.0,364.0,0.0,0.0
1368,2026-05-14 23:09:15,2026-5-14_stair2_left.csv,stair2,0.0,0.0,3415.0,1463.0,0.0,0.0,0.0,0.0,3078.0,1450.0,0.0,0.0,0.0,0.0,496.0,364.0,0.0,0.0
1369,2026-05-14 23:09:15,2026-5-14_stair2_left.csv,stair2,0.0,0.0,3415.0,1463.0,0.0,0.0,0.0,0.0,3078.0,1450.0,0.0,0.0,0.0,0.0,496.0,364.0,0.0,0.0
1370,2026-05-14 23:09:15,2026-5-14_stair2_left.csv,stair2,0.0,0.0,3415.0,1463.0,0.0,0.0,0.0,0.0,3078.0,1450.0,0.0,0.0,0.0,0.0,496.0,364.0,0.0,0.0
1371,2026-05-14 23:09:15,2026-5-14_stair2_left.csv,stair2,0.0,0.0,3415.0,1463.0,0.0,0.0,0.0,0.0,3078.0,1450.0,0.0,0.0,0.0,0.0,496.0,364.0,0.0,0.0
1372,2026-05-14 23:09:15,2026-5-14_stair2_left.csv,stair2,0.0,0.0,3415.0,1463.0,0.0,0.0,0.0,0.0,3078.0,1450.0,0.0,0.0,0.0,0.0,496.0,364.0,0.0,0.0
1373,2026-05-14 23:09:15,2026-5-14_stair2_left.csv,stair2,0.0,0.0,3415.0,1463.0,0.0,0.0,0.0,0.0,3078.0,1450.0,0.0,0.0,0.0,0.0,496.0,364.0,0.0,0.0
1374,2026-05-14 23:09:15,2026-5-14_stair2_left.csv,stair2,0.0,0.0,3415.0,1463.0,0.0,0.0,0.0,0.0,3078.0,1450.0,0.0,0.0,0.0,0.0,496.0,364.0,0.0,0.0
1375,2026-05-14 23:09:15,2026-5-14_stair2_left.csv,stair2,0.0,0.0,3415.0,1463.0,0.0,0.0,0.0,0.0,3078.0,1450.0,0.0,0.0,0.0,0.0,496.0,364.0,0.0,0.0
1376,2026-05-14 23:09:15,2026-5-14_stair2_left.csv,stair2,0.0,0.0,3415.0,1463.0,0.0,0.0,0.0,0.0,3078.0,1450.0,0.0,0.0,0.0,0.0,496.0,364.0,0.0,0.0
1377,2026-05-14 23:09:16,2026-5-14_stair2_left.csv,stair2,0.0,0.0,3415.0,1463.0,0.0,0.0,0.0,0.0,3078.0,1450.0,0.0,0.0,0.0,0.0,496.0,364.0,0.0,0.0
1378,2026-05-14 23:09:16,2026-5-14_stair2_left.csv,stair2,0.0,0.0,3415.0,1463.0,0.0,0.0,0.0,0.0,3078.0,1450.0,0.0,0.0,0.0,0.0,496.0,364.0,0.0,0.0
1379,2026-05-14 23:09:16,2026-5-14_stair2_left.csv,stair2,0.0,0.0,3415.0,1463.0,0.0,0.0,0.0,0.0,3078.0,1450.0,0.0,0.0,0.0,0.0,496.0,364.0,0.0,0.0
1380,2026-05-14 23:09:16,2026-5-14_stair2_left.csv,stair2,0.0,0.0,3415.0,1463.0,0.0,0.0,0.0,0.0,3078.0,1450.0,0.0,0.0,0.0,0.0,496.0,364.0,0.0,0.0
1381,2026-05-14 23:09:16,2026-5-14_stair2_left.csv,stair2,0.0,0.0,3415.0,1463.0,0.0,0.0,0.0,0.0,3078.0,1450.0,0.0,0.0,0.0,0.0,496.0,364.0,0.0,0.0
1382,2026-05-14 23:09:16,2026-5-14_stair2_left.csv,stair2,0.0,0.0,3415.0,1463.0,0.0,0.0,0.0,0.0,3078.0,1450.0,0.0,0.0,0.0,0.0,496.0,364.0,0.0,0.0
1383,2026-05-14 23:09:16,2026-5-14_stair2_left.csv,stair2,0.0,0.0,3415.0,1463.0,0.0,0.0,0.0,0.0,3078.0,1450.0,0.0,0.0,0.0,0.0,496.0,364.0,0.0,0.0
1384,2026-05-14 23:09:16,2026-5-14_stair2_left.csv,stair2,0.0,0.0,3415.0,1463.0,0.0,0.0,0.0,0.0,3078.0,1450.0,0.0,0.0,0.0,0.0,496.0,364.0,0.0,0.0
1385,2026-05-14 23:09:16,2026-5-14_stair2_left.csv,stair2,0.0,0.0,3415.0,1463.0,0.0,0.0,0.0,0.0,3078.0,1450.0,0.0,0.0,0.0,0.0,496.0,364.0,0.0,0.0
1386,2026-05-14 23:09:16,2026-5-14_stair2_left.csv,stair2,0.0,0.0,3415.0,1463.0,0.0,0.0,0.0,0.0,3078.0,1450.0,0.0,0.0,0.0,0.0,496.0,364.0,0.0,0.0
1387,2026-05-14 23:09:16,2026-5-14_stair2_left.csv,stair2,0.0,0.0,3415.0,1463.0,0.0,0.0,0.0,0.0,3078.0,1450.0,0.0,0.0,0.0,0.0,496.0,364.0,0.0,0.0
1388,2026-05-14 23:09:16,2026-5-14_stair2_left.csv,stair2,0.0,0.0,3415.0,1463.0,0.0,0.0,0.0,0.0,3078.0,1450.0,0.0,0.0,0.0,0.0,496.0,364.0,0.0,0.0
1389,2026-05-14 23:09:16,2026-5-14_stair2_left.csv,stair2,0.0,0.0,3415.0,1463.0,0.0,0.0,0.0,0.0,3078.0,1450.0,0.0,0.0,0.0,0.0,496.0,364.0,0.0,0.0
1390,2026-05-14 23:09:16,2026-5-14_stair2_left.csv,stair2,0.0,0.0,3415.0,1463.0,0.0,0.0,0.0,0.0,3078.0,1450.0,0.0,0.0,0.0,0.0,496.0,364.0,0.0,0.0
1391,2026-05-14 23:09:16,2026-5-14_stair2_left.csv,stair2,0.0,0.0,3415.0,1463.0,0.0,0.0,0.0,0.0,3078.0,1450.0,0.0,0.0,0.0,0.0,496.0,364.0,0.0,0.0
1392,2026-05-14 23:09:16,2026-5-14_stair2_left.csv,stair2,0.0,0.0,3415.0,1463.0,0.0,0.0,0.0,0.0,3078.0,1450.0,0.0,0.0,0.0,0.0,496.0,364.0,0.0,0.0
1393,2026-05-14 23:09:16,2026-5-14_stair2_left.csv,stair2,0.0,0.0,3415.0,1463.0,0.0,0.0,0.0,0.0,3078.0,1450.0,0.0,0.0,0.0,0.0,496.0,364.0,0.0,0.0
1394,2026-05-14 23:09:16,2026-5-14_stair2_left.csv,stair2,0.0,0.0,3415.0,1463.0,0.0,0.0,0.0,0.0,3078.0,1450.0,0.0,0.0,0.0,0.0,496.0,364.0,0.0,0.0
1395,2026-05-14 23:09:16,2026-5-14_stair2_left.csv,stair2,0.0,0.0,3415.0,1463.0,0.0,0.0,0.0,0.0,3078.0,1450.0,0.0,0.0,0.0,0.0,496.0,364.0,0.0,0.0
1396,2026-05-14 23:09:16,2026-5-14_stair2_left.csv,stair2,0.0,0.0,3415.0,1463.0,0.0,0.0,0.0,0.0,3078.0,1450.0,0.0,0.0,0.0,0.0,496.0,364.0,0.0,0.0
1397,2026-05-14 23:09:17,2026-5-14_stair2_left.csv,stair2,0.0,0.0,3415.0,1463.0,0.0,0.0,0.0,0.0,3078.0,1450.0,0.0,0.0,0.0,0.0,496.0,364.0,0.0,0.0
1398,2026-05-14 23:09:17,2026-5-14_stair2_left.csv,stair2,0.0,0.0,3415.0,1463.0,0.0,0.0,0.0,0.0,3078.0,1450.0,0.0,0.0,0.0,0.0,496.0,364.0,0.0,0.0
1399,2026-05-14 23:09:17,2026-5-14_stair2_left.csv,stair2,0.0,0.0,3415.0,1463.0,0.0,0.0,0.0,0.0,3078.0,1450.0,0.0,0.0,0.0,0.0,496.0,364.0,0.0,0.0
1400,2026-05-14 23:09:17,2026-5-14_stair2_left.csv,stair2,0.0,0.0,3415.0,1463.0,0.0,0.0,0.0,0.0,3078.0,1450.0,0.0,0.0,0.0,0.0,496.0,364.0,0.0,0.0
1401,2026-05-14 23:09:17,2026-5-14_stair2_left.csv,stair2,0.0,0.0,3415.0,1463.0,0.0,0.0,0.0,0.0,3078.0,1450.0,0.0,0.0,0.0,0.0,496.0,364.0,0.0,0.0
1402,2026-05-14 23:09:17,2026-5-14_stair2_left.csv,stair2,0.0,0.0,3415.0,1463.0,0.0,0.0,0.0,0.0,3078.0,1450.0,0.0,0.0,0.0,0.0,496.0,364.0,0.0,0.0
1403,2026-05-14 23:09:17,2026-5-14_stair2_left.csv,stair2,0.0,0.0,3415.0,1463.0,0.0,0.0,0.0,0.0,3078.0,1450.0,0.0,0.0,0.0,0.0,496.0,364.0,0.0,0.0
1404,2026-05-14 23:09:17,2026-5-14_stair2_left.csv,stair2,0.0,0.0,3415.0,1463.0,0.0,0.0,0.0,0.0,3078.0,1450.0,0.0,0.0,0.0,0.0,496.0,364.0,0.0,0.0
1405,2026-05-14 23:09:17,2026-5-14_stair2_left.csv,stair2,0.0,0.0,3415.0,1463.0,0.0,0.0,0.0,0.0,3078.0,1450.0,0.0,0.0,0.0,0.0,496.0,364.0,0.0,0.0
1406,2026-05-14 23:09:17,2026-5-14_stair2_left.csv,stair2,0.0,0.0,3415.0,1463.0,0.0,0.0,0.0,0.0,3078.0,1450.0,0.0,0.0,0.0,0.0,496.0,364.0,0.0,0.0
1407,2026-05-14 23:09:17,2026-5-14_stair2_left.csv,stair2,0.0,0.0,3415.0,1463.0,0.0,0.0,0.0,0.0,3078.0,1450.0,0.0,0.0,0.0,0.0,496.0,364.0,0.0,0.0
1408,2026-05-14 23:09:17,2026-5-14_stair2_left.csv,stair2,0.0,0.0,3415.0,1463.0,0.0,0.0,0.0,0.0,3078.0,1450.0,0.0,0.0,0.0,0.0,496.0,364.0,0.0,0.0
1409,2026-05-14 23:09:17,2026-5-14_stair2_left.csv,stair2,0.0,0.0,3415.0,1463.0,0.0,0.0,0.0,0.0,3078.0,1450.0,0.0,0.0,0.0,0.0,496.0,364.0,0.0,0.0
1410,2026-05-14 23:09:17,2026-5-14_stair2_left.csv,stair2,0.0,0.0,3415.0,1463.0,0.0,0.0,0.0,0.0,3078.0,1450.0,0.0,0.0,0.0,0.0,496.0,364.0,0.0,0.0
1411,2026-05-14 23:09:17,2026-5-14_stair2_left.csv,stair2,0.0,0.0,3415.0,1463.0,0.0,0.0,0.0,0.0,3078.0,1450.0,0.0,0.0,0.0,0.0,496.0,364.0,0.0,0.0
1412,2026-05-14 23:09:17,2026-5-14_stair2_left.csv,stair2,0.0,0.0,3415.0,1463.0,0.0,0.0,0.0,0.0,3078.0,1450.0,0.0,0.0,0.0,0.0,496.0,364.0,0.0,0.0
1413,2026-05-14 23:09:17,2026-5-14_stair2_left.csv,stair2,0.0,0.0,3415.0,1463.0,0.0,0.0,0.0,0.0,3078.0,1450.0,0.0,0.0,0.0,0.0,496.0,364.0,0.0,0.0
1414,2026-05-14 23:09:17,2026-5-14_stair2_left.csv,stair2,0.0,0.0,3415.0,1463.0,0.0,0.0,0.0,0.0,3078.0,1450.0,0.0,0.0,0.0,0.0,496.0,364.0,0.0,0.0
1415,2026-05-14 23:09:17,2026-5-14_stair2_left.csv,stair2,0.0,0.0,3415.0,1463.0,0.0,0.0,0.0,0.0,3078.0,1450.0,0.0,0.0,0.0,0.0,496.0,364.0,0.0,0.0
1416,2026-05-14 23:09:17,2026-5-14_stair2_left.csv,stair2,0.0,0.0,3415.0,1463.0,0.0,0.0,0.0,0.0,3078.0,1450.0,0.0,0.0,0.0,0.0,496.0,364.0,0.0,0.0
1417,2026-05-14 23:09:18,2026-5-14_stair2_left.csv,stair2,0.0,0.0,3415.0,1463.0,0.0,0.0,0.0,0.0,3078.0,1450.0,0.0,0.0,0.0,0.0,496.0,364.0,0.0,0.0
1418,2026-05-14 23:09:18,2026-5-14_stair2_left.csv,stair2,0.0,0.0,3415.0,1463.0,0.0,0.0,0.0,0.0,3078.0,1450.0,0.0,0.0,0.0,0.0,496.0,364.0,0.0,0.0
1419,2026-05-14 23:09:18,2026-5-14_stair2_left.csv,stair2,0.0,0.0,3415.0,1463.0,0.0,0.0,0.0,0.0,3078.0,1450.0,0.0,0.0,0.0,0.0,496.0,364.0,0.0,0.0
1420,2026-05-14 23:09:18,2026-5-14_stair2_left.csv,stair2,0.0,0.0,3415.0,1463.0,0.0,0.0,0.0,0.0,3078.0,1450.0,0.0,0.0,0.0,0.0,496.0,364.0,0.0,0.0
1421,2026-05-14 23:09:18,2026-5-14_stair2_left.csv,stair2,0.0,0.0,3415.0,1463.0,0.0,0.0,0.0,0.0,3078.0,1450.0,0.0,0.0,0.0,0.0,496.0,364.0,0.0,0.0
1422,2026-05-14 23:09:18,2026-5-14_stair2_left.csv,stair2,0.0,0.0,3415.0,1463.0,0.0,0.0,0.0,0.0,3078.0,1450.0,0.0,0.0,0.0,0.0,496.0,364.0,0.0,0.0
1423,2026-05-14 23:09:18,2026-5-14_stair2_left.csv,stair2,0.0,0.0,3415.0,1463.0,0.0,0.0,0.0,0.0,3078.0,1450.0,0.0,0.0,0.0,0.0,496.0,364.0,0.0,0.0
1424,2026-05-14 23:09:18,2026-5-14_stair2_left.csv,stair2,0.0,0.0,3415.0,1463.0,0.0,0.0,0.0,0.0,3078.0,1450.0,0.0,0.0,0.0,0.0,496.0,364.0,0.0,0.0
1425,2026-05-14 23:09:18,2026-5-14_stair2_left.csv,stair2,0.0,0.0,3415.0,1463.0,0.0,0.0,0.0,0.0,3078.0,1450.0,0.0,0.0,0.0,0.0,496.0,364.0,0.0,0.0
1426,2026-05-14 23:09:18,2026-5-14_stair2_left.csv,stair2,0.0,0.0,3415.0,1463.0,0.0,0.0,0.0,0.0,3078.0,1450.0,0.0,0.0,0.0,0.0,496.0,364.0,0.0,0.0
1427,2026-05-14 23:09:18,2026-5-14_stair2_left.csv,stair2,0.0,0.0,3415.0,1463.0,0.0,0.0,0.0,0.0,3078.0,1450.0,0.0,0.0,0.0,0.0,496.0,364.0,0.0,0.0
1428,2026-05-14 23:09:18,2026-5-14_stair2_left.csv,stair2,0.0,0.0,3415.0,1463.0,0.0,0.0,0.0,0.0,3078.0,1450.0,0.0,0.0,0.0,0.0,496.0,364.0,0.0,0.0
1429,2026-05-14 23:09:18,2026-5-14_stair2_left.csv,stair2,0.0,0.0,3415.0,1463.0,0.0,0.0,0.0,0.0,3078.0,1450.0,0.0,0.0,0.0,0.0,496.0,364.0,0.0,0.0
1430,2026-05-14 23:09:18,2026-5-14_stair2_left.csv,stair2,0.0,0.0,3415.0,1463.0,0.0,0.0,0.0,0.0,3078.0,1450.0,0.0,0.0,0.0,0.0,496.0,364.0,0.0,0.0
1431,2026-05-14 23:09:18,2026-5-14_stair2_left.csv,stair2,0.0,0.0,3415.0,1463.0,0.0,0.0,0.0,0.0,3078.0,1450.0,0.0,0.0,0.0,0.0,496.0,364.0,0.0,0.0
1432,2026-05-14 23:09:18,2026-5-14_stair2_left.csv,stair2,0.0,0.0,3415.0,1463.0,0.0,0.0,0.0,0.0,3078.0,1450.0,0.0,0.0,0.0,0.0,496.0,364.0,0.0,0.0
1433,2026-05-14 23:09:18,2026-5-14_stair2_left.csv,stair2,0.0,0.0,3415.0,1463.0,0.0,0.0,0.0,0.0,3078.0,1450.0,0.0,0.0,0.0,0.0,496.0,364.0,0.0,0.0
1434,2026-05-14 23:09:18,2026-5-14_stair2_left.csv,stair2,0.0,0.0,3415.0,1463.0,0.0,0.0,0.0,0.0,3078.0,1450.0,0.0,0.0,0.0,0.0,496.0,364.0,0.0,0.0
1435,2026-05-14 23:09:18,2026-5-14_stair2_left.csv,stair2,0.0,0.0,3415.0,1463.0,0.0,0.0,0.0,0.0,3078.0,1450.0,0.0,0.0,0.0,0.0,496.0,364.0,0.0,0.0
1436,2026-05-14 23:09:18,2026-5-14_stair2_left.csv,stair2,0.0,0.0,3415.0,1463.0,0.0,0.0,0.0,0.0,3078.0,1450.0,0.0,0.0,0.0,0.0,496.0,364.0,0.0,0.0
1437,2026-05-14 23:09:19,2026-5-14_stair2_left.csv,stair2,0.0,0.0,3415.0,1463.0,0.0,0.0,0.0,0.0,3078.0,1450.0,0.0,0.0,0.0,0.0,496.0,364.0,0.0,0.0
1438,2026-05-14 23:09:19,2026-5-14_stair2_left.csv,stair2,0.0,0.0,3415.0,1463.0,0.0,0.0,0.0,0.0,3078.0,1450.0,0.0,0.0,0.0,0.0,496.0,364.0,0.0,0.0
1439,2026-05-14 23:09:19,2026-5-14_stair2_left.csv,stair2,0.0,0.0,3415.0,1463.0,0.0,0.0,0.0,0.0,3078.0,1450.0,0.0,0.0,0.0,0.0,496.0,364.0,0.0,0.0
1440,2026-05-14 23:09:19,2026-5-14_stair2_left.csv,stair2,0.0,0.0,3415.0,1463.0,0.0,0.0,0.0,0.0,3078.0,1450.0,0.0,0.0,0.0,0.0,496.0,364.0,0.0,0.0
1441,2026-05-14 23:09:19,2026-5-14_stair2_left.csv,stair2,0.0,0.0,3415.0,1463.0,0.0,0.0,0.0,0.0,3078.0,1450.0,0.0,0.0,0.0,0.0,496.0,364.0,0.0,0.0
1442,2026-05-14 23:09:19,2026-5-14_stair2_left.csv,stair2,0.0,0.0,3415.0,1463.0,0.0,0.0,0.0,0.0,3078.0,1450.0,0.0,0.0,0.0,0.0,496.0,364.0,0.0,0.0
1443,2026-05-14 23:09:19,2026-5-14_stair2_left.csv,stair2,0.0,0.0,3415.0,1463.0,0.0,0.0,0.0,0.0,3078.0,1450.0,0.0,0.0,0.0,0.0,496.0,364.0,0.0,0.0
1444,2026-05-14 23:09:19,2026-5-14_stair2_left.csv,stair2,0.0,0.0,3415.0,1463.0,0.0,0.0,0.0,0.0,3078.0,1450.0,0.0,0.0,0.0,0.0,496.0,364.0,0.0,0.0
1445,2026-05-14 23:09:19,2026-5-14_stair2_left.csv,stair2,0.0,0.0,3415.0,1463.0,0.0,0.0,0.0,0.0,3078.0,1450.0,0.0,0.0,0.0,0.0,496.0,364.0,0.0,0.0
1446,2026-05-14 23:09:19,2026-5-14_stair2_left.csv,stair2,0.0,0.0,3415.0,1463.0,0.0,0.0,0.0,0.0,3078.0,1450.0,0.0,0.0,0.0,0.0,496.0,364.0,0.0,0.0
1447,2026-05-14 23:09:19,2026-5-14_stair2_left.csv,stair2,0.0,0.0,3415.0,1463.0,0.0,0.0,0.0,0.0,3078.0,1450.0,0.0,0.0,0.0,0.0,496.0,364.0,0.0,0.0
1448,2026-05-14 23:09:19,2026-5-14_stair2_left.csv,stair2,0.0,0.0,3415.0,1463.0,0.0,0.0,0.0,0.0,3078.0,1450.0,0.0,0.0,0.0,0.0,496.0,364.0,0.0,0.0
1449,2026-05-14 23:09:19,2026-5-14_stair2_left.csv,stair2,0.0,0.0,3415.0,1463.0,0.0,0.0,0.0,0.0,3078.0,1450.0,0.0,0.0,0.0,0.0,496.0,364.0,0.0,0.0
1450,2026-05-14 23:09:19,2026-5-14_stair2_left.csv,stair2,0.0,0.0,3415.0,1463.0,0.0,0.0,0.0,0.0,3078.0,1450.0,0.0,0.0,0.0,0.0,496.0,364.0,0.0,0.0
1451,2026-05-14 23:09:19,2026-5-14_stair2_left.csv,stair2,0.0,0.0,3415.0,1463.0,0.0,0.0,0.0,0.0,3078.0,1450.0,0.0,0.0,0.0,0.0,496.0,364.0,0.0,0.0
1452,2026-05-14 23:09:19,2026-5-14_stair2_left.csv,stair2,0.0,0.0,3415.0,1463.0,0.0,0.0,0.0,0.0,3078.0,1450.0,0.0,0.0,0.0,0.0,496.0,364.0,0.0,0.0
1453,2026-05-14 23:09:19,2026-5-14_stair2_left.csv,stair2,0.0,0.0,3415.0,1463.0,0.0,0.0,0.0,0.0,3078.0,1450.0,0.0,0.0,0.0,0.0,496.0,364.0,0.0,0.0
1454,2026-05-14 23:09:19,2026-5-14_stair2_left.csv,stair2,0.0,0.0,3415.0,1463.0,0.0,0.0,0.0,0.0,3078.0,1450.0,0.0,0.0,0.0,0.0,496.0,364.0,0.0,0.0
1455,2026-05-14 23:09:19,2026-5-14_stair2_left.csv,stair2,0.0,0.0,3415.0,1463.0,0.0,0.0,0.0,0.0,3078.0,1450.0,0.0,0.0,0.0,0.0,496.0,364.0,0.0,0.0
1456,2026-05-14 23:09:19,2026-5-14_stair2_left.csv,stair2,0.0,0.0,3415.0,1463.0,0.0,0.0,0.0,0.0,3078.0,1450.0,0.0,0.0,0.0,0.0,496.0,364.0,0.0,0.0
1457,2026-05-14 23:09:20,2026-5-14_stair2_left.csv,stair2,0.0,0.0,3415.0,1463.0,0.0,0.0,0.0,0.0,3078.0,1450.0,0.0,0.0,0.0,0.0,496.0,364.0,0.0,0.0
1458,2026-05-14 23:09:20,2026-5-14_stair2_left.csv,stair2,0.0,0.0,3415.0,1463.0,0.0,0.0,0.0,0.0,3078.0,1450.0,0.0,0.0,0.0,0.0,496.0,364.0,0.0,0.0
1459,2026-05-14 23:09:20,2026-5-14_stair2_left.csv,stair2,0.0,0.0,3415.0,1463.0,0.0,0.0,0.0,0.0,3078.0,1450.0,0.0,0.0,0.0,0.0,496.0,364.0,0.0,0.0
1460,2026-05-14 23:09:20,2026-5-14_stair2_left.csv,stair2,0.0,0.0,3415.0,1463.0,0.0,0.0,0.0,0.0,3078.0,1450.0,0.0,0.0,0.0,0.0,496.0,364.0,0.0,0.0
1461,2026-05-14 23:09:20,2026-5-14_stair2_left.csv,stair2,0.0,0.0,3415.0,1463.0,0.0,0.0,0.0,0.0,3078.0,1450.0,0.0,0.0,0.0,0.0,496.0,364.0,0.0,0.0
1462,2026-05-14 23:09:20,2026-5-14_stair2_left.csv,stair2,0.0,0.0,3415.0,1463.0,0.0,0.0,0.0,0.0,3078.0,1450.0,0.0,0.0,0.0,0.0,496.0,364.0,0.0,0.0
1463,2026-05-14 23:09:20,2026-5-14_stair2_left.csv,stair2,0.0,0.0,3415.0,1463.0,0.0,0.0,0.0,0.0,3078.0,1450.0,0.0,0.0,0.0,0.0,496.0,364.0,0.0,0.0
1464,2026-05-14 23:09:20,2026-5-14_stair2_left.csv,stair2,0.0,0.0,3415.0,1463.0,0.0,0.0,0.0,0.0,3078.0,1450.0,0.0,0.0,0.0,0.0,496.0,364.0,0.0,0.0
1465,2026-05-14 23:09:20,2026-5-14_stair2_left.csv,stair2,0.0,0.0,3415.0,1463.0,0.0,0.0,0.0,0.0,3078.0,1450.0,0.0,0.0,0.0,0.0,496.0,364.0,0.0,0.0
1466,2026-05-14 23:09:20,2026-5-14_stair2_left.csv,stair2,0.0,0.0,3415.0,1463.0,0.0,0.0,0.0,0.0,3078.0,1450.0,0.0,0.0,0.0,0.0,496.0,364.0,0.0,0.0
1467,2026-05-14 23:09:20,2026-5-14_stair2_left.csv,stair2,0.0,0.0,3415.0,1463.0,0.0,0.0,0.0,0.0,3078.0,1450.0,0.0,0.0,0.0,0.0,496.0,364.0,0.0,0.0
1468,2026-05-14 23:09:20,2026-5-14_stair2_left.csv,stair2,0.0,0.0,3415.0,1463.0,0.0,0.0,0.0,0.0,3078.0,1450.0,0.0,0.0,0.0,0.0,496.0,364.0,0.0,0.0
1469,2026-05-14 23:09:20,2026-5-14_stair2_left.csv,stair2,0.0,0.0,3415.0,1463.0,0.0,0.0,0.0,0.0,3078.0,1450.0,0.0,0.0,0.0,0.0,496.0,364.0,0.0,0.0
1470,2026-05-14 23:09:20,2026-5-14_stair2_left.csv,stair2,0.0,0.0,3415.0,1463.0,0.0,0.0,0.0,0.0,3078.0,1450.0,0.0,0.0,0.0,0.0,496.0,364.0,0.0,0.0
1471,2026-05-14 23:09:20,2026-5-14_stair2_left.csv,stair2,0.0,0.0,3415.0,1463.0,0.0,0.0,0.0,0.0,3078.0,1450.0,0.0,0.0,0.0,0.0,496.0,364.0,0.0,0.0
1472,2026-05-14 23:09:20,2026-5-14_stair2_left.csv,stair2,0.0,0.0,3415.0,1463.0,0.0,0.0,0.0,0.0,3078.0,1450.0,0.0,0.0,0.0,0.0,496.0,364.0,0.0,0.0
1473,2026-05-14 23:09:20,2026-5-14_stair2_left.csv,stair2,0.0,0.0,3415.0,1463.0,0.0,0.0,0.0,0.0,3078.0,1450.0,0.0,0.0,0.0,0.0,496.0,364.0,0.0,0.0
1474,2026-05-14 23:09:20,2026-5-14_stair2_left.csv,stair2,0.0,0.0,3415.0,1463.0,0.0,0.0,0.0,0.0,3078.0,1450.0,0.0,0.0,0.0,0.0,496.0,364.0,0.0,0.0
1475,2026-05-14 23:09:20,2026-5-14_stair2_left.csv,stair2,0.0,0.0,3415.0,1463.0,0.0,0.0,0.0,0.0,3078.0,1450.0,0.0,0.0,0.0,0.0,496.0,364.0,0.0,0.0
1476,2026-05-14 23:09:20,2026-5-14_stair2_left.csv,stair2,0.0,0.0,3415.0,1463.0,0.0,0.0,0.0,0.0,3078.0,1450.0,0.0,0.0,0.0,0.0,496.0,364.0,0.0,0.0
1477,2026-05-14 23:09:21,2026-5-14_stair2_left.csv,stair2,0.0,0.0,3415.0,1463.0,0.0,0.0,0.0,0.0,3078.0,1450.0,0.0,0.0,0.0,0.0,496.0,364.0,0.0,0.0
1478,2026-05-14 23:09:21,2026-5-14_stair2_left.csv,stair2,0.0,0.0,3415.0,1463.0,0.0,0.0,0.0,0.0,3078.0,1450.0,0.0,0.0,0.0,0.0,496.0,364.0,0.0,0.0
1479,2026-05-14 23:09:21,2026-5-14_stair2_left.csv,stair2,0.0,0.0,3415.0,1463.0,0.0,0.0,0.0,0.0,3078.0,1450.0,0.0,0.0,0.0,0.0,496.0,364.0,0.0,0.0
1480,2026-05-14 23:09:21,2026-5-14_stair2_left.csv,stair2,0.0,0.0,3415.0,1463.0,0.0,0.0,0.0,0.0,3078.0,1450.0,0.0,0.0,0.0,0.0,496.0,364.0,0.0,0.0
1481,2026-05-14 23:09:21,2026-5-14_stair2_left.csv,stair2,0.0,0.0,3415.0,1463.0,0.0,0.0,0.0,0.0,3078.0,1450.0,0.0,0.0,0.0,0.0,496.0,364.0,0.0,0.0
1482,2026-05-14 23:09:21,2026-5-14_stair2_left.csv,stair2,0.0,0.0,3415.0,1463.0,0.0,0.0,0.0,0.0,3078.0,1450.0,0.0,0.0,0.0,0.0,496.0,364.0,0.0,0.0
1483,2026-05-14 23:09:21,2026-5-14_stair2_left.csv,stair2,0.0,0.0,3415.0,1463.0,0.0,0.0,0.0,0.0,3078.0,1450.0,0.0,0.0,0.0,0.0,496.0,364.0,0.0,0.0
1484,2026-05-14 23:09:21,2026-5-14_stair2_left.csv,stair2,0.0,0.0,3415.0,1463.0,0.0,0.0,0.0,0.0,3078.0,1450.0,0.0,0.0,0.0,0.0,496.0,364.0,0.0,0.0
1485,2026-05-14 23:09:21,2026-5-14_stair2_left.csv,stair2,0.0,0.0,3415.0,1463.0,0.0,0.0,0.0,0.0,3078.0,1450.0,0.0,0.0,0.0,0.0,496.0,364.0,0.0,0.0
1486,2026-05-14 23:09:21,2026-5-14_stair2_left.csv,stair2,0.0,0.0,3415.0,1463.0,0.0,0.0,0.0,0.0,3078.0,1450.0,0.0,0.0,0.0,0.0,496.0,364.0,0.0,0.0
1487,2026-05-14 23:09:21,2026-5-14_stair2_left.csv,stair2,0.0,0.0,3415.0,1463.0,0.0,0.0,0.0,0.0,3078.0,1450.0,0.0,0.0,0.0,0.0,496.0,364.0,0.0,0.0
1488,2026-05-14 23:09:21,2026-5-14_stair2_left.csv,stair2,0.0,0.0,3415.0,1463.0,0.0,0.0,0.0,0.0,3078.0,1450.0,0.0,0.0,0.0,0.0,496.0,364.0,0.0,0.0
1489,2026-05-14 23:09:21,2026-5-14_stair2_left.csv,stair2,0.0,0.0,3415.0,1463.0,0.0,0.0,0.0,0.0,3078.0,1450.0,0.0,0.0,0.0,0.0,496.0,364.0,0.0,0.0
1490,2026-05-14 23:09:21,2026-5-14_stair2_left.csv,stair2,0.0,0.0,3415.0,1463.0,0.0,0.0,0.0,0.0,3078.0,1450.0,0.0,0.0,0.0,0.0,496.0,364.0,0.0,0.0
1491,2026-05-14 23:09:21,2026-5-14_stair2_left.csv,stair2,0.0,0.0,3415.0,1463.0,0.0,0.0,0.0,0.0,3078.0,1450.0,0.0,0.0,0.0,0.0,496.0,364.0,0.0,0.0
1492,2026-05-14 23:09:21,2026-5-14_stair2_left.csv,stair2,0.0,0.0,3415.0,1463.0,0.0,0.0,0.0,0.0,3078.0,1450.0,0.0,0.0,0.0,0.0,496.0,364.0,0.0,0.0
1493,2026-05-14 23:09:21,2026-5-14_stair2_left.csv,stair2,0.0,0.0,3415.0,1463.0,0.0,0.0,0.0,0.0,3078.0,1450.0,0.0,0.0,0.0,0.0,496.0,364.0,0.0,0.0
1494,2026-05-14 23:09:21,2026-5-14_stair2_left.csv,stair2,0.0,0.0,3415.0,1463.0,0.0,0.0,0.0,0.0,3078.0,1450.0,0.0,0.0,0.0,0.0,496.0,364.0,0.0,0.0
1495,2026-05-14 23:09:21,2026-5-14_stair2_left.csv,stair2,0.0,0.0,3415.0,1463.0,0.0,0.0,0.0,0.0,3078.0,1450.0,0.0,0.0,0.0,0.0,496.0,364.0,0.0,0.0
1496,2026-05-14 23:09:21,2026-5-14_stair2_left.csv,stair2,0.0,0.0,3415.0,1463.0,0.0,0.0,0.0,0.0,3078.0,1450.0,0.0,0.0,0.0,0.0,496.0,364.0,0.0,0.0
1497,2026-05-14 23:09:22,2026-5-14_stair2_left.csv,stair2,0.0,0.0,3415.0,1463.0,0.0,0.0,0.0,0.0,3078.0,1450.0,0.0,0.0,0.0,0.0,496.0,364.0,0.0,0.0
1498,2026-05-14 23:09:22,2026-5-14_stair2_left.csv,stair2,0.0,0.0,3415.0,1463.0,0.0,0.0,0.0,0.0,3078.0,1450.0,0.0,0.0,0.0,0.0,496.0,364.0,0.0,0.0
1499,2026-05-14 23:09:22,2026-5-14_stair2_left.csv,stair2,0.0,0.0,3415.0,1463.0,0.0,0.0,0.0,0.0,3078.0,1450.0,0.0,0.0,0.0,0.0,496.0,364.0,0.0,0.0
1500,2026-05-14 23:09:22,2026-5-14_stair2_left.csv,stair2,0.0,0.0,3415.0,1463.0,0.0,0.0,0.0,0.0,3078.0,1450.0,0.0,0.0,0.0,0.0,496.0,364.0,0.0,0.0
1501,2026-05-14 23:09:22,2026-5-14_stair2_left.csv,stair2,0.0,0.0,3415.0,1463.0,0.0,0.0,0.0,0.0,3078.0,1450.0,0.0,0.0,0.0,0.0,496.0,364.0,0.0,0.0
1502,2026-05-14 23:09:22,2026-5-14_stair2_left.csv,stair2,0.0,0.0,3415.0,1463.0,0.0,0.0,0.0,0.0,3078.0,1450.0,0.0,0.0,0.0,0.0,496.0,364.0,0.0,0.0
1503,2026-05-14 23:09:22,2026-5-14_stair2_left.csv,stair2,0.0,0.0,3415.0,1463.0,0.0,0.0,0.0,0.0,3078.0,1450.0,0.0,0.0,0.0,0.0,496.0,364.0,0.0,0.0
1504,2026-05-14 23:09:22,2026-5-14_stair2_left.csv,stair2,0.0,0.0,3415.0,1463.0,0.0,0.0,0.0,0.0,3078.0,1450.0,0.0,0.0,0.0,0.0,496.0,364.0,0.0,0.0
1505,2026-05-14 23:09:22,2026-5-14_stair2_left.csv,stair2,0.0,0.0,3415.0,1463.0,0.0,0.0,0.0,0.0,3078.0,1450.0,0.0,0.0,0.0,0.0,496.0,364.0,0.0,0.0
1506,2026-05-14 23:09:22,2026-5-14_stair2_left.csv,stair2,0.0,0.0,3415.0,1463.0,0.0,0.0,0.0,0.0,3078.0,1450.0,0.0,0.0,0.0,0.0,496.0,364.0,0.0,0.0
1507,2026-05-14 23:09:22,2026-5-14_stair2_left.csv,stair2,0.0,0.0,3415.0,1463.0,0.0,0.0,0.0,0.0,3078.0,1450.0,0.0,0.0,0.0,0.0,496.0,364.0,0.0,0.0
1508,2026-05-14 23:09:22,2026-5-14_stair2_left.csv,stair2,0.0,0.0,3415.0,1463.0,0.0,0.0,0.0,0.0,3078.0,1450.0,0.0,0.0,0.0,0.0,496.0,364.0,0.0,0.0
1509,2026-05-14 23:09:22,2026-5-14_stair2_left.csv,stair2,0.0,0.0,3415.0,1463.0,0.0,0.0,0.0,0.0,3078.0,1450.0,0.0,0.0,0.0,0.0,496.0,364.0,0.0,0.0
1510,2026-05-14 23:09:22,2026-5-14_stair2_left.csv,stair2,0.0,0.0,3415.0,1463.0,0.0,0.0,0.0,0.0,3078.0,1450.0,0.0,0.0,0.0,0.0,496.0,364.0,0.0,0.0
1511,2026-05-14 23:09:22,2026-5-14_stair2_left.csv,stair2,0.0,0.0,3415.0,1463.0,0.0,0.0,0.0,0.0,3078.0,1450.0,0.0,0.0,0.0,0.0,496.0,364.0,0.0,0.0
1512,2026-05-14 23:09:22,2026-5-14_stair2_left.csv,stair2,0.0,0.0,3415.0,1463.0,0.0,0.0,0.0,0.0,3078.0,1450.0,0.0,0.0,0.0,0.0,496.0,364.0,0.0,0.0
1513,2026-05-14 23:09:22,2026-5-14_stair2_left.csv,stair2,0.0,0.0,3415.0,1463.0,0.0,0.0,0.0,0.0,3078.0,1450.0,0.0,0.0,0.0,0.0,496.0,364.0,0.0,0.0
1514,2026-05-14 23:09:22,2026-5-14_stair2_left.csv,stair2,0.0,0.0,3415.0,1463.0,0.0,0.0,0.0,0.0,3078.0,1450.0,0.0,0.0,0.0,0.0,496.0,364.0,0.0,0.0
1515,2026-05-14 23:09:22,2026-5-14_stair2_left.csv,stair2,0.0,0.0,3415.0,1463.0,0.0,0.0,0.0,0.0,3078.0,1450.0,0.0,0.0,0.0,0.0,496.0,364.0,0.0,0.0
1516,2026-05-14 23:09:22,2026-5-14_stair2_left.csv,stair2,0.0,0.0,3415.0,1463.0,0.0,0.0,0.0,0.0,3078.0,1450.0,0.0,0.0,0.0,0.0,496.0,364.0,0.0,0.0
1517,2026-05-14 23:09:23,2026-5-14_stair2_left.csv,stair2,0.0,0.0,3415.0,1463.0,0.0,0.0,0.0,0.0,3078.0,1450.0,0.0,0.0,0.0,0.0,496.0,364.0,0.0,0.0
1518,2026-05-14 23:09:23,2026-5-14_stair2_left.csv,stair2,0.0,0.0,3415.0,1463.0,0.0,0.0,0.0,0.0,3078.0,1450.0,0.0,0.0,0.0,0.0,496.0,364.0,0.0,0.0
1519,2026-05-14 23:09:23,2026-5-14_stair2_left.csv,stair2,0.0,0.0,3415.0,1463.0,0.0,0.0,0.0,0.0,3078.0,1450.0,0.0,0.0,0.0,0.0,496.0,364.0,0.0,0.0
1520,2026-05-14 23:09:23,2026-5-14_stair2_left.csv,stair2,0.0,0.0,3415.0,1463.0,0.0,0.0,0.0,0.0,3078.0,1450.0,0.0,0.0,0.0,0.0,496.0,364.0,0.0,0.0
1521,2026-05-14 23:09:23,2026-5-14_stair2_left.csv,stair2,0.0,0.0,3415.0,1463.0,0.0,0.0,0.0,0.0,3078.0,1450.0,0.0,0.0,0.0,0.0,496.0,364.0,0.0,0.0
1522,2026-05-14 23:09:23,2026-5-14_stair2_left.csv,stair2,0.0,0.0,3415.0,1463.0,0.0,0.0,0.0,0.0,3078.0,1450.0,0.0,0.0,0.0,0.0,496.0,364.0,0.0,0.0
1523,2026-05-14 23:09:23,2026-5-14_stair2_left.csv,stair2,0.0,0.0,3415.0,1463.0,0.0,0.0,0.0,0.0,3078.0,1450.0,0.0,0.0,0.0,0.0,496.0,364.0,0.0,0.0
1524,2026-05-14 23:09:23,2026-5-14_stair2_left.csv,stair2,0.0,0.0,3415.0,1463.0,0.0,0.0,0.0,0.0,3078.0,1450.0,0.0,0.0,0.0,0.0,496.0,364.0,0.0,0.0
1525,2026-05-14 23:09:23,2026-5-14_stair2_left.csv,stair2,0.0,0.0,3415.0,1463.0,0.0,0.0,0.0,0.0,3078.0,1450.0,0.0,0.0,0.0,0.0,496.0,364.0,0.0,0.0
1526,2026-05-14 23:09:23,2026-5-14_stair2_left.csv,stair2,0.0,0.0,3415.0,1463.0,0.0,0.0,0.0,0.0,3078.0,1450.0,0.0,0.0,0.0,0.0,496.0,364.0,0.0,0.0
1527,2026-05-14 23:09:23,2026-5-14_stair2_left.csv,stair2,0.0,0.0,3415.0,1463.0,0.0,0.0,0.0,0.0,3078.0,1450.0,0.0,0.0,0.0,0.0,496.0,364.0,0.0,0.0
1528,2026-05-14 23:09:23,2026-5-14_stair2_left.csv,stair2,0.0,0.0,3415.0,1463.0,0.0,0.0,0.0,0.0,3078.0,1450.0,0.0,0.0,0.0,0.0,496.0,364.0,0.0,0.0
1529,2026-05-14 23:09:23,2026-5-14_stair2_left.csv,stair2,0.0,0.0,3415.0,1463.0,0.0,0.0,0.0,0.0,3078.0,1450.0,0.0,0.0,0.0,0.0,496.0,364.0,0.0,0.0
1530,2026-05-14 23:09:23,2026-5-14_stair2_left.csv,stair2,0.0,0.0,3415.0,1463.0,0.0,0.0,0.0,0.0,3078.0,1450.0,0.0,0.0,0.0,0.0,496.0,364.0,0.0,0.0
1531,2026-05-14 23:09:23,2026-5-14_stair2_left.csv,stair2,0.0,0.0,3415.0,1463.0,0.0,0.0,0.0,0.0,3078.0,1450.0,0.0,0.0,0.0,0.0,496.0,364.0,0.0,0.0
1532,2026-05-14 23:09:23,2026-5-14_stair2_left.csv,stair2,0.0,0.0,3415.0,1463.0,0.0,0.0,0.0,0.0,3078.0,1450.0,0.0,0.0,0.0,0.0,496.0,364.0,0.0,0.0
1533,2026-05-14 23:09:23,2026-5-14_stair2_left.csv,stair2,0.0,0.0,3415.0,1463.0,0.0,0.0,0.0,0.0,3078.0,1450.0,0.0,0.0,0.0,0.0,496.0,364.0,0.0,0.0
1534,2026-05-14 23:09:23,2026-5-14_stair2_left.csv,stair2,0.0,0.0,3415.0,1463.0,0.0,0.0,0.0,0.0,3078.0,1450.0,0.0,0.0,0.0,0.0,496.0,364.0,0.0,0.0
1535,2026-05-14 23:09:23,2026-5-14_stair2_left.csv,stair2,0.0,0.0,3415.0,1463.0,0.0,0.0,0.0,0.0,3078.0,1450.0,0.0,0.0,0.0,0.0,496.0,364.0,0.0,0.0
1536,2026-05-14 23:09:23,2026-5-14_stair2_left.csv,stair2,0.0,0.0,3415.0,1463.0,0.0,0.0,0.0,0.0,3078.0,1450.0,0.0,0.0,0.0,0.0,496.0,364.0,0.0,0.0
1537,2026-05-14 23:09:24,2026-5-14_stair2_left.csv,stair2,0.0,0.0,3415.0,1463.0,0.0,0.0,0.0,0.0,3078.0,1450.0,0.0,0.0,0.0,0.0,496.0,364.0,0.0,0.0
1538,2026-05-14 23:09:24,2026-5-14_stair2_left.csv,stair2,0.0,0.0,3415.0,1463.0,0.0,0.0,0.0,0.0,3078.0,1450.0,0.0,0.0,0.0,0.0,496.0,364.0,0.0,0.0
1539,2026-05-14 23:09:24,2026-5-14_stair2_left.csv,stair2,0.0,0.0,3415.0,1463.0,0.0,0.0,0.0,0.0,3078.0,1450.0,0.0,0.0,0.0,0.0,496.0,364.0,0.0,0.0
1540,2026-05-14 23:09:24,2026-5-14_stair2_left.csv,stair2,0.0,0.0,3415.0,1463.0,0.0,0.0,0.0,0.0,3078.0,1450.0,0.0,0.0,0.0,0.0,496.0,364.0,0.0,0.0
1541,2026-05-14 23:09:24,2026-5-14_stair2_left.csv,stair2,0.0,0.0,3415.0,1463.0,0.0,0.0,0.0,0.0,3078.0,1450.0,0.0,0.0,0.0,0.0,496.0,364.0,0.0,0.0
1542,2026-05-14 23:09:24,2026-5-14_stair2_left.csv,stair2,0.0,0.0,3415.0,1463.0,0.0,0.0,0.0,0.0,3078.0,1450.0,0.0,0.0,0.0,0.0,496.0,364.0,0.0,0.0
1543,2026-05-14 23:09:24,2026-5-14_stair2_left.csv,stair2,0.0,0.0,3415.0,1463.0,0.0,0.0,0.0,0.0,3078.0,1450.0,0.0,0.0,0.0,0.0,496.0,364.0,0.0,0.0
1544,2026-05-14 23:09:24,2026-5-14_stair2_left.csv,stair2,0.0,0.0,3415.0,1463.0,0.0,0.0,0.0,0.0,3078.0,1450.0,0.0,0.0,0.0,0.0,496.0,364.0,0.0,0.0
1545,2026-05-14 23:09:24,2026-5-14_stair2_left.csv,stair2,0.0,0.0,3415.0,1463.0,0.0,0.0,0.0,0.0,3078.0,1450.0,0.0,0.0,0.0,0.0,496.0,364.0,0.0,0.0
1546,2026-05-14 23:09:24,2026-5-14_stair2_left.csv,stair2,0.0,0.0,3415.0,1463.0,0.0,0.0,0.0,0.0,3078.0,1450.0,0.0,0.0,0.0,0.0,496.0,364.0,0.0,0.0
1547,2026-05-14 23:09:24,2026-5-14_stair2_left.csv,stair2,0.0,0.0,3415.0,1463.0,0.0,0.0,0.0,0.0,3078.0,1450.0,0.0,0.0,0.0,0.0,496.0,364.0,0.0,0.0
1548,2026-05-14 23:09:24,2026-5-14_stair2_left.csv,stair2,0.0,0.0,3415.0,1463.0,0.0,0.0,0.0,0.0,3078.0,1450.0,0.0,0.0,0.0,0.0,496.0,364.0,0.0,0.0
1549,2026-05-14 23:09:24,2026-5-14_stair2_left.csv,stair2,0.0,0.0,3415.0,1463.0,0.0,0.0,0.0,0.0,3078.0,1450.0,0.0,0.0,0.0,0.0,496.0,364.0,0.0,0.0
1550,2026-05-14 23:09:24,2026-5-14_stair2_left.csv,stair2,0.0,0.0,3415.0,1463.0,0.0,0.0,0.0,0.0,3078.0,1450.0,0.0,0.0,0.0,0.0,496.0,364.0,0.0,0.0
1551,2026-05-14 23:09:24,2026-5-14_stair2_left.csv,stair2,0.0,0.0,3415.0,1463.0,0.0,0.0,0.0,0.0,3078.0,1450.0,0.0,0.0,0.0,0.0,496.0,364.0,0.0,0.0
1552,2026-05-14 23:09:24,2026-5-14_stair2_left.csv,stair2,0.0,0.0,3415.0,1463.0,0.0,0.0,0.0,0.0,3078.0,1450.0,0.0,0.0,0.0,0.0,496.0,364.0,0.0,0.0
1553,2026-05-14 23:09:24,2026-5-14_stair2_left.csv,stair2,0.0,0.0,3415.0,1463.0,0.0,0.0,0.0,0.0,3078.0,1450.0,0.0,0.0,0.0,0.0,496.0,364.0,0.0,0.0
1554,2026-05-14 23:09:24,2026-5-14_stair2_left.csv,stair2,0.0,0.0,3415.0,1463.0,0.0,0.0,0.0,0.0,3078.0,1450.0,0.0,0.0,0.0,0.0,496.0,364.0,0.0,0.0
1555,2026-05-14 23:09:24,2026-5-14_stair2_left.csv,stair2,0.0,0.0,3415.0,1463.0,0.0,0.0,0.0,0.0,3078.0,1450.0,0.0,0.0,0.0,0.0,496.0,364.0,0.0,0.0
1556,2026-05-14 23:09:24,2026-5-14_stair2_left.csv,stair2,0.0,0.0,3415.0,1463.0,0.0,0.0,0.0,0.0,3078.0,1450.0,0.0,0.0,0.0,0.0,496.0,364.0,0.0,0.0
1557,2026-05-14 23:09:25,2026-5-14_stair2_left.csv,stair2,0.0,0.0,3415.0,1463.0,0.0,0.0,0.0,0.0,3078.0,1450.0,0.0,0.0,0.0,0.0,496.0,364.0,0.0,0.0
1558,2026-05-14 23:09:25,2026-5-14_stair2_left.csv,stair2,0.0,0.0,3415.0,1463.0,0.0,0.0,0.0,0.0,3078.0,1450.0,0.0,0.0,0.0,0.0,496.0,364.0,0.0,0.0
1559,2026-05-14 23:09:25,2026-5-14_stair2_left.csv,stair2,0.0,0.0,3415.0,1463.0,0.0,0.0,0.0,0.0,3078.0,1450.0,0.0,0.0,0.0,0.0,496.0,364.0,0.0,0.0
1560,2026-05-14 23:09:25,2026-5-14_stair2_left.csv,stair2,0.0,0.0,3415.0,1463.0,0.0,0.0,0.0,0.0,3078.0,1450.0,0.0,0.0,0.0,0.0,496.0,364.0,0.0,0.0
1561,2026-05-14 23:09:25,2026-5-14_stair2_left.csv,stair2,0.0,0.0,3415.0,1463.0,0.0,0.0,0.0,0.0,3078.0,1450.0,0.0,0.0,0.0,0.0,496.0,364.0,0.0,0.0
1562,2026-05-14 23:09:25,2026-5-14_stair2_left.csv,stair2,0.0,0.0,3415.0,1463.0,0.0,0.0,0.0,0.0,3078.0,1450.0,0.0,0.0,0.0,0.0,496.0,364.0,0.0,0.0
1563,2026-05-14 23:09:25,2026-5-14_stair2_left.csv,stair2,0.0,0.0,3415.0,1463.0,0.0,0.0,0.0,0.0,3078.0,1450.0,0.0,0.0,0.0,0.0,496.0,364.0,0.0,0.0
1564,2026-05-14 23:09:25,2026-5-14_stair2_left.csv,stair2,0.0,0.0,3415.0,1463.0,0.0,0.0,0.0,0.0,3078.0,1450.0,0.0,0.0,0.0,0.0,496.0,364.0,0.0,0.0
1565,2026-05-14 23:09:25,2026-5-14_stair2_left.csv,stair2,0.0,0.0,3415.0,1463.0,0.0,0.0,0.0,0.0,3078.0,1450.0,0.0,0.0,0.0,0.0,496.0,364.0,0.0,0.0
1566,2026-05-14 23:09:25,2026-5-14_stair2_left.csv,stair2,0.0,0.0,3415.0,1463.0,0.0,0.0,0.0,0.0,3078.0,1450.0,0.0,0.0,0.0,0.0,496.0,364.0,0.0,0.0
1567,2026-05-14 23:09:25,2026-5-14_stair2_left.csv,stair2,0.0,0.0,3415.0,1463.0,0.0,0.0,0.0,0.0,3078.0,1450.0,0.0,0.0,0.0,0.0,496.0,364.0,0.0,0.0
1568,2026-05-14 23:09:25,2026-5-14_stair2_left.csv,stair2,0.0,0.0,3415.0,1463.0,0.0,0.0,0.0,0.0,3078.0,1450.0,0.0,0.0,0.0,0.0,496.0,364.0,0.0,0.0
1569,2026-05-14 23:09:25,2026-5-14_stair2_left.csv,stair2,0.0,0.0,3415.0,1463.0,0.0,0.0,0.0,0.0,3078.0,1450.0,0.0,0.0,0.0,0.0,496.0,364.0,0.0,0.0
